{"type": "FeatureCollection", "features": [{"type": "Feature", "properties": {}, "geometry": {"type": "Point", "coordinates": [77.67977, 12.94416]}}, {"type": "Feature", "properties": {}, "geometry": {"type": "Point", "coordinates": [77.68067, 12.94495]}}, {"type": "Feature", "properties": {}, "geometry": {"type": "Point", "coordinates": [77.68236, 12.94531]}}, {"type": "Feature", "properties": {}, "geometry": {"type": "Point", "coordinates": [77.68305, 12.94607]}}, {"type": "Feature", "properties": {}, "geometry": {"type": "Point", "coordinates": [77.67264, 12.94688]}}, {"type": "Feature", "properties": {}, "geometry": {"type": "Point", "coordinates": [77.68125, 12.94698]}}, {"type": "Feature", "properties": {}, "geometry": {"type": "Point", "coordinates": [77.68427, 12.94697]}}, {"type": "Feature", "properties": {}, "geometry": {"type": "Point", "coordinates": [77.64621, 12.9474]}}, {"type": "Feature", "properties": {}, "geometry": {"type": "Point", "coordinates": [77.68274, 12.94785]}}, {"type": "Feature", "properties": {}, "geometry": {"type": "Point", "coordinates": [77.69639, 12.95445]}}, {"type": "Feature", "properties": {}, "geometry": {"type": "Point", "coordinates": [77.69702, 12.95477]}}, {"type": "Feature", "properties": {}, "geometry": {"type": "Point", "coordinates": [77.62271, 12.97998]}}, {"type": "Feature", "properties": {}, "geometry": {"type": "Point", "coordinates": [77.6237, 12.98076]}}, {"type": "Feature", "properties": {}, "geometry": {"type": "Point", "coordinates": [77.64411, 12.99293]}}, {"type": "Feature", "properties": {}, "geometry": {"type": "Point", "coordinates": [77.6382, 12.96127]}}, {"type": "Feature", "properties": {}, "geometry": {"type": "Point", "coordinates": [77.59716, 12.95933]}}, {"type": "Feature", "properties": {}, "geometry": {"type": "Point", "coordinates": [77.59534, 12.95936]}}, {"type": "Feature", "properties": {}, "geometry": {"type": "Point", "coordinates": [77.59676, 12.95976]}}, {"type": "Feature", "properties": {}, "geometry": {"type": "Point", "coordinates": [77.59709, 12.96049]}}, {"type": "Feature", "properties": {}, "geometry": {"type": "Point", "coordinates": [77.59797, 12.96159]}}, {"type": "Feature", "properties": {}, "geometry": {"type": "Point", "coordinates": [77.59795, 12.96164]}}, {"type": "Feature", "properties": {}, "geometry": {"type": "Point", "coordinates": [77.63724, 12.97316]}}, {"type": "Feature", "properties": {}, "geometry": {"type": "Point", "coordinates": [77.6375, 12.97331]}}, {"type": "Feature", "properties": {}, "geometry": {"type": "Point", "coordinates": [77.63869, 12.97339]}}, {"type": "Feature", "properties": {}, "geometry": {"type": "Point", "coordinates": [77.6369, 12.97343]}}, {"type": "Feature", "properties": {}, "geometry": {"type": "Point", "coordinates": [77.63855, 12.97368]}}, {"type": "Feature", "properties": {}, "geometry": {"type": "Point", "coordinates": [77.63842, 12.9746]}}, {"type": "Feature", "properties": {}, "geometry": {"type": "Point", "coordinates": [77.63948, 12.97462]}}, {"type": "Feature", "properties": {}, "geometry": {"type": "Point", "coordinates": [77.63912, 12.9747]}}, {"type": "Feature", "properties": {}, "geometry": {"type": "Point", "coordinates": [77.63985, 12.97555]}}, {"type": "Feature", "properties": {}, "geometry": {"type": "Point", "coordinates": [77.63907, 12.97579]}}, {"type": "Feature", "properties": {}, "geometry": {"type": "Point", "coordinates": [77.65783, 12.9882]}}, {"type": "Feature", "properties": {}, "geometry": {"type": "Point", "coordinates": [77.65858, 12.98854]}}, {"type": "Feature", "properties": {}, "geometry": {"type": "Point", "coordinates": [77.65842, 12.9892]}}, {"type": "Feature", "properties": {}, "geometry": {"type": "Point", "coordinates": [77.65894, 12.98934]}}, {"type": "Feature", "properties": {}, "geometry": {"type": "Point", "coordinates": [77.65873, 12.98936]}}, {"type": "Feature", "properties": {}, "geometry": {"type": "Point", "coordinates": [77.65978, 12.99286]}}, {"type": "Feature", "properties": {}, "geometry": {"type": "Point", "coordinates": [77.65667, 12.99461]}}, {"type": "Feature", "properties": {}, "geometry": {"type": "Point", "coordinates": [77.65595, 12.9952]}}, {"type": "Feature", "properties": {}, "geometry": {"type": "Point", "coordinates": [77.65569, 12.99626]}}, {"type": "Feature", "properties": {}, "geometry": {"type": "Point", "coordinates": [77.65277, 12.99694]}}, {"type": "Feature", "properties": {}, "geometry": {"type": "Point", "coordinates": [77.65425, 13.00432]}}, {"type": "Feature", "properties": {}, "geometry": {"type": "Point", "coordinates": [77.64913, 13.00502]}}, {"type": "Feature", "properties": {}, "geometry": {"type": "Point", "coordinates": [77.6229, 12.9511]}}, {"type": "Feature", "properties": {}, "geometry": {"type": "Point", "coordinates": [77.62409, 12.94995]}}, {"type": "Feature", "properties": {}, "geometry": {"type": "Point", "coordinates": [77.62388, 12.95025]}}, {"type": "Feature", "properties": {}, "geometry": {"type": "Point", "coordinates": [77.62374, 12.94944]}}, {"type": "Feature", "properties": {}, "geometry": {"type": "Point", "coordinates": [77.62347, 12.94845]}}, {"type": "Feature", "properties": {}, "geometry": {"type": "Point", "coordinates": [77.62416, 12.94893]}}, {"type": "Feature", "properties": {}, "geometry": {"type": "Point", "coordinates": [77.62394, 12.94788]}}, {"type": "Feature", "properties": {}, "geometry": {"type": "Point", "coordinates": [77.62489, 12.9472]}}, {"type": "Feature", "properties": {}, "geometry": {"type": "Point", "coordinates": [77.62469, 12.94603]}}, {"type": "Feature", "properties": {}, "geometry": {"type": "Point", "coordinates": [77.62463, 12.94596]}}, {"type": "Feature", "properties": {}, "geometry": {"type": "Point", "coordinates": [77.62541, 12.9455]}}, {"type": "Feature", "properties": {}, "geometry": {"type": "Point", "coordinates": [77.62655, 12.9455]}}, {"type": "Feature", "properties": {}, "geometry": {"type": "Point", "coordinates": [77.62681, 12.94583]}}, {"type": "Feature", "properties": {}, "geometry": {"type": "Point", "coordinates": [77.62674, 12.94602]}}, {"type": "Feature", "properties": {}, "geometry": {"type": "Point", "coordinates": [77.62677, 12.94481]}}, {"type": "Feature", "properties": {}, "geometry": {"type": "Point", "coordinates": [77.62717, 12.94415]}}, {"type": "Feature", "properties": {}, "geometry": {"type": "Point", "coordinates": [77.62761, 12.94444]}}, {"type": "Feature", "properties": {}, "geometry": {"type": "Point", "coordinates": [77.62761, 12.94438]}}, {"type": "Feature", "properties": {}, "geometry": {"type": "Point", "coordinates": [77.62726, 12.94516]}}, {"type": "Feature", "properties": {}, "geometry": {"type": "Point", "coordinates": [77.62788, 12.94503]}}, {"type": "Feature", "properties": {}, "geometry": {"type": "Point", "coordinates": [77.62884, 12.94497]}}, {"type": "Feature", "properties": {}, "geometry": {"type": "Point", "coordinates": [77.62883, 12.94481]}}, {"type": "Feature", "properties": {}, "geometry": {"type": "Point", "coordinates": [77.62839, 12.94427]}}, {"type": "Feature", "properties": {}, "geometry": {"type": "Point", "coordinates": [77.62891, 12.94446]}}, {"type": "Feature", "properties": {}, "geometry": {"type": "Point", "coordinates": [77.62844, 12.94332]}}, {"type": "Feature", "properties": {}, "geometry": {"type": "Point", "coordinates": [77.62678, 12.94311]}}, {"type": "Feature", "properties": {}, "geometry": {"type": "Point", "coordinates": [77.62685, 12.94308]}}, {"type": "Feature", "properties": {}, "geometry": {"type": "Point", "coordinates": [77.62658, 12.94197]}}, {"type": "Feature", "properties": {}, "geometry": {"type": "Point", "coordinates": [77.62689, 12.94157]}}, {"type": "Feature", "properties": {}, "geometry": {"type": "Point", "coordinates": [77.62896, 12.94245]}}, {"type": "Feature", "properties": {}, "geometry": {"type": "Point", "coordinates": [77.62928, 12.94164]}}, {"type": "Feature", "properties": {}, "geometry": {"type": "Point", "coordinates": [77.62992, 12.94249]}}, {"type": "Feature", "properties": {}, "geometry": {"type": "Point", "coordinates": [77.63016, 12.94212]}}, {"type": "Feature", "properties": {}, "geometry": {"type": "Point", "coordinates": [77.63051, 12.94267]}}, {"type": "Feature", "properties": {}, "geometry": {"type": "Point", "coordinates": [77.63055, 12.94186]}}, {"type": "Feature", "properties": {}, "geometry": {"type": "Point", "coordinates": [77.63286, 12.98953]}}, {"type": "Feature", "properties": {}, "geometry": {"type": "Point", "coordinates": [77.62728, 12.98097]}}, {"type": "Feature", "properties": {}, "geometry": {"type": "Point", "coordinates": [77.64626, 12.97188]}}, {"type": "Feature", "properties": {}, "geometry": {"type": "Point", "coordinates": [77.62798, 12.98143]}}, {"type": "Feature", "properties": {}, "geometry": {"type": "Point", "coordinates": [77.62716, 12.98177]}}, {"type": "Feature", "properties": {}, "geometry": {"type": "Point", "coordinates": [77.62744, 12.98163]}}, {"type": "Feature", "properties": {}, "geometry": {"type": "Point", "coordinates": [77.62534, 12.98119]}}, {"type": "Feature", "properties": {}, "geometry": {"type": "Point", "coordinates": [77.64122, 12.99824]}}, {"type": "Feature", "properties": {}, "geometry": {"type": "Point", "coordinates": [77.62729, 12.97904]}}, {"type": "Feature", "properties": {}, "geometry": {"type": "Point", "coordinates": [77.64125, 12.9824]}}, {"type": "Feature", "properties": {}, "geometry": {"type": "Point", "coordinates": [77.62672, 12.97909]}}, {"type": "Feature", "properties": {}, "geometry": {"type": "Point", "coordinates": [77.62808, 12.98076]}}, {"type": "Feature", "properties": {}, "geometry": {"type": "Point", "coordinates": [77.62615, 12.98141]}}, {"type": "Feature", "properties": {}, "geometry": {"type": "Point", "coordinates": [77.62628, 12.98029]}}, {"type": "Feature", "properties": {}, "geometry": {"type": "Point", "coordinates": [77.62864, 12.98151]}}, {"type": "Feature", "properties": {}, "geometry": {"type": "Point", "coordinates": [77.64618, 12.97204]}}, {"type": "Feature", "properties": {}, "geometry": {"type": "Point", "coordinates": [77.63041, 12.97877]}}, {"type": "Feature", "properties": {}, "geometry": {"type": "Point", "coordinates": [77.62627, 12.9799]}}, {"type": "Feature", "properties": {}, "geometry": {"type": "Point", "coordinates": [77.63033, 12.97936]}}, {"type": "Feature", "properties": {}, "geometry": {"type": "Point", "coordinates": [77.62687, 12.98019]}}, {"type": "Feature", "properties": {}, "geometry": {"type": "Point", "coordinates": [77.63084, 12.97925]}}, {"type": "Feature", "properties": {}, "geometry": {"type": "Point", "coordinates": [77.63213, 12.97701]}}, {"type": "Feature", "properties": {}, "geometry": {"type": "Point", "coordinates": [77.63245, 12.97658]}}, {"type": "Feature", "properties": {}, "geometry": {"type": "Point", "coordinates": [77.63237, 12.97843]}}, {"type": "Feature", "properties": {}, "geometry": {"type": "Point", "coordinates": [77.63832, 12.98007]}}, {"type": "Feature", "properties": {}, "geometry": {"type": "Point", "coordinates": [77.64709, 12.97201]}}, {"type": "Feature", "properties": {}, "geometry": {"type": "Point", "coordinates": [77.65635, 13.00541]}}, {"type": "Feature", "properties": {}, "geometry": {"type": "Point", "coordinates": [77.64812, 13.0062]}}, {"type": "Feature", "properties": {}, "geometry": {"type": "Point", "coordinates": [77.64809, 13.00749]}}, {"type": "Feature", "properties": {}, "geometry": {"type": "Point", "coordinates": [77.64297, 13.00592]}}, {"type": "Feature", "properties": {}, "geometry": {"type": "Point", "coordinates": [77.65335, 13.00608]}}, {"type": "Feature", "properties": {}, "geometry": {"type": "Point", "coordinates": [77.65372, 13.00641]}}, {"type": "Feature", "properties": {}, "geometry": {"type": "Point", "coordinates": [77.65673, 13.00811]}}, {"type": "Feature", "properties": {}, "geometry": {"type": "Point", "coordinates": [77.66204, 13.00943]}}, {"type": "Feature", "properties": {}, "geometry": {"type": "Point", "coordinates": [77.6573, 13.0075]}}, {"type": "Feature", "properties": {}, "geometry": {"type": "Point", "coordinates": [77.66098, 13.0075]}}, {"type": "Feature", "properties": {}, "geometry": {"type": "Point", "coordinates": [77.66209, 12.99544]}}, {"type": "Feature", "properties": {}, "geometry": {"type": "Point", "coordinates": [77.65586, 12.99536]}}, {"type": "Feature", "properties": {}, "geometry": {"type": "Point", "coordinates": [77.66211, 12.99966]}}, {"type": "Feature", "properties": {}, "geometry": {"type": "Point", "coordinates": [77.64594, 13.00608]}}, {"type": "Feature", "properties": {}, "geometry": {"type": "Point", "coordinates": [77.649, 13.00615]}}, {"type": "Feature", "properties": {}, "geometry": {"type": "Point", "coordinates": [77.64711, 13.00561]}}, {"type": "Feature", "properties": {}, "geometry": {"type": "Point", "coordinates": [77.65503, 12.99685]}}, {"type": "Feature", "properties": {}, "geometry": {"type": "Point", "coordinates": [77.65265, 12.99701]}}, {"type": "Feature", "properties": {}, "geometry": {"type": "Point", "coordinates": [77.65586, 12.99587]}}, {"type": "Feature", "properties": {}, "geometry": {"type": "Point", "coordinates": [77.65419, 13.005]}}, {"type": "Feature", "properties": {}, "geometry": {"type": "Point", "coordinates": [77.66159, 13.0006]}}, {"type": "Feature", "properties": {}, "geometry": {"type": "Point", "coordinates": [77.67681, 12.9819]}}, {"type": "Feature", "properties": {}, "geometry": {"type": "Point", "coordinates": [77.67714, 12.98244]}}, {"type": "Feature", "properties": {}, "geometry": {"type": "Point", "coordinates": [77.67871, 12.98129]}}, {"type": "Feature", "properties": {}, "geometry": {"type": "Point", "coordinates": [77.65621, 12.97957]}}, {"type": "Feature", "properties": {}, "geometry": {"type": "Point", "coordinates": [77.65663, 12.98045]}}, {"type": "Feature", "properties": {}, "geometry": {"type": "Point", "coordinates": [77.6576, 12.98159]}}, {"type": "Feature", "properties": {}, "geometry": {"type": "Point", "coordinates": [77.6574, 12.98292]}}, {"type": "Feature", "properties": {}, "geometry": {"type": "Point", "coordinates": [77.65527, 12.98419]}}, {"type": "Feature", "properties": {}, "geometry": {"type": "Point", "coordinates": [77.65572, 12.98344]}}, {"type": "Feature", "properties": {}, "geometry": {"type": "Point", "coordinates": [77.6554, 12.98222]}}, {"type": "Feature", "properties": {}, "geometry": {"type": "Point", "coordinates": [77.6566, 12.98373]}}, {"type": "Feature", "properties": {}, "geometry": {"type": "Point", "coordinates": [77.67147, 12.97455]}}, {"type": "Feature", "properties": {}, "geometry": {"type": "Point", "coordinates": [77.66983, 12.97646]}}, {"type": "Feature", "properties": {}, "geometry": {"type": "Point", "coordinates": [77.67235, 12.97611]}}, {"type": "Feature", "properties": {}, "geometry": {"type": "Point", "coordinates": [77.65708, 12.98442]}}, {"type": "Feature", "properties": {}, "geometry": {"type": "Point", "coordinates": [77.65535, 12.98296]}}, {"type": "Feature", "properties": {}, "geometry": {"type": "Point", "coordinates": [77.63324, 12.97015]}}, {"type": "Feature", "properties": {}, "geometry": {"type": "Point", "coordinates": [77.63851, 12.96671]}}, {"type": "Feature", "properties": {}, "geometry": {"type": "Point", "coordinates": [77.63973, 12.95752]}}, {"type": "Feature", "properties": {}, "geometry": {"type": "Point", "coordinates": [77.63973, 12.95749]}}, {"type": "Feature", "properties": {}, "geometry": {"type": "Point", "coordinates": [77.63575, 12.95804]}}, {"type": "Feature", "properties": {}, "geometry": {"type": "Point", "coordinates": [77.63897, 12.96177]}}, {"type": "Feature", "properties": {}, "geometry": {"type": "Point", "coordinates": [77.63364, 12.9703]}}, {"type": "Feature", "properties": {}, "geometry": {"type": "Point", "coordinates": [77.63585, 12.95767]}}, {"type": "Feature", "properties": {}, "geometry": {"type": "Point", "coordinates": [77.63636, 12.95654]}}, {"type": "Feature", "properties": {}, "geometry": {"type": "Point", "coordinates": [77.63621, 12.95669]}}, {"type": "Feature", "properties": {}, "geometry": {"type": "Point", "coordinates": [77.63714, 12.9595]}}, {"type": "Feature", "properties": {}, "geometry": {"type": "Point", "coordinates": [77.63626, 12.96139]}}, {"type": "Feature", "properties": {}, "geometry": {"type": "Point", "coordinates": [77.64081, 12.9566]}}, {"type": "Feature", "properties": {}, "geometry": {"type": "Point", "coordinates": [77.64039, 12.96654]}}, {"type": "Feature", "properties": {}, "geometry": {"type": "Point", "coordinates": [77.64162, 12.95795]}}, {"type": "Feature", "properties": {}, "geometry": {"type": "Point", "coordinates": [77.63947, 12.96776]}}, {"type": "Feature", "properties": {}, "geometry": {"type": "Point", "coordinates": [77.63805, 12.96131]}}, {"type": "Feature", "properties": {}, "geometry": {"type": "Point", "coordinates": [77.63836, 12.96728]}}, {"type": "Feature", "properties": {}, "geometry": {"type": "Point", "coordinates": [77.6288, 12.96774]}}, {"type": "Feature", "properties": {}, "geometry": {"type": "Point", "coordinates": [77.62515, 12.96858]}}, {"type": "Feature", "properties": {}, "geometry": {"type": "Point", "coordinates": [77.62507, 12.96872]}}, {"type": "Feature", "properties": {}, "geometry": {"type": "Point", "coordinates": [77.62885, 12.96809]}}, {"type": "Feature", "properties": {}, "geometry": {"type": "Point", "coordinates": [77.62648, 12.96832]}}, {"type": "Feature", "properties": {}, "geometry": {"type": "Point", "coordinates": [77.62647, 12.9699]}}, {"type": "Feature", "properties": {}, "geometry": {"type": "Point", "coordinates": [77.62514, 12.96864]}}, {"type": "Feature", "properties": {}, "geometry": {"type": "Point", "coordinates": [77.62449, 12.96782]}}, {"type": "Feature", "properties": {}, "geometry": {"type": "Point", "coordinates": [77.62371, 12.9687]}}, {"type": "Feature", "properties": {}, "geometry": {"type": "Point", "coordinates": [77.62451, 12.96934]}}, {"type": "Feature", "properties": {}, "geometry": {"type": "Point", "coordinates": [77.62435, 12.96971]}}, {"type": "Feature", "properties": {}, "geometry": {"type": "Point", "coordinates": [77.61792, 12.96154]}}, {"type": "Feature", "properties": {}, "geometry": {"type": "Point", "coordinates": [77.61852, 12.96063]}}, {"type": "Feature", "properties": {}, "geometry": {"type": "Point", "coordinates": [77.61836, 12.9601]}}, {"type": "Feature", "properties": {}, "geometry": {"type": "Point", "coordinates": [77.61936, 12.95889]}}, {"type": "Feature", "properties": {}, "geometry": {"type": "Point", "coordinates": [77.61945, 12.95818]}}, {"type": "Feature", "properties": {}, "geometry": {"type": "Point", "coordinates": [77.61852, 12.95801]}}, {"type": "Feature", "properties": {}, "geometry": {"type": "Point", "coordinates": [77.61717, 12.95804]}}, {"type": "Feature", "properties": {}, "geometry": {"type": "Point", "coordinates": [77.6169, 12.95793]}}, {"type": "Feature", "properties": {}, "geometry": {"type": "Point", "coordinates": [77.61685, 12.9591]}}, {"type": "Feature", "properties": {}, "geometry": {"type": "Point", "coordinates": [77.61701, 12.95899]}}, {"type": "Feature", "properties": {}, "geometry": {"type": "Point", "coordinates": [77.6171, 12.95909]}}, {"type": "Feature", "properties": {}, "geometry": {"type": "Point", "coordinates": [77.61734, 12.95983]}}, {"type": "Feature", "properties": {}, "geometry": {"type": "Point", "coordinates": [77.61735, 12.96099]}}, {"type": "Feature", "properties": {}, "geometry": {"type": "Point", "coordinates": [77.61652, 12.96084]}}, {"type": "Feature", "properties": {}, "geometry": {"type": "Point", "coordinates": [77.6178, 12.95946]}}, {"type": "Feature", "properties": {}, "geometry": {"type": "Point", "coordinates": [77.6161, 12.95871]}}, {"type": "Feature", "properties": {}, "geometry": {"type": "Point", "coordinates": [77.61357, 12.95916]}}, {"type": "Feature", "properties": {}, "geometry": {"type": "Point", "coordinates": [77.61459, 12.96025]}}, {"type": "Feature", "properties": {}, "geometry": {"type": "Point", "coordinates": [77.6144, 12.96027]}}, {"type": "Feature", "properties": {}, "geometry": {"type": "Point", "coordinates": [77.61521, 12.96004]}}, {"type": "Feature", "properties": {}, "geometry": {"type": "Point", "coordinates": [77.61569, 12.96125]}}, {"type": "Feature", "properties": {}, "geometry": {"type": "Point", "coordinates": [77.61494, 12.95891]}}, {"type": "Feature", "properties": {}, "geometry": {"type": "Point", "coordinates": [77.61544, 12.95995]}}, {"type": "Feature", "properties": {}, "geometry": {"type": "Point", "coordinates": [77.65651, 12.95289]}}, {"type": "Feature", "properties": {}, "geometry": {"type": "Point", "coordinates": [77.65995, 12.96085]}}, {"type": "Feature", "properties": {}, "geometry": {"type": "Point", "coordinates": [77.65891, 12.95491]}}, {"type": "Feature", "properties": {}, "geometry": {"type": "Point", "coordinates": [77.65755, 12.95428]}}, {"type": "Feature", "properties": {}, "geometry": {"type": "Point", "coordinates": [77.65587, 12.95479]}}, {"type": "Feature", "properties": {}, "geometry": {"type": "Point", "coordinates": [77.65486, 12.95669]}}, {"type": "Feature", "properties": {}, "geometry": {"type": "Point", "coordinates": [77.64934, 12.95651]}}, {"type": "Feature", "properties": {}, "geometry": {"type": "Point", "coordinates": [77.64624, 12.95846]}}, {"type": "Feature", "properties": {}, "geometry": {"type": "Point", "coordinates": [77.65902, 12.9565]}}, {"type": "Feature", "properties": {}, "geometry": {"type": "Point", "coordinates": [77.65902, 12.95842]}}, {"type": "Feature", "properties": {}, "geometry": {"type": "Point", "coordinates": [77.65949, 12.9608]}}, {"type": "Feature", "properties": {}, "geometry": {"type": "Point", "coordinates": [77.65951, 12.96308]}}, {"type": "Feature", "properties": {}, "geometry": {"type": "Point", "coordinates": [77.65932, 12.95663]}}, {"type": "Feature", "properties": {}, "geometry": {"type": "Point", "coordinates": [77.65684, 12.95554]}}, {"type": "Feature", "properties": {}, "geometry": {"type": "Point", "coordinates": [77.6567, 12.95638]}}, {"type": "Feature", "properties": {}, "geometry": {"type": "Point", "coordinates": [77.64651, 12.95827]}}, {"type": "Feature", "properties": {}, "geometry": {"type": "Point", "coordinates": [77.62388, 12.9809]}}, {"type": "Feature", "properties": {}, "geometry": {"type": "Point", "coordinates": [77.62469, 12.97885]}}, {"type": "Feature", "properties": {}, "geometry": {"type": "Point", "coordinates": [77.62467, 12.97885]}}, {"type": "Feature", "properties": {}, "geometry": {"type": "Point", "coordinates": [77.62281, 12.98083]}}, {"type": "Feature", "properties": {}, "geometry": {"type": "Point", "coordinates": [77.62373, 12.97502]}}, {"type": "Feature", "properties": {}, "geometry": {"type": "Point", "coordinates": [77.61936, 12.97954]}}, {"type": "Feature", "properties": {}, "geometry": {"type": "Point", "coordinates": [77.62196, 12.97783]}}, {"type": "Feature", "properties": {}, "geometry": {"type": "Point", "coordinates": [77.62644, 12.97849]}}, {"type": "Feature", "properties": {}, "geometry": {"type": "Point", "coordinates": [77.62575, 12.98011]}}, {"type": "Feature", "properties": {}, "geometry": {"type": "Point", "coordinates": [77.62513, 12.98008]}}, {"type": "Feature", "properties": {}, "geometry": {"type": "Point", "coordinates": [77.6238, 12.97984]}}, {"type": "Feature", "properties": {}, "geometry": {"type": "Point", "coordinates": [77.63977, 12.97338]}}, {"type": "Feature", "properties": {}, "geometry": {"type": "Point", "coordinates": [77.63829, 12.97557]}}, {"type": "Feature", "properties": {}, "geometry": {"type": "Point", "coordinates": [77.6382, 12.97444]}}, {"type": "Feature", "properties": {}, "geometry": {"type": "Point", "coordinates": [77.63896, 12.9745]}}, {"type": "Feature", "properties": {}, "geometry": {"type": "Point", "coordinates": [77.637, 12.9739]}}, {"type": "Feature", "properties": {}, "geometry": {"type": "Point", "coordinates": [77.63658, 12.97387]}}, {"type": "Feature", "properties": {}, "geometry": {"type": "Point", "coordinates": [77.63718, 12.97301]}}, {"type": "Feature", "properties": {}, "geometry": {"type": "Point", "coordinates": [77.63907, 12.97338]}}, {"type": "Feature", "properties": {}, "geometry": {"type": "Point", "coordinates": [77.6395, 12.97423]}}, {"type": "Feature", "properties": {}, "geometry": {"type": "Point", "coordinates": [77.63985, 12.97322]}}, {"type": "Feature", "properties": {}, "geometry": {"type": "Point", "coordinates": [77.63115, 12.97211]}}, {"type": "Feature", "properties": {}, "geometry": {"type": "Point", "coordinates": [77.62735, 12.97347]}}, {"type": "Feature", "properties": {}, "geometry": {"type": "Point", "coordinates": [77.62893, 12.97818]}}, {"type": "Feature", "properties": {}, "geometry": {"type": "Point", "coordinates": [77.63153, 12.97423]}}, {"type": "Feature", "properties": {}, "geometry": {"type": "Point", "coordinates": [77.63827, 12.97324]}}, {"type": "Feature", "properties": {}, "geometry": {"type": "Point", "coordinates": [77.64725, 12.9642]}}, {"type": "Feature", "properties": {}, "geometry": {"type": "Point", "coordinates": [77.64936, 12.96795]}}, {"type": "Feature", "properties": {}, "geometry": {"type": "Point", "coordinates": [77.66145, 12.96371]}}, {"type": "Feature", "properties": {}, "geometry": {"type": "Point", "coordinates": [77.64772, 12.96114]}}, {"type": "Feature", "properties": {}, "geometry": {"type": "Point", "coordinates": [77.65685, 12.96799]}}, {"type": "Feature", "properties": {}, "geometry": {"type": "Point", "coordinates": [77.64891, 12.96422]}}, {"type": "Feature", "properties": {}, "geometry": {"type": "Point", "coordinates": [77.64782, 12.96594]}}, {"type": "Feature", "properties": {}, "geometry": {"type": "Point", "coordinates": [77.64778, 12.9631]}}, {"type": "Feature", "properties": {}, "geometry": {"type": "Point", "coordinates": [77.64752, 12.96179]}}, {"type": "Feature", "properties": {}, "geometry": {"type": "Point", "coordinates": [77.6496, 12.96692]}}, {"type": "Feature", "properties": {}, "geometry": {"type": "Point", "coordinates": [77.64967, 12.9652]}}, {"type": "Feature", "properties": {}, "geometry": {"type": "Point", "coordinates": [77.64881, 12.96614]}}, {"type": "Feature", "properties": {}, "geometry": {"type": "Point", "coordinates": [77.65911, 12.96392]}}, {"type": "Feature", "properties": {}, "geometry": {"type": "Point", "coordinates": [77.66641, 12.98248]}}, {"type": "Feature", "properties": {}, "geometry": {"type": "Point", "coordinates": [77.66308, 12.97713]}}, {"type": "Feature", "properties": {}, "geometry": {"type": "Point", "coordinates": [77.65611, 12.96947]}}, {"type": "Feature", "properties": {}, "geometry": {"type": "Point", "coordinates": [77.65302, 12.97038]}}, {"type": "Feature", "properties": {}, "geometry": {"type": "Point", "coordinates": [77.64196, 12.96967]}}, {"type": "Feature", "properties": {}, "geometry": {"type": "Point", "coordinates": [77.65187, 12.96983]}}, {"type": "Feature", "properties": {}, "geometry": {"type": "Point", "coordinates": [77.64852, 12.97441]}}, {"type": "Feature", "properties": {}, "geometry": {"type": "Point", "coordinates": [77.64754, 12.98042]}}, {"type": "Feature", "properties": {}, "geometry": {"type": "Point", "coordinates": [77.64629, 12.98079]}}, {"type": "Feature", "properties": {}, "geometry": {"type": "Point", "coordinates": [77.66658, 12.97539]}}, {"type": "Feature", "properties": {}, "geometry": {"type": "Point", "coordinates": [77.66695, 12.98236]}}, {"type": "Feature", "properties": {}, "geometry": {"type": "Point", "coordinates": [77.66458, 12.97484]}}, {"type": "Feature", "properties": {}, "geometry": {"type": "Point", "coordinates": [77.66563, 12.98182]}}, {"type": "Feature", "properties": {}, "geometry": {"type": "Point", "coordinates": [77.66557, 12.98499]}}, {"type": "Feature", "properties": {}, "geometry": {"type": "Point", "coordinates": [77.65016, 12.97506]}}, {"type": "Feature", "properties": {}, "geometry": {"type": "Point", "coordinates": [77.6655, 12.98231]}}, {"type": "Feature", "properties": {}, "geometry": {"type": "Point", "coordinates": [77.66588, 12.98132]}}, {"type": "Feature", "properties": {}, "geometry": {"type": "Point", "coordinates": [77.66568, 12.97967]}}, {"type": "Feature", "properties": {}, "geometry": {"type": "Point", "coordinates": [77.6206, 12.95545]}}, {"type": "Feature", "properties": {}, "geometry": {"type": "Point", "coordinates": [77.62037, 12.95775]}}, {"type": "Feature", "properties": {}, "geometry": {"type": "Point", "coordinates": [77.62083, 12.95209]}}, {"type": "Feature", "properties": {}, "geometry": {"type": "Point", "coordinates": [77.62184, 12.95287]}}, {"type": "Feature", "properties": {}, "geometry": {"type": "Point", "coordinates": [77.62184, 12.95371]}}, {"type": "Feature", "properties": {}, "geometry": {"type": "Point", "coordinates": [77.61766, 12.95371]}}, {"type": "Feature", "properties": {}, "geometry": {"type": "Point", "coordinates": [77.6115, 12.9559]}}, {"type": "Feature", "properties": {}, "geometry": {"type": "Point", "coordinates": [77.61607, 12.95744]}}, {"type": "Feature", "properties": {}, "geometry": {"type": "Point", "coordinates": [77.61609, 12.95751]}}, {"type": "Feature", "properties": {}, "geometry": {"type": "Point", "coordinates": [77.62059, 12.95538]}}, {"type": "Feature", "properties": {}, "geometry": {"type": "Point", "coordinates": [77.61152, 12.95581]}}, {"type": "Feature", "properties": {}, "geometry": {"type": "Point", "coordinates": [77.62035, 12.95774]}}, {"type": "Feature", "properties": {}, "geometry": {"type": "Point", "coordinates": [77.62035, 12.95531]}}, {"type": "Feature", "properties": {}, "geometry": {"type": "Point", "coordinates": [77.61734, 12.95499]}}, {"type": "Feature", "properties": {}, "geometry": {"type": "Point", "coordinates": [77.61309, 12.95988]}}, {"type": "Feature", "properties": {}, "geometry": {"type": "Point", "coordinates": [77.6175, 12.95437]}}, {"type": "Feature", "properties": {}, "geometry": {"type": "Point", "coordinates": [77.61556, 12.95483]}}, {"type": "Feature", "properties": {}, "geometry": {"type": "Point", "coordinates": [77.62363, 12.95277]}}, {"type": "Feature", "properties": {}, "geometry": {"type": "Point", "coordinates": [77.61318, 12.9515]}}, {"type": "Feature", "properties": {}, "geometry": {"type": "Point", "coordinates": [77.61358, 12.95137]}}, {"type": "Feature", "properties": {}, "geometry": {"type": "Point", "coordinates": [77.6149, 12.95738]}}, {"type": "Feature", "properties": {}, "geometry": {"type": "Point", "coordinates": [77.61436, 12.95406]}}, {"type": "Feature", "properties": {}, "geometry": {"type": "Point", "coordinates": [77.61018, 12.95025]}}, {"type": "Feature", "properties": {}, "geometry": {"type": "Point", "coordinates": [77.61517, 12.98151]}}, {"type": "Feature", "properties": {}, "geometry": {"type": "Point", "coordinates": [77.61806, 12.94882]}}, {"type": "Feature", "properties": {}, "geometry": {"type": "Point", "coordinates": [77.61871, 12.9483]}}, {"type": "Feature", "properties": {}, "geometry": {"type": "Point", "coordinates": [77.61449, 12.95172]}}, {"type": "Feature", "properties": {}, "geometry": {"type": "Point", "coordinates": [77.61234, 12.9546]}}, {"type": "Feature", "properties": {}, "geometry": {"type": "Point", "coordinates": [77.61318, 12.95227]}}, {"type": "Feature", "properties": {}, "geometry": {"type": "Point", "coordinates": [77.59565, 12.95708]}}, {"type": "Feature", "properties": {}, "geometry": {"type": "Point", "coordinates": [77.61608, 12.94769]}}, {"type": "Feature", "properties": {}, "geometry": {"type": "Point", "coordinates": [77.62081, 12.94656]}}, {"type": "Feature", "properties": {}, "geometry": {"type": "Point", "coordinates": [77.62059, 12.94847]}}, {"type": "Feature", "properties": {}, "geometry": {"type": "Point", "coordinates": [77.61805, 12.94883]}}, {"type": "Feature", "properties": {}, "geometry": {"type": "Point", "coordinates": [77.62107, 12.94511]}}, {"type": "Feature", "properties": {}, "geometry": {"type": "Point", "coordinates": [77.61646, 12.95409]}}, {"type": "Feature", "properties": {}, "geometry": {"type": "Point", "coordinates": [77.62041, 12.94976]}}, {"type": "Feature", "properties": {}, "geometry": {"type": "Point", "coordinates": [77.61603, 12.94941]}}, {"type": "Feature", "properties": {}, "geometry": {"type": "Point", "coordinates": [77.61999, 12.94721]}}, {"type": "Feature", "properties": {}, "geometry": {"type": "Point", "coordinates": [77.61958, 12.94892]}}, {"type": "Feature", "properties": {}, "geometry": {"type": "Point", "coordinates": [77.63422, 12.93967]}}, {"type": "Feature", "properties": {}, "geometry": {"type": "Point", "coordinates": [77.62587, 12.94039]}}, {"type": "Feature", "properties": {}, "geometry": {"type": "Point", "coordinates": [77.62559, 12.94829]}}, {"type": "Feature", "properties": {}, "geometry": {"type": "Point", "coordinates": [77.63065, 12.93994]}}, {"type": "Feature", "properties": {}, "geometry": {"type": "Point", "coordinates": [77.62729, 12.94468]}}, {"type": "Feature", "properties": {}, "geometry": {"type": "Point", "coordinates": [77.63172, 12.93658]}}, {"type": "Feature", "properties": {}, "geometry": {"type": "Point", "coordinates": [77.62658, 12.94555]}}, {"type": "Feature", "properties": {}, "geometry": {"type": "Point", "coordinates": [77.63424, 12.93945]}}, {"type": "Feature", "properties": {}, "geometry": {"type": "Point", "coordinates": [77.62679, 12.94586]}}, {"type": "Feature", "properties": {}, "geometry": {"type": "Point", "coordinates": [77.62261, 12.94941]}}, {"type": "Feature", "properties": {}, "geometry": {"type": "Point", "coordinates": [77.62463, 12.94593]}}, {"type": "Feature", "properties": {}, "geometry": {"type": "Point", "coordinates": [77.6244, 12.95198]}}, {"type": "Feature", "properties": {}, "geometry": {"type": "Point", "coordinates": [77.63594, 12.93939]}}, {"type": "Feature", "properties": {}, "geometry": {"type": "Point", "coordinates": [77.62775, 12.94155]}}, {"type": "Feature", "properties": {}, "geometry": {"type": "Point", "coordinates": [77.62873, 12.94483]}}, {"type": "Feature", "properties": {}, "geometry": {"type": "Point", "coordinates": [77.68258, 12.93683]}}, {"type": "Feature", "properties": {}, "geometry": {"type": "Point", "coordinates": [77.63594, 12.93939]}}, {"type": "Feature", "properties": {}, "geometry": {"type": "Point", "coordinates": [77.63316, 12.93963]}}, {"type": "Feature", "properties": {}, "geometry": {"type": "Point", "coordinates": [77.62879, 12.94666]}}, {"type": "Feature", "properties": {}, "geometry": {"type": "Point", "coordinates": [77.62678, 12.95587]}}, {"type": "Feature", "properties": {}, "geometry": {"type": "Point", "coordinates": [77.62585, 12.94037]}}, {"type": "Feature", "properties": {}, "geometry": {"type": "Point", "coordinates": [77.62885, 12.94667]}}, {"type": "Feature", "properties": {}, "geometry": {"type": "Point", "coordinates": [77.63108, 12.93872]}}, {"type": "Feature", "properties": {}, "geometry": {"type": "Point", "coordinates": [77.62619, 12.95189]}}, {"type": "Feature", "properties": {}, "geometry": {"type": "Point", "coordinates": [77.62885, 12.94575]}}, {"type": "Feature", "properties": {}, "geometry": {"type": "Point", "coordinates": [77.62462, 12.94636]}}, {"type": "Feature", "properties": {}, "geometry": {"type": "Point", "coordinates": [77.63054, 12.94037]}}, {"type": "Feature", "properties": {}, "geometry": {"type": "Point", "coordinates": [77.62462, 12.9462]}}, {"type": "Feature", "properties": {}, "geometry": {"type": "Point", "coordinates": [77.62965, 12.94274]}}, {"type": "Feature", "properties": {}, "geometry": {"type": "Point", "coordinates": [77.62582, 12.94436]}}, {"type": "Feature", "properties": {}, "geometry": {"type": "Point", "coordinates": [77.63056, 12.94159]}}, {"type": "Feature", "properties": {}, "geometry": {"type": "Point", "coordinates": [77.62558, 12.94735]}}, {"type": "Feature", "properties": {}, "geometry": {"type": "Point", "coordinates": [77.6256, 12.93933]}}, {"type": "Feature", "properties": {}, "geometry": {"type": "Point", "coordinates": [77.62462, 12.94593]}}, {"type": "Feature", "properties": {}, "geometry": {"type": "Point", "coordinates": [77.62732, 12.94675]}}, {"type": "Feature", "properties": {}, "geometry": {"type": "Point", "coordinates": [77.63089, 12.93431]}}, {"type": "Feature", "properties": {}, "geometry": {"type": "Point", "coordinates": [77.62937, 12.93831]}}, {"type": "Feature", "properties": {}, "geometry": {"type": "Point", "coordinates": [77.62859, 12.93822]}}, {"type": "Feature", "properties": {}, "geometry": {"type": "Point", "coordinates": [77.62585, 12.94036]}}, {"type": "Feature", "properties": {}, "geometry": {"type": "Point", "coordinates": [77.63542, 12.94141]}}, {"type": "Feature", "properties": {}, "geometry": {"type": "Point", "coordinates": [77.62569, 12.9504]}}, {"type": "Feature", "properties": {}, "geometry": {"type": "Point", "coordinates": [77.6354, 12.93843]}}, {"type": "Feature", "properties": {}, "geometry": {"type": "Point", "coordinates": [77.63276, 12.93902]}}, {"type": "Feature", "properties": {}, "geometry": {"type": "Point", "coordinates": [77.62582, 12.94517]}}, {"type": "Feature", "properties": {}, "geometry": {"type": "Point", "coordinates": [77.62583, 12.94511]}}, {"type": "Feature", "properties": {}, "geometry": {"type": "Point", "coordinates": [77.62583, 12.94514]}}, {"type": "Feature", "properties": {}, "geometry": {"type": "Point", "coordinates": [77.62209, 12.94578]}}, {"type": "Feature", "properties": {}, "geometry": {"type": "Point", "coordinates": [77.62462, 12.94634]}}, {"type": "Feature", "properties": {}, "geometry": {"type": "Point", "coordinates": [77.63185, 12.93672]}}, {"type": "Feature", "properties": {}, "geometry": {"type": "Point", "coordinates": [77.62565, 12.94088]}}, {"type": "Feature", "properties": {}, "geometry": {"type": "Point", "coordinates": [77.62464, 12.9459]}}, {"type": "Feature", "properties": {}, "geometry": {"type": "Point", "coordinates": [77.62584, 12.94436]}}, {"type": "Feature", "properties": {}, "geometry": {"type": "Point", "coordinates": [77.62241, 12.95082]}}, {"type": "Feature", "properties": {}, "geometry": {"type": "Point", "coordinates": [77.62532, 12.94436]}}, {"type": "Feature", "properties": {}, "geometry": {"type": "Point", "coordinates": [77.6317, 12.93478]}}, {"type": "Feature", "properties": {}, "geometry": {"type": "Point", "coordinates": [77.62589, 12.94982]}}, {"type": "Feature", "properties": {}, "geometry": {"type": "Point", "coordinates": [77.62043, 12.94975]}}, {"type": "Feature", "properties": {}, "geometry": {"type": "Point", "coordinates": [77.62951, 12.94]}}, {"type": "Feature", "properties": {}, "geometry": {"type": "Point", "coordinates": [77.61746, 12.94359]}}, {"type": "Feature", "properties": {}, "geometry": {"type": "Point", "coordinates": [77.61386, 12.94236]}}, {"type": "Feature", "properties": {}, "geometry": {"type": "Point", "coordinates": [77.60644, 12.94931]}}, {"type": "Feature", "properties": {}, "geometry": {"type": "Point", "coordinates": [77.61385, 12.94236]}}, {"type": "Feature", "properties": {}, "geometry": {"type": "Point", "coordinates": [77.60926, 12.94146]}}, {"type": "Feature", "properties": {}, "geometry": {"type": "Point", "coordinates": [77.61594, 12.94174]}}, {"type": "Feature", "properties": {}, "geometry": {"type": "Point", "coordinates": [77.61396, 12.94378]}}, {"type": "Feature", "properties": {}, "geometry": {"type": "Point", "coordinates": [77.61238, 12.94114]}}, {"type": "Feature", "properties": {}, "geometry": {"type": "Point", "coordinates": [77.61021, 12.94073]}}, {"type": "Feature", "properties": {}, "geometry": {"type": "Point", "coordinates": [77.61018, 12.94062]}}, {"type": "Feature", "properties": {}, "geometry": {"type": "Point", "coordinates": [77.6104, 12.94078]}}, {"type": "Feature", "properties": {}, "geometry": {"type": "Point", "coordinates": [77.60891, 12.94194]}}, {"type": "Feature", "properties": {}, "geometry": {"type": "Point", "coordinates": [77.6094, 12.9447]}}, {"type": "Feature", "properties": {}, "geometry": {"type": "Point", "coordinates": [77.6149, 12.94219]}}, {"type": "Feature", "properties": {}, "geometry": {"type": "Point", "coordinates": [77.60942, 12.94488]}}, {"type": "Feature", "properties": {}, "geometry": {"type": "Point", "coordinates": [77.60715, 12.93936]}}, {"type": "Feature", "properties": {}, "geometry": {"type": "Point", "coordinates": [77.60904, 12.94106]}}, {"type": "Feature", "properties": {}, "geometry": {"type": "Point", "coordinates": [77.61228, 12.94111]}}, {"type": "Feature", "properties": {}, "geometry": {"type": "Point", "coordinates": [77.6094, 12.94352]}}, {"type": "Feature", "properties": {}, "geometry": {"type": "Point", "coordinates": [77.60715, 12.93926]}}, {"type": "Feature", "properties": {}, "geometry": {"type": "Point", "coordinates": [77.61488, 12.94205]}}, {"type": "Feature", "properties": {}, "geometry": {"type": "Point", "coordinates": [77.60714, 12.94938]}}, {"type": "Feature", "properties": {}, "geometry": {"type": "Point", "coordinates": [77.61858, 12.94135]}}, {"type": "Feature", "properties": {}, "geometry": {"type": "Point", "coordinates": [77.62388, 12.93448]}}, {"type": "Feature", "properties": {}, "geometry": {"type": "Point", "coordinates": [77.62378, 12.93459]}}, {"type": "Feature", "properties": {}, "geometry": {"type": "Point", "coordinates": [77.61753, 12.94422]}}, {"type": "Feature", "properties": {}, "geometry": {"type": "Point", "coordinates": [77.62109, 12.94122]}}, {"type": "Feature", "properties": {}, "geometry": {"type": "Point", "coordinates": [77.6192, 12.94612]}}, {"type": "Feature", "properties": {}, "geometry": {"type": "Point", "coordinates": [77.61947, 12.92608]}}, {"type": "Feature", "properties": {}, "geometry": {"type": "Point", "coordinates": [77.61985, 12.9238]}}, {"type": "Feature", "properties": {}, "geometry": {"type": "Point", "coordinates": [77.62493, 12.92757]}}, {"type": "Feature", "properties": {}, "geometry": {"type": "Point", "coordinates": [77.62144, 12.91971]}}, {"type": "Feature", "properties": {}, "geometry": {"type": "Point", "coordinates": [77.62031, 12.9432]}}, {"type": "Feature", "properties": {}, "geometry": {"type": "Point", "coordinates": [77.61984, 12.94135]}}, {"type": "Feature", "properties": {}, "geometry": {"type": "Point", "coordinates": [77.63655, 12.92868]}}, {"type": "Feature", "properties": {}, "geometry": {"type": "Point", "coordinates": [77.61385, 12.9486]}}, {"type": "Feature", "properties": {}, "geometry": {"type": "Point", "coordinates": [77.61594, 12.94172]}}, {"type": "Feature", "properties": {}, "geometry": {"type": "Point", "coordinates": [77.6157, 12.94786]}}, {"type": "Feature", "properties": {}, "geometry": {"type": "Point", "coordinates": [77.6157, 12.94794]}}, {"type": "Feature", "properties": {}, "geometry": {"type": "Point", "coordinates": [77.6166, 12.94609]}}, {"type": "Feature", "properties": {}, "geometry": {"type": "Point", "coordinates": [77.61571, 12.94793]}}, {"type": "Feature", "properties": {}, "geometry": {"type": "Point", "coordinates": [77.61572, 12.94895]}}, {"type": "Feature", "properties": {}, "geometry": {"type": "Point", "coordinates": [77.62, 12.9472]}}, {"type": "Feature", "properties": {}, "geometry": {"type": "Point", "coordinates": [77.61358, 12.95137]}}, {"type": "Feature", "properties": {}, "geometry": {"type": "Point", "coordinates": [77.6149, 12.95737]}}, {"type": "Feature", "properties": {}, "geometry": {"type": "Point", "coordinates": [77.61436, 12.95406]}}, {"type": "Feature", "properties": {}, "geometry": {"type": "Point", "coordinates": [77.61516, 12.95151]}}, {"type": "Feature", "properties": {}, "geometry": {"type": "Point", "coordinates": [77.6187, 12.94829]}}, {"type": "Feature", "properties": {}, "geometry": {"type": "Point", "coordinates": [77.61449, 12.95169]}}, {"type": "Feature", "properties": {}, "geometry": {"type": "Point", "coordinates": [77.61233, 12.95458]}}, {"type": "Feature", "properties": {}, "geometry": {"type": "Point", "coordinates": [77.61316, 12.95227]}}, {"type": "Feature", "properties": {}, "geometry": {"type": "Point", "coordinates": [77.61015, 12.94749]}}, {"type": "Feature", "properties": {}, "geometry": {"type": "Point", "coordinates": [77.61449, 12.94781]}}, {"type": "Feature", "properties": {}, "geometry": {"type": "Point", "coordinates": [77.61571, 12.9479]}}, {"type": "Feature", "properties": {}, "geometry": {"type": "Point", "coordinates": [77.62041, 12.94976]}}, {"type": "Feature", "properties": {}, "geometry": {"type": "Point", "coordinates": [77.62085, 12.94666]}}, {"type": "Feature", "properties": {}, "geometry": {"type": "Point", "coordinates": [77.6202, 12.94849]}}, {"type": "Feature", "properties": {}, "geometry": {"type": "Point", "coordinates": [77.61806, 12.94883]}}, {"type": "Feature", "properties": {}, "geometry": {"type": "Point", "coordinates": [77.62107, 12.94511]}}, {"type": "Feature", "properties": {}, "geometry": {"type": "Point", "coordinates": [77.61647, 12.95404]}}, {"type": "Feature", "properties": {}, "geometry": {"type": "Point", "coordinates": [77.62041, 12.94976]}}, {"type": "Feature", "properties": {}, "geometry": {"type": "Point", "coordinates": [77.61603, 12.94943]}}, {"type": "Feature", "properties": {}, "geometry": {"type": "Point", "coordinates": [77.61999, 12.94722]}}, {"type": "Feature", "properties": {}, "geometry": {"type": "Point", "coordinates": [77.61957, 12.94889]}}, {"type": "Feature", "properties": {}, "geometry": {"type": "Point", "coordinates": [77.63713, 12.9246]}}, {"type": "Feature", "properties": {}, "geometry": {"type": "Point", "coordinates": [77.64001, 12.92097]}}, {"type": "Feature", "properties": {}, "geometry": {"type": "Point", "coordinates": [77.63781, 12.92336]}}, {"type": "Feature", "properties": {}, "geometry": {"type": "Point", "coordinates": [77.64082, 12.92052]}}, {"type": "Feature", "properties": {}, "geometry": {"type": "Point", "coordinates": [77.63502, 12.91854]}}, {"type": "Feature", "properties": {}, "geometry": {"type": "Point", "coordinates": [77.63874, 12.91805]}}, {"type": "Feature", "properties": {}, "geometry": {"type": "Point", "coordinates": [77.63786, 12.92238]}}, {"type": "Feature", "properties": {}, "geometry": {"type": "Point", "coordinates": [77.6379, 12.92347]}}, {"type": "Feature", "properties": {}, "geometry": {"type": "Point", "coordinates": [77.63136, 12.91933]}}, {"type": "Feature", "properties": {}, "geometry": {"type": "Point", "coordinates": [77.63884, 12.9241]}}, {"type": "Feature", "properties": {}, "geometry": {"type": "Point", "coordinates": [77.63129, 12.91906]}}, {"type": "Feature", "properties": {}, "geometry": {"type": "Point", "coordinates": [77.63132, 12.91908]}}, {"type": "Feature", "properties": {}, "geometry": {"type": "Point", "coordinates": [77.63887, 12.92406]}}, {"type": "Feature", "properties": {}, "geometry": {"type": "Point", "coordinates": [77.63131, 12.91907]}}, {"type": "Feature", "properties": {}, "geometry": {"type": "Point", "coordinates": [77.6314, 12.9192]}}, {"type": "Feature", "properties": {}, "geometry": {"type": "Point", "coordinates": [77.6361, 12.92124]}}, {"type": "Feature", "properties": {}, "geometry": {"type": "Point", "coordinates": [77.6343, 12.91783]}}, {"type": "Feature", "properties": {}, "geometry": {"type": "Point", "coordinates": [77.63909, 12.91912]}}, {"type": "Feature", "properties": {}, "geometry": {"type": "Point", "coordinates": [77.63938, 12.92101]}}, {"type": "Feature", "properties": {}, "geometry": {"type": "Point", "coordinates": [77.63132, 12.91906]}}, {"type": "Feature", "properties": {}, "geometry": {"type": "Point", "coordinates": [77.63362, 12.91897]}}, {"type": "Feature", "properties": {}, "geometry": {"type": "Point", "coordinates": [77.63015, 12.9195]}}, {"type": "Feature", "properties": {}, "geometry": {"type": "Point", "coordinates": [77.63138, 12.91906]}}, {"type": "Feature", "properties": {}, "geometry": {"type": "Point", "coordinates": [77.63114, 12.92453]}}, {"type": "Feature", "properties": {}, "geometry": {"type": "Point", "coordinates": [77.63609, 12.92121]}}, {"type": "Feature", "properties": {}, "geometry": {"type": "Point", "coordinates": [77.63313, 12.92066]}}, {"type": "Feature", "properties": {}, "geometry": {"type": "Point", "coordinates": [77.63016, 12.9201]}}, {"type": "Feature", "properties": {}, "geometry": {"type": "Point", "coordinates": [77.60933, 12.96739]}}, {"type": "Feature", "properties": {}, "geometry": {"type": "Point", "coordinates": [77.60834, 12.96816]}}, {"type": "Feature", "properties": {}, "geometry": {"type": "Point", "coordinates": [77.60816, 12.9681]}}, {"type": "Feature", "properties": {}, "geometry": {"type": "Point", "coordinates": [77.61324, 12.96057]}}, {"type": "Feature", "properties": {}, "geometry": {"type": "Point", "coordinates": [77.61415, 12.96671]}}, {"type": "Feature", "properties": {}, "geometry": {"type": "Point", "coordinates": [77.60701, 12.96717]}}, {"type": "Feature", "properties": {}, "geometry": {"type": "Point", "coordinates": [77.61825, 12.96317]}}, {"type": "Feature", "properties": {}, "geometry": {"type": "Point", "coordinates": [77.61073, 12.96858]}}, {"type": "Feature", "properties": {}, "geometry": {"type": "Point", "coordinates": [77.61817, 12.96541]}}, {"type": "Feature", "properties": {}, "geometry": {"type": "Point", "coordinates": [77.59877, 12.96266]}}, {"type": "Feature", "properties": {}, "geometry": {"type": "Point", "coordinates": [77.61929, 12.96527]}}, {"type": "Feature", "properties": {}, "geometry": {"type": "Point", "coordinates": [77.67904, 13.01036]}}, {"type": "Feature", "properties": {}, "geometry": {"type": "Point", "coordinates": [77.67847, 13.01015]}}, {"type": "Feature", "properties": {}, "geometry": {"type": "Point", "coordinates": [77.67729, 13.01005]}}, {"type": "Feature", "properties": {}, "geometry": {"type": "Point", "coordinates": [77.67593, 13.00965]}}, {"type": "Feature", "properties": {}, "geometry": {"type": "Point", "coordinates": [77.67985, 13.0101]}}, {"type": "Feature", "properties": {}, "geometry": {"type": "Point", "coordinates": [77.66738, 13.00927]}}, {"type": "Feature", "properties": {}, "geometry": {"type": "Point", "coordinates": [77.67219, 13.01035]}}, {"type": "Feature", "properties": {}, "geometry": {"type": "Point", "coordinates": [77.67685, 13.01005]}}, {"type": "Feature", "properties": {}, "geometry": {"type": "Point", "coordinates": [77.67767, 13.01105]}}, {"type": "Feature", "properties": {}, "geometry": {"type": "Point", "coordinates": [77.6767, 13.01126]}}, {"type": "Feature", "properties": {}, "geometry": {"type": "Point", "coordinates": [77.6761, 13.00974]}}, {"type": "Feature", "properties": {}, "geometry": {"type": "Point", "coordinates": [77.67557, 13.01051]}}, {"type": "Feature", "properties": {}, "geometry": {"type": "Point", "coordinates": [77.67856, 13.01078]}}, {"type": "Feature", "properties": {}, "geometry": {"type": "Point", "coordinates": [77.67721, 13.01011]}}, {"type": "Feature", "properties": {}, "geometry": {"type": "Point", "coordinates": [77.67593, 13.00967]}}, {"type": "Feature", "properties": {}, "geometry": {"type": "Point", "coordinates": [77.69266, 13.00821]}}, {"type": "Feature", "properties": {}, "geometry": {"type": "Point", "coordinates": [77.66588, 13.00484]}}, {"type": "Feature", "properties": {}, "geometry": {"type": "Point", "coordinates": [77.6648, 13.00348]}}, {"type": "Feature", "properties": {}, "geometry": {"type": "Point", "coordinates": [77.66787, 13.00318]}}, {"type": "Feature", "properties": {}, "geometry": {"type": "Point", "coordinates": [77.66923, 13.00338]}}, {"type": "Feature", "properties": {}, "geometry": {"type": "Point", "coordinates": [77.67452, 13.00157]}}, {"type": "Feature", "properties": {}, "geometry": {"type": "Point", "coordinates": [77.67236, 13.0019]}}, {"type": "Feature", "properties": {}, "geometry": {"type": "Point", "coordinates": [77.67602, 13.00211]}}, {"type": "Feature", "properties": {}, "geometry": {"type": "Point", "coordinates": [77.67559, 13.00313]}}, {"type": "Feature", "properties": {}, "geometry": {"type": "Point", "coordinates": [77.67558, 13.00355]}}, {"type": "Feature", "properties": {}, "geometry": {"type": "Point", "coordinates": [77.67528, 13.00381]}}, {"type": "Feature", "properties": {}, "geometry": {"type": "Point", "coordinates": [77.67316, 13.00434]}}, {"type": "Feature", "properties": {}, "geometry": {"type": "Point", "coordinates": [77.67196, 13.00329]}}, {"type": "Feature", "properties": {}, "geometry": {"type": "Point", "coordinates": [77.67231, 13.00353]}}, {"type": "Feature", "properties": {}, "geometry": {"type": "Point", "coordinates": [77.66881, 13.00846]}}, {"type": "Feature", "properties": {}, "geometry": {"type": "Point", "coordinates": [77.66913, 13.0086]}}, {"type": "Feature", "properties": {}, "geometry": {"type": "Point", "coordinates": [77.6725, 13.00363]}}, {"type": "Feature", "properties": {}, "geometry": {"type": "Point", "coordinates": [77.67206, 13.00198]}}, {"type": "Feature", "properties": {}, "geometry": {"type": "Point", "coordinates": [77.67228, 13.0027]}}, {"type": "Feature", "properties": {}, "geometry": {"type": "Point", "coordinates": [77.67236, 13.0019]}}, {"type": "Feature", "properties": {}, "geometry": {"type": "Point", "coordinates": [77.67155, 13.00312]}}, {"type": "Feature", "properties": {}, "geometry": {"type": "Point", "coordinates": [77.66499, 13.00235]}}, {"type": "Feature", "properties": {}, "geometry": {"type": "Point", "coordinates": [77.66751, 13.00842]}}, {"type": "Feature", "properties": {}, "geometry": {"type": "Point", "coordinates": [77.66717, 13.00499]}}, {"type": "Feature", "properties": {}, "geometry": {"type": "Point", "coordinates": [77.66389, 12.99889]}}, {"type": "Feature", "properties": {}, "geometry": {"type": "Point", "coordinates": [77.66753, 13.00032]}}, {"type": "Feature", "properties": {}, "geometry": {"type": "Point", "coordinates": [77.66827, 13.00296]}}, {"type": "Feature", "properties": {}, "geometry": {"type": "Point", "coordinates": [77.66515, 13.00244]}}, {"type": "Feature", "properties": {}, "geometry": {"type": "Point", "coordinates": [77.6659, 13.00094]}}, {"type": "Feature", "properties": {}, "geometry": {"type": "Point", "coordinates": [77.67282, 13.0038]}}, {"type": "Feature", "properties": {}, "geometry": {"type": "Point", "coordinates": [77.69413, 13.00268]}}, {"type": "Feature", "properties": {}, "geometry": {"type": "Point", "coordinates": [77.67426, 13.00846]}}, {"type": "Feature", "properties": {}, "geometry": {"type": "Point", "coordinates": [77.6798, 13.01088]}}, {"type": "Feature", "properties": {}, "geometry": {"type": "Point", "coordinates": [77.67958, 13.01018]}}, {"type": "Feature", "properties": {}, "geometry": {"type": "Point", "coordinates": [77.67986, 13.01055]}}, {"type": "Feature", "properties": {}, "geometry": {"type": "Point", "coordinates": [77.67536, 13.01102]}}, {"type": "Feature", "properties": {}, "geometry": {"type": "Point", "coordinates": [77.63436, 13.01107]}}, {"type": "Feature", "properties": {}, "geometry": {"type": "Point", "coordinates": [77.67179, 13.01144]}}, {"type": "Feature", "properties": {}, "geometry": {"type": "Point", "coordinates": [77.67198, 13.01082]}}, {"type": "Feature", "properties": {}, "geometry": {"type": "Point", "coordinates": [77.67247, 13.01076]}}, {"type": "Feature", "properties": {}, "geometry": {"type": "Point", "coordinates": [77.62164, 13.00988]}}, {"type": "Feature", "properties": {}, "geometry": {"type": "Point", "coordinates": [77.6715, 13.00227]}}, {"type": "Feature", "properties": {}, "geometry": {"type": "Point", "coordinates": [77.67127, 13.00905]}}, {"type": "Feature", "properties": {}, "geometry": {"type": "Point", "coordinates": [77.6706, 13.01113]}}, {"type": "Feature", "properties": {}, "geometry": {"type": "Point", "coordinates": [77.66893, 13.01182]}}, {"type": "Feature", "properties": {}, "geometry": {"type": "Point", "coordinates": [77.66833, 13.01116]}}, {"type": "Feature", "properties": {}, "geometry": {"type": "Point", "coordinates": [77.66686, 13.00897]}}, {"type": "Feature", "properties": {}, "geometry": {"type": "Point", "coordinates": [77.66715, 13.00636]}}, {"type": "Feature", "properties": {}, "geometry": {"type": "Point", "coordinates": [77.66969, 13.00808]}}, {"type": "Feature", "properties": {}, "geometry": {"type": "Point", "coordinates": [77.66985, 13.00715]}}, {"type": "Feature", "properties": {}, "geometry": {"type": "Point", "coordinates": [77.67021, 12.99918]}}, {"type": "Feature", "properties": {}, "geometry": {"type": "Point", "coordinates": [77.67122, 13.00516]}}, {"type": "Feature", "properties": {}, "geometry": {"type": "Point", "coordinates": [77.67089, 13.00792]}}, {"type": "Feature", "properties": {}, "geometry": {"type": "Point", "coordinates": [77.67088, 13.00789]}}, {"type": "Feature", "properties": {}, "geometry": {"type": "Point", "coordinates": [77.57119, 13.00793]}}, {"type": "Feature", "properties": {}, "geometry": {"type": "Point", "coordinates": [77.67281, 13.00631]}}, {"type": "Feature", "properties": {}, "geometry": {"type": "Point", "coordinates": [77.67245, 13.00697]}}, {"type": "Feature", "properties": {}, "geometry": {"type": "Point", "coordinates": [77.67272, 13.00655]}}, {"type": "Feature", "properties": {}, "geometry": {"type": "Point", "coordinates": [77.67322, 13.00596]}}, {"type": "Feature", "properties": {}, "geometry": {"type": "Point", "coordinates": [77.67308, 13.00495]}}, {"type": "Feature", "properties": {}, "geometry": {"type": "Point", "coordinates": [77.67456, 13.00585]}}, {"type": "Feature", "properties": {}, "geometry": {"type": "Point", "coordinates": [77.67431, 13.00746]}}, {"type": "Feature", "properties": {}, "geometry": {"type": "Point", "coordinates": [77.67416, 13.00881]}}, {"type": "Feature", "properties": {}, "geometry": {"type": "Point", "coordinates": [77.67383, 13.00845]}}, {"type": "Feature", "properties": {}, "geometry": {"type": "Point", "coordinates": [77.69226, 13.00452]}}, {"type": "Feature", "properties": {}, "geometry": {"type": "Point", "coordinates": [77.69798, 13.00657]}}, {"type": "Feature", "properties": {}, "geometry": {"type": "Point", "coordinates": [77.69401, 13.00825]}}, {"type": "Feature", "properties": {}, "geometry": {"type": "Point", "coordinates": [77.69678, 13.00422]}}, {"type": "Feature", "properties": {}, "geometry": {"type": "Point", "coordinates": [77.69497, 13.006]}}, {"type": "Feature", "properties": {}, "geometry": {"type": "Point", "coordinates": [77.6951, 13.0059]}}, {"type": "Feature", "properties": {}, "geometry": {"type": "Point", "coordinates": [77.69194, 13.00497]}}, {"type": "Feature", "properties": {}, "geometry": {"type": "Point", "coordinates": [77.69226, 13.00452]}}, {"type": "Feature", "properties": {}, "geometry": {"type": "Point", "coordinates": [77.69675, 13.00601]}}, {"type": "Feature", "properties": {}, "geometry": {"type": "Point", "coordinates": [77.69239, 13.0009]}}, {"type": "Feature", "properties": {}, "geometry": {"type": "Point", "coordinates": [77.69507, 13.00374]}}, {"type": "Feature", "properties": {}, "geometry": {"type": "Point", "coordinates": [77.69392, 13.00497]}}, {"type": "Feature", "properties": {}, "geometry": {"type": "Point", "coordinates": [77.69678, 13.00924]}}, {"type": "Feature", "properties": {}, "geometry": {"type": "Point", "coordinates": [77.696, 13.0076]}}, {"type": "Feature", "properties": {}, "geometry": {"type": "Point", "coordinates": [77.69499, 13.00622]}}, {"type": "Feature", "properties": {}, "geometry": {"type": "Point", "coordinates": [77.69574, 13.00607]}}, {"type": "Feature", "properties": {}, "geometry": {"type": "Point", "coordinates": [77.69493, 13.0052]}}, {"type": "Feature", "properties": {}, "geometry": {"type": "Point", "coordinates": [77.69662, 13.00582]}}, {"type": "Feature", "properties": {}, "geometry": {"type": "Point", "coordinates": [77.69652, 13.00761]}}, {"type": "Feature", "properties": {}, "geometry": {"type": "Point", "coordinates": [77.68823, 12.99872]}}, {"type": "Feature", "properties": {}, "geometry": {"type": "Point", "coordinates": [77.68535, 12.99622]}}, {"type": "Feature", "properties": {}, "geometry": {"type": "Point", "coordinates": [77.68314, 12.99531]}}, {"type": "Feature", "properties": {}, "geometry": {"type": "Point", "coordinates": [77.68354, 12.99646]}}, {"type": "Feature", "properties": {}, "geometry": {"type": "Point", "coordinates": [77.68459, 12.9977]}}, {"type": "Feature", "properties": {}, "geometry": {"type": "Point", "coordinates": [77.68201, 13.00011]}}, {"type": "Feature", "properties": {}, "geometry": {"type": "Point", "coordinates": [77.68472, 13.00005]}}, {"type": "Feature", "properties": {}, "geometry": {"type": "Point", "coordinates": [77.68503, 12.99953]}}, {"type": "Feature", "properties": {}, "geometry": {"type": "Point", "coordinates": [77.68569, 12.99984]}}, {"type": "Feature", "properties": {}, "geometry": {"type": "Point", "coordinates": [77.68574, 12.99925]}}, {"type": "Feature", "properties": {}, "geometry": {"type": "Point", "coordinates": [77.69572, 13.00768]}}, {"type": "Feature", "properties": {}, "geometry": {"type": "Point", "coordinates": [77.69301, 13.01011]}}, {"type": "Feature", "properties": {}, "geometry": {"type": "Point", "coordinates": [77.70627, 13.01291]}}, {"type": "Feature", "properties": {}, "geometry": {"type": "Point", "coordinates": [77.70657, 13.02359]}}, {"type": "Feature", "properties": {}, "geometry": {"type": "Point", "coordinates": [77.69727, 13.01384]}}, {"type": "Feature", "properties": {}, "geometry": {"type": "Point", "coordinates": [77.70271, 13.01166]}}, {"type": "Feature", "properties": {}, "geometry": {"type": "Point", "coordinates": [77.69402, 13.01165]}}, {"type": "Feature", "properties": {}, "geometry": {"type": "Point", "coordinates": [77.70078, 13.01101]}}, {"type": "Feature", "properties": {}, "geometry": {"type": "Point", "coordinates": [77.70095, 13.02515]}}, {"type": "Feature", "properties": {}, "geometry": {"type": "Point", "coordinates": [77.69493, 13.01485]}}, {"type": "Feature", "properties": {}, "geometry": {"type": "Point", "coordinates": [77.70452, 13.0194]}}, {"type": "Feature", "properties": {}, "geometry": {"type": "Point", "coordinates": [77.70092, 13.01038]}}, {"type": "Feature", "properties": {}, "geometry": {"type": "Point", "coordinates": [77.69505, 13.02322]}}, {"type": "Feature", "properties": {}, "geometry": {"type": "Point", "coordinates": [77.70679, 13.02286]}}, {"type": "Feature", "properties": {}, "geometry": {"type": "Point", "coordinates": [77.71302, 13.01998]}}, {"type": "Feature", "properties": {}, "geometry": {"type": "Point", "coordinates": [77.6958, 13.01333]}}, {"type": "Feature", "properties": {}, "geometry": {"type": "Point", "coordinates": [77.69259, 13.01323]}}, {"type": "Feature", "properties": {}, "geometry": {"type": "Point", "coordinates": [77.69782, 13.0142]}}, {"type": "Feature", "properties": {}, "geometry": {"type": "Point", "coordinates": [77.69424, 13.01462]}}, {"type": "Feature", "properties": {}, "geometry": {"type": "Point", "coordinates": [77.69748, 13.01478]}}, {"type": "Feature", "properties": {}, "geometry": {"type": "Point", "coordinates": [77.69817, 13.0142]}}, {"type": "Feature", "properties": {}, "geometry": {"type": "Point", "coordinates": [77.70429, 13.01542]}}, {"type": "Feature", "properties": {}, "geometry": {"type": "Point", "coordinates": [77.69009, 13.01131]}}, {"type": "Feature", "properties": {}, "geometry": {"type": "Point", "coordinates": [77.69332, 13.01209]}}, {"type": "Feature", "properties": {}, "geometry": {"type": "Point", "coordinates": [77.69669, 13.01986]}}, {"type": "Feature", "properties": {}, "geometry": {"type": "Point", "coordinates": [77.69483, 13.02332]}}, {"type": "Feature", "properties": {}, "geometry": {"type": "Point", "coordinates": [77.69518, 13.01494]}}, {"type": "Feature", "properties": {}, "geometry": {"type": "Point", "coordinates": [77.70197, 13.02634]}}, {"type": "Feature", "properties": {}, "geometry": {"type": "Point", "coordinates": [77.69492, 13.02351]}}, {"type": "Feature", "properties": {}, "geometry": {"type": "Point", "coordinates": [77.70976, 13.01883]}}, {"type": "Feature", "properties": {}, "geometry": {"type": "Point", "coordinates": [77.70746, 13.02409]}}, {"type": "Feature", "properties": {}, "geometry": {"type": "Point", "coordinates": [77.70938, 13.01565]}}, {"type": "Feature", "properties": {}, "geometry": {"type": "Point", "coordinates": [77.70511, 13.01577]}}, {"type": "Feature", "properties": {}, "geometry": {"type": "Point", "coordinates": [77.69184, 13.0148]}}, {"type": "Feature", "properties": {}, "geometry": {"type": "Point", "coordinates": [77.68836, 13.02044]}}, {"type": "Feature", "properties": {}, "geometry": {"type": "Point", "coordinates": [77.69495, 13.01384]}}, {"type": "Feature", "properties": {}, "geometry": {"type": "Point", "coordinates": [77.69674, 13.01442]}}, {"type": "Feature", "properties": {}, "geometry": {"type": "Point", "coordinates": [77.69944, 13.01288]}}, {"type": "Feature", "properties": {}, "geometry": {"type": "Point", "coordinates": [77.69702, 13.0195]}}, {"type": "Feature", "properties": {}, "geometry": {"type": "Point", "coordinates": [77.69702, 13.0183]}}, {"type": "Feature", "properties": {}, "geometry": {"type": "Point", "coordinates": [77.69676, 13.022]}}, {"type": "Feature", "properties": {}, "geometry": {"type": "Point", "coordinates": [77.70107, 13.02317]}}, {"type": "Feature", "properties": {}, "geometry": {"type": "Point", "coordinates": [77.70633, 13.02412]}}, {"type": "Feature", "properties": {}, "geometry": {"type": "Point", "coordinates": [77.70716, 13.02384]}}, {"type": "Feature", "properties": {}, "geometry": {"type": "Point", "coordinates": [77.70988, 13.02577]}}, {"type": "Feature", "properties": {}, "geometry": {"type": "Point", "coordinates": [77.70988, 13.01588]}}, {"type": "Feature", "properties": {}, "geometry": {"type": "Point", "coordinates": [77.70217, 13.01226]}}, {"type": "Feature", "properties": {}, "geometry": {"type": "Point", "coordinates": [77.69829, 13.01125]}}, {"type": "Feature", "properties": {}, "geometry": {"type": "Point", "coordinates": [77.71524, 13.02052]}}, {"type": "Feature", "properties": {}, "geometry": {"type": "Point", "coordinates": [77.73756, 12.99972]}}, {"type": "Feature", "properties": {}, "geometry": {"type": "Point", "coordinates": [77.73475, 13.00321]}}, {"type": "Feature", "properties": {}, "geometry": {"type": "Point", "coordinates": [77.73748, 12.999]}}, {"type": "Feature", "properties": {}, "geometry": {"type": "Point", "coordinates": [77.73596, 13.00201]}}, {"type": "Feature", "properties": {}, "geometry": {"type": "Point", "coordinates": [77.73235, 12.99896]}}, {"type": "Feature", "properties": {}, "geometry": {"type": "Point", "coordinates": [77.73412, 13.00568]}}, {"type": "Feature", "properties": {}, "geometry": {"type": "Point", "coordinates": [77.7298, 13.00358]}}, {"type": "Feature", "properties": {}, "geometry": {"type": "Point", "coordinates": [77.72781, 13.00472]}}, {"type": "Feature", "properties": {}, "geometry": {"type": "Point", "coordinates": [77.7273, 13.0071]}}, {"type": "Feature", "properties": {}, "geometry": {"type": "Point", "coordinates": [77.72726, 13.00176]}}, {"type": "Feature", "properties": {}, "geometry": {"type": "Point", "coordinates": [77.72929, 13.00184]}}, {"type": "Feature", "properties": {}, "geometry": {"type": "Point", "coordinates": [77.7322, 12.99814]}}, {"type": "Feature", "properties": {}, "geometry": {"type": "Point", "coordinates": [77.72945, 13.00176]}}, {"type": "Feature", "properties": {}, "geometry": {"type": "Point", "coordinates": [77.72008, 12.99702]}}, {"type": "Feature", "properties": {}, "geometry": {"type": "Point", "coordinates": [77.7244, 12.99839]}}, {"type": "Feature", "properties": {}, "geometry": {"type": "Point", "coordinates": [77.71623, 12.99333]}}, {"type": "Feature", "properties": {}, "geometry": {"type": "Point", "coordinates": [77.71855, 12.99545]}}, {"type": "Feature", "properties": {}, "geometry": {"type": "Point", "coordinates": [77.71865, 12.99541]}}, {"type": "Feature", "properties": {}, "geometry": {"type": "Point", "coordinates": [77.71705, 12.99471]}}, {"type": "Feature", "properties": {}, "geometry": {"type": "Point", "coordinates": [77.71446, 12.99661]}}, {"type": "Feature", "properties": {}, "geometry": {"type": "Point", "coordinates": [77.71478, 12.99658]}}, {"type": "Feature", "properties": {}, "geometry": {"type": "Point", "coordinates": [77.71444, 12.99668]}}, {"type": "Feature", "properties": {}, "geometry": {"type": "Point", "coordinates": [77.71611, 12.99903]}}, {"type": "Feature", "properties": {}, "geometry": {"type": "Point", "coordinates": [77.71549, 12.99934]}}, {"type": "Feature", "properties": {}, "geometry": {"type": "Point", "coordinates": [77.72122, 12.99133]}}, {"type": "Feature", "properties": {}, "geometry": {"type": "Point", "coordinates": [77.72256, 12.99434]}}, {"type": "Feature", "properties": {}, "geometry": {"type": "Point", "coordinates": [77.72436, 12.99843]}}, {"type": "Feature", "properties": {}, "geometry": {"type": "Point", "coordinates": [77.72709, 12.99345]}}, {"type": "Feature", "properties": {}, "geometry": {"type": "Point", "coordinates": [77.72588, 12.99609]}}, {"type": "Feature", "properties": {}, "geometry": {"type": "Point", "coordinates": [77.72621, 12.99657]}}, {"type": "Feature", "properties": {}, "geometry": {"type": "Point", "coordinates": [77.72605, 12.99629]}}, {"type": "Feature", "properties": {}, "geometry": {"type": "Point", "coordinates": [77.72042, 12.99425]}}, {"type": "Feature", "properties": {}, "geometry": {"type": "Point", "coordinates": [77.7177, 13.00253]}}, {"type": "Feature", "properties": {}, "geometry": {"type": "Point", "coordinates": [77.70928, 13.00325]}}, {"type": "Feature", "properties": {}, "geometry": {"type": "Point", "coordinates": [77.70934, 13.00382]}}, {"type": "Feature", "properties": {}, "geometry": {"type": "Point", "coordinates": [77.70792, 13.00266]}}, {"type": "Feature", "properties": {}, "geometry": {"type": "Point", "coordinates": [77.70868, 13.00285]}}, {"type": "Feature", "properties": {}, "geometry": {"type": "Point", "coordinates": [77.70705, 13.0002]}}, {"type": "Feature", "properties": {}, "geometry": {"type": "Point", "coordinates": [77.70963, 13.00294]}}, {"type": "Feature", "properties": {}, "geometry": {"type": "Point", "coordinates": [77.71416, 13.00196]}}, {"type": "Feature", "properties": {}, "geometry": {"type": "Point", "coordinates": [77.70837, 13.00275]}}, {"type": "Feature", "properties": {}, "geometry": {"type": "Point", "coordinates": [77.70762, 13.00105]}}, {"type": "Feature", "properties": {}, "geometry": {"type": "Point", "coordinates": [77.70872, 13.00135]}}, {"type": "Feature", "properties": {}, "geometry": {"type": "Point", "coordinates": [77.71532, 12.99993]}}, {"type": "Feature", "properties": {}, "geometry": {"type": "Point", "coordinates": [77.7106, 13.00274]}}, {"type": "Feature", "properties": {}, "geometry": {"type": "Point", "coordinates": [77.70632, 13.00147]}}, {"type": "Feature", "properties": {}, "geometry": {"type": "Point", "coordinates": [77.73672, 12.98062]}}, {"type": "Feature", "properties": {}, "geometry": {"type": "Point", "coordinates": [77.73904, 12.9205]}}, {"type": "Feature", "properties": {}, "geometry": {"type": "Point", "coordinates": [77.79753, 12.97765]}}, {"type": "Feature", "properties": {}, "geometry": {"type": "Point", "coordinates": [77.73373, 12.97629]}}, {"type": "Feature", "properties": {}, "geometry": {"type": "Point", "coordinates": [77.72095, 12.99053]}}, {"type": "Feature", "properties": {}, "geometry": {"type": "Point", "coordinates": [77.71296, 12.9808]}}, {"type": "Feature", "properties": {}, "geometry": {"type": "Point", "coordinates": [77.71864, 12.98411]}}, {"type": "Feature", "properties": {}, "geometry": {"type": "Point", "coordinates": [77.72022, 12.98457]}}, {"type": "Feature", "properties": {}, "geometry": {"type": "Point", "coordinates": [77.71823, 12.98802]}}, {"type": "Feature", "properties": {}, "geometry": {"type": "Point", "coordinates": [77.71822, 12.98861]}}, {"type": "Feature", "properties": {}, "geometry": {"type": "Point", "coordinates": [77.71777, 12.9904]}}, {"type": "Feature", "properties": {}, "geometry": {"type": "Point", "coordinates": [77.71847, 12.99063]}}, {"type": "Feature", "properties": {}, "geometry": {"type": "Point", "coordinates": [77.7197, 12.98474]}}, {"type": "Feature", "properties": {}, "geometry": {"type": "Point", "coordinates": [77.71922, 12.98544]}}, {"type": "Feature", "properties": {}, "geometry": {"type": "Point", "coordinates": [77.72111, 12.98665]}}, {"type": "Feature", "properties": {}, "geometry": {"type": "Point", "coordinates": [77.71668, 12.99186]}}, {"type": "Feature", "properties": {}, "geometry": {"type": "Point", "coordinates": [77.7192, 12.98368]}}, {"type": "Feature", "properties": {}, "geometry": {"type": "Point", "coordinates": [77.70465, 12.99673]}}, {"type": "Feature", "properties": {}, "geometry": {"type": "Point", "coordinates": [77.70865, 12.99842]}}, {"type": "Feature", "properties": {}, "geometry": {"type": "Point", "coordinates": [77.70372, 12.99438]}}, {"type": "Feature", "properties": {}, "geometry": {"type": "Point", "coordinates": [77.70382, 12.9993]}}, {"type": "Feature", "properties": {}, "geometry": {"type": "Point", "coordinates": [77.70008, 12.9893]}}, {"type": "Feature", "properties": {}, "geometry": {"type": "Point", "coordinates": [77.70009, 12.9894]}}, {"type": "Feature", "properties": {}, "geometry": {"type": "Point", "coordinates": [77.70015, 12.98934]}}, {"type": "Feature", "properties": {}, "geometry": {"type": "Point", "coordinates": [77.69585, 12.99431]}}, {"type": "Feature", "properties": {}, "geometry": {"type": "Point", "coordinates": [77.69581, 12.99423]}}, {"type": "Feature", "properties": {}, "geometry": {"type": "Point", "coordinates": [77.69582, 12.9943]}}, {"type": "Feature", "properties": {}, "geometry": {"type": "Point", "coordinates": [77.69175, 12.99116]}}, {"type": "Feature", "properties": {}, "geometry": {"type": "Point", "coordinates": [77.70003, 12.98692]}}, {"type": "Feature", "properties": {}, "geometry": {"type": "Point", "coordinates": [77.6962, 12.98844]}}, {"type": "Feature", "properties": {}, "geometry": {"type": "Point", "coordinates": [77.69179, 12.9947]}}, {"type": "Feature", "properties": {}, "geometry": {"type": "Point", "coordinates": [77.69718, 12.98844]}}, {"type": "Feature", "properties": {}, "geometry": {"type": "Point", "coordinates": [77.69742, 12.99059]}}, {"type": "Feature", "properties": {}, "geometry": {"type": "Point", "coordinates": [77.6966, 12.99001]}}, {"type": "Feature", "properties": {}, "geometry": {"type": "Point", "coordinates": [77.69646, 12.99001]}}, {"type": "Feature", "properties": {}, "geometry": {"type": "Point", "coordinates": [77.69049, 12.99158]}}, {"type": "Feature", "properties": {}, "geometry": {"type": "Point", "coordinates": [77.69387, 12.9929]}}, {"type": "Feature", "properties": {}, "geometry": {"type": "Point", "coordinates": [77.69137, 12.99493]}}, {"type": "Feature", "properties": {}, "geometry": {"type": "Point", "coordinates": [77.67563, 13.01183]}}, {"type": "Feature", "properties": {}, "geometry": {"type": "Point", "coordinates": [77.67043, 13.01408]}}, {"type": "Feature", "properties": {}, "geometry": {"type": "Point", "coordinates": [77.67014, 13.01362]}}, {"type": "Feature", "properties": {}, "geometry": {"type": "Point", "coordinates": [77.67191, 13.01433]}}, {"type": "Feature", "properties": {}, "geometry": {"type": "Point", "coordinates": [77.67268, 13.01298]}}, {"type": "Feature", "properties": {}, "geometry": {"type": "Point", "coordinates": [77.67018, 13.01378]}}, {"type": "Feature", "properties": {}, "geometry": {"type": "Point", "coordinates": [77.67606, 13.01521]}}, {"type": "Feature", "properties": {}, "geometry": {"type": "Point", "coordinates": [77.67081, 13.01659]}}, {"type": "Feature", "properties": {}, "geometry": {"type": "Point", "coordinates": [77.6696, 13.01618]}}, {"type": "Feature", "properties": {}, "geometry": {"type": "Point", "coordinates": [77.67387, 13.01515]}}, {"type": "Feature", "properties": {}, "geometry": {"type": "Point", "coordinates": [77.6734, 13.0124]}}, {"type": "Feature", "properties": {}, "geometry": {"type": "Point", "coordinates": [77.67057, 13.0136]}}, {"type": "Feature", "properties": {}, "geometry": {"type": "Point", "coordinates": [77.6775, 13.02056]}}, {"type": "Feature", "properties": {}, "geometry": {"type": "Point", "coordinates": [77.67831, 13.01561]}}, {"type": "Feature", "properties": {}, "geometry": {"type": "Point", "coordinates": [77.67605, 13.02144]}}, {"type": "Feature", "properties": {}, "geometry": {"type": "Point", "coordinates": [77.67673, 13.02139]}}, {"type": "Feature", "properties": {}, "geometry": {"type": "Point", "coordinates": [77.67755, 13.02083]}}, {"type": "Feature", "properties": {}, "geometry": {"type": "Point", "coordinates": [77.67312, 13.02029]}}, {"type": "Feature", "properties": {}, "geometry": {"type": "Point", "coordinates": [77.67018, 13.01584]}}, {"type": "Feature", "properties": {}, "geometry": {"type": "Point", "coordinates": [77.67741, 13.01465]}}, {"type": "Feature", "properties": {}, "geometry": {"type": "Point", "coordinates": [77.67688, 13.01886]}}, {"type": "Feature", "properties": {}, "geometry": {"type": "Point", "coordinates": [77.6728, 13.01883]}}, {"type": "Feature", "properties": {}, "geometry": {"type": "Point", "coordinates": [77.69476, 12.95715]}}, {"type": "Feature", "properties": {}, "geometry": {"type": "Point", "coordinates": [77.6963, 12.95748]}}, {"type": "Feature", "properties": {}, "geometry": {"type": "Point", "coordinates": [77.70056, 12.95753]}}, {"type": "Feature", "properties": {}, "geometry": {"type": "Point", "coordinates": [77.69582, 12.959]}}, {"type": "Feature", "properties": {}, "geometry": {"type": "Point", "coordinates": [77.69573, 12.95932]}}, {"type": "Feature", "properties": {}, "geometry": {"type": "Point", "coordinates": [77.7331, 12.97033]}}, {"type": "Feature", "properties": {}, "geometry": {"type": "Point", "coordinates": [77.74205, 12.97053]}}, {"type": "Feature", "properties": {}, "geometry": {"type": "Point", "coordinates": [77.73478, 12.97152]}}, {"type": "Feature", "properties": {}, "geometry": {"type": "Point", "coordinates": [77.75232, 12.972]}}, {"type": "Feature", "properties": {}, "geometry": {"type": "Point", "coordinates": [77.73437, 12.97344]}}, {"type": "Feature", "properties": {}, "geometry": {"type": "Point", "coordinates": [77.7529, 12.97391]}}, {"type": "Feature", "properties": {}, "geometry": {"type": "Point", "coordinates": [77.74311, 12.97431]}}, {"type": "Feature", "properties": {}, "geometry": {"type": "Point", "coordinates": [77.74385, 12.97648]}}, {"type": "Feature", "properties": {}, "geometry": {"type": "Point", "coordinates": [77.74458, 12.97751]}}, {"type": "Feature", "properties": {}, "geometry": {"type": "Point", "coordinates": [77.72111, 12.99131]}}, {"type": "Feature", "properties": {}, "geometry": {"type": "Point", "coordinates": [77.71605, 12.99243]}}, {"type": "Feature", "properties": {}, "geometry": {"type": "Point", "coordinates": [77.71602, 12.99267]}}, {"type": "Feature", "properties": {}, "geometry": {"type": "Point", "coordinates": [77.72078, 12.99421]}}, {"type": "Feature", "properties": {}, "geometry": {"type": "Point", "coordinates": [77.71811, 12.9952]}}, {"type": "Feature", "properties": {}, "geometry": {"type": "Point", "coordinates": [77.76529, 12.99504]}}, {"type": "Feature", "properties": {}, "geometry": {"type": "Point", "coordinates": [77.71907, 12.99587]}}, {"type": "Feature", "properties": {}, "geometry": {"type": "Point", "coordinates": [77.72496, 12.99602]}}, {"type": "Feature", "properties": {}, "geometry": {"type": "Point", "coordinates": [77.72523, 12.99604]}}, {"type": "Feature", "properties": {}, "geometry": {"type": "Point", "coordinates": [77.76082, 12.99736]}}, {"type": "Feature", "properties": {}, "geometry": {"type": "Point", "coordinates": [77.71611, 12.99908]}}, {"type": "Feature", "properties": {}, "geometry": {"type": "Point", "coordinates": [77.70725, 12.99992]}}, {"type": "Feature", "properties": {}, "geometry": {"type": "Point", "coordinates": [77.71472, 13.00017]}}, {"type": "Feature", "properties": {}, "geometry": {"type": "Point", "coordinates": [77.71167, 13.00078]}}, {"type": "Feature", "properties": {}, "geometry": {"type": "Point", "coordinates": [77.70678, 13.00227]}}, {"type": "Feature", "properties": {}, "geometry": {"type": "Point", "coordinates": [77.712, 13.00248]}}, {"type": "Feature", "properties": {}, "geometry": {"type": "Point", "coordinates": [77.71253, 13.00356]}}, {"type": "Feature", "properties": {}, "geometry": {"type": "Point", "coordinates": [77.71229, 13.00404]}}, {"type": "Feature", "properties": {}, "geometry": {"type": "Point", "coordinates": [77.73032, 13.00854]}}, {"type": "Feature", "properties": {}, "geometry": {"type": "Point", "coordinates": [77.6229, 13.03927]}}, {"type": "Feature", "properties": {}, "geometry": {"type": "Point", "coordinates": [77.62292, 13.04166]}}, {"type": "Feature", "properties": {}, "geometry": {"type": "Point", "coordinates": [77.62418, 13.04562]}}, {"type": "Feature", "properties": {}, "geometry": {"type": "Point", "coordinates": [77.62685, 13.02743]}}, {"type": "Feature", "properties": {}, "geometry": {"type": "Point", "coordinates": [77.62656, 13.02764]}}, {"type": "Feature", "properties": {}, "geometry": {"type": "Point", "coordinates": [77.62716, 13.01297]}}, {"type": "Feature", "properties": {}, "geometry": {"type": "Point", "coordinates": [77.62913, 13.01298]}}, {"type": "Feature", "properties": {}, "geometry": {"type": "Point", "coordinates": [77.66116, 13.0039]}}, {"type": "Feature", "properties": {}, "geometry": {"type": "Point", "coordinates": [77.65556, 13.00462]}}, {"type": "Feature", "properties": {}, "geometry": {"type": "Point", "coordinates": [77.64462, 13.00745]}}, {"type": "Feature", "properties": {}, "geometry": {"type": "Point", "coordinates": [77.65562, 13.00516]}}, {"type": "Feature", "properties": {}, "geometry": {"type": "Point", "coordinates": [77.65036, 13.00529]}}, {"type": "Feature", "properties": {}, "geometry": {"type": "Point", "coordinates": [77.65219, 13.00494]}}, {"type": "Feature", "properties": {}, "geometry": {"type": "Point", "coordinates": [77.65851, 13.00392]}}, {"type": "Feature", "properties": {}, "geometry": {"type": "Point", "coordinates": [77.65584, 13.00534]}}, {"type": "Feature", "properties": {}, "geometry": {"type": "Point", "coordinates": [77.66021, 13.0089]}}, {"type": "Feature", "properties": {}, "geometry": {"type": "Point", "coordinates": [77.65332, 13.00663]}}, {"type": "Feature", "properties": {}, "geometry": {"type": "Point", "coordinates": [77.65543, 13.00489]}}, {"type": "Feature", "properties": {}, "geometry": {"type": "Point", "coordinates": [77.70743, 12.95464]}}, {"type": "Feature", "properties": {}, "geometry": {"type": "Point", "coordinates": [77.70999, 12.95246]}}, {"type": "Feature", "properties": {}, "geometry": {"type": "Point", "coordinates": [77.70895, 12.95179]}}, {"type": "Feature", "properties": {}, "geometry": {"type": "Point", "coordinates": [77.70795, 12.95459]}}, {"type": "Feature", "properties": {}, "geometry": {"type": "Point", "coordinates": [77.71042, 12.95316]}}, {"type": "Feature", "properties": {}, "geometry": {"type": "Point", "coordinates": [77.70976, 12.95097]}}, {"type": "Feature", "properties": {}, "geometry": {"type": "Point", "coordinates": [77.71127, 12.94953]}}, {"type": "Feature", "properties": {}, "geometry": {"type": "Point", "coordinates": [77.71515, 12.947]}}, {"type": "Feature", "properties": {}, "geometry": {"type": "Point", "coordinates": [77.70995, 12.94884]}}, {"type": "Feature", "properties": {}, "geometry": {"type": "Point", "coordinates": [77.71013, 12.9489]}}, {"type": "Feature", "properties": {}, "geometry": {"type": "Point", "coordinates": [77.70914, 12.94877]}}, {"type": "Feature", "properties": {}, "geometry": {"type": "Point", "coordinates": [77.71017, 12.94851]}}, {"type": "Feature", "properties": {}, "geometry": {"type": "Point", "coordinates": [77.71162, 12.94623]}}, {"type": "Feature", "properties": {}, "geometry": {"type": "Point", "coordinates": [77.71367, 12.94632]}}, {"type": "Feature", "properties": {}, "geometry": {"type": "Point", "coordinates": [77.7093, 12.9459]}}, {"type": "Feature", "properties": {}, "geometry": {"type": "Point", "coordinates": [77.70982, 12.94688]}}, {"type": "Feature", "properties": {}, "geometry": {"type": "Point", "coordinates": [77.70596, 12.94878]}}, {"type": "Feature", "properties": {}, "geometry": {"type": "Point", "coordinates": [77.70647, 12.94627]}}, {"type": "Feature", "properties": {}, "geometry": {"type": "Point", "coordinates": [77.70722, 12.94622]}}, {"type": "Feature", "properties": {}, "geometry": {"type": "Point", "coordinates": [77.70729, 12.94664]}}, {"type": "Feature", "properties": {}, "geometry": {"type": "Point", "coordinates": [77.70664, 12.94502]}}, {"type": "Feature", "properties": {}, "geometry": {"type": "Point", "coordinates": [77.70632, 12.95108]}}, {"type": "Feature", "properties": {}, "geometry": {"type": "Point", "coordinates": [77.70679, 12.94958]}}, {"type": "Feature", "properties": {}, "geometry": {"type": "Point", "coordinates": [77.70661, 12.94919]}}, {"type": "Feature", "properties": {}, "geometry": {"type": "Point", "coordinates": [77.70763, 12.94932]}}, {"type": "Feature", "properties": {}, "geometry": {"type": "Point", "coordinates": [77.70824, 12.9483]}}, {"type": "Feature", "properties": {}, "geometry": {"type": "Point", "coordinates": [77.70793, 12.9488]}}, {"type": "Feature", "properties": {}, "geometry": {"type": "Point", "coordinates": [77.70407, 12.95559]}}, {"type": "Feature", "properties": {}, "geometry": {"type": "Point", "coordinates": [77.70183, 12.95412]}}, {"type": "Feature", "properties": {}, "geometry": {"type": "Point", "coordinates": [77.7049, 12.95392]}}, {"type": "Feature", "properties": {}, "geometry": {"type": "Point", "coordinates": [77.70443, 12.95386]}}, {"type": "Feature", "properties": {}, "geometry": {"type": "Point", "coordinates": [77.70414, 12.9527]}}, {"type": "Feature", "properties": {}, "geometry": {"type": "Point", "coordinates": [77.70361, 12.95242]}}, {"type": "Feature", "properties": {}, "geometry": {"type": "Point", "coordinates": [77.7045, 12.95303]}}, {"type": "Feature", "properties": {}, "geometry": {"type": "Point", "coordinates": [77.70454, 12.95259]}}, {"type": "Feature", "properties": {}, "geometry": {"type": "Point", "coordinates": [77.70429, 12.95254]}}, {"type": "Feature", "properties": {}, "geometry": {"type": "Point", "coordinates": [77.70157, 12.95334]}}, {"type": "Feature", "properties": {}, "geometry": {"type": "Point", "coordinates": [77.70017, 12.95022]}}, {"type": "Feature", "properties": {}, "geometry": {"type": "Point", "coordinates": [77.70318, 12.94685]}}, {"type": "Feature", "properties": {}, "geometry": {"type": "Point", "coordinates": [77.70215, 12.94921]}}, {"type": "Feature", "properties": {}, "geometry": {"type": "Point", "coordinates": [77.70382, 12.95959]}}, {"type": "Feature", "properties": {}, "geometry": {"type": "Point", "coordinates": [77.70416, 12.95855]}}, {"type": "Feature", "properties": {}, "geometry": {"type": "Point", "coordinates": [77.70272, 12.95771]}}, {"type": "Feature", "properties": {}, "geometry": {"type": "Point", "coordinates": [77.70157, 12.96097]}}, {"type": "Feature", "properties": {}, "geometry": {"type": "Point", "coordinates": [77.70122, 12.96218]}}, {"type": "Feature", "properties": {}, "geometry": {"type": "Point", "coordinates": [77.69776, 12.95042]}}, {"type": "Feature", "properties": {}, "geometry": {"type": "Point", "coordinates": [77.69772, 12.95034]}}, {"type": "Feature", "properties": {}, "geometry": {"type": "Point", "coordinates": [77.69782, 12.95145]}}, {"type": "Feature", "properties": {}, "geometry": {"type": "Point", "coordinates": [77.69586, 12.95291]}}, {"type": "Feature", "properties": {}, "geometry": {"type": "Point", "coordinates": [77.69383, 12.95196]}}, {"type": "Feature", "properties": {}, "geometry": {"type": "Point", "coordinates": [77.69503, 12.95291]}}, {"type": "Feature", "properties": {}, "geometry": {"type": "Point", "coordinates": [77.69647, 12.95045]}}, {"type": "Feature", "properties": {}, "geometry": {"type": "Point", "coordinates": [77.69476, 12.95262]}}, {"type": "Feature", "properties": {}, "geometry": {"type": "Point", "coordinates": [77.6935, 12.95098]}}, {"type": "Feature", "properties": {}, "geometry": {"type": "Point", "coordinates": [77.69391, 12.95093]}}, {"type": "Feature", "properties": {}, "geometry": {"type": "Point", "coordinates": [77.69383, 12.95196]}}, {"type": "Feature", "properties": {}, "geometry": {"type": "Point", "coordinates": [77.69622, 12.95838]}}, {"type": "Feature", "properties": {}, "geometry": {"type": "Point", "coordinates": [77.69697, 12.95711]}}, {"type": "Feature", "properties": {}, "geometry": {"type": "Point", "coordinates": [77.69603, 12.95739]}}, {"type": "Feature", "properties": {}, "geometry": {"type": "Point", "coordinates": [77.69525, 12.95779]}}, {"type": "Feature", "properties": {}, "geometry": {"type": "Point", "coordinates": [77.69473, 12.95649]}}, {"type": "Feature", "properties": {}, "geometry": {"type": "Point", "coordinates": [77.69631, 12.95871]}}, {"type": "Feature", "properties": {}, "geometry": {"type": "Point", "coordinates": [77.6956, 12.95912]}}, {"type": "Feature", "properties": {}, "geometry": {"type": "Point", "coordinates": [77.69576, 12.95963]}}, {"type": "Feature", "properties": {}, "geometry": {"type": "Point", "coordinates": [77.69576, 12.95963]}}, {"type": "Feature", "properties": {}, "geometry": {"type": "Point", "coordinates": [77.69428, 12.95668]}}, {"type": "Feature", "properties": {}, "geometry": {"type": "Point", "coordinates": [77.69408, 12.95642]}}, {"type": "Feature", "properties": {}, "geometry": {"type": "Point", "coordinates": [77.69256, 12.95584]}}, {"type": "Feature", "properties": {}, "geometry": {"type": "Point", "coordinates": [77.75394, 12.99883]}}, {"type": "Feature", "properties": {}, "geometry": {"type": "Point", "coordinates": [77.75376, 12.99903]}}, {"type": "Feature", "properties": {}, "geometry": {"type": "Point", "coordinates": [77.75666, 12.9986]}}, {"type": "Feature", "properties": {}, "geometry": {"type": "Point", "coordinates": [77.75764, 12.99746]}}, {"type": "Feature", "properties": {}, "geometry": {"type": "Point", "coordinates": [77.76043, 12.99838]}}, {"type": "Feature", "properties": {}, "geometry": {"type": "Point", "coordinates": [77.76084, 12.99782]}}, {"type": "Feature", "properties": {}, "geometry": {"type": "Point", "coordinates": [77.76043, 12.99749]}}, {"type": "Feature", "properties": {}, "geometry": {"type": "Point", "coordinates": [77.76193, 13.00023]}}, {"type": "Feature", "properties": {}, "geometry": {"type": "Point", "coordinates": [77.76194, 12.99995]}}, {"type": "Feature", "properties": {}, "geometry": {"type": "Point", "coordinates": [77.76349, 13.00105]}}, {"type": "Feature", "properties": {}, "geometry": {"type": "Point", "coordinates": [77.76367, 12.99676]}}, {"type": "Feature", "properties": {}, "geometry": {"type": "Point", "coordinates": [77.76432, 12.99587]}}, {"type": "Feature", "properties": {}, "geometry": {"type": "Point", "coordinates": [77.765, 12.99629]}}, {"type": "Feature", "properties": {}, "geometry": {"type": "Point", "coordinates": [77.76511, 12.9966]}}, {"type": "Feature", "properties": {}, "geometry": {"type": "Point", "coordinates": [77.76975, 12.99563]}}, {"type": "Feature", "properties": {}, "geometry": {"type": "Point", "coordinates": [77.76924, 12.99578]}}, {"type": "Feature", "properties": {}, "geometry": {"type": "Point", "coordinates": [77.76862, 12.99605]}}, {"type": "Feature", "properties": {}, "geometry": {"type": "Point", "coordinates": [77.76816, 12.99485]}}, {"type": "Feature", "properties": {}, "geometry": {"type": "Point", "coordinates": [77.76899, 12.99402]}}, {"type": "Feature", "properties": {}, "geometry": {"type": "Point", "coordinates": [77.76343, 12.98967]}}, {"type": "Feature", "properties": {}, "geometry": {"type": "Point", "coordinates": [77.76505, 12.99067]}}, {"type": "Feature", "properties": {}, "geometry": {"type": "Point", "coordinates": [77.76662, 12.9923]}}, {"type": "Feature", "properties": {}, "geometry": {"type": "Point", "coordinates": [77.7666, 12.99186]}}, {"type": "Feature", "properties": {}, "geometry": {"type": "Point", "coordinates": [77.76633, 12.99363]}}, {"type": "Feature", "properties": {}, "geometry": {"type": "Point", "coordinates": [77.76634, 12.99405]}}, {"type": "Feature", "properties": {}, "geometry": {"type": "Point", "coordinates": [77.76077, 12.99208]}}, {"type": "Feature", "properties": {}, "geometry": {"type": "Point", "coordinates": [77.76237, 12.99175]}}, {"type": "Feature", "properties": {}, "geometry": {"type": "Point", "coordinates": [77.74714, 12.98361]}}, {"type": "Feature", "properties": {}, "geometry": {"type": "Point", "coordinates": [77.74887, 12.98339]}}, {"type": "Feature", "properties": {}, "geometry": {"type": "Point", "coordinates": [77.74897, 12.98321]}}, {"type": "Feature", "properties": {}, "geometry": {"type": "Point", "coordinates": [77.74737, 12.98404]}}, {"type": "Feature", "properties": {}, "geometry": {"type": "Point", "coordinates": [77.76065, 12.99798]}}, {"type": "Feature", "properties": {}, "geometry": {"type": "Point", "coordinates": [77.76029, 12.99883]}}, {"type": "Feature", "properties": {}, "geometry": {"type": "Point", "coordinates": [77.76611, 12.99223]}}, {"type": "Feature", "properties": {}, "geometry": {"type": "Point", "coordinates": [77.76602, 12.99365]}}, {"type": "Feature", "properties": {}, "geometry": {"type": "Point", "coordinates": [77.7654, 12.99119]}}, {"type": "Feature", "properties": {}, "geometry": {"type": "Point", "coordinates": [77.74779, 12.98247]}}, {"type": "Feature", "properties": {}, "geometry": {"type": "Point", "coordinates": [77.74947, 12.9801]}}, {"type": "Feature", "properties": {}, "geometry": {"type": "Point", "coordinates": [77.74838, 12.98009]}}, {"type": "Feature", "properties": {}, "geometry": {"type": "Point", "coordinates": [77.74933, 12.97891]}}, {"type": "Feature", "properties": {}, "geometry": {"type": "Point", "coordinates": [77.75337, 12.97848]}}, {"type": "Feature", "properties": {}, "geometry": {"type": "Point", "coordinates": [77.75292, 12.98034]}}, {"type": "Feature", "properties": {}, "geometry": {"type": "Point", "coordinates": [77.75291, 12.98029]}}, {"type": "Feature", "properties": {}, "geometry": {"type": "Point", "coordinates": [77.75461, 12.98159]}}, {"type": "Feature", "properties": {}, "geometry": {"type": "Point", "coordinates": [77.7563, 12.98091]}}, {"type": "Feature", "properties": {}, "geometry": {"type": "Point", "coordinates": [77.75614, 12.97981]}}, {"type": "Feature", "properties": {}, "geometry": {"type": "Point", "coordinates": [77.75543, 12.98155]}}, {"type": "Feature", "properties": {}, "geometry": {"type": "Point", "coordinates": [77.74638, 12.97492]}}, {"type": "Feature", "properties": {}, "geometry": {"type": "Point", "coordinates": [77.74151, 12.97598]}}, {"type": "Feature", "properties": {}, "geometry": {"type": "Point", "coordinates": [77.74635, 12.96566]}}, {"type": "Feature", "properties": {}, "geometry": {"type": "Point", "coordinates": [77.74669, 12.96577]}}, {"type": "Feature", "properties": {}, "geometry": {"type": "Point", "coordinates": [77.74589, 12.9653]}}, {"type": "Feature", "properties": {}, "geometry": {"type": "Point", "coordinates": [77.74727, 12.96661]}}, {"type": "Feature", "properties": {}, "geometry": {"type": "Point", "coordinates": [77.74632, 12.95944]}}, {"type": "Feature", "properties": {}, "geometry": {"type": "Point", "coordinates": [77.75138, 12.96914]}}, {"type": "Feature", "properties": {}, "geometry": {"type": "Point", "coordinates": [77.75243, 12.96805]}}, {"type": "Feature", "properties": {}, "geometry": {"type": "Point", "coordinates": [77.75229, 12.96909]}}, {"type": "Feature", "properties": {}, "geometry": {"type": "Point", "coordinates": [77.75202, 12.96926]}}, {"type": "Feature", "properties": {}, "geometry": {"type": "Point", "coordinates": [77.7523, 12.97149]}}, {"type": "Feature", "properties": {}, "geometry": {"type": "Point", "coordinates": [77.75259, 12.97072]}}, {"type": "Feature", "properties": {}, "geometry": {"type": "Point", "coordinates": [77.75199, 12.97254]}}, {"type": "Feature", "properties": {}, "geometry": {"type": "Point", "coordinates": [77.75239, 12.97233]}}, {"type": "Feature", "properties": {}, "geometry": {"type": "Point", "coordinates": [77.74216, 12.96577]}}, {"type": "Feature", "properties": {}, "geometry": {"type": "Point", "coordinates": [77.74219, 12.96554]}}, {"type": "Feature", "properties": {}, "geometry": {"type": "Point", "coordinates": [77.7419, 12.96508]}}, {"type": "Feature", "properties": {}, "geometry": {"type": "Point", "coordinates": [77.74161, 12.96402]}}, {"type": "Feature", "properties": {}, "geometry": {"type": "Point", "coordinates": [77.74172, 12.96346]}}, {"type": "Feature", "properties": {}, "geometry": {"type": "Point", "coordinates": [77.74852, 12.96905]}}, {"type": "Feature", "properties": {}, "geometry": {"type": "Point", "coordinates": [77.74213, 12.97084]}}, {"type": "Feature", "properties": {}, "geometry": {"type": "Point", "coordinates": [77.74015, 12.9713]}}, {"type": "Feature", "properties": {}, "geometry": {"type": "Point", "coordinates": [77.73984, 12.96917]}}, {"type": "Feature", "properties": {}, "geometry": {"type": "Point", "coordinates": [77.73816, 12.96924]}}, {"type": "Feature", "properties": {}, "geometry": {"type": "Point", "coordinates": [77.7376, 12.96928]}}, {"type": "Feature", "properties": {}, "geometry": {"type": "Point", "coordinates": [77.73384, 12.97062]}}, {"type": "Feature", "properties": {}, "geometry": {"type": "Point", "coordinates": [77.73474, 12.97264]}}, {"type": "Feature", "properties": {}, "geometry": {"type": "Point", "coordinates": [77.73453, 12.97284]}}, {"type": "Feature", "properties": {}, "geometry": {"type": "Point", "coordinates": [77.73403, 12.97001]}}, {"type": "Feature", "properties": {}, "geometry": {"type": "Point", "coordinates": [77.73928, 12.97829]}}, {"type": "Feature", "properties": {}, "geometry": {"type": "Point", "coordinates": [77.75445, 12.978]}}, {"type": "Feature", "properties": {}, "geometry": {"type": "Point", "coordinates": [77.7193, 12.97152]}}, {"type": "Feature", "properties": {}, "geometry": {"type": "Point", "coordinates": [77.71929, 12.9722]}}, {"type": "Feature", "properties": {}, "geometry": {"type": "Point", "coordinates": [77.71907, 12.97171]}}, {"type": "Feature", "properties": {}, "geometry": {"type": "Point", "coordinates": [77.71913, 12.97113]}}, {"type": "Feature", "properties": {}, "geometry": {"type": "Point", "coordinates": [77.7192, 12.97099]}}, {"type": "Feature", "properties": {}, "geometry": {"type": "Point", "coordinates": [77.71906, 12.96778]}}, {"type": "Feature", "properties": {}, "geometry": {"type": "Point", "coordinates": [77.71932, 12.96041]}}, {"type": "Feature", "properties": {}, "geometry": {"type": "Point", "coordinates": [77.71928, 12.96012]}}, {"type": "Feature", "properties": {}, "geometry": {"type": "Point", "coordinates": [77.71399, 12.96219]}}, {"type": "Feature", "properties": {}, "geometry": {"type": "Point", "coordinates": [77.71387, 12.96255]}}, {"type": "Feature", "properties": {}, "geometry": {"type": "Point", "coordinates": [77.71401, 12.9627]}}, {"type": "Feature", "properties": {}, "geometry": {"type": "Point", "coordinates": [77.71511, 12.96651]}}, {"type": "Feature", "properties": {}, "geometry": {"type": "Point", "coordinates": [77.70836, 12.96393]}}, {"type": "Feature", "properties": {}, "geometry": {"type": "Point", "coordinates": [77.70943, 12.96162]}}, {"type": "Feature", "properties": {}, "geometry": {"type": "Point", "coordinates": [77.70503, 12.96822]}}, {"type": "Feature", "properties": {}, "geometry": {"type": "Point", "coordinates": [77.70498, 12.96041]}}, {"type": "Feature", "properties": {}, "geometry": {"type": "Point", "coordinates": [77.70463, 12.9595]}}, {"type": "Feature", "properties": {}, "geometry": {"type": "Point", "coordinates": [77.70461, 12.95942]}}, {"type": "Feature", "properties": {}, "geometry": {"type": "Point", "coordinates": [77.70449, 12.95995]}}, {"type": "Feature", "properties": {}, "geometry": {"type": "Point", "coordinates": [77.70372, 12.96627]}}, {"type": "Feature", "properties": {}, "geometry": {"type": "Point", "coordinates": [77.70478, 12.96775]}}, {"type": "Feature", "properties": {}, "geometry": {"type": "Point", "coordinates": [77.7042, 12.96721]}}, {"type": "Feature", "properties": {}, "geometry": {"type": "Point", "coordinates": [77.70431, 12.96765]}}, {"type": "Feature", "properties": {}, "geometry": {"type": "Point", "coordinates": [77.70288, 12.97213]}}, {"type": "Feature", "properties": {}, "geometry": {"type": "Point", "coordinates": [77.70259, 12.96502]}}, {"type": "Feature", "properties": {}, "geometry": {"type": "Point", "coordinates": [77.70298, 12.96518]}}, {"type": "Feature", "properties": {}, "geometry": {"type": "Point", "coordinates": [77.70295, 12.95956]}}, {"type": "Feature", "properties": {}, "geometry": {"type": "Point", "coordinates": [77.70191, 12.95999]}}, {"type": "Feature", "properties": {}, "geometry": {"type": "Point", "coordinates": [77.70223, 12.96009]}}, {"type": "Feature", "properties": {}, "geometry": {"type": "Point", "coordinates": [77.69317, 12.96738]}}, {"type": "Feature", "properties": {}, "geometry": {"type": "Point", "coordinates": [77.69317, 12.96749]}}, {"type": "Feature", "properties": {}, "geometry": {"type": "Point", "coordinates": [77.69327, 12.9676]}}, {"type": "Feature", "properties": {}, "geometry": {"type": "Point", "coordinates": [77.6933, 12.9678]}}, {"type": "Feature", "properties": {}, "geometry": {"type": "Point", "coordinates": [77.69224, 12.96847]}}, {"type": "Feature", "properties": {}, "geometry": {"type": "Point", "coordinates": [77.69075, 12.96761]}}, {"type": "Feature", "properties": {}, "geometry": {"type": "Point", "coordinates": [77.69044, 12.96764]}}, {"type": "Feature", "properties": {}, "geometry": {"type": "Point", "coordinates": [77.69019, 12.96871]}}, {"type": "Feature", "properties": {}, "geometry": {"type": "Point", "coordinates": [77.68946, 12.9691]}}, {"type": "Feature", "properties": {}, "geometry": {"type": "Point", "coordinates": [77.68954, 12.96962]}}, {"type": "Feature", "properties": {}, "geometry": {"type": "Point", "coordinates": [77.69121, 12.9694]}}, {"type": "Feature", "properties": {}, "geometry": {"type": "Point", "coordinates": [77.69214, 12.96898]}}, {"type": "Feature", "properties": {}, "geometry": {"type": "Point", "coordinates": [77.69198, 12.96968]}}, {"type": "Feature", "properties": {}, "geometry": {"type": "Point", "coordinates": [77.69221, 12.97071]}}, {"type": "Feature", "properties": {}, "geometry": {"type": "Point", "coordinates": [77.69123, 12.97133]}}, {"type": "Feature", "properties": {}, "geometry": {"type": "Point", "coordinates": [77.69165, 12.97211]}}, {"type": "Feature", "properties": {}, "geometry": {"type": "Point", "coordinates": [77.69151, 12.97269]}}, {"type": "Feature", "properties": {}, "geometry": {"type": "Point", "coordinates": [77.69151, 12.97301]}}, {"type": "Feature", "properties": {}, "geometry": {"type": "Point", "coordinates": [77.69155, 12.97337]}}, {"type": "Feature", "properties": {}, "geometry": {"type": "Point", "coordinates": [77.69163, 12.97368]}}, {"type": "Feature", "properties": {}, "geometry": {"type": "Point", "coordinates": [77.69181, 12.97414]}}, {"type": "Feature", "properties": {}, "geometry": {"type": "Point", "coordinates": [77.69428, 12.97331]}}, {"type": "Feature", "properties": {}, "geometry": {"type": "Point", "coordinates": [77.69383, 12.97466]}}, {"type": "Feature", "properties": {}, "geometry": {"type": "Point", "coordinates": [77.69302, 12.9703]}}, {"type": "Feature", "properties": {}, "geometry": {"type": "Point", "coordinates": [77.69451, 12.96857]}}, {"type": "Feature", "properties": {}, "geometry": {"type": "Point", "coordinates": [77.69458, 12.96889]}}, {"type": "Feature", "properties": {}, "geometry": {"type": "Point", "coordinates": [77.69562, 12.96934]}}, {"type": "Feature", "properties": {}, "geometry": {"type": "Point", "coordinates": [77.69757, 12.97051]}}, {"type": "Feature", "properties": {}, "geometry": {"type": "Point", "coordinates": [77.69818, 12.97265]}}, {"type": "Feature", "properties": {}, "geometry": {"type": "Point", "coordinates": [77.69687, 12.97065]}}, {"type": "Feature", "properties": {}, "geometry": {"type": "Point", "coordinates": [77.69689, 12.97111]}}, {"type": "Feature", "properties": {}, "geometry": {"type": "Point", "coordinates": [77.69601, 12.97082]}}, {"type": "Feature", "properties": {}, "geometry": {"type": "Point", "coordinates": [77.69591, 12.97028]}}, {"type": "Feature", "properties": {}, "geometry": {"type": "Point", "coordinates": [77.69592, 12.97166]}}, {"type": "Feature", "properties": {}, "geometry": {"type": "Point", "coordinates": [77.69669, 12.97234]}}, {"type": "Feature", "properties": {}, "geometry": {"type": "Point", "coordinates": [77.69607, 12.97253]}}, {"type": "Feature", "properties": {}, "geometry": {"type": "Point", "coordinates": [77.69534, 12.97248]}}, {"type": "Feature", "properties": {}, "geometry": {"type": "Point", "coordinates": [77.69491, 12.9717]}}, {"type": "Feature", "properties": {}, "geometry": {"type": "Point", "coordinates": [77.69511, 12.97141]}}, {"type": "Feature", "properties": {}, "geometry": {"type": "Point", "coordinates": [77.69555, 12.97923]}}, {"type": "Feature", "properties": {}, "geometry": {"type": "Point", "coordinates": [77.71274, 12.96942]}}, {"type": "Feature", "properties": {}, "geometry": {"type": "Point", "coordinates": [77.71079, 12.96877]}}, {"type": "Feature", "properties": {}, "geometry": {"type": "Point", "coordinates": [77.71263, 12.9701]}}, {"type": "Feature", "properties": {}, "geometry": {"type": "Point", "coordinates": [77.71209, 12.96995]}}, {"type": "Feature", "properties": {}, "geometry": {"type": "Point", "coordinates": [77.71234, 12.9708]}}, {"type": "Feature", "properties": {}, "geometry": {"type": "Point", "coordinates": [77.71183, 12.97193]}}, {"type": "Feature", "properties": {}, "geometry": {"type": "Point", "coordinates": [77.71143, 12.97163]}}, {"type": "Feature", "properties": {}, "geometry": {"type": "Point", "coordinates": [77.7115, 12.97714]}}, {"type": "Feature", "properties": {}, "geometry": {"type": "Point", "coordinates": [77.71131, 12.97713]}}, {"type": "Feature", "properties": {}, "geometry": {"type": "Point", "coordinates": [77.71284, 12.95955]}}, {"type": "Feature", "properties": {}, "geometry": {"type": "Point", "coordinates": [77.7183, 12.96777]}}, {"type": "Feature", "properties": {}, "geometry": {"type": "Point", "coordinates": [77.71911, 12.96846]}}, {"type": "Feature", "properties": {}, "geometry": {"type": "Point", "coordinates": [77.61727, 13.02924]}}, {"type": "Feature", "properties": {}, "geometry": {"type": "Point", "coordinates": [77.62093, 13.03309]}}, {"type": "Feature", "properties": {}, "geometry": {"type": "Point", "coordinates": [77.61629, 13.03073]}}, {"type": "Feature", "properties": {}, "geometry": {"type": "Point", "coordinates": [77.62162, 13.03205]}}, {"type": "Feature", "properties": {}, "geometry": {"type": "Point", "coordinates": [77.61492, 13.03028]}}, {"type": "Feature", "properties": {}, "geometry": {"type": "Point", "coordinates": [77.6156, 13.02881]}}, {"type": "Feature", "properties": {}, "geometry": {"type": "Point", "coordinates": [77.6194, 13.03146]}}, {"type": "Feature", "properties": {}, "geometry": {"type": "Point", "coordinates": [77.61727, 13.03157]}}, {"type": "Feature", "properties": {}, "geometry": {"type": "Point", "coordinates": [77.61653, 13.02977]}}, {"type": "Feature", "properties": {}, "geometry": {"type": "Point", "coordinates": [77.6178, 13.0286]}}, {"type": "Feature", "properties": {}, "geometry": {"type": "Point", "coordinates": [77.61544, 13.03129]}}, {"type": "Feature", "properties": {}, "geometry": {"type": "Point", "coordinates": [77.61926, 13.03105]}}, {"type": "Feature", "properties": {}, "geometry": {"type": "Point", "coordinates": [77.61668, 13.03012]}}, {"type": "Feature", "properties": {}, "geometry": {"type": "Point", "coordinates": [77.61614, 13.03107]}}, {"type": "Feature", "properties": {}, "geometry": {"type": "Point", "coordinates": [77.61613, 13.03104]}}, {"type": "Feature", "properties": {}, "geometry": {"type": "Point", "coordinates": [77.61937, 13.03159]}}, {"type": "Feature", "properties": {}, "geometry": {"type": "Point", "coordinates": [77.6203, 13.03267]}}, {"type": "Feature", "properties": {}, "geometry": {"type": "Point", "coordinates": [77.61219, 13.0339]}}, {"type": "Feature", "properties": {}, "geometry": {"type": "Point", "coordinates": [77.613, 13.03201]}}, {"type": "Feature", "properties": {}, "geometry": {"type": "Point", "coordinates": [77.61493, 13.02958]}}, {"type": "Feature", "properties": {}, "geometry": {"type": "Point", "coordinates": [77.61612, 13.03074]}}, {"type": "Feature", "properties": {}, "geometry": {"type": "Point", "coordinates": [77.61416, 13.03055]}}, {"type": "Feature", "properties": {}, "geometry": {"type": "Point", "coordinates": [77.61239, 13.03282]}}, {"type": "Feature", "properties": {}, "geometry": {"type": "Point", "coordinates": [77.61749, 13.03115]}}, {"type": "Feature", "properties": {}, "geometry": {"type": "Point", "coordinates": [77.61936, 13.03277]}}, {"type": "Feature", "properties": {}, "geometry": {"type": "Point", "coordinates": [77.61574, 13.03001]}}, {"type": "Feature", "properties": {}, "geometry": {"type": "Point", "coordinates": [77.61775, 13.02927]}}, {"type": "Feature", "properties": {}, "geometry": {"type": "Point", "coordinates": [77.61858, 13.03111]}}, {"type": "Feature", "properties": {}, "geometry": {"type": "Point", "coordinates": [77.61399, 13.03231]}}, {"type": "Feature", "properties": {}, "geometry": {"type": "Point", "coordinates": [77.67233, 12.97048]}}, {"type": "Feature", "properties": {}, "geometry": {"type": "Point", "coordinates": [77.67887, 12.96542]}}, {"type": "Feature", "properties": {}, "geometry": {"type": "Point", "coordinates": [77.67739, 12.96532]}}, {"type": "Feature", "properties": {}, "geometry": {"type": "Point", "coordinates": [77.67611, 12.96499]}}, {"type": "Feature", "properties": {}, "geometry": {"type": "Point", "coordinates": [77.67614, 12.96732]}}, {"type": "Feature", "properties": {}, "geometry": {"type": "Point", "coordinates": [77.66674, 12.96843]}}, {"type": "Feature", "properties": {}, "geometry": {"type": "Point", "coordinates": [77.66705, 12.96931]}}, {"type": "Feature", "properties": {}, "geometry": {"type": "Point", "coordinates": [77.6671, 12.96932]}}, {"type": "Feature", "properties": {}, "geometry": {"type": "Point", "coordinates": [77.66692, 12.96936]}}, {"type": "Feature", "properties": {}, "geometry": {"type": "Point", "coordinates": [77.66827, 12.97088]}}, {"type": "Feature", "properties": {}, "geometry": {"type": "Point", "coordinates": [77.67175, 12.96976]}}, {"type": "Feature", "properties": {}, "geometry": {"type": "Point", "coordinates": [77.67155, 12.96984]}}, {"type": "Feature", "properties": {}, "geometry": {"type": "Point", "coordinates": [77.66957, 12.96779]}}, {"type": "Feature", "properties": {}, "geometry": {"type": "Point", "coordinates": [77.66958, 12.96754]}}, {"type": "Feature", "properties": {}, "geometry": {"type": "Point", "coordinates": [77.67428, 12.96888]}}, {"type": "Feature", "properties": {}, "geometry": {"type": "Point", "coordinates": [77.67475, 12.9693]}}, {"type": "Feature", "properties": {}, "geometry": {"type": "Point", "coordinates": [77.67391, 12.96841]}}, {"type": "Feature", "properties": {}, "geometry": {"type": "Point", "coordinates": [77.67381, 12.96693]}}, {"type": "Feature", "properties": {}, "geometry": {"type": "Point", "coordinates": [77.67375, 12.9667]}}, {"type": "Feature", "properties": {}, "geometry": {"type": "Point", "coordinates": [77.67598, 12.96914]}}, {"type": "Feature", "properties": {}, "geometry": {"type": "Point", "coordinates": [77.68168, 12.97579]}}, {"type": "Feature", "properties": {}, "geometry": {"type": "Point", "coordinates": [77.68104, 12.97304]}}, {"type": "Feature", "properties": {}, "geometry": {"type": "Point", "coordinates": [77.67879, 12.96672]}}, {"type": "Feature", "properties": {}, "geometry": {"type": "Point", "coordinates": [77.67946, 12.99614]}}, {"type": "Feature", "properties": {}, "geometry": {"type": "Point", "coordinates": [77.68125, 12.97534]}}, {"type": "Feature", "properties": {}, "geometry": {"type": "Point", "coordinates": [77.68074, 12.97362]}}, {"type": "Feature", "properties": {}, "geometry": {"type": "Point", "coordinates": [77.68807, 12.9904]}}, {"type": "Feature", "properties": {}, "geometry": {"type": "Point", "coordinates": [77.68677, 12.98977]}}, {"type": "Feature", "properties": {}, "geometry": {"type": "Point", "coordinates": [77.68512, 12.98722]}}, {"type": "Feature", "properties": {}, "geometry": {"type": "Point", "coordinates": [77.68445, 12.98863]}}, {"type": "Feature", "properties": {}, "geometry": {"type": "Point", "coordinates": [77.68328, 12.99052]}}, {"type": "Feature", "properties": {}, "geometry": {"type": "Point", "coordinates": [77.68109, 12.99136]}}, {"type": "Feature", "properties": {}, "geometry": {"type": "Point", "coordinates": [77.68296, 12.99065]}}, {"type": "Feature", "properties": {}, "geometry": {"type": "Point", "coordinates": [77.68316, 12.99469]}}, {"type": "Feature", "properties": {}, "geometry": {"type": "Point", "coordinates": [77.68036, 12.99228]}}, {"type": "Feature", "properties": {}, "geometry": {"type": "Point", "coordinates": [77.68086, 12.9922]}}, {"type": "Feature", "properties": {}, "geometry": {"type": "Point", "coordinates": [77.67928, 12.96684]}}, {"type": "Feature", "properties": {}, "geometry": {"type": "Point", "coordinates": [77.67635, 12.96502]}}, {"type": "Feature", "properties": {}, "geometry": {"type": "Point", "coordinates": [77.68686, 12.96932]}}, {"type": "Feature", "properties": {}, "geometry": {"type": "Point", "coordinates": [77.67149, 12.96788]}}, {"type": "Feature", "properties": {}, "geometry": {"type": "Point", "coordinates": [77.67641, 12.96536]}}, {"type": "Feature", "properties": {}, "geometry": {"type": "Point", "coordinates": [77.68236, 12.96706]}}, {"type": "Feature", "properties": {}, "geometry": {"type": "Point", "coordinates": [77.68198, 12.9661]}}, {"type": "Feature", "properties": {}, "geometry": {"type": "Point", "coordinates": [77.68539, 12.96972]}}, {"type": "Feature", "properties": {}, "geometry": {"type": "Point", "coordinates": [77.68274, 12.96925]}}, {"type": "Feature", "properties": {}, "geometry": {"type": "Point", "coordinates": [77.67906, 12.97112]}}, {"type": "Feature", "properties": {}, "geometry": {"type": "Point", "coordinates": [77.68094, 12.96962]}}, {"type": "Feature", "properties": {}, "geometry": {"type": "Point", "coordinates": [77.68304, 12.97523]}}, {"type": "Feature", "properties": {}, "geometry": {"type": "Point", "coordinates": [77.68372, 12.97457]}}, {"type": "Feature", "properties": {}, "geometry": {"type": "Point", "coordinates": [77.68037, 12.98153]}}, {"type": "Feature", "properties": {}, "geometry": {"type": "Point", "coordinates": [77.68047, 12.9823]}}, {"type": "Feature", "properties": {}, "geometry": {"type": "Point", "coordinates": [77.67674, 12.99029]}}, {"type": "Feature", "properties": {}, "geometry": {"type": "Point", "coordinates": [77.67702, 12.99021]}}, {"type": "Feature", "properties": {}, "geometry": {"type": "Point", "coordinates": [77.68346, 12.98956]}}, {"type": "Feature", "properties": {}, "geometry": {"type": "Point", "coordinates": [77.68358, 12.9888]}}, {"type": "Feature", "properties": {}, "geometry": {"type": "Point", "coordinates": [77.69027, 12.99088]}}, {"type": "Feature", "properties": {}, "geometry": {"type": "Point", "coordinates": [77.69101, 12.99146]}}, {"type": "Feature", "properties": {}, "geometry": {"type": "Point", "coordinates": [77.69065, 12.98916]}}, {"type": "Feature", "properties": {}, "geometry": {"type": "Point", "coordinates": [77.67661, 12.96609]}}, {"type": "Feature", "properties": {}, "geometry": {"type": "Point", "coordinates": [77.679, 12.96762]}}, {"type": "Feature", "properties": {}, "geometry": {"type": "Point", "coordinates": [77.68147, 12.97072]}}, {"type": "Feature", "properties": {}, "geometry": {"type": "Point", "coordinates": [77.67884, 12.97189]}}, {"type": "Feature", "properties": {}, "geometry": {"type": "Point", "coordinates": [77.6774, 12.98544]}}, {"type": "Feature", "properties": {}, "geometry": {"type": "Point", "coordinates": [77.67017, 12.96843]}}, {"type": "Feature", "properties": {}, "geometry": {"type": "Point", "coordinates": [77.69186, 12.95579]}}, {"type": "Feature", "properties": {}, "geometry": {"type": "Point", "coordinates": [77.69155, 12.95548]}}, {"type": "Feature", "properties": {}, "geometry": {"type": "Point", "coordinates": [77.69142, 12.9553]}}, {"type": "Feature", "properties": {}, "geometry": {"type": "Point", "coordinates": [77.69146, 12.95466]}}, {"type": "Feature", "properties": {}, "geometry": {"type": "Point", "coordinates": [77.69159, 12.95468]}}, {"type": "Feature", "properties": {}, "geometry": {"type": "Point", "coordinates": [77.68734, 12.94908]}}, {"type": "Feature", "properties": {}, "geometry": {"type": "Point", "coordinates": [77.68435, 12.94843]}}, {"type": "Feature", "properties": {}, "geometry": {"type": "Point", "coordinates": [77.68431, 12.94823]}}, {"type": "Feature", "properties": {}, "geometry": {"type": "Point", "coordinates": [77.68254, 12.94868]}}, {"type": "Feature", "properties": {}, "geometry": {"type": "Point", "coordinates": [77.68176, 12.94855]}}, {"type": "Feature", "properties": {}, "geometry": {"type": "Point", "coordinates": [77.6807, 12.94846]}}, {"type": "Feature", "properties": {}, "geometry": {"type": "Point", "coordinates": [77.68123, 12.94612]}}, {"type": "Feature", "properties": {}, "geometry": {"type": "Point", "coordinates": [77.68074, 12.94571]}}, {"type": "Feature", "properties": {}, "geometry": {"type": "Point", "coordinates": [77.68021, 12.94674]}}, {"type": "Feature", "properties": {}, "geometry": {"type": "Point", "coordinates": [77.68165, 12.94742]}}, {"type": "Feature", "properties": {}, "geometry": {"type": "Point", "coordinates": [77.68207, 12.94617]}}, {"type": "Feature", "properties": {}, "geometry": {"type": "Point", "coordinates": [77.6826, 12.94762]}}, {"type": "Feature", "properties": {}, "geometry": {"type": "Point", "coordinates": [77.68262, 12.94769]}}, {"type": "Feature", "properties": {}, "geometry": {"type": "Point", "coordinates": [77.68064, 12.94559]}}, {"type": "Feature", "properties": {}, "geometry": {"type": "Point", "coordinates": [77.68192, 12.94525]}}, {"type": "Feature", "properties": {}, "geometry": {"type": "Point", "coordinates": [77.6805, 12.94523]}}, {"type": "Feature", "properties": {}, "geometry": {"type": "Point", "coordinates": [77.67994, 12.94415]}}, {"type": "Feature", "properties": {}, "geometry": {"type": "Point", "coordinates": [77.67986, 12.94449]}}, {"type": "Feature", "properties": {}, "geometry": {"type": "Point", "coordinates": [77.67307, 12.94637]}}, {"type": "Feature", "properties": {}, "geometry": {"type": "Point", "coordinates": [77.67285, 12.94596]}}, {"type": "Feature", "properties": {}, "geometry": {"type": "Point", "coordinates": [77.67266, 12.94595]}}, {"type": "Feature", "properties": {}, "geometry": {"type": "Point", "coordinates": [77.67263, 12.94614]}}, {"type": "Feature", "properties": {}, "geometry": {"type": "Point", "coordinates": [77.66182, 12.94556]}}, {"type": "Feature", "properties": {}, "geometry": {"type": "Point", "coordinates": [77.64891, 12.94567]}}, {"type": "Feature", "properties": {}, "geometry": {"type": "Point", "coordinates": [77.64867, 12.94577]}}, {"type": "Feature", "properties": {}, "geometry": {"type": "Point", "coordinates": [77.6489, 12.94522]}}, {"type": "Feature", "properties": {}, "geometry": {"type": "Point", "coordinates": [77.64903, 12.94501]}}, {"type": "Feature", "properties": {}, "geometry": {"type": "Point", "coordinates": [77.64902, 12.94414]}}, {"type": "Feature", "properties": {}, "geometry": {"type": "Point", "coordinates": [77.64886, 12.94416]}}, {"type": "Feature", "properties": {}, "geometry": {"type": "Point", "coordinates": [77.64863, 12.94433]}}, {"type": "Feature", "properties": {}, "geometry": {"type": "Point", "coordinates": [77.65213, 12.94419]}}, {"type": "Feature", "properties": {}, "geometry": {"type": "Point", "coordinates": [77.65366, 12.94357]}}, {"type": "Feature", "properties": {}, "geometry": {"type": "Point", "coordinates": [77.65358, 12.94366]}}, {"type": "Feature", "properties": {}, "geometry": {"type": "Point", "coordinates": [77.65499, 12.94306]}}, {"type": "Feature", "properties": {}, "geometry": {"type": "Point", "coordinates": [77.65591, 12.94266]}}, {"type": "Feature", "properties": {}, "geometry": {"type": "Point", "coordinates": [77.65629, 12.94264]}}, {"type": "Feature", "properties": {}, "geometry": {"type": "Point", "coordinates": [77.65584, 12.94339]}}, {"type": "Feature", "properties": {}, "geometry": {"type": "Point", "coordinates": [77.65615, 12.94379]}}, {"type": "Feature", "properties": {}, "geometry": {"type": "Point", "coordinates": [77.65882, 12.94284]}}, {"type": "Feature", "properties": {}, "geometry": {"type": "Point", "coordinates": [77.65591, 12.94013]}}, {"type": "Feature", "properties": {}, "geometry": {"type": "Point", "coordinates": [77.65104, 12.9445]}}, {"type": "Feature", "properties": {}, "geometry": {"type": "Point", "coordinates": [77.63516, 13.0125]}}, {"type": "Feature", "properties": {}, "geometry": {"type": "Point", "coordinates": [77.63299, 13.0177]}}, {"type": "Feature", "properties": {}, "geometry": {"type": "Point", "coordinates": [77.63449, 13.01127]}}, {"type": "Feature", "properties": {}, "geometry": {"type": "Point", "coordinates": [77.6353, 13.01144]}}, {"type": "Feature", "properties": {}, "geometry": {"type": "Point", "coordinates": [77.6316, 13.01061]}}, {"type": "Feature", "properties": {}, "geometry": {"type": "Point", "coordinates": [77.62333, 13.00981]}}, {"type": "Feature", "properties": {}, "geometry": {"type": "Point", "coordinates": [77.63322, 13.0082]}}, {"type": "Feature", "properties": {}, "geometry": {"type": "Point", "coordinates": [77.63247, 13.00768]}}, {"type": "Feature", "properties": {}, "geometry": {"type": "Point", "coordinates": [77.63716, 13.00527]}}, {"type": "Feature", "properties": {}, "geometry": {"type": "Point", "coordinates": [77.63708, 13.00611]}}, {"type": "Feature", "properties": {}, "geometry": {"type": "Point", "coordinates": [77.64242, 13.00983]}}, {"type": "Feature", "properties": {}, "geometry": {"type": "Point", "coordinates": [77.64204, 13.0107]}}, {"type": "Feature", "properties": {}, "geometry": {"type": "Point", "coordinates": [77.64022, 13.00872]}}, {"type": "Feature", "properties": {}, "geometry": {"type": "Point", "coordinates": [77.64024, 13.00868]}}, {"type": "Feature", "properties": {}, "geometry": {"type": "Point", "coordinates": [77.63877, 13.00955]}}, {"type": "Feature", "properties": {}, "geometry": {"type": "Point", "coordinates": [77.64051, 13.01084]}}, {"type": "Feature", "properties": {}, "geometry": {"type": "Point", "coordinates": [77.66388, 13.01225]}}, {"type": "Feature", "properties": {}, "geometry": {"type": "Point", "coordinates": [77.63748, 13.0116]}}, {"type": "Feature", "properties": {}, "geometry": {"type": "Point", "coordinates": [77.64002, 13.00951]}}, {"type": "Feature", "properties": {}, "geometry": {"type": "Point", "coordinates": [77.63579, 13.00566]}}, {"type": "Feature", "properties": {}, "geometry": {"type": "Point", "coordinates": [77.61184, 13.04029]}}, {"type": "Feature", "properties": {}, "geometry": {"type": "Point", "coordinates": [77.61418, 13.03805]}}, {"type": "Feature", "properties": {}, "geometry": {"type": "Point", "coordinates": [77.61439, 13.03758]}}, {"type": "Feature", "properties": {}, "geometry": {"type": "Point", "coordinates": [77.61527, 13.03644]}}, {"type": "Feature", "properties": {}, "geometry": {"type": "Point", "coordinates": [77.61594, 13.03668]}}, {"type": "Feature", "properties": {}, "geometry": {"type": "Point", "coordinates": [77.61678, 13.03577]}}, {"type": "Feature", "properties": {}, "geometry": {"type": "Point", "coordinates": [77.61589, 13.0358]}}, {"type": "Feature", "properties": {}, "geometry": {"type": "Point", "coordinates": [77.61673, 13.03494]}}, {"type": "Feature", "properties": {}, "geometry": {"type": "Point", "coordinates": [77.613, 13.03201]}}, {"type": "Feature", "properties": {}, "geometry": {"type": "Point", "coordinates": [77.61232, 13.03272]}}, {"type": "Feature", "properties": {}, "geometry": {"type": "Point", "coordinates": [77.61221, 13.03388]}}, {"type": "Feature", "properties": {}, "geometry": {"type": "Point", "coordinates": [77.61407, 13.03046]}}, {"type": "Feature", "properties": {}, "geometry": {"type": "Point", "coordinates": [77.62162, 13.03199]}}, {"type": "Feature", "properties": {}, "geometry": {"type": "Point", "coordinates": [77.62092, 13.03308]}}, {"type": "Feature", "properties": {}, "geometry": {"type": "Point", "coordinates": [77.62031, 13.03269]}}, {"type": "Feature", "properties": {}, "geometry": {"type": "Point", "coordinates": [77.61938, 13.03283]}}, {"type": "Feature", "properties": {}, "geometry": {"type": "Point", "coordinates": [77.61877, 13.03334]}}, {"type": "Feature", "properties": {}, "geometry": {"type": "Point", "coordinates": [77.61931, 13.03436]}}, {"type": "Feature", "properties": {}, "geometry": {"type": "Point", "coordinates": [77.61747, 13.03113]}}, {"type": "Feature", "properties": {}, "geometry": {"type": "Point", "coordinates": [77.62135, 13.03496]}}, {"type": "Feature", "properties": {}, "geometry": {"type": "Point", "coordinates": [77.61926, 13.03107]}}, {"type": "Feature", "properties": {}, "geometry": {"type": "Point", "coordinates": [77.61937, 13.03155]}}, {"type": "Feature", "properties": {}, "geometry": {"type": "Point", "coordinates": [77.61937, 13.03144]}}, {"type": "Feature", "properties": {}, "geometry": {"type": "Point", "coordinates": [77.61727, 13.03152]}}, {"type": "Feature", "properties": {}, "geometry": {"type": "Point", "coordinates": [77.61563, 13.02885]}}, {"type": "Feature", "properties": {}, "geometry": {"type": "Point", "coordinates": [77.61612, 13.03106]}}, {"type": "Feature", "properties": {}, "geometry": {"type": "Point", "coordinates": [77.61613, 13.03105]}}, {"type": "Feature", "properties": {}, "geometry": {"type": "Point", "coordinates": [77.61499, 13.03013]}}, {"type": "Feature", "properties": {}, "geometry": {"type": "Point", "coordinates": [77.61194, 13.04117]}}, {"type": "Feature", "properties": {}, "geometry": {"type": "Point", "coordinates": [77.61493, 13.03003]}}, {"type": "Feature", "properties": {}, "geometry": {"type": "Point", "coordinates": [77.61492, 13.02956]}}, {"type": "Feature", "properties": {}, "geometry": {"type": "Point", "coordinates": [77.61544, 13.03126]}}, {"type": "Feature", "properties": {}, "geometry": {"type": "Point", "coordinates": [77.61786, 13.02905]}}, {"type": "Feature", "properties": {}, "geometry": {"type": "Point", "coordinates": [77.61648, 13.02966]}}, {"type": "Feature", "properties": {}, "geometry": {"type": "Point", "coordinates": [77.6161, 13.03072]}}, {"type": "Feature", "properties": {}, "geometry": {"type": "Point", "coordinates": [77.6182, 13.03072]}}, {"type": "Feature", "properties": {}, "geometry": {"type": "Point", "coordinates": [77.6185, 13.0341]}}, {"type": "Feature", "properties": {}, "geometry": {"type": "Point", "coordinates": [77.61672, 13.03471]}}, {"type": "Feature", "properties": {}, "geometry": {"type": "Point", "coordinates": [77.61916, 13.03389]}}, {"type": "Feature", "properties": {}, "geometry": {"type": "Point", "coordinates": [77.61977, 13.03366]}}, {"type": "Feature", "properties": {}, "geometry": {"type": "Point", "coordinates": [77.61352, 13.03127]}}, {"type": "Feature", "properties": {}, "geometry": {"type": "Point", "coordinates": [77.61862, 13.03461]}}, {"type": "Feature", "properties": {}, "geometry": {"type": "Point", "coordinates": [77.61231, 13.03275]}}, {"type": "Feature", "properties": {}, "geometry": {"type": "Point", "coordinates": [77.61184, 13.07117]}}, {"type": "Feature", "properties": {}, "geometry": {"type": "Point", "coordinates": [77.61654, 13.03441]}}, {"type": "Feature", "properties": {}, "geometry": {"type": "Point", "coordinates": [77.6209, 13.03453]}}, {"type": "Feature", "properties": {}, "geometry": {"type": "Point", "coordinates": [77.61209, 13.0403]}}, {"type": "Feature", "properties": {}, "geometry": {"type": "Point", "coordinates": [77.61771, 13.02949]}}, {"type": "Feature", "properties": {}, "geometry": {"type": "Point", "coordinates": [77.6186, 13.03107]}}, {"type": "Feature", "properties": {}, "geometry": {"type": "Point", "coordinates": [77.68133, 13.01115]}}, {"type": "Feature", "properties": {}, "geometry": {"type": "Point", "coordinates": [77.68116, 13.01361]}}, {"type": "Feature", "properties": {}, "geometry": {"type": "Point", "coordinates": [77.681, 13.01273]}}, {"type": "Feature", "properties": {}, "geometry": {"type": "Point", "coordinates": [77.68159, 13.01398]}}, {"type": "Feature", "properties": {}, "geometry": {"type": "Point", "coordinates": [77.68482, 13.0159]}}, {"type": "Feature", "properties": {}, "geometry": {"type": "Point", "coordinates": [77.68334, 13.01609]}}, {"type": "Feature", "properties": {}, "geometry": {"type": "Point", "coordinates": [77.68547, 13.01536]}}, {"type": "Feature", "properties": {}, "geometry": {"type": "Point", "coordinates": [77.68498, 13.02519]}}, {"type": "Feature", "properties": {}, "geometry": {"type": "Point", "coordinates": [77.68533, 13.02311]}}, {"type": "Feature", "properties": {}, "geometry": {"type": "Point", "coordinates": [77.68711, 13.0215]}}, {"type": "Feature", "properties": {}, "geometry": {"type": "Point", "coordinates": [77.67989, 13.01908]}}, {"type": "Feature", "properties": {}, "geometry": {"type": "Point", "coordinates": [77.67829, 13.01912]}}, {"type": "Feature", "properties": {}, "geometry": {"type": "Point", "coordinates": [77.68737, 13.01953]}}, {"type": "Feature", "properties": {}, "geometry": {"type": "Point", "coordinates": [77.68537, 13.01601]}}, {"type": "Feature", "properties": {}, "geometry": {"type": "Point", "coordinates": [77.68185, 13.01575]}}, {"type": "Feature", "properties": {}, "geometry": {"type": "Point", "coordinates": [77.67875, 13.01212]}}, {"type": "Feature", "properties": {}, "geometry": {"type": "Point", "coordinates": [77.68302, 13.01678]}}, {"type": "Feature", "properties": {}, "geometry": {"type": "Point", "coordinates": [77.67862, 13.01908]}}, {"type": "Feature", "properties": {}, "geometry": {"type": "Point", "coordinates": [77.67745, 13.02083]}}, {"type": "Feature", "properties": {}, "geometry": {"type": "Point", "coordinates": [77.68031, 13.01092]}}, {"type": "Feature", "properties": {}, "geometry": {"type": "Point", "coordinates": [77.68546, 13.01539]}}, {"type": "Feature", "properties": {}, "geometry": {"type": "Point", "coordinates": [77.68323, 13.01633]}}, {"type": "Feature", "properties": {}, "geometry": {"type": "Point", "coordinates": [77.68104, 13.019]}}, {"type": "Feature", "properties": {}, "geometry": {"type": "Point", "coordinates": [77.69415, 13.02307]}}, {"type": "Feature", "properties": {}, "geometry": {"type": "Point", "coordinates": [77.69081, 13.02132]}}, {"type": "Feature", "properties": {}, "geometry": {"type": "Point", "coordinates": [77.67546, 13.01916]}}, {"type": "Feature", "properties": {}, "geometry": {"type": "Point", "coordinates": [77.68113, 13.01204]}}, {"type": "Feature", "properties": {}, "geometry": {"type": "Point", "coordinates": [77.67718, 13.0103]}}, {"type": "Feature", "properties": {}, "geometry": {"type": "Point", "coordinates": [77.68387, 13.0216]}}, {"type": "Feature", "properties": {}, "geometry": {"type": "Point", "coordinates": [77.67027, 12.99825]}}, {"type": "Feature", "properties": {}, "geometry": {"type": "Point", "coordinates": [77.67011, 12.99854]}}, {"type": "Feature", "properties": {}, "geometry": {"type": "Point", "coordinates": [77.67228, 12.99835]}}, {"type": "Feature", "properties": {}, "geometry": {"type": "Point", "coordinates": [77.67372, 12.9936]}}, {"type": "Feature", "properties": {}, "geometry": {"type": "Point", "coordinates": [77.66423, 12.99552]}}, {"type": "Feature", "properties": {}, "geometry": {"type": "Point", "coordinates": [77.67359, 12.99843]}}, {"type": "Feature", "properties": {}, "geometry": {"type": "Point", "coordinates": [77.67436, 12.99983]}}, {"type": "Feature", "properties": {}, "geometry": {"type": "Point", "coordinates": [77.67009, 12.99864]}}, {"type": "Feature", "properties": {}, "geometry": {"type": "Point", "coordinates": [77.67523, 12.99496]}}, {"type": "Feature", "properties": {}, "geometry": {"type": "Point", "coordinates": [77.67485, 12.99607]}}, {"type": "Feature", "properties": {}, "geometry": {"type": "Point", "coordinates": [77.66905, 12.99168]}}, {"type": "Feature", "properties": {}, "geometry": {"type": "Point", "coordinates": [77.66902, 12.99172]}}, {"type": "Feature", "properties": {}, "geometry": {"type": "Point", "coordinates": [77.66844, 12.99213]}}, {"type": "Feature", "properties": {}, "geometry": {"type": "Point", "coordinates": [77.67007, 12.99245]}}, {"type": "Feature", "properties": {}, "geometry": {"type": "Point", "coordinates": [77.67491, 12.9899]}}, {"type": "Feature", "properties": {}, "geometry": {"type": "Point", "coordinates": [77.57638, 12.9893]}}, {"type": "Feature", "properties": {}, "geometry": {"type": "Point", "coordinates": [77.6772, 12.98977]}}, {"type": "Feature", "properties": {}, "geometry": {"type": "Point", "coordinates": [77.67592, 12.99081]}}, {"type": "Feature", "properties": {}, "geometry": {"type": "Point", "coordinates": [77.67222, 12.99036]}}, {"type": "Feature", "properties": {}, "geometry": {"type": "Point", "coordinates": [77.66999, 12.99093]}}, {"type": "Feature", "properties": {}, "geometry": {"type": "Point", "coordinates": [77.66991, 12.99098]}}, {"type": "Feature", "properties": {}, "geometry": {"type": "Point", "coordinates": [77.66998, 12.98995]}}, {"type": "Feature", "properties": {}, "geometry": {"type": "Point", "coordinates": [77.66904, 12.99059]}}, {"type": "Feature", "properties": {}, "geometry": {"type": "Point", "coordinates": [77.6759, 12.99072]}}, {"type": "Feature", "properties": {}, "geometry": {"type": "Point", "coordinates": [77.67674, 12.99278]}}, {"type": "Feature", "properties": {}, "geometry": {"type": "Point", "coordinates": [77.67585, 12.99442]}}, {"type": "Feature", "properties": {}, "geometry": {"type": "Point", "coordinates": [77.6796, 12.99432]}}, {"type": "Feature", "properties": {}, "geometry": {"type": "Point", "coordinates": [77.67536, 12.99358]}}, {"type": "Feature", "properties": {}, "geometry": {"type": "Point", "coordinates": [77.67277, 12.99602]}}, {"type": "Feature", "properties": {}, "geometry": {"type": "Point", "coordinates": [77.67346, 12.99495]}}, {"type": "Feature", "properties": {}, "geometry": {"type": "Point", "coordinates": [77.67338, 12.99503]}}, {"type": "Feature", "properties": {}, "geometry": {"type": "Point", "coordinates": [77.67419, 12.99445]}}, {"type": "Feature", "properties": {}, "geometry": {"type": "Point", "coordinates": [77.6749, 12.99448]}}, {"type": "Feature", "properties": {}, "geometry": {"type": "Point", "coordinates": [77.67168, 12.99413]}}, {"type": "Feature", "properties": {}, "geometry": {"type": "Point", "coordinates": [77.67123, 12.99183]}}, {"type": "Feature", "properties": {}, "geometry": {"type": "Point", "coordinates": [77.67144, 12.99451]}}, {"type": "Feature", "properties": {}, "geometry": {"type": "Point", "coordinates": [77.66686, 12.99451]}}, {"type": "Feature", "properties": {}, "geometry": {"type": "Point", "coordinates": [77.57239, 12.98823]}}, {"type": "Feature", "properties": {}, "geometry": {"type": "Point", "coordinates": [77.67807, 12.99177]}}, {"type": "Feature", "properties": {}, "geometry": {"type": "Point", "coordinates": [77.66934, 12.99329]}}, {"type": "Feature", "properties": {}, "geometry": {"type": "Point", "coordinates": [77.67236, 12.9896]}}, {"type": "Feature", "properties": {}, "geometry": {"type": "Point", "coordinates": [77.67095, 12.98987]}}, {"type": "Feature", "properties": {}, "geometry": {"type": "Point", "coordinates": [77.67129, 12.99464]}}, {"type": "Feature", "properties": {}, "geometry": {"type": "Point", "coordinates": [77.67478, 12.98759]}}, {"type": "Feature", "properties": {}, "geometry": {"type": "Point", "coordinates": [77.67214, 12.99315]}}, {"type": "Feature", "properties": {}, "geometry": {"type": "Point", "coordinates": [77.6713, 12.99806]}}, {"type": "Feature", "properties": {}, "geometry": {"type": "Point", "coordinates": [77.57811, 12.99647]}}, {"type": "Feature", "properties": {}, "geometry": {"type": "Point", "coordinates": [77.67567, 12.99017]}}, {"type": "Feature", "properties": {}, "geometry": {"type": "Point", "coordinates": [77.66934, 12.99332]}}, {"type": "Feature", "properties": {}, "geometry": {"type": "Point", "coordinates": [77.68106, 12.96178]}}, {"type": "Feature", "properties": {}, "geometry": {"type": "Point", "coordinates": [77.67578, 12.96322]}}, {"type": "Feature", "properties": {}, "geometry": {"type": "Point", "coordinates": [77.66474, 12.97069]}}, {"type": "Feature", "properties": {}, "geometry": {"type": "Point", "coordinates": [77.6743, 12.96189]}}, {"type": "Feature", "properties": {}, "geometry": {"type": "Point", "coordinates": [77.6744, 12.96403]}}, {"type": "Feature", "properties": {}, "geometry": {"type": "Point", "coordinates": [77.6721, 12.96248]}}, {"type": "Feature", "properties": {}, "geometry": {"type": "Point", "coordinates": [77.58971, 12.95846]}}, {"type": "Feature", "properties": {}, "geometry": {"type": "Point", "coordinates": [77.6092, 13.01544]}}, {"type": "Feature", "properties": {}, "geometry": {"type": "Point", "coordinates": [77.61196, 13.01598]}}, {"type": "Feature", "properties": {}, "geometry": {"type": "Point", "coordinates": [77.61236, 13.01398]}}, {"type": "Feature", "properties": {}, "geometry": {"type": "Point", "coordinates": [77.61264, 13.01592]}}, {"type": "Feature", "properties": {}, "geometry": {"type": "Point", "coordinates": [77.60819, 13.01867]}}, {"type": "Feature", "properties": {}, "geometry": {"type": "Point", "coordinates": [77.61153, 13.01001]}}, {"type": "Feature", "properties": {}, "geometry": {"type": "Point", "coordinates": [77.6115, 13.01541]}}, {"type": "Feature", "properties": {}, "geometry": {"type": "Point", "coordinates": [77.61003, 13.01639]}}, {"type": "Feature", "properties": {}, "geometry": {"type": "Point", "coordinates": [77.61025, 13.01118]}}, {"type": "Feature", "properties": {}, "geometry": {"type": "Point", "coordinates": [77.61235, 13.01638]}}, {"type": "Feature", "properties": {}, "geometry": {"type": "Point", "coordinates": [77.60943, 13.01814]}}, {"type": "Feature", "properties": {}, "geometry": {"type": "Point", "coordinates": [77.61071, 13.01789]}}, {"type": "Feature", "properties": {}, "geometry": {"type": "Point", "coordinates": [77.61195, 13.01259]}}, {"type": "Feature", "properties": {}, "geometry": {"type": "Point", "coordinates": [77.61136, 13.01646]}}, {"type": "Feature", "properties": {}, "geometry": {"type": "Point", "coordinates": [77.61073, 13.01184]}}, {"type": "Feature", "properties": {}, "geometry": {"type": "Point", "coordinates": [77.61037, 13.0134]}}, {"type": "Feature", "properties": {}, "geometry": {"type": "Point", "coordinates": [77.60987, 13.01101]}}, {"type": "Feature", "properties": {}, "geometry": {"type": "Point", "coordinates": [77.60993, 13.01056]}}, {"type": "Feature", "properties": {}, "geometry": {"type": "Point", "coordinates": [77.61097, 13.01339]}}, {"type": "Feature", "properties": {}, "geometry": {"type": "Point", "coordinates": [77.61233, 13.0156]}}, {"type": "Feature", "properties": {}, "geometry": {"type": "Point", "coordinates": [77.61303, 13.01419]}}, {"type": "Feature", "properties": {}, "geometry": {"type": "Point", "coordinates": [77.61002, 13.01345]}}, {"type": "Feature", "properties": {}, "geometry": {"type": "Point", "coordinates": [77.61123, 13.01575]}}, {"type": "Feature", "properties": {}, "geometry": {"type": "Point", "coordinates": [77.60787, 13.01944]}}, {"type": "Feature", "properties": {}, "geometry": {"type": "Point", "coordinates": [77.60938, 13.01885]}}, {"type": "Feature", "properties": {}, "geometry": {"type": "Point", "coordinates": [77.60876, 13.01558]}}, {"type": "Feature", "properties": {}, "geometry": {"type": "Point", "coordinates": [77.60953, 13.01539]}}, {"type": "Feature", "properties": {}, "geometry": {"type": "Point", "coordinates": [77.61131, 13.0149]}}, {"type": "Feature", "properties": {}, "geometry": {"type": "Point", "coordinates": [77.61082, 13.01531]}}, {"type": "Feature", "properties": {}, "geometry": {"type": "Point", "coordinates": [77.61025, 13.01289]}}, {"type": "Feature", "properties": {}, "geometry": {"type": "Point", "coordinates": [77.61041, 13.01026]}}, {"type": "Feature", "properties": {}, "geometry": {"type": "Point", "coordinates": [77.61178, 13.01085]}}, {"type": "Feature", "properties": {}, "geometry": {"type": "Point", "coordinates": [77.61315, 13.01096]}}, {"type": "Feature", "properties": {}, "geometry": {"type": "Point", "coordinates": [77.61147, 13.01115]}}, {"type": "Feature", "properties": {}, "geometry": {"type": "Point", "coordinates": [77.60925, 13.01728]}}, {"type": "Feature", "properties": {}, "geometry": {"type": "Point", "coordinates": [77.61053, 13.01735]}}, {"type": "Feature", "properties": {}, "geometry": {"type": "Point", "coordinates": [77.54968, 12.97532]}}, {"type": "Feature", "properties": {}, "geometry": {"type": "Point", "coordinates": [77.55151, 12.97553]}}, {"type": "Feature", "properties": {}, "geometry": {"type": "Point", "coordinates": [77.55065, 12.97565]}}, {"type": "Feature", "properties": {}, "geometry": {"type": "Point", "coordinates": [77.55075, 12.97627]}}, {"type": "Feature", "properties": {}, "geometry": {"type": "Point", "coordinates": [77.5527, 12.97634]}}, {"type": "Feature", "properties": {}, "geometry": {"type": "Point", "coordinates": [77.49491, 12.97695]}}, {"type": "Feature", "properties": {}, "geometry": {"type": "Point", "coordinates": [77.55339, 12.977]}}, {"type": "Feature", "properties": {}, "geometry": {"type": "Point", "coordinates": [77.552, 12.97732]}}, {"type": "Feature", "properties": {}, "geometry": {"type": "Point", "coordinates": [77.55239, 12.97742]}}, {"type": "Feature", "properties": {}, "geometry": {"type": "Point", "coordinates": [77.55345, 12.97762]}}, {"type": "Feature", "properties": {}, "geometry": {"type": "Point", "coordinates": [77.54562, 12.97785]}}, {"type": "Feature", "properties": {}, "geometry": {"type": "Point", "coordinates": [77.55382, 12.97779]}}, {"type": "Feature", "properties": {}, "geometry": {"type": "Point", "coordinates": [77.55348, 12.97825]}}, {"type": "Feature", "properties": {}, "geometry": {"type": "Point", "coordinates": [77.54455, 12.97836]}}, {"type": "Feature", "properties": {}, "geometry": {"type": "Point", "coordinates": [77.54294, 12.97868]}}, {"type": "Feature", "properties": {}, "geometry": {"type": "Point", "coordinates": [77.5455, 12.97866]}}, {"type": "Feature", "properties": {}, "geometry": {"type": "Point", "coordinates": [77.54461, 12.97872]}}, {"type": "Feature", "properties": {}, "geometry": {"type": "Point", "coordinates": [77.55386, 12.97894]}}, {"type": "Feature", "properties": {}, "geometry": {"type": "Point", "coordinates": [77.55324, 12.97915]}}, {"type": "Feature", "properties": {}, "geometry": {"type": "Point", "coordinates": [77.55388, 12.97927]}}, {"type": "Feature", "properties": {}, "geometry": {"type": "Point", "coordinates": [77.54275, 12.97946]}}, {"type": "Feature", "properties": {}, "geometry": {"type": "Point", "coordinates": [77.54224, 12.97956]}}, {"type": "Feature", "properties": {}, "geometry": {"type": "Point", "coordinates": [77.54614, 12.97955]}}, {"type": "Feature", "properties": {}, "geometry": {"type": "Point", "coordinates": [77.54376, 12.97966]}}, {"type": "Feature", "properties": {}, "geometry": {"type": "Point", "coordinates": [77.55466, 12.97959]}}, {"type": "Feature", "properties": {}, "geometry": {"type": "Point", "coordinates": [77.54437, 12.97991]}}, {"type": "Feature", "properties": {}, "geometry": {"type": "Point", "coordinates": [77.54064, 12.97996]}}, {"type": "Feature", "properties": {}, "geometry": {"type": "Point", "coordinates": [77.55444, 12.97991]}}, {"type": "Feature", "properties": {}, "geometry": {"type": "Point", "coordinates": [77.55316, 12.97995]}}, {"type": "Feature", "properties": {}, "geometry": {"type": "Point", "coordinates": [77.54378, 12.98044]}}, {"type": "Feature", "properties": {}, "geometry": {"type": "Point", "coordinates": [77.55307, 12.98058]}}, {"type": "Feature", "properties": {}, "geometry": {"type": "Point", "coordinates": [77.5023, 12.98117]}}, {"type": "Feature", "properties": {}, "geometry": {"type": "Point", "coordinates": [77.5424, 12.9808]}}, {"type": "Feature", "properties": {}, "geometry": {"type": "Point", "coordinates": [77.54376, 12.98088]}}, {"type": "Feature", "properties": {}, "geometry": {"type": "Point", "coordinates": [77.54647, 12.98102]}}, {"type": "Feature", "properties": {}, "geometry": {"type": "Point", "coordinates": [77.54525, 12.98125]}}, {"type": "Feature", "properties": {}, "geometry": {"type": "Point", "coordinates": [77.5415, 12.98138]}}, {"type": "Feature", "properties": {}, "geometry": {"type": "Point", "coordinates": [77.54077, 12.98156]}}, {"type": "Feature", "properties": {}, "geometry": {"type": "Point", "coordinates": [77.54226, 12.98155]}}, {"type": "Feature", "properties": {}, "geometry": {"type": "Point", "coordinates": [77.54328, 12.98194]}}, {"type": "Feature", "properties": {}, "geometry": {"type": "Point", "coordinates": [77.52239, 12.99102]}}, {"type": "Feature", "properties": {}, "geometry": {"type": "Point", "coordinates": [77.53001, 12.99095]}}, {"type": "Feature", "properties": {}, "geometry": {"type": "Point", "coordinates": [77.50049, 12.99127]}}, {"type": "Feature", "properties": {}, "geometry": {"type": "Point", "coordinates": [77.53823, 12.99091]}}, {"type": "Feature", "properties": {}, "geometry": {"type": "Point", "coordinates": [77.53228, 12.99107]}}, {"type": "Feature", "properties": {}, "geometry": {"type": "Point", "coordinates": [77.52228, 12.99119]}}, {"type": "Feature", "properties": {}, "geometry": {"type": "Point", "coordinates": [77.50574, 12.99137]}}, {"type": "Feature", "properties": {}, "geometry": {"type": "Point", "coordinates": [77.55604, 12.99089]}}, {"type": "Feature", "properties": {}, "geometry": {"type": "Point", "coordinates": [77.52484, 12.99125]}}, {"type": "Feature", "properties": {}, "geometry": {"type": "Point", "coordinates": [77.52822, 12.99123]}}, {"type": "Feature", "properties": {}, "geometry": {"type": "Point", "coordinates": [77.55655, 12.99097]}}, {"type": "Feature", "properties": {}, "geometry": {"type": "Point", "coordinates": [77.52794, 12.99128]}}, {"type": "Feature", "properties": {}, "geometry": {"type": "Point", "coordinates": [77.54196, 12.99119]}}, {"type": "Feature", "properties": {}, "geometry": {"type": "Point", "coordinates": [77.53514, 12.99129]}}, {"type": "Feature", "properties": {}, "geometry": {"type": "Point", "coordinates": [77.55604, 12.99119]}}, {"type": "Feature", "properties": {}, "geometry": {"type": "Point", "coordinates": [77.54656, 12.99136]}}, {"type": "Feature", "properties": {}, "geometry": {"type": "Point", "coordinates": [77.54773, 12.99135]}}, {"type": "Feature", "properties": {}, "geometry": {"type": "Point", "coordinates": [77.53386, 12.99156]}}, {"type": "Feature", "properties": {}, "geometry": {"type": "Point", "coordinates": [77.50901, 12.99205]}}, {"type": "Feature", "properties": {}, "geometry": {"type": "Point", "coordinates": [77.5273, 12.99189]}}, {"type": "Feature", "properties": {}, "geometry": {"type": "Point", "coordinates": [77.54284, 12.99176]}}, {"type": "Feature", "properties": {}, "geometry": {"type": "Point", "coordinates": [77.49995, 12.99224]}}, {"type": "Feature", "properties": {}, "geometry": {"type": "Point", "coordinates": [77.52305, 12.99205]}}, {"type": "Feature", "properties": {}, "geometry": {"type": "Point", "coordinates": [77.52565, 12.99207]}}, {"type": "Feature", "properties": {}, "geometry": {"type": "Point", "coordinates": [77.50251, 12.99236]}}, {"type": "Feature", "properties": {}, "geometry": {"type": "Point", "coordinates": [77.50098, 12.99249]}}, {"type": "Feature", "properties": {}, "geometry": {"type": "Point", "coordinates": [77.55575, 12.992]}}, {"type": "Feature", "properties": {}, "geometry": {"type": "Point", "coordinates": [77.55457, 12.99218]}}, {"type": "Feature", "properties": {}, "geometry": {"type": "Point", "coordinates": [77.54523, 12.99234]}}, {"type": "Feature", "properties": {}, "geometry": {"type": "Point", "coordinates": [77.5353, 12.99248]}}, {"type": "Feature", "properties": {}, "geometry": {"type": "Point", "coordinates": [77.55479, 12.99235]}}, {"type": "Feature", "properties": {}, "geometry": {"type": "Point", "coordinates": [77.50374, 12.99287]}}, {"type": "Feature", "properties": {}, "geometry": {"type": "Point", "coordinates": [77.54922, 12.99252]}}, {"type": "Feature", "properties": {}, "geometry": {"type": "Point", "coordinates": [77.55029, 12.99254]}}, {"type": "Feature", "properties": {}, "geometry": {"type": "Point", "coordinates": [77.556, 12.99252]}}, {"type": "Feature", "properties": {}, "geometry": {"type": "Point", "coordinates": [77.52476, 12.99296]}}, {"type": "Feature", "properties": {}, "geometry": {"type": "Point", "coordinates": [77.53655, 12.99289]}}, {"type": "Feature", "properties": {}, "geometry": {"type": "Point", "coordinates": [77.54197, 12.99301]}}, {"type": "Feature", "properties": {}, "geometry": {"type": "Point", "coordinates": [77.53143, 12.99316]}}, {"type": "Feature", "properties": {}, "geometry": {"type": "Point", "coordinates": [77.55557, 12.99294]}}, {"type": "Feature", "properties": {}, "geometry": {"type": "Point", "coordinates": [77.55557, 12.99294]}}, {"type": "Feature", "properties": {}, "geometry": {"type": "Point", "coordinates": [77.55602, 12.99299]}}, {"type": "Feature", "properties": {}, "geometry": {"type": "Point", "coordinates": [77.53747, 12.99318]}}, {"type": "Feature", "properties": {}, "geometry": {"type": "Point", "coordinates": [77.50371, 12.99351]}}, {"type": "Feature", "properties": {}, "geometry": {"type": "Point", "coordinates": [77.53399, 12.99331]}}, {"type": "Feature", "properties": {}, "geometry": {"type": "Point", "coordinates": [77.50898, 12.99365]}}, {"type": "Feature", "properties": {}, "geometry": {"type": "Point", "coordinates": [77.51347, 12.99368]}}, {"type": "Feature", "properties": {}, "geometry": {"type": "Point", "coordinates": [77.54386, 12.9934]}}, {"type": "Feature", "properties": {}, "geometry": {"type": "Point", "coordinates": [77.53236, 12.99354]}}, {"type": "Feature", "properties": {}, "geometry": {"type": "Point", "coordinates": [77.53415, 12.99358]}}, {"type": "Feature", "properties": {}, "geometry": {"type": "Point", "coordinates": [77.53182, 12.99362]}}, {"type": "Feature", "properties": {}, "geometry": {"type": "Point", "coordinates": [77.55498, 12.99341]}}, {"type": "Feature", "properties": {}, "geometry": {"type": "Point", "coordinates": [77.53828, 12.99364]}}, {"type": "Feature", "properties": {}, "geometry": {"type": "Point", "coordinates": [77.544, 12.99369]}}, {"type": "Feature", "properties": {}, "geometry": {"type": "Point", "coordinates": [77.53106, 12.99382]}}, {"type": "Feature", "properties": {}, "geometry": {"type": "Point", "coordinates": [77.54247, 12.99374]}}, {"type": "Feature", "properties": {}, "geometry": {"type": "Point", "coordinates": [77.53416, 12.99383]}}, {"type": "Feature", "properties": {}, "geometry": {"type": "Point", "coordinates": [77.52896, 12.99391]}}, {"type": "Feature", "properties": {}, "geometry": {"type": "Point", "coordinates": [77.50306, 12.99418]}}, {"type": "Feature", "properties": {}, "geometry": {"type": "Point", "coordinates": [77.52673, 12.99397]}}, {"type": "Feature", "properties": {}, "geometry": {"type": "Point", "coordinates": [77.55035, 12.99375]}}, {"type": "Feature", "properties": {}, "geometry": {"type": "Point", "coordinates": [77.50557, 12.99422]}}, {"type": "Feature", "properties": {}, "geometry": {"type": "Point", "coordinates": [77.54779, 12.99389]}}, {"type": "Feature", "properties": {}, "geometry": {"type": "Point", "coordinates": [77.52798, 12.9941]}}, {"type": "Feature", "properties": {}, "geometry": {"type": "Point", "coordinates": [77.53534, 12.99405]}}, {"type": "Feature", "properties": {}, "geometry": {"type": "Point", "coordinates": [77.54969, 12.99405]}}, {"type": "Feature", "properties": {}, "geometry": {"type": "Point", "coordinates": [77.5472, 12.99409]}}, {"type": "Feature", "properties": {}, "geometry": {"type": "Point", "coordinates": [77.5449, 12.99412]}}, {"type": "Feature", "properties": {}, "geometry": {"type": "Point", "coordinates": [77.52353, 12.99436]}}, {"type": "Feature", "properties": {}, "geometry": {"type": "Point", "coordinates": [77.54471, 12.99415]}}, {"type": "Feature", "properties": {}, "geometry": {"type": "Point", "coordinates": [77.53015, 12.9944]}}, {"type": "Feature", "properties": {}, "geometry": {"type": "Point", "coordinates": [77.52596, 12.99449]}}, {"type": "Feature", "properties": {}, "geometry": {"type": "Point", "coordinates": [77.5328, 12.99446]}}, {"type": "Feature", "properties": {}, "geometry": {"type": "Point", "coordinates": [77.52974, 12.99453]}}, {"type": "Feature", "properties": {}, "geometry": {"type": "Point", "coordinates": [77.52288, 12.9946]}}, {"type": "Feature", "properties": {}, "geometry": {"type": "Point", "coordinates": [77.5436, 12.99443]}}, {"type": "Feature", "properties": {}, "geometry": {"type": "Point", "coordinates": [77.5271, 12.99468]}}, {"type": "Feature", "properties": {}, "geometry": {"type": "Point", "coordinates": [77.55188, 12.99448]}}, {"type": "Feature", "properties": {}, "geometry": {"type": "Point", "coordinates": [77.55445, 12.99447]}}, {"type": "Feature", "properties": {}, "geometry": {"type": "Point", "coordinates": [77.54519, 12.99458]}}, {"type": "Feature", "properties": {}, "geometry": {"type": "Point", "coordinates": [77.55379, 12.9945]}}, {"type": "Feature", "properties": {}, "geometry": {"type": "Point", "coordinates": [77.54726, 12.99461]}}, {"type": "Feature", "properties": {}, "geometry": {"type": "Point", "coordinates": [77.54735, 12.99469]}}, {"type": "Feature", "properties": {}, "geometry": {"type": "Point", "coordinates": [77.54883, 12.99472]}}, {"type": "Feature", "properties": {}, "geometry": {"type": "Point", "coordinates": [77.54892, 12.99479]}}, {"type": "Feature", "properties": {}, "geometry": {"type": "Point", "coordinates": [77.52602, 12.99505]}}, {"type": "Feature", "properties": {}, "geometry": {"type": "Point", "coordinates": [77.50893, 12.99522]}}, {"type": "Feature", "properties": {}, "geometry": {"type": "Point", "coordinates": [77.52556, 12.99508]}}, {"type": "Feature", "properties": {}, "geometry": {"type": "Point", "coordinates": [77.54976, 12.99484]}}, {"type": "Feature", "properties": {}, "geometry": {"type": "Point", "coordinates": [77.54967, 12.99488]}}, {"type": "Feature", "properties": {}, "geometry": {"type": "Point", "coordinates": [77.52456, 12.99515]}}, {"type": "Feature", "properties": {}, "geometry": {"type": "Point", "coordinates": [77.54554, 12.99497]}}, {"type": "Feature", "properties": {}, "geometry": {"type": "Point", "coordinates": [77.53322, 12.99511]}}, {"type": "Feature", "properties": {}, "geometry": {"type": "Point", "coordinates": [77.52257, 12.99529]}}, {"type": "Feature", "properties": {}, "geometry": {"type": "Point", "coordinates": [77.53848, 12.99519]}}, {"type": "Feature", "properties": {}, "geometry": {"type": "Point", "coordinates": [77.52873, 12.9953]}}, {"type": "Feature", "properties": {}, "geometry": {"type": "Point", "coordinates": [77.54831, 12.99513]}}, {"type": "Feature", "properties": {}, "geometry": {"type": "Point", "coordinates": [77.54837, 12.99514]}}, {"type": "Feature", "properties": {}, "geometry": {"type": "Point", "coordinates": [77.53315, 12.99533]}}, {"type": "Feature", "properties": {}, "geometry": {"type": "Point", "coordinates": [77.54529, 12.99529]}}, {"type": "Feature", "properties": {}, "geometry": {"type": "Point", "coordinates": [77.5024, 12.99578]}}, {"type": "Feature", "properties": {}, "geometry": {"type": "Point", "coordinates": [77.50206, 12.9958]}}, {"type": "Feature", "properties": {}, "geometry": {"type": "Point", "coordinates": [77.5018, 12.99582]}}, {"type": "Feature", "properties": {}, "geometry": {"type": "Point", "coordinates": [77.54703, 12.99541]}}, {"type": "Feature", "properties": {}, "geometry": {"type": "Point", "coordinates": [77.50771, 12.99581]}}, {"type": "Feature", "properties": {}, "geometry": {"type": "Point", "coordinates": [77.54709, 12.99553]}}, {"type": "Feature", "properties": {}, "geometry": {"type": "Point", "coordinates": [77.52264, 12.99579]}}, {"type": "Feature", "properties": {}, "geometry": {"type": "Point", "coordinates": [77.54929, 12.99554]}}, {"type": "Feature", "properties": {}, "geometry": {"type": "Point", "coordinates": [77.54539, 12.9956]}}, {"type": "Feature", "properties": {}, "geometry": {"type": "Point", "coordinates": [77.55059, 12.99559]}}, {"type": "Feature", "properties": {}, "geometry": {"type": "Point", "coordinates": [77.54613, 12.99565]}}, {"type": "Feature", "properties": {}, "geometry": {"type": "Point", "coordinates": [77.52611, 12.99586]}}, {"type": "Feature", "properties": {}, "geometry": {"type": "Point", "coordinates": [77.53876, 12.99576]}}, {"type": "Feature", "properties": {}, "geometry": {"type": "Point", "coordinates": [77.50584, 13.00371]}}, {"type": "Feature", "properties": {}, "geometry": {"type": "Point", "coordinates": [77.53345, 13.00347]}}, {"type": "Feature", "properties": {}, "geometry": {"type": "Point", "coordinates": [77.49731, 13.00398]}}, {"type": "Feature", "properties": {}, "geometry": {"type": "Point", "coordinates": [77.53598, 13.00363]}}, {"type": "Feature", "properties": {}, "geometry": {"type": "Point", "coordinates": [77.51865, 13.00382]}}, {"type": "Feature", "properties": {}, "geometry": {"type": "Point", "coordinates": [77.49969, 13.00402]}}, {"type": "Feature", "properties": {}, "geometry": {"type": "Point", "coordinates": [77.50451, 13.00399]}}, {"type": "Feature", "properties": {}, "geometry": {"type": "Point", "coordinates": [77.52619, 13.00382]}}, {"type": "Feature", "properties": {}, "geometry": {"type": "Point", "coordinates": [77.52128, 13.00397]}}, {"type": "Feature", "properties": {}, "geometry": {"type": "Point", "coordinates": [77.51539, 13.00405]}}, {"type": "Feature", "properties": {}, "geometry": {"type": "Point", "coordinates": [77.53266, 13.00388]}}, {"type": "Feature", "properties": {}, "geometry": {"type": "Point", "coordinates": [77.52865, 13.00392]}}, {"type": "Feature", "properties": {}, "geometry": {"type": "Point", "coordinates": [77.53695, 13.00385]}}, {"type": "Feature", "properties": {}, "geometry": {"type": "Point", "coordinates": [77.53528, 13.00388]}}, {"type": "Feature", "properties": {}, "geometry": {"type": "Point", "coordinates": [77.53947, 13.00388]}}, {"type": "Feature", "properties": {}, "geometry": {"type": "Point", "coordinates": [77.52715, 13.0041]}}, {"type": "Feature", "properties": {}, "geometry": {"type": "Point", "coordinates": [77.51867, 13.00423]}}, {"type": "Feature", "properties": {}, "geometry": {"type": "Point", "coordinates": [77.50711, 13.00436]}}, {"type": "Feature", "properties": {}, "geometry": {"type": "Point", "coordinates": [77.50302, 13.0044]}}, {"type": "Feature", "properties": {}, "geometry": {"type": "Point", "coordinates": [77.53358, 13.00413]}}, {"type": "Feature", "properties": {}, "geometry": {"type": "Point", "coordinates": [77.50494, 13.00442]}}, {"type": "Feature", "properties": {}, "geometry": {"type": "Point", "coordinates": [77.53387, 13.0042]}}, {"type": "Feature", "properties": {}, "geometry": {"type": "Point", "coordinates": [77.53474, 13.00424]}}, {"type": "Feature", "properties": {}, "geometry": {"type": "Point", "coordinates": [77.53621, 13.00424]}}, {"type": "Feature", "properties": {}, "geometry": {"type": "Point", "coordinates": [77.51721, 13.00444]}}, {"type": "Feature", "properties": {}, "geometry": {"type": "Point", "coordinates": [77.5409, 13.00429]}}, {"type": "Feature", "properties": {}, "geometry": {"type": "Point", "coordinates": [77.53558, 13.0044]}}, {"type": "Feature", "properties": {}, "geometry": {"type": "Point", "coordinates": [77.53207, 13.00443]}}, {"type": "Feature", "properties": {}, "geometry": {"type": "Point", "coordinates": [77.53318, 13.00445]}}, {"type": "Feature", "properties": {}, "geometry": {"type": "Point", "coordinates": [77.53402, 13.00454]}}, {"type": "Feature", "properties": {}, "geometry": {"type": "Point", "coordinates": [77.53825, 13.00454]}}, {"type": "Feature", "properties": {}, "geometry": {"type": "Point", "coordinates": [77.53778, 13.00455]}}, {"type": "Feature", "properties": {}, "geometry": {"type": "Point", "coordinates": [77.53178, 13.00464]}}, {"type": "Feature", "properties": {}, "geometry": {"type": "Point", "coordinates": [77.50207, 13.00494]}}, {"type": "Feature", "properties": {}, "geometry": {"type": "Point", "coordinates": [77.5291, 13.00468]}}, {"type": "Feature", "properties": {}, "geometry": {"type": "Point", "coordinates": [77.52487, 13.00483]}}, {"type": "Feature", "properties": {}, "geometry": {"type": "Point", "coordinates": [77.53556, 13.00475]}}, {"type": "Feature", "properties": {}, "geometry": {"type": "Point", "coordinates": [77.53424, 13.00479]}}, {"type": "Feature", "properties": {}, "geometry": {"type": "Point", "coordinates": [77.51547, 13.00498]}}, {"type": "Feature", "properties": {}, "geometry": {"type": "Point", "coordinates": [77.53468, 13.00593]}}, {"type": "Feature", "properties": {}, "geometry": {"type": "Point", "coordinates": [77.53508, 13.00595]}}, {"type": "Feature", "properties": {}, "geometry": {"type": "Point", "coordinates": [77.52757, 13.00606]}}, {"type": "Feature", "properties": {}, "geometry": {"type": "Point", "coordinates": [77.54171, 13.006]}}, {"type": "Feature", "properties": {}, "geometry": {"type": "Point", "coordinates": [77.52661, 13.00616]}}, {"type": "Feature", "properties": {}, "geometry": {"type": "Point", "coordinates": [77.50445, 13.00644]}}, {"type": "Feature", "properties": {}, "geometry": {"type": "Point", "coordinates": [77.5064, 13.00644]}}, {"type": "Feature", "properties": {}, "geometry": {"type": "Point", "coordinates": [77.50059, 13.0065]}}, {"type": "Feature", "properties": {}, "geometry": {"type": "Point", "coordinates": [77.52425, 13.00634]}}, {"type": "Feature", "properties": {}, "geometry": {"type": "Point", "coordinates": [77.50501, 13.00654]}}, {"type": "Feature", "properties": {}, "geometry": {"type": "Point", "coordinates": [77.50191, 13.00659]}}, {"type": "Feature", "properties": {}, "geometry": {"type": "Point", "coordinates": [77.5293, 13.00637]}}, {"type": "Feature", "properties": {}, "geometry": {"type": "Point", "coordinates": [77.50611, 13.00661]}}, {"type": "Feature", "properties": {}, "geometry": {"type": "Point", "coordinates": [77.5283, 13.0064]}}, {"type": "Feature", "properties": {}, "geometry": {"type": "Point", "coordinates": [77.50265, 13.00666]}}, {"type": "Feature", "properties": {}, "geometry": {"type": "Point", "coordinates": [77.53171, 13.00637]}}, {"type": "Feature", "properties": {}, "geometry": {"type": "Point", "coordinates": [77.50084, 13.00669]}}, {"type": "Feature", "properties": {}, "geometry": {"type": "Point", "coordinates": [77.50578, 13.0067]}}, {"type": "Feature", "properties": {}, "geometry": {"type": "Point", "coordinates": [77.54607, 13.00634]}}, {"type": "Feature", "properties": {}, "geometry": {"type": "Point", "coordinates": [77.53496, 13.00647]}}, {"type": "Feature", "properties": {}, "geometry": {"type": "Point", "coordinates": [77.528, 13.00655]}}, {"type": "Feature", "properties": {}, "geometry": {"type": "Point", "coordinates": [77.54752, 13.00636]}}, {"type": "Feature", "properties": {}, "geometry": {"type": "Point", "coordinates": [77.49946, 13.00683]}}, {"type": "Feature", "properties": {}, "geometry": {"type": "Point", "coordinates": [77.52909, 13.00658]}}, {"type": "Feature", "properties": {}, "geometry": {"type": "Point", "coordinates": [77.52873, 13.00662]}}, {"type": "Feature", "properties": {}, "geometry": {"type": "Point", "coordinates": [77.54617, 13.00647]}}, {"type": "Feature", "properties": {}, "geometry": {"type": "Point", "coordinates": [77.52954, 13.00665]}}, {"type": "Feature", "properties": {}, "geometry": {"type": "Point", "coordinates": [77.53636, 13.00669]}}, {"type": "Feature", "properties": {}, "geometry": {"type": "Point", "coordinates": [77.53154, 13.00681]}}, {"type": "Feature", "properties": {}, "geometry": {"type": "Point", "coordinates": [77.50079, 13.00711]}}, {"type": "Feature", "properties": {}, "geometry": {"type": "Point", "coordinates": [77.53287, 13.00682]}}, {"type": "Feature", "properties": {}, "geometry": {"type": "Point", "coordinates": [77.52954, 13.00685]}}, {"type": "Feature", "properties": {}, "geometry": {"type": "Point", "coordinates": [77.53123, 13.00686]}}, {"type": "Feature", "properties": {}, "geometry": {"type": "Point", "coordinates": [77.5002, 13.0072]}}, {"type": "Feature", "properties": {}, "geometry": {"type": "Point", "coordinates": [77.5002, 13.0072]}}, {"type": "Feature", "properties": {}, "geometry": {"type": "Point", "coordinates": [77.55711, 13.00667]}}, {"type": "Feature", "properties": {}, "geometry": {"type": "Point", "coordinates": [77.54773, 13.00679]}}, {"type": "Feature", "properties": {}, "geometry": {"type": "Point", "coordinates": [77.54304, 13.00688]}}, {"type": "Feature", "properties": {}, "geometry": {"type": "Point", "coordinates": [77.50405, 13.00737]}}, {"type": "Feature", "properties": {}, "geometry": {"type": "Point", "coordinates": [77.50374, 13.00739]}}, {"type": "Feature", "properties": {}, "geometry": {"type": "Point", "coordinates": [77.54063, 13.00704]}}, {"type": "Feature", "properties": {}, "geometry": {"type": "Point", "coordinates": [77.50104, 13.00743]}}, {"type": "Feature", "properties": {}, "geometry": {"type": "Point", "coordinates": [77.51385, 13.00731]}}, {"type": "Feature", "properties": {}, "geometry": {"type": "Point", "coordinates": [77.52736, 13.00719]}}, {"type": "Feature", "properties": {}, "geometry": {"type": "Point", "coordinates": [77.55144, 13.00696]}}, {"type": "Feature", "properties": {}, "geometry": {"type": "Point", "coordinates": [77.52296, 13.00727]}}, {"type": "Feature", "properties": {}, "geometry": {"type": "Point", "coordinates": [77.57837, 12.97124]}}, {"type": "Feature", "properties": {}, "geometry": {"type": "Point", "coordinates": [77.57968, 12.97191]}}, {"type": "Feature", "properties": {}, "geometry": {"type": "Point", "coordinates": [77.57534, 12.97116]}}, {"type": "Feature", "properties": {}, "geometry": {"type": "Point", "coordinates": [77.58127, 12.96725]}}, {"type": "Feature", "properties": {}, "geometry": {"type": "Point", "coordinates": [77.58116, 12.96817]}}, {"type": "Feature", "properties": {}, "geometry": {"type": "Point", "coordinates": [77.582, 12.9687]}}, {"type": "Feature", "properties": {}, "geometry": {"type": "Point", "coordinates": [77.58014, 12.97073]}}, {"type": "Feature", "properties": {}, "geometry": {"type": "Point", "coordinates": [77.57483, 12.97263]}}, {"type": "Feature", "properties": {}, "geometry": {"type": "Point", "coordinates": [77.58002, 12.96946]}}, {"type": "Feature", "properties": {}, "geometry": {"type": "Point", "coordinates": [77.57741, 12.96722]}}, {"type": "Feature", "properties": {}, "geometry": {"type": "Point", "coordinates": [77.57316, 12.97057]}}, {"type": "Feature", "properties": {}, "geometry": {"type": "Point", "coordinates": [77.57423, 12.9655]}}, {"type": "Feature", "properties": {}, "geometry": {"type": "Point", "coordinates": [77.57319, 12.96501]}}, {"type": "Feature", "properties": {}, "geometry": {"type": "Point", "coordinates": [77.53126, 13.01347]}}, {"type": "Feature", "properties": {}, "geometry": {"type": "Point", "coordinates": [77.50316, 13.01374]}}, {"type": "Feature", "properties": {}, "geometry": {"type": "Point", "coordinates": [77.51155, 13.01369]}}, {"type": "Feature", "properties": {}, "geometry": {"type": "Point", "coordinates": [77.51262, 13.01371]}}, {"type": "Feature", "properties": {}, "geometry": {"type": "Point", "coordinates": [77.5181, 13.01366]}}, {"type": "Feature", "properties": {}, "geometry": {"type": "Point", "coordinates": [77.52557, 13.01363]}}, {"type": "Feature", "properties": {}, "geometry": {"type": "Point", "coordinates": [77.5113, 13.01385]}}, {"type": "Feature", "properties": {}, "geometry": {"type": "Point", "coordinates": [77.54047, 13.0136]}}, {"type": "Feature", "properties": {}, "geometry": {"type": "Point", "coordinates": [77.52434, 13.01377]}}, {"type": "Feature", "properties": {}, "geometry": {"type": "Point", "coordinates": [77.51574, 13.01386]}}, {"type": "Feature", "properties": {}, "geometry": {"type": "Point", "coordinates": [77.53246, 13.0137]}}, {"type": "Feature", "properties": {}, "geometry": {"type": "Point", "coordinates": [77.51936, 13.01386]}}, {"type": "Feature", "properties": {}, "geometry": {"type": "Point", "coordinates": [77.53019, 13.01378]}}, {"type": "Feature", "properties": {}, "geometry": {"type": "Point", "coordinates": [77.5386, 13.01372]}}, {"type": "Feature", "properties": {}, "geometry": {"type": "Point", "coordinates": [77.54492, 13.01369]}}, {"type": "Feature", "properties": {}, "geometry": {"type": "Point", "coordinates": [77.52169, 13.01397]}}, {"type": "Feature", "properties": {}, "geometry": {"type": "Point", "coordinates": [77.527, 13.01394]}}, {"type": "Feature", "properties": {}, "geometry": {"type": "Point", "coordinates": [77.52687, 13.01395]}}, {"type": "Feature", "properties": {}, "geometry": {"type": "Point", "coordinates": [77.53245, 13.01397]}}, {"type": "Feature", "properties": {}, "geometry": {"type": "Point", "coordinates": [77.51835, 13.01417]}}, {"type": "Feature", "properties": {}, "geometry": {"type": "Point", "coordinates": [77.51679, 13.01421]}}, {"type": "Feature", "properties": {}, "geometry": {"type": "Point", "coordinates": [77.52896, 13.01412]}}, {"type": "Feature", "properties": {}, "geometry": {"type": "Point", "coordinates": [77.51448, 13.01432]}}, {"type": "Feature", "properties": {}, "geometry": {"type": "Point", "coordinates": [77.51264, 13.0144]}}, {"type": "Feature", "properties": {}, "geometry": {"type": "Point", "coordinates": [77.51416, 13.01439]}}, {"type": "Feature", "properties": {}, "geometry": {"type": "Point", "coordinates": [77.54049, 13.01417]}}, {"type": "Feature", "properties": {}, "geometry": {"type": "Point", "coordinates": [77.51708, 13.01444]}}, {"type": "Feature", "properties": {}, "geometry": {"type": "Point", "coordinates": [77.52713, 13.01438]}}, {"type": "Feature", "properties": {}, "geometry": {"type": "Point", "coordinates": [77.53728, 13.01856]}}, {"type": "Feature", "properties": {}, "geometry": {"type": "Point", "coordinates": [77.51773, 13.01876]}}, {"type": "Feature", "properties": {}, "geometry": {"type": "Point", "coordinates": [77.53774, 13.01862]}}, {"type": "Feature", "properties": {}, "geometry": {"type": "Point", "coordinates": [77.53148, 13.01871]}}, {"type": "Feature", "properties": {}, "geometry": {"type": "Point", "coordinates": [77.54327, 13.01862]}}, {"type": "Feature", "properties": {}, "geometry": {"type": "Point", "coordinates": [77.52288, 13.01886]}}, {"type": "Feature", "properties": {}, "geometry": {"type": "Point", "coordinates": [77.53139, 13.0188]}}, {"type": "Feature", "properties": {}, "geometry": {"type": "Point", "coordinates": [77.51688, 13.01894]}}, {"type": "Feature", "properties": {}, "geometry": {"type": "Point", "coordinates": [77.53459, 13.01878]}}, {"type": "Feature", "properties": {}, "geometry": {"type": "Point", "coordinates": [77.53661, 13.01877]}}, {"type": "Feature", "properties": {}, "geometry": {"type": "Point", "coordinates": [77.52308, 13.01893]}}, {"type": "Feature", "properties": {}, "geometry": {"type": "Point", "coordinates": [77.52129, 13.01895]}}, {"type": "Feature", "properties": {}, "geometry": {"type": "Point", "coordinates": [77.51659, 13.01903]}}, {"type": "Feature", "properties": {}, "geometry": {"type": "Point", "coordinates": [77.53647, 13.01886]}}, {"type": "Feature", "properties": {}, "geometry": {"type": "Point", "coordinates": [77.53867, 13.01884]}}, {"type": "Feature", "properties": {}, "geometry": {"type": "Point", "coordinates": [77.53761, 13.01889]}}, {"type": "Feature", "properties": {}, "geometry": {"type": "Point", "coordinates": [77.53464, 13.01897]}}, {"type": "Feature", "properties": {}, "geometry": {"type": "Point", "coordinates": [77.53216, 13.01902]}}, {"type": "Feature", "properties": {}, "geometry": {"type": "Point", "coordinates": [77.53415, 13.01903]}}, {"type": "Feature", "properties": {}, "geometry": {"type": "Point", "coordinates": [77.54137, 13.01899]}}, {"type": "Feature", "properties": {}, "geometry": {"type": "Point", "coordinates": [77.52123, 13.01932]}}, {"type": "Feature", "properties": {}, "geometry": {"type": "Point", "coordinates": [77.51695, 13.01942]}}, {"type": "Feature", "properties": {}, "geometry": {"type": "Point", "coordinates": [77.51584, 13.01946]}}, {"type": "Feature", "properties": {}, "geometry": {"type": "Point", "coordinates": [77.52601, 13.0194]}}, {"type": "Feature", "properties": {}, "geometry": {"type": "Point", "coordinates": [77.53028, 13.01938]}}, {"type": "Feature", "properties": {}, "geometry": {"type": "Point", "coordinates": [77.5378, 13.01931]}}, {"type": "Feature", "properties": {}, "geometry": {"type": "Point", "coordinates": [77.51702, 13.0196]}}, {"type": "Feature", "properties": {}, "geometry": {"type": "Point", "coordinates": [77.54257, 13.01941]}}, {"type": "Feature", "properties": {}, "geometry": {"type": "Point", "coordinates": [77.51824, 13.01965]}}, {"type": "Feature", "properties": {}, "geometry": {"type": "Point", "coordinates": [77.53608, 13.01948]}}, {"type": "Feature", "properties": {}, "geometry": {"type": "Point", "coordinates": [77.51563, 13.01968]}}, {"type": "Feature", "properties": {}, "geometry": {"type": "Point", "coordinates": [77.52053, 13.01965]}}, {"type": "Feature", "properties": {}, "geometry": {"type": "Point", "coordinates": [77.51806, 13.01971]}}, {"type": "Feature", "properties": {}, "geometry": {"type": "Point", "coordinates": [77.5359, 13.01961]}}, {"type": "Feature", "properties": {}, "geometry": {"type": "Point", "coordinates": [77.53513, 13.01963]}}, {"type": "Feature", "properties": {}, "geometry": {"type": "Point", "coordinates": [77.54671, 13.0196]}}, {"type": "Feature", "properties": {}, "geometry": {"type": "Point", "coordinates": [77.49984, 13.05122]}}, {"type": "Feature", "properties": {}, "geometry": {"type": "Point", "coordinates": [77.57529, 13.05066]}}, {"type": "Feature", "properties": {}, "geometry": {"type": "Point", "coordinates": [77.5051, 13.0515]}}, {"type": "Feature", "properties": {}, "geometry": {"type": "Point", "coordinates": [77.50375, 13.04849]}}, {"type": "Feature", "properties": {}, "geometry": {"type": "Point", "coordinates": [77.51282, 13.05475]}}, {"type": "Feature", "properties": {}, "geometry": {"type": "Point", "coordinates": [77.51184, 13.05394]}}, {"type": "Feature", "properties": {}, "geometry": {"type": "Point", "coordinates": [77.53308, 13.05525]}}, {"type": "Feature", "properties": {}, "geometry": {"type": "Point", "coordinates": [77.58979, 13.05481]}}, {"type": "Feature", "properties": {}, "geometry": {"type": "Point", "coordinates": [77.51569, 13.05562]}}, {"type": "Feature", "properties": {}, "geometry": {"type": "Point", "coordinates": [77.50341, 13.05654]}}, {"type": "Feature", "properties": {}, "geometry": {"type": "Point", "coordinates": [77.58896, 13.05618]}}, {"type": "Feature", "properties": {}, "geometry": {"type": "Point", "coordinates": [77.50743, 13.05778]}}, {"type": "Feature", "properties": {}, "geometry": {"type": "Point", "coordinates": [77.50938, 13.0563]}}, {"type": "Feature", "properties": {}, "geometry": {"type": "Point", "coordinates": [77.49371, 13.05843]}}, {"type": "Feature", "properties": {}, "geometry": {"type": "Point", "coordinates": [77.51042, 13.05718]}}, {"type": "Feature", "properties": {}, "geometry": {"type": "Point", "coordinates": [77.51214, 13.05855]}}, {"type": "Feature", "properties": {}, "geometry": {"type": "Point", "coordinates": [77.50162, 13.05686]}}, {"type": "Feature", "properties": {}, "geometry": {"type": "Point", "coordinates": [77.51041, 13.05879]}}, {"type": "Feature", "properties": {}, "geometry": {"type": "Point", "coordinates": [77.55171, 13.05843]}}, {"type": "Feature", "properties": {}, "geometry": {"type": "Point", "coordinates": [77.51069, 13.05969]}}, {"type": "Feature", "properties": {}, "geometry": {"type": "Point", "coordinates": [77.55108, 13.06005]}}, {"type": "Feature", "properties": {}, "geometry": {"type": "Point", "coordinates": [77.49623, 13.06099]}}, {"type": "Feature", "properties": {}, "geometry": {"type": "Point", "coordinates": [77.50388, 13.06113]}}, {"type": "Feature", "properties": {}, "geometry": {"type": "Point", "coordinates": [77.51172, 13.0599]}}, {"type": "Feature", "properties": {}, "geometry": {"type": "Point", "coordinates": [77.57305, 13.06201]}}, {"type": "Feature", "properties": {}, "geometry": {"type": "Point", "coordinates": [77.50887, 13.05942]}}, {"type": "Feature", "properties": {}, "geometry": {"type": "Point", "coordinates": [77.56239, 13.06256]}}, {"type": "Feature", "properties": {}, "geometry": {"type": "Point", "coordinates": [77.53254, 13.06295]}}, {"type": "Feature", "properties": {}, "geometry": {"type": "Point", "coordinates": [77.57446, 13.06281]}}, {"type": "Feature", "properties": {}, "geometry": {"type": "Point", "coordinates": [77.55869, 13.06315]}}, {"type": "Feature", "properties": {}, "geometry": {"type": "Point", "coordinates": [77.50247, 13.06286]}}, {"type": "Feature", "properties": {}, "geometry": {"type": "Point", "coordinates": [77.53207, 13.06417]}}, {"type": "Feature", "properties": {}, "geometry": {"type": "Point", "coordinates": [77.52806, 13.06423]}}, {"type": "Feature", "properties": {}, "geometry": {"type": "Point", "coordinates": [77.52878, 13.06426]}}, {"type": "Feature", "properties": {}, "geometry": {"type": "Point", "coordinates": [77.52652, 13.06437]}}, {"type": "Feature", "properties": {}, "geometry": {"type": "Point", "coordinates": [77.52775, 13.06448]}}, {"type": "Feature", "properties": {}, "geometry": {"type": "Point", "coordinates": [77.53023, 13.06309]}}, {"type": "Feature", "properties": {}, "geometry": {"type": "Point", "coordinates": [77.52327, 13.06567]}}, {"type": "Feature", "properties": {}, "geometry": {"type": "Point", "coordinates": [77.5207, 13.06579]}}, {"type": "Feature", "properties": {}, "geometry": {"type": "Point", "coordinates": [77.53059, 13.06575]}}, {"type": "Feature", "properties": {}, "geometry": {"type": "Point", "coordinates": [77.52189, 13.06626]}}, {"type": "Feature", "properties": {}, "geometry": {"type": "Point", "coordinates": [77.52234, 13.06645]}}, {"type": "Feature", "properties": {}, "geometry": {"type": "Point", "coordinates": [77.52521, 13.06647]}}, {"type": "Feature", "properties": {}, "geometry": {"type": "Point", "coordinates": [77.53189, 13.06673]}}, {"type": "Feature", "properties": {}, "geometry": {"type": "Point", "coordinates": [77.52327, 13.06814]}}, {"type": "Feature", "properties": {}, "geometry": {"type": "Point", "coordinates": [77.57854, 13.06915]}}, {"type": "Feature", "properties": {}, "geometry": {"type": "Point", "coordinates": [77.63234, 13.07015]}}, {"type": "Feature", "properties": {}, "geometry": {"type": "Point", "coordinates": [77.53022, 13.07248]}}, {"type": "Feature", "properties": {}, "geometry": {"type": "Point", "coordinates": [77.53022, 13.07248]}}, {"type": "Feature", "properties": {}, "geometry": {"type": "Point", "coordinates": [77.62744, 13.07195]}}, {"type": "Feature", "properties": {}, "geometry": {"type": "Point", "coordinates": [77.553, 13.07322]}}, {"type": "Feature", "properties": {}, "geometry": {"type": "Point", "coordinates": [77.58994, 13.08089]}}, {"type": "Feature", "properties": {}, "geometry": {"type": "Point", "coordinates": [77.54216, 13.08164]}}, {"type": "Feature", "properties": {}, "geometry": {"type": "Point", "coordinates": [77.58522, 13.08158]}}, {"type": "Feature", "properties": {}, "geometry": {"type": "Point", "coordinates": [77.58476, 13.08319]}}, {"type": "Feature", "properties": {}, "geometry": {"type": "Point", "coordinates": [77.58806, 13.08397]}}, {"type": "Feature", "properties": {}, "geometry": {"type": "Point", "coordinates": [77.56287, 13.10189]}}, {"type": "Feature", "properties": {}, "geometry": {"type": "Point", "coordinates": [77.56221, 13.1012]}}, {"type": "Feature", "properties": {}, "geometry": {"type": "Point", "coordinates": [77.56583, 13.10342]}}, {"type": "Feature", "properties": {}, "geometry": {"type": "Point", "coordinates": [77.56666, 13.10235]}}, {"type": "Feature", "properties": {}, "geometry": {"type": "Point", "coordinates": [77.56589, 13.10159]}}, {"type": "Feature", "properties": {}, "geometry": {"type": "Point", "coordinates": [77.5647, 13.10138]}}, {"type": "Feature", "properties": {}, "geometry": {"type": "Point", "coordinates": [77.56396, 13.09801]}}, {"type": "Feature", "properties": {}, "geometry": {"type": "Point", "coordinates": [77.5634, 13.09906]}}, {"type": "Feature", "properties": {}, "geometry": {"type": "Point", "coordinates": [77.5656, 13.09924]}}, {"type": "Feature", "properties": {}, "geometry": {"type": "Point", "coordinates": [77.56923, 13.09878]}}, {"type": "Feature", "properties": {}, "geometry": {"type": "Point", "coordinates": [77.56882, 13.09879]}}, {"type": "Feature", "properties": {}, "geometry": {"type": "Point", "coordinates": [77.56936, 13.1001]}}, {"type": "Feature", "properties": {}, "geometry": {"type": "Point", "coordinates": [77.56945, 13.09939]}}, {"type": "Feature", "properties": {}, "geometry": {"type": "Point", "coordinates": [77.56926, 13.10083]}}, {"type": "Feature", "properties": {}, "geometry": {"type": "Point", "coordinates": [77.56897, 13.1013]}}, {"type": "Feature", "properties": {}, "geometry": {"type": "Point", "coordinates": [77.56832, 13.10158]}}, {"type": "Feature", "properties": {}, "geometry": {"type": "Point", "coordinates": [77.56731, 13.10142]}}, {"type": "Feature", "properties": {}, "geometry": {"type": "Point", "coordinates": [77.56807, 13.10267]}}, {"type": "Feature", "properties": {}, "geometry": {"type": "Point", "coordinates": [77.56937, 13.10458]}}, {"type": "Feature", "properties": {}, "geometry": {"type": "Point", "coordinates": [77.56579, 13.10836]}}, {"type": "Feature", "properties": {}, "geometry": {"type": "Point", "coordinates": [77.56686, 13.10845]}}, {"type": "Feature", "properties": {}, "geometry": {"type": "Point", "coordinates": [77.67989, 12.99189]}}, {"type": "Feature", "properties": {}, "geometry": {"type": "Point", "coordinates": [77.67942, 12.9915]}}, {"type": "Feature", "properties": {}, "geometry": {"type": "Point", "coordinates": [77.67945, 12.99165]}}, {"type": "Feature", "properties": {}, "geometry": {"type": "Point", "coordinates": [77.67946, 12.99147]}}, {"type": "Feature", "properties": {}, "geometry": {"type": "Point", "coordinates": [77.67663, 12.99083]}}, {"type": "Feature", "properties": {}, "geometry": {"type": "Point", "coordinates": [77.67537, 12.99342]}}, {"type": "Feature", "properties": {}, "geometry": {"type": "Point", "coordinates": [77.67654, 12.99289]}}, {"type": "Feature", "properties": {}, "geometry": {"type": "Point", "coordinates": [77.67762, 12.99214]}}, {"type": "Feature", "properties": {}, "geometry": {"type": "Point", "coordinates": [77.68027, 12.96651]}}, {"type": "Feature", "properties": {}, "geometry": {"type": "Point", "coordinates": [77.67988, 12.96917]}}, {"type": "Feature", "properties": {}, "geometry": {"type": "Point", "coordinates": [77.68357, 13.01662]}}, {"type": "Feature", "properties": {}, "geometry": {"type": "Point", "coordinates": [77.68383, 13.0105]}}, {"type": "Feature", "properties": {}, "geometry": {"type": "Point", "coordinates": [77.68678, 13.01734]}}, {"type": "Feature", "properties": {}, "geometry": {"type": "Point", "coordinates": [77.68055, 13.01075]}}, {"type": "Feature", "properties": {}, "geometry": {"type": "Point", "coordinates": [77.68042, 13.01385]}}, {"type": "Feature", "properties": {}, "geometry": {"type": "Point", "coordinates": [77.68372, 13.0212]}}, {"type": "Feature", "properties": {}, "geometry": {"type": "Point", "coordinates": [77.69198, 13.02539]}}, {"type": "Feature", "properties": {}, "geometry": {"type": "Point", "coordinates": [77.68767, 13.01883]}}, {"type": "Feature", "properties": {}, "geometry": {"type": "Point", "coordinates": [77.67786, 13.01811]}}, {"type": "Feature", "properties": {}, "geometry": {"type": "Point", "coordinates": [77.68112, 13.01166]}}, {"type": "Feature", "properties": {}, "geometry": {"type": "Point", "coordinates": [77.6884, 13.01825]}}, {"type": "Feature", "properties": {}, "geometry": {"type": "Point", "coordinates": [77.66911, 13.01878]}}, {"type": "Feature", "properties": {}, "geometry": {"type": "Point", "coordinates": [77.68379, 12.99512]}}, {"type": "Feature", "properties": {}, "geometry": {"type": "Point", "coordinates": [77.68256, 12.99508]}}, {"type": "Feature", "properties": {}, "geometry": {"type": "Point", "coordinates": [77.67941, 12.99496]}}, {"type": "Feature", "properties": {}, "geometry": {"type": "Point", "coordinates": [77.67864, 12.99506]}}, {"type": "Feature", "properties": {}, "geometry": {"type": "Point", "coordinates": [77.67207, 12.99781]}}, {"type": "Feature", "properties": {}, "geometry": {"type": "Point", "coordinates": [77.67836, 12.99531]}}, {"type": "Feature", "properties": {}, "geometry": {"type": "Point", "coordinates": [77.57835, 12.99586]}}, {"type": "Feature", "properties": {}, "geometry": {"type": "Point", "coordinates": [77.67961, 12.9956]}}, {"type": "Feature", "properties": {}, "geometry": {"type": "Point", "coordinates": [77.67881, 12.99666]}}, {"type": "Feature", "properties": {}, "geometry": {"type": "Point", "coordinates": [77.68217, 12.99818]}}, {"type": "Feature", "properties": {}, "geometry": {"type": "Point", "coordinates": [77.68121, 12.99912]}}, {"type": "Feature", "properties": {}, "geometry": {"type": "Point", "coordinates": [77.67641, 12.99365]}}, {"type": "Feature", "properties": {}, "geometry": {"type": "Point", "coordinates": [77.67365, 12.98964]}}, {"type": "Feature", "properties": {}, "geometry": {"type": "Point", "coordinates": [77.67445, 12.99028]}}, {"type": "Feature", "properties": {}, "geometry": {"type": "Point", "coordinates": [77.67745, 12.99618]}}, {"type": "Feature", "properties": {}, "geometry": {"type": "Point", "coordinates": [77.67325, 12.98695]}}, {"type": "Feature", "properties": {}, "geometry": {"type": "Point", "coordinates": [77.66978, 12.98374]}}, {"type": "Feature", "properties": {}, "geometry": {"type": "Point", "coordinates": [77.67277, 12.98887]}}, {"type": "Feature", "properties": {}, "geometry": {"type": "Point", "coordinates": [77.67172, 12.9913]}}, {"type": "Feature", "properties": {}, "geometry": {"type": "Point", "coordinates": [77.67216, 12.99112]}}, {"type": "Feature", "properties": {}, "geometry": {"type": "Point", "coordinates": [77.6733, 12.9911]}}, {"type": "Feature", "properties": {}, "geometry": {"type": "Point", "coordinates": [77.67416, 12.99023]}}, {"type": "Feature", "properties": {}, "geometry": {"type": "Point", "coordinates": [77.67543, 12.99047]}}, {"type": "Feature", "properties": {}, "geometry": {"type": "Point", "coordinates": [77.67548, 12.99091]}}, {"type": "Feature", "properties": {}, "geometry": {"type": "Point", "coordinates": [77.67179, 12.99682]}}, {"type": "Feature", "properties": {}, "geometry": {"type": "Point", "coordinates": [77.67152, 12.99441]}}, {"type": "Feature", "properties": {}, "geometry": {"type": "Point", "coordinates": [77.67147, 12.99447]}}, {"type": "Feature", "properties": {}, "geometry": {"type": "Point", "coordinates": [77.67159, 12.99634]}}, {"type": "Feature", "properties": {}, "geometry": {"type": "Point", "coordinates": [77.6702, 12.9939]}}, {"type": "Feature", "properties": {}, "geometry": {"type": "Point", "coordinates": [77.66848, 12.99479]}}, {"type": "Feature", "properties": {}, "geometry": {"type": "Point", "coordinates": [77.66878, 12.99179]}}, {"type": "Feature", "properties": {}, "geometry": {"type": "Point", "coordinates": [77.66905, 12.99168]}}, {"type": "Feature", "properties": {}, "geometry": {"type": "Point", "coordinates": [77.66868, 12.99116]}}, {"type": "Feature", "properties": {}, "geometry": {"type": "Point", "coordinates": [77.66932, 12.99046]}}, {"type": "Feature", "properties": {}, "geometry": {"type": "Point", "coordinates": [77.66758, 12.9918]}}, {"type": "Feature", "properties": {}, "geometry": {"type": "Point", "coordinates": [77.66692, 12.99247]}}, {"type": "Feature", "properties": {}, "geometry": {"type": "Point", "coordinates": [77.66729, 12.99289]}}, {"type": "Feature", "properties": {}, "geometry": {"type": "Point", "coordinates": [77.66878, 12.99179]}}, {"type": "Feature", "properties": {}, "geometry": {"type": "Point", "coordinates": [77.66855, 12.99192]}}, {"type": "Feature", "properties": {}, "geometry": {"type": "Point", "coordinates": [77.66856, 12.99552]}}, {"type": "Feature", "properties": {}, "geometry": {"type": "Point", "coordinates": [77.66852, 12.99567]}}, {"type": "Feature", "properties": {}, "geometry": {"type": "Point", "coordinates": [77.5715, 12.96533]}}, {"type": "Feature", "properties": {}, "geometry": {"type": "Point", "coordinates": [77.5712, 12.96568]}}, {"type": "Feature", "properties": {}, "geometry": {"type": "Point", "coordinates": [77.59256, 12.9668]}}, {"type": "Feature", "properties": {}, "geometry": {"type": "Point", "coordinates": [77.5935, 12.96715]}}, {"type": "Feature", "properties": {}, "geometry": {"type": "Point", "coordinates": [77.59021, 12.96728]}}, {"type": "Feature", "properties": {}, "geometry": {"type": "Point", "coordinates": [77.58717, 12.96733]}}, {"type": "Feature", "properties": {}, "geometry": {"type": "Point", "coordinates": [77.58481, 12.96942]}}, {"type": "Feature", "properties": {}, "geometry": {"type": "Point", "coordinates": [77.60198, 12.98606]}}, {"type": "Feature", "properties": {}, "geometry": {"type": "Point", "coordinates": [77.60157, 12.98669]}}, {"type": "Feature", "properties": {}, "geometry": {"type": "Point", "coordinates": [77.59932, 12.98855]}}, {"type": "Feature", "properties": {}, "geometry": {"type": "Point", "coordinates": [77.6005, 12.99092]}}, {"type": "Feature", "properties": {}, "geometry": {"type": "Point", "coordinates": [77.62743, 12.99509]}}, {"type": "Feature", "properties": {}, "geometry": {"type": "Point", "coordinates": [77.6325, 12.9952]}}, {"type": "Feature", "properties": {}, "geometry": {"type": "Point", "coordinates": [77.63193, 12.99553]}}, {"type": "Feature", "properties": {}, "geometry": {"type": "Point", "coordinates": [77.64273, 12.99552]}}, {"type": "Feature", "properties": {}, "geometry": {"type": "Point", "coordinates": [77.6426, 12.99567]}}, {"type": "Feature", "properties": {}, "geometry": {"type": "Point", "coordinates": [77.63058, 12.99667]}}, {"type": "Feature", "properties": {}, "geometry": {"type": "Point", "coordinates": [77.63235, 12.99666]}}, {"type": "Feature", "properties": {}, "geometry": {"type": "Point", "coordinates": [77.63218, 12.99678]}}, {"type": "Feature", "properties": {}, "geometry": {"type": "Point", "coordinates": [77.63225, 12.99696]}}, {"type": "Feature", "properties": {}, "geometry": {"type": "Point", "coordinates": [77.63137, 12.99711]}}, {"type": "Feature", "properties": {}, "geometry": {"type": "Point", "coordinates": [77.64193, 12.99718]}}, {"type": "Feature", "properties": {}, "geometry": {"type": "Point", "coordinates": [77.63075, 12.99732]}}, {"type": "Feature", "properties": {}, "geometry": {"type": "Point", "coordinates": [77.63, 12.99736]}}, {"type": "Feature", "properties": {}, "geometry": {"type": "Point", "coordinates": [77.63294, 12.99795]}}, {"type": "Feature", "properties": {}, "geometry": {"type": "Point", "coordinates": [77.62984, 12.99811]}}, {"type": "Feature", "properties": {}, "geometry": {"type": "Point", "coordinates": [77.63204, 12.99833]}}, {"type": "Feature", "properties": {}, "geometry": {"type": "Point", "coordinates": [77.63811, 13.00034]}}, {"type": "Feature", "properties": {}, "geometry": {"type": "Point", "coordinates": [77.637, 13.00102]}}, {"type": "Feature", "properties": {}, "geometry": {"type": "Point", "coordinates": [77.63922, 13.00108]}}, {"type": "Feature", "properties": {}, "geometry": {"type": "Point", "coordinates": [77.63841, 13.0014]}}, {"type": "Feature", "properties": {}, "geometry": {"type": "Point", "coordinates": [77.62252, 13.00556]}}, {"type": "Feature", "properties": {}, "geometry": {"type": "Point", "coordinates": [77.62371, 13.00566]}}, {"type": "Feature", "properties": {}, "geometry": {"type": "Point", "coordinates": [77.62203, 13.00706]}}, {"type": "Feature", "properties": {}, "geometry": {"type": "Point", "coordinates": [77.61379, 13.00984]}}, {"type": "Feature", "properties": {}, "geometry": {"type": "Point", "coordinates": [77.61148, 13.01005]}}, {"type": "Feature", "properties": {}, "geometry": {"type": "Point", "coordinates": [77.60976, 13.01156]}}, {"type": "Feature", "properties": {}, "geometry": {"type": "Point", "coordinates": [77.61945, 13.01173]}}, {"type": "Feature", "properties": {}, "geometry": {"type": "Point", "coordinates": [77.6184, 13.01216]}}, {"type": "Feature", "properties": {}, "geometry": {"type": "Point", "coordinates": [77.61203, 13.01238]}}, {"type": "Feature", "properties": {}, "geometry": {"type": "Point", "coordinates": [77.61791, 13.01285]}}, {"type": "Feature", "properties": {}, "geometry": {"type": "Point", "coordinates": [77.6134, 13.01414]}}, {"type": "Feature", "properties": {}, "geometry": {"type": "Point", "coordinates": [77.61197, 13.0142]}}, {"type": "Feature", "properties": {}, "geometry": {"type": "Point", "coordinates": [77.62092, 13.01427]}}, {"type": "Feature", "properties": {}, "geometry": {"type": "Point", "coordinates": [77.60244, 13.01478]}}, {"type": "Feature", "properties": {}, "geometry": {"type": "Point", "coordinates": [77.6114, 13.01488]}}, {"type": "Feature", "properties": {}, "geometry": {"type": "Point", "coordinates": [77.61743, 13.01487]}}, {"type": "Feature", "properties": {}, "geometry": {"type": "Point", "coordinates": [77.62154, 13.01495]}}, {"type": "Feature", "properties": {}, "geometry": {"type": "Point", "coordinates": [77.61142, 13.01528]}}, {"type": "Feature", "properties": {}, "geometry": {"type": "Point", "coordinates": [77.61487, 13.01549]}}, {"type": "Feature", "properties": {}, "geometry": {"type": "Point", "coordinates": [77.60512, 13.01565]}}, {"type": "Feature", "properties": {}, "geometry": {"type": "Point", "coordinates": [77.61352, 13.01564]}}, {"type": "Feature", "properties": {}, "geometry": {"type": "Point", "coordinates": [77.6152, 13.01588]}}, {"type": "Feature", "properties": {}, "geometry": {"type": "Point", "coordinates": [77.61478, 13.01598]}}, {"type": "Feature", "properties": {}, "geometry": {"type": "Point", "coordinates": [77.61207, 13.01602]}}, {"type": "Feature", "properties": {}, "geometry": {"type": "Point", "coordinates": [77.61256, 13.01632]}}, {"type": "Feature", "properties": {}, "geometry": {"type": "Point", "coordinates": [77.61007, 13.01636]}}, {"type": "Feature", "properties": {}, "geometry": {"type": "Point", "coordinates": [77.61208, 13.01665]}}, {"type": "Feature", "properties": {}, "geometry": {"type": "Point", "coordinates": [77.62064, 13.01721]}}, {"type": "Feature", "properties": {}, "geometry": {"type": "Point", "coordinates": [77.62226, 13.01741]}}, {"type": "Feature", "properties": {}, "geometry": {"type": "Point", "coordinates": [77.61557, 13.01762]}}, {"type": "Feature", "properties": {}, "geometry": {"type": "Point", "coordinates": [77.61073, 13.01769]}}, {"type": "Feature", "properties": {}, "geometry": {"type": "Point", "coordinates": [77.6131, 13.01774]}}, {"type": "Feature", "properties": {}, "geometry": {"type": "Point", "coordinates": [77.61924, 13.0178]}}, {"type": "Feature", "properties": {}, "geometry": {"type": "Point", "coordinates": [77.60947, 13.01797]}}, {"type": "Feature", "properties": {}, "geometry": {"type": "Point", "coordinates": [77.60801, 13.01809]}}, {"type": "Feature", "properties": {}, "geometry": {"type": "Point", "coordinates": [77.61199, 13.01832]}}, {"type": "Feature", "properties": {}, "geometry": {"type": "Point", "coordinates": [77.62181, 13.01829]}}, {"type": "Feature", "properties": {}, "geometry": {"type": "Point", "coordinates": [77.60757, 13.01853]}}, {"type": "Feature", "properties": {}, "geometry": {"type": "Point", "coordinates": [77.61267, 13.01899]}}, {"type": "Feature", "properties": {}, "geometry": {"type": "Point", "coordinates": [77.61677, 13.0191]}}, {"type": "Feature", "properties": {}, "geometry": {"type": "Point", "coordinates": [77.62318, 13.01948]}}, {"type": "Feature", "properties": {}, "geometry": {"type": "Point", "coordinates": [77.62331, 13.01951]}}, {"type": "Feature", "properties": {}, "geometry": {"type": "Point", "coordinates": [77.62322, 13.01981]}}, {"type": "Feature", "properties": {}, "geometry": {"type": "Point", "coordinates": [77.62074, 13.02001]}}, {"type": "Feature", "properties": {}, "geometry": {"type": "Point", "coordinates": [77.62193, 13.02028]}}, {"type": "Feature", "properties": {}, "geometry": {"type": "Point", "coordinates": [77.61893, 13.02032]}}, {"type": "Feature", "properties": {}, "geometry": {"type": "Point", "coordinates": [77.61666, 13.02037]}}, {"type": "Feature", "properties": {}, "geometry": {"type": "Point", "coordinates": [77.62255, 13.02057]}}, {"type": "Feature", "properties": {}, "geometry": {"type": "Point", "coordinates": [77.62318, 13.02059]}}, {"type": "Feature", "properties": {}, "geometry": {"type": "Point", "coordinates": [77.62154, 13.02079]}}, {"type": "Feature", "properties": {}, "geometry": {"type": "Point", "coordinates": [77.61971, 13.0214]}}, {"type": "Feature", "properties": {}, "geometry": {"type": "Point", "coordinates": [77.61276, 13.01879]}}, {"type": "Feature", "properties": {}, "geometry": {"type": "Point", "coordinates": [77.61221, 13.01826]}}, {"type": "Feature", "properties": {}, "geometry": {"type": "Point", "coordinates": [77.61367, 13.01943]}}, {"type": "Feature", "properties": {}, "geometry": {"type": "Point", "coordinates": [77.61183, 13.01866]}}, {"type": "Feature", "properties": {}, "geometry": {"type": "Point", "coordinates": [77.61622, 13.01534]}}, {"type": "Feature", "properties": {}, "geometry": {"type": "Point", "coordinates": [77.61389, 13.01548]}}, {"type": "Feature", "properties": {}, "geometry": {"type": "Point", "coordinates": [77.61656, 13.01918]}}, {"type": "Feature", "properties": {}, "geometry": {"type": "Point", "coordinates": [77.61537, 13.01825]}}, {"type": "Feature", "properties": {}, "geometry": {"type": "Point", "coordinates": [77.61631, 13.01678]}}, {"type": "Feature", "properties": {}, "geometry": {"type": "Point", "coordinates": [77.61693, 13.02032]}}, {"type": "Feature", "properties": {}, "geometry": {"type": "Point", "coordinates": [77.61395, 13.01607]}}, {"type": "Feature", "properties": {}, "geometry": {"type": "Point", "coordinates": [77.61336, 13.01476]}}, {"type": "Feature", "properties": {}, "geometry": {"type": "Point", "coordinates": [77.61339, 13.01733]}}, {"type": "Feature", "properties": {}, "geometry": {"type": "Point", "coordinates": [77.61445, 13.01374]}}, {"type": "Feature", "properties": {}, "geometry": {"type": "Point", "coordinates": [77.61114, 13.01839]}}, {"type": "Feature", "properties": {}, "geometry": {"type": "Point", "coordinates": [77.612, 13.01857]}}, {"type": "Feature", "properties": {}, "geometry": {"type": "Point", "coordinates": [77.6143, 13.0115]}}, {"type": "Feature", "properties": {}, "geometry": {"type": "Point", "coordinates": [77.61266, 13.01973]}}, {"type": "Feature", "properties": {}, "geometry": {"type": "Point", "coordinates": [77.61287, 13.01872]}}, {"type": "Feature", "properties": {}, "geometry": {"type": "Point", "coordinates": [77.61345, 13.01968]}}, {"type": "Feature", "properties": {}, "geometry": {"type": "Point", "coordinates": [77.61783, 13.01887]}}, {"type": "Feature", "properties": {}, "geometry": {"type": "Point", "coordinates": [77.61177, 13.02001]}}, {"type": "Feature", "properties": {}, "geometry": {"type": "Point", "coordinates": [77.61423, 13.01408]}}, {"type": "Feature", "properties": {}, "geometry": {"type": "Point", "coordinates": [77.61568, 13.01194]}}, {"type": "Feature", "properties": {}, "geometry": {"type": "Point", "coordinates": [77.61311, 13.01986]}}, {"type": "Feature", "properties": {}, "geometry": {"type": "Point", "coordinates": [77.61354, 13.02015]}}, {"type": "Feature", "properties": {}, "geometry": {"type": "Point", "coordinates": [77.61545, 13.01982]}}, {"type": "Feature", "properties": {}, "geometry": {"type": "Point", "coordinates": [77.61608, 13.01902]}}, {"type": "Feature", "properties": {}, "geometry": {"type": "Point", "coordinates": [77.6157, 13.01906]}}, {"type": "Feature", "properties": {}, "geometry": {"type": "Point", "coordinates": [77.61466, 13.01515]}}, {"type": "Feature", "properties": {}, "geometry": {"type": "Point", "coordinates": [77.61566, 13.01386]}}, {"type": "Feature", "properties": {}, "geometry": {"type": "Point", "coordinates": [77.61474, 13.01356]}}, {"type": "Feature", "properties": {}, "geometry": {"type": "Point", "coordinates": [77.61353, 13.01112]}}, {"type": "Feature", "properties": {}, "geometry": {"type": "Point", "coordinates": [77.61447, 13.01257]}}, {"type": "Feature", "properties": {}, "geometry": {"type": "Point", "coordinates": [77.61314, 13.01767]}}, {"type": "Feature", "properties": {}, "geometry": {"type": "Point", "coordinates": [77.61102, 13.01681]}}, {"type": "Feature", "properties": {}, "geometry": {"type": "Point", "coordinates": [77.61027, 13.01684]}}, {"type": "Feature", "properties": {}, "geometry": {"type": "Point", "coordinates": [77.61104, 13.01695]}}, {"type": "Feature", "properties": {}, "geometry": {"type": "Point", "coordinates": [77.61259, 13.01667]}}, {"type": "Feature", "properties": {}, "geometry": {"type": "Point", "coordinates": [77.612, 13.015]}}, {"type": "Feature", "properties": {}, "geometry": {"type": "Point", "coordinates": [77.6116, 13.01456]}}, {"type": "Feature", "properties": {}, "geometry": {"type": "Point", "coordinates": [77.60976, 13.0185]}}, {"type": "Feature", "properties": {}, "geometry": {"type": "Point", "coordinates": [77.6019, 13.01745]}}, {"type": "Feature", "properties": {}, "geometry": {"type": "Point", "coordinates": [77.60145, 13.0164]}}, {"type": "Feature", "properties": {}, "geometry": {"type": "Point", "coordinates": [77.6021, 13.01668]}}, {"type": "Feature", "properties": {}, "geometry": {"type": "Point", "coordinates": [77.60295, 13.0171]}}, {"type": "Feature", "properties": {}, "geometry": {"type": "Point", "coordinates": [77.60246, 13.01497]}}, {"type": "Feature", "properties": {}, "geometry": {"type": "Point", "coordinates": [77.60988, 13.01164]}}, {"type": "Feature", "properties": {}, "geometry": {"type": "Point", "coordinates": [77.60933, 13.01309]}}, {"type": "Feature", "properties": {}, "geometry": {"type": "Point", "coordinates": [77.60593, 13.019]}}, {"type": "Feature", "properties": {}, "geometry": {"type": "Point", "coordinates": [77.60287, 13.01687]}}, {"type": "Feature", "properties": {}, "geometry": {"type": "Point", "coordinates": [77.60736, 13.01517]}}, {"type": "Feature", "properties": {}, "geometry": {"type": "Point", "coordinates": [77.60532, 13.01627]}}, {"type": "Feature", "properties": {}, "geometry": {"type": "Point", "coordinates": [77.60943, 13.01425]}}, {"type": "Feature", "properties": {}, "geometry": {"type": "Point", "coordinates": [77.60566, 13.01388]}}, {"type": "Feature", "properties": {}, "geometry": {"type": "Point", "coordinates": [77.60215, 13.0162]}}, {"type": "Feature", "properties": {}, "geometry": {"type": "Point", "coordinates": [77.60249, 13.01534]}}, {"type": "Feature", "properties": {}, "geometry": {"type": "Point", "coordinates": [77.6031, 13.01592]}}, {"type": "Feature", "properties": {}, "geometry": {"type": "Point", "coordinates": [77.60415, 13.01709]}}, {"type": "Feature", "properties": {}, "geometry": {"type": "Point", "coordinates": [77.60245, 13.01456]}}, {"type": "Feature", "properties": {}, "geometry": {"type": "Point", "coordinates": [77.60381, 13.01471]}}, {"type": "Feature", "properties": {}, "geometry": {"type": "Point", "coordinates": [77.60491, 13.01235]}}, {"type": "Feature", "properties": {}, "geometry": {"type": "Point", "coordinates": [77.60746, 13.01254]}}, {"type": "Feature", "properties": {}, "geometry": {"type": "Point", "coordinates": [77.60534, 13.01786]}}, {"type": "Feature", "properties": {}, "geometry": {"type": "Point", "coordinates": [77.60768, 13.01447]}}, {"type": "Feature", "properties": {}, "geometry": {"type": "Point", "coordinates": [77.60851, 13.01556]}}, {"type": "Feature", "properties": {}, "geometry": {"type": "Point", "coordinates": [77.60424, 13.01241]}}, {"type": "Feature", "properties": {}, "geometry": {"type": "Point", "coordinates": [77.60591, 13.01265]}}, {"type": "Feature", "properties": {}, "geometry": {"type": "Point", "coordinates": [77.60753, 13.01333]}}, {"type": "Feature", "properties": {}, "geometry": {"type": "Point", "coordinates": [77.60665, 13.01182]}}, {"type": "Feature", "properties": {}, "geometry": {"type": "Point", "coordinates": [77.606, 13.02023]}}, {"type": "Feature", "properties": {}, "geometry": {"type": "Point", "coordinates": [77.60644, 13.01317]}}, {"type": "Feature", "properties": {}, "geometry": {"type": "Point", "coordinates": [77.60758, 13.01249]}}, {"type": "Feature", "properties": {}, "geometry": {"type": "Point", "coordinates": [77.60907, 13.01106]}}, {"type": "Feature", "properties": {}, "geometry": {"type": "Point", "coordinates": [77.60575, 13.0206]}}, {"type": "Feature", "properties": {}, "geometry": {"type": "Point", "coordinates": [77.60483, 13.01985]}}, {"type": "Feature", "properties": {}, "geometry": {"type": "Point", "coordinates": [77.60621, 13.01895]}}, {"type": "Feature", "properties": {}, "geometry": {"type": "Point", "coordinates": [77.60528, 13.01995]}}, {"type": "Feature", "properties": {}, "geometry": {"type": "Point", "coordinates": [77.60545, 13.01724]}}, {"type": "Feature", "properties": {}, "geometry": {"type": "Point", "coordinates": [77.60673, 13.01563]}}, {"type": "Feature", "properties": {}, "geometry": {"type": "Point", "coordinates": [77.6074, 13.01706]}}, {"type": "Feature", "properties": {}, "geometry": {"type": "Point", "coordinates": [77.60754, 13.01553]}}, {"type": "Feature", "properties": {}, "geometry": {"type": "Point", "coordinates": [77.60999, 13.01243]}}, {"type": "Feature", "properties": {}, "geometry": {"type": "Point", "coordinates": [77.60828, 13.01149]}}, {"type": "Feature", "properties": {}, "geometry": {"type": "Point", "coordinates": [77.60324, 13.01322]}}, {"type": "Feature", "properties": {}, "geometry": {"type": "Point", "coordinates": [77.60219, 13.01344]}}, {"type": "Feature", "properties": {}, "geometry": {"type": "Point", "coordinates": [77.60867, 13.01287]}}, {"type": "Feature", "properties": {}, "geometry": {"type": "Point", "coordinates": [77.6083, 13.01214]}}, {"type": "Feature", "properties": {}, "geometry": {"type": "Point", "coordinates": [77.60905, 13.01292]}}, {"type": "Feature", "properties": {}, "geometry": {"type": "Point", "coordinates": [77.60682, 13.01362]}}, {"type": "Feature", "properties": {}, "geometry": {"type": "Point", "coordinates": [77.60195, 13.01754]}}, {"type": "Feature", "properties": {}, "geometry": {"type": "Point", "coordinates": [77.60155, 13.01636]}}, {"type": "Feature", "properties": {}, "geometry": {"type": "Point", "coordinates": [77.60273, 13.0165]}}, {"type": "Feature", "properties": {}, "geometry": {"type": "Point", "coordinates": [77.60513, 13.016]}}, {"type": "Feature", "properties": {}, "geometry": {"type": "Point", "coordinates": [77.60842, 13.01519]}}, {"type": "Feature", "properties": {}, "geometry": {"type": "Point", "coordinates": [77.60373, 13.01339]}}, {"type": "Feature", "properties": {}, "geometry": {"type": "Point", "coordinates": [77.60578, 13.01865]}}, {"type": "Feature", "properties": {}, "geometry": {"type": "Point", "coordinates": [77.60549, 13.01918]}}, {"type": "Feature", "properties": {}, "geometry": {"type": "Point", "coordinates": [77.60745, 13.01195]}}, {"type": "Feature", "properties": {}, "geometry": {"type": "Point", "coordinates": [77.61481, 13.00834]}}, {"type": "Feature", "properties": {}, "geometry": {"type": "Point", "coordinates": [77.61492, 13.0093]}}, {"type": "Feature", "properties": {}, "geometry": {"type": "Point", "coordinates": [77.6164, 13.00869]}}, {"type": "Feature", "properties": {}, "geometry": {"type": "Point", "coordinates": [77.61728, 13.00834]}}, {"type": "Feature", "properties": {}, "geometry": {"type": "Point", "coordinates": [77.61823, 13.00884]}}, {"type": "Feature", "properties": {}, "geometry": {"type": "Point", "coordinates": [77.61628, 13.0075]}}, {"type": "Feature", "properties": {}, "geometry": {"type": "Point", "coordinates": [77.61659, 13.00931]}}, {"type": "Feature", "properties": {}, "geometry": {"type": "Point", "coordinates": [77.62158, 13.00724]}}, {"type": "Feature", "properties": {}, "geometry": {"type": "Point", "coordinates": [77.62033, 13.00825]}}, {"type": "Feature", "properties": {}, "geometry": {"type": "Point", "coordinates": [77.62115, 13.00798]}}, {"type": "Feature", "properties": {}, "geometry": {"type": "Point", "coordinates": [77.61832, 13.0069]}}, {"type": "Feature", "properties": {}, "geometry": {"type": "Point", "coordinates": [77.61567, 13.00835]}}, {"type": "Feature", "properties": {}, "geometry": {"type": "Point", "coordinates": [77.61427, 13.00866]}}, {"type": "Feature", "properties": {}, "geometry": {"type": "Point", "coordinates": [77.61595, 13.00912]}}, {"type": "Feature", "properties": {}, "geometry": {"type": "Point", "coordinates": [77.6175, 13.00917]}}, {"type": "Feature", "properties": {}, "geometry": {"type": "Point", "coordinates": [77.61867, 13.00876]}}, {"type": "Feature", "properties": {}, "geometry": {"type": "Point", "coordinates": [77.62026, 13.00738]}}, {"type": "Feature", "properties": {}, "geometry": {"type": "Point", "coordinates": [77.61914, 13.00649]}}, {"type": "Feature", "properties": {}, "geometry": {"type": "Point", "coordinates": [77.61514, 13.00185]}}, {"type": "Feature", "properties": {}, "geometry": {"type": "Point", "coordinates": [77.61095, 12.99539]}}, {"type": "Feature", "properties": {}, "geometry": {"type": "Point", "coordinates": [77.61895, 13.00003]}}, {"type": "Feature", "properties": {}, "geometry": {"type": "Point", "coordinates": [77.61701, 13.0]}}, {"type": "Feature", "properties": {}, "geometry": {"type": "Point", "coordinates": [77.61732, 12.99805]}}, {"type": "Feature", "properties": {}, "geometry": {"type": "Point", "coordinates": [77.6112, 13.00072]}}, {"type": "Feature", "properties": {}, "geometry": {"type": "Point", "coordinates": [77.61487, 12.99976]}}, {"type": "Feature", "properties": {}, "geometry": {"type": "Point", "coordinates": [77.61478, 13.00023]}}, {"type": "Feature", "properties": {}, "geometry": {"type": "Point", "coordinates": [77.61129, 12.99809]}}, {"type": "Feature", "properties": {}, "geometry": {"type": "Point", "coordinates": [77.60371, 13.01248]}}, {"type": "Feature", "properties": {}, "geometry": {"type": "Point", "coordinates": [77.60291, 13.01151]}}, {"type": "Feature", "properties": {}, "geometry": {"type": "Point", "coordinates": [77.60806, 13.01093]}}, {"type": "Feature", "properties": {}, "geometry": {"type": "Point", "coordinates": [77.60517, 13.00327]}}, {"type": "Feature", "properties": {}, "geometry": {"type": "Point", "coordinates": [77.60764, 13.0007]}}, {"type": "Feature", "properties": {}, "geometry": {"type": "Point", "coordinates": [77.60891, 13.00028]}}, {"type": "Feature", "properties": {}, "geometry": {"type": "Point", "coordinates": [77.60754, 13.0038]}}, {"type": "Feature", "properties": {}, "geometry": {"type": "Point", "coordinates": [77.6058, 13.00472]}}, {"type": "Feature", "properties": {}, "geometry": {"type": "Point", "coordinates": [77.60684, 13.00322]}}, {"type": "Feature", "properties": {}, "geometry": {"type": "Point", "coordinates": [77.60379, 13.01189]}}, {"type": "Feature", "properties": {}, "geometry": {"type": "Point", "coordinates": [77.60459, 13.01185]}}, {"type": "Feature", "properties": {}, "geometry": {"type": "Point", "coordinates": [77.60768, 13.00204]}}, {"type": "Feature", "properties": {}, "geometry": {"type": "Point", "coordinates": [77.60692, 13.00138]}}, {"type": "Feature", "properties": {}, "geometry": {"type": "Point", "coordinates": [77.60774, 13.00992]}}, {"type": "Feature", "properties": {}, "geometry": {"type": "Point", "coordinates": [77.60443, 13.0107]}}, {"type": "Feature", "properties": {}, "geometry": {"type": "Point", "coordinates": [77.60381, 13.01151]}}, {"type": "Feature", "properties": {}, "geometry": {"type": "Point", "coordinates": [77.60601, 13.01155]}}, {"type": "Feature", "properties": {}, "geometry": {"type": "Point", "coordinates": [77.6087, 13.00999]}}, {"type": "Feature", "properties": {}, "geometry": {"type": "Point", "coordinates": [77.61259, 13.00828]}}, {"type": "Feature", "properties": {}, "geometry": {"type": "Point", "coordinates": [77.60685, 12.99987]}}, {"type": "Feature", "properties": {}, "geometry": {"type": "Point", "coordinates": [77.60706, 13.00464]}}, {"type": "Feature", "properties": {}, "geometry": {"type": "Point", "coordinates": [77.47727, 12.92041]}}, {"type": "Feature", "properties": {}, "geometry": {"type": "Point", "coordinates": [77.4779, 12.92112]}}, {"type": "Feature", "properties": {}, "geometry": {"type": "Point", "coordinates": [77.47731, 12.92153]}}, {"type": "Feature", "properties": {}, "geometry": {"type": "Point", "coordinates": [77.48449, 12.92963]}}, {"type": "Feature", "properties": {}, "geometry": {"type": "Point", "coordinates": [77.48679, 12.93134]}}, {"type": "Feature", "properties": {}, "geometry": {"type": "Point", "coordinates": [77.4872, 12.93141]}}, {"type": "Feature", "properties": {}, "geometry": {"type": "Point", "coordinates": [77.48517, 12.9317]}}, {"type": "Feature", "properties": {}, "geometry": {"type": "Point", "coordinates": [77.48625, 12.93219]}}, {"type": "Feature", "properties": {}, "geometry": {"type": "Point", "coordinates": [77.48595, 12.93226]}}, {"type": "Feature", "properties": {}, "geometry": {"type": "Point", "coordinates": [77.48422, 12.933]}}, {"type": "Feature", "properties": {}, "geometry": {"type": "Point", "coordinates": [77.48478, 12.93352]}}, {"type": "Feature", "properties": {}, "geometry": {"type": "Point", "coordinates": [77.49773, 12.96434]}}, {"type": "Feature", "properties": {}, "geometry": {"type": "Point", "coordinates": [77.54934, 12.97475]}}, {"type": "Feature", "properties": {}, "geometry": {"type": "Point", "coordinates": [77.55078, 12.97497]}}, {"type": "Feature", "properties": {}, "geometry": {"type": "Point", "coordinates": [77.54501, 12.98197]}}, {"type": "Feature", "properties": {}, "geometry": {"type": "Point", "coordinates": [77.53995, 12.98227]}}, {"type": "Feature", "properties": {}, "geometry": {"type": "Point", "coordinates": [77.53977, 12.98231]}}, {"type": "Feature", "properties": {}, "geometry": {"type": "Point", "coordinates": [77.53268, 12.98256]}}, {"type": "Feature", "properties": {}, "geometry": {"type": "Point", "coordinates": [77.54469, 12.98257]}}, {"type": "Feature", "properties": {}, "geometry": {"type": "Point", "coordinates": [77.53176, 12.9827]}}, {"type": "Feature", "properties": {}, "geometry": {"type": "Point", "coordinates": [77.53202, 12.98272]}}, {"type": "Feature", "properties": {}, "geometry": {"type": "Point", "coordinates": [77.5458, 12.98274]}}, {"type": "Feature", "properties": {}, "geometry": {"type": "Point", "coordinates": [77.54308, 12.98291]}}, {"type": "Feature", "properties": {}, "geometry": {"type": "Point", "coordinates": [77.54262, 12.98296]}}, {"type": "Feature", "properties": {}, "geometry": {"type": "Point", "coordinates": [77.53914, 12.98301]}}, {"type": "Feature", "properties": {}, "geometry": {"type": "Point", "coordinates": [77.54108, 12.98306]}}, {"type": "Feature", "properties": {}, "geometry": {"type": "Point", "coordinates": [77.54049, 12.98307]}}, {"type": "Feature", "properties": {}, "geometry": {"type": "Point", "coordinates": [77.53837, 12.98315]}}, {"type": "Feature", "properties": {}, "geometry": {"type": "Point", "coordinates": [77.54167, 12.98315]}}, {"type": "Feature", "properties": {}, "geometry": {"type": "Point", "coordinates": [77.54539, 12.9832]}}, {"type": "Feature", "properties": {}, "geometry": {"type": "Point", "coordinates": [77.53825, 12.98335]}}, {"type": "Feature", "properties": {}, "geometry": {"type": "Point", "coordinates": [77.53852, 12.98343]}}, {"type": "Feature", "properties": {}, "geometry": {"type": "Point", "coordinates": [77.53096, 12.98366]}}, {"type": "Feature", "properties": {}, "geometry": {"type": "Point", "coordinates": [77.53426, 12.98366]}}, {"type": "Feature", "properties": {}, "geometry": {"type": "Point", "coordinates": [77.54497, 12.98382]}}, {"type": "Feature", "properties": {}, "geometry": {"type": "Point", "coordinates": [77.53507, 12.98406]}}, {"type": "Feature", "properties": {}, "geometry": {"type": "Point", "coordinates": [77.53974, 12.98404]}}, {"type": "Feature", "properties": {}, "geometry": {"type": "Point", "coordinates": [77.54535, 12.98404]}}, {"type": "Feature", "properties": {}, "geometry": {"type": "Point", "coordinates": [77.54516, 12.98418]}}, {"type": "Feature", "properties": {}, "geometry": {"type": "Point", "coordinates": [77.53925, 12.98425]}}, {"type": "Feature", "properties": {}, "geometry": {"type": "Point", "coordinates": [77.54604, 12.98419]}}, {"type": "Feature", "properties": {}, "geometry": {"type": "Point", "coordinates": [77.53105, 12.98439]}}, {"type": "Feature", "properties": {}, "geometry": {"type": "Point", "coordinates": [77.53576, 12.98436]}}, {"type": "Feature", "properties": {}, "geometry": {"type": "Point", "coordinates": [77.53763, 12.98441]}}, {"type": "Feature", "properties": {}, "geometry": {"type": "Point", "coordinates": [77.53072, 12.98455]}}, {"type": "Feature", "properties": {}, "geometry": {"type": "Point", "coordinates": [77.53004, 12.98458]}}, {"type": "Feature", "properties": {}, "geometry": {"type": "Point", "coordinates": [77.5318, 12.98494]}}, {"type": "Feature", "properties": {}, "geometry": {"type": "Point", "coordinates": [77.53561, 12.98523]}}, {"type": "Feature", "properties": {}, "geometry": {"type": "Point", "coordinates": [77.53547, 12.98529]}}, {"type": "Feature", "properties": {}, "geometry": {"type": "Point", "coordinates": [77.53078, 12.9854]}}, {"type": "Feature", "properties": {}, "geometry": {"type": "Point", "coordinates": [77.52914, 12.98542]}}, {"type": "Feature", "properties": {}, "geometry": {"type": "Point", "coordinates": [77.52961, 12.98571]}}, {"type": "Feature", "properties": {}, "geometry": {"type": "Point", "coordinates": [77.52945, 12.98572]}}, {"type": "Feature", "properties": {}, "geometry": {"type": "Point", "coordinates": [77.52779, 12.98587]}}, {"type": "Feature", "properties": {}, "geometry": {"type": "Point", "coordinates": [77.52556, 12.98601]}}, {"type": "Feature", "properties": {}, "geometry": {"type": "Point", "coordinates": [77.53506, 12.98594]}}, {"type": "Feature", "properties": {}, "geometry": {"type": "Point", "coordinates": [77.53379, 12.98607]}}, {"type": "Feature", "properties": {}, "geometry": {"type": "Point", "coordinates": [77.54736, 12.98604]}}, {"type": "Feature", "properties": {}, "geometry": {"type": "Point", "coordinates": [77.5531, 12.98599]}}, {"type": "Feature", "properties": {}, "geometry": {"type": "Point", "coordinates": [77.52577, 12.98629]}}, {"type": "Feature", "properties": {}, "geometry": {"type": "Point", "coordinates": [77.53097, 12.98633]}}, {"type": "Feature", "properties": {}, "geometry": {"type": "Point", "coordinates": [77.54616, 12.98622]}}, {"type": "Feature", "properties": {}, "geometry": {"type": "Point", "coordinates": [77.5319, 12.98703]}}, {"type": "Feature", "properties": {}, "geometry": {"type": "Point", "coordinates": [77.52982, 12.98707]}}, {"type": "Feature", "properties": {}, "geometry": {"type": "Point", "coordinates": [77.52923, 12.98723]}}, {"type": "Feature", "properties": {}, "geometry": {"type": "Point", "coordinates": [77.53164, 12.98722]}}, {"type": "Feature", "properties": {}, "geometry": {"type": "Point", "coordinates": [77.52827, 12.98725]}}, {"type": "Feature", "properties": {}, "geometry": {"type": "Point", "coordinates": [77.52415, 12.98739]}}, {"type": "Feature", "properties": {}, "geometry": {"type": "Point", "coordinates": [77.53173, 12.98735]}}, {"type": "Feature", "properties": {}, "geometry": {"type": "Point", "coordinates": [77.54937, 12.98725]}}, {"type": "Feature", "properties": {}, "geometry": {"type": "Point", "coordinates": [77.53077, 12.98749]}}, {"type": "Feature", "properties": {}, "geometry": {"type": "Point", "coordinates": [77.52529, 12.98768]}}, {"type": "Feature", "properties": {}, "geometry": {"type": "Point", "coordinates": [77.52661, 12.98772]}}, {"type": "Feature", "properties": {}, "geometry": {"type": "Point", "coordinates": [77.5289, 12.9878]}}, {"type": "Feature", "properties": {}, "geometry": {"type": "Point", "coordinates": [77.54763, 12.98764]}}, {"type": "Feature", "properties": {}, "geometry": {"type": "Point", "coordinates": [77.53078, 12.98783]}}, {"type": "Feature", "properties": {}, "geometry": {"type": "Point", "coordinates": [77.5293, 12.98793]}}, {"type": "Feature", "properties": {}, "geometry": {"type": "Point", "coordinates": [77.5019, 12.98841]}}, {"type": "Feature", "properties": {}, "geometry": {"type": "Point", "coordinates": [77.54589, 12.98801]}}, {"type": "Feature", "properties": {}, "geometry": {"type": "Point", "coordinates": [77.53245, 12.98825]}}, {"type": "Feature", "properties": {}, "geometry": {"type": "Point", "coordinates": [77.53237, 12.98831]}}, {"type": "Feature", "properties": {}, "geometry": {"type": "Point", "coordinates": [77.52867, 12.98836]}}, {"type": "Feature", "properties": {}, "geometry": {"type": "Point", "coordinates": [77.55254, 12.98821]}}, {"type": "Feature", "properties": {}, "geometry": {"type": "Point", "coordinates": [77.52978, 12.98855]}}, {"type": "Feature", "properties": {}, "geometry": {"type": "Point", "coordinates": [77.50901, 12.98883]}}, {"type": "Feature", "properties": {}, "geometry": {"type": "Point", "coordinates": [77.52498, 12.98872]}}, {"type": "Feature", "properties": {}, "geometry": {"type": "Point", "coordinates": [77.52751, 12.98886]}}, {"type": "Feature", "properties": {}, "geometry": {"type": "Point", "coordinates": [77.52609, 12.98899]}}, {"type": "Feature", "properties": {}, "geometry": {"type": "Point", "coordinates": [77.54395, 12.98886]}}, {"type": "Feature", "properties": {}, "geometry": {"type": "Point", "coordinates": [77.5077, 12.98926]}}, {"type": "Feature", "properties": {}, "geometry": {"type": "Point", "coordinates": [77.54846, 12.98888]}}, {"type": "Feature", "properties": {}, "geometry": {"type": "Point", "coordinates": [77.54764, 12.98895]}}, {"type": "Feature", "properties": {}, "geometry": {"type": "Point", "coordinates": [77.52449, 12.98919]}}, {"type": "Feature", "properties": {}, "geometry": {"type": "Point", "coordinates": [77.53599, 12.98908]}}, {"type": "Feature", "properties": {}, "geometry": {"type": "Point", "coordinates": [77.54423, 12.98901]}}, {"type": "Feature", "properties": {}, "geometry": {"type": "Point", "coordinates": [77.53398, 12.98919]}}, {"type": "Feature", "properties": {}, "geometry": {"type": "Point", "coordinates": [77.52188, 12.98931]}}, {"type": "Feature", "properties": {}, "geometry": {"type": "Point", "coordinates": [77.52663, 12.9893]}}, {"type": "Feature", "properties": {}, "geometry": {"type": "Point", "coordinates": [77.54502, 12.98912]}}, {"type": "Feature", "properties": {}, "geometry": {"type": "Point", "coordinates": [77.54369, 12.98914]}}, {"type": "Feature", "properties": {}, "geometry": {"type": "Point", "coordinates": [77.501, 12.98958]}}, {"type": "Feature", "properties": {}, "geometry": {"type": "Point", "coordinates": [77.54568, 12.9892]}}, {"type": "Feature", "properties": {}, "geometry": {"type": "Point", "coordinates": [77.5376, 12.9893]}}, {"type": "Feature", "properties": {}, "geometry": {"type": "Point", "coordinates": [77.49941, 12.98971]}}, {"type": "Feature", "properties": {}, "geometry": {"type": "Point", "coordinates": [77.53326, 12.98956]}}, {"type": "Feature", "properties": {}, "geometry": {"type": "Point", "coordinates": [77.54573, 12.98949]}}, {"type": "Feature", "properties": {}, "geometry": {"type": "Point", "coordinates": [77.55362, 12.98943]}}, {"type": "Feature", "properties": {}, "geometry": {"type": "Point", "coordinates": [77.54965, 12.98954]}}, {"type": "Feature", "properties": {}, "geometry": {"type": "Point", "coordinates": [77.52875, 12.9898]}}, {"type": "Feature", "properties": {}, "geometry": {"type": "Point", "coordinates": [77.54163, 12.98974]}}, {"type": "Feature", "properties": {}, "geometry": {"type": "Point", "coordinates": [77.53065, 12.98987]}}, {"type": "Feature", "properties": {}, "geometry": {"type": "Point", "coordinates": [77.52329, 12.98998]}}, {"type": "Feature", "properties": {}, "geometry": {"type": "Point", "coordinates": [77.54648, 12.98978]}}, {"type": "Feature", "properties": {}, "geometry": {"type": "Point", "coordinates": [77.54242, 12.98983]}}, {"type": "Feature", "properties": {}, "geometry": {"type": "Point", "coordinates": [77.53336, 12.98993]}}, {"type": "Feature", "properties": {}, "geometry": {"type": "Point", "coordinates": [77.52959, 12.99012]}}, {"type": "Feature", "properties": {}, "geometry": {"type": "Point", "coordinates": [77.53803, 12.99004]}}, {"type": "Feature", "properties": {}, "geometry": {"type": "Point", "coordinates": [77.54371, 12.99003]}}, {"type": "Feature", "properties": {}, "geometry": {"type": "Point", "coordinates": [77.5306, 12.99021]}}, {"type": "Feature", "properties": {}, "geometry": {"type": "Point", "coordinates": [77.52562, 12.99033]}}, {"type": "Feature", "properties": {}, "geometry": {"type": "Point", "coordinates": [77.52345, 12.99041]}}, {"type": "Feature", "properties": {}, "geometry": {"type": "Point", "coordinates": [77.53585, 12.99029]}}, {"type": "Feature", "properties": {}, "geometry": {"type": "Point", "coordinates": [77.52718, 12.9904]}}, {"type": "Feature", "properties": {}, "geometry": {"type": "Point", "coordinates": [77.52415, 12.9906]}}, {"type": "Feature", "properties": {}, "geometry": {"type": "Point", "coordinates": [77.5312, 12.99053]}}, {"type": "Feature", "properties": {}, "geometry": {"type": "Point", "coordinates": [77.50348, 12.99083]}}, {"type": "Feature", "properties": {}, "geometry": {"type": "Point", "coordinates": [77.55296, 12.99036]}}, {"type": "Feature", "properties": {}, "geometry": {"type": "Point", "coordinates": [77.53408, 12.99071]}}, {"type": "Feature", "properties": {}, "geometry": {"type": "Point", "coordinates": [77.50018, 12.99105]}}, {"type": "Feature", "properties": {}, "geometry": {"type": "Point", "coordinates": [77.53261, 12.99074]}}, {"type": "Feature", "properties": {}, "geometry": {"type": "Point", "coordinates": [77.53265, 12.99078]}}, {"type": "Feature", "properties": {}, "geometry": {"type": "Point", "coordinates": [77.52938, 12.99082]}}, {"type": "Feature", "properties": {}, "geometry": {"type": "Point", "coordinates": [77.50159, 12.99111]}}, {"type": "Feature", "properties": {}, "geometry": {"type": "Point", "coordinates": [77.53314, 12.99592]}}, {"type": "Feature", "properties": {}, "geometry": {"type": "Point", "coordinates": [77.53319, 12.996]}}, {"type": "Feature", "properties": {}, "geometry": {"type": "Point", "coordinates": [77.5444, 12.99593]}}, {"type": "Feature", "properties": {}, "geometry": {"type": "Point", "coordinates": [77.52846, 12.99608]}}, {"type": "Feature", "properties": {}, "geometry": {"type": "Point", "coordinates": [77.50361, 12.99634]}}, {"type": "Feature", "properties": {}, "geometry": {"type": "Point", "coordinates": [77.50301, 12.99643]}}, {"type": "Feature", "properties": {}, "geometry": {"type": "Point", "coordinates": [77.52684, 12.99624]}}, {"type": "Feature", "properties": {}, "geometry": {"type": "Point", "coordinates": [77.52791, 12.99625]}}, {"type": "Feature", "properties": {}, "geometry": {"type": "Point", "coordinates": [77.50619, 12.99648]}}, {"type": "Feature", "properties": {}, "geometry": {"type": "Point", "coordinates": [77.54796, 12.99612]}}, {"type": "Feature", "properties": {}, "geometry": {"type": "Point", "coordinates": [77.53116, 12.99629]}}, {"type": "Feature", "properties": {}, "geometry": {"type": "Point", "coordinates": [77.5226, 12.99639]}}, {"type": "Feature", "properties": {}, "geometry": {"type": "Point", "coordinates": [77.53281, 12.99632]}}, {"type": "Feature", "properties": {}, "geometry": {"type": "Point", "coordinates": [77.53354, 12.99649]}}, {"type": "Feature", "properties": {}, "geometry": {"type": "Point", "coordinates": [77.52902, 12.9966]}}, {"type": "Feature", "properties": {}, "geometry": {"type": "Point", "coordinates": [77.51961, 12.9967]}}, {"type": "Feature", "properties": {}, "geometry": {"type": "Point", "coordinates": [77.52219, 12.99671]}}, {"type": "Feature", "properties": {}, "geometry": {"type": "Point", "coordinates": [77.53082, 12.99665]}}, {"type": "Feature", "properties": {}, "geometry": {"type": "Point", "coordinates": [77.5231, 12.99676]}}, {"type": "Feature", "properties": {}, "geometry": {"type": "Point", "coordinates": [77.53466, 12.99666]}}, {"type": "Feature", "properties": {}, "geometry": {"type": "Point", "coordinates": [77.54991, 12.99651]}}, {"type": "Feature", "properties": {}, "geometry": {"type": "Point", "coordinates": [77.53148, 12.99676]}}, {"type": "Feature", "properties": {}, "geometry": {"type": "Point", "coordinates": [77.50109, 12.99708]}}, {"type": "Feature", "properties": {}, "geometry": {"type": "Point", "coordinates": [77.51811, 12.99692]}}, {"type": "Feature", "properties": {}, "geometry": {"type": "Point", "coordinates": [77.53134, 12.99682]}}, {"type": "Feature", "properties": {}, "geometry": {"type": "Point", "coordinates": [77.52039, 12.997]}}, {"type": "Feature", "properties": {}, "geometry": {"type": "Point", "coordinates": [77.53255, 12.99693]}}, {"type": "Feature", "properties": {}, "geometry": {"type": "Point", "coordinates": [77.5256, 12.99711]}}, {"type": "Feature", "properties": {}, "geometry": {"type": "Point", "coordinates": [77.53142, 12.99709]}}, {"type": "Feature", "properties": {}, "geometry": {"type": "Point", "coordinates": [77.52742, 12.99714]}}, {"type": "Feature", "properties": {}, "geometry": {"type": "Point", "coordinates": [77.52042, 12.99721]}}, {"type": "Feature", "properties": {}, "geometry": {"type": "Point", "coordinates": [77.52911, 12.99716]}}, {"type": "Feature", "properties": {}, "geometry": {"type": "Point", "coordinates": [77.52862, 12.99716]}}, {"type": "Feature", "properties": {}, "geometry": {"type": "Point", "coordinates": [77.54856, 12.99699]}}, {"type": "Feature", "properties": {}, "geometry": {"type": "Point", "coordinates": [77.54943, 12.99704]}}, {"type": "Feature", "properties": {}, "geometry": {"type": "Point", "coordinates": [77.53822, 12.99719]}}, {"type": "Feature", "properties": {}, "geometry": {"type": "Point", "coordinates": [77.52341, 12.99742]}}, {"type": "Feature", "properties": {}, "geometry": {"type": "Point", "coordinates": [77.50506, 12.99761]}}, {"type": "Feature", "properties": {}, "geometry": {"type": "Point", "coordinates": [77.52546, 12.99746]}}, {"type": "Feature", "properties": {}, "geometry": {"type": "Point", "coordinates": [77.52797, 12.99746]}}, {"type": "Feature", "properties": {}, "geometry": {"type": "Point", "coordinates": [77.53139, 12.99745]}}, {"type": "Feature", "properties": {}, "geometry": {"type": "Point", "coordinates": [77.55177, 12.99726]}}, {"type": "Feature", "properties": {}, "geometry": {"type": "Point", "coordinates": [77.55127, 12.99727]}}, {"type": "Feature", "properties": {}, "geometry": {"type": "Point", "coordinates": [77.5275, 12.99754]}}, {"type": "Feature", "properties": {}, "geometry": {"type": "Point", "coordinates": [77.53039, 12.99767]}}, {"type": "Feature", "properties": {}, "geometry": {"type": "Point", "coordinates": [77.52005, 12.99778]}}, {"type": "Feature", "properties": {}, "geometry": {"type": "Point", "coordinates": [77.50019, 12.99804]}}, {"type": "Feature", "properties": {}, "geometry": {"type": "Point", "coordinates": [77.52892, 12.99778]}}, {"type": "Feature", "properties": {}, "geometry": {"type": "Point", "coordinates": [77.50142, 12.99823]}}, {"type": "Feature", "properties": {}, "geometry": {"type": "Point", "coordinates": [77.52594, 12.99804]}}, {"type": "Feature", "properties": {}, "geometry": {"type": "Point", "coordinates": [77.53218, 12.998]}}, {"type": "Feature", "properties": {}, "geometry": {"type": "Point", "coordinates": [77.51552, 12.99834]}}, {"type": "Feature", "properties": {}, "geometry": {"type": "Point", "coordinates": [77.50304, 12.99853]}}, {"type": "Feature", "properties": {}, "geometry": {"type": "Point", "coordinates": [77.49985, 12.99864]}}, {"type": "Feature", "properties": {}, "geometry": {"type": "Point", "coordinates": [77.52374, 12.99846]}}, {"type": "Feature", "properties": {}, "geometry": {"type": "Point", "coordinates": [77.5523, 12.9983]}}, {"type": "Feature", "properties": {}, "geometry": {"type": "Point", "coordinates": [77.52835, 12.99856]}}, {"type": "Feature", "properties": {}, "geometry": {"type": "Point", "coordinates": [77.53006, 12.99865]}}, {"type": "Feature", "properties": {}, "geometry": {"type": "Point", "coordinates": [77.53119, 12.9987]}}, {"type": "Feature", "properties": {}, "geometry": {"type": "Point", "coordinates": [77.49878, 12.99914]}}, {"type": "Feature", "properties": {}, "geometry": {"type": "Point", "coordinates": [77.52977, 12.99894]}}, {"type": "Feature", "properties": {}, "geometry": {"type": "Point", "coordinates": [77.49796, 12.99925]}}, {"type": "Feature", "properties": {}, "geometry": {"type": "Point", "coordinates": [77.52417, 12.99903]}}, {"type": "Feature", "properties": {}, "geometry": {"type": "Point", "coordinates": [77.52395, 12.99906]}}, {"type": "Feature", "properties": {}, "geometry": {"type": "Point", "coordinates": [77.52422, 12.99915]}}, {"type": "Feature", "properties": {}, "geometry": {"type": "Point", "coordinates": [77.52442, 12.99923]}}, {"type": "Feature", "properties": {}, "geometry": {"type": "Point", "coordinates": [77.51768, 12.9993]}}, {"type": "Feature", "properties": {}, "geometry": {"type": "Point", "coordinates": [77.49845, 12.9995]}}, {"type": "Feature", "properties": {}, "geometry": {"type": "Point", "coordinates": [77.52581, 12.99923]}}, {"type": "Feature", "properties": {}, "geometry": {"type": "Point", "coordinates": [77.50553, 12.99947]}}, {"type": "Feature", "properties": {}, "geometry": {"type": "Point", "coordinates": [77.4999, 12.99956]}}, {"type": "Feature", "properties": {}, "geometry": {"type": "Point", "coordinates": [77.54087, 12.99917]}}, {"type": "Feature", "properties": {}, "geometry": {"type": "Point", "coordinates": [77.50171, 12.99956]}}, {"type": "Feature", "properties": {}, "geometry": {"type": "Point", "coordinates": [77.53119, 12.99933]}}, {"type": "Feature", "properties": {}, "geometry": {"type": "Point", "coordinates": [77.49788, 12.99968]}}, {"type": "Feature", "properties": {}, "geometry": {"type": "Point", "coordinates": [77.50485, 12.99965]}}, {"type": "Feature", "properties": {}, "geometry": {"type": "Point", "coordinates": [77.52439, 12.9995]}}, {"type": "Feature", "properties": {}, "geometry": {"type": "Point", "coordinates": [77.52851, 12.99947]}}, {"type": "Feature", "properties": {}, "geometry": {"type": "Point", "coordinates": [77.52124, 12.99959]}}, {"type": "Feature", "properties": {}, "geometry": {"type": "Point", "coordinates": [77.50304, 12.99995]}}, {"type": "Feature", "properties": {}, "geometry": {"type": "Point", "coordinates": [77.51675, 12.99986]}}, {"type": "Feature", "properties": {}, "geometry": {"type": "Point", "coordinates": [77.52695, 12.99983]}}, {"type": "Feature", "properties": {}, "geometry": {"type": "Point", "coordinates": [77.49845, 13.0002]}}, {"type": "Feature", "properties": {}, "geometry": {"type": "Point", "coordinates": [77.52168, 13.0]}}, {"type": "Feature", "properties": {}, "geometry": {"type": "Point", "coordinates": [77.50195, 13.00023]}}, {"type": "Feature", "properties": {}, "geometry": {"type": "Point", "coordinates": [77.53599, 12.99991]}}, {"type": "Feature", "properties": {}, "geometry": {"type": "Point", "coordinates": [77.52727, 13.00001]}}, {"type": "Feature", "properties": {}, "geometry": {"type": "Point", "coordinates": [77.50258, 13.0003]}}, {"type": "Feature", "properties": {}, "geometry": {"type": "Point", "coordinates": [77.52884, 13.00018]}}, {"type": "Feature", "properties": {}, "geometry": {"type": "Point", "coordinates": [77.50352, 13.00054]}}, {"type": "Feature", "properties": {}, "geometry": {"type": "Point", "coordinates": [77.52303, 13.00049]}}, {"type": "Feature", "properties": {}, "geometry": {"type": "Point", "coordinates": [77.52214, 13.00054]}}, {"type": "Feature", "properties": {}, "geometry": {"type": "Point", "coordinates": [77.53031, 13.00051]}}, {"type": "Feature", "properties": {}, "geometry": {"type": "Point", "coordinates": [77.53983, 13.00048]}}, {"type": "Feature", "properties": {}, "geometry": {"type": "Point", "coordinates": [77.51212, 13.00077]}}, {"type": "Feature", "properties": {}, "geometry": {"type": "Point", "coordinates": [77.52586, 13.00065]}}, {"type": "Feature", "properties": {}, "geometry": {"type": "Point", "coordinates": [77.51173, 13.0008]}}, {"type": "Feature", "properties": {}, "geometry": {"type": "Point", "coordinates": [77.50832, 13.00085]}}, {"type": "Feature", "properties": {}, "geometry": {"type": "Point", "coordinates": [77.53423, 13.00061]}}, {"type": "Feature", "properties": {}, "geometry": {"type": "Point", "coordinates": [77.53131, 13.00064]}}, {"type": "Feature", "properties": {}, "geometry": {"type": "Point", "coordinates": [77.49599, 13.00101]}}, {"type": "Feature", "properties": {}, "geometry": {"type": "Point", "coordinates": [77.53972, 13.00066]}}, {"type": "Feature", "properties": {}, "geometry": {"type": "Point", "coordinates": [77.51653, 13.00094]}}, {"type": "Feature", "properties": {}, "geometry": {"type": "Point", "coordinates": [77.55089, 13.00062]}}, {"type": "Feature", "properties": {}, "geometry": {"type": "Point", "coordinates": [77.52154, 13.00093]}}, {"type": "Feature", "properties": {}, "geometry": {"type": "Point", "coordinates": [77.51048, 13.00108]}}, {"type": "Feature", "properties": {}, "geometry": {"type": "Point", "coordinates": [77.52922, 13.00092]}}, {"type": "Feature", "properties": {}, "geometry": {"type": "Point", "coordinates": [77.49737, 13.00125]}}, {"type": "Feature", "properties": {}, "geometry": {"type": "Point", "coordinates": [77.53445, 13.00091]}}, {"type": "Feature", "properties": {}, "geometry": {"type": "Point", "coordinates": [77.55178, 13.00076]}}, {"type": "Feature", "properties": {}, "geometry": {"type": "Point", "coordinates": [77.50729, 13.00123]}}, {"type": "Feature", "properties": {}, "geometry": {"type": "Point", "coordinates": [77.5316, 13.00099]}}, {"type": "Feature", "properties": {}, "geometry": {"type": "Point", "coordinates": [77.52975, 13.00102]}}, {"type": "Feature", "properties": {}, "geometry": {"type": "Point", "coordinates": [77.55079, 13.00082]}}, {"type": "Feature", "properties": {}, "geometry": {"type": "Point", "coordinates": [77.5203, 13.00115]}}, {"type": "Feature", "properties": {}, "geometry": {"type": "Point", "coordinates": [77.50104, 13.00135]}}, {"type": "Feature", "properties": {}, "geometry": {"type": "Point", "coordinates": [77.50224, 13.00134]}}, {"type": "Feature", "properties": {}, "geometry": {"type": "Point", "coordinates": [77.54512, 13.0011]}}, {"type": "Feature", "properties": {}, "geometry": {"type": "Point", "coordinates": [77.53307, 13.00124]}}, {"type": "Feature", "properties": {}, "geometry": {"type": "Point", "coordinates": [77.52504, 13.00133]}}, {"type": "Feature", "properties": {}, "geometry": {"type": "Point", "coordinates": [77.50403, 13.00154]}}, {"type": "Feature", "properties": {}, "geometry": {"type": "Point", "coordinates": [77.54016, 13.00125]}}, {"type": "Feature", "properties": {}, "geometry": {"type": "Point", "coordinates": [77.51819, 13.00148]}}, {"type": "Feature", "properties": {}, "geometry": {"type": "Point", "coordinates": [77.49557, 13.00177]}}, {"type": "Feature", "properties": {}, "geometry": {"type": "Point", "coordinates": [77.52558, 13.00148]}}, {"type": "Feature", "properties": {}, "geometry": {"type": "Point", "coordinates": [77.50099, 13.00176]}}, {"type": "Feature", "properties": {}, "geometry": {"type": "Point", "coordinates": [77.51685, 13.00167]}}, {"type": "Feature", "properties": {}, "geometry": {"type": "Point", "coordinates": [77.52523, 13.0016]}}, {"type": "Feature", "properties": {}, "geometry": {"type": "Point", "coordinates": [77.53107, 13.00164]}}, {"type": "Feature", "properties": {}, "geometry": {"type": "Point", "coordinates": [77.49743, 13.00203]}}, {"type": "Feature", "properties": {}, "geometry": {"type": "Point", "coordinates": [77.5382, 13.00183]}}, {"type": "Feature", "properties": {}, "geometry": {"type": "Point", "coordinates": [77.52694, 13.002]}}, {"type": "Feature", "properties": {}, "geometry": {"type": "Point", "coordinates": [77.53916, 13.00188]}}, {"type": "Feature", "properties": {}, "geometry": {"type": "Point", "coordinates": [77.51855, 13.00209]}}, {"type": "Feature", "properties": {}, "geometry": {"type": "Point", "coordinates": [77.49758, 13.00242]}}, {"type": "Feature", "properties": {}, "geometry": {"type": "Point", "coordinates": [77.52666, 13.00219]}}, {"type": "Feature", "properties": {}, "geometry": {"type": "Point", "coordinates": [77.55153, 13.00198]}}, {"type": "Feature", "properties": {}, "geometry": {"type": "Point", "coordinates": [77.50901, 13.00244]}}, {"type": "Feature", "properties": {}, "geometry": {"type": "Point", "coordinates": [77.55164, 13.00203]}}, {"type": "Feature", "properties": {}, "geometry": {"type": "Point", "coordinates": [77.53722, 13.00219]}}, {"type": "Feature", "properties": {}, "geometry": {"type": "Point", "coordinates": [77.53516, 13.00221]}}, {"type": "Feature", "properties": {}, "geometry": {"type": "Point", "coordinates": [77.50721, 13.00257]}}, {"type": "Feature", "properties": {}, "geometry": {"type": "Point", "coordinates": [77.50619, 13.0026]}}, {"type": "Feature", "properties": {}, "geometry": {"type": "Point", "coordinates": [77.53855, 13.00232]}}, {"type": "Feature", "properties": {}, "geometry": {"type": "Point", "coordinates": [77.53763, 13.00235]}}, {"type": "Feature", "properties": {}, "geometry": {"type": "Point", "coordinates": [77.49356, 13.00278]}}, {"type": "Feature", "properties": {}, "geometry": {"type": "Point", "coordinates": [77.53116, 13.00247]}}, {"type": "Feature", "properties": {}, "geometry": {"type": "Point", "coordinates": [77.53438, 13.00247]}}, {"type": "Feature", "properties": {}, "geometry": {"type": "Point", "coordinates": [77.50986, 13.00273]}}, {"type": "Feature", "properties": {}, "geometry": {"type": "Point", "coordinates": [77.53627, 13.00249]}}, {"type": "Feature", "properties": {}, "geometry": {"type": "Point", "coordinates": [77.50204, 13.00283]}}, {"type": "Feature", "properties": {}, "geometry": {"type": "Point", "coordinates": [77.53114, 13.00261]}}, {"type": "Feature", "properties": {}, "geometry": {"type": "Point", "coordinates": [77.50481, 13.00287]}}, {"type": "Feature", "properties": {}, "geometry": {"type": "Point", "coordinates": [77.5367, 13.00256]}}, {"type": "Feature", "properties": {}, "geometry": {"type": "Point", "coordinates": [77.50912, 13.00286]}}, {"type": "Feature", "properties": {}, "geometry": {"type": "Point", "coordinates": [77.52761, 13.00274]}}, {"type": "Feature", "properties": {}, "geometry": {"type": "Point", "coordinates": [77.53476, 13.0028]}}, {"type": "Feature", "properties": {}, "geometry": {"type": "Point", "coordinates": [77.5442, 13.00282]}}, {"type": "Feature", "properties": {}, "geometry": {"type": "Point", "coordinates": [77.53306, 13.00295]}}, {"type": "Feature", "properties": {}, "geometry": {"type": "Point", "coordinates": [77.52672, 13.00303]}}, {"type": "Feature", "properties": {}, "geometry": {"type": "Point", "coordinates": [77.53591, 13.00297]}}, {"type": "Feature", "properties": {}, "geometry": {"type": "Point", "coordinates": [77.51726, 13.00316]}}, {"type": "Feature", "properties": {}, "geometry": {"type": "Point", "coordinates": [77.53483, 13.00303]}}, {"type": "Feature", "properties": {}, "geometry": {"type": "Point", "coordinates": [77.53085, 13.00312]}}, {"type": "Feature", "properties": {}, "geometry": {"type": "Point", "coordinates": [77.53557, 13.00313]}}, {"type": "Feature", "properties": {}, "geometry": {"type": "Point", "coordinates": [77.52169, 13.00326]}}, {"type": "Feature", "properties": {}, "geometry": {"type": "Point", "coordinates": [77.52565, 13.00323]}}, {"type": "Feature", "properties": {}, "geometry": {"type": "Point", "coordinates": [77.50792, 13.00343]}}, {"type": "Feature", "properties": {}, "geometry": {"type": "Point", "coordinates": [77.5282, 13.00328]}}, {"type": "Feature", "properties": {}, "geometry": {"type": "Point", "coordinates": [77.50365, 13.00352]}}, {"type": "Feature", "properties": {}, "geometry": {"type": "Point", "coordinates": [77.51863, 13.00346]}}, {"type": "Feature", "properties": {}, "geometry": {"type": "Point", "coordinates": [77.54573, 13.00331]}}, {"type": "Feature", "properties": {}, "geometry": {"type": "Point", "coordinates": [77.50294, 13.00512]}}, {"type": "Feature", "properties": {}, "geometry": {"type": "Point", "coordinates": [77.49993, 13.00518]}}, {"type": "Feature", "properties": {}, "geometry": {"type": "Point", "coordinates": [77.50141, 13.00519]}}, {"type": "Feature", "properties": {}, "geometry": {"type": "Point", "coordinates": [77.5163, 13.00506]}}, {"type": "Feature", "properties": {}, "geometry": {"type": "Point", "coordinates": [77.52384, 13.005]}}, {"type": "Feature", "properties": {}, "geometry": {"type": "Point", "coordinates": [77.55236, 13.00473]}}, {"type": "Feature", "properties": {}, "geometry": {"type": "Point", "coordinates": [77.54631, 13.00481]}}, {"type": "Feature", "properties": {}, "geometry": {"type": "Point", "coordinates": [77.5459, 13.00484]}}, {"type": "Feature", "properties": {}, "geometry": {"type": "Point", "coordinates": [77.52945, 13.00503]}}, {"type": "Feature", "properties": {}, "geometry": {"type": "Point", "coordinates": [77.53849, 13.00495]}}, {"type": "Feature", "properties": {}, "geometry": {"type": "Point", "coordinates": [77.52213, 13.00511]}}, {"type": "Feature", "properties": {}, "geometry": {"type": "Point", "coordinates": [77.53688, 13.00507]}}, {"type": "Feature", "properties": {}, "geometry": {"type": "Point", "coordinates": [77.52025, 13.00525]}}, {"type": "Feature", "properties": {}, "geometry": {"type": "Point", "coordinates": [77.54014, 13.00507]}}, {"type": "Feature", "properties": {}, "geometry": {"type": "Point", "coordinates": [77.5164, 13.00534]}}, {"type": "Feature", "properties": {}, "geometry": {"type": "Point", "coordinates": [77.51583, 13.00535]}}, {"type": "Feature", "properties": {}, "geometry": {"type": "Point", "coordinates": [77.55169, 13.005]}}, {"type": "Feature", "properties": {}, "geometry": {"type": "Point", "coordinates": [77.53395, 13.00527]}}, {"type": "Feature", "properties": {}, "geometry": {"type": "Point", "coordinates": [77.54624, 13.00517]}}, {"type": "Feature", "properties": {}, "geometry": {"type": "Point", "coordinates": [77.5239, 13.00548]}}, {"type": "Feature", "properties": {}, "geometry": {"type": "Point", "coordinates": [77.52284, 13.00549]}}, {"type": "Feature", "properties": {}, "geometry": {"type": "Point", "coordinates": [77.53636, 13.00542]}}, {"type": "Feature", "properties": {}, "geometry": {"type": "Point", "coordinates": [77.53011, 13.00549]}}, {"type": "Feature", "properties": {}, "geometry": {"type": "Point", "coordinates": [77.53615, 13.00549]}}, {"type": "Feature", "properties": {}, "geometry": {"type": "Point", "coordinates": [77.53541, 13.00551]}}, {"type": "Feature", "properties": {}, "geometry": {"type": "Point", "coordinates": [77.53703, 13.00553]}}, {"type": "Feature", "properties": {}, "geometry": {"type": "Point", "coordinates": [77.50303, 13.00588]}}, {"type": "Feature", "properties": {}, "geometry": {"type": "Point", "coordinates": [77.50804, 13.00585]}}, {"type": "Feature", "properties": {}, "geometry": {"type": "Point", "coordinates": [77.5378, 13.00561]}}, {"type": "Feature", "properties": {}, "geometry": {"type": "Point", "coordinates": [77.50234, 13.00603]}}, {"type": "Feature", "properties": {}, "geometry": {"type": "Point", "coordinates": [77.5019, 13.00604]}}, {"type": "Feature", "properties": {}, "geometry": {"type": "Point", "coordinates": [77.54582, 13.00564]}}, {"type": "Feature", "properties": {}, "geometry": {"type": "Point", "coordinates": [77.55, 13.00562]}}, {"type": "Feature", "properties": {}, "geometry": {"type": "Point", "coordinates": [77.5358, 13.00578]}}, {"type": "Feature", "properties": {}, "geometry": {"type": "Point", "coordinates": [77.51845, 13.00596]}}, {"type": "Feature", "properties": {}, "geometry": {"type": "Point", "coordinates": [77.50123, 13.00613]}}, {"type": "Feature", "properties": {}, "geometry": {"type": "Point", "coordinates": [77.53361, 13.00583]}}, {"type": "Feature", "properties": {}, "geometry": {"type": "Point", "coordinates": [77.5004, 13.00618]}}, {"type": "Feature", "properties": {}, "geometry": {"type": "Point", "coordinates": [77.54039, 13.00579]}}, {"type": "Feature", "properties": {}, "geometry": {"type": "Point", "coordinates": [77.52679, 13.00597]}}, {"type": "Feature", "properties": {}, "geometry": {"type": "Point", "coordinates": [77.52862, 13.00724]}}, {"type": "Feature", "properties": {}, "geometry": {"type": "Point", "coordinates": [77.50313, 13.00749]}}, {"type": "Feature", "properties": {}, "geometry": {"type": "Point", "coordinates": [77.54227, 13.00717]}}, {"type": "Feature", "properties": {}, "geometry": {"type": "Point", "coordinates": [77.5067, 13.00757]}}, {"type": "Feature", "properties": {}, "geometry": {"type": "Point", "coordinates": [77.51706, 13.00747]}}, {"type": "Feature", "properties": {}, "geometry": {"type": "Point", "coordinates": [77.51818, 13.00747]}}, {"type": "Feature", "properties": {}, "geometry": {"type": "Point", "coordinates": [77.50221, 13.00763]}}, {"type": "Feature", "properties": {}, "geometry": {"type": "Point", "coordinates": [77.51802, 13.0075]}}, {"type": "Feature", "properties": {}, "geometry": {"type": "Point", "coordinates": [77.51411, 13.00755]}}, {"type": "Feature", "properties": {}, "geometry": {"type": "Point", "coordinates": [77.52351, 13.0075]}}, {"type": "Feature", "properties": {}, "geometry": {"type": "Point", "coordinates": [77.52725, 13.00747]}}, {"type": "Feature", "properties": {}, "geometry": {"type": "Point", "coordinates": [77.5182, 13.0076]}}, {"type": "Feature", "properties": {}, "geometry": {"type": "Point", "coordinates": [77.50457, 13.00774]}}, {"type": "Feature", "properties": {}, "geometry": {"type": "Point", "coordinates": [77.53283, 13.00747]}}, {"type": "Feature", "properties": {}, "geometry": {"type": "Point", "coordinates": [77.5355, 13.00746]}}, {"type": "Feature", "properties": {}, "geometry": {"type": "Point", "coordinates": [77.504, 13.00778]}}, {"type": "Feature", "properties": {}, "geometry": {"type": "Point", "coordinates": [77.52012, 13.00764]}}, {"type": "Feature", "properties": {}, "geometry": {"type": "Point", "coordinates": [77.50266, 13.00787]}}, {"type": "Feature", "properties": {}, "geometry": {"type": "Point", "coordinates": [77.53188, 13.00761]}}, {"type": "Feature", "properties": {}, "geometry": {"type": "Point", "coordinates": [77.50553, 13.00791]}}, {"type": "Feature", "properties": {}, "geometry": {"type": "Point", "coordinates": [77.51888, 13.00782]}}, {"type": "Feature", "properties": {}, "geometry": {"type": "Point", "coordinates": [77.51514, 13.00791]}}, {"type": "Feature", "properties": {}, "geometry": {"type": "Point", "coordinates": [77.55717, 13.00755]}}, {"type": "Feature", "properties": {}, "geometry": {"type": "Point", "coordinates": [77.50346, 13.0081]}}, {"type": "Feature", "properties": {}, "geometry": {"type": "Point", "coordinates": [77.52474, 13.0079]}}, {"type": "Feature", "properties": {}, "geometry": {"type": "Point", "coordinates": [77.53377, 13.00787]}}, {"type": "Feature", "properties": {}, "geometry": {"type": "Point", "coordinates": [77.54417, 13.00777]}}, {"type": "Feature", "properties": {}, "geometry": {"type": "Point", "coordinates": [77.5374, 13.00785]}}, {"type": "Feature", "properties": {}, "geometry": {"type": "Point", "coordinates": [77.53996, 13.00786]}}, {"type": "Feature", "properties": {}, "geometry": {"type": "Point", "coordinates": [77.51895, 13.00816]}}, {"type": "Feature", "properties": {}, "geometry": {"type": "Point", "coordinates": [77.53681, 13.008]}}, {"type": "Feature", "properties": {}, "geometry": {"type": "Point", "coordinates": [77.52925, 13.00813]}}, {"type": "Feature", "properties": {}, "geometry": {"type": "Point", "coordinates": [77.53424, 13.00812]}}, {"type": "Feature", "properties": {}, "geometry": {"type": "Point", "coordinates": [77.5375, 13.00809]}}, {"type": "Feature", "properties": {}, "geometry": {"type": "Point", "coordinates": [77.50694, 13.0084]}}, {"type": "Feature", "properties": {}, "geometry": {"type": "Point", "coordinates": [77.53212, 13.00819]}}, {"type": "Feature", "properties": {}, "geometry": {"type": "Point", "coordinates": [77.53027, 13.00821]}}, {"type": "Feature", "properties": {}, "geometry": {"type": "Point", "coordinates": [77.51299, 13.00839]}}, {"type": "Feature", "properties": {}, "geometry": {"type": "Point", "coordinates": [77.50483, 13.00851]}}, {"type": "Feature", "properties": {}, "geometry": {"type": "Point", "coordinates": [77.50654, 13.00853]}}, {"type": "Feature", "properties": {}, "geometry": {"type": "Point", "coordinates": [77.49999, 13.00867]}}, {"type": "Feature", "properties": {}, "geometry": {"type": "Point", "coordinates": [77.53744, 13.00832]}}, {"type": "Feature", "properties": {}, "geometry": {"type": "Point", "coordinates": [77.53367, 13.00846]}}, {"type": "Feature", "properties": {}, "geometry": {"type": "Point", "coordinates": [77.50255, 13.00882]}}, {"type": "Feature", "properties": {}, "geometry": {"type": "Point", "coordinates": [77.52836, 13.00864]}}, {"type": "Feature", "properties": {}, "geometry": {"type": "Point", "coordinates": [77.53628, 13.00857]}}, {"type": "Feature", "properties": {}, "geometry": {"type": "Point", "coordinates": [77.53165, 13.00863]}}, {"type": "Feature", "properties": {}, "geometry": {"type": "Point", "coordinates": [77.5052, 13.00889]}}, {"type": "Feature", "properties": {}, "geometry": {"type": "Point", "coordinates": [77.52441, 13.00872]}}, {"type": "Feature", "properties": {}, "geometry": {"type": "Point", "coordinates": [77.52768, 13.0087]}}, {"type": "Feature", "properties": {}, "geometry": {"type": "Point", "coordinates": [77.50499, 13.00893]}}, {"type": "Feature", "properties": {}, "geometry": {"type": "Point", "coordinates": [77.51824, 13.00882]}}, {"type": "Feature", "properties": {}, "geometry": {"type": "Point", "coordinates": [77.51498, 13.00887]}}, {"type": "Feature", "properties": {}, "geometry": {"type": "Point", "coordinates": [77.53205, 13.0087]}}, {"type": "Feature", "properties": {}, "geometry": {"type": "Point", "coordinates": [77.50413, 13.009]}}, {"type": "Feature", "properties": {}, "geometry": {"type": "Point", "coordinates": [77.54318, 13.00869]}}, {"type": "Feature", "properties": {}, "geometry": {"type": "Point", "coordinates": [77.50261, 13.00911]}}, {"type": "Feature", "properties": {}, "geometry": {"type": "Point", "coordinates": [77.52742, 13.00894]}}, {"type": "Feature", "properties": {}, "geometry": {"type": "Point", "coordinates": [77.51665, 13.00933]}}, {"type": "Feature", "properties": {}, "geometry": {"type": "Point", "coordinates": [77.53419, 13.0092]}}, {"type": "Feature", "properties": {}, "geometry": {"type": "Point", "coordinates": [77.50468, 13.00949]}}, {"type": "Feature", "properties": {}, "geometry": {"type": "Point", "coordinates": [77.52993, 13.00925]}}, {"type": "Feature", "properties": {}, "geometry": {"type": "Point", "coordinates": [77.53123, 13.0093]}}, {"type": "Feature", "properties": {}, "geometry": {"type": "Point", "coordinates": [77.52805, 13.00934]}}, {"type": "Feature", "properties": {}, "geometry": {"type": "Point", "coordinates": [77.53061, 13.00933]}}, {"type": "Feature", "properties": {}, "geometry": {"type": "Point", "coordinates": [77.53027, 13.00939]}}, {"type": "Feature", "properties": {}, "geometry": {"type": "Point", "coordinates": [77.53312, 13.00941]}}, {"type": "Feature", "properties": {}, "geometry": {"type": "Point", "coordinates": [77.50593, 13.00968]}}, {"type": "Feature", "properties": {}, "geometry": {"type": "Point", "coordinates": [77.52393, 13.00953]}}, {"type": "Feature", "properties": {}, "geometry": {"type": "Point", "coordinates": [77.53848, 13.00944]}}, {"type": "Feature", "properties": {}, "geometry": {"type": "Point", "coordinates": [77.52674, 13.00961]}}, {"type": "Feature", "properties": {}, "geometry": {"type": "Point", "coordinates": [77.51885, 13.00969]}}, {"type": "Feature", "properties": {}, "geometry": {"type": "Point", "coordinates": [77.52488, 13.00966]}}, {"type": "Feature", "properties": {}, "geometry": {"type": "Point", "coordinates": [77.5333, 13.00967]}}, {"type": "Feature", "properties": {}, "geometry": {"type": "Point", "coordinates": [77.50743, 13.00994]}}, {"type": "Feature", "properties": {}, "geometry": {"type": "Point", "coordinates": [77.531, 13.00974]}}, {"type": "Feature", "properties": {}, "geometry": {"type": "Point", "coordinates": [77.50846, 13.00996]}}, {"type": "Feature", "properties": {}, "geometry": {"type": "Point", "coordinates": [77.52569, 13.00982]}}, {"type": "Feature", "properties": {}, "geometry": {"type": "Point", "coordinates": [77.5331, 13.00976]}}, {"type": "Feature", "properties": {}, "geometry": {"type": "Point", "coordinates": [77.54837, 13.00967]}}, {"type": "Feature", "properties": {}, "geometry": {"type": "Point", "coordinates": [77.54321, 13.00976]}}, {"type": "Feature", "properties": {}, "geometry": {"type": "Point", "coordinates": [77.54004, 13.0098]}}, {"type": "Feature", "properties": {}, "geometry": {"type": "Point", "coordinates": [77.51718, 13.01012]}}, {"type": "Feature", "properties": {}, "geometry": {"type": "Point", "coordinates": [77.5375, 13.00997]}}, {"type": "Feature", "properties": {}, "geometry": {"type": "Point", "coordinates": [77.51868, 13.01035]}}, {"type": "Feature", "properties": {}, "geometry": {"type": "Point", "coordinates": [77.52313, 13.01032]}}, {"type": "Feature", "properties": {}, "geometry": {"type": "Point", "coordinates": [77.51324, 13.01042]}}, {"type": "Feature", "properties": {}, "geometry": {"type": "Point", "coordinates": [77.51261, 13.0105]}}, {"type": "Feature", "properties": {}, "geometry": {"type": "Point", "coordinates": [77.51594, 13.01054]}}, {"type": "Feature", "properties": {}, "geometry": {"type": "Point", "coordinates": [77.51755, 13.01054]}}, {"type": "Feature", "properties": {}, "geometry": {"type": "Point", "coordinates": [77.52432, 13.01056]}}, {"type": "Feature", "properties": {}, "geometry": {"type": "Point", "coordinates": [77.54284, 13.01039]}}, {"type": "Feature", "properties": {}, "geometry": {"type": "Point", "coordinates": [77.52413, 13.0106]}}, {"type": "Feature", "properties": {}, "geometry": {"type": "Point", "coordinates": [77.53795, 13.01047]}}, {"type": "Feature", "properties": {}, "geometry": {"type": "Point", "coordinates": [77.54348, 13.01044]}}, {"type": "Feature", "properties": {}, "geometry": {"type": "Point", "coordinates": [77.50833, 13.01083]}}, {"type": "Feature", "properties": {}, "geometry": {"type": "Point", "coordinates": [77.53917, 13.01055]}}, {"type": "Feature", "properties": {}, "geometry": {"type": "Point", "coordinates": [77.50757, 13.01093]}}, {"type": "Feature", "properties": {}, "geometry": {"type": "Point", "coordinates": [77.54047, 13.01061]}}, {"type": "Feature", "properties": {}, "geometry": {"type": "Point", "coordinates": [77.55228, 13.0105]}}, {"type": "Feature", "properties": {}, "geometry": {"type": "Point", "coordinates": [77.52665, 13.01083]}}, {"type": "Feature", "properties": {}, "geometry": {"type": "Point", "coordinates": [77.55258, 13.01067]}}, {"type": "Feature", "properties": {}, "geometry": {"type": "Point", "coordinates": [77.51377, 13.01105]}}, {"type": "Feature", "properties": {}, "geometry": {"type": "Point", "coordinates": [77.52832, 13.01091]}}, {"type": "Feature", "properties": {}, "geometry": {"type": "Point", "coordinates": [77.55193, 13.01072]}}, {"type": "Feature", "properties": {}, "geometry": {"type": "Point", "coordinates": [77.5295, 13.01094]}}, {"type": "Feature", "properties": {}, "geometry": {"type": "Point", "coordinates": [77.53753, 13.01093]}}, {"type": "Feature", "properties": {}, "geometry": {"type": "Point", "coordinates": [77.50823, 13.01121]}}, {"type": "Feature", "properties": {}, "geometry": {"type": "Point", "coordinates": [77.51512, 13.01124]}}, {"type": "Feature", "properties": {}, "geometry": {"type": "Point", "coordinates": [77.51367, 13.01127]}}, {"type": "Feature", "properties": {}, "geometry": {"type": "Point", "coordinates": [77.53996, 13.01108]}}, {"type": "Feature", "properties": {}, "geometry": {"type": "Point", "coordinates": [77.50908, 13.01139]}}, {"type": "Feature", "properties": {}, "geometry": {"type": "Point", "coordinates": [77.52866, 13.01121]}}, {"type": "Feature", "properties": {}, "geometry": {"type": "Point", "coordinates": [77.54135, 13.01109]}}, {"type": "Feature", "properties": {}, "geometry": {"type": "Point", "coordinates": [77.52233, 13.01133]}}, {"type": "Feature", "properties": {}, "geometry": {"type": "Point", "coordinates": [77.55109, 13.01108]}}, {"type": "Feature", "properties": {}, "geometry": {"type": "Point", "coordinates": [77.51882, 13.01142]}}, {"type": "Feature", "properties": {}, "geometry": {"type": "Point", "coordinates": [77.52134, 13.01142]}}, {"type": "Feature", "properties": {}, "geometry": {"type": "Point", "coordinates": [77.51392, 13.01151]}}, {"type": "Feature", "properties": {}, "geometry": {"type": "Point", "coordinates": [77.51613, 13.01153]}}, {"type": "Feature", "properties": {}, "geometry": {"type": "Point", "coordinates": [77.50812, 13.01163]}}, {"type": "Feature", "properties": {}, "geometry": {"type": "Point", "coordinates": [77.53203, 13.01146]}}, {"type": "Feature", "properties": {}, "geometry": {"type": "Point", "coordinates": [77.52317, 13.01158]}}, {"type": "Feature", "properties": {}, "geometry": {"type": "Point", "coordinates": [77.51513, 13.01168]}}, {"type": "Feature", "properties": {}, "geometry": {"type": "Point", "coordinates": [77.5457, 13.01139]}}, {"type": "Feature", "properties": {}, "geometry": {"type": "Point", "coordinates": [77.5516, 13.0114]}}, {"type": "Feature", "properties": {}, "geometry": {"type": "Point", "coordinates": [77.51683, 13.01175]}}, {"type": "Feature", "properties": {}, "geometry": {"type": "Point", "coordinates": [77.54273, 13.01154]}}, {"type": "Feature", "properties": {}, "geometry": {"type": "Point", "coordinates": [77.51406, 13.01183]}}, {"type": "Feature", "properties": {}, "geometry": {"type": "Point", "coordinates": [77.55163, 13.01148]}}, {"type": "Feature", "properties": {}, "geometry": {"type": "Point", "coordinates": [77.54134, 13.01163]}}, {"type": "Feature", "properties": {}, "geometry": {"type": "Point", "coordinates": [77.51616, 13.01189]}}, {"type": "Feature", "properties": {}, "geometry": {"type": "Point", "coordinates": [77.52613, 13.01181]}}, {"type": "Feature", "properties": {}, "geometry": {"type": "Point", "coordinates": [77.51067, 13.01198]}}, {"type": "Feature", "properties": {}, "geometry": {"type": "Point", "coordinates": [77.54227, 13.01169]}}, {"type": "Feature", "properties": {}, "geometry": {"type": "Point", "coordinates": [77.52454, 13.01191]}}, {"type": "Feature", "properties": {}, "geometry": {"type": "Point", "coordinates": [77.54189, 13.01175]}}, {"type": "Feature", "properties": {}, "geometry": {"type": "Point", "coordinates": [77.52933, 13.01188]}}, {"type": "Feature", "properties": {}, "geometry": {"type": "Point", "coordinates": [77.54092, 13.0118]}}, {"type": "Feature", "properties": {}, "geometry": {"type": "Point", "coordinates": [77.51875, 13.01207]}}, {"type": "Feature", "properties": {}, "geometry": {"type": "Point", "coordinates": [77.54381, 13.01185]}}, {"type": "Feature", "properties": {}, "geometry": {"type": "Point", "coordinates": [77.52624, 13.01205]}}, {"type": "Feature", "properties": {}, "geometry": {"type": "Point", "coordinates": [77.52636, 13.01205]}}, {"type": "Feature", "properties": {}, "geometry": {"type": "Point", "coordinates": [77.52614, 13.01208]}}, {"type": "Feature", "properties": {}, "geometry": {"type": "Point", "coordinates": [77.51144, 13.01227]}}, {"type": "Feature", "properties": {}, "geometry": {"type": "Point", "coordinates": [77.51033, 13.0123]}}, {"type": "Feature", "properties": {}, "geometry": {"type": "Point", "coordinates": [77.51438, 13.01227]}}, {"type": "Feature", "properties": {}, "geometry": {"type": "Point", "coordinates": [77.52583, 13.01218]}}, {"type": "Feature", "properties": {}, "geometry": {"type": "Point", "coordinates": [77.54365, 13.01204]}}, {"type": "Feature", "properties": {}, "geometry": {"type": "Point", "coordinates": [77.54283, 13.01206]}}, {"type": "Feature", "properties": {}, "geometry": {"type": "Point", "coordinates": [77.5312, 13.01221]}}, {"type": "Feature", "properties": {}, "geometry": {"type": "Point", "coordinates": [77.51999, 13.01233]}}, {"type": "Feature", "properties": {}, "geometry": {"type": "Point", "coordinates": [77.52083, 13.01234]}}, {"type": "Feature", "properties": {}, "geometry": {"type": "Point", "coordinates": [77.55038, 13.01205]}}, {"type": "Feature", "properties": {}, "geometry": {"type": "Point", "coordinates": [77.52902, 13.0123]}}, {"type": "Feature", "properties": {}, "geometry": {"type": "Point", "coordinates": [77.50912, 13.01251]}}, {"type": "Feature", "properties": {}, "geometry": {"type": "Point", "coordinates": [77.55004, 13.01211]}}, {"type": "Feature", "properties": {}, "geometry": {"type": "Point", "coordinates": [77.514, 13.01247]}}, {"type": "Feature", "properties": {}, "geometry": {"type": "Point", "coordinates": [77.51036, 13.01251]}}, {"type": "Feature", "properties": {}, "geometry": {"type": "Point", "coordinates": [77.51129, 13.01253]}}, {"type": "Feature", "properties": {}, "geometry": {"type": "Point", "coordinates": [77.5196, 13.01246]}}, {"type": "Feature", "properties": {}, "geometry": {"type": "Point", "coordinates": [77.54513, 13.01222]}}, {"type": "Feature", "properties": {}, "geometry": {"type": "Point", "coordinates": [77.51725, 13.01254]}}, {"type": "Feature", "properties": {}, "geometry": {"type": "Point", "coordinates": [77.51824, 13.01254]}}, {"type": "Feature", "properties": {}, "geometry": {"type": "Point", "coordinates": [77.54018, 13.01234]}}, {"type": "Feature", "properties": {}, "geometry": {"type": "Point", "coordinates": [77.51579, 13.0126]}}, {"type": "Feature", "properties": {}, "geometry": {"type": "Point", "coordinates": [77.54144, 13.01242]}}, {"type": "Feature", "properties": {}, "geometry": {"type": "Point", "coordinates": [77.54847, 13.01235]}}, {"type": "Feature", "properties": {}, "geometry": {"type": "Point", "coordinates": [77.51771, 13.01276]}}, {"type": "Feature", "properties": {}, "geometry": {"type": "Point", "coordinates": [77.52462, 13.0127]}}, {"type": "Feature", "properties": {}, "geometry": {"type": "Point", "coordinates": [77.51071, 13.01286]}}, {"type": "Feature", "properties": {}, "geometry": {"type": "Point", "coordinates": [77.5182, 13.01281]}}, {"type": "Feature", "properties": {}, "geometry": {"type": "Point", "coordinates": [77.52615, 13.01288]}}, {"type": "Feature", "properties": {}, "geometry": {"type": "Point", "coordinates": [77.51414, 13.01301]}}, {"type": "Feature", "properties": {}, "geometry": {"type": "Point", "coordinates": [77.5503, 13.01269]}}, {"type": "Feature", "properties": {}, "geometry": {"type": "Point", "coordinates": [77.5111, 13.01314]}}, {"type": "Feature", "properties": {}, "geometry": {"type": "Point", "coordinates": [77.52852, 13.01298]}}, {"type": "Feature", "properties": {}, "geometry": {"type": "Point", "coordinates": [77.53026, 13.01303]}}, {"type": "Feature", "properties": {}, "geometry": {"type": "Point", "coordinates": [77.5137, 13.01321]}}, {"type": "Feature", "properties": {}, "geometry": {"type": "Point", "coordinates": [77.51756, 13.01332]}}, {"type": "Feature", "properties": {}, "geometry": {"type": "Point", "coordinates": [77.512, 13.01338]}}, {"type": "Feature", "properties": {}, "geometry": {"type": "Point", "coordinates": [77.54024, 13.01311]}}, {"type": "Feature", "properties": {}, "geometry": {"type": "Point", "coordinates": [77.52028, 13.01332]}}, {"type": "Feature", "properties": {}, "geometry": {"type": "Point", "coordinates": [77.52892, 13.01327]}}, {"type": "Feature", "properties": {}, "geometry": {"type": "Point", "coordinates": [77.52388, 13.01333]}}, {"type": "Feature", "properties": {}, "geometry": {"type": "Point", "coordinates": [77.52241, 13.01335]}}, {"type": "Feature", "properties": {}, "geometry": {"type": "Point", "coordinates": [77.50966, 13.0135]}}, {"type": "Feature", "properties": {}, "geometry": {"type": "Point", "coordinates": [77.5138, 13.0135]}}, {"type": "Feature", "properties": {}, "geometry": {"type": "Point", "coordinates": [77.52659, 13.01341]}}, {"type": "Feature", "properties": {}, "geometry": {"type": "Point", "coordinates": [77.53803, 13.0133]}}, {"type": "Feature", "properties": {}, "geometry": {"type": "Point", "coordinates": [77.52977, 13.01339]}}, {"type": "Feature", "properties": {}, "geometry": {"type": "Point", "coordinates": [77.52303, 13.01347]}}, {"type": "Feature", "properties": {}, "geometry": {"type": "Point", "coordinates": [77.515, 13.01355]}}, {"type": "Feature", "properties": {}, "geometry": {"type": "Point", "coordinates": [77.51426, 13.01361]}}, {"type": "Feature", "properties": {}, "geometry": {"type": "Point", "coordinates": [77.52911, 13.01438]}}, {"type": "Feature", "properties": {}, "geometry": {"type": "Point", "coordinates": [77.5151, 13.01455]}}, {"type": "Feature", "properties": {}, "geometry": {"type": "Point", "coordinates": [77.54115, 13.0143]}}, {"type": "Feature", "properties": {}, "geometry": {"type": "Point", "coordinates": [77.52094, 13.0145]}}, {"type": "Feature", "properties": {}, "geometry": {"type": "Point", "coordinates": [77.51437, 13.01457]}}, {"type": "Feature", "properties": {}, "geometry": {"type": "Point", "coordinates": [77.5162, 13.01458]}}, {"type": "Feature", "properties": {}, "geometry": {"type": "Point", "coordinates": [77.54166, 13.01439]}}, {"type": "Feature", "properties": {}, "geometry": {"type": "Point", "coordinates": [77.53226, 13.0145]}}, {"type": "Feature", "properties": {}, "geometry": {"type": "Point", "coordinates": [77.52943, 13.01455]}}, {"type": "Feature", "properties": {}, "geometry": {"type": "Point", "coordinates": [77.52567, 13.01459]}}, {"type": "Feature", "properties": {}, "geometry": {"type": "Point", "coordinates": [77.52886, 13.01457]}}, {"type": "Feature", "properties": {}, "geometry": {"type": "Point", "coordinates": [77.51708, 13.01476]}}, {"type": "Feature", "properties": {}, "geometry": {"type": "Point", "coordinates": [77.54676, 13.0145]}}, {"type": "Feature", "properties": {}, "geometry": {"type": "Point", "coordinates": [77.51118, 13.01496]}}, {"type": "Feature", "properties": {}, "geometry": {"type": "Point", "coordinates": [77.51541, 13.01496]}}, {"type": "Feature", "properties": {}, "geometry": {"type": "Point", "coordinates": [77.51153, 13.015]}}, {"type": "Feature", "properties": {}, "geometry": {"type": "Point", "coordinates": [77.52774, 13.01488]}}, {"type": "Feature", "properties": {}, "geometry": {"type": "Point", "coordinates": [77.51948, 13.01497]}}, {"type": "Feature", "properties": {}, "geometry": {"type": "Point", "coordinates": [77.53929, 13.0148]}}, {"type": "Feature", "properties": {}, "geometry": {"type": "Point", "coordinates": [77.51048, 13.01509]}}, {"type": "Feature", "properties": {}, "geometry": {"type": "Point", "coordinates": [77.51951, 13.01502]}}, {"type": "Feature", "properties": {}, "geometry": {"type": "Point", "coordinates": [77.52613, 13.01497]}}, {"type": "Feature", "properties": {}, "geometry": {"type": "Point", "coordinates": [77.52905, 13.01497]}}, {"type": "Feature", "properties": {}, "geometry": {"type": "Point", "coordinates": [77.51424, 13.01514]}}, {"type": "Feature", "properties": {}, "geometry": {"type": "Point", "coordinates": [77.52446, 13.01505]}}, {"type": "Feature", "properties": {}, "geometry": {"type": "Point", "coordinates": [77.51456, 13.01521]}}, {"type": "Feature", "properties": {}, "geometry": {"type": "Point", "coordinates": [77.54705, 13.01506]}}, {"type": "Feature", "properties": {}, "geometry": {"type": "Point", "coordinates": [77.51992, 13.01533]}}, {"type": "Feature", "properties": {}, "geometry": {"type": "Point", "coordinates": [77.52712, 13.01526]}}, {"type": "Feature", "properties": {}, "geometry": {"type": "Point", "coordinates": [77.5215, 13.01534]}}, {"type": "Feature", "properties": {}, "geometry": {"type": "Point", "coordinates": [77.51706, 13.01539]}}, {"type": "Feature", "properties": {}, "geometry": {"type": "Point", "coordinates": [77.5277, 13.01533]}}, {"type": "Feature", "properties": {}, "geometry": {"type": "Point", "coordinates": [77.52106, 13.01542]}}, {"type": "Feature", "properties": {}, "geometry": {"type": "Point", "coordinates": [77.52948, 13.01534]}}, {"type": "Feature", "properties": {}, "geometry": {"type": "Point", "coordinates": [77.52006, 13.01546]}}, {"type": "Feature", "properties": {}, "geometry": {"type": "Point", "coordinates": [77.52933, 13.01537]}}, {"type": "Feature", "properties": {}, "geometry": {"type": "Point", "coordinates": [77.54783, 13.0152]}}, {"type": "Feature", "properties": {}, "geometry": {"type": "Point", "coordinates": [77.5271, 13.01542]}}, {"type": "Feature", "properties": {}, "geometry": {"type": "Point", "coordinates": [77.51658, 13.01554]}}, {"type": "Feature", "properties": {}, "geometry": {"type": "Point", "coordinates": [77.51306, 13.01558]}}, {"type": "Feature", "properties": {}, "geometry": {"type": "Point", "coordinates": [77.53287, 13.01542]}}, {"type": "Feature", "properties": {}, "geometry": {"type": "Point", "coordinates": [77.51256, 13.01562]}}, {"type": "Feature", "properties": {}, "geometry": {"type": "Point", "coordinates": [77.52791, 13.0155]}}, {"type": "Feature", "properties": {}, "geometry": {"type": "Point", "coordinates": [77.52077, 13.0156]}}, {"type": "Feature", "properties": {}, "geometry": {"type": "Point", "coordinates": [77.5411, 13.01545]}}, {"type": "Feature", "properties": {}, "geometry": {"type": "Point", "coordinates": [77.51778, 13.01569]}}, {"type": "Feature", "properties": {}, "geometry": {"type": "Point", "coordinates": [77.52998, 13.01561]}}, {"type": "Feature", "properties": {}, "geometry": {"type": "Point", "coordinates": [77.53099, 13.01561]}}, {"type": "Feature", "properties": {}, "geometry": {"type": "Point", "coordinates": [77.52382, 13.01568]}}, {"type": "Feature", "properties": {}, "geometry": {"type": "Point", "coordinates": [77.53465, 13.01559]}}, {"type": "Feature", "properties": {}, "geometry": {"type": "Point", "coordinates": [77.52415, 13.01571]}}, {"type": "Feature", "properties": {}, "geometry": {"type": "Point", "coordinates": [77.53323, 13.01564]}}, {"type": "Feature", "properties": {}, "geometry": {"type": "Point", "coordinates": [77.54705, 13.01556]}}, {"type": "Feature", "properties": {}, "geometry": {"type": "Point", "coordinates": [77.52994, 13.01576]}}, {"type": "Feature", "properties": {}, "geometry": {"type": "Point", "coordinates": [77.53729, 13.01572]}}, {"type": "Feature", "properties": {}, "geometry": {"type": "Point", "coordinates": [77.54113, 13.01568]}}, {"type": "Feature", "properties": {}, "geometry": {"type": "Point", "coordinates": [77.5298, 13.0158]}}, {"type": "Feature", "properties": {}, "geometry": {"type": "Point", "coordinates": [77.52746, 13.01583]}}, {"type": "Feature", "properties": {}, "geometry": {"type": "Point", "coordinates": [77.54625, 13.01568]}}, {"type": "Feature", "properties": {}, "geometry": {"type": "Point", "coordinates": [77.53966, 13.01574]}}, {"type": "Feature", "properties": {}, "geometry": {"type": "Point", "coordinates": [77.53603, 13.01579]}}, {"type": "Feature", "properties": {}, "geometry": {"type": "Point", "coordinates": [77.51548, 13.016]}}, {"type": "Feature", "properties": {}, "geometry": {"type": "Point", "coordinates": [77.51531, 13.01602]}}, {"type": "Feature", "properties": {}, "geometry": {"type": "Point", "coordinates": [77.52872, 13.01589]}}, {"type": "Feature", "properties": {}, "geometry": {"type": "Point", "coordinates": [77.5419, 13.01578]}}, {"type": "Feature", "properties": {}, "geometry": {"type": "Point", "coordinates": [77.51212, 13.01608]}}, {"type": "Feature", "properties": {}, "geometry": {"type": "Point", "coordinates": [77.51381, 13.01606]}}, {"type": "Feature", "properties": {}, "geometry": {"type": "Point", "coordinates": [77.52355, 13.01597]}}, {"type": "Feature", "properties": {}, "geometry": {"type": "Point", "coordinates": [77.51625, 13.01606]}}, {"type": "Feature", "properties": {}, "geometry": {"type": "Point", "coordinates": [77.51108, 13.01614]}}, {"type": "Feature", "properties": {}, "geometry": {"type": "Point", "coordinates": [77.52887, 13.01597]}}, {"type": "Feature", "properties": {}, "geometry": {"type": "Point", "coordinates": [77.51694, 13.01609]}}, {"type": "Feature", "properties": {}, "geometry": {"type": "Point", "coordinates": [77.53214, 13.01597]}}, {"type": "Feature", "properties": {}, "geometry": {"type": "Point", "coordinates": [77.53193, 13.016]}}, {"type": "Feature", "properties": {}, "geometry": {"type": "Point", "coordinates": [77.51617, 13.0162]}}, {"type": "Feature", "properties": {}, "geometry": {"type": "Point", "coordinates": [77.53379, 13.01612]}}, {"type": "Feature", "properties": {}, "geometry": {"type": "Point", "coordinates": [77.5129, 13.01633]}}, {"type": "Feature", "properties": {}, "geometry": {"type": "Point", "coordinates": [77.54135, 13.01609]}}, {"type": "Feature", "properties": {}, "geometry": {"type": "Point", "coordinates": [77.53671, 13.01625]}}, {"type": "Feature", "properties": {}, "geometry": {"type": "Point", "coordinates": [77.51265, 13.0165]}}, {"type": "Feature", "properties": {}, "geometry": {"type": "Point", "coordinates": [77.51235, 13.01653]}}, {"type": "Feature", "properties": {}, "geometry": {"type": "Point", "coordinates": [77.51412, 13.01657]}}, {"type": "Feature", "properties": {}, "geometry": {"type": "Point", "coordinates": [77.51725, 13.01656]}}, {"type": "Feature", "properties": {}, "geometry": {"type": "Point", "coordinates": [77.51183, 13.01676]}}, {"type": "Feature", "properties": {}, "geometry": {"type": "Point", "coordinates": [77.5214, 13.01673]}}, {"type": "Feature", "properties": {}, "geometry": {"type": "Point", "coordinates": [77.5302, 13.01666]}}, {"type": "Feature", "properties": {}, "geometry": {"type": "Point", "coordinates": [77.52182, 13.01676]}}, {"type": "Feature", "properties": {}, "geometry": {"type": "Point", "coordinates": [77.53004, 13.01668]}}, {"type": "Feature", "properties": {}, "geometry": {"type": "Point", "coordinates": [77.5125, 13.01687]}}, {"type": "Feature", "properties": {}, "geometry": {"type": "Point", "coordinates": [77.51989, 13.01682]}}, {"type": "Feature", "properties": {}, "geometry": {"type": "Point", "coordinates": [77.53967, 13.01664]}}, {"type": "Feature", "properties": {}, "geometry": {"type": "Point", "coordinates": [77.53703, 13.01668]}}, {"type": "Feature", "properties": {}, "geometry": {"type": "Point", "coordinates": [77.51678, 13.01692]}}, {"type": "Feature", "properties": {}, "geometry": {"type": "Point", "coordinates": [77.51181, 13.01699]}}, {"type": "Feature", "properties": {}, "geometry": {"type": "Point", "coordinates": [77.51452, 13.01701]}}, {"type": "Feature", "properties": {}, "geometry": {"type": "Point", "coordinates": [77.52631, 13.017]}}, {"type": "Feature", "properties": {}, "geometry": {"type": "Point", "coordinates": [77.51232, 13.01726]}}, {"type": "Feature", "properties": {}, "geometry": {"type": "Point", "coordinates": [77.51762, 13.01721]}}, {"type": "Feature", "properties": {}, "geometry": {"type": "Point", "coordinates": [77.5323, 13.01707]}}, {"type": "Feature", "properties": {}, "geometry": {"type": "Point", "coordinates": [77.54199, 13.01699]}}, {"type": "Feature", "properties": {}, "geometry": {"type": "Point", "coordinates": [77.54126, 13.01705]}}, {"type": "Feature", "properties": {}, "geometry": {"type": "Point", "coordinates": [77.51869, 13.01728]}}, {"type": "Feature", "properties": {}, "geometry": {"type": "Point", "coordinates": [77.51914, 13.01731]}}, {"type": "Feature", "properties": {}, "geometry": {"type": "Point", "coordinates": [77.51886, 13.01737]}}, {"type": "Feature", "properties": {}, "geometry": {"type": "Point", "coordinates": [77.54092, 13.01717]}}, {"type": "Feature", "properties": {}, "geometry": {"type": "Point", "coordinates": [77.54162, 13.01717]}}, {"type": "Feature", "properties": {}, "geometry": {"type": "Point", "coordinates": [77.53741, 13.01724]}}, {"type": "Feature", "properties": {}, "geometry": {"type": "Point", "coordinates": [77.51915, 13.01748]}}, {"type": "Feature", "properties": {}, "geometry": {"type": "Point", "coordinates": [77.54095, 13.01731]}}, {"type": "Feature", "properties": {}, "geometry": {"type": "Point", "coordinates": [77.51998, 13.01752]}}, {"type": "Feature", "properties": {}, "geometry": {"type": "Point", "coordinates": [77.53352, 13.0174]}}, {"type": "Feature", "properties": {}, "geometry": {"type": "Point", "coordinates": [77.51666, 13.01759]}}, {"type": "Feature", "properties": {}, "geometry": {"type": "Point", "coordinates": [77.53737, 13.0175]}}, {"type": "Feature", "properties": {}, "geometry": {"type": "Point", "coordinates": [77.51814, 13.01773]}}, {"type": "Feature", "properties": {}, "geometry": {"type": "Point", "coordinates": [77.54172, 13.01751]}}, {"type": "Feature", "properties": {}, "geometry": {"type": "Point", "coordinates": [77.51789, 13.01775]}}, {"type": "Feature", "properties": {}, "geometry": {"type": "Point", "coordinates": [77.52042, 13.01774]}}, {"type": "Feature", "properties": {}, "geometry": {"type": "Point", "coordinates": [77.54521, 13.01751]}}, {"type": "Feature", "properties": {}, "geometry": {"type": "Point", "coordinates": [77.52121, 13.01785]}}, {"type": "Feature", "properties": {}, "geometry": {"type": "Point", "coordinates": [77.54039, 13.01768]}}, {"type": "Feature", "properties": {}, "geometry": {"type": "Point", "coordinates": [77.54469, 13.01765]}}, {"type": "Feature", "properties": {}, "geometry": {"type": "Point", "coordinates": [77.53136, 13.01782]}}, {"type": "Feature", "properties": {}, "geometry": {"type": "Point", "coordinates": [77.51543, 13.01799]}}, {"type": "Feature", "properties": {}, "geometry": {"type": "Point", "coordinates": [77.52917, 13.018]}}, {"type": "Feature", "properties": {}, "geometry": {"type": "Point", "coordinates": [77.52678, 13.01807]}}, {"type": "Feature", "properties": {}, "geometry": {"type": "Point", "coordinates": [77.53699, 13.01803]}}, {"type": "Feature", "properties": {}, "geometry": {"type": "Point", "coordinates": [77.54493, 13.01798]}}, {"type": "Feature", "properties": {}, "geometry": {"type": "Point", "coordinates": [77.52883, 13.01819]}}, {"type": "Feature", "properties": {}, "geometry": {"type": "Point", "coordinates": [77.53793, 13.01816]}}, {"type": "Feature", "properties": {}, "geometry": {"type": "Point", "coordinates": [77.51629, 13.01844]}}, {"type": "Feature", "properties": {}, "geometry": {"type": "Point", "coordinates": [77.52231, 13.0184]}}, {"type": "Feature", "properties": {}, "geometry": {"type": "Point", "coordinates": [77.53751, 13.01827]}}, {"type": "Feature", "properties": {}, "geometry": {"type": "Point", "coordinates": [77.52244, 13.01845]}}, {"type": "Feature", "properties": {}, "geometry": {"type": "Point", "coordinates": [77.53159, 13.01838]}}, {"type": "Feature", "properties": {}, "geometry": {"type": "Point", "coordinates": [77.52262, 13.01858]}}, {"type": "Feature", "properties": {}, "geometry": {"type": "Point", "coordinates": [77.52448, 13.01859]}}, {"type": "Feature", "properties": {}, "geometry": {"type": "Point", "coordinates": [77.53074, 13.01854]}}, {"type": "Feature", "properties": {}, "geometry": {"type": "Point", "coordinates": [77.54445, 13.01843]}}, {"type": "Feature", "properties": {}, "geometry": {"type": "Point", "coordinates": [77.51625, 13.01992]}}, {"type": "Feature", "properties": {}, "geometry": {"type": "Point", "coordinates": [77.53759, 13.0198]}}, {"type": "Feature", "properties": {}, "geometry": {"type": "Point", "coordinates": [77.52846, 13.01995]}}, {"type": "Feature", "properties": {}, "geometry": {"type": "Point", "coordinates": [77.54244, 13.01983]}}, {"type": "Feature", "properties": {}, "geometry": {"type": "Point", "coordinates": [77.53561, 13.01994]}}, {"type": "Feature", "properties": {}, "geometry": {"type": "Point", "coordinates": [77.51743, 13.02013]}}, {"type": "Feature", "properties": {}, "geometry": {"type": "Point", "coordinates": [77.54643, 13.01996]}}, {"type": "Feature", "properties": {}, "geometry": {"type": "Point", "coordinates": [77.54279, 13.02001]}}, {"type": "Feature", "properties": {}, "geometry": {"type": "Point", "coordinates": [77.52, 13.02024]}}, {"type": "Feature", "properties": {}, "geometry": {"type": "Point", "coordinates": [77.5283, 13.02023]}}, {"type": "Feature", "properties": {}, "geometry": {"type": "Point", "coordinates": [77.53589, 13.02018]}}, {"type": "Feature", "properties": {}, "geometry": {"type": "Point", "coordinates": [77.5317, 13.02027]}}, {"type": "Feature", "properties": {}, "geometry": {"type": "Point", "coordinates": [77.51733, 13.02044]}}, {"type": "Feature", "properties": {}, "geometry": {"type": "Point", "coordinates": [77.53604, 13.02034]}}, {"type": "Feature", "properties": {}, "geometry": {"type": "Point", "coordinates": [77.51602, 13.02057]}}, {"type": "Feature", "properties": {}, "geometry": {"type": "Point", "coordinates": [77.52544, 13.0205]}}, {"type": "Feature", "properties": {}, "geometry": {"type": "Point", "coordinates": [77.52583, 13.02056]}}, {"type": "Feature", "properties": {}, "geometry": {"type": "Point", "coordinates": [77.51846, 13.02069]}}, {"type": "Feature", "properties": {}, "geometry": {"type": "Point", "coordinates": [77.51551, 13.02084]}}, {"type": "Feature", "properties": {}, "geometry": {"type": "Point", "coordinates": [77.53482, 13.02067]}}, {"type": "Feature", "properties": {}, "geometry": {"type": "Point", "coordinates": [77.54281, 13.02063]}}, {"type": "Feature", "properties": {}, "geometry": {"type": "Point", "coordinates": [77.51781, 13.02088]}}, {"type": "Feature", "properties": {}, "geometry": {"type": "Point", "coordinates": [77.53005, 13.02082]}}, {"type": "Feature", "properties": {}, "geometry": {"type": "Point", "coordinates": [77.55058, 13.02066]}}, {"type": "Feature", "properties": {}, "geometry": {"type": "Point", "coordinates": [77.5292, 13.02096]}}, {"type": "Feature", "properties": {}, "geometry": {"type": "Point", "coordinates": [77.51752, 13.02117]}}, {"type": "Feature", "properties": {}, "geometry": {"type": "Point", "coordinates": [77.52797, 13.02108]}}, {"type": "Feature", "properties": {}, "geometry": {"type": "Point", "coordinates": [77.52658, 13.02119]}}, {"type": "Feature", "properties": {}, "geometry": {"type": "Point", "coordinates": [77.52758, 13.02119]}}, {"type": "Feature", "properties": {}, "geometry": {"type": "Point", "coordinates": [77.5329, 13.02117]}}, {"type": "Feature", "properties": {}, "geometry": {"type": "Point", "coordinates": [77.52874, 13.02127]}}, {"type": "Feature", "properties": {}, "geometry": {"type": "Point", "coordinates": [77.51702, 13.02141]}}, {"type": "Feature", "properties": {}, "geometry": {"type": "Point", "coordinates": [77.5286, 13.02131]}}, {"type": "Feature", "properties": {}, "geometry": {"type": "Point", "coordinates": [77.53036, 13.02133]}}, {"type": "Feature", "properties": {}, "geometry": {"type": "Point", "coordinates": [77.52872, 13.02141]}}, {"type": "Feature", "properties": {}, "geometry": {"type": "Point", "coordinates": [77.52683, 13.02143]}}, {"type": "Feature", "properties": {}, "geometry": {"type": "Point", "coordinates": [77.51845, 13.02152]}}, {"type": "Feature", "properties": {}, "geometry": {"type": "Point", "coordinates": [77.52009, 13.02153]}}, {"type": "Feature", "properties": {}, "geometry": {"type": "Point", "coordinates": [77.51957, 13.02154]}}, {"type": "Feature", "properties": {}, "geometry": {"type": "Point", "coordinates": [77.51686, 13.0219]}}, {"type": "Feature", "properties": {}, "geometry": {"type": "Point", "coordinates": [77.53263, 13.0218]}}, {"type": "Feature", "properties": {}, "geometry": {"type": "Point", "coordinates": [77.5339, 13.02186]}}, {"type": "Feature", "properties": {}, "geometry": {"type": "Point", "coordinates": [77.53217, 13.02189]}}, {"type": "Feature", "properties": {}, "geometry": {"type": "Point", "coordinates": [77.53314, 13.02201]}}, {"type": "Feature", "properties": {}, "geometry": {"type": "Point", "coordinates": [77.51816, 13.02231]}}, {"type": "Feature", "properties": {}, "geometry": {"type": "Point", "coordinates": [77.52985, 13.0222]}}, {"type": "Feature", "properties": {}, "geometry": {"type": "Point", "coordinates": [77.53055, 13.02233]}}, {"type": "Feature", "properties": {}, "geometry": {"type": "Point", "coordinates": [77.5444, 13.02276]}}, {"type": "Feature", "properties": {}, "geometry": {"type": "Point", "coordinates": [77.53737, 13.02326]}}, {"type": "Feature", "properties": {}, "geometry": {"type": "Point", "coordinates": [77.5447, 13.0232]}}, {"type": "Feature", "properties": {}, "geometry": {"type": "Point", "coordinates": [77.53709, 13.02361]}}, {"type": "Feature", "properties": {}, "geometry": {"type": "Point", "coordinates": [77.50694, 13.02414]}}, {"type": "Feature", "properties": {}, "geometry": {"type": "Point", "coordinates": [77.54292, 13.02393]}}, {"type": "Feature", "properties": {}, "geometry": {"type": "Point", "coordinates": [77.53891, 13.024]}}, {"type": "Feature", "properties": {}, "geometry": {"type": "Point", "coordinates": [77.54115, 13.02409]}}, {"type": "Feature", "properties": {}, "geometry": {"type": "Point", "coordinates": [77.50937, 13.02445]}}, {"type": "Feature", "properties": {}, "geometry": {"type": "Point", "coordinates": [77.50676, 13.02471]}}, {"type": "Feature", "properties": {}, "geometry": {"type": "Point", "coordinates": [77.5051, 13.02558]}}, {"type": "Feature", "properties": {}, "geometry": {"type": "Point", "coordinates": [77.50742, 13.02577]}}, {"type": "Feature", "properties": {}, "geometry": {"type": "Point", "coordinates": [77.50686, 13.02588]}}, {"type": "Feature", "properties": {}, "geometry": {"type": "Point", "coordinates": [77.50604, 13.02644]}}, {"type": "Feature", "properties": {}, "geometry": {"type": "Point", "coordinates": [77.49822, 13.02655]}}, {"type": "Feature", "properties": {}, "geometry": {"type": "Point", "coordinates": [77.50141, 13.02678]}}, {"type": "Feature", "properties": {}, "geometry": {"type": "Point", "coordinates": [77.49866, 13.02685]}}, {"type": "Feature", "properties": {}, "geometry": {"type": "Point", "coordinates": [77.53981, 13.02652]}}, {"type": "Feature", "properties": {}, "geometry": {"type": "Point", "coordinates": [77.50743, 13.02694]}}, {"type": "Feature", "properties": {}, "geometry": {"type": "Point", "coordinates": [77.53982, 13.02701]}}, {"type": "Feature", "properties": {}, "geometry": {"type": "Point", "coordinates": [77.50377, 13.02746]}}, {"type": "Feature", "properties": {}, "geometry": {"type": "Point", "coordinates": [77.50535, 13.02762]}}, {"type": "Feature", "properties": {}, "geometry": {"type": "Point", "coordinates": [77.50589, 13.0277]}}, {"type": "Feature", "properties": {}, "geometry": {"type": "Point", "coordinates": [77.50523, 13.02773]}}, {"type": "Feature", "properties": {}, "geometry": {"type": "Point", "coordinates": [77.51746, 13.02766]}}, {"type": "Feature", "properties": {}, "geometry": {"type": "Point", "coordinates": [77.49715, 13.02786]}}, {"type": "Feature", "properties": {}, "geometry": {"type": "Point", "coordinates": [77.50458, 13.02784]}}, {"type": "Feature", "properties": {}, "geometry": {"type": "Point", "coordinates": [77.50423, 13.02786]}}, {"type": "Feature", "properties": {}, "geometry": {"type": "Point", "coordinates": [77.4985, 13.02793]}}, {"type": "Feature", "properties": {}, "geometry": {"type": "Point", "coordinates": [77.50622, 13.02794]}}, {"type": "Feature", "properties": {}, "geometry": {"type": "Point", "coordinates": [77.49856, 13.0284]}}, {"type": "Feature", "properties": {}, "geometry": {"type": "Point", "coordinates": [77.49842, 13.02842]}}, {"type": "Feature", "properties": {}, "geometry": {"type": "Point", "coordinates": [77.49952, 13.02871]}}, {"type": "Feature", "properties": {}, "geometry": {"type": "Point", "coordinates": [77.50346, 13.0289]}}, {"type": "Feature", "properties": {}, "geometry": {"type": "Point", "coordinates": [77.50704, 13.02906]}}, {"type": "Feature", "properties": {}, "geometry": {"type": "Point", "coordinates": [77.49851, 13.0292]}}, {"type": "Feature", "properties": {}, "geometry": {"type": "Point", "coordinates": [77.50497, 13.02932]}}, {"type": "Feature", "properties": {}, "geometry": {"type": "Point", "coordinates": [77.50031, 13.02948]}}, {"type": "Feature", "properties": {}, "geometry": {"type": "Point", "coordinates": [77.50666, 13.0298]}}, {"type": "Feature", "properties": {}, "geometry": {"type": "Point", "coordinates": [77.50644, 13.02984]}}, {"type": "Feature", "properties": {}, "geometry": {"type": "Point", "coordinates": [77.50831, 13.03022]}}, {"type": "Feature", "properties": {}, "geometry": {"type": "Point", "coordinates": [77.56935, 12.98569]}}, {"type": "Feature", "properties": {}, "geometry": {"type": "Point", "coordinates": [77.56982, 12.9878]}}, {"type": "Feature", "properties": {}, "geometry": {"type": "Point", "coordinates": [77.5596, 12.9957]}}, {"type": "Feature", "properties": {}, "geometry": {"type": "Point", "coordinates": [77.56294, 12.99575]}}, {"type": "Feature", "properties": {}, "geometry": {"type": "Point", "coordinates": [77.56437, 12.9978]}}, {"type": "Feature", "properties": {}, "geometry": {"type": "Point", "coordinates": [77.57675, 12.99669]}}, {"type": "Feature", "properties": {}, "geometry": {"type": "Point", "coordinates": [77.56132, 12.99808]}}, {"type": "Feature", "properties": {}, "geometry": {"type": "Point", "coordinates": [77.5604, 12.99854]}}, {"type": "Feature", "properties": {}, "geometry": {"type": "Point", "coordinates": [77.57663, 12.99868]}}, {"type": "Feature", "properties": {}, "geometry": {"type": "Point", "coordinates": [77.56035, 12.99891]}}, {"type": "Feature", "properties": {}, "geometry": {"type": "Point", "coordinates": [77.5629, 13.00144]}}, {"type": "Feature", "properties": {}, "geometry": {"type": "Point", "coordinates": [77.55947, 13.00166]}}, {"type": "Feature", "properties": {}, "geometry": {"type": "Point", "coordinates": [77.57613, 13.00167]}}, {"type": "Feature", "properties": {}, "geometry": {"type": "Point", "coordinates": [77.58114, 13.00273]}}, {"type": "Feature", "properties": {}, "geometry": {"type": "Point", "coordinates": [77.59921, 13.00313]}}, {"type": "Feature", "properties": {}, "geometry": {"type": "Point", "coordinates": [77.59688, 13.00415]}}, {"type": "Feature", "properties": {}, "geometry": {"type": "Point", "coordinates": [77.60026, 13.00473]}}, {"type": "Feature", "properties": {}, "geometry": {"type": "Point", "coordinates": [77.57426, 13.00503]}}, {"type": "Feature", "properties": {}, "geometry": {"type": "Point", "coordinates": [77.598, 13.00483]}}, {"type": "Feature", "properties": {}, "geometry": {"type": "Point", "coordinates": [77.60132, 13.00747]}}, {"type": "Feature", "properties": {}, "geometry": {"type": "Point", "coordinates": [77.60206, 13.00755]}}, {"type": "Feature", "properties": {}, "geometry": {"type": "Point", "coordinates": [77.60119, 13.00824]}}, {"type": "Feature", "properties": {}, "geometry": {"type": "Point", "coordinates": [77.55595, 13.01286]}}, {"type": "Feature", "properties": {}, "geometry": {"type": "Point", "coordinates": [77.59398, 13.01299]}}, {"type": "Feature", "properties": {}, "geometry": {"type": "Point", "coordinates": [77.5949, 13.01342]}}, {"type": "Feature", "properties": {}, "geometry": {"type": "Point", "coordinates": [77.60158, 13.01619]}}, {"type": "Feature", "properties": {}, "geometry": {"type": "Point", "coordinates": [77.59684, 13.01671]}}, {"type": "Feature", "properties": {}, "geometry": {"type": "Point", "coordinates": [77.60174, 13.01669]}}, {"type": "Feature", "properties": {}, "geometry": {"type": "Point", "coordinates": [77.60221, 13.0168]}}, {"type": "Feature", "properties": {}, "geometry": {"type": "Point", "coordinates": [77.60251, 13.01684]}}, {"type": "Feature", "properties": {}, "geometry": {"type": "Point", "coordinates": [77.60249, 13.01722]}}, {"type": "Feature", "properties": {}, "geometry": {"type": "Point", "coordinates": [77.55856, 13.01901]}}, {"type": "Feature", "properties": {}, "geometry": {"type": "Point", "coordinates": [77.56224, 13.02014]}}, {"type": "Feature", "properties": {}, "geometry": {"type": "Point", "coordinates": [77.58964, 13.01932]}}, {"type": "Feature", "properties": {}, "geometry": {"type": "Point", "coordinates": [77.58812, 13.02326]}}, {"type": "Feature", "properties": {}, "geometry": {"type": "Point", "coordinates": [77.60334, 13.02361]}}, {"type": "Feature", "properties": {}, "geometry": {"type": "Point", "coordinates": [77.59732, 13.0246]}}, {"type": "Feature", "properties": {}, "geometry": {"type": "Point", "coordinates": [77.59782, 13.02478]}}, {"type": "Feature", "properties": {}, "geometry": {"type": "Point", "coordinates": [77.59198, 13.02484]}}, {"type": "Feature", "properties": {}, "geometry": {"type": "Point", "coordinates": [77.60141, 13.02854]}}, {"type": "Feature", "properties": {}, "geometry": {"type": "Point", "coordinates": [77.59612, 13.02889]}}, {"type": "Feature", "properties": {}, "geometry": {"type": "Point", "coordinates": [77.59901, 13.02887]}}, {"type": "Feature", "properties": {}, "geometry": {"type": "Point", "coordinates": [77.60247, 13.02935]}}, {"type": "Feature", "properties": {}, "geometry": {"type": "Point", "coordinates": [77.56276, 13.02979]}}, {"type": "Feature", "properties": {}, "geometry": {"type": "Point", "coordinates": [77.59642, 13.0297]}}, {"type": "Feature", "properties": {}, "geometry": {"type": "Point", "coordinates": [77.59897, 13.0302]}}, {"type": "Feature", "properties": {}, "geometry": {"type": "Point", "coordinates": [77.6052, 13.03369]}}, {"type": "Feature", "properties": {}, "geometry": {"type": "Point", "coordinates": [77.60498, 13.0393]}}, {"type": "Feature", "properties": {}, "geometry": {"type": "Point", "coordinates": [77.5641, 13.0402]}}, {"type": "Feature", "properties": {}, "geometry": {"type": "Point", "coordinates": [77.56263, 13.04081]}}, {"type": "Feature", "properties": {}, "geometry": {"type": "Point", "coordinates": [77.56526, 13.04416]}}, {"type": "Feature", "properties": {}, "geometry": {"type": "Point", "coordinates": [77.57675, 13.04473]}}, {"type": "Feature", "properties": {}, "geometry": {"type": "Point", "coordinates": [77.51388, 13.04556]}}, {"type": "Feature", "properties": {}, "geometry": {"type": "Point", "coordinates": [77.51022, 13.04601]}}, {"type": "Feature", "properties": {}, "geometry": {"type": "Point", "coordinates": [77.51503, 13.04592]}}, {"type": "Feature", "properties": {}, "geometry": {"type": "Point", "coordinates": [77.51354, 13.04623]}}, {"type": "Feature", "properties": {}, "geometry": {"type": "Point", "coordinates": [77.51262, 13.04633]}}, {"type": "Feature", "properties": {}, "geometry": {"type": "Point", "coordinates": [77.51242, 13.047]}}, {"type": "Feature", "properties": {}, "geometry": {"type": "Point", "coordinates": [77.51303, 13.04736]}}, {"type": "Feature", "properties": {}, "geometry": {"type": "Point", "coordinates": [77.51365, 13.04766]}}, {"type": "Feature", "properties": {}, "geometry": {"type": "Point", "coordinates": [77.50895, 13.04787]}}, {"type": "Feature", "properties": {}, "geometry": {"type": "Point", "coordinates": [77.5957, 13.04721]}}, {"type": "Feature", "properties": {}, "geometry": {"type": "Point", "coordinates": [77.50854, 13.04863]}}, {"type": "Feature", "properties": {}, "geometry": {"type": "Point", "coordinates": [77.50351, 13.04842]}}, {"type": "Feature", "properties": {}, "geometry": {"type": "Point", "coordinates": [77.50259, 13.04865]}}, {"type": "Feature", "properties": {}, "geometry": {"type": "Point", "coordinates": [77.56616, 13.04821]}}, {"type": "Feature", "properties": {}, "geometry": {"type": "Point", "coordinates": [77.50418, 13.05429]}}, {"type": "Feature", "properties": {}, "geometry": {"type": "Point", "coordinates": [77.50188, 13.04918]}}, {"type": "Feature", "properties": {}, "geometry": {"type": "Point", "coordinates": [77.50271, 13.04918]}}, {"type": "Feature", "properties": {}, "geometry": {"type": "Point", "coordinates": [77.57253, 13.04875]}}, {"type": "Feature", "properties": {}, "geometry": {"type": "Point", "coordinates": [77.50345, 13.04948]}}, {"type": "Feature", "properties": {}, "geometry": {"type": "Point", "coordinates": [77.51317, 13.05042]}}, {"type": "Feature", "properties": {}, "geometry": {"type": "Point", "coordinates": [77.50223, 13.04971]}}, {"type": "Feature", "properties": {}, "geometry": {"type": "Point", "coordinates": [77.50576, 13.04997]}}, {"type": "Feature", "properties": {}, "geometry": {"type": "Point", "coordinates": [77.50391, 13.05437]}}, {"type": "Feature", "properties": {}, "geometry": {"type": "Point", "coordinates": [77.596, 13.04971]}}, {"type": "Feature", "properties": {}, "geometry": {"type": "Point", "coordinates": [77.50607, 13.0506]}}, {"type": "Feature", "properties": {}, "geometry": {"type": "Point", "coordinates": [77.5057, 13.05096]}}, {"type": "Feature", "properties": {}, "geometry": {"type": "Point", "coordinates": [77.58726, 13.08491]}}, {"type": "Feature", "properties": {}, "geometry": {"type": "Point", "coordinates": [77.58572, 13.08494]}}, {"type": "Feature", "properties": {}, "geometry": {"type": "Point", "coordinates": [77.55546, 13.08556]}}, {"type": "Feature", "properties": {}, "geometry": {"type": "Point", "coordinates": [77.58292, 13.08681]}}, {"type": "Feature", "properties": {}, "geometry": {"type": "Point", "coordinates": [77.59152, 13.08737]}}, {"type": "Feature", "properties": {}, "geometry": {"type": "Point", "coordinates": [77.58308, 13.08817]}}, {"type": "Feature", "properties": {}, "geometry": {"type": "Point", "coordinates": [77.58196, 13.08868]}}, {"type": "Feature", "properties": {}, "geometry": {"type": "Point", "coordinates": [77.60564, 13.08904]}}, {"type": "Feature", "properties": {}, "geometry": {"type": "Point", "coordinates": [77.60668, 13.08926]}}, {"type": "Feature", "properties": {}, "geometry": {"type": "Point", "coordinates": [77.60328, 13.08973]}}, {"type": "Feature", "properties": {}, "geometry": {"type": "Point", "coordinates": [77.60245, 13.09084]}}, {"type": "Feature", "properties": {}, "geometry": {"type": "Point", "coordinates": [77.58089, 13.09136]}}, {"type": "Feature", "properties": {}, "geometry": {"type": "Point", "coordinates": [77.57844, 13.0917]}}, {"type": "Feature", "properties": {}, "geometry": {"type": "Point", "coordinates": [77.58209, 13.09172]}}, {"type": "Feature", "properties": {}, "geometry": {"type": "Point", "coordinates": [77.5848, 13.09245]}}, {"type": "Feature", "properties": {}, "geometry": {"type": "Point", "coordinates": [77.57902, 13.09324]}}, {"type": "Feature", "properties": {}, "geometry": {"type": "Point", "coordinates": [77.58088, 13.09265]}}, {"type": "Feature", "properties": {}, "geometry": {"type": "Point", "coordinates": [77.55675, 13.09301]}}, {"type": "Feature", "properties": {}, "geometry": {"type": "Point", "coordinates": [77.6001, 13.09371]}}, {"type": "Feature", "properties": {}, "geometry": {"type": "Point", "coordinates": [77.58806, 13.09394]}}, {"type": "Feature", "properties": {}, "geometry": {"type": "Point", "coordinates": [77.58092, 13.09419]}}, {"type": "Feature", "properties": {}, "geometry": {"type": "Point", "coordinates": [77.57777, 13.09519]}}, {"type": "Feature", "properties": {}, "geometry": {"type": "Point", "coordinates": [77.59262, 13.09523]}}, {"type": "Feature", "properties": {}, "geometry": {"type": "Point", "coordinates": [77.55956, 13.09634]}}, {"type": "Feature", "properties": {}, "geometry": {"type": "Point", "coordinates": [77.59367, 13.09678]}}, {"type": "Feature", "properties": {}, "geometry": {"type": "Point", "coordinates": [77.5767, 13.097]}}, {"type": "Feature", "properties": {}, "geometry": {"type": "Point", "coordinates": [77.62776, 13.09665]}}, {"type": "Feature", "properties": {}, "geometry": {"type": "Point", "coordinates": [77.59906, 13.09695]}}, {"type": "Feature", "properties": {}, "geometry": {"type": "Point", "coordinates": [77.55907, 13.09756]}}, {"type": "Feature", "properties": {}, "geometry": {"type": "Point", "coordinates": [77.59757, 13.09725]}}, {"type": "Feature", "properties": {}, "geometry": {"type": "Point", "coordinates": [77.58803, 13.09783]}}, {"type": "Feature", "properties": {}, "geometry": {"type": "Point", "coordinates": [77.56483, 13.09955]}}, {"type": "Feature", "properties": {}, "geometry": {"type": "Point", "coordinates": [77.56611, 13.09824]}}, {"type": "Feature", "properties": {}, "geometry": {"type": "Point", "coordinates": [77.62463, 13.09783]}}, {"type": "Feature", "properties": {}, "geometry": {"type": "Point", "coordinates": [77.56233, 13.09859]}}, {"type": "Feature", "properties": {}, "geometry": {"type": "Point", "coordinates": [77.5677, 13.09882]}}, {"type": "Feature", "properties": {}, "geometry": {"type": "Point", "coordinates": [77.57677, 13.09875]}}, {"type": "Feature", "properties": {}, "geometry": {"type": "Point", "coordinates": [77.56674, 13.09896]}}, {"type": "Feature", "properties": {}, "geometry": {"type": "Point", "coordinates": [77.58396, 13.09888]}}, {"type": "Feature", "properties": {}, "geometry": {"type": "Point", "coordinates": [77.57798, 13.09912]}}, {"type": "Feature", "properties": {}, "geometry": {"type": "Point", "coordinates": [77.59326, 13.09906]}}, {"type": "Feature", "properties": {}, "geometry": {"type": "Point", "coordinates": [77.56486, 13.09926]}}, {"type": "Feature", "properties": {}, "geometry": {"type": "Point", "coordinates": [77.56772, 13.09937]}}, {"type": "Feature", "properties": {}, "geometry": {"type": "Point", "coordinates": [77.5638, 13.09958]}}, {"type": "Feature", "properties": {}, "geometry": {"type": "Point", "coordinates": [77.56454, 13.09999]}}, {"type": "Feature", "properties": {}, "geometry": {"type": "Point", "coordinates": [77.56361, 13.10008]}}, {"type": "Feature", "properties": {}, "geometry": {"type": "Point", "coordinates": [77.57215, 13.10001]}}, {"type": "Feature", "properties": {}, "geometry": {"type": "Point", "coordinates": [77.58233, 13.10036]}}, {"type": "Feature", "properties": {}, "geometry": {"type": "Point", "coordinates": [77.56846, 13.10081]}}, {"type": "Feature", "properties": {}, "geometry": {"type": "Point", "coordinates": [77.59995, 13.10112]}}, {"type": "Feature", "properties": {}, "geometry": {"type": "Point", "coordinates": [77.5852, 13.10144]}}, {"type": "Feature", "properties": {}, "geometry": {"type": "Point", "coordinates": [77.60505, 13.10159]}}, {"type": "Feature", "properties": {}, "geometry": {"type": "Point", "coordinates": [77.61824, 13.10158]}}, {"type": "Feature", "properties": {}, "geometry": {"type": "Point", "coordinates": [77.57367, 13.10214]}}, {"type": "Feature", "properties": {}, "geometry": {"type": "Point", "coordinates": [77.56767, 13.10234]}}, {"type": "Feature", "properties": {}, "geometry": {"type": "Point", "coordinates": [77.57324, 13.10237]}}, {"type": "Feature", "properties": {}, "geometry": {"type": "Point", "coordinates": [77.56506, 13.10282]}}, {"type": "Feature", "properties": {}, "geometry": {"type": "Point", "coordinates": [77.60527, 13.10239]}}, {"type": "Feature", "properties": {}, "geometry": {"type": "Point", "coordinates": [77.60444, 13.10248]}}, {"type": "Feature", "properties": {}, "geometry": {"type": "Point", "coordinates": [77.61578, 13.10252]}}, {"type": "Feature", "properties": {}, "geometry": {"type": "Point", "coordinates": [77.57385, 13.10389]}}, {"type": "Feature", "properties": {}, "geometry": {"type": "Point", "coordinates": [77.60608, 13.1036]}}, {"type": "Feature", "properties": {}, "geometry": {"type": "Point", "coordinates": [77.60584, 13.10367]}}, {"type": "Feature", "properties": {}, "geometry": {"type": "Point", "coordinates": [77.56573, 13.10414]}}, {"type": "Feature", "properties": {}, "geometry": {"type": "Point", "coordinates": [77.61632, 13.10376]}}, {"type": "Feature", "properties": {}, "geometry": {"type": "Point", "coordinates": [77.61711, 13.10385]}}, {"type": "Feature", "properties": {}, "geometry": {"type": "Point", "coordinates": [77.6341, 13.10372]}}, {"type": "Feature", "properties": {}, "geometry": {"type": "Point", "coordinates": [77.56494, 13.10472]}}, {"type": "Feature", "properties": {}, "geometry": {"type": "Point", "coordinates": [77.61723, 13.10424]}}, {"type": "Feature", "properties": {}, "geometry": {"type": "Point", "coordinates": [77.57692, 13.10477]}}, {"type": "Feature", "properties": {}, "geometry": {"type": "Point", "coordinates": [77.59625, 13.10459]}}, {"type": "Feature", "properties": {}, "geometry": {"type": "Point", "coordinates": [77.57394, 13.10484]}}, {"type": "Feature", "properties": {}, "geometry": {"type": "Point", "coordinates": [77.59465, 13.10484]}}, {"type": "Feature", "properties": {}, "geometry": {"type": "Point", "coordinates": [77.56339, 13.10517]}}, {"type": "Feature", "properties": {}, "geometry": {"type": "Point", "coordinates": [77.57275, 13.10548]}}, {"type": "Feature", "properties": {}, "geometry": {"type": "Point", "coordinates": [77.56401, 13.10558]}}, {"type": "Feature", "properties": {}, "geometry": {"type": "Point", "coordinates": [77.61675, 13.10515]}}, {"type": "Feature", "properties": {}, "geometry": {"type": "Point", "coordinates": [77.57165, 13.10803]}}, {"type": "Feature", "properties": {}, "geometry": {"type": "Point", "coordinates": [77.59508, 13.10603]}}, {"type": "Feature", "properties": {}, "geometry": {"type": "Point", "coordinates": [77.59235, 13.10624]}}, {"type": "Feature", "properties": {}, "geometry": {"type": "Point", "coordinates": [77.59255, 13.10635]}}, {"type": "Feature", "properties": {}, "geometry": {"type": "Point", "coordinates": [77.59454, 13.10639]}}, {"type": "Feature", "properties": {}, "geometry": {"type": "Point", "coordinates": [77.59196, 13.10732]}}, {"type": "Feature", "properties": {}, "geometry": {"type": "Point", "coordinates": [77.57255, 13.10785]}}, {"type": "Feature", "properties": {}, "geometry": {"type": "Point", "coordinates": [77.56568, 13.11017]}}, {"type": "Feature", "properties": {}, "geometry": {"type": "Point", "coordinates": [77.59297, 13.10852]}}, {"type": "Feature", "properties": {}, "geometry": {"type": "Point", "coordinates": [77.60649, 13.10966]}}, {"type": "Feature", "properties": {}, "geometry": {"type": "Point", "coordinates": [77.60902, 13.11021]}}, {"type": "Feature", "properties": {}, "geometry": {"type": "Point", "coordinates": [77.60891, 13.11062]}}, {"type": "Feature", "properties": {}, "geometry": {"type": "Point", "coordinates": [77.59986, 13.11195]}}, {"type": "Feature", "properties": {}, "geometry": {"type": "Point", "coordinates": [77.57818, 13.11364]}}, {"type": "Feature", "properties": {}, "geometry": {"type": "Point", "coordinates": [77.60168, 13.11366]}}, {"type": "Feature", "properties": {}, "geometry": {"type": "Point", "coordinates": [77.60187, 13.11548]}}, {"type": "Feature", "properties": {}, "geometry": {"type": "Point", "coordinates": [77.48749, 13.0588]}}, {"type": "Feature", "properties": {}, "geometry": {"type": "Point", "coordinates": [77.48978, 13.05538]}}, {"type": "Feature", "properties": {}, "geometry": {"type": "Point", "coordinates": [77.5699, 13.11795]}}, {"type": "Feature", "properties": {}, "geometry": {"type": "Point", "coordinates": [77.51584, 13.01946]}}, {"type": "Feature", "properties": {}, "geometry": {"type": "Point", "coordinates": [77.51773, 13.01876]}}, {"type": "Feature", "properties": {}, "geometry": {"type": "Point", "coordinates": [77.51625, 13.01992]}}, {"type": "Feature", "properties": {}, "geometry": {"type": "Point", "coordinates": [77.51743, 13.02013]}}, {"type": "Feature", "properties": {}, "geometry": {"type": "Point", "coordinates": [77.50535, 13.02762]}}, {"type": "Feature", "properties": {}, "geometry": {"type": "Point", "coordinates": [77.51789, 13.01775]}}, {"type": "Feature", "properties": {}, "geometry": {"type": "Point", "coordinates": [77.51886, 13.01737]}}, {"type": "Feature", "properties": {}, "geometry": {"type": "Point", "coordinates": [77.51915, 13.01748]}}, {"type": "Feature", "properties": {}, "geometry": {"type": "Point", "coordinates": [77.51948, 13.01497]}}, {"type": "Feature", "properties": {}, "geometry": {"type": "Point", "coordinates": [77.52006, 13.01546]}}, {"type": "Feature", "properties": {}, "geometry": {"type": "Point", "coordinates": [77.51824, 13.01965]}}, {"type": "Feature", "properties": {}, "geometry": {"type": "Point", "coordinates": [77.58722, 13.07828]}}, {"type": "Feature", "properties": {}, "geometry": {"type": "Point", "coordinates": [77.58909, 13.08021]}}, {"type": "Feature", "properties": {}, "geometry": {"type": "Point", "coordinates": [77.58752, 13.08128]}}, {"type": "Feature", "properties": {}, "geometry": {"type": "Point", "coordinates": [77.58543, 13.08343]}}, {"type": "Feature", "properties": {}, "geometry": {"type": "Point", "coordinates": [77.58741, 13.08325]}}, {"type": "Feature", "properties": {}, "geometry": {"type": "Point", "coordinates": [77.58868, 13.08294]}}, {"type": "Feature", "properties": {}, "geometry": {"type": "Point", "coordinates": [77.58885, 13.08477]}}, {"type": "Feature", "properties": {}, "geometry": {"type": "Point", "coordinates": [77.58651, 13.08397]}}, {"type": "Feature", "properties": {}, "geometry": {"type": "Point", "coordinates": [77.58835, 13.08782]}}, {"type": "Feature", "properties": {}, "geometry": {"type": "Point", "coordinates": [77.58762, 13.08658]}}, {"type": "Feature", "properties": {}, "geometry": {"type": "Point", "coordinates": [77.58622, 13.088]}}, {"type": "Feature", "properties": {}, "geometry": {"type": "Point", "coordinates": [77.58287, 13.08932]}}, {"type": "Feature", "properties": {}, "geometry": {"type": "Point", "coordinates": [77.58298, 13.089]}}, {"type": "Feature", "properties": {}, "geometry": {"type": "Point", "coordinates": [77.58242, 13.08956]}}, {"type": "Feature", "properties": {}, "geometry": {"type": "Point", "coordinates": [77.5821, 13.08886]}}, {"type": "Feature", "properties": {}, "geometry": {"type": "Point", "coordinates": [77.58249, 13.08775]}}, {"type": "Feature", "properties": {}, "geometry": {"type": "Point", "coordinates": [77.58307, 13.08664]}}, {"type": "Feature", "properties": {}, "geometry": {"type": "Point", "coordinates": [77.58462, 13.08458]}}, {"type": "Feature", "properties": {}, "geometry": {"type": "Point", "coordinates": [77.5854, 13.08586]}}, {"type": "Feature", "properties": {}, "geometry": {"type": "Point", "coordinates": [77.58596, 13.08602]}}, {"type": "Feature", "properties": {}, "geometry": {"type": "Point", "coordinates": [77.58129, 13.08966]}}, {"type": "Feature", "properties": {}, "geometry": {"type": "Point", "coordinates": [77.58197, 13.09024]}}, {"type": "Feature", "properties": {}, "geometry": {"type": "Point", "coordinates": [77.58187, 13.09076]}}, {"type": "Feature", "properties": {}, "geometry": {"type": "Point", "coordinates": [77.58102, 13.0904]}}, {"type": "Feature", "properties": {}, "geometry": {"type": "Point", "coordinates": [77.58086, 13.09018]}}, {"type": "Feature", "properties": {}, "geometry": {"type": "Point", "coordinates": [77.58058, 13.08932]}}, {"type": "Feature", "properties": {}, "geometry": {"type": "Point", "coordinates": [77.58004, 13.08729]}}, {"type": "Feature", "properties": {}, "geometry": {"type": "Point", "coordinates": [77.58082, 13.09088]}}, {"type": "Feature", "properties": {}, "geometry": {"type": "Point", "coordinates": [77.58034, 13.09037]}}, {"type": "Feature", "properties": {}, "geometry": {"type": "Point", "coordinates": [77.5794, 13.0912]}}, {"type": "Feature", "properties": {}, "geometry": {"type": "Point", "coordinates": [77.57821, 13.09105]}}, {"type": "Feature", "properties": {}, "geometry": {"type": "Point", "coordinates": [77.57778, 13.09155]}}, {"type": "Feature", "properties": {}, "geometry": {"type": "Point", "coordinates": [77.57643, 13.09215]}}, {"type": "Feature", "properties": {}, "geometry": {"type": "Point", "coordinates": [77.57797, 13.09276]}}, {"type": "Feature", "properties": {}, "geometry": {"type": "Point", "coordinates": [77.57733, 13.09254]}}, {"type": "Feature", "properties": {}, "geometry": {"type": "Point", "coordinates": [77.58026, 13.09359]}}, {"type": "Feature", "properties": {}, "geometry": {"type": "Point", "coordinates": [77.581, 13.09247]}}, {"type": "Feature", "properties": {}, "geometry": {"type": "Point", "coordinates": [77.58163, 13.09256]}}, {"type": "Feature", "properties": {}, "geometry": {"type": "Point", "coordinates": [77.58214, 13.0927]}}, {"type": "Feature", "properties": {}, "geometry": {"type": "Point", "coordinates": [77.58252, 13.09104]}}, {"type": "Feature", "properties": {}, "geometry": {"type": "Point", "coordinates": [77.5826, 13.09284]}}, {"type": "Feature", "properties": {}, "geometry": {"type": "Point", "coordinates": [77.58408, 13.09306]}}, {"type": "Feature", "properties": {}, "geometry": {"type": "Point", "coordinates": [77.58784, 13.09388]}}, {"type": "Feature", "properties": {}, "geometry": {"type": "Point", "coordinates": [77.58574, 13.09321]}}, {"type": "Feature", "properties": {}, "geometry": {"type": "Point", "coordinates": [77.59092, 13.09315]}}, {"type": "Feature", "properties": {}, "geometry": {"type": "Point", "coordinates": [77.59237, 13.09684]}}, {"type": "Feature", "properties": {}, "geometry": {"type": "Point", "coordinates": [77.59423, 13.09411]}}, {"type": "Feature", "properties": {}, "geometry": {"type": "Point", "coordinates": [77.59444, 13.0942]}}, {"type": "Feature", "properties": {}, "geometry": {"type": "Point", "coordinates": [77.58211, 13.09479]}}, {"type": "Feature", "properties": {}, "geometry": {"type": "Point", "coordinates": [77.58193, 13.09616]}}, {"type": "Feature", "properties": {}, "geometry": {"type": "Point", "coordinates": [77.57961, 13.09576]}}, {"type": "Feature", "properties": {}, "geometry": {"type": "Point", "coordinates": [77.58117, 13.09752]}}, {"type": "Feature", "properties": {}, "geometry": {"type": "Point", "coordinates": [77.57961, 13.09761]}}, {"type": "Feature", "properties": {}, "geometry": {"type": "Point", "coordinates": [77.57857, 13.09561]}}, {"type": "Feature", "properties": {}, "geometry": {"type": "Point", "coordinates": [77.57682, 13.09481]}}, {"type": "Feature", "properties": {}, "geometry": {"type": "Point", "coordinates": [77.57627, 13.09485]}}, {"type": "Feature", "properties": {}, "geometry": {"type": "Point", "coordinates": [77.57692, 13.09517]}}, {"type": "Feature", "properties": {}, "geometry": {"type": "Point", "coordinates": [77.57603, 13.0938]}}, {"type": "Feature", "properties": {}, "geometry": {"type": "Point", "coordinates": [77.57635, 13.09859]}}, {"type": "Feature", "properties": {}, "geometry": {"type": "Point", "coordinates": [77.5757, 13.09764]}}, {"type": "Feature", "properties": {}, "geometry": {"type": "Point", "coordinates": [77.57561, 13.09736]}}, {"type": "Feature", "properties": {}, "geometry": {"type": "Point", "coordinates": [77.57637, 13.09568]}}, {"type": "Feature", "properties": {}, "geometry": {"type": "Point", "coordinates": [77.57779, 13.09754]}}, {"type": "Feature", "properties": {}, "geometry": {"type": "Point", "coordinates": [77.57164, 13.09747]}}, {"type": "Feature", "properties": {}, "geometry": {"type": "Point", "coordinates": [77.58112, 13.0938]}}, {"type": "Feature", "properties": {}, "geometry": {"type": "Point", "coordinates": [77.57845, 13.09749]}}, {"type": "Feature", "properties": {}, "geometry": {"type": "Point", "coordinates": [77.58555, 13.09892]}}, {"type": "Feature", "properties": {}, "geometry": {"type": "Point", "coordinates": [77.59129, 13.07757]}}, {"type": "Feature", "properties": {}, "geometry": {"type": "Point", "coordinates": [77.59002, 13.07794]}}, {"type": "Feature", "properties": {}, "geometry": {"type": "Point", "coordinates": [77.56594, 13.11213]}}, {"type": "Feature", "properties": {}, "geometry": {"type": "Point", "coordinates": [77.56463, 13.1066]}}, {"type": "Feature", "properties": {}, "geometry": {"type": "Point", "coordinates": [77.5639, 13.1069]}}, {"type": "Feature", "properties": {}, "geometry": {"type": "Point", "coordinates": [77.56649, 13.10399]}}, {"type": "Feature", "properties": {}, "geometry": {"type": "Point", "coordinates": [77.56789, 13.10371]}}, {"type": "Feature", "properties": {}, "geometry": {"type": "Point", "coordinates": [77.57012, 13.10471]}}, {"type": "Feature", "properties": {}, "geometry": {"type": "Point", "coordinates": [77.57075, 13.10422]}}, {"type": "Feature", "properties": {}, "geometry": {"type": "Point", "coordinates": [77.57149, 13.10434]}}, {"type": "Feature", "properties": {}, "geometry": {"type": "Point", "coordinates": [77.57193, 13.1043]}}, {"type": "Feature", "properties": {}, "geometry": {"type": "Point", "coordinates": [77.57085, 13.10763]}}, {"type": "Feature", "properties": {}, "geometry": {"type": "Point", "coordinates": [77.57044, 13.10601]}}, {"type": "Feature", "properties": {}, "geometry": {"type": "Point", "coordinates": [77.57351, 13.10847]}}, {"type": "Feature", "properties": {}, "geometry": {"type": "Point", "coordinates": [77.57611, 13.10944]}}, {"type": "Feature", "properties": {}, "geometry": {"type": "Point", "coordinates": [77.57692, 13.1078]}}, {"type": "Feature", "properties": {}, "geometry": {"type": "Point", "coordinates": [77.57722, 13.10668]}}, {"type": "Feature", "properties": {}, "geometry": {"type": "Point", "coordinates": [77.57584, 13.10531]}}, {"type": "Feature", "properties": {}, "geometry": {"type": "Point", "coordinates": [77.57586, 13.10615]}}, {"type": "Feature", "properties": {}, "geometry": {"type": "Point", "coordinates": [77.56214, 13.10683]}}, {"type": "Feature", "properties": {}, "geometry": {"type": "Point", "coordinates": [77.5668, 13.10598]}}, {"type": "Feature", "properties": {}, "geometry": {"type": "Point", "coordinates": [77.57026, 13.10009]}}, {"type": "Feature", "properties": {}, "geometry": {"type": "Point", "coordinates": [77.5754, 13.1034]}}, {"type": "Feature", "properties": {}, "geometry": {"type": "Point", "coordinates": [77.57595, 13.10355]}}, {"type": "Feature", "properties": {}, "geometry": {"type": "Point", "coordinates": [77.56146, 13.09772]}}, {"type": "Feature", "properties": {}, "geometry": {"type": "Point", "coordinates": [77.57465, 13.10702]}}, {"type": "Feature", "properties": {}, "geometry": {"type": "Point", "coordinates": [77.57315, 13.10308]}}, {"type": "Feature", "properties": {}, "geometry": {"type": "Point", "coordinates": [77.57255, 13.1019]}}, {"type": "Feature", "properties": {}, "geometry": {"type": "Point", "coordinates": [77.56652, 13.10468]}}, {"type": "Feature", "properties": {}, "geometry": {"type": "Point", "coordinates": [77.5667, 13.10013]}}, {"type": "Feature", "properties": {}, "geometry": {"type": "Point", "coordinates": [77.56725, 13.10204]}}, {"type": "Feature", "properties": {}, "geometry": {"type": "Point", "coordinates": [77.51878, 13.05711]}}, {"type": "Feature", "properties": {}, "geometry": {"type": "Point", "coordinates": [77.51866, 13.05714]}}, {"type": "Feature", "properties": {}, "geometry": {"type": "Point", "coordinates": [77.51805, 13.0568]}}, {"type": "Feature", "properties": {}, "geometry": {"type": "Point", "coordinates": [77.51885, 13.0563]}}, {"type": "Feature", "properties": {}, "geometry": {"type": "Point", "coordinates": [77.51896, 13.05596]}}, {"type": "Feature", "properties": {}, "geometry": {"type": "Point", "coordinates": [77.5185, 13.05572]}}, {"type": "Feature", "properties": {}, "geometry": {"type": "Point", "coordinates": [77.51796, 13.05424]}}, {"type": "Feature", "properties": {}, "geometry": {"type": "Point", "coordinates": [77.51772, 13.05353]}}, {"type": "Feature", "properties": {}, "geometry": {"type": "Point", "coordinates": [77.5165, 13.05304]}}, {"type": "Feature", "properties": {}, "geometry": {"type": "Point", "coordinates": [77.51774, 13.04993]}}, {"type": "Feature", "properties": {}, "geometry": {"type": "Point", "coordinates": [77.51629, 13.05187]}}, {"type": "Feature", "properties": {}, "geometry": {"type": "Point", "coordinates": [77.51842, 13.05767]}}, {"type": "Feature", "properties": {}, "geometry": {"type": "Point", "coordinates": [77.51328, 13.05083]}}, {"type": "Feature", "properties": {}, "geometry": {"type": "Point", "coordinates": [77.51348, 13.05133]}}, {"type": "Feature", "properties": {}, "geometry": {"type": "Point", "coordinates": [77.51578, 13.05759]}}, {"type": "Feature", "properties": {}, "geometry": {"type": "Point", "coordinates": [77.50936, 13.0578]}}, {"type": "Feature", "properties": {}, "geometry": {"type": "Point", "coordinates": [77.51397, 13.05783]}}, {"type": "Feature", "properties": {}, "geometry": {"type": "Point", "coordinates": [77.51091, 13.05577]}}, {"type": "Feature", "properties": {}, "geometry": {"type": "Point", "coordinates": [77.51068, 13.05707]}}, {"type": "Feature", "properties": {}, "geometry": {"type": "Point", "coordinates": [77.5112, 13.0588]}}, {"type": "Feature", "properties": {}, "geometry": {"type": "Point", "coordinates": [77.51494, 13.05302]}}, {"type": "Feature", "properties": {}, "geometry": {"type": "Point", "coordinates": [77.60054, 13.02568]}}, {"type": "Feature", "properties": {}, "geometry": {"type": "Point", "coordinates": [77.60257, 13.02222]}}, {"type": "Feature", "properties": {}, "geometry": {"type": "Point", "coordinates": [77.60366, 13.02527]}}, {"type": "Feature", "properties": {}, "geometry": {"type": "Point", "coordinates": [77.60486, 13.02739]}}, {"type": "Feature", "properties": {}, "geometry": {"type": "Point", "coordinates": [77.60473, 13.02774]}}, {"type": "Feature", "properties": {}, "geometry": {"type": "Point", "coordinates": [77.60489, 13.02169]}}, {"type": "Feature", "properties": {}, "geometry": {"type": "Point", "coordinates": [77.60678, 13.02532]}}, {"type": "Feature", "properties": {}, "geometry": {"type": "Point", "coordinates": [77.60859, 13.02935]}}, {"type": "Feature", "properties": {}, "geometry": {"type": "Point", "coordinates": [77.60931, 13.03064]}}, {"type": "Feature", "properties": {}, "geometry": {"type": "Point", "coordinates": [77.60992, 13.03145]}}, {"type": "Feature", "properties": {}, "geometry": {"type": "Point", "coordinates": [77.61034, 13.03223]}}, {"type": "Feature", "properties": {}, "geometry": {"type": "Point", "coordinates": [77.61037, 13.03388]}}, {"type": "Feature", "properties": {}, "geometry": {"type": "Point", "coordinates": [77.61093, 13.03375]}}, {"type": "Feature", "properties": {}, "geometry": {"type": "Point", "coordinates": [77.60947, 13.03427]}}, {"type": "Feature", "properties": {}, "geometry": {"type": "Point", "coordinates": [77.60985, 13.03689]}}, {"type": "Feature", "properties": {}, "geometry": {"type": "Point", "coordinates": [77.6124, 13.03181]}}, {"type": "Feature", "properties": {}, "geometry": {"type": "Point", "coordinates": [77.61271, 13.03055]}}, {"type": "Feature", "properties": {}, "geometry": {"type": "Point", "coordinates": [77.61369, 13.02982]}}, {"type": "Feature", "properties": {}, "geometry": {"type": "Point", "coordinates": [77.6126, 13.0295]}}, {"type": "Feature", "properties": {}, "geometry": {"type": "Point", "coordinates": [77.6127, 13.02795]}}, {"type": "Feature", "properties": {}, "geometry": {"type": "Point", "coordinates": [77.60892, 13.02354]}}, {"type": "Feature", "properties": {}, "geometry": {"type": "Point", "coordinates": [77.60915, 13.02405]}}, {"type": "Feature", "properties": {}, "geometry": {"type": "Point", "coordinates": [77.60881, 13.02286]}}, {"type": "Feature", "properties": {}, "geometry": {"type": "Point", "coordinates": [77.60763, 13.02134]}}, {"type": "Feature", "properties": {}, "geometry": {"type": "Point", "coordinates": [77.60764, 13.01996]}}, {"type": "Feature", "properties": {}, "geometry": {"type": "Point", "coordinates": [77.60643, 13.02095]}}, {"type": "Feature", "properties": {}, "geometry": {"type": "Point", "coordinates": [77.60639, 13.02173]}}, {"type": "Feature", "properties": {}, "geometry": {"type": "Point", "coordinates": [77.53317, 13.05583]}}, {"type": "Feature", "properties": {}, "geometry": {"type": "Point", "coordinates": [77.53289, 13.05635]}}, {"type": "Feature", "properties": {}, "geometry": {"type": "Point", "coordinates": [77.53081, 13.06112]}}, {"type": "Feature", "properties": {}, "geometry": {"type": "Point", "coordinates": [77.53255, 13.05717]}}, {"type": "Feature", "properties": {}, "geometry": {"type": "Point", "coordinates": [77.53243, 13.05754]}}, {"type": "Feature", "properties": {}, "geometry": {"type": "Point", "coordinates": [77.53232, 13.05751]}}, {"type": "Feature", "properties": {}, "geometry": {"type": "Point", "coordinates": [77.52892, 13.06422]}}, {"type": "Feature", "properties": {}, "geometry": {"type": "Point", "coordinates": [77.52896, 13.06437]}}, {"type": "Feature", "properties": {}, "geometry": {"type": "Point", "coordinates": [77.53092, 13.06435]}}, {"type": "Feature", "properties": {}, "geometry": {"type": "Point", "coordinates": [77.52995, 13.0645]}}, {"type": "Feature", "properties": {}, "geometry": {"type": "Point", "coordinates": [77.5318, 13.06484]}}, {"type": "Feature", "properties": {}, "geometry": {"type": "Point", "coordinates": [77.53127, 13.06494]}}, {"type": "Feature", "properties": {}, "geometry": {"type": "Point", "coordinates": [77.53223, 13.06233]}}, {"type": "Feature", "properties": {}, "geometry": {"type": "Point", "coordinates": [77.53042, 13.0635]}}, {"type": "Feature", "properties": {}, "geometry": {"type": "Point", "coordinates": [77.52943, 13.06516]}}, {"type": "Feature", "properties": {}, "geometry": {"type": "Point", "coordinates": [77.53413, 13.05589]}}, {"type": "Feature", "properties": {}, "geometry": {"type": "Point", "coordinates": [77.53392, 13.05635]}}, {"type": "Feature", "properties": {}, "geometry": {"type": "Point", "coordinates": [77.53437, 13.05611]}}, {"type": "Feature", "properties": {}, "geometry": {"type": "Point", "coordinates": [77.53461, 13.05605]}}, {"type": "Feature", "properties": {}, "geometry": {"type": "Point", "coordinates": [77.53436, 13.05595]}}, {"type": "Feature", "properties": {}, "geometry": {"type": "Point", "coordinates": [77.53467, 13.05592]}}, {"type": "Feature", "properties": {}, "geometry": {"type": "Point", "coordinates": [77.53511, 13.05608]}}, {"type": "Feature", "properties": {}, "geometry": {"type": "Point", "coordinates": [77.53276, 13.05716]}}, {"type": "Feature", "properties": {}, "geometry": {"type": "Point", "coordinates": [77.53362, 13.0601]}}, {"type": "Feature", "properties": {}, "geometry": {"type": "Point", "coordinates": [77.53325, 13.05966]}}, {"type": "Feature", "properties": {}, "geometry": {"type": "Point", "coordinates": [77.53361, 13.05874]}}, {"type": "Feature", "properties": {}, "geometry": {"type": "Point", "coordinates": [77.53361, 13.05895]}}, {"type": "Feature", "properties": {}, "geometry": {"type": "Point", "coordinates": [77.53343, 13.05712]}}, {"type": "Feature", "properties": {}, "geometry": {"type": "Point", "coordinates": [77.53375, 13.05703]}}, {"type": "Feature", "properties": {}, "geometry": {"type": "Point", "coordinates": [77.53246, 13.05864]}}, {"type": "Feature", "properties": {}, "geometry": {"type": "Point", "coordinates": [77.53253, 13.05883]}}, {"type": "Feature", "properties": {}, "geometry": {"type": "Point", "coordinates": [77.53446, 13.0628]}}, {"type": "Feature", "properties": {}, "geometry": {"type": "Point", "coordinates": [77.53444, 13.06311]}}, {"type": "Feature", "properties": {}, "geometry": {"type": "Point", "coordinates": [77.53361, 13.06202]}}, {"type": "Feature", "properties": {}, "geometry": {"type": "Point", "coordinates": [77.53341, 13.06176]}}, {"type": "Feature", "properties": {}, "geometry": {"type": "Point", "coordinates": [77.53364, 13.06144]}}, {"type": "Feature", "properties": {}, "geometry": {"type": "Point", "coordinates": [77.53356, 13.06077]}}, {"type": "Feature", "properties": {}, "geometry": {"type": "Point", "coordinates": [77.53319, 13.06087]}}, {"type": "Feature", "properties": {}, "geometry": {"type": "Point", "coordinates": [77.5318, 13.06113]}}, {"type": "Feature", "properties": {}, "geometry": {"type": "Point", "coordinates": [77.53168, 13.06069]}}, {"type": "Feature", "properties": {}, "geometry": {"type": "Point", "coordinates": [77.53213, 13.0606]}}, {"type": "Feature", "properties": {}, "geometry": {"type": "Point", "coordinates": [77.53129, 13.06176]}}, {"type": "Feature", "properties": {}, "geometry": {"type": "Point", "coordinates": [77.53102, 13.06315]}}, {"type": "Feature", "properties": {}, "geometry": {"type": "Point", "coordinates": [77.5305, 13.0648]}}, {"type": "Feature", "properties": {}, "geometry": {"type": "Point", "coordinates": [77.52988, 13.06484]}}, {"type": "Feature", "properties": {}, "geometry": {"type": "Point", "coordinates": [77.53026, 13.06511]}}, {"type": "Feature", "properties": {}, "geometry": {"type": "Point", "coordinates": [77.52956, 13.06572]}}, {"type": "Feature", "properties": {}, "geometry": {"type": "Point", "coordinates": [77.531, 13.06497]}}, {"type": "Feature", "properties": {}, "geometry": {"type": "Point", "coordinates": [77.52911, 13.06653]}}, {"type": "Feature", "properties": {}, "geometry": {"type": "Point", "coordinates": [77.52753, 13.06487]}}, {"type": "Feature", "properties": {}, "geometry": {"type": "Point", "coordinates": [77.52812, 13.06465]}}, {"type": "Feature", "properties": {}, "geometry": {"type": "Point", "coordinates": [77.53224, 13.06754]}}, {"type": "Feature", "properties": {}, "geometry": {"type": "Point", "coordinates": [77.53256, 13.06742]}}, {"type": "Feature", "properties": {}, "geometry": {"type": "Point", "coordinates": [77.53367, 13.06707]}}, {"type": "Feature", "properties": {}, "geometry": {"type": "Point", "coordinates": [77.52777, 13.06424]}}, {"type": "Feature", "properties": {}, "geometry": {"type": "Point", "coordinates": [77.52948, 13.06362]}}, {"type": "Feature", "properties": {}, "geometry": {"type": "Point", "coordinates": [77.52889, 13.06374]}}, {"type": "Feature", "properties": {}, "geometry": {"type": "Point", "coordinates": [77.52747, 13.06591]}}, {"type": "Feature", "properties": {}, "geometry": {"type": "Point", "coordinates": [77.5274, 13.06717]}}, {"type": "Feature", "properties": {}, "geometry": {"type": "Point", "coordinates": [77.52403, 13.06514]}}, {"type": "Feature", "properties": {}, "geometry": {"type": "Point", "coordinates": [77.52309, 13.06593]}}, {"type": "Feature", "properties": {}, "geometry": {"type": "Point", "coordinates": [77.52847, 13.0463]}}, {"type": "Feature", "properties": {}, "geometry": {"type": "Point", "coordinates": [77.52978, 13.04642]}}, {"type": "Feature", "properties": {}, "geometry": {"type": "Point", "coordinates": [77.52738, 13.04607]}}, {"type": "Feature", "properties": {}, "geometry": {"type": "Point", "coordinates": [77.52832, 13.04643]}}, {"type": "Feature", "properties": {}, "geometry": {"type": "Point", "coordinates": [77.52713, 13.04686]}}, {"type": "Feature", "properties": {}, "geometry": {"type": "Point", "coordinates": [77.5297, 13.04737]}}, {"type": "Feature", "properties": {}, "geometry": {"type": "Point", "coordinates": [77.52846, 13.04731]}}, {"type": "Feature", "properties": {}, "geometry": {"type": "Point", "coordinates": [77.5266, 13.04591]}}, {"type": "Feature", "properties": {}, "geometry": {"type": "Point", "coordinates": [77.52626, 13.04601]}}, {"type": "Feature", "properties": {}, "geometry": {"type": "Point", "coordinates": [77.5261, 13.04629]}}, {"type": "Feature", "properties": {}, "geometry": {"type": "Point", "coordinates": [77.52776, 13.04583]}}, {"type": "Feature", "properties": {}, "geometry": {"type": "Point", "coordinates": [77.52795, 13.04615]}}, {"type": "Feature", "properties": {}, "geometry": {"type": "Point", "coordinates": [77.5301, 13.04754]}}, {"type": "Feature", "properties": {}, "geometry": {"type": "Point", "coordinates": [77.53308, 13.05275]}}, {"type": "Feature", "properties": {}, "geometry": {"type": "Point", "coordinates": [77.53203, 13.05293]}}, {"type": "Feature", "properties": {}, "geometry": {"type": "Point", "coordinates": [77.53196, 13.05272]}}, {"type": "Feature", "properties": {}, "geometry": {"type": "Point", "coordinates": [77.53227, 13.05254]}}, {"type": "Feature", "properties": {}, "geometry": {"type": "Point", "coordinates": [77.54811, 13.04453]}}, {"type": "Feature", "properties": {}, "geometry": {"type": "Point", "coordinates": [77.54858, 13.0437]}}, {"type": "Feature", "properties": {}, "geometry": {"type": "Point", "coordinates": [77.54913, 13.04363]}}, {"type": "Feature", "properties": {}, "geometry": {"type": "Point", "coordinates": [77.54963, 13.04268]}}, {"type": "Feature", "properties": {}, "geometry": {"type": "Point", "coordinates": [77.55084, 13.04376]}}, {"type": "Feature", "properties": {}, "geometry": {"type": "Point", "coordinates": [77.55101, 13.04415]}}, {"type": "Feature", "properties": {}, "geometry": {"type": "Point", "coordinates": [77.55, 13.04526]}}, {"type": "Feature", "properties": {}, "geometry": {"type": "Point", "coordinates": [77.55004, 13.04548]}}, {"type": "Feature", "properties": {}, "geometry": {"type": "Point", "coordinates": [77.55008, 13.04698]}}, {"type": "Feature", "properties": {}, "geometry": {"type": "Point", "coordinates": [77.54976, 13.04575]}}, {"type": "Feature", "properties": {}, "geometry": {"type": "Point", "coordinates": [77.54944, 13.04747]}}, {"type": "Feature", "properties": {}, "geometry": {"type": "Point", "coordinates": [77.54942, 13.04825]}}, {"type": "Feature", "properties": {}, "geometry": {"type": "Point", "coordinates": [77.54921, 13.04836]}}, {"type": "Feature", "properties": {}, "geometry": {"type": "Point", "coordinates": [77.54936, 13.04844]}}, {"type": "Feature", "properties": {}, "geometry": {"type": "Point", "coordinates": [77.54695, 13.04866]}}, {"type": "Feature", "properties": {}, "geometry": {"type": "Point", "coordinates": [77.54636, 13.04869]}}, {"type": "Feature", "properties": {}, "geometry": {"type": "Point", "coordinates": [77.54651, 13.04853]}}, {"type": "Feature", "properties": {}, "geometry": {"type": "Point", "coordinates": [77.54967, 13.04814]}}, {"type": "Feature", "properties": {}, "geometry": {"type": "Point", "coordinates": [77.54768, 13.04912]}}, {"type": "Feature", "properties": {}, "geometry": {"type": "Point", "coordinates": [77.54534, 13.04874]}}, {"type": "Feature", "properties": {}, "geometry": {"type": "Point", "coordinates": [77.54601, 13.04889]}}, {"type": "Feature", "properties": {}, "geometry": {"type": "Point", "coordinates": [77.54398, 13.04695]}}, {"type": "Feature", "properties": {}, "geometry": {"type": "Point", "coordinates": [77.54967, 13.04901]}}, {"type": "Feature", "properties": {}, "geometry": {"type": "Point", "coordinates": [77.54871, 13.0472]}}, {"type": "Feature", "properties": {}, "geometry": {"type": "Point", "coordinates": [77.54544, 13.04821]}}, {"type": "Feature", "properties": {}, "geometry": {"type": "Point", "coordinates": [77.53646, 13.05154]}}, {"type": "Feature", "properties": {}, "geometry": {"type": "Point", "coordinates": [77.54375, 13.0461]}}, {"type": "Feature", "properties": {}, "geometry": {"type": "Point", "coordinates": [77.54499, 13.04556]}}, {"type": "Feature", "properties": {}, "geometry": {"type": "Point", "coordinates": [77.54635, 13.04598]}}, {"type": "Feature", "properties": {}, "geometry": {"type": "Point", "coordinates": [77.54681, 13.04654]}}, {"type": "Feature", "properties": {}, "geometry": {"type": "Point", "coordinates": [77.54792, 13.04537]}}, {"type": "Feature", "properties": {}, "geometry": {"type": "Point", "coordinates": [77.5488, 13.04692]}}, {"type": "Feature", "properties": {}, "geometry": {"type": "Point", "coordinates": [77.54895, 13.04654]}}, {"type": "Feature", "properties": {}, "geometry": {"type": "Point", "coordinates": [77.54921, 13.04836]}}, {"type": "Feature", "properties": {}, "geometry": {"type": "Point", "coordinates": [77.54735, 13.04677]}}, {"type": "Feature", "properties": {}, "geometry": {"type": "Point", "coordinates": [77.5473, 13.04665]}}, {"type": "Feature", "properties": {}, "geometry": {"type": "Point", "coordinates": [77.54813, 13.04604]}}, {"type": "Feature", "properties": {}, "geometry": {"type": "Point", "coordinates": [77.54578, 13.04324]}}, {"type": "Feature", "properties": {}, "geometry": {"type": "Point", "coordinates": [77.54678, 13.04266]}}, {"type": "Feature", "properties": {}, "geometry": {"type": "Point", "coordinates": [77.54471, 13.0443]}}, {"type": "Feature", "properties": {}, "geometry": {"type": "Point", "coordinates": [77.54581, 13.04381]}}, {"type": "Feature", "properties": {}, "geometry": {"type": "Point", "coordinates": [77.61048, 13.11117]}}, {"type": "Feature", "properties": {}, "geometry": {"type": "Point", "coordinates": [77.61148, 13.10996]}}, {"type": "Feature", "properties": {}, "geometry": {"type": "Point", "coordinates": [77.60714, 13.10965]}}, {"type": "Feature", "properties": {}, "geometry": {"type": "Point", "coordinates": [77.60775, 13.10993]}}, {"type": "Feature", "properties": {}, "geometry": {"type": "Point", "coordinates": [77.60869, 13.10998]}}, {"type": "Feature", "properties": {}, "geometry": {"type": "Point", "coordinates": [77.57095, 13.04254]}}, {"type": "Feature", "properties": {}, "geometry": {"type": "Point", "coordinates": [77.57173, 13.0421]}}, {"type": "Feature", "properties": {}, "geometry": {"type": "Point", "coordinates": [77.57179, 13.04209]}}, {"type": "Feature", "properties": {}, "geometry": {"type": "Point", "coordinates": [77.57077, 13.04204]}}, {"type": "Feature", "properties": {}, "geometry": {"type": "Point", "coordinates": [77.57176, 13.0418]}}, {"type": "Feature", "properties": {}, "geometry": {"type": "Point", "coordinates": [77.57374, 13.03947]}}, {"type": "Feature", "properties": {}, "geometry": {"type": "Point", "coordinates": [77.57211, 13.04097]}}, {"type": "Feature", "properties": {}, "geometry": {"type": "Point", "coordinates": [77.57138, 13.04035]}}, {"type": "Feature", "properties": {}, "geometry": {"type": "Point", "coordinates": [77.57222, 13.03921]}}, {"type": "Feature", "properties": {}, "geometry": {"type": "Point", "coordinates": [77.57133, 13.03912]}}, {"type": "Feature", "properties": {}, "geometry": {"type": "Point", "coordinates": [77.5717, 13.03729]}}, {"type": "Feature", "properties": {}, "geometry": {"type": "Point", "coordinates": [77.57565, 13.03327]}}, {"type": "Feature", "properties": {}, "geometry": {"type": "Point", "coordinates": [77.5708, 13.04521]}}, {"type": "Feature", "properties": {}, "geometry": {"type": "Point", "coordinates": [77.57197, 13.03107]}}, {"type": "Feature", "properties": {}, "geometry": {"type": "Point", "coordinates": [77.56952, 13.04576]}}, {"type": "Feature", "properties": {}, "geometry": {"type": "Point", "coordinates": [77.56882, 13.04438]}}, {"type": "Feature", "properties": {}, "geometry": {"type": "Point", "coordinates": [77.56543, 13.04521]}}, {"type": "Feature", "properties": {}, "geometry": {"type": "Point", "coordinates": [77.5638, 13.04294]}}, {"type": "Feature", "properties": {}, "geometry": {"type": "Point", "coordinates": [77.56399, 13.04094]}}, {"type": "Feature", "properties": {}, "geometry": {"type": "Point", "coordinates": [77.56453, 13.04481]}}, {"type": "Feature", "properties": {}, "geometry": {"type": "Point", "coordinates": [77.5645, 13.04521]}}, {"type": "Feature", "properties": {}, "geometry": {"type": "Point", "coordinates": [77.56427, 13.0452]}}, {"type": "Feature", "properties": {}, "geometry": {"type": "Point", "coordinates": [77.56817, 13.03816]}}, {"type": "Feature", "properties": {}, "geometry": {"type": "Point", "coordinates": [77.57842, 13.0292]}}, {"type": "Feature", "properties": {}, "geometry": {"type": "Point", "coordinates": [77.56963, 13.04514]}}, {"type": "Feature", "properties": {}, "geometry": {"type": "Point", "coordinates": [77.55095, 13.03986]}}, {"type": "Feature", "properties": {}, "geometry": {"type": "Point", "coordinates": [77.55112, 13.03956]}}, {"type": "Feature", "properties": {}, "geometry": {"type": "Point", "coordinates": [77.55126, 13.04036]}}, {"type": "Feature", "properties": {}, "geometry": {"type": "Point", "coordinates": [77.55239, 13.04167]}}, {"type": "Feature", "properties": {}, "geometry": {"type": "Point", "coordinates": [77.55243, 13.04229]}}, {"type": "Feature", "properties": {}, "geometry": {"type": "Point", "coordinates": [77.55037, 13.04117]}}, {"type": "Feature", "properties": {}, "geometry": {"type": "Point", "coordinates": [77.54881, 13.04131]}}, {"type": "Feature", "properties": {}, "geometry": {"type": "Point", "coordinates": [77.54876, 13.04095]}}, {"type": "Feature", "properties": {}, "geometry": {"type": "Point", "coordinates": [77.55036, 13.039]}}, {"type": "Feature", "properties": {}, "geometry": {"type": "Point", "coordinates": [77.55068, 13.03891]}}, {"type": "Feature", "properties": {}, "geometry": {"type": "Point", "coordinates": [77.54817, 13.03658]}}, {"type": "Feature", "properties": {}, "geometry": {"type": "Point", "coordinates": [77.55118, 13.02969]}}, {"type": "Feature", "properties": {}, "geometry": {"type": "Point", "coordinates": [77.55232, 13.03865]}}, {"type": "Feature", "properties": {}, "geometry": {"type": "Point", "coordinates": [77.55066, 13.0302]}}, {"type": "Feature", "properties": {}, "geometry": {"type": "Point", "coordinates": [77.55079, 13.03048]}}, {"type": "Feature", "properties": {}, "geometry": {"type": "Point", "coordinates": [77.54982, 13.02893]}}, {"type": "Feature", "properties": {}, "geometry": {"type": "Point", "coordinates": [77.54941, 13.03075]}}, {"type": "Feature", "properties": {}, "geometry": {"type": "Point", "coordinates": [77.5494, 13.03088]}}, {"type": "Feature", "properties": {}, "geometry": {"type": "Point", "coordinates": [77.54992, 13.02827]}}, {"type": "Feature", "properties": {}, "geometry": {"type": "Point", "coordinates": [77.55012, 13.02801]}}, {"type": "Feature", "properties": {}, "geometry": {"type": "Point", "coordinates": [77.54941, 13.0295]}}, {"type": "Feature", "properties": {}, "geometry": {"type": "Point", "coordinates": [77.54972, 13.02958]}}, {"type": "Feature", "properties": {}, "geometry": {"type": "Point", "coordinates": [77.5509, 13.03149]}}, {"type": "Feature", "properties": {}, "geometry": {"type": "Point", "coordinates": [77.5509, 13.03149]}}, {"type": "Feature", "properties": {}, "geometry": {"type": "Point", "coordinates": [77.55185, 13.03103]}}, {"type": "Feature", "properties": {}, "geometry": {"type": "Point", "coordinates": [77.5566, 13.03455]}}, {"type": "Feature", "properties": {}, "geometry": {"type": "Point", "coordinates": [77.55165, 13.03083]}}, {"type": "Feature", "properties": {}, "geometry": {"type": "Point", "coordinates": [77.55624, 13.03444]}}, {"type": "Feature", "properties": {}, "geometry": {"type": "Point", "coordinates": [77.55735, 13.03639]}}, {"type": "Feature", "properties": {}, "geometry": {"type": "Point", "coordinates": [77.55322, 13.04004]}}, {"type": "Feature", "properties": {}, "geometry": {"type": "Point", "coordinates": [77.55384, 13.04141]}}, {"type": "Feature", "properties": {}, "geometry": {"type": "Point", "coordinates": [77.55341, 13.03899]}}, {"type": "Feature", "properties": {}, "geometry": {"type": "Point", "coordinates": [77.5499, 13.04117]}}, {"type": "Feature", "properties": {}, "geometry": {"type": "Point", "coordinates": [77.61015, 13.12272]}}, {"type": "Feature", "properties": {}, "geometry": {"type": "Point", "coordinates": [77.61058, 13.12268]}}, {"type": "Feature", "properties": {}, "geometry": {"type": "Point", "coordinates": [77.60007, 13.11575]}}, {"type": "Feature", "properties": {}, "geometry": {"type": "Point", "coordinates": [77.60065, 13.11546]}}, {"type": "Feature", "properties": {}, "geometry": {"type": "Point", "coordinates": [77.60481, 13.10205]}}, {"type": "Feature", "properties": {}, "geometry": {"type": "Point", "coordinates": [77.60444, 13.10276]}}, {"type": "Feature", "properties": {}, "geometry": {"type": "Point", "coordinates": [77.60524, 13.10273]}}, {"type": "Feature", "properties": {}, "geometry": {"type": "Point", "coordinates": [77.60489, 13.10349]}}, {"type": "Feature", "properties": {}, "geometry": {"type": "Point", "coordinates": [77.60376, 13.10373]}}, {"type": "Feature", "properties": {}, "geometry": {"type": "Point", "coordinates": [77.60505, 13.10453]}}, {"type": "Feature", "properties": {}, "geometry": {"type": "Point", "coordinates": [77.60731, 13.10379]}}, {"type": "Feature", "properties": {}, "geometry": {"type": "Point", "coordinates": [77.61055, 13.10508]}}, {"type": "Feature", "properties": {}, "geometry": {"type": "Point", "coordinates": [77.61098, 13.10587]}}, {"type": "Feature", "properties": {}, "geometry": {"type": "Point", "coordinates": [77.61182, 13.10455]}}, {"type": "Feature", "properties": {}, "geometry": {"type": "Point", "coordinates": [77.61324, 13.10419]}}, {"type": "Feature", "properties": {}, "geometry": {"type": "Point", "coordinates": [77.6081, 13.10763]}}, {"type": "Feature", "properties": {}, "geometry": {"type": "Point", "coordinates": [77.6093, 13.10811]}}, {"type": "Feature", "properties": {}, "geometry": {"type": "Point", "coordinates": [77.60613, 13.1087]}}, {"type": "Feature", "properties": {}, "geometry": {"type": "Point", "coordinates": [77.60718, 13.11098]}}, {"type": "Feature", "properties": {}, "geometry": {"type": "Point", "coordinates": [77.60629, 13.1114]}}, {"type": "Feature", "properties": {}, "geometry": {"type": "Point", "coordinates": [77.60855, 13.11388]}}, {"type": "Feature", "properties": {}, "geometry": {"type": "Point", "coordinates": [77.59511, 13.09726]}}, {"type": "Feature", "properties": {}, "geometry": {"type": "Point", "coordinates": [77.5953, 13.09843]}}, {"type": "Feature", "properties": {}, "geometry": {"type": "Point", "coordinates": [77.59561, 13.09832]}}, {"type": "Feature", "properties": {}, "geometry": {"type": "Point", "coordinates": [77.59422, 13.0992]}}, {"type": "Feature", "properties": {}, "geometry": {"type": "Point", "coordinates": [77.59525, 13.09935]}}, {"type": "Feature", "properties": {}, "geometry": {"type": "Point", "coordinates": [77.59633, 13.09834]}}, {"type": "Feature", "properties": {}, "geometry": {"type": "Point", "coordinates": [77.59624, 13.10011]}}, {"type": "Feature", "properties": {}, "geometry": {"type": "Point", "coordinates": [77.59643, 13.10114]}}, {"type": "Feature", "properties": {}, "geometry": {"type": "Point", "coordinates": [77.59782, 13.10127]}}, {"type": "Feature", "properties": {}, "geometry": {"type": "Point", "coordinates": [77.59814, 13.10246]}}, {"type": "Feature", "properties": {}, "geometry": {"type": "Point", "coordinates": [77.59801, 13.09877]}}, {"type": "Feature", "properties": {}, "geometry": {"type": "Point", "coordinates": [77.59867, 13.09811]}}, {"type": "Feature", "properties": {}, "geometry": {"type": "Point", "coordinates": [77.59794, 13.09787]}}, {"type": "Feature", "properties": {}, "geometry": {"type": "Point", "coordinates": [77.59855, 13.0997]}}, {"type": "Feature", "properties": {}, "geometry": {"type": "Point", "coordinates": [77.59968, 13.09863]}}, {"type": "Feature", "properties": {}, "geometry": {"type": "Point", "coordinates": [77.60269, 13.09344]}}, {"type": "Feature", "properties": {}, "geometry": {"type": "Point", "coordinates": [77.59911, 13.09311]}}, {"type": "Feature", "properties": {}, "geometry": {"type": "Point", "coordinates": [77.60046, 13.09308]}}, {"type": "Feature", "properties": {}, "geometry": {"type": "Point", "coordinates": [77.59967, 13.09254]}}, {"type": "Feature", "properties": {}, "geometry": {"type": "Point", "coordinates": [77.60093, 13.09264]}}, {"type": "Feature", "properties": {}, "geometry": {"type": "Point", "coordinates": [77.59993, 13.09068]}}, {"type": "Feature", "properties": {}, "geometry": {"type": "Point", "coordinates": [77.60316, 13.08963]}}, {"type": "Feature", "properties": {}, "geometry": {"type": "Point", "coordinates": [77.60274, 13.08947]}}, {"type": "Feature", "properties": {}, "geometry": {"type": "Point", "coordinates": [77.6062, 13.08772]}}, {"type": "Feature", "properties": {}, "geometry": {"type": "Point", "coordinates": [77.59322, 13.0968]}}, {"type": "Feature", "properties": {}, "geometry": {"type": "Point", "coordinates": [77.59268, 13.10637]}}, {"type": "Feature", "properties": {}, "geometry": {"type": "Point", "coordinates": [77.59287, 13.10626]}}, {"type": "Feature", "properties": {}, "geometry": {"type": "Point", "coordinates": [77.5924, 13.10725]}}, {"type": "Feature", "properties": {}, "geometry": {"type": "Point", "coordinates": [77.59186, 13.10669]}}, {"type": "Feature", "properties": {}, "geometry": {"type": "Point", "coordinates": [77.59235, 13.10631]}}, {"type": "Feature", "properties": {}, "geometry": {"type": "Point", "coordinates": [77.59391, 13.10722]}}, {"type": "Feature", "properties": {}, "geometry": {"type": "Point", "coordinates": [77.59342, 13.10675]}}, {"type": "Feature", "properties": {}, "geometry": {"type": "Point", "coordinates": [77.59437, 13.10658]}}, {"type": "Feature", "properties": {}, "geometry": {"type": "Point", "coordinates": [77.5955, 13.10687]}}, {"type": "Feature", "properties": {}, "geometry": {"type": "Point", "coordinates": [77.59522, 13.10601]}}, {"type": "Feature", "properties": {}, "geometry": {"type": "Point", "coordinates": [77.59322, 13.10546]}}, {"type": "Feature", "properties": {}, "geometry": {"type": "Point", "coordinates": [77.59335, 13.10437]}}, {"type": "Feature", "properties": {}, "geometry": {"type": "Point", "coordinates": [77.59541, 13.1046]}}, {"type": "Feature", "properties": {}, "geometry": {"type": "Point", "coordinates": [77.59573, 13.10528]}}, {"type": "Feature", "properties": {}, "geometry": {"type": "Point", "coordinates": [77.59617, 13.10423]}}, {"type": "Feature", "properties": {}, "geometry": {"type": "Point", "coordinates": [77.59559, 13.10439]}}, {"type": "Feature", "properties": {}, "geometry": {"type": "Point", "coordinates": [77.59711, 13.10461]}}, {"type": "Feature", "properties": {}, "geometry": {"type": "Point", "coordinates": [77.59687, 13.10548]}}, {"type": "Feature", "properties": {}, "geometry": {"type": "Point", "coordinates": [77.59742, 13.10403]}}, {"type": "Feature", "properties": {}, "geometry": {"type": "Point", "coordinates": [77.59642, 13.10354]}}, {"type": "Feature", "properties": {}, "geometry": {"type": "Point", "coordinates": [77.59544, 13.10375]}}, {"type": "Feature", "properties": {}, "geometry": {"type": "Point", "coordinates": [77.59481, 13.10278]}}, {"type": "Feature", "properties": {}, "geometry": {"type": "Point", "coordinates": [77.59385, 13.1025]}}, {"type": "Feature", "properties": {}, "geometry": {"type": "Point", "coordinates": [77.5928, 13.09826]}}, {"type": "Feature", "properties": {}, "geometry": {"type": "Point", "coordinates": [77.58737, 13.10413]}}, {"type": "Feature", "properties": {}, "geometry": {"type": "Point", "coordinates": [77.58015, 13.11086]}}, {"type": "Feature", "properties": {}, "geometry": {"type": "Point", "coordinates": [77.5807, 13.11048]}}, {"type": "Feature", "properties": {}, "geometry": {"type": "Point", "coordinates": [77.58224, 13.11033]}}, {"type": "Feature", "properties": {}, "geometry": {"type": "Point", "coordinates": [77.57873, 13.11339]}}, {"type": "Feature", "properties": {}, "geometry": {"type": "Point", "coordinates": [77.57837, 13.11367]}}, {"type": "Feature", "properties": {}, "geometry": {"type": "Point", "coordinates": [77.58626, 13.11558]}}, {"type": "Feature", "properties": {}, "geometry": {"type": "Point", "coordinates": [77.59969, 13.1037]}}, {"type": "Feature", "properties": {}, "geometry": {"type": "Point", "coordinates": [77.59885, 13.10431]}}, {"type": "Feature", "properties": {}, "geometry": {"type": "Point", "coordinates": [77.5714, 13.04302]}}, {"type": "Feature", "properties": {}, "geometry": {"type": "Point", "coordinates": [77.57042, 13.03565]}}, {"type": "Feature", "properties": {}, "geometry": {"type": "Point", "coordinates": [77.56799, 13.04521]}}, {"type": "Feature", "properties": {}, "geometry": {"type": "Point", "coordinates": [77.56746, 13.04555]}}, {"type": "Feature", "properties": {}, "geometry": {"type": "Point", "coordinates": [77.57348, 13.04637]}}, {"type": "Feature", "properties": {}, "geometry": {"type": "Point", "coordinates": [77.57297, 13.04647]}}, {"type": "Feature", "properties": {}, "geometry": {"type": "Point", "coordinates": [77.57564, 13.04514]}}, {"type": "Feature", "properties": {}, "geometry": {"type": "Point", "coordinates": [77.57526, 13.04475]}}, {"type": "Feature", "properties": {}, "geometry": {"type": "Point", "coordinates": [77.57546, 13.04428]}}, {"type": "Feature", "properties": {}, "geometry": {"type": "Point", "coordinates": [77.57378, 13.04307]}}, {"type": "Feature", "properties": {}, "geometry": {"type": "Point", "coordinates": [77.57737, 13.03052]}}, {"type": "Feature", "properties": {}, "geometry": {"type": "Point", "coordinates": [77.57754, 13.03052]}}, {"type": "Feature", "properties": {}, "geometry": {"type": "Point", "coordinates": [77.57807, 13.02912]}}, {"type": "Feature", "properties": {}, "geometry": {"type": "Point", "coordinates": [77.57704, 13.02994]}}, {"type": "Feature", "properties": {}, "geometry": {"type": "Point", "coordinates": [77.57747, 13.02971]}}, {"type": "Feature", "properties": {}, "geometry": {"type": "Point", "coordinates": [77.5772, 13.02968]}}, {"type": "Feature", "properties": {}, "geometry": {"type": "Point", "coordinates": [77.57893, 13.02539]}}, {"type": "Feature", "properties": {}, "geometry": {"type": "Point", "coordinates": [77.57974, 13.02529]}}, {"type": "Feature", "properties": {}, "geometry": {"type": "Point", "coordinates": [77.57928, 13.02536]}}, {"type": "Feature", "properties": {}, "geometry": {"type": "Point", "coordinates": [77.57879, 13.02524]}}, {"type": "Feature", "properties": {}, "geometry": {"type": "Point", "coordinates": [77.57887, 13.02514]}}, {"type": "Feature", "properties": {}, "geometry": {"type": "Point", "coordinates": [77.57886, 13.02504]}}, {"type": "Feature", "properties": {}, "geometry": {"type": "Point", "coordinates": [77.56739, 13.03875]}}, {"type": "Feature", "properties": {}, "geometry": {"type": "Point", "coordinates": [77.5709, 13.04378]}}, {"type": "Feature", "properties": {}, "geometry": {"type": "Point", "coordinates": [77.57099, 13.04377]}}, {"type": "Feature", "properties": {}, "geometry": {"type": "Point", "coordinates": [77.56454, 13.04452]}}, {"type": "Feature", "properties": {}, "geometry": {"type": "Point", "coordinates": [77.57485, 13.0336]}}, {"type": "Feature", "properties": {}, "geometry": {"type": "Point", "coordinates": [77.55512, 13.02834]}}, {"type": "Feature", "properties": {}, "geometry": {"type": "Point", "coordinates": [77.55421, 13.02525]}}, {"type": "Feature", "properties": {}, "geometry": {"type": "Point", "coordinates": [77.55497, 13.02784]}}, {"type": "Feature", "properties": {}, "geometry": {"type": "Point", "coordinates": [77.55477, 13.0275]}}, {"type": "Feature", "properties": {}, "geometry": {"type": "Point", "coordinates": [77.55629, 13.0278]}}, {"type": "Feature", "properties": {}, "geometry": {"type": "Point", "coordinates": [77.55381, 13.02792]}}, {"type": "Feature", "properties": {}, "geometry": {"type": "Point", "coordinates": [77.55775, 13.02675]}}, {"type": "Feature", "properties": {}, "geometry": {"type": "Point", "coordinates": [77.55717, 13.02449]}}, {"type": "Feature", "properties": {}, "geometry": {"type": "Point", "coordinates": [77.55635, 13.02475]}}, {"type": "Feature", "properties": {}, "geometry": {"type": "Point", "coordinates": [77.55584, 13.02457]}}, {"type": "Feature", "properties": {}, "geometry": {"type": "Point", "coordinates": [77.55615, 13.02447]}}, {"type": "Feature", "properties": {}, "geometry": {"type": "Point", "coordinates": [77.55643, 13.02438]}}, {"type": "Feature", "properties": {}, "geometry": {"type": "Point", "coordinates": [77.55681, 13.02426]}}, {"type": "Feature", "properties": {}, "geometry": {"type": "Point", "coordinates": [77.55506, 13.02286]}}, {"type": "Feature", "properties": {}, "geometry": {"type": "Point", "coordinates": [77.55615, 13.02244]}}, {"type": "Feature", "properties": {}, "geometry": {"type": "Point", "coordinates": [77.55463, 13.02501]}}, {"type": "Feature", "properties": {}, "geometry": {"type": "Point", "coordinates": [77.55452, 13.0262]}}, {"type": "Feature", "properties": {}, "geometry": {"type": "Point", "coordinates": [77.55453, 13.02657]}}, {"type": "Feature", "properties": {}, "geometry": {"type": "Point", "coordinates": [77.55407, 13.02455]}}, {"type": "Feature", "properties": {}, "geometry": {"type": "Point", "coordinates": [77.55303, 13.02878]}}, {"type": "Feature", "properties": {}, "geometry": {"type": "Point", "coordinates": [77.55126, 13.02836]}}, {"type": "Feature", "properties": {}, "geometry": {"type": "Point", "coordinates": [77.55421, 13.02525]}}, {"type": "Feature", "properties": {}, "geometry": {"type": "Point", "coordinates": [77.5524, 13.02409]}}, {"type": "Feature", "properties": {}, "geometry": {"type": "Point", "coordinates": [77.55282, 13.0241]}}, {"type": "Feature", "properties": {}, "geometry": {"type": "Point", "coordinates": [77.5524, 13.02409]}}, {"type": "Feature", "properties": {}, "geometry": {"type": "Point", "coordinates": [77.55213, 13.02427]}}, {"type": "Feature", "properties": {}, "geometry": {"type": "Point", "coordinates": [77.55512, 13.02834]}}, {"type": "Feature", "properties": {}, "geometry": {"type": "Point", "coordinates": [77.55432, 13.01884]}}, {"type": "Feature", "properties": {}, "geometry": {"type": "Point", "coordinates": [77.55475, 13.01888]}}, {"type": "Feature", "properties": {}, "geometry": {"type": "Point", "coordinates": [77.55468, 13.0186]}}, {"type": "Feature", "properties": {}, "geometry": {"type": "Point", "coordinates": [77.55474, 13.01832]}}, {"type": "Feature", "properties": {}, "geometry": {"type": "Point", "coordinates": [77.55386, 13.02943]}}, {"type": "Feature", "properties": {}, "geometry": {"type": "Point", "coordinates": [77.56181, 13.03985]}}, {"type": "Feature", "properties": {}, "geometry": {"type": "Point", "coordinates": [77.56139, 13.03963]}}, {"type": "Feature", "properties": {}, "geometry": {"type": "Point", "coordinates": [77.56329, 13.03664]}}, {"type": "Feature", "properties": {}, "geometry": {"type": "Point", "coordinates": [77.56332, 13.03705]}}, {"type": "Feature", "properties": {}, "geometry": {"type": "Point", "coordinates": [77.56245, 13.03652]}}, {"type": "Feature", "properties": {}, "geometry": {"type": "Point", "coordinates": [77.55969, 13.03841]}}, {"type": "Feature", "properties": {}, "geometry": {"type": "Point", "coordinates": [77.56144, 13.03486]}}, {"type": "Feature", "properties": {}, "geometry": {"type": "Point", "coordinates": [77.5605, 13.03431]}}, {"type": "Feature", "properties": {}, "geometry": {"type": "Point", "coordinates": [77.56006, 13.03431]}}, {"type": "Feature", "properties": {}, "geometry": {"type": "Point", "coordinates": [77.5584, 13.03443]}}, {"type": "Feature", "properties": {}, "geometry": {"type": "Point", "coordinates": [77.55998, 13.03735]}}, {"type": "Feature", "properties": {}, "geometry": {"type": "Point", "coordinates": [77.56138, 13.03298]}}, {"type": "Feature", "properties": {}, "geometry": {"type": "Point", "coordinates": [77.55903, 13.03391]}}, {"type": "Feature", "properties": {}, "geometry": {"type": "Point", "coordinates": [77.56113, 13.02994]}}, {"type": "Feature", "properties": {}, "geometry": {"type": "Point", "coordinates": [77.55905, 13.0329]}}, {"type": "Feature", "properties": {}, "geometry": {"type": "Point", "coordinates": [77.55884, 13.03327]}}, {"type": "Feature", "properties": {}, "geometry": {"type": "Point", "coordinates": [77.56134, 13.02883]}}, {"type": "Feature", "properties": {}, "geometry": {"type": "Point", "coordinates": [77.55984, 13.02866]}}, {"type": "Feature", "properties": {}, "geometry": {"type": "Point", "coordinates": [77.55915, 13.02892]}}, {"type": "Feature", "properties": {}, "geometry": {"type": "Point", "coordinates": [77.56148, 13.02266]}}, {"type": "Feature", "properties": {}, "geometry": {"type": "Point", "coordinates": [77.56278, 13.02415]}}, {"type": "Feature", "properties": {}, "geometry": {"type": "Point", "coordinates": [77.50534, 13.04686]}}, {"type": "Feature", "properties": {}, "geometry": {"type": "Point", "coordinates": [77.50542, 13.04807]}}, {"type": "Feature", "properties": {}, "geometry": {"type": "Point", "coordinates": [77.50258, 13.0489]}}, {"type": "Feature", "properties": {}, "geometry": {"type": "Point", "coordinates": [77.50261, 13.04901]}}, {"type": "Feature", "properties": {}, "geometry": {"type": "Point", "coordinates": [77.50515, 13.04823]}}, {"type": "Feature", "properties": {}, "geometry": {"type": "Point", "coordinates": [77.50347, 13.04746]}}, {"type": "Feature", "properties": {}, "geometry": {"type": "Point", "coordinates": [77.50407, 13.04991]}}, {"type": "Feature", "properties": {}, "geometry": {"type": "Point", "coordinates": [77.50275, 13.05075]}}, {"type": "Feature", "properties": {}, "geometry": {"type": "Point", "coordinates": [77.50287, 13.05154]}}, {"type": "Feature", "properties": {}, "geometry": {"type": "Point", "coordinates": [77.50326, 13.05142]}}, {"type": "Feature", "properties": {}, "geometry": {"type": "Point", "coordinates": [77.49325, 13.05204]}}, {"type": "Feature", "properties": {}, "geometry": {"type": "Point", "coordinates": [77.49341, 13.05319]}}, {"type": "Feature", "properties": {}, "geometry": {"type": "Point", "coordinates": [77.49368, 13.05375]}}, {"type": "Feature", "properties": {}, "geometry": {"type": "Point", "coordinates": [77.49376, 13.05428]}}, {"type": "Feature", "properties": {}, "geometry": {"type": "Point", "coordinates": [77.49335, 13.05455]}}, {"type": "Feature", "properties": {}, "geometry": {"type": "Point", "coordinates": [77.49675, 13.05697]}}, {"type": "Feature", "properties": {}, "geometry": {"type": "Point", "coordinates": [77.49364, 13.05344]}}, {"type": "Feature", "properties": {}, "geometry": {"type": "Point", "coordinates": [77.49517, 13.05308]}}, {"type": "Feature", "properties": {}, "geometry": {"type": "Point", "coordinates": [77.4955, 13.05474]}}, {"type": "Feature", "properties": {}, "geometry": {"type": "Point", "coordinates": [77.49448, 13.05375]}}, {"type": "Feature", "properties": {}, "geometry": {"type": "Point", "coordinates": [77.49862, 13.05102]}}, {"type": "Feature", "properties": {}, "geometry": {"type": "Point", "coordinates": [77.5012, 13.05009]}}, {"type": "Feature", "properties": {}, "geometry": {"type": "Point", "coordinates": [77.50151, 13.05004]}}, {"type": "Feature", "properties": {}, "geometry": {"type": "Point", "coordinates": [77.49931, 13.05362]}}, {"type": "Feature", "properties": {}, "geometry": {"type": "Point", "coordinates": [77.49941, 13.05348]}}, {"type": "Feature", "properties": {}, "geometry": {"type": "Point", "coordinates": [77.49985, 13.0542]}}, {"type": "Feature", "properties": {}, "geometry": {"type": "Point", "coordinates": [77.50044, 13.05639]}}, {"type": "Feature", "properties": {}, "geometry": {"type": "Point", "coordinates": [77.50419, 13.05111]}}, {"type": "Feature", "properties": {}, "geometry": {"type": "Point", "coordinates": [77.50374, 13.05152]}}, {"type": "Feature", "properties": {}, "geometry": {"type": "Point", "coordinates": [77.50786, 13.0523]}}, {"type": "Feature", "properties": {}, "geometry": {"type": "Point", "coordinates": [77.50296, 13.05528]}}, {"type": "Feature", "properties": {}, "geometry": {"type": "Point", "coordinates": [77.5031, 13.05448]}}, {"type": "Feature", "properties": {}, "geometry": {"type": "Point", "coordinates": [77.50213, 13.06275]}}, {"type": "Feature", "properties": {}, "geometry": {"type": "Point", "coordinates": [77.50274, 13.06267]}}, {"type": "Feature", "properties": {}, "geometry": {"type": "Point", "coordinates": [77.50343, 13.06287]}}, {"type": "Feature", "properties": {}, "geometry": {"type": "Point", "coordinates": [77.50751, 13.06024]}}, {"type": "Feature", "properties": {}, "geometry": {"type": "Point", "coordinates": [77.50694, 13.05968]}}, {"type": "Feature", "properties": {}, "geometry": {"type": "Point", "coordinates": [77.50815, 13.05816]}}, {"type": "Feature", "properties": {}, "geometry": {"type": "Point", "coordinates": [77.50931, 13.05581]}}, {"type": "Feature", "properties": {}, "geometry": {"type": "Point", "coordinates": [77.5086, 13.05545]}}, {"type": "Feature", "properties": {}, "geometry": {"type": "Point", "coordinates": [77.50889, 13.05681]}}, {"type": "Feature", "properties": {}, "geometry": {"type": "Point", "coordinates": [77.5095, 13.05511]}}, {"type": "Feature", "properties": {}, "geometry": {"type": "Point", "coordinates": [77.50974, 13.05493]}}, {"type": "Feature", "properties": {}, "geometry": {"type": "Point", "coordinates": [77.51126, 13.05367]}}, {"type": "Feature", "properties": {}, "geometry": {"type": "Point", "coordinates": [77.5109, 13.0539]}}, {"type": "Feature", "properties": {}, "geometry": {"type": "Point", "coordinates": [77.51133, 13.05165]}}, {"type": "Feature", "properties": {}, "geometry": {"type": "Point", "coordinates": [77.51166, 13.05309]}}, {"type": "Feature", "properties": {}, "geometry": {"type": "Point", "coordinates": [77.50821, 13.05065]}}, {"type": "Feature", "properties": {}, "geometry": {"type": "Point", "coordinates": [77.50881, 13.05054]}}, {"type": "Feature", "properties": {}, "geometry": {"type": "Point", "coordinates": [77.50917, 13.05052]}}, {"type": "Feature", "properties": {}, "geometry": {"type": "Point", "coordinates": [77.50996, 13.05036]}}, {"type": "Feature", "properties": {}, "geometry": {"type": "Point", "coordinates": [77.56283, 13.03282]}}, {"type": "Feature", "properties": {}, "geometry": {"type": "Point", "coordinates": [77.56148, 13.02417]}}, {"type": "Feature", "properties": {}, "geometry": {"type": "Point", "coordinates": [77.56167, 13.02614]}}, {"type": "Feature", "properties": {}, "geometry": {"type": "Point", "coordinates": [77.56036, 13.0254]}}, {"type": "Feature", "properties": {}, "geometry": {"type": "Point", "coordinates": [77.5615, 13.02368]}}, {"type": "Feature", "properties": {}, "geometry": {"type": "Point", "coordinates": [77.56124, 13.02377]}}, {"type": "Feature", "properties": {}, "geometry": {"type": "Point", "coordinates": [77.56294, 13.02162]}}, {"type": "Feature", "properties": {}, "geometry": {"type": "Point", "coordinates": [77.55827, 13.02211]}}, {"type": "Feature", "properties": {}, "geometry": {"type": "Point", "coordinates": [77.55953, 13.02715]}}, {"type": "Feature", "properties": {}, "geometry": {"type": "Point", "coordinates": [77.5592, 13.02724]}}, {"type": "Feature", "properties": {}, "geometry": {"type": "Point", "coordinates": [77.55971, 13.02677]}}, {"type": "Feature", "properties": {}, "geometry": {"type": "Point", "coordinates": [77.55903, 13.02661]}}, {"type": "Feature", "properties": {}, "geometry": {"type": "Point", "coordinates": [77.55742, 13.02173]}}, {"type": "Feature", "properties": {}, "geometry": {"type": "Point", "coordinates": [77.55932, 13.02072]}}, {"type": "Feature", "properties": {}, "geometry": {"type": "Point", "coordinates": [77.55965, 13.02205]}}, {"type": "Feature", "properties": {}, "geometry": {"type": "Point", "coordinates": [77.55722, 13.0212]}}, {"type": "Feature", "properties": {}, "geometry": {"type": "Point", "coordinates": [77.55809, 13.02296]}}, {"type": "Feature", "properties": {}, "geometry": {"type": "Point", "coordinates": [77.55698, 13.02063]}}, {"type": "Feature", "properties": {}, "geometry": {"type": "Point", "coordinates": [77.50634, 13.05003]}}, {"type": "Feature", "properties": {}, "geometry": {"type": "Point", "coordinates": [77.52403, 13.06578]}}, {"type": "Feature", "properties": {}, "geometry": {"type": "Point", "coordinates": [77.52327, 13.06604]}}, {"type": "Feature", "properties": {}, "geometry": {"type": "Point", "coordinates": [77.52385, 13.06664]}}, {"type": "Feature", "properties": {}, "geometry": {"type": "Point", "coordinates": [77.52565, 13.06501]}}, {"type": "Feature", "properties": {}, "geometry": {"type": "Point", "coordinates": [77.52475, 13.06525]}}, {"type": "Feature", "properties": {}, "geometry": {"type": "Point", "coordinates": [77.5244, 13.06549]}}, {"type": "Feature", "properties": {}, "geometry": {"type": "Point", "coordinates": [77.52438, 13.06803]}}, {"type": "Feature", "properties": {}, "geometry": {"type": "Point", "coordinates": [77.53049, 13.0651]}}, {"type": "Feature", "properties": {}, "geometry": {"type": "Point", "coordinates": [77.53052, 13.06448]}}, {"type": "Feature", "properties": {}, "geometry": {"type": "Point", "coordinates": [77.53287, 13.06728]}}, {"type": "Feature", "properties": {}, "geometry": {"type": "Point", "coordinates": [77.50944, 13.06068]}}, {"type": "Feature", "properties": {}, "geometry": {"type": "Point", "coordinates": [77.54052, 13.06839]}}, {"type": "Feature", "properties": {}, "geometry": {"type": "Point", "coordinates": [77.54119, 13.06968]}}, {"type": "Feature", "properties": {}, "geometry": {"type": "Point", "coordinates": [77.54074, 13.0701]}}, {"type": "Feature", "properties": {}, "geometry": {"type": "Point", "coordinates": [77.54091, 13.07071]}}, {"type": "Feature", "properties": {}, "geometry": {"type": "Point", "coordinates": [77.54083, 13.07187]}}, {"type": "Feature", "properties": {}, "geometry": {"type": "Point", "coordinates": [77.54053, 13.07195]}}, {"type": "Feature", "properties": {}, "geometry": {"type": "Point", "coordinates": [77.54006, 13.07036]}}, {"type": "Feature", "properties": {}, "geometry": {"type": "Point", "coordinates": [77.53982, 13.06979]}}, {"type": "Feature", "properties": {}, "geometry": {"type": "Point", "coordinates": [77.5391, 13.07006]}}, {"type": "Feature", "properties": {}, "geometry": {"type": "Point", "coordinates": [77.53867, 13.07072]}}, {"type": "Feature", "properties": {}, "geometry": {"type": "Point", "coordinates": [77.5395, 13.07085]}}, {"type": "Feature", "properties": {}, "geometry": {"type": "Point", "coordinates": [77.53946, 13.07126]}}, {"type": "Feature", "properties": {}, "geometry": {"type": "Point", "coordinates": [77.54573, 13.08232]}}, {"type": "Feature", "properties": {}, "geometry": {"type": "Point", "coordinates": [77.54602, 13.08237]}}, {"type": "Feature", "properties": {}, "geometry": {"type": "Point", "coordinates": [77.54579, 13.08186]}}, {"type": "Feature", "properties": {}, "geometry": {"type": "Point", "coordinates": [77.54621, 13.0828]}}, {"type": "Feature", "properties": {}, "geometry": {"type": "Point", "coordinates": [77.54627, 13.08299]}}, {"type": "Feature", "properties": {}, "geometry": {"type": "Point", "coordinates": [77.54617, 13.08335]}}, {"type": "Feature", "properties": {}, "geometry": {"type": "Point", "coordinates": [77.54701, 13.08487]}}, {"type": "Feature", "properties": {}, "geometry": {"type": "Point", "coordinates": [77.54738, 13.08151]}}, {"type": "Feature", "properties": {}, "geometry": {"type": "Point", "coordinates": [77.54868, 13.08154]}}, {"type": "Feature", "properties": {}, "geometry": {"type": "Point", "coordinates": [77.54863, 13.08083]}}, {"type": "Feature", "properties": {}, "geometry": {"type": "Point", "coordinates": [77.54918, 13.07942]}}, {"type": "Feature", "properties": {}, "geometry": {"type": "Point", "coordinates": [77.54942, 13.08015]}}, {"type": "Feature", "properties": {}, "geometry": {"type": "Point", "coordinates": [77.54932, 13.08148]}}, {"type": "Feature", "properties": {}, "geometry": {"type": "Point", "coordinates": [77.5511, 13.08116]}}, {"type": "Feature", "properties": {}, "geometry": {"type": "Point", "coordinates": [77.55318, 13.08027]}}, {"type": "Feature", "properties": {}, "geometry": {"type": "Point", "coordinates": [77.55533, 13.08235]}}, {"type": "Feature", "properties": {}, "geometry": {"type": "Point", "coordinates": [77.55498, 13.08263]}}, {"type": "Feature", "properties": {}, "geometry": {"type": "Point", "coordinates": [77.55442, 13.08224]}}, {"type": "Feature", "properties": {}, "geometry": {"type": "Point", "coordinates": [77.55396, 13.08242]}}, {"type": "Feature", "properties": {}, "geometry": {"type": "Point", "coordinates": [77.55308, 13.08422]}}, {"type": "Feature", "properties": {}, "geometry": {"type": "Point", "coordinates": [77.55402, 13.08385]}}, {"type": "Feature", "properties": {}, "geometry": {"type": "Point", "coordinates": [77.5541, 13.08485]}}, {"type": "Feature", "properties": {}, "geometry": {"type": "Point", "coordinates": [77.55512, 13.0846]}}, {"type": "Feature", "properties": {}, "geometry": {"type": "Point", "coordinates": [77.55475, 13.08434]}}, {"type": "Feature", "properties": {}, "geometry": {"type": "Point", "coordinates": [77.55456, 13.08391]}}, {"type": "Feature", "properties": {}, "geometry": {"type": "Point", "coordinates": [77.55332, 13.08267]}}, {"type": "Feature", "properties": {}, "geometry": {"type": "Point", "coordinates": [77.55366, 13.08222]}}, {"type": "Feature", "properties": {}, "geometry": {"type": "Point", "coordinates": [77.55335, 13.08129]}}, {"type": "Feature", "properties": {}, "geometry": {"type": "Point", "coordinates": [77.55154, 13.08184]}}, {"type": "Feature", "properties": {}, "geometry": {"type": "Point", "coordinates": [77.55038, 13.08203]}}, {"type": "Feature", "properties": {}, "geometry": {"type": "Point", "coordinates": [77.55314, 13.02664]}}, {"type": "Feature", "properties": {}, "geometry": {"type": "Point", "coordinates": [77.54904, 13.02972]}}, {"type": "Feature", "properties": {}, "geometry": {"type": "Point", "coordinates": [77.5552, 13.01752]}}, {"type": "Feature", "properties": {}, "geometry": {"type": "Point", "coordinates": [77.55487, 13.0269]}}, {"type": "Feature", "properties": {}, "geometry": {"type": "Point", "coordinates": [77.55519, 13.02664]}}, {"type": "Feature", "properties": {}, "geometry": {"type": "Point", "coordinates": [77.56037, 13.03749]}}, {"type": "Feature", "properties": {}, "geometry": {"type": "Point", "coordinates": [77.56028, 13.03789]}}, {"type": "Feature", "properties": {}, "geometry": {"type": "Point", "coordinates": [77.56073, 13.0374]}}, {"type": "Feature", "properties": {}, "geometry": {"type": "Point", "coordinates": [77.56049, 13.03273]}}, {"type": "Feature", "properties": {}, "geometry": {"type": "Point", "coordinates": [77.56228, 13.0374]}}, {"type": "Feature", "properties": {}, "geometry": {"type": "Point", "coordinates": [77.56108, 13.03943]}}, {"type": "Feature", "properties": {}, "geometry": {"type": "Point", "coordinates": [77.50096, 13.0572]}}, {"type": "Feature", "properties": {}, "geometry": {"type": "Point", "coordinates": [77.49915, 13.05722]}}, {"type": "Feature", "properties": {}, "geometry": {"type": "Point", "coordinates": [77.49782, 13.05761]}}, {"type": "Feature", "properties": {}, "geometry": {"type": "Point", "coordinates": [77.49886, 13.05744]}}, {"type": "Feature", "properties": {}, "geometry": {"type": "Point", "coordinates": [77.49792, 13.05284]}}, {"type": "Feature", "properties": {}, "geometry": {"type": "Point", "coordinates": [77.4984, 13.05406]}}, {"type": "Feature", "properties": {}, "geometry": {"type": "Point", "coordinates": [77.49258, 13.05491]}}, {"type": "Feature", "properties": {}, "geometry": {"type": "Point", "coordinates": [77.49452, 13.05533]}}, {"type": "Feature", "properties": {}, "geometry": {"type": "Point", "coordinates": [77.49898, 13.05832]}}, {"type": "Feature", "properties": {}, "geometry": {"type": "Point", "coordinates": [77.49885, 13.05816]}}, {"type": "Feature", "properties": {}, "geometry": {"type": "Point", "coordinates": [77.50441, 13.05747]}}, {"type": "Feature", "properties": {}, "geometry": {"type": "Point", "coordinates": [77.50341, 13.05761]}}, {"type": "Feature", "properties": {}, "geometry": {"type": "Point", "coordinates": [77.5039, 13.05718]}}, {"type": "Feature", "properties": {}, "geometry": {"type": "Point", "coordinates": [77.50381, 13.05678]}}, {"type": "Feature", "properties": {}, "geometry": {"type": "Point", "coordinates": [77.50367, 13.05618]}}, {"type": "Feature", "properties": {}, "geometry": {"type": "Point", "coordinates": [77.50385, 13.05583]}}, {"type": "Feature", "properties": {}, "geometry": {"type": "Point", "coordinates": [77.50548, 13.05844]}}, {"type": "Feature", "properties": {}, "geometry": {"type": "Point", "coordinates": [77.50176, 13.0595]}}, {"type": "Feature", "properties": {}, "geometry": {"type": "Point", "coordinates": [77.5011, 13.05969]}}, {"type": "Feature", "properties": {}, "geometry": {"type": "Point", "coordinates": [77.49444, 13.05862]}}, {"type": "Feature", "properties": {}, "geometry": {"type": "Point", "coordinates": [77.4942, 13.05899]}}, {"type": "Feature", "properties": {}, "geometry": {"type": "Point", "coordinates": [77.4999, 13.05963]}}, {"type": "Feature", "properties": {}, "geometry": {"type": "Point", "coordinates": [77.49507, 13.06129]}}, {"type": "Feature", "properties": {}, "geometry": {"type": "Point", "coordinates": [77.49492, 13.06171]}}, {"type": "Feature", "properties": {}, "geometry": {"type": "Point", "coordinates": [77.49475, 13.05349]}}, {"type": "Feature", "properties": {}, "geometry": {"type": "Point", "coordinates": [77.49672, 13.06182]}}, {"type": "Feature", "properties": {}, "geometry": {"type": "Point", "coordinates": [77.49568, 13.06204]}}, {"type": "Feature", "properties": {}, "geometry": {"type": "Point", "coordinates": [77.49883, 13.06132]}}, {"type": "Feature", "properties": {}, "geometry": {"type": "Point", "coordinates": [77.53966, 13.07218]}}, {"type": "Feature", "properties": {}, "geometry": {"type": "Point", "coordinates": [77.53863, 13.0721]}}, {"type": "Feature", "properties": {}, "geometry": {"type": "Point", "coordinates": [77.54, 13.07302]}}, {"type": "Feature", "properties": {}, "geometry": {"type": "Point", "coordinates": [77.54082, 13.07289]}}, {"type": "Feature", "properties": {}, "geometry": {"type": "Point", "coordinates": [77.54063, 13.0725]}}, {"type": "Feature", "properties": {}, "geometry": {"type": "Point", "coordinates": [77.53927, 13.0732]}}, {"type": "Feature", "properties": {}, "geometry": {"type": "Point", "coordinates": [77.53839, 13.07327]}}, {"type": "Feature", "properties": {}, "geometry": {"type": "Point", "coordinates": [77.53725, 13.073]}}, {"type": "Feature", "properties": {}, "geometry": {"type": "Point", "coordinates": [77.5369, 13.0736]}}, {"type": "Feature", "properties": {}, "geometry": {"type": "Point", "coordinates": [77.53622, 13.07338]}}, {"type": "Feature", "properties": {}, "geometry": {"type": "Point", "coordinates": [77.5324, 13.07486]}}, {"type": "Feature", "properties": {}, "geometry": {"type": "Point", "coordinates": [77.53821, 13.07632]}}, {"type": "Feature", "properties": {}, "geometry": {"type": "Point", "coordinates": [77.53857, 13.07468]}}, {"type": "Feature", "properties": {}, "geometry": {"type": "Point", "coordinates": [77.54083, 13.07506]}}, {"type": "Feature", "properties": {}, "geometry": {"type": "Point", "coordinates": [77.54176, 13.07569]}}, {"type": "Feature", "properties": {}, "geometry": {"type": "Point", "coordinates": [77.53846, 13.07861]}}, {"type": "Feature", "properties": {}, "geometry": {"type": "Point", "coordinates": [77.53829, 13.07945]}}, {"type": "Feature", "properties": {}, "geometry": {"type": "Point", "coordinates": [77.53794, 13.07933]}}, {"type": "Feature", "properties": {}, "geometry": {"type": "Point", "coordinates": [77.53659, 13.0791]}}, {"type": "Feature", "properties": {}, "geometry": {"type": "Point", "coordinates": [77.53613, 13.07798]}}, {"type": "Feature", "properties": {}, "geometry": {"type": "Point", "coordinates": [77.54088, 13.0781]}}, {"type": "Feature", "properties": {}, "geometry": {"type": "Point", "coordinates": [77.54128, 13.08172]}}, {"type": "Feature", "properties": {}, "geometry": {"type": "Point", "coordinates": [77.54174, 13.08165]}}, {"type": "Feature", "properties": {}, "geometry": {"type": "Point", "coordinates": [77.54157, 13.08081]}}, {"type": "Feature", "properties": {}, "geometry": {"type": "Point", "coordinates": [77.54247, 13.08181]}}, {"type": "Feature", "properties": {}, "geometry": {"type": "Point", "coordinates": [77.54237, 13.08142]}}, {"type": "Feature", "properties": {}, "geometry": {"type": "Point", "coordinates": [77.54239, 13.0808]}}, {"type": "Feature", "properties": {}, "geometry": {"type": "Point", "coordinates": [77.54327, 13.08182]}}, {"type": "Feature", "properties": {}, "geometry": {"type": "Point", "coordinates": [77.54298, 13.08284]}}, {"type": "Feature", "properties": {}, "geometry": {"type": "Point", "coordinates": [77.54374, 13.08275]}}, {"type": "Feature", "properties": {}, "geometry": {"type": "Point", "coordinates": [77.54514, 13.08324]}}, {"type": "Feature", "properties": {}, "geometry": {"type": "Point", "coordinates": [77.55072, 13.05932]}}, {"type": "Feature", "properties": {}, "geometry": {"type": "Point", "coordinates": [77.55008, 13.06266]}}, {"type": "Feature", "properties": {}, "geometry": {"type": "Point", "coordinates": [77.54984, 13.06296]}}, {"type": "Feature", "properties": {}, "geometry": {"type": "Point", "coordinates": [77.54928, 13.06241]}}, {"type": "Feature", "properties": {}, "geometry": {"type": "Point", "coordinates": [77.55018, 13.06151]}}, {"type": "Feature", "properties": {}, "geometry": {"type": "Point", "coordinates": [77.55005, 13.06115]}}, {"type": "Feature", "properties": {}, "geometry": {"type": "Point", "coordinates": [77.5505, 13.06013]}}, {"type": "Feature", "properties": {}, "geometry": {"type": "Point", "coordinates": [77.5511, 13.06033]}}, {"type": "Feature", "properties": {}, "geometry": {"type": "Point", "coordinates": [77.55049, 13.05803]}}, {"type": "Feature", "properties": {}, "geometry": {"type": "Point", "coordinates": [77.55024, 13.05762]}}, {"type": "Feature", "properties": {}, "geometry": {"type": "Point", "coordinates": [77.55019, 13.05838]}}, {"type": "Feature", "properties": {}, "geometry": {"type": "Point", "coordinates": [77.5498, 13.05987]}}, {"type": "Feature", "properties": {}, "geometry": {"type": "Point", "coordinates": [77.54979, 13.05959]}}, {"type": "Feature", "properties": {}, "geometry": {"type": "Point", "coordinates": [77.54899, 13.05956]}}, {"type": "Feature", "properties": {}, "geometry": {"type": "Point", "coordinates": [77.54719, 13.05684]}}, {"type": "Feature", "properties": {}, "geometry": {"type": "Point", "coordinates": [77.54792, 13.05565]}}, {"type": "Feature", "properties": {}, "geometry": {"type": "Point", "coordinates": [77.55202, 13.08222]}}, {"type": "Feature", "properties": {}, "geometry": {"type": "Point", "coordinates": [77.55598, 13.08355]}}, {"type": "Feature", "properties": {}, "geometry": {"type": "Point", "coordinates": [77.54321, 13.08234]}}, {"type": "Feature", "properties": {}, "geometry": {"type": "Point", "coordinates": [77.55079, 13.05973]}}, {"type": "Feature", "properties": {}, "geometry": {"type": "Point", "coordinates": [77.55162, 13.07938]}}, {"type": "Feature", "properties": {}, "geometry": {"type": "Point", "coordinates": [77.55364, 13.08284]}}, {"type": "Feature", "properties": {}, "geometry": {"type": "Point", "coordinates": [77.54775, 13.07869]}}, {"type": "Feature", "properties": {}, "geometry": {"type": "Point", "coordinates": [77.5496, 13.0807]}}, {"type": "Feature", "properties": {}, "geometry": {"type": "Point", "coordinates": [77.55179, 13.08395]}}, {"type": "Feature", "properties": {}, "geometry": {"type": "Point", "coordinates": [77.55075, 13.05999]}}, {"type": "Feature", "properties": {}, "geometry": {"type": "Point", "coordinates": [77.53263, 13.07411]}}, {"type": "Feature", "properties": {}, "geometry": {"type": "Point", "coordinates": [77.53741, 13.07075]}}, {"type": "Feature", "properties": {}, "geometry": {"type": "Point", "coordinates": [77.5481, 13.05565]}}, {"type": "Feature", "properties": {}, "geometry": {"type": "Point", "coordinates": [77.55155, 13.05782]}}, {"type": "Feature", "properties": {}, "geometry": {"type": "Point", "coordinates": [77.55243, 13.05786]}}, {"type": "Feature", "properties": {}, "geometry": {"type": "Point", "coordinates": [77.55149, 13.05858]}}, {"type": "Feature", "properties": {}, "geometry": {"type": "Point", "coordinates": [77.55204, 13.06084]}}, {"type": "Feature", "properties": {}, "geometry": {"type": "Point", "coordinates": [77.55277, 13.06128]}}, {"type": "Feature", "properties": {}, "geometry": {"type": "Point", "coordinates": [77.55115, 13.06145]}}, {"type": "Feature", "properties": {}, "geometry": {"type": "Point", "coordinates": [77.5509, 13.06234]}}, {"type": "Feature", "properties": {}, "geometry": {"type": "Point", "coordinates": [77.55285, 13.06317]}}, {"type": "Feature", "properties": {}, "geometry": {"type": "Point", "coordinates": [77.55274, 13.06329]}}, {"type": "Feature", "properties": {}, "geometry": {"type": "Point", "coordinates": [77.55248, 13.06488]}}, {"type": "Feature", "properties": {}, "geometry": {"type": "Point", "coordinates": [77.55236, 13.06504]}}, {"type": "Feature", "properties": {}, "geometry": {"type": "Point", "coordinates": [77.55343, 13.06623]}}, {"type": "Feature", "properties": {}, "geometry": {"type": "Point", "coordinates": [77.55299, 13.06581]}}, {"type": "Feature", "properties": {}, "geometry": {"type": "Point", "coordinates": [77.55412, 13.0643]}}, {"type": "Feature", "properties": {}, "geometry": {"type": "Point", "coordinates": [77.55507, 13.06411]}}, {"type": "Feature", "properties": {}, "geometry": {"type": "Point", "coordinates": [77.55508, 13.06438]}}, {"type": "Feature", "properties": {}, "geometry": {"type": "Point", "coordinates": [77.55524, 13.06503]}}, {"type": "Feature", "properties": {}, "geometry": {"type": "Point", "coordinates": [77.55504, 13.067]}}, {"type": "Feature", "properties": {}, "geometry": {"type": "Point", "coordinates": [77.5554, 13.06889]}}, {"type": "Feature", "properties": {}, "geometry": {"type": "Point", "coordinates": [77.55591, 13.06865]}}, {"type": "Feature", "properties": {}, "geometry": {"type": "Point", "coordinates": [77.5574, 13.06848]}}, {"type": "Feature", "properties": {}, "geometry": {"type": "Point", "coordinates": [77.55846, 13.06781]}}, {"type": "Feature", "properties": {}, "geometry": {"type": "Point", "coordinates": [77.55813, 13.06643]}}, {"type": "Feature", "properties": {}, "geometry": {"type": "Point", "coordinates": [77.55737, 13.06749]}}, {"type": "Feature", "properties": {}, "geometry": {"type": "Point", "coordinates": [77.55696, 13.06686]}}, {"type": "Feature", "properties": {}, "geometry": {"type": "Point", "coordinates": [77.5575, 13.06568]}}, {"type": "Feature", "properties": {}, "geometry": {"type": "Point", "coordinates": [77.55645, 13.06592]}}, {"type": "Feature", "properties": {}, "geometry": {"type": "Point", "coordinates": [77.55599, 13.06554]}}, {"type": "Feature", "properties": {}, "geometry": {"type": "Point", "coordinates": [77.55625, 13.0653]}}, {"type": "Feature", "properties": {}, "geometry": {"type": "Point", "coordinates": [77.55595, 13.06542]}}, {"type": "Feature", "properties": {}, "geometry": {"type": "Point", "coordinates": [77.55791, 13.06418]}}, {"type": "Feature", "properties": {}, "geometry": {"type": "Point", "coordinates": [77.55827, 13.06317]}}, {"type": "Feature", "properties": {}, "geometry": {"type": "Point", "coordinates": [77.55799, 13.06387]}}, {"type": "Feature", "properties": {}, "geometry": {"type": "Point", "coordinates": [77.5573, 13.06202]}}, {"type": "Feature", "properties": {}, "geometry": {"type": "Point", "coordinates": [77.55656, 13.0622]}}, {"type": "Feature", "properties": {}, "geometry": {"type": "Point", "coordinates": [77.55662, 13.0615]}}, {"type": "Feature", "properties": {}, "geometry": {"type": "Point", "coordinates": [77.55698, 13.06073]}}, {"type": "Feature", "properties": {}, "geometry": {"type": "Point", "coordinates": [77.55774, 13.06024]}}, {"type": "Feature", "properties": {}, "geometry": {"type": "Point", "coordinates": [77.55812, 13.06036]}}, {"type": "Feature", "properties": {}, "geometry": {"type": "Point", "coordinates": [77.55814, 13.06073]}}, {"type": "Feature", "properties": {}, "geometry": {"type": "Point", "coordinates": [77.55657, 13.06006]}}, {"type": "Feature", "properties": {}, "geometry": {"type": "Point", "coordinates": [77.5551, 13.06607]}}, {"type": "Feature", "properties": {}, "geometry": {"type": "Point", "coordinates": [77.55733, 13.05969]}}, {"type": "Feature", "properties": {}, "geometry": {"type": "Point", "coordinates": [77.55612, 13.05844]}}, {"type": "Feature", "properties": {}, "geometry": {"type": "Point", "coordinates": [77.55154, 13.06593]}}, {"type": "Feature", "properties": {}, "geometry": {"type": "Point", "coordinates": [77.55593, 13.05921]}}, {"type": "Feature", "properties": {}, "geometry": {"type": "Point", "coordinates": [77.55511, 13.06585]}}, {"type": "Feature", "properties": {}, "geometry": {"type": "Point", "coordinates": [77.55529, 13.06587]}}, {"type": "Feature", "properties": {}, "geometry": {"type": "Point", "coordinates": [77.55454, 13.06002]}}, {"type": "Feature", "properties": {}, "geometry": {"type": "Point", "coordinates": [77.55353, 13.05808]}}, {"type": "Feature", "properties": {}, "geometry": {"type": "Point", "coordinates": [77.55512, 13.06569]}}, {"type": "Feature", "properties": {}, "geometry": {"type": "Point", "coordinates": [77.5535, 13.05941]}}, {"type": "Feature", "properties": {}, "geometry": {"type": "Point", "coordinates": [77.5539, 13.06022]}}, {"type": "Feature", "properties": {}, "geometry": {"type": "Point", "coordinates": [77.55295, 13.06011]}}, {"type": "Feature", "properties": {}, "geometry": {"type": "Point", "coordinates": [77.55453, 13.06013]}}, {"type": "Feature", "properties": {}, "geometry": {"type": "Point", "coordinates": [77.62638, 13.09574]}}, {"type": "Feature", "properties": {}, "geometry": {"type": "Point", "coordinates": [77.62726, 13.09587]}}, {"type": "Feature", "properties": {}, "geometry": {"type": "Point", "coordinates": [77.62739, 13.09524]}}, {"type": "Feature", "properties": {}, "geometry": {"type": "Point", "coordinates": [77.62776, 13.09562]}}, {"type": "Feature", "properties": {}, "geometry": {"type": "Point", "coordinates": [77.62354, 13.0975]}}, {"type": "Feature", "properties": {}, "geometry": {"type": "Point", "coordinates": [77.6289, 13.09841]}}, {"type": "Feature", "properties": {}, "geometry": {"type": "Point", "coordinates": [77.62934, 13.09907]}}, {"type": "Feature", "properties": {}, "geometry": {"type": "Point", "coordinates": [77.62959, 13.09987]}}, {"type": "Feature", "properties": {}, "geometry": {"type": "Point", "coordinates": [77.62881, 13.09928]}}, {"type": "Feature", "properties": {}, "geometry": {"type": "Point", "coordinates": [77.62795, 13.09935]}}, {"type": "Feature", "properties": {}, "geometry": {"type": "Point", "coordinates": [77.62573, 13.09923]}}, {"type": "Feature", "properties": {}, "geometry": {"type": "Point", "coordinates": [77.62708, 13.09831]}}, {"type": "Feature", "properties": {}, "geometry": {"type": "Point", "coordinates": [77.62822, 13.1014]}}, {"type": "Feature", "properties": {}, "geometry": {"type": "Point", "coordinates": [77.62778, 13.10206]}}, {"type": "Feature", "properties": {}, "geometry": {"type": "Point", "coordinates": [77.62927, 13.10279]}}, {"type": "Feature", "properties": {}, "geometry": {"type": "Point", "coordinates": [77.63145, 13.10326]}}, {"type": "Feature", "properties": {}, "geometry": {"type": "Point", "coordinates": [77.63087, 13.10326]}}, {"type": "Feature", "properties": {}, "geometry": {"type": "Point", "coordinates": [77.63145, 13.1065]}}, {"type": "Feature", "properties": {}, "geometry": {"type": "Point", "coordinates": [77.63125, 13.10584]}}, {"type": "Feature", "properties": {}, "geometry": {"type": "Point", "coordinates": [77.63149, 13.1068]}}, {"type": "Feature", "properties": {}, "geometry": {"type": "Point", "coordinates": [77.61773, 13.10723]}}, {"type": "Feature", "properties": {}, "geometry": {"type": "Point", "coordinates": [77.61752, 13.10663]}}, {"type": "Feature", "properties": {}, "geometry": {"type": "Point", "coordinates": [77.61757, 13.10623]}}, {"type": "Feature", "properties": {}, "geometry": {"type": "Point", "coordinates": [77.61714, 13.1062]}}, {"type": "Feature", "properties": {}, "geometry": {"type": "Point", "coordinates": [77.61785, 13.10591]}}, {"type": "Feature", "properties": {}, "geometry": {"type": "Point", "coordinates": [77.63066, 13.07664]}}, {"type": "Feature", "properties": {}, "geometry": {"type": "Point", "coordinates": [77.6309, 13.07632]}}, {"type": "Feature", "properties": {}, "geometry": {"type": "Point", "coordinates": [77.63153, 13.07525]}}, {"type": "Feature", "properties": {}, "geometry": {"type": "Point", "coordinates": [77.62445, 13.07347]}}, {"type": "Feature", "properties": {}, "geometry": {"type": "Point", "coordinates": [77.62306, 13.06543]}}, {"type": "Feature", "properties": {}, "geometry": {"type": "Point", "coordinates": [77.61727, 13.06574]}}, {"type": "Feature", "properties": {}, "geometry": {"type": "Point", "coordinates": [77.55469, 13.06126]}}, {"type": "Feature", "properties": {}, "geometry": {"type": "Point", "coordinates": [77.55351, 13.06234]}}, {"type": "Feature", "properties": {}, "geometry": {"type": "Point", "coordinates": [77.55473, 13.06234]}}, {"type": "Feature", "properties": {}, "geometry": {"type": "Point", "coordinates": [77.55482, 13.06259]}}, {"type": "Feature", "properties": {}, "geometry": {"type": "Point", "coordinates": [77.55534, 13.0625]}}, {"type": "Feature", "properties": {}, "geometry": {"type": "Point", "coordinates": [77.5607, 13.06048]}}, {"type": "Feature", "properties": {}, "geometry": {"type": "Point", "coordinates": [77.56049, 13.06251]}}, {"type": "Feature", "properties": {}, "geometry": {"type": "Point", "coordinates": [77.56002, 13.06184]}}, {"type": "Feature", "properties": {}, "geometry": {"type": "Point", "coordinates": [77.5594, 13.06185]}}, {"type": "Feature", "properties": {}, "geometry": {"type": "Point", "coordinates": [77.55779, 13.06193]}}, {"type": "Feature", "properties": {}, "geometry": {"type": "Point", "coordinates": [77.55822, 13.06211]}}, {"type": "Feature", "properties": {}, "geometry": {"type": "Point", "coordinates": [77.55626, 13.0604]}}, {"type": "Feature", "properties": {}, "geometry": {"type": "Point", "coordinates": [77.55579, 13.06014]}}, {"type": "Feature", "properties": {}, "geometry": {"type": "Point", "coordinates": [77.55687, 13.06286]}}, {"type": "Feature", "properties": {}, "geometry": {"type": "Point", "coordinates": [77.55449, 13.05908]}}, {"type": "Feature", "properties": {}, "geometry": {"type": "Point", "coordinates": [77.55951, 13.0624]}}, {"type": "Feature", "properties": {}, "geometry": {"type": "Point", "coordinates": [77.56027, 13.05969]}}, {"type": "Feature", "properties": {}, "geometry": {"type": "Point", "coordinates": [77.55949, 13.05901]}}, {"type": "Feature", "properties": {}, "geometry": {"type": "Point", "coordinates": [77.56019, 13.05906]}}, {"type": "Feature", "properties": {}, "geometry": {"type": "Point", "coordinates": [77.56196, 13.06033]}}, {"type": "Feature", "properties": {}, "geometry": {"type": "Point", "coordinates": [77.56103, 13.06174]}}, {"type": "Feature", "properties": {}, "geometry": {"type": "Point", "coordinates": [77.56221, 13.061]}}, {"type": "Feature", "properties": {}, "geometry": {"type": "Point", "coordinates": [77.56217, 13.06169]}}, {"type": "Feature", "properties": {}, "geometry": {"type": "Point", "coordinates": [77.56399, 13.06121]}}, {"type": "Feature", "properties": {}, "geometry": {"type": "Point", "coordinates": [77.56266, 13.06018]}}, {"type": "Feature", "properties": {}, "geometry": {"type": "Point", "coordinates": [77.56309, 13.059]}}, {"type": "Feature", "properties": {}, "geometry": {"type": "Point", "coordinates": [77.56455, 13.06018]}}, {"type": "Feature", "properties": {}, "geometry": {"type": "Point", "coordinates": [77.56425, 13.05845]}}, {"type": "Feature", "properties": {}, "geometry": {"type": "Point", "coordinates": [77.56554, 13.05823]}}, {"type": "Feature", "properties": {}, "geometry": {"type": "Point", "coordinates": [77.56565, 13.05875]}}, {"type": "Feature", "properties": {}, "geometry": {"type": "Point", "coordinates": [77.56923, 13.0566]}}, {"type": "Feature", "properties": {}, "geometry": {"type": "Point", "coordinates": [77.55334, 13.07752]}}, {"type": "Feature", "properties": {}, "geometry": {"type": "Point", "coordinates": [77.55275, 13.07836]}}, {"type": "Feature", "properties": {}, "geometry": {"type": "Point", "coordinates": [77.5519, 13.07996]}}, {"type": "Feature", "properties": {}, "geometry": {"type": "Point", "coordinates": [77.55459, 13.08142]}}, {"type": "Feature", "properties": {}, "geometry": {"type": "Point", "coordinates": [77.55593, 13.08077]}}, {"type": "Feature", "properties": {}, "geometry": {"type": "Point", "coordinates": [77.55596, 13.08044]}}, {"type": "Feature", "properties": {}, "geometry": {"type": "Point", "coordinates": [77.5583, 13.08346]}}, {"type": "Feature", "properties": {}, "geometry": {"type": "Point", "coordinates": [77.55818, 13.07606]}}, {"type": "Feature", "properties": {}, "geometry": {"type": "Point", "coordinates": [77.55881, 13.07804]}}, {"type": "Feature", "properties": {}, "geometry": {"type": "Point", "coordinates": [77.55858, 13.07771]}}, {"type": "Feature", "properties": {}, "geometry": {"type": "Point", "coordinates": [77.56201, 13.08414]}}, {"type": "Feature", "properties": {}, "geometry": {"type": "Point", "coordinates": [77.56099, 13.07983]}}, {"type": "Feature", "properties": {}, "geometry": {"type": "Point", "coordinates": [77.56083, 13.08106]}}, {"type": "Feature", "properties": {}, "geometry": {"type": "Point", "coordinates": [77.56439, 13.08403]}}, {"type": "Feature", "properties": {}, "geometry": {"type": "Point", "coordinates": [77.56231, 13.07892]}}, {"type": "Feature", "properties": {}, "geometry": {"type": "Point", "coordinates": [77.56161, 13.07785]}}, {"type": "Feature", "properties": {}, "geometry": {"type": "Point", "coordinates": [77.56204, 13.07701]}}, {"type": "Feature", "properties": {}, "geometry": {"type": "Point", "coordinates": [77.55989, 13.07777]}}, {"type": "Feature", "properties": {}, "geometry": {"type": "Point", "coordinates": [77.55874, 13.07644]}}, {"type": "Feature", "properties": {}, "geometry": {"type": "Point", "coordinates": [77.56027, 13.07572]}}, {"type": "Feature", "properties": {}, "geometry": {"type": "Point", "coordinates": [77.56034, 13.07526]}}, {"type": "Feature", "properties": {}, "geometry": {"type": "Point", "coordinates": [77.55924, 13.07514]}}, {"type": "Feature", "properties": {}, "geometry": {"type": "Point", "coordinates": [77.56074, 13.07271]}}, {"type": "Feature", "properties": {}, "geometry": {"type": "Point", "coordinates": [77.56075, 13.07341]}}, {"type": "Feature", "properties": {}, "geometry": {"type": "Point", "coordinates": [77.56025, 13.0718]}}, {"type": "Feature", "properties": {}, "geometry": {"type": "Point", "coordinates": [77.56051, 13.07157]}}, {"type": "Feature", "properties": {}, "geometry": {"type": "Point", "coordinates": [77.55957, 13.06971]}}, {"type": "Feature", "properties": {}, "geometry": {"type": "Point", "coordinates": [77.55906, 13.06995]}}, {"type": "Feature", "properties": {}, "geometry": {"type": "Point", "coordinates": [77.56189, 13.06994]}}, {"type": "Feature", "properties": {}, "geometry": {"type": "Point", "coordinates": [77.56137, 13.07051]}}, {"type": "Feature", "properties": {}, "geometry": {"type": "Point", "coordinates": [77.56152, 13.07147]}}, {"type": "Feature", "properties": {}, "geometry": {"type": "Point", "coordinates": [77.56244, 13.07133]}}, {"type": "Feature", "properties": {}, "geometry": {"type": "Point", "coordinates": [77.56223, 13.07174]}}, {"type": "Feature", "properties": {}, "geometry": {"type": "Point", "coordinates": [77.56207, 13.07553]}}, {"type": "Feature", "properties": {}, "geometry": {"type": "Point", "coordinates": [77.56373, 13.07438]}}, {"type": "Feature", "properties": {}, "geometry": {"type": "Point", "coordinates": [77.56413, 13.07544]}}, {"type": "Feature", "properties": {}, "geometry": {"type": "Point", "coordinates": [77.5646, 13.07611]}}, {"type": "Feature", "properties": {}, "geometry": {"type": "Point", "coordinates": [77.56354, 13.07703]}}, {"type": "Feature", "properties": {}, "geometry": {"type": "Point", "coordinates": [77.56229, 13.07746]}}, {"type": "Feature", "properties": {}, "geometry": {"type": "Point", "coordinates": [77.56207, 13.07798]}}, {"type": "Feature", "properties": {}, "geometry": {"type": "Point", "coordinates": [77.56281, 13.07872]}}, {"type": "Feature", "properties": {}, "geometry": {"type": "Point", "coordinates": [77.56314, 13.07856]}}, {"type": "Feature", "properties": {}, "geometry": {"type": "Point", "coordinates": [77.56082, 13.07558]}}, {"type": "Feature", "properties": {}, "geometry": {"type": "Point", "coordinates": [77.56892, 13.07447]}}, {"type": "Feature", "properties": {}, "geometry": {"type": "Point", "coordinates": [77.56996, 13.07446]}}, {"type": "Feature", "properties": {}, "geometry": {"type": "Point", "coordinates": [77.56743, 13.07476]}}, {"type": "Feature", "properties": {}, "geometry": {"type": "Point", "coordinates": [77.56628, 13.07412]}}, {"type": "Feature", "properties": {}, "geometry": {"type": "Point", "coordinates": [77.56655, 13.07318]}}, {"type": "Feature", "properties": {}, "geometry": {"type": "Point", "coordinates": [77.56579, 13.07313]}}, {"type": "Feature", "properties": {}, "geometry": {"type": "Point", "coordinates": [77.56428, 13.07212]}}, {"type": "Feature", "properties": {}, "geometry": {"type": "Point", "coordinates": [77.56359, 13.07111]}}, {"type": "Feature", "properties": {}, "geometry": {"type": "Point", "coordinates": [77.56592, 13.07091]}}, {"type": "Feature", "properties": {}, "geometry": {"type": "Point", "coordinates": [77.56543, 13.0706]}}, {"type": "Feature", "properties": {}, "geometry": {"type": "Point", "coordinates": [77.56472, 13.06893]}}, {"type": "Feature", "properties": {}, "geometry": {"type": "Point", "coordinates": [77.56656, 13.07001]}}, {"type": "Feature", "properties": {}, "geometry": {"type": "Point", "coordinates": [77.56611, 13.06764]}}, {"type": "Feature", "properties": {}, "geometry": {"type": "Point", "coordinates": [77.56575, 13.06758]}}, {"type": "Feature", "properties": {}, "geometry": {"type": "Point", "coordinates": [77.5657, 13.06726]}}, {"type": "Feature", "properties": {}, "geometry": {"type": "Point", "coordinates": [77.56667, 13.06745]}}, {"type": "Feature", "properties": {}, "geometry": {"type": "Point", "coordinates": [77.56727, 13.06813]}}, {"type": "Feature", "properties": {}, "geometry": {"type": "Point", "coordinates": [77.56732, 13.06887]}}, {"type": "Feature", "properties": {}, "geometry": {"type": "Point", "coordinates": [77.56784, 13.0705]}}, {"type": "Feature", "properties": {}, "geometry": {"type": "Point", "coordinates": [77.56598, 13.07122]}}, {"type": "Feature", "properties": {}, "geometry": {"type": "Point", "coordinates": [77.56632, 13.07141]}}, {"type": "Feature", "properties": {}, "geometry": {"type": "Point", "coordinates": [77.56879, 13.07361]}}, {"type": "Feature", "properties": {}, "geometry": {"type": "Point", "coordinates": [77.56808, 13.07154]}}, {"type": "Feature", "properties": {}, "geometry": {"type": "Point", "coordinates": [77.56952, 13.07206]}}, {"type": "Feature", "properties": {}, "geometry": {"type": "Point", "coordinates": [77.56968, 13.07283]}}, {"type": "Feature", "properties": {}, "geometry": {"type": "Point", "coordinates": [77.57036, 13.07311]}}, {"type": "Feature", "properties": {}, "geometry": {"type": "Point", "coordinates": [77.56856, 13.07331]}}, {"type": "Feature", "properties": {}, "geometry": {"type": "Point", "coordinates": [77.57324, 13.07145]}}, {"type": "Feature", "properties": {}, "geometry": {"type": "Point", "coordinates": [77.57387, 13.0717]}}, {"type": "Feature", "properties": {}, "geometry": {"type": "Point", "coordinates": [77.57109, 13.07094]}}, {"type": "Feature", "properties": {}, "geometry": {"type": "Point", "coordinates": [77.57361, 13.07009]}}, {"type": "Feature", "properties": {}, "geometry": {"type": "Point", "coordinates": [77.57487, 13.06839]}}, {"type": "Feature", "properties": {}, "geometry": {"type": "Point", "coordinates": [77.5751, 13.06692]}}, {"type": "Feature", "properties": {}, "geometry": {"type": "Point", "coordinates": [77.57511, 13.06518]}}, {"type": "Feature", "properties": {}, "geometry": {"type": "Point", "coordinates": [77.57459, 13.06609]}}, {"type": "Feature", "properties": {}, "geometry": {"type": "Point", "coordinates": [77.57465, 13.06717]}}, {"type": "Feature", "properties": {}, "geometry": {"type": "Point", "coordinates": [77.5735, 13.06514]}}, {"type": "Feature", "properties": {}, "geometry": {"type": "Point", "coordinates": [77.57143, 13.0634]}}, {"type": "Feature", "properties": {}, "geometry": {"type": "Point", "coordinates": [77.57089, 13.06304]}}, {"type": "Feature", "properties": {}, "geometry": {"type": "Point", "coordinates": [77.56967, 13.06419]}}, {"type": "Feature", "properties": {}, "geometry": {"type": "Point", "coordinates": [77.56695, 13.06492]}}, {"type": "Feature", "properties": {}, "geometry": {"type": "Point", "coordinates": [77.56731, 13.06607]}}, {"type": "Feature", "properties": {}, "geometry": {"type": "Point", "coordinates": [77.56713, 13.06664]}}, {"type": "Feature", "properties": {}, "geometry": {"type": "Point", "coordinates": [77.56743, 13.06739]}}, {"type": "Feature", "properties": {}, "geometry": {"type": "Point", "coordinates": [77.56784, 13.06663]}}, {"type": "Feature", "properties": {}, "geometry": {"type": "Point", "coordinates": [77.56082, 13.07034]}}, {"type": "Feature", "properties": {}, "geometry": {"type": "Point", "coordinates": [77.57941, 13.06974]}}, {"type": "Feature", "properties": {}, "geometry": {"type": "Point", "coordinates": [77.57962, 13.06982]}}, {"type": "Feature", "properties": {}, "geometry": {"type": "Point", "coordinates": [77.57901, 13.0684]}}, {"type": "Feature", "properties": {}, "geometry": {"type": "Point", "coordinates": [77.55567, 13.07357]}}, {"type": "Feature", "properties": {}, "geometry": {"type": "Point", "coordinates": [77.56017, 13.07267]}}, {"type": "Feature", "properties": {}, "geometry": {"type": "Point", "coordinates": [77.55742, 13.08217]}}, {"type": "Feature", "properties": {}, "geometry": {"type": "Point", "coordinates": [77.57346, 13.06758]}}, {"type": "Feature", "properties": {}, "geometry": {"type": "Point", "coordinates": [77.56465, 13.06011]}}, {"type": "Feature", "properties": {}, "geometry": {"type": "Point", "coordinates": [77.57853, 13.07019]}}, {"type": "Feature", "properties": {}, "geometry": {"type": "Point", "coordinates": [77.57263, 13.06115]}}, {"type": "Feature", "properties": {}, "geometry": {"type": "Point", "coordinates": [77.5705, 13.06256]}}, {"type": "Feature", "properties": {}, "geometry": {"type": "Point", "coordinates": [77.55404, 13.07999]}}, {"type": "Feature", "properties": {}, "geometry": {"type": "Point", "coordinates": [77.56813, 13.0739]}}, {"type": "Feature", "properties": {}, "geometry": {"type": "Point", "coordinates": [77.56322, 13.06153]}}, {"type": "Feature", "properties": {}, "geometry": {"type": "Point", "coordinates": [77.56473, 13.05915]}}, {"type": "Feature", "properties": {}, "geometry": {"type": "Point", "coordinates": [77.56878, 13.07475]}}, {"type": "Feature", "properties": {}, "geometry": {"type": "Point", "coordinates": [77.56882, 13.07463]}}, {"type": "Feature", "properties": {}, "geometry": {"type": "Point", "coordinates": [77.60561, 13.07671]}}, {"type": "Feature", "properties": {}, "geometry": {"type": "Point", "coordinates": [77.60589, 13.07658]}}, {"type": "Feature", "properties": {}, "geometry": {"type": "Point", "coordinates": [77.60642, 13.07629]}}, {"type": "Feature", "properties": {}, "geometry": {"type": "Point", "coordinates": [77.60733, 13.07599]}}, {"type": "Feature", "properties": {}, "geometry": {"type": "Point", "coordinates": [77.60839, 13.07478]}}, {"type": "Feature", "properties": {}, "geometry": {"type": "Point", "coordinates": [77.60534, 13.07462]}}, {"type": "Feature", "properties": {}, "geometry": {"type": "Point", "coordinates": [77.61751, 13.06672]}}, {"type": "Feature", "properties": {}, "geometry": {"type": "Point", "coordinates": [77.61876, 13.06672]}}, {"type": "Feature", "properties": {}, "geometry": {"type": "Point", "coordinates": [77.61883, 13.06809]}}, {"type": "Feature", "properties": {}, "geometry": {"type": "Point", "coordinates": [77.61943, 13.0681]}}, {"type": "Feature", "properties": {}, "geometry": {"type": "Point", "coordinates": [77.61649, 13.0751]}}, {"type": "Feature", "properties": {}, "geometry": {"type": "Point", "coordinates": [77.61801, 13.07815]}}, {"type": "Feature", "properties": {}, "geometry": {"type": "Point", "coordinates": [77.61794, 13.07847]}}, {"type": "Feature", "properties": {}, "geometry": {"type": "Point", "coordinates": [77.6188, 13.08744]}}, {"type": "Feature", "properties": {}, "geometry": {"type": "Point", "coordinates": [77.62372, 13.09066]}}, {"type": "Feature", "properties": {}, "geometry": {"type": "Point", "coordinates": [77.62456, 13.09756]}}, {"type": "Feature", "properties": {}, "geometry": {"type": "Point", "coordinates": [77.62363, 13.09852]}}, {"type": "Feature", "properties": {}, "geometry": {"type": "Point", "coordinates": [77.62515, 13.09806]}}, {"type": "Feature", "properties": {}, "geometry": {"type": "Point", "coordinates": [77.62636, 13.09582]}}, {"type": "Feature", "properties": {}, "geometry": {"type": "Point", "coordinates": [77.51511, 13.04438]}}, {"type": "Feature", "properties": {}, "geometry": {"type": "Point", "coordinates": [77.50899, 13.04524]}}, {"type": "Feature", "properties": {}, "geometry": {"type": "Point", "coordinates": [77.50917, 13.04564]}}, {"type": "Feature", "properties": {}, "geometry": {"type": "Point", "coordinates": [77.51149, 13.04625]}}, {"type": "Feature", "properties": {}, "geometry": {"type": "Point", "coordinates": [77.51309, 13.04724]}}, {"type": "Feature", "properties": {}, "geometry": {"type": "Point", "coordinates": [77.51924, 13.04681]}}, {"type": "Feature", "properties": {}, "geometry": {"type": "Point", "coordinates": [77.51568, 13.04694]}}, {"type": "Feature", "properties": {}, "geometry": {"type": "Point", "coordinates": [77.51043, 13.04438]}}, {"type": "Feature", "properties": {}, "geometry": {"type": "Point", "coordinates": [77.51145, 13.0479]}}, {"type": "Feature", "properties": {}, "geometry": {"type": "Point", "coordinates": [77.56074, 12.99273]}}, {"type": "Feature", "properties": {}, "geometry": {"type": "Point", "coordinates": [77.5635, 12.9936]}}, {"type": "Feature", "properties": {}, "geometry": {"type": "Point", "coordinates": [77.56154, 12.99257]}}, {"type": "Feature", "properties": {}, "geometry": {"type": "Point", "coordinates": [77.56165, 12.99192]}}, {"type": "Feature", "properties": {}, "geometry": {"type": "Point", "coordinates": [77.56227, 12.99205]}}, {"type": "Feature", "properties": {}, "geometry": {"type": "Point", "coordinates": [77.56258, 12.99156]}}, {"type": "Feature", "properties": {}, "geometry": {"type": "Point", "coordinates": [77.56194, 12.99124]}}, {"type": "Feature", "properties": {}, "geometry": {"type": "Point", "coordinates": [77.56198, 12.99002]}}, {"type": "Feature", "properties": {}, "geometry": {"type": "Point", "coordinates": [77.56195, 12.98883]}}, {"type": "Feature", "properties": {}, "geometry": {"type": "Point", "coordinates": [77.56514, 12.98995]}}, {"type": "Feature", "properties": {}, "geometry": {"type": "Point", "coordinates": [77.56481, 12.98985]}}, {"type": "Feature", "properties": {}, "geometry": {"type": "Point", "coordinates": [77.56589, 12.98938]}}, {"type": "Feature", "properties": {}, "geometry": {"type": "Point", "coordinates": [77.56568, 12.99068]}}, {"type": "Feature", "properties": {}, "geometry": {"type": "Point", "coordinates": [77.56452, 12.9914]}}, {"type": "Feature", "properties": {}, "geometry": {"type": "Point", "coordinates": [77.56226, 12.99277]}}, {"type": "Feature", "properties": {}, "geometry": {"type": "Point", "coordinates": [77.54163, 12.98974]}}, {"type": "Feature", "properties": {}, "geometry": {"type": "Point", "coordinates": [77.54242, 12.98983]}}, {"type": "Feature", "properties": {}, "geometry": {"type": "Point", "coordinates": [77.54196, 12.99119]}}, {"type": "Feature", "properties": {}, "geometry": {"type": "Point", "coordinates": [77.54197, 12.99301]}}, {"type": "Feature", "properties": {}, "geometry": {"type": "Point", "coordinates": [77.54523, 12.99234]}}, {"type": "Feature", "properties": {}, "geometry": {"type": "Point", "coordinates": [77.54369, 12.98914]}}, {"type": "Feature", "properties": {}, "geometry": {"type": "Point", "coordinates": [77.54395, 12.98886]}}, {"type": "Feature", "properties": {}, "geometry": {"type": "Point", "coordinates": [77.5436, 12.99443]}}, {"type": "Feature", "properties": {}, "geometry": {"type": "Point", "coordinates": [77.54502, 12.98912]}}, {"type": "Feature", "properties": {}, "geometry": {"type": "Point", "coordinates": [77.54423, 12.98901]}}, {"type": "Feature", "properties": {}, "geometry": {"type": "Point", "coordinates": [77.54519, 12.99458]}}, {"type": "Feature", "properties": {}, "geometry": {"type": "Point", "coordinates": [77.54471, 12.99415]}}, {"type": "Feature", "properties": {}, "geometry": {"type": "Point", "coordinates": [77.54386, 12.9934]}}, {"type": "Feature", "properties": {}, "geometry": {"type": "Point", "coordinates": [77.54247, 12.99374]}}, {"type": "Feature", "properties": {}, "geometry": {"type": "Point", "coordinates": [77.54284, 12.99176]}}, {"type": "Feature", "properties": {}, "geometry": {"type": "Point", "coordinates": [77.54371, 12.99003]}}, {"type": "Feature", "properties": {}, "geometry": {"type": "Point", "coordinates": [77.54856, 12.99699]}}, {"type": "Feature", "properties": {}, "geometry": {"type": "Point", "coordinates": [77.54929, 12.99554]}}, {"type": "Feature", "properties": {}, "geometry": {"type": "Point", "coordinates": [77.54613, 12.99565]}}, {"type": "Feature", "properties": {}, "geometry": {"type": "Point", "coordinates": [77.54837, 12.99514]}}, {"type": "Feature", "properties": {}, "geometry": {"type": "Point", "coordinates": [77.54529, 12.99529]}}, {"type": "Feature", "properties": {}, "geometry": {"type": "Point", "coordinates": [77.54703, 12.99541]}}, {"type": "Feature", "properties": {}, "geometry": {"type": "Point", "coordinates": [77.54967, 12.99488]}}, {"type": "Feature", "properties": {}, "geometry": {"type": "Point", "coordinates": [77.54991, 12.99651]}}, {"type": "Feature", "properties": {}, "geometry": {"type": "Point", "coordinates": [77.54779, 12.99389]}}, {"type": "Feature", "properties": {}, "geometry": {"type": "Point", "coordinates": [77.54883, 12.99472]}}, {"type": "Feature", "properties": {}, "geometry": {"type": "Point", "coordinates": [77.55059, 12.99559]}}, {"type": "Feature", "properties": {}, "geometry": {"type": "Point", "coordinates": [77.55602, 12.99299]}}, {"type": "Feature", "properties": {}, "geometry": {"type": "Point", "coordinates": [77.54943, 12.99704]}}, {"type": "Feature", "properties": {}, "geometry": {"type": "Point", "coordinates": [77.54726, 12.99461]}}, {"type": "Feature", "properties": {}, "geometry": {"type": "Point", "coordinates": [77.55445, 12.99447]}}, {"type": "Feature", "properties": {}, "geometry": {"type": "Point", "coordinates": [77.55379, 12.9945]}}, {"type": "Feature", "properties": {}, "geometry": {"type": "Point", "coordinates": [77.55498, 12.99341]}}, {"type": "Feature", "properties": {}, "geometry": {"type": "Point", "coordinates": [77.55296, 12.99036]}}, {"type": "Feature", "properties": {}, "geometry": {"type": "Point", "coordinates": [77.55557, 12.99294]}}, {"type": "Feature", "properties": {}, "geometry": {"type": "Point", "coordinates": [77.55604, 12.99089]}}, {"type": "Feature", "properties": {}, "geometry": {"type": "Point", "coordinates": [77.55575, 12.992]}}, {"type": "Feature", "properties": {}, "geometry": {"type": "Point", "coordinates": [77.5444, 12.99593]}}, {"type": "Feature", "properties": {}, "geometry": {"type": "Point", "coordinates": [77.55604, 12.99119]}}, {"type": "Feature", "properties": {}, "geometry": {"type": "Point", "coordinates": [77.55655, 12.99097]}}, {"type": "Feature", "properties": {}, "geometry": {"type": "Point", "coordinates": [77.55479, 12.99235]}}, {"type": "Feature", "properties": {}, "geometry": {"type": "Point", "coordinates": [77.55457, 12.99218]}}, {"type": "Feature", "properties": {}, "geometry": {"type": "Point", "coordinates": [77.55188, 12.99448]}}, {"type": "Feature", "properties": {}, "geometry": {"type": "Point", "coordinates": [77.55177, 12.99726]}}, {"type": "Feature", "properties": {}, "geometry": {"type": "Point", "coordinates": [77.55127, 12.99727]}}, {"type": "Feature", "properties": {}, "geometry": {"type": "Point", "coordinates": [77.55035, 12.99375]}}, {"type": "Feature", "properties": {}, "geometry": {"type": "Point", "coordinates": [77.53228, 12.99107]}}, {"type": "Feature", "properties": {}, "geometry": {"type": "Point", "coordinates": [77.53823, 12.99091]}}, {"type": "Feature", "properties": {}, "geometry": {"type": "Point", "coordinates": [77.53803, 12.99004]}}, {"type": "Feature", "properties": {}, "geometry": {"type": "Point", "coordinates": [77.5376, 12.9893]}}, {"type": "Feature", "properties": {}, "geometry": {"type": "Point", "coordinates": [77.53077, 12.98749]}}, {"type": "Feature", "properties": {}, "geometry": {"type": "Point", "coordinates": [77.52961, 12.98571]}}, {"type": "Feature", "properties": {}, "geometry": {"type": "Point", "coordinates": [77.52914, 12.98542]}}, {"type": "Feature", "properties": {}, "geometry": {"type": "Point", "coordinates": [77.53096, 12.98366]}}, {"type": "Feature", "properties": {}, "geometry": {"type": "Point", "coordinates": [77.53105, 12.98439]}}, {"type": "Feature", "properties": {}, "geometry": {"type": "Point", "coordinates": [77.53072, 12.98455]}}, {"type": "Feature", "properties": {}, "geometry": {"type": "Point", "coordinates": [77.53097, 12.98633]}}, {"type": "Feature", "properties": {}, "geometry": {"type": "Point", "coordinates": [77.53176, 12.9827]}}, {"type": "Feature", "properties": {}, "geometry": {"type": "Point", "coordinates": [77.53268, 12.98256]}}, {"type": "Feature", "properties": {}, "geometry": {"type": "Point", "coordinates": [77.53507, 12.98406]}}, {"type": "Feature", "properties": {}, "geometry": {"type": "Point", "coordinates": [77.53576, 12.98436]}}, {"type": "Feature", "properties": {}, "geometry": {"type": "Point", "coordinates": [77.53561, 12.98523]}}, {"type": "Feature", "properties": {}, "geometry": {"type": "Point", "coordinates": [77.53506, 12.98594]}}, {"type": "Feature", "properties": {}, "geometry": {"type": "Point", "coordinates": [77.53245, 12.98825]}}, {"type": "Feature", "properties": {}, "geometry": {"type": "Point", "coordinates": [77.53386, 12.99156]}}, {"type": "Feature", "properties": {}, "geometry": {"type": "Point", "coordinates": [77.62969, 13.07358]}}, {"type": "Feature", "properties": {}, "geometry": {"type": "Point", "coordinates": [77.61145, 13.10078]}}, {"type": "Feature", "properties": {}, "geometry": {"type": "Point", "coordinates": [77.6118, 13.10094]}}, {"type": "Feature", "properties": {}, "geometry": {"type": "Point", "coordinates": [77.62773, 13.09675]}}, {"type": "Feature", "properties": {}, "geometry": {"type": "Point", "coordinates": [77.62694, 13.09786]}}, {"type": "Feature", "properties": {}, "geometry": {"type": "Point", "coordinates": [77.62771, 13.10005]}}, {"type": "Feature", "properties": {}, "geometry": {"type": "Point", "coordinates": [77.62455, 13.09765]}}, {"type": "Feature", "properties": {}, "geometry": {"type": "Point", "coordinates": [77.62987, 13.10051]}}, {"type": "Feature", "properties": {}, "geometry": {"type": "Point", "coordinates": [77.63129, 13.07649]}}, {"type": "Feature", "properties": {}, "geometry": {"type": "Point", "coordinates": [77.6147, 13.07936]}}, {"type": "Feature", "properties": {}, "geometry": {"type": "Point", "coordinates": [77.63253, 13.10863]}}, {"type": "Feature", "properties": {}, "geometry": {"type": "Point", "coordinates": [77.62592, 13.07287]}}, {"type": "Feature", "properties": {}, "geometry": {"type": "Point", "coordinates": [77.62575, 13.07241]}}, {"type": "Feature", "properties": {}, "geometry": {"type": "Point", "coordinates": [77.63053, 13.07229]}}, {"type": "Feature", "properties": {}, "geometry": {"type": "Point", "coordinates": [77.62464, 13.04124]}}, {"type": "Feature", "properties": {}, "geometry": {"type": "Point", "coordinates": [77.62521, 13.04306]}}, {"type": "Feature", "properties": {}, "geometry": {"type": "Point", "coordinates": [77.62418, 13.04378]}}, {"type": "Feature", "properties": {}, "geometry": {"type": "Point", "coordinates": [77.62439, 13.04421]}}, {"type": "Feature", "properties": {}, "geometry": {"type": "Point", "coordinates": [77.61828, 13.04162]}}, {"type": "Feature", "properties": {}, "geometry": {"type": "Point", "coordinates": [77.61667, 13.04163]}}, {"type": "Feature", "properties": {}, "geometry": {"type": "Point", "coordinates": [77.61637, 13.04171]}}, {"type": "Feature", "properties": {}, "geometry": {"type": "Point", "coordinates": [77.62221, 13.03945]}}, {"type": "Feature", "properties": {}, "geometry": {"type": "Point", "coordinates": [77.62215, 13.04083]}}, {"type": "Feature", "properties": {}, "geometry": {"type": "Point", "coordinates": [77.61799, 13.04105]}}, {"type": "Feature", "properties": {}, "geometry": {"type": "Point", "coordinates": [77.61759, 13.04226]}}, {"type": "Feature", "properties": {}, "geometry": {"type": "Point", "coordinates": [77.61759, 13.04226]}}, {"type": "Feature", "properties": {}, "geometry": {"type": "Point", "coordinates": [77.62245, 13.04186]}}, {"type": "Feature", "properties": {}, "geometry": {"type": "Point", "coordinates": [77.62107, 13.04267]}}, {"type": "Feature", "properties": {}, "geometry": {"type": "Point", "coordinates": [77.62267, 13.03941]}}, {"type": "Feature", "properties": {}, "geometry": {"type": "Point", "coordinates": [77.56767, 13.04714]}}, {"type": "Feature", "properties": {}, "geometry": {"type": "Point", "coordinates": [77.56743, 13.04705]}}, {"type": "Feature", "properties": {}, "geometry": {"type": "Point", "coordinates": [77.56772, 13.04712]}}, {"type": "Feature", "properties": {}, "geometry": {"type": "Point", "coordinates": [77.56736, 13.04729]}}, {"type": "Feature", "properties": {}, "geometry": {"type": "Point", "coordinates": [77.56735, 13.0479]}}, {"type": "Feature", "properties": {}, "geometry": {"type": "Point", "coordinates": [77.5675, 13.0489]}}, {"type": "Feature", "properties": {}, "geometry": {"type": "Point", "coordinates": [77.56774, 13.04945]}}, {"type": "Feature", "properties": {}, "geometry": {"type": "Point", "coordinates": [77.56778, 13.05065]}}, {"type": "Feature", "properties": {}, "geometry": {"type": "Point", "coordinates": [77.56982, 13.05108]}}, {"type": "Feature", "properties": {}, "geometry": {"type": "Point", "coordinates": [77.5703, 13.05096]}}, {"type": "Feature", "properties": {}, "geometry": {"type": "Point", "coordinates": [77.56995, 13.04982]}}, {"type": "Feature", "properties": {}, "geometry": {"type": "Point", "coordinates": [77.56806, 13.0485]}}, {"type": "Feature", "properties": {}, "geometry": {"type": "Point", "coordinates": [77.56915, 13.04754]}}, {"type": "Feature", "properties": {}, "geometry": {"type": "Point", "coordinates": [77.57144, 13.05092]}}, {"type": "Feature", "properties": {}, "geometry": {"type": "Point", "coordinates": [77.57261, 13.05022]}}, {"type": "Feature", "properties": {}, "geometry": {"type": "Point", "coordinates": [77.57183, 13.04825]}}, {"type": "Feature", "properties": {}, "geometry": {"type": "Point", "coordinates": [77.57168, 13.04834]}}, {"type": "Feature", "properties": {}, "geometry": {"type": "Point", "coordinates": [77.57334, 13.04954]}}, {"type": "Feature", "properties": {}, "geometry": {"type": "Point", "coordinates": [77.57367, 13.0482]}}, {"type": "Feature", "properties": {}, "geometry": {"type": "Point", "coordinates": [77.57422, 13.04874]}}, {"type": "Feature", "properties": {}, "geometry": {"type": "Point", "coordinates": [77.57444, 13.04782]}}, {"type": "Feature", "properties": {}, "geometry": {"type": "Point", "coordinates": [77.57672, 13.05331]}}, {"type": "Feature", "properties": {}, "geometry": {"type": "Point", "coordinates": [77.57713, 13.05362]}}, {"type": "Feature", "properties": {}, "geometry": {"type": "Point", "coordinates": [77.57812, 13.05201]}}, {"type": "Feature", "properties": {}, "geometry": {"type": "Point", "coordinates": [77.57866, 13.05207]}}, {"type": "Feature", "properties": {}, "geometry": {"type": "Point", "coordinates": [77.57833, 13.04979]}}, {"type": "Feature", "properties": {}, "geometry": {"type": "Point", "coordinates": [77.57664, 13.04952]}}, {"type": "Feature", "properties": {}, "geometry": {"type": "Point", "coordinates": [77.57627, 13.04873]}}, {"type": "Feature", "properties": {}, "geometry": {"type": "Point", "coordinates": [77.5777, 13.04831]}}, {"type": "Feature", "properties": {}, "geometry": {"type": "Point", "coordinates": [77.57807, 13.04869]}}, {"type": "Feature", "properties": {}, "geometry": {"type": "Point", "coordinates": [77.57879, 13.04835]}}, {"type": "Feature", "properties": {}, "geometry": {"type": "Point", "coordinates": [77.57875, 13.05368]}}, {"type": "Feature", "properties": {}, "geometry": {"type": "Point", "coordinates": [77.57741, 13.05678]}}, {"type": "Feature", "properties": {}, "geometry": {"type": "Point", "coordinates": [77.57757, 13.05587]}}, {"type": "Feature", "properties": {}, "geometry": {"type": "Point", "coordinates": [77.57922, 13.05729]}}, {"type": "Feature", "properties": {}, "geometry": {"type": "Point", "coordinates": [77.58082, 13.05569]}}, {"type": "Feature", "properties": {}, "geometry": {"type": "Point", "coordinates": [77.58184, 13.05646]}}, {"type": "Feature", "properties": {}, "geometry": {"type": "Point", "coordinates": [77.5828, 13.05774]}}, {"type": "Feature", "properties": {}, "geometry": {"type": "Point", "coordinates": [77.58285, 13.05632]}}, {"type": "Feature", "properties": {}, "geometry": {"type": "Point", "coordinates": [77.58309, 13.05648]}}, {"type": "Feature", "properties": {}, "geometry": {"type": "Point", "coordinates": [77.58198, 13.05407]}}, {"type": "Feature", "properties": {}, "geometry": {"type": "Point", "coordinates": [77.58214, 13.05396]}}, {"type": "Feature", "properties": {}, "geometry": {"type": "Point", "coordinates": [77.58411, 13.05854]}}, {"type": "Feature", "properties": {}, "geometry": {"type": "Point", "coordinates": [77.58199, 13.05844]}}, {"type": "Feature", "properties": {}, "geometry": {"type": "Point", "coordinates": [77.58008, 13.06025]}}, {"type": "Feature", "properties": {}, "geometry": {"type": "Point", "coordinates": [77.57998, 13.06028]}}, {"type": "Feature", "properties": {}, "geometry": {"type": "Point", "coordinates": [77.57509, 13.05887]}}, {"type": "Feature", "properties": {}, "geometry": {"type": "Point", "coordinates": [77.5744, 13.05893]}}, {"type": "Feature", "properties": {}, "geometry": {"type": "Point", "coordinates": [77.5742, 13.05993]}}, {"type": "Feature", "properties": {}, "geometry": {"type": "Point", "coordinates": [77.5741, 13.06004]}}, {"type": "Feature", "properties": {}, "geometry": {"type": "Point", "coordinates": [77.57706, 13.05813]}}, {"type": "Feature", "properties": {}, "geometry": {"type": "Point", "coordinates": [77.57531, 13.06175]}}, {"type": "Feature", "properties": {}, "geometry": {"type": "Point", "coordinates": [77.57582, 13.06196]}}, {"type": "Feature", "properties": {}, "geometry": {"type": "Point", "coordinates": [77.57679, 13.0622]}}, {"type": "Feature", "properties": {}, "geometry": {"type": "Point", "coordinates": [77.57922, 13.06089]}}, {"type": "Feature", "properties": {}, "geometry": {"type": "Point", "coordinates": [77.57887, 13.06166]}}, {"type": "Feature", "properties": {}, "geometry": {"type": "Point", "coordinates": [77.57861, 13.06181]}}, {"type": "Feature", "properties": {}, "geometry": {"type": "Point", "coordinates": [77.57833, 13.06099]}}, {"type": "Feature", "properties": {}, "geometry": {"type": "Point", "coordinates": [77.57815, 13.06036]}}, {"type": "Feature", "properties": {}, "geometry": {"type": "Point", "coordinates": [77.57757, 13.06032]}}, {"type": "Feature", "properties": {}, "geometry": {"type": "Point", "coordinates": [77.57785, 13.0615]}}, {"type": "Feature", "properties": {}, "geometry": {"type": "Point", "coordinates": [77.58137, 13.06331]}}, {"type": "Feature", "properties": {}, "geometry": {"type": "Point", "coordinates": [77.58522, 13.05899]}}, {"type": "Feature", "properties": {}, "geometry": {"type": "Point", "coordinates": [77.58475, 13.05914]}}, {"type": "Feature", "properties": {}, "geometry": {"type": "Point", "coordinates": [77.58381, 13.05914]}}, {"type": "Feature", "properties": {}, "geometry": {"type": "Point", "coordinates": [77.57428, 13.05721]}}, {"type": "Feature", "properties": {}, "geometry": {"type": "Point", "coordinates": [77.58123, 13.06341]}}, {"type": "Feature", "properties": {}, "geometry": {"type": "Point", "coordinates": [77.56956, 13.04804]}}, {"type": "Feature", "properties": {}, "geometry": {"type": "Point", "coordinates": [77.57135, 13.05068]}}, {"type": "Feature", "properties": {}, "geometry": {"type": "Point", "coordinates": [77.56875, 13.05229]}}, {"type": "Feature", "properties": {}, "geometry": {"type": "Point", "coordinates": [77.56759, 13.04825]}}, {"type": "Feature", "properties": {}, "geometry": {"type": "Point", "coordinates": [77.58171, 13.05254]}}, {"type": "Feature", "properties": {}, "geometry": {"type": "Point", "coordinates": [77.57535, 13.05107]}}, {"type": "Feature", "properties": {}, "geometry": {"type": "Point", "coordinates": [77.57063, 13.05481]}}, {"type": "Feature", "properties": {}, "geometry": {"type": "Point", "coordinates": [77.58047, 13.05524]}}, {"type": "Feature", "properties": {}, "geometry": {"type": "Point", "coordinates": [77.57713, 13.05645]}}, {"type": "Feature", "properties": {}, "geometry": {"type": "Point", "coordinates": [77.57671, 13.04858]}}, {"type": "Feature", "properties": {}, "geometry": {"type": "Point", "coordinates": [77.58037, 13.05803]}}, {"type": "Feature", "properties": {}, "geometry": {"type": "Point", "coordinates": [77.57608, 13.06281]}}, {"type": "Feature", "properties": {}, "geometry": {"type": "Point", "coordinates": [77.57728, 13.05817]}}, {"type": "Feature", "properties": {}, "geometry": {"type": "Point", "coordinates": [77.57817, 13.05406]}}, {"type": "Feature", "properties": {}, "geometry": {"type": "Point", "coordinates": [77.58664, 13.05505]}}, {"type": "Feature", "properties": {}, "geometry": {"type": "Point", "coordinates": [77.58397, 13.05402]}}, {"type": "Feature", "properties": {}, "geometry": {"type": "Point", "coordinates": [77.58791, 13.05545]}}, {"type": "Feature", "properties": {}, "geometry": {"type": "Point", "coordinates": [77.59132, 13.05401]}}, {"type": "Feature", "properties": {}, "geometry": {"type": "Point", "coordinates": [77.58961, 13.05631]}}, {"type": "Feature", "properties": {}, "geometry": {"type": "Point", "coordinates": [77.59165, 13.05758]}}, {"type": "Feature", "properties": {}, "geometry": {"type": "Point", "coordinates": [77.59155, 13.05814]}}, {"type": "Feature", "properties": {}, "geometry": {"type": "Point", "coordinates": [77.59284, 13.05833]}}, {"type": "Feature", "properties": {}, "geometry": {"type": "Point", "coordinates": [77.59285, 13.05902]}}, {"type": "Feature", "properties": {}, "geometry": {"type": "Point", "coordinates": [77.58916, 13.06204]}}, {"type": "Feature", "properties": {}, "geometry": {"type": "Point", "coordinates": [77.58381, 13.06739]}}, {"type": "Feature", "properties": {}, "geometry": {"type": "Point", "coordinates": [77.58797, 13.06895]}}, {"type": "Feature", "properties": {}, "geometry": {"type": "Point", "coordinates": [77.58863, 13.06814]}}, {"type": "Feature", "properties": {}, "geometry": {"type": "Point", "coordinates": [77.58929, 13.06783]}}, {"type": "Feature", "properties": {}, "geometry": {"type": "Point", "coordinates": [77.58969, 13.06682]}}, {"type": "Feature", "properties": {}, "geometry": {"type": "Point", "coordinates": [77.59148, 13.06664]}}, {"type": "Feature", "properties": {}, "geometry": {"type": "Point", "coordinates": [77.59181, 13.06632]}}, {"type": "Feature", "properties": {}, "geometry": {"type": "Point", "coordinates": [77.59199, 13.06541]}}, {"type": "Feature", "properties": {}, "geometry": {"type": "Point", "coordinates": [77.59286, 13.06539]}}, {"type": "Feature", "properties": {}, "geometry": {"type": "Point", "coordinates": [77.5941, 13.06704]}}, {"type": "Feature", "properties": {}, "geometry": {"type": "Point", "coordinates": [77.59179, 13.07761]}}, {"type": "Feature", "properties": {}, "geometry": {"type": "Point", "coordinates": [77.59274, 13.07811]}}, {"type": "Feature", "properties": {}, "geometry": {"type": "Point", "coordinates": [77.59806, 13.06839]}}, {"type": "Feature", "properties": {}, "geometry": {"type": "Point", "coordinates": [77.5944, 13.06701]}}, {"type": "Feature", "properties": {}, "geometry": {"type": "Point", "coordinates": [77.59557, 13.06657]}}, {"type": "Feature", "properties": {}, "geometry": {"type": "Point", "coordinates": [77.59804, 13.06577]}}, {"type": "Feature", "properties": {}, "geometry": {"type": "Point", "coordinates": [77.59634, 13.06715]}}, {"type": "Feature", "properties": {}, "geometry": {"type": "Point", "coordinates": [77.59632, 13.06871]}}, {"type": "Feature", "properties": {}, "geometry": {"type": "Point", "coordinates": [77.59816, 13.06833]}}, {"type": "Feature", "properties": {}, "geometry": {"type": "Point", "coordinates": [77.59762, 13.07063]}}, {"type": "Feature", "properties": {}, "geometry": {"type": "Point", "coordinates": [77.5955, 13.07321]}}, {"type": "Feature", "properties": {}, "geometry": {"type": "Point", "coordinates": [77.59591, 13.0731]}}, {"type": "Feature", "properties": {}, "geometry": {"type": "Point", "coordinates": [77.59642, 13.07294]}}, {"type": "Feature", "properties": {}, "geometry": {"type": "Point", "coordinates": [77.5982, 13.07281]}}, {"type": "Feature", "properties": {}, "geometry": {"type": "Point", "coordinates": [77.59859, 13.07283]}}, {"type": "Feature", "properties": {}, "geometry": {"type": "Point", "coordinates": [77.59844, 13.07186]}}, {"type": "Feature", "properties": {}, "geometry": {"type": "Point", "coordinates": [77.59823, 13.0711]}}, {"type": "Feature", "properties": {}, "geometry": {"type": "Point", "coordinates": [77.59976, 13.07057]}}, {"type": "Feature", "properties": {}, "geometry": {"type": "Point", "coordinates": [77.60009, 13.07202]}}, {"type": "Feature", "properties": {}, "geometry": {"type": "Point", "coordinates": [77.60037, 13.07297]}}, {"type": "Feature", "properties": {}, "geometry": {"type": "Point", "coordinates": [77.60106, 13.07213]}}, {"type": "Feature", "properties": {}, "geometry": {"type": "Point", "coordinates": [77.60146, 13.07055]}}, {"type": "Feature", "properties": {}, "geometry": {"type": "Point", "coordinates": [77.60384, 13.07136]}}, {"type": "Feature", "properties": {}, "geometry": {"type": "Point", "coordinates": [77.60356, 13.07609]}}, {"type": "Feature", "properties": {}, "geometry": {"type": "Point", "coordinates": [77.60639, 13.06702]}}, {"type": "Feature", "properties": {}, "geometry": {"type": "Point", "coordinates": [77.60584, 13.06644]}}, {"type": "Feature", "properties": {}, "geometry": {"type": "Point", "coordinates": [77.60387, 13.06695]}}, {"type": "Feature", "properties": {}, "geometry": {"type": "Point", "coordinates": [77.59898, 13.06393]}}, {"type": "Feature", "properties": {}, "geometry": {"type": "Point", "coordinates": [77.59789, 13.06619]}}, {"type": "Feature", "properties": {}, "geometry": {"type": "Point", "coordinates": [77.59753, 13.0646]}}, {"type": "Feature", "properties": {}, "geometry": {"type": "Point", "coordinates": [77.59733, 13.06374]}}, {"type": "Feature", "properties": {}, "geometry": {"type": "Point", "coordinates": [77.59686, 13.06351]}}, {"type": "Feature", "properties": {}, "geometry": {"type": "Point", "coordinates": [77.60315, 13.06388]}}, {"type": "Feature", "properties": {}, "geometry": {"type": "Point", "coordinates": [77.60014, 13.06356]}}, {"type": "Feature", "properties": {}, "geometry": {"type": "Point", "coordinates": [77.60062, 13.06322]}}, {"type": "Feature", "properties": {}, "geometry": {"type": "Point", "coordinates": [77.60067, 13.06339]}}, {"type": "Feature", "properties": {}, "geometry": {"type": "Point", "coordinates": [77.60093, 13.06043]}}, {"type": "Feature", "properties": {}, "geometry": {"type": "Point", "coordinates": [77.59994, 13.05996]}}, {"type": "Feature", "properties": {}, "geometry": {"type": "Point", "coordinates": [77.59673, 13.05838]}}, {"type": "Feature", "properties": {}, "geometry": {"type": "Point", "coordinates": [77.59864, 13.0582]}}, {"type": "Feature", "properties": {}, "geometry": {"type": "Point", "coordinates": [77.5987, 13.05529]}}, {"type": "Feature", "properties": {}, "geometry": {"type": "Point", "coordinates": [77.59747, 13.05001]}}, {"type": "Feature", "properties": {}, "geometry": {"type": "Point", "coordinates": [77.6008, 13.05286]}}, {"type": "Feature", "properties": {}, "geometry": {"type": "Point", "coordinates": [77.60424, 13.05263]}}, {"type": "Feature", "properties": {}, "geometry": {"type": "Point", "coordinates": [77.60261, 13.05067]}}, {"type": "Feature", "properties": {}, "geometry": {"type": "Point", "coordinates": [77.60244, 13.05085]}}, {"type": "Feature", "properties": {}, "geometry": {"type": "Point", "coordinates": [77.60062, 13.05055]}}, {"type": "Feature", "properties": {}, "geometry": {"type": "Point", "coordinates": [77.60097, 13.05016]}}, {"type": "Feature", "properties": {}, "geometry": {"type": "Point", "coordinates": [77.60128, 13.0497]}}, {"type": "Feature", "properties": {}, "geometry": {"type": "Point", "coordinates": [77.60162, 13.04993]}}, {"type": "Feature", "properties": {}, "geometry": {"type": "Point", "coordinates": [77.60242, 13.05013]}}, {"type": "Feature", "properties": {}, "geometry": {"type": "Point", "coordinates": [77.60322, 13.04978]}}, {"type": "Feature", "properties": {}, "geometry": {"type": "Point", "coordinates": [77.60354, 13.04871]}}, {"type": "Feature", "properties": {}, "geometry": {"type": "Point", "coordinates": [77.60528, 13.04995]}}, {"type": "Feature", "properties": {}, "geometry": {"type": "Point", "coordinates": [77.60577, 13.05022]}}, {"type": "Feature", "properties": {}, "geometry": {"type": "Point", "coordinates": [77.60634, 13.05063]}}, {"type": "Feature", "properties": {}, "geometry": {"type": "Point", "coordinates": [77.60561, 13.05193]}}, {"type": "Feature", "properties": {}, "geometry": {"type": "Point", "coordinates": [77.60371, 13.05252]}}, {"type": "Feature", "properties": {}, "geometry": {"type": "Point", "coordinates": [77.59913, 13.04749]}}, {"type": "Feature", "properties": {}, "geometry": {"type": "Point", "coordinates": [77.59888, 13.04616]}}, {"type": "Feature", "properties": {}, "geometry": {"type": "Point", "coordinates": [77.60014, 13.04763]}}, {"type": "Feature", "properties": {}, "geometry": {"type": "Point", "coordinates": [77.60144, 13.04719]}}, {"type": "Feature", "properties": {}, "geometry": {"type": "Point", "coordinates": [77.60108, 13.04508]}}, {"type": "Feature", "properties": {}, "geometry": {"type": "Point", "coordinates": [77.59992, 13.04215]}}, {"type": "Feature", "properties": {}, "geometry": {"type": "Point", "coordinates": [77.59114, 13.04236]}}, {"type": "Feature", "properties": {}, "geometry": {"type": "Point", "coordinates": [77.60055, 13.07073]}}, {"type": "Feature", "properties": {}, "geometry": {"type": "Point", "coordinates": [77.58886, 13.0573]}}, {"type": "Feature", "properties": {}, "geometry": {"type": "Point", "coordinates": [77.5889, 13.05912]}}, {"type": "Feature", "properties": {}, "geometry": {"type": "Point", "coordinates": [77.58842, 13.05892]}}, {"type": "Feature", "properties": {}, "geometry": {"type": "Point", "coordinates": [77.60339, 13.06841]}}, {"type": "Feature", "properties": {}, "geometry": {"type": "Point", "coordinates": [77.60345, 13.07638]}}, {"type": "Feature", "properties": {}, "geometry": {"type": "Point", "coordinates": [77.59534, 13.06685]}}, {"type": "Feature", "properties": {}, "geometry": {"type": "Point", "coordinates": [77.6001, 13.04689]}}, {"type": "Feature", "properties": {}, "geometry": {"type": "Point", "coordinates": [77.61158, 13.04184]}}, {"type": "Feature", "properties": {}, "geometry": {"type": "Point", "coordinates": [77.61012, 13.04116]}}, {"type": "Feature", "properties": {}, "geometry": {"type": "Point", "coordinates": [77.60891, 13.04097]}}, {"type": "Feature", "properties": {}, "geometry": {"type": "Point", "coordinates": [77.61027, 13.03907]}}, {"type": "Feature", "properties": {}, "geometry": {"type": "Point", "coordinates": [77.59791, 13.07047]}}, {"type": "Feature", "properties": {}, "geometry": {"type": "Point", "coordinates": [77.59644, 13.06375]}}, {"type": "Feature", "properties": {}, "geometry": {"type": "Point", "coordinates": [77.59719, 13.07205]}}, {"type": "Feature", "properties": {}, "geometry": {"type": "Point", "coordinates": [77.59549, 13.0476]}}, {"type": "Feature", "properties": {}, "geometry": {"type": "Point", "coordinates": [77.59681, 13.05836]}}, {"type": "Feature", "properties": {}, "geometry": {"type": "Point", "coordinates": [77.60201, 13.0666]}}, {"type": "Feature", "properties": {}, "geometry": {"type": "Point", "coordinates": [77.60547, 13.07867]}}, {"type": "Feature", "properties": {}, "geometry": {"type": "Point", "coordinates": [77.59933, 13.05485]}}, {"type": "Feature", "properties": {}, "geometry": {"type": "Point", "coordinates": [77.60168, 13.06983]}}, {"type": "Feature", "properties": {}, "geometry": {"type": "Point", "coordinates": [77.60259, 13.06843]}}, {"type": "Feature", "properties": {}, "geometry": {"type": "Point", "coordinates": [77.60103, 13.07061]}}, {"type": "Feature", "properties": {}, "geometry": {"type": "Point", "coordinates": [77.5979, 13.06418]}}, {"type": "Feature", "properties": {}, "geometry": {"type": "Point", "coordinates": [77.60094, 13.06372]}}, {"type": "Feature", "properties": {}, "geometry": {"type": "Point", "coordinates": [77.60298, 13.04881]}}, {"type": "Feature", "properties": {}, "geometry": {"type": "Point", "coordinates": [77.60023, 13.04753]}}, {"type": "Feature", "properties": {}, "geometry": {"type": "Point", "coordinates": [77.60214, 13.0501]}}, {"type": "Feature", "properties": {}, "geometry": {"type": "Point", "coordinates": [77.59787, 13.04879]}}, {"type": "Feature", "properties": {}, "geometry": {"type": "Point", "coordinates": [77.59908, 13.05237]}}, {"type": "Feature", "properties": {}, "geometry": {"type": "Point", "coordinates": [77.59874, 13.05346]}}, {"type": "Feature", "properties": {}, "geometry": {"type": "Point", "coordinates": [77.59756, 13.05345]}}, {"type": "Feature", "properties": {}, "geometry": {"type": "Point", "coordinates": [77.59289, 13.06452]}}, {"type": "Feature", "properties": {}, "geometry": {"type": "Point", "coordinates": [77.59211, 13.05937]}}, {"type": "Feature", "properties": {}, "geometry": {"type": "Point", "coordinates": [77.58875, 13.05543]}}, {"type": "Feature", "properties": {}, "geometry": {"type": "Point", "coordinates": [77.5893, 13.0581]}}, {"type": "Feature", "properties": {}, "geometry": {"type": "Point", "coordinates": [77.59869, 13.04693]}}, {"type": "Feature", "properties": {}, "geometry": {"type": "Point", "coordinates": [77.59595, 13.04857]}}, {"type": "Feature", "properties": {}, "geometry": {"type": "Point", "coordinates": [77.58843, 13.06277]}}, {"type": "Feature", "properties": {}, "geometry": {"type": "Point", "coordinates": [77.58491, 13.06493]}}, {"type": "Feature", "properties": {}, "geometry": {"type": "Point", "coordinates": [77.58193, 13.06634]}}, {"type": "Feature", "properties": {}, "geometry": {"type": "Point", "coordinates": [77.51329, 13.05088]}}, {"type": "Feature", "properties": {}, "geometry": {"type": "Point", "coordinates": [77.50922, 13.05751]}}, {"type": "Feature", "properties": {}, "geometry": {"type": "Point", "coordinates": [77.51197, 13.05028]}}, {"type": "Feature", "properties": {}, "geometry": {"type": "Point", "coordinates": [77.51327, 13.05029]}}, {"type": "Feature", "properties": {}, "geometry": {"type": "Point", "coordinates": [77.51424, 13.0499]}}, {"type": "Feature", "properties": {}, "geometry": {"type": "Point", "coordinates": [77.51267, 13.04846]}}, {"type": "Feature", "properties": {}, "geometry": {"type": "Point", "coordinates": [77.51553, 13.04944]}}, {"type": "Feature", "properties": {}, "geometry": {"type": "Point", "coordinates": [77.51614, 13.04859]}}, {"type": "Feature", "properties": {}, "geometry": {"type": "Point", "coordinates": [77.51901, 13.05707]}}, {"type": "Feature", "properties": {}, "geometry": {"type": "Point", "coordinates": [77.51409, 13.04804]}}, {"type": "Feature", "properties": {}, "geometry": {"type": "Point", "coordinates": [77.51825, 13.05168]}}, {"type": "Feature", "properties": {}, "geometry": {"type": "Point", "coordinates": [77.51621, 13.05656]}}, {"type": "Feature", "properties": {}, "geometry": {"type": "Point", "coordinates": [77.51239, 13.05654]}}, {"type": "Feature", "properties": {}, "geometry": {"type": "Point", "coordinates": [77.5197, 13.05271]}}, {"type": "Feature", "properties": {}, "geometry": {"type": "Point", "coordinates": [77.5194, 13.05285]}}, {"type": "Feature", "properties": {}, "geometry": {"type": "Point", "coordinates": [77.51505, 13.04781]}}, {"type": "Feature", "properties": {}, "geometry": {"type": "Point", "coordinates": [77.51477, 13.04869]}}, {"type": "Feature", "properties": {}, "geometry": {"type": "Point", "coordinates": [77.51882, 13.05623]}}, {"type": "Feature", "properties": {}, "geometry": {"type": "Point", "coordinates": [77.51818, 13.04854]}}, {"type": "Feature", "properties": {}, "geometry": {"type": "Point", "coordinates": [77.51907, 13.05427]}}, {"type": "Feature", "properties": {}, "geometry": {"type": "Point", "coordinates": [77.51948, 13.05501]}}, {"type": "Feature", "properties": {}, "geometry": {"type": "Point", "coordinates": [77.51978, 13.05556]}}, {"type": "Feature", "properties": {}, "geometry": {"type": "Point", "coordinates": [77.51979, 13.05559]}}, {"type": "Feature", "properties": {}, "geometry": {"type": "Point", "coordinates": [77.5189, 13.05669]}}, {"type": "Feature", "properties": {}, "geometry": {"type": "Point", "coordinates": [77.5187, 13.05654]}}, {"type": "Feature", "properties": {}, "geometry": {"type": "Point", "coordinates": [77.5197, 13.05813]}}, {"type": "Feature", "properties": {}, "geometry": {"type": "Point", "coordinates": [77.52022, 13.05893]}}, {"type": "Feature", "properties": {}, "geometry": {"type": "Point", "coordinates": [77.51831, 13.06004]}}, {"type": "Feature", "properties": {}, "geometry": {"type": "Point", "coordinates": [77.51696, 13.05863]}}, {"type": "Feature", "properties": {}, "geometry": {"type": "Point", "coordinates": [77.51613, 13.05613]}}, {"type": "Feature", "properties": {}, "geometry": {"type": "Point", "coordinates": [77.51802, 13.05022]}}, {"type": "Feature", "properties": {}, "geometry": {"type": "Point", "coordinates": [77.51435, 13.05311]}}, {"type": "Feature", "properties": {}, "geometry": {"type": "Point", "coordinates": [77.51479, 13.05402]}}, {"type": "Feature", "properties": {}, "geometry": {"type": "Point", "coordinates": [77.51224, 13.05417]}}, {"type": "Feature", "properties": {}, "geometry": {"type": "Point", "coordinates": [77.51164, 13.05595]}}, {"type": "Feature", "properties": {}, "geometry": {"type": "Point", "coordinates": [77.51186, 13.05831]}}, {"type": "Feature", "properties": {}, "geometry": {"type": "Point", "coordinates": [77.51226, 13.05824]}}, {"type": "Feature", "properties": {}, "geometry": {"type": "Point", "coordinates": [77.50976, 13.0577]}}, {"type": "Feature", "properties": {}, "geometry": {"type": "Point", "coordinates": [77.50961, 13.05867]}}, {"type": "Feature", "properties": {}, "geometry": {"type": "Point", "coordinates": [77.50992, 13.05855]}}, {"type": "Feature", "properties": {}, "geometry": {"type": "Point", "coordinates": [77.51297, 13.04963]}}, {"type": "Feature", "properties": {}, "geometry": {"type": "Point", "coordinates": [77.51413, 13.04944]}}, {"type": "Feature", "properties": {}, "geometry": {"type": "Point", "coordinates": [77.51561, 13.04889]}}, {"type": "Feature", "properties": {}, "geometry": {"type": "Point", "coordinates": [77.51573, 13.04887]}}, {"type": "Feature", "properties": {}, "geometry": {"type": "Point", "coordinates": [77.50884, 13.04879]}}, {"type": "Feature", "properties": {}, "geometry": {"type": "Point", "coordinates": [77.51194, 13.04594]}}, {"type": "Feature", "properties": {}, "geometry": {"type": "Point", "coordinates": [77.50898, 13.04669]}}, {"type": "Feature", "properties": {}, "geometry": {"type": "Point", "coordinates": [77.51255, 13.04712]}}, {"type": "Feature", "properties": {}, "geometry": {"type": "Point", "coordinates": [77.51556, 13.04506]}}, {"type": "Feature", "properties": {}, "geometry": {"type": "Point", "coordinates": [77.51468, 13.04604]}}, {"type": "Feature", "properties": {}, "geometry": {"type": "Point", "coordinates": [77.51785, 13.04648]}}, {"type": "Feature", "properties": {}, "geometry": {"type": "Point", "coordinates": [77.51616, 13.04482]}}, {"type": "Feature", "properties": {}, "geometry": {"type": "Point", "coordinates": [77.51824, 13.04685]}}, {"type": "Feature", "properties": {}, "geometry": {"type": "Point", "coordinates": [77.52071, 13.04577]}}, {"type": "Feature", "properties": {}, "geometry": {"type": "Point", "coordinates": [77.5181, 13.04421]}}, {"type": "Feature", "properties": {}, "geometry": {"type": "Point", "coordinates": [77.51692, 13.04475]}}, {"type": "Feature", "properties": {}, "geometry": {"type": "Point", "coordinates": [77.51568, 13.04315]}}, {"type": "Feature", "properties": {}, "geometry": {"type": "Point", "coordinates": [77.51781, 13.04581]}}, {"type": "Feature", "properties": {}, "geometry": {"type": "Point", "coordinates": [77.51673, 13.04413]}}, {"type": "Feature", "properties": {}, "geometry": {"type": "Point", "coordinates": [77.50992, 13.04847]}}, {"type": "Feature", "properties": {}, "geometry": {"type": "Point", "coordinates": [77.51256, 13.04673]}}, {"type": "Feature", "properties": {}, "geometry": {"type": "Point", "coordinates": [77.5173, 13.04597]}}, {"type": "Feature", "properties": {}, "geometry": {"type": "Point", "coordinates": [77.51381, 13.0452]}}, {"type": "Feature", "properties": {}, "geometry": {"type": "Point", "coordinates": [77.51712, 13.04673]}}, {"type": "Feature", "properties": {}, "geometry": {"type": "Point", "coordinates": [77.51391, 13.0462]}}, {"type": "Feature", "properties": {}, "geometry": {"type": "Point", "coordinates": [77.51881, 13.04467]}}, {"type": "Feature", "properties": {}, "geometry": {"type": "Point", "coordinates": [77.52001, 13.04663]}}, {"type": "Feature", "properties": {}, "geometry": {"type": "Point", "coordinates": [77.51501, 13.046]}}, {"type": "Feature", "properties": {}, "geometry": {"type": "Point", "coordinates": [77.51301, 13.04406]}}, {"type": "Feature", "properties": {}, "geometry": {"type": "Point", "coordinates": [77.51282, 13.04403]}}, {"type": "Feature", "properties": {}, "geometry": {"type": "Point", "coordinates": [77.51223, 13.04415]}}, {"type": "Feature", "properties": {}, "geometry": {"type": "Point", "coordinates": [77.51087, 13.04438]}}, {"type": "Feature", "properties": {}, "geometry": {"type": "Point", "coordinates": [77.5127, 13.04587]}}, {"type": "Feature", "properties": {}, "geometry": {"type": "Point", "coordinates": [77.51288, 13.04711]}}, {"type": "Feature", "properties": {}, "geometry": {"type": "Point", "coordinates": [77.51265, 13.04751]}}, {"type": "Feature", "properties": {}, "geometry": {"type": "Point", "coordinates": [77.51327, 13.04687]}}, {"type": "Feature", "properties": {}, "geometry": {"type": "Point", "coordinates": [77.51356, 13.04684]}}, {"type": "Feature", "properties": {}, "geometry": {"type": "Point", "coordinates": [77.51392, 13.04703]}}, {"type": "Feature", "properties": {}, "geometry": {"type": "Point", "coordinates": [77.51219, 13.0483]}}, {"type": "Feature", "properties": {}, "geometry": {"type": "Point", "coordinates": [77.51047, 13.0472]}}, {"type": "Feature", "properties": {}, "geometry": {"type": "Point", "coordinates": [77.51094, 13.04688]}}, {"type": "Feature", "properties": {}, "geometry": {"type": "Point", "coordinates": [77.51356, 13.04472]}}, {"type": "Feature", "properties": {}, "geometry": {"type": "Point", "coordinates": [77.52078, 13.04656]}}, {"type": "Feature", "properties": {}, "geometry": {"type": "Point", "coordinates": [77.5191, 13.0476]}}, {"type": "Feature", "properties": {}, "geometry": {"type": "Point", "coordinates": [77.51941, 13.0467]}}, {"type": "Feature", "properties": {}, "geometry": {"type": "Point", "coordinates": [77.51817, 13.04793]}}, {"type": "Feature", "properties": {}, "geometry": {"type": "Point", "coordinates": [77.51344, 13.04681]}}, {"type": "Feature", "properties": {}, "geometry": {"type": "Point", "coordinates": [77.51748, 13.04758]}}, {"type": "Feature", "properties": {}, "geometry": {"type": "Point", "coordinates": [77.51958, 13.04508]}}, {"type": "Feature", "properties": {}, "geometry": {"type": "Point", "coordinates": [77.5202, 13.04449]}}, {"type": "Feature", "properties": {}, "geometry": {"type": "Point", "coordinates": [77.51457, 13.04488]}}, {"type": "Feature", "properties": {}, "geometry": {"type": "Point", "coordinates": [77.51709, 13.0447]}}, {"type": "Feature", "properties": {}, "geometry": {"type": "Point", "coordinates": [77.51808, 13.04471]}}, {"type": "Feature", "properties": {}, "geometry": {"type": "Point", "coordinates": [77.51465, 13.04349]}}, {"type": "Feature", "properties": {}, "geometry": {"type": "Point", "coordinates": [77.51479, 13.04295]}}, {"type": "Feature", "properties": {}, "geometry": {"type": "Point", "coordinates": [77.50873, 13.04802]}}, {"type": "Feature", "properties": {}, "geometry": {"type": "Point", "coordinates": [77.50917, 13.04789]}}, {"type": "Feature", "properties": {}, "geometry": {"type": "Point", "coordinates": [77.58088, 13.04494]}}, {"type": "Feature", "properties": {}, "geometry": {"type": "Point", "coordinates": [77.57313, 13.0407]}}, {"type": "Feature", "properties": {}, "geometry": {"type": "Point", "coordinates": [77.57955, 13.03187]}}, {"type": "Feature", "properties": {}, "geometry": {"type": "Point", "coordinates": [77.57616, 13.04261]}}, {"type": "Feature", "properties": {}, "geometry": {"type": "Point", "coordinates": [77.58046, 13.04353]}}, {"type": "Feature", "properties": {}, "geometry": {"type": "Point", "coordinates": [77.58226, 13.04244]}}, {"type": "Feature", "properties": {}, "geometry": {"type": "Point", "coordinates": [77.57587, 13.04405]}}, {"type": "Feature", "properties": {}, "geometry": {"type": "Point", "coordinates": [77.57946, 13.04038]}}, {"type": "Feature", "properties": {}, "geometry": {"type": "Point", "coordinates": [77.57943, 13.0376]}}, {"type": "Feature", "properties": {}, "geometry": {"type": "Point", "coordinates": [77.57624, 13.04301]}}, {"type": "Feature", "properties": {}, "geometry": {"type": "Point", "coordinates": [77.57384, 13.04088]}}, {"type": "Feature", "properties": {}, "geometry": {"type": "Point", "coordinates": [77.57506, 13.0423]}}, {"type": "Feature", "properties": {}, "geometry": {"type": "Point", "coordinates": [77.5812, 13.0421]}}, {"type": "Feature", "properties": {}, "geometry": {"type": "Point", "coordinates": [77.57549, 13.0439]}}, {"type": "Feature", "properties": {}, "geometry": {"type": "Point", "coordinates": [77.57544, 13.04334]}}, {"type": "Feature", "properties": {}, "geometry": {"type": "Point", "coordinates": [77.5759, 13.0459]}}, {"type": "Feature", "properties": {}, "geometry": {"type": "Point", "coordinates": [77.5786, 13.02992]}}, {"type": "Feature", "properties": {}, "geometry": {"type": "Point", "coordinates": [77.57803, 13.04092]}}, {"type": "Feature", "properties": {}, "geometry": {"type": "Point", "coordinates": [77.57871, 13.04317]}}, {"type": "Feature", "properties": {}, "geometry": {"type": "Point", "coordinates": [77.57654, 13.04624]}}, {"type": "Feature", "properties": {}, "geometry": {"type": "Point", "coordinates": [77.57796, 13.04038]}}, {"type": "Feature", "properties": {}, "geometry": {"type": "Point", "coordinates": [77.57545, 13.04217]}}, {"type": "Feature", "properties": {}, "geometry": {"type": "Point", "coordinates": [77.57561, 13.04417]}}, {"type": "Feature", "properties": {}, "geometry": {"type": "Point", "coordinates": [77.57332, 13.04186]}}, {"type": "Feature", "properties": {}, "geometry": {"type": "Point", "coordinates": [77.57444, 13.04147]}}, {"type": "Feature", "properties": {}, "geometry": {"type": "Point", "coordinates": [77.57543, 13.04175]}}, {"type": "Feature", "properties": {}, "geometry": {"type": "Point", "coordinates": [77.57779, 13.03165]}}, {"type": "Feature", "properties": {}, "geometry": {"type": "Point", "coordinates": [77.5802, 13.04288]}}, {"type": "Feature", "properties": {}, "geometry": {"type": "Point", "coordinates": [77.58194, 13.0448]}}, {"type": "Feature", "properties": {}, "geometry": {"type": "Point", "coordinates": [77.57491, 13.04081]}}, {"type": "Feature", "properties": {}, "geometry": {"type": "Point", "coordinates": [77.57638, 13.041]}}, {"type": "Feature", "properties": {}, "geometry": {"type": "Point", "coordinates": [77.57547, 13.04351]}}, {"type": "Feature", "properties": {}, "geometry": {"type": "Point", "coordinates": [77.59174, 13.02445]}}, {"type": "Feature", "properties": {}, "geometry": {"type": "Point", "coordinates": [77.58832, 13.02833]}}, {"type": "Feature", "properties": {}, "geometry": {"type": "Point", "coordinates": [77.59167, 13.02598]}}, {"type": "Feature", "properties": {}, "geometry": {"type": "Point", "coordinates": [77.58568, 13.02461]}}, {"type": "Feature", "properties": {}, "geometry": {"type": "Point", "coordinates": [77.59045, 13.02529]}}, {"type": "Feature", "properties": {}, "geometry": {"type": "Point", "coordinates": [77.59134, 13.0408]}}, {"type": "Feature", "properties": {}, "geometry": {"type": "Point", "coordinates": [77.58928, 13.02676]}}, {"type": "Feature", "properties": {}, "geometry": {"type": "Point", "coordinates": [77.58692, 13.02761]}}, {"type": "Feature", "properties": {}, "geometry": {"type": "Point", "coordinates": [77.59477, 13.04003]}}, {"type": "Feature", "properties": {}, "geometry": {"type": "Point", "coordinates": [77.59279, 13.0406]}}, {"type": "Feature", "properties": {}, "geometry": {"type": "Point", "coordinates": [77.5914, 13.02375]}}, {"type": "Feature", "properties": {}, "geometry": {"type": "Point", "coordinates": [77.58774, 13.02741]}}, {"type": "Feature", "properties": {}, "geometry": {"type": "Point", "coordinates": [77.59017, 13.02707]}}, {"type": "Feature", "properties": {}, "geometry": {"type": "Point", "coordinates": [77.58001, 13.02865]}}, {"type": "Feature", "properties": {}, "geometry": {"type": "Point", "coordinates": [77.59107, 13.04008]}}, {"type": "Feature", "properties": {}, "geometry": {"type": "Point", "coordinates": [77.58532, 13.02836]}}, {"type": "Feature", "properties": {}, "geometry": {"type": "Point", "coordinates": [77.58988, 13.02282]}}, {"type": "Feature", "properties": {}, "geometry": {"type": "Point", "coordinates": [77.58561, 13.02432]}}, {"type": "Feature", "properties": {}, "geometry": {"type": "Point", "coordinates": [77.59495, 13.04088]}}, {"type": "Feature", "properties": {}, "geometry": {"type": "Point", "coordinates": [77.59383, 13.04037]}}, {"type": "Feature", "properties": {}, "geometry": {"type": "Point", "coordinates": [77.59307, 13.04024]}}, {"type": "Feature", "properties": {}, "geometry": {"type": "Point", "coordinates": [77.58715, 13.02732]}}, {"type": "Feature", "properties": {}, "geometry": {"type": "Point", "coordinates": [77.58666, 13.02808]}}, {"type": "Feature", "properties": {}, "geometry": {"type": "Point", "coordinates": [77.58925, 13.02857]}}, {"type": "Feature", "properties": {}, "geometry": {"type": "Point", "coordinates": [77.59124, 13.04038]}}, {"type": "Feature", "properties": {}, "geometry": {"type": "Point", "coordinates": [77.59034, 13.04125]}}, {"type": "Feature", "properties": {}, "geometry": {"type": "Point", "coordinates": [77.60006, 13.03384]}}, {"type": "Feature", "properties": {}, "geometry": {"type": "Point", "coordinates": [77.60003, 13.03379]}}, {"type": "Feature", "properties": {}, "geometry": {"type": "Point", "coordinates": [77.59663, 13.03401]}}, {"type": "Feature", "properties": {}, "geometry": {"type": "Point", "coordinates": [77.5912, 13.03874]}}, {"type": "Feature", "properties": {}, "geometry": {"type": "Point", "coordinates": [77.59922, 13.03412]}}, {"type": "Feature", "properties": {}, "geometry": {"type": "Point", "coordinates": [77.59484, 13.02929]}}, {"type": "Feature", "properties": {}, "geometry": {"type": "Point", "coordinates": [77.59426, 13.02948]}}, {"type": "Feature", "properties": {}, "geometry": {"type": "Point", "coordinates": [77.59535, 13.03923]}}, {"type": "Feature", "properties": {}, "geometry": {"type": "Point", "coordinates": [77.59819, 13.03399]}}, {"type": "Feature", "properties": {}, "geometry": {"type": "Point", "coordinates": [77.59704, 13.03572]}}, {"type": "Feature", "properties": {}, "geometry": {"type": "Point", "coordinates": [77.59705, 13.03395]}}, {"type": "Feature", "properties": {}, "geometry": {"type": "Point", "coordinates": [77.58858, 13.02989]}}, {"type": "Feature", "properties": {}, "geometry": {"type": "Point", "coordinates": [77.59982, 13.03412]}}, {"type": "Feature", "properties": {}, "geometry": {"type": "Point", "coordinates": [77.59545, 13.02992]}}, {"type": "Feature", "properties": {}, "geometry": {"type": "Point", "coordinates": [77.58897, 13.02053]}}, {"type": "Feature", "properties": {}, "geometry": {"type": "Point", "coordinates": [77.58799, 13.0217]}}, {"type": "Feature", "properties": {}, "geometry": {"type": "Point", "coordinates": [77.58976, 13.01801]}}, {"type": "Feature", "properties": {}, "geometry": {"type": "Point", "coordinates": [77.59172, 13.02314]}}, {"type": "Feature", "properties": {}, "geometry": {"type": "Point", "coordinates": [77.59063, 13.02142]}}, {"type": "Feature", "properties": {}, "geometry": {"type": "Point", "coordinates": [77.58693, 13.01939]}}, {"type": "Feature", "properties": {}, "geometry": {"type": "Point", "coordinates": [77.58555, 13.02129]}}, {"type": "Feature", "properties": {}, "geometry": {"type": "Point", "coordinates": [77.59021, 13.02049]}}, {"type": "Feature", "properties": {}, "geometry": {"type": "Point", "coordinates": [77.58755, 13.01892]}}, {"type": "Feature", "properties": {}, "geometry": {"type": "Point", "coordinates": [77.58868, 13.0205]}}, {"type": "Feature", "properties": {}, "geometry": {"type": "Point", "coordinates": [77.58918, 13.01885]}}, {"type": "Feature", "properties": {}, "geometry": {"type": "Point", "coordinates": [77.58903, 13.0174]}}, {"type": "Feature", "properties": {}, "geometry": {"type": "Point", "coordinates": [77.58508, 13.02081]}}, {"type": "Feature", "properties": {}, "geometry": {"type": "Point", "coordinates": [77.5862, 13.02054]}}, {"type": "Feature", "properties": {}, "geometry": {"type": "Point", "coordinates": [77.59233, 13.02267]}}, {"type": "Feature", "properties": {}, "geometry": {"type": "Point", "coordinates": [77.58857, 13.01822]}}, {"type": "Feature", "properties": {}, "geometry": {"type": "Point", "coordinates": [77.59038, 13.0218]}}, {"type": "Feature", "properties": {}, "geometry": {"type": "Point", "coordinates": [77.58634, 13.02116]}}, {"type": "Feature", "properties": {}, "geometry": {"type": "Point", "coordinates": [77.59146, 13.02219]}}, {"type": "Feature", "properties": {}, "geometry": {"type": "Point", "coordinates": [77.59152, 13.02191]}}, {"type": "Feature", "properties": {}, "geometry": {"type": "Point", "coordinates": [77.5855, 13.01861]}}, {"type": "Feature", "properties": {}, "geometry": {"type": "Point", "coordinates": [77.57308, 12.99934]}}, {"type": "Feature", "properties": {}, "geometry": {"type": "Point", "coordinates": [77.57272, 12.9988]}}, {"type": "Feature", "properties": {}, "geometry": {"type": "Point", "coordinates": [77.5715, 12.99678]}}, {"type": "Feature", "properties": {}, "geometry": {"type": "Point", "coordinates": [77.57828, 12.99876]}}, {"type": "Feature", "properties": {}, "geometry": {"type": "Point", "coordinates": [77.57766, 12.99816]}}, {"type": "Feature", "properties": {}, "geometry": {"type": "Point", "coordinates": [77.57828, 12.99761]}}, {"type": "Feature", "properties": {}, "geometry": {"type": "Point", "coordinates": [77.57862, 12.99662]}}, {"type": "Feature", "properties": {}, "geometry": {"type": "Point", "coordinates": [77.57611, 12.99853]}}, {"type": "Feature", "properties": {}, "geometry": {"type": "Point", "coordinates": [77.57584, 12.9982]}}, {"type": "Feature", "properties": {}, "geometry": {"type": "Point", "coordinates": [77.57597, 12.99763]}}, {"type": "Feature", "properties": {}, "geometry": {"type": "Point", "coordinates": [77.57554, 12.99761]}}, {"type": "Feature", "properties": {}, "geometry": {"type": "Point", "coordinates": [77.57652, 12.99733]}}, {"type": "Feature", "properties": {}, "geometry": {"type": "Point", "coordinates": [77.57747, 12.996]}}, {"type": "Feature", "properties": {}, "geometry": {"type": "Point", "coordinates": [77.57223, 12.99839]}}, {"type": "Feature", "properties": {}, "geometry": {"type": "Point", "coordinates": [77.5756, 12.99363]}}, {"type": "Feature", "properties": {}, "geometry": {"type": "Point", "coordinates": [77.57629, 12.99282]}}, {"type": "Feature", "properties": {}, "geometry": {"type": "Point", "coordinates": [77.5707, 12.99452]}}, {"type": "Feature", "properties": {}, "geometry": {"type": "Point", "coordinates": [77.57394, 12.99431]}}, {"type": "Feature", "properties": {}, "geometry": {"type": "Point", "coordinates": [77.5749, 12.99413]}}, {"type": "Feature", "properties": {}, "geometry": {"type": "Point", "coordinates": [77.57401, 12.99693]}}, {"type": "Feature", "properties": {}, "geometry": {"type": "Point", "coordinates": [77.57252, 12.99768]}}, {"type": "Feature", "properties": {}, "geometry": {"type": "Point", "coordinates": [77.57068, 12.99477]}}, {"type": "Feature", "properties": {}, "geometry": {"type": "Point", "coordinates": [77.56324, 12.99366]}}, {"type": "Feature", "properties": {}, "geometry": {"type": "Point", "coordinates": [77.56295, 12.9933]}}, {"type": "Feature", "properties": {}, "geometry": {"type": "Point", "coordinates": [77.562, 12.99345]}}, {"type": "Feature", "properties": {}, "geometry": {"type": "Point", "coordinates": [77.56244, 12.99297]}}, {"type": "Feature", "properties": {}, "geometry": {"type": "Point", "coordinates": [77.56129, 12.99304]}}, {"type": "Feature", "properties": {}, "geometry": {"type": "Point", "coordinates": [77.56229, 12.99248]}}, {"type": "Feature", "properties": {}, "geometry": {"type": "Point", "coordinates": [77.56258, 12.99246]}}, {"type": "Feature", "properties": {}, "geometry": {"type": "Point", "coordinates": [77.56109, 12.99215]}}, {"type": "Feature", "properties": {}, "geometry": {"type": "Point", "coordinates": [77.56267, 12.99199]}}, {"type": "Feature", "properties": {}, "geometry": {"type": "Point", "coordinates": [77.56251, 12.99341]}}, {"type": "Feature", "properties": {}, "geometry": {"type": "Point", "coordinates": [77.56173, 12.99168]}}, {"type": "Feature", "properties": {}, "geometry": {"type": "Point", "coordinates": [77.56183, 12.99124]}}, {"type": "Feature", "properties": {}, "geometry": {"type": "Point", "coordinates": [77.56186, 12.99064]}}, {"type": "Feature", "properties": {}, "geometry": {"type": "Point", "coordinates": [77.56042, 12.99341]}}, {"type": "Feature", "properties": {}, "geometry": {"type": "Point", "coordinates": [77.56047, 12.99286]}}, {"type": "Feature", "properties": {}, "geometry": {"type": "Point", "coordinates": [77.56067, 12.99374]}}, {"type": "Feature", "properties": {}, "geometry": {"type": "Point", "coordinates": [77.56094, 12.99317]}}, {"type": "Feature", "properties": {}, "geometry": {"type": "Point", "coordinates": [77.56202, 12.9883]}}, {"type": "Feature", "properties": {}, "geometry": {"type": "Point", "coordinates": [77.56193, 12.98904]}}, {"type": "Feature", "properties": {}, "geometry": {"type": "Point", "coordinates": [77.56321, 12.98841]}}, {"type": "Feature", "properties": {}, "geometry": {"type": "Point", "coordinates": [77.56239, 12.98888]}}, {"type": "Feature", "properties": {}, "geometry": {"type": "Point", "coordinates": [77.56381, 12.98888]}}, {"type": "Feature", "properties": {}, "geometry": {"type": "Point", "coordinates": [77.56386, 12.98941]}}, {"type": "Feature", "properties": {}, "geometry": {"type": "Point", "coordinates": [77.56379, 12.98978]}}, {"type": "Feature", "properties": {}, "geometry": {"type": "Point", "coordinates": [77.56396, 12.99076]}}, {"type": "Feature", "properties": {}, "geometry": {"type": "Point", "coordinates": [77.56453, 12.99323]}}, {"type": "Feature", "properties": {}, "geometry": {"type": "Point", "coordinates": [77.56348, 12.99259]}}, {"type": "Feature", "properties": {}, "geometry": {"type": "Point", "coordinates": [77.56523, 12.99068]}}, {"type": "Feature", "properties": {}, "geometry": {"type": "Point", "coordinates": [77.56505, 12.98906]}}, {"type": "Feature", "properties": {}, "geometry": {"type": "Point", "coordinates": [77.56522, 12.99121]}}, {"type": "Feature", "properties": {}, "geometry": {"type": "Point", "coordinates": [77.56428, 12.99174]}}, {"type": "Feature", "properties": {}, "geometry": {"type": "Point", "coordinates": [77.56714, 12.99041]}}, {"type": "Feature", "properties": {}, "geometry": {"type": "Point", "coordinates": [77.56611, 12.99134]}}, {"type": "Feature", "properties": {}, "geometry": {"type": "Point", "coordinates": [77.56654, 12.99229]}}, {"type": "Feature", "properties": {}, "geometry": {"type": "Point", "coordinates": [77.56519, 12.99287]}}, {"type": "Feature", "properties": {}, "geometry": {"type": "Point", "coordinates": [77.56756, 12.9885]}}, {"type": "Feature", "properties": {}, "geometry": {"type": "Point", "coordinates": [77.56626, 12.99332]}}, {"type": "Feature", "properties": {}, "geometry": {"type": "Point", "coordinates": [77.56693, 12.9913]}}, {"type": "Feature", "properties": {}, "geometry": {"type": "Point", "coordinates": [77.56774, 12.99062]}}, {"type": "Feature", "properties": {}, "geometry": {"type": "Point", "coordinates": [77.56769, 12.9885]}}, {"type": "Feature", "properties": {}, "geometry": {"type": "Point", "coordinates": [77.56746, 12.98918]}}, {"type": "Feature", "properties": {}, "geometry": {"type": "Point", "coordinates": [77.56652, 12.98878]}}, {"type": "Feature", "properties": {}, "geometry": {"type": "Point", "coordinates": [77.56655, 12.98945]}}, {"type": "Feature", "properties": {}, "geometry": {"type": "Point", "coordinates": [77.56671, 12.98989]}}, {"type": "Feature", "properties": {}, "geometry": {"type": "Point", "coordinates": [77.56479, 12.98923]}}, {"type": "Feature", "properties": {}, "geometry": {"type": "Point", "coordinates": [77.56662, 12.98862]}}, {"type": "Feature", "properties": {}, "geometry": {"type": "Point", "coordinates": [77.56058, 12.99288]}}, {"type": "Feature", "properties": {}, "geometry": {"type": "Point", "coordinates": [77.56057, 12.99313]}}, {"type": "Feature", "properties": {}, "geometry": {"type": "Point", "coordinates": [77.53379, 12.98607]}}, {"type": "Feature", "properties": {}, "geometry": {"type": "Point", "coordinates": [77.53173, 12.98735]}}, {"type": "Feature", "properties": {}, "geometry": {"type": "Point", "coordinates": [77.53078, 12.98783]}}, {"type": "Feature", "properties": {}, "geometry": {"type": "Point", "coordinates": [77.53585, 12.99029]}}, {"type": "Feature", "properties": {}, "geometry": {"type": "Point", "coordinates": [77.53514, 12.99129]}}, {"type": "Feature", "properties": {}, "geometry": {"type": "Point", "coordinates": [77.53408, 12.99071]}}, {"type": "Feature", "properties": {}, "geometry": {"type": "Point", "coordinates": [77.53004, 12.98458]}}, {"type": "Feature", "properties": {}, "geometry": {"type": "Point", "coordinates": [77.52982, 12.98707]}}, {"type": "Feature", "properties": {}, "geometry": {"type": "Point", "coordinates": [77.52945, 12.98572]}}, {"type": "Feature", "properties": {}, "geometry": {"type": "Point", "coordinates": [77.53336, 12.98993]}}, {"type": "Feature", "properties": {}, "geometry": {"type": "Point", "coordinates": [77.53326, 12.98956]}}, {"type": "Feature", "properties": {}, "geometry": {"type": "Point", "coordinates": [77.53426, 12.98366]}}, {"type": "Feature", "properties": {}, "geometry": {"type": "Point", "coordinates": [77.54589, 12.98801]}}, {"type": "Feature", "properties": {}, "geometry": {"type": "Point", "coordinates": [77.54965, 12.98954]}}, {"type": "Feature", "properties": {}, "geometry": {"type": "Point", "coordinates": [77.54922, 12.99252]}}, {"type": "Feature", "properties": {}, "geometry": {"type": "Point", "coordinates": [77.55029, 12.99254]}}, {"type": "Feature", "properties": {}, "geometry": {"type": "Point", "coordinates": [77.54937, 12.98725]}}, {"type": "Feature", "properties": {}, "geometry": {"type": "Point", "coordinates": [77.54573, 12.98949]}}, {"type": "Feature", "properties": {}, "geometry": {"type": "Point", "coordinates": [77.54764, 12.98895]}}, {"type": "Feature", "properties": {}, "geometry": {"type": "Point", "coordinates": [77.54846, 12.98888]}}, {"type": "Feature", "properties": {}, "geometry": {"type": "Point", "coordinates": [77.54763, 12.98764]}}, {"type": "Feature", "properties": {}, "geometry": {"type": "Point", "coordinates": [77.54656, 12.99136]}}, {"type": "Feature", "properties": {}, "geometry": {"type": "Point", "coordinates": [77.54616, 12.98622]}}, {"type": "Feature", "properties": {}, "geometry": {"type": "Point", "coordinates": [77.5531, 12.98599]}}, {"type": "Feature", "properties": {}, "geometry": {"type": "Point", "coordinates": [77.55254, 12.98821]}}, {"type": "Feature", "properties": {}, "geometry": {"type": "Point", "coordinates": [77.55362, 12.98943]}}, {"type": "Feature", "properties": {}, "geometry": {"type": "Point", "coordinates": [77.54773, 12.99135]}}, {"type": "Feature", "properties": {}, "geometry": {"type": "Point", "coordinates": [77.54648, 12.98978]}}, {"type": "Feature", "properties": {}, "geometry": {"type": "Point", "coordinates": [77.54568, 12.9892]}}, {"type": "Feature", "properties": {}, "geometry": {"type": "Point", "coordinates": [77.54736, 12.98604]}}, {"type": "Feature", "properties": {}, "geometry": {"type": "Point", "coordinates": [77.48889, 12.8997]}}, {"type": "Feature", "properties": {}, "geometry": {"type": "Point", "coordinates": [77.48759, 12.90237]}}, {"type": "Feature", "properties": {}, "geometry": {"type": "Point", "coordinates": [77.48971, 12.90474]}}, {"type": "Feature", "properties": {}, "geometry": {"type": "Point", "coordinates": [77.48873, 12.90526]}}, {"type": "Feature", "properties": {}, "geometry": {"type": "Point", "coordinates": [77.49117, 12.9055]}}, {"type": "Feature", "properties": {}, "geometry": {"type": "Point", "coordinates": [77.50356, 12.90548]}}, {"type": "Feature", "properties": {}, "geometry": {"type": "Point", "coordinates": [77.50735, 12.9055]}}, {"type": "Feature", "properties": {}, "geometry": {"type": "Point", "coordinates": [77.50854, 12.90579]}}, {"type": "Feature", "properties": {}, "geometry": {"type": "Point", "coordinates": [77.50839, 12.90617]}}, {"type": "Feature", "properties": {}, "geometry": {"type": "Point", "coordinates": [77.50678, 12.9062]}}, {"type": "Feature", "properties": {}, "geometry": {"type": "Point", "coordinates": [77.50534, 12.9063]}}, {"type": "Feature", "properties": {}, "geometry": {"type": "Point", "coordinates": [77.50917, 12.90639]}}, {"type": "Feature", "properties": {}, "geometry": {"type": "Point", "coordinates": [77.50957, 12.90645]}}, {"type": "Feature", "properties": {}, "geometry": {"type": "Point", "coordinates": [77.49206, 12.90745]}}, {"type": "Feature", "properties": {}, "geometry": {"type": "Point", "coordinates": [77.50899, 12.90768]}}, {"type": "Feature", "properties": {}, "geometry": {"type": "Point", "coordinates": [77.47809, 12.90941]}}, {"type": "Feature", "properties": {}, "geometry": {"type": "Point", "coordinates": [77.47805, 12.90947]}}, {"type": "Feature", "properties": {}, "geometry": {"type": "Point", "coordinates": [77.50759, 12.90931]}}, {"type": "Feature", "properties": {}, "geometry": {"type": "Point", "coordinates": [77.47836, 12.90972]}}, {"type": "Feature", "properties": {}, "geometry": {"type": "Point", "coordinates": [77.48093, 12.91012]}}, {"type": "Feature", "properties": {}, "geometry": {"type": "Point", "coordinates": [77.47982, 12.91043]}}, {"type": "Feature", "properties": {}, "geometry": {"type": "Point", "coordinates": [77.48208, 12.91065]}}, {"type": "Feature", "properties": {}, "geometry": {"type": "Point", "coordinates": [77.4796, 12.91097]}}, {"type": "Feature", "properties": {}, "geometry": {"type": "Point", "coordinates": [77.4791, 12.91099]}}, {"type": "Feature", "properties": {}, "geometry": {"type": "Point", "coordinates": [77.47549, 12.91104]}}, {"type": "Feature", "properties": {}, "geometry": {"type": "Point", "coordinates": [77.47432, 12.91105]}}, {"type": "Feature", "properties": {}, "geometry": {"type": "Point", "coordinates": [77.50754, 12.91077]}}, {"type": "Feature", "properties": {}, "geometry": {"type": "Point", "coordinates": [77.48082, 12.91106]}}, {"type": "Feature", "properties": {}, "geometry": {"type": "Point", "coordinates": [77.47896, 12.91121]}}, {"type": "Feature", "properties": {}, "geometry": {"type": "Point", "coordinates": [77.47487, 12.91126]}}, {"type": "Feature", "properties": {}, "geometry": {"type": "Point", "coordinates": [77.48391, 12.91133]}}, {"type": "Feature", "properties": {}, "geometry": {"type": "Point", "coordinates": [77.47437, 12.91147]}}, {"type": "Feature", "properties": {}, "geometry": {"type": "Point", "coordinates": [77.48659, 12.91138]}}, {"type": "Feature", "properties": {}, "geometry": {"type": "Point", "coordinates": [77.48149, 12.91156]}}, {"type": "Feature", "properties": {}, "geometry": {"type": "Point", "coordinates": [77.50775, 12.91144]}}, {"type": "Feature", "properties": {}, "geometry": {"type": "Point", "coordinates": [77.47771, 12.91182]}}, {"type": "Feature", "properties": {}, "geometry": {"type": "Point", "coordinates": [77.47749, 12.91183]}}, {"type": "Feature", "properties": {}, "geometry": {"type": "Point", "coordinates": [77.47725, 12.91184]}}, {"type": "Feature", "properties": {}, "geometry": {"type": "Point", "coordinates": [77.48221, 12.91185]}}, {"type": "Feature", "properties": {}, "geometry": {"type": "Point", "coordinates": [77.48005, 12.91197]}}, {"type": "Feature", "properties": {}, "geometry": {"type": "Point", "coordinates": [77.47878, 12.91203]}}, {"type": "Feature", "properties": {}, "geometry": {"type": "Point", "coordinates": [77.47655, 12.91205]}}, {"type": "Feature", "properties": {}, "geometry": {"type": "Point", "coordinates": [77.47515, 12.91207]}}, {"type": "Feature", "properties": {}, "geometry": {"type": "Point", "coordinates": [77.47412, 12.91224]}}, {"type": "Feature", "properties": {}, "geometry": {"type": "Point", "coordinates": [77.48087, 12.91227]}}, {"type": "Feature", "properties": {}, "geometry": {"type": "Point", "coordinates": [77.50933, 12.91201]}}, {"type": "Feature", "properties": {}, "geometry": {"type": "Point", "coordinates": [77.48582, 12.91225]}}, {"type": "Feature", "properties": {}, "geometry": {"type": "Point", "coordinates": [77.48429, 12.91244]}}, {"type": "Feature", "properties": {}, "geometry": {"type": "Point", "coordinates": [77.48345, 12.91248]}}, {"type": "Feature", "properties": {}, "geometry": {"type": "Point", "coordinates": [77.47996, 12.9126]}}, {"type": "Feature", "properties": {}, "geometry": {"type": "Point", "coordinates": [77.47922, 12.91305]}}, {"type": "Feature", "properties": {}, "geometry": {"type": "Point", "coordinates": [77.50485, 12.91296]}}, {"type": "Feature", "properties": {}, "geometry": {"type": "Point", "coordinates": [77.48295, 12.91321]}}, {"type": "Feature", "properties": {}, "geometry": {"type": "Point", "coordinates": [77.4969, 12.91348]}}, {"type": "Feature", "properties": {}, "geometry": {"type": "Point", "coordinates": [77.49692, 12.91354]}}, {"type": "Feature", "properties": {}, "geometry": {"type": "Point", "coordinates": [77.50718, 12.91348]}}, {"type": "Feature", "properties": {}, "geometry": {"type": "Point", "coordinates": [77.48167, 12.91403]}}, {"type": "Feature", "properties": {}, "geometry": {"type": "Point", "coordinates": [77.51067, 12.91391]}}, {"type": "Feature", "properties": {}, "geometry": {"type": "Point", "coordinates": [77.47837, 12.91438]}}, {"type": "Feature", "properties": {}, "geometry": {"type": "Point", "coordinates": [77.49828, 12.9142]}}, {"type": "Feature", "properties": {}, "geometry": {"type": "Point", "coordinates": [77.50428, 12.91421]}}, {"type": "Feature", "properties": {}, "geometry": {"type": "Point", "coordinates": [77.4781, 12.91447]}}, {"type": "Feature", "properties": {}, "geometry": {"type": "Point", "coordinates": [77.50682, 12.91429]}}, {"type": "Feature", "properties": {}, "geometry": {"type": "Point", "coordinates": [77.47874, 12.91456]}}, {"type": "Feature", "properties": {}, "geometry": {"type": "Point", "coordinates": [77.48401, 12.91469]}}, {"type": "Feature", "properties": {}, "geometry": {"type": "Point", "coordinates": [77.50348, 12.91453]}}, {"type": "Feature", "properties": {}, "geometry": {"type": "Point", "coordinates": [77.47637, 12.91486]}}, {"type": "Feature", "properties": {}, "geometry": {"type": "Point", "coordinates": [77.48074, 12.91487]}}, {"type": "Feature", "properties": {}, "geometry": {"type": "Point", "coordinates": [77.49921, 12.91477]}}, {"type": "Feature", "properties": {}, "geometry": {"type": "Point", "coordinates": [77.47939, 12.91505]}}, {"type": "Feature", "properties": {}, "geometry": {"type": "Point", "coordinates": [77.47686, 12.91514]}}, {"type": "Feature", "properties": {}, "geometry": {"type": "Point", "coordinates": [77.50342, 12.9149]}}, {"type": "Feature", "properties": {}, "geometry": {"type": "Point", "coordinates": [77.47954, 12.91518]}}, {"type": "Feature", "properties": {}, "geometry": {"type": "Point", "coordinates": [77.50551, 12.91498]}}, {"type": "Feature", "properties": {}, "geometry": {"type": "Point", "coordinates": [77.49463, 12.91516]}}, {"type": "Feature", "properties": {}, "geometry": {"type": "Point", "coordinates": [77.48484, 12.9153]}}, {"type": "Feature", "properties": {}, "geometry": {"type": "Point", "coordinates": [77.49819, 12.91522]}}, {"type": "Feature", "properties": {}, "geometry": {"type": "Point", "coordinates": [77.48021, 12.91544]}}, {"type": "Feature", "properties": {}, "geometry": {"type": "Point", "coordinates": [77.49934, 12.91532]}}, {"type": "Feature", "properties": {}, "geometry": {"type": "Point", "coordinates": [77.47668, 12.91568]}}, {"type": "Feature", "properties": {}, "geometry": {"type": "Point", "coordinates": [77.47964, 12.91567]}}, {"type": "Feature", "properties": {}, "geometry": {"type": "Point", "coordinates": [77.49426, 12.91568]}}, {"type": "Feature", "properties": {}, "geometry": {"type": "Point", "coordinates": [77.49968, 12.91564]}}, {"type": "Feature", "properties": {}, "geometry": {"type": "Point", "coordinates": [77.50051, 12.91567]}}, {"type": "Feature", "properties": {}, "geometry": {"type": "Point", "coordinates": [77.48108, 12.91597]}}, {"type": "Feature", "properties": {}, "geometry": {"type": "Point", "coordinates": [77.50357, 12.91597]}}, {"type": "Feature", "properties": {}, "geometry": {"type": "Point", "coordinates": [77.51026, 12.91593]}}, {"type": "Feature", "properties": {}, "geometry": {"type": "Point", "coordinates": [77.49848, 12.91612]}}, {"type": "Feature", "properties": {}, "geometry": {"type": "Point", "coordinates": [77.50963, 12.91604]}}, {"type": "Feature", "properties": {}, "geometry": {"type": "Point", "coordinates": [77.49976, 12.9162]}}, {"type": "Feature", "properties": {}, "geometry": {"type": "Point", "coordinates": [77.48395, 12.91647]}}, {"type": "Feature", "properties": {}, "geometry": {"type": "Point", "coordinates": [77.49653, 12.91641]}}, {"type": "Feature", "properties": {}, "geometry": {"type": "Point", "coordinates": [77.47935, 12.91662]}}, {"type": "Feature", "properties": {}, "geometry": {"type": "Point", "coordinates": [77.49657, 12.91659]}}, {"type": "Feature", "properties": {}, "geometry": {"type": "Point", "coordinates": [77.50028, 12.91656]}}, {"type": "Feature", "properties": {}, "geometry": {"type": "Point", "coordinates": [77.50954, 12.91648]}}, {"type": "Feature", "properties": {}, "geometry": {"type": "Point", "coordinates": [77.47769, 12.91697]}}, {"type": "Feature", "properties": {}, "geometry": {"type": "Point", "coordinates": [77.4832, 12.91725]}}, {"type": "Feature", "properties": {}, "geometry": {"type": "Point", "coordinates": [77.5109, 12.91707]}}, {"type": "Feature", "properties": {}, "geometry": {"type": "Point", "coordinates": [77.48074, 12.91742]}}, {"type": "Feature", "properties": {}, "geometry": {"type": "Point", "coordinates": [77.48592, 12.91756]}}, {"type": "Feature", "properties": {}, "geometry": {"type": "Point", "coordinates": [77.47978, 12.91767]}}, {"type": "Feature", "properties": {}, "geometry": {"type": "Point", "coordinates": [77.50925, 12.91742]}}, {"type": "Feature", "properties": {}, "geometry": {"type": "Point", "coordinates": [77.48372, 12.91812]}}, {"type": "Feature", "properties": {}, "geometry": {"type": "Point", "coordinates": [77.4964, 12.91802]}}, {"type": "Feature", "properties": {}, "geometry": {"type": "Point", "coordinates": [77.47655, 12.9186]}}, {"type": "Feature", "properties": {}, "geometry": {"type": "Point", "coordinates": [77.48618, 12.91861]}}, {"type": "Feature", "properties": {}, "geometry": {"type": "Point", "coordinates": [77.51042, 12.91838]}}, {"type": "Feature", "properties": {}, "geometry": {"type": "Point", "coordinates": [77.48072, 12.91891]}}, {"type": "Feature", "properties": {}, "geometry": {"type": "Point", "coordinates": [77.50927, 12.91863]}}, {"type": "Feature", "properties": {}, "geometry": {"type": "Point", "coordinates": [77.47994, 12.91896]}}, {"type": "Feature", "properties": {}, "geometry": {"type": "Point", "coordinates": [77.51063, 12.91912]}}, {"type": "Feature", "properties": {}, "geometry": {"type": "Point", "coordinates": [77.48662, 12.91936]}}, {"type": "Feature", "properties": {}, "geometry": {"type": "Point", "coordinates": [77.50935, 12.91921]}}, {"type": "Feature", "properties": {}, "geometry": {"type": "Point", "coordinates": [77.50587, 12.91936]}}, {"type": "Feature", "properties": {}, "geometry": {"type": "Point", "coordinates": [77.48432, 12.91964]}}, {"type": "Feature", "properties": {}, "geometry": {"type": "Point", "coordinates": [77.47505, 12.91995]}}, {"type": "Feature", "properties": {}, "geometry": {"type": "Point", "coordinates": [77.48098, 12.92001]}}, {"type": "Feature", "properties": {}, "geometry": {"type": "Point", "coordinates": [77.47727, 12.92041]}}, {"type": "Feature", "properties": {}, "geometry": {"type": "Point", "coordinates": [77.50702, 12.92017]}}, {"type": "Feature", "properties": {}, "geometry": {"type": "Point", "coordinates": [77.48296, 12.92071]}}, {"type": "Feature", "properties": {}, "geometry": {"type": "Point", "coordinates": [77.48069, 12.92074]}}, {"type": "Feature", "properties": {}, "geometry": {"type": "Point", "coordinates": [77.47994, 12.92088]}}, {"type": "Feature", "properties": {}, "geometry": {"type": "Point", "coordinates": [77.5105, 12.92066]}}, {"type": "Feature", "properties": {}, "geometry": {"type": "Point", "coordinates": [77.4779, 12.92112]}}, {"type": "Feature", "properties": {}, "geometry": {"type": "Point", "coordinates": [77.50685, 12.92086]}}, {"type": "Feature", "properties": {}, "geometry": {"type": "Point", "coordinates": [77.48183, 12.92112]}}, {"type": "Feature", "properties": {}, "geometry": {"type": "Point", "coordinates": [77.51051, 12.92087]}}, {"type": "Feature", "properties": {}, "geometry": {"type": "Point", "coordinates": [77.50737, 12.92103]}}, {"type": "Feature", "properties": {}, "geometry": {"type": "Point", "coordinates": [77.48056, 12.92131]}}, {"type": "Feature", "properties": {}, "geometry": {"type": "Point", "coordinates": [77.51137, 12.92112]}}, {"type": "Feature", "properties": {}, "geometry": {"type": "Point", "coordinates": [77.47731, 12.92153]}}, {"type": "Feature", "properties": {}, "geometry": {"type": "Point", "coordinates": [77.50751, 12.92127]}}, {"type": "Feature", "properties": {}, "geometry": {"type": "Point", "coordinates": [77.4828, 12.92154]}}, {"type": "Feature", "properties": {}, "geometry": {"type": "Point", "coordinates": [77.51167, 12.92145]}}, {"type": "Feature", "properties": {}, "geometry": {"type": "Point", "coordinates": [77.48221, 12.92175]}}, {"type": "Feature", "properties": {}, "geometry": {"type": "Point", "coordinates": [77.48707, 12.92176]}}, {"type": "Feature", "properties": {}, "geometry": {"type": "Point", "coordinates": [77.47317, 12.9219]}}, {"type": "Feature", "properties": {}, "geometry": {"type": "Point", "coordinates": [77.48153, 12.92193]}}, {"type": "Feature", "properties": {}, "geometry": {"type": "Point", "coordinates": [77.5089, 12.92171]}}, {"type": "Feature", "properties": {}, "geometry": {"type": "Point", "coordinates": [77.5106, 12.92179]}}, {"type": "Feature", "properties": {}, "geometry": {"type": "Point", "coordinates": [77.48004, 12.92211]}}, {"type": "Feature", "properties": {}, "geometry": {"type": "Point", "coordinates": [77.48776, 12.92209]}}, {"type": "Feature", "properties": {}, "geometry": {"type": "Point", "coordinates": [77.48537, 12.9222]}}, {"type": "Feature", "properties": {}, "geometry": {"type": "Point", "coordinates": [77.50929, 12.92202]}}, {"type": "Feature", "properties": {}, "geometry": {"type": "Point", "coordinates": [77.48608, 12.92227]}}, {"type": "Feature", "properties": {}, "geometry": {"type": "Point", "coordinates": [77.48065, 12.92248]}}, {"type": "Feature", "properties": {}, "geometry": {"type": "Point", "coordinates": [77.48405, 12.92281]}}, {"type": "Feature", "properties": {}, "geometry": {"type": "Point", "coordinates": [77.48799, 12.9229]}}, {"type": "Feature", "properties": {}, "geometry": {"type": "Point", "coordinates": [77.48287, 12.92327]}}, {"type": "Feature", "properties": {}, "geometry": {"type": "Point", "coordinates": [77.48673, 12.92349]}}, {"type": "Feature", "properties": {}, "geometry": {"type": "Point", "coordinates": [77.50845, 12.92349]}}, {"type": "Feature", "properties": {}, "geometry": {"type": "Point", "coordinates": [77.48178, 12.92376]}}, {"type": "Feature", "properties": {}, "geometry": {"type": "Point", "coordinates": [77.48918, 12.92385]}}, {"type": "Feature", "properties": {}, "geometry": {"type": "Point", "coordinates": [77.48974, 12.92424]}}, {"type": "Feature", "properties": {}, "geometry": {"type": "Point", "coordinates": [77.50661, 12.92421]}}, {"type": "Feature", "properties": {}, "geometry": {"type": "Point", "coordinates": [77.48625, 12.9244]}}, {"type": "Feature", "properties": {}, "geometry": {"type": "Point", "coordinates": [77.48277, 12.92452]}}, {"type": "Feature", "properties": {}, "geometry": {"type": "Point", "coordinates": [77.48284, 12.92472]}}, {"type": "Feature", "properties": {}, "geometry": {"type": "Point", "coordinates": [77.48216, 12.92487]}}, {"type": "Feature", "properties": {}, "geometry": {"type": "Point", "coordinates": [77.48705, 12.92499]}}, {"type": "Feature", "properties": {}, "geometry": {"type": "Point", "coordinates": [77.48229, 12.92509]}}, {"type": "Feature", "properties": {}, "geometry": {"type": "Point", "coordinates": [77.48526, 12.92544]}}, {"type": "Feature", "properties": {}, "geometry": {"type": "Point", "coordinates": [77.48662, 12.92543]}}, {"type": "Feature", "properties": {}, "geometry": {"type": "Point", "coordinates": [77.49278, 12.92563]}}, {"type": "Feature", "properties": {}, "geometry": {"type": "Point", "coordinates": [77.48252, 12.92574]}}, {"type": "Feature", "properties": {}, "geometry": {"type": "Point", "coordinates": [77.48771, 12.9259]}}, {"type": "Feature", "properties": {}, "geometry": {"type": "Point", "coordinates": [77.48811, 12.92622]}}, {"type": "Feature", "properties": {}, "geometry": {"type": "Point", "coordinates": [77.48341, 12.92642]}}, {"type": "Feature", "properties": {}, "geometry": {"type": "Point", "coordinates": [77.48352, 12.92649]}}, {"type": "Feature", "properties": {}, "geometry": {"type": "Point", "coordinates": [77.48454, 12.92654]}}, {"type": "Feature", "properties": {}, "geometry": {"type": "Point", "coordinates": [77.48632, 12.92655]}}, {"type": "Feature", "properties": {}, "geometry": {"type": "Point", "coordinates": [77.48424, 12.92679]}}, {"type": "Feature", "properties": {}, "geometry": {"type": "Point", "coordinates": [77.4879, 12.9269]}}, {"type": "Feature", "properties": {}, "geometry": {"type": "Point", "coordinates": [77.49559, 12.92725]}}, {"type": "Feature", "properties": {}, "geometry": {"type": "Point", "coordinates": [77.4974, 12.92735]}}, {"type": "Feature", "properties": {}, "geometry": {"type": "Point", "coordinates": [77.48871, 12.92746]}}, {"type": "Feature", "properties": {}, "geometry": {"type": "Point", "coordinates": [77.48774, 12.9275]}}, {"type": "Feature", "properties": {}, "geometry": {"type": "Point", "coordinates": [77.49211, 12.92755]}}, {"type": "Feature", "properties": {}, "geometry": {"type": "Point", "coordinates": [77.49302, 12.92766]}}, {"type": "Feature", "properties": {}, "geometry": {"type": "Point", "coordinates": [77.49258, 12.92771]}}, {"type": "Feature", "properties": {}, "geometry": {"type": "Point", "coordinates": [77.495, 12.92797]}}, {"type": "Feature", "properties": {}, "geometry": {"type": "Point", "coordinates": [77.49152, 12.9281]}}, {"type": "Feature", "properties": {}, "geometry": {"type": "Point", "coordinates": [77.49867, 12.92818]}}, {"type": "Feature", "properties": {}, "geometry": {"type": "Point", "coordinates": [77.48835, 12.92832]}}, {"type": "Feature", "properties": {}, "geometry": {"type": "Point", "coordinates": [77.49723, 12.92833]}}, {"type": "Feature", "properties": {}, "geometry": {"type": "Point", "coordinates": [77.48947, 12.92858]}}, {"type": "Feature", "properties": {}, "geometry": {"type": "Point", "coordinates": [77.49749, 12.92863]}}, {"type": "Feature", "properties": {}, "geometry": {"type": "Point", "coordinates": [77.49179, 12.9291]}}, {"type": "Feature", "properties": {}, "geometry": {"type": "Point", "coordinates": [77.50991, 12.92903]}}, {"type": "Feature", "properties": {}, "geometry": {"type": "Point", "coordinates": [77.49451, 12.92948]}}, {"type": "Feature", "properties": {}, "geometry": {"type": "Point", "coordinates": [77.48983, 12.92955]}}, {"type": "Feature", "properties": {}, "geometry": {"type": "Point", "coordinates": [77.48449, 12.92963]}}, {"type": "Feature", "properties": {}, "geometry": {"type": "Point", "coordinates": [77.49654, 12.92953]}}, {"type": "Feature", "properties": {}, "geometry": {"type": "Point", "coordinates": [77.50959, 12.92952]}}, {"type": "Feature", "properties": {}, "geometry": {"type": "Point", "coordinates": [77.52294, 12.92948]}}, {"type": "Feature", "properties": {}, "geometry": {"type": "Point", "coordinates": [77.52412, 12.92969]}}, {"type": "Feature", "properties": {}, "geometry": {"type": "Point", "coordinates": [77.48832, 12.93007]}}, {"type": "Feature", "properties": {}, "geometry": {"type": "Point", "coordinates": [77.52461, 12.92982]}}, {"type": "Feature", "properties": {}, "geometry": {"type": "Point", "coordinates": [77.50941, 12.93005]}}, {"type": "Feature", "properties": {}, "geometry": {"type": "Point", "coordinates": [77.51027, 12.93058]}}, {"type": "Feature", "properties": {}, "geometry": {"type": "Point", "coordinates": [77.52482, 12.93062]}}, {"type": "Feature", "properties": {}, "geometry": {"type": "Point", "coordinates": [77.5109, 12.93083]}}, {"type": "Feature", "properties": {}, "geometry": {"type": "Point", "coordinates": [77.52556, 12.93072]}}, {"type": "Feature", "properties": {}, "geometry": {"type": "Point", "coordinates": [77.51089, 12.93092]}}, {"type": "Feature", "properties": {}, "geometry": {"type": "Point", "coordinates": [77.48679, 12.93134]}}, {"type": "Feature", "properties": {}, "geometry": {"type": "Point", "coordinates": [77.49019, 12.93131]}}, {"type": "Feature", "properties": {}, "geometry": {"type": "Point", "coordinates": [77.4872, 12.93141]}}, {"type": "Feature", "properties": {}, "geometry": {"type": "Point", "coordinates": [77.49788, 12.93153]}}, {"type": "Feature", "properties": {}, "geometry": {"type": "Point", "coordinates": [77.49857, 12.93157]}}, {"type": "Feature", "properties": {}, "geometry": {"type": "Point", "coordinates": [77.48517, 12.9317]}}, {"type": "Feature", "properties": {}, "geometry": {"type": "Point", "coordinates": [77.5249, 12.93138]}}, {"type": "Feature", "properties": {}, "geometry": {"type": "Point", "coordinates": [77.4913, 12.93174]}}, {"type": "Feature", "properties": {}, "geometry": {"type": "Point", "coordinates": [77.52538, 12.93158]}}, {"type": "Feature", "properties": {}, "geometry": {"type": "Point", "coordinates": [77.48625, 12.93219]}}, {"type": "Feature", "properties": {}, "geometry": {"type": "Point", "coordinates": [77.48595, 12.93226]}}, {"type": "Feature", "properties": {}, "geometry": {"type": "Point", "coordinates": [77.52633, 12.93199]}}, {"type": "Feature", "properties": {}, "geometry": {"type": "Point", "coordinates": [77.52502, 12.93222]}}, {"type": "Feature", "properties": {}, "geometry": {"type": "Point", "coordinates": [77.48422, 12.933]}}, {"type": "Feature", "properties": {}, "geometry": {"type": "Point", "coordinates": [77.49408, 12.9333]}}, {"type": "Feature", "properties": {}, "geometry": {"type": "Point", "coordinates": [77.48478, 12.93352]}}, {"type": "Feature", "properties": {}, "geometry": {"type": "Point", "coordinates": [77.48958, 12.93371]}}, {"type": "Feature", "properties": {}, "geometry": {"type": "Point", "coordinates": [77.48979, 12.93409]}}, {"type": "Feature", "properties": {}, "geometry": {"type": "Point", "coordinates": [77.52019, 12.93379]}}, {"type": "Feature", "properties": {}, "geometry": {"type": "Point", "coordinates": [77.49478, 12.93409]}}, {"type": "Feature", "properties": {}, "geometry": {"type": "Point", "coordinates": [77.48776, 12.93431]}}, {"type": "Feature", "properties": {}, "geometry": {"type": "Point", "coordinates": [77.48862, 12.93441]}}, {"type": "Feature", "properties": {}, "geometry": {"type": "Point", "coordinates": [77.48961, 12.93473]}}, {"type": "Feature", "properties": {}, "geometry": {"type": "Point", "coordinates": [77.48992, 12.93473]}}, {"type": "Feature", "properties": {}, "geometry": {"type": "Point", "coordinates": [77.49282, 12.93478]}}, {"type": "Feature", "properties": {}, "geometry": {"type": "Point", "coordinates": [77.49173, 12.93494]}}, {"type": "Feature", "properties": {}, "geometry": {"type": "Point", "coordinates": [77.49164, 12.93506]}}, {"type": "Feature", "properties": {}, "geometry": {"type": "Point", "coordinates": [77.4937, 12.93508]}}, {"type": "Feature", "properties": {}, "geometry": {"type": "Point", "coordinates": [77.49142, 12.93514]}}, {"type": "Feature", "properties": {}, "geometry": {"type": "Point", "coordinates": [77.52459, 12.93493]}}, {"type": "Feature", "properties": {}, "geometry": {"type": "Point", "coordinates": [77.49147, 12.93624]}}, {"type": "Feature", "properties": {}, "geometry": {"type": "Point", "coordinates": [77.49439, 12.93631]}}, {"type": "Feature", "properties": {}, "geometry": {"type": "Point", "coordinates": [77.48948, 12.93657]}}, {"type": "Feature", "properties": {}, "geometry": {"type": "Point", "coordinates": [77.49242, 12.93681]}}, {"type": "Feature", "properties": {}, "geometry": {"type": "Point", "coordinates": [77.49428, 12.9369]}}, {"type": "Feature", "properties": {}, "geometry": {"type": "Point", "coordinates": [77.49, 12.93758]}}, {"type": "Feature", "properties": {}, "geometry": {"type": "Point", "coordinates": [77.48483, 12.93772]}}, {"type": "Feature", "properties": {}, "geometry": {"type": "Point", "coordinates": [77.49398, 12.93776]}}, {"type": "Feature", "properties": {}, "geometry": {"type": "Point", "coordinates": [77.48655, 12.93784]}}, {"type": "Feature", "properties": {}, "geometry": {"type": "Point", "coordinates": [77.52394, 12.93749]}}, {"type": "Feature", "properties": {}, "geometry": {"type": "Point", "coordinates": [77.5242, 12.93765]}}, {"type": "Feature", "properties": {}, "geometry": {"type": "Point", "coordinates": [77.49069, 12.93813]}}, {"type": "Feature", "properties": {}, "geometry": {"type": "Point", "coordinates": [77.49072, 12.93834]}}, {"type": "Feature", "properties": {}, "geometry": {"type": "Point", "coordinates": [77.48806, 12.93858]}}, {"type": "Feature", "properties": {}, "geometry": {"type": "Point", "coordinates": [77.48957, 12.93863]}}, {"type": "Feature", "properties": {}, "geometry": {"type": "Point", "coordinates": [77.49372, 12.93886]}}, {"type": "Feature", "properties": {}, "geometry": {"type": "Point", "coordinates": [77.4886, 12.93897]}}, {"type": "Feature", "properties": {}, "geometry": {"type": "Point", "coordinates": [77.48897, 12.9392]}}, {"type": "Feature", "properties": {}, "geometry": {"type": "Point", "coordinates": [77.48685, 12.93929]}}, {"type": "Feature", "properties": {}, "geometry": {"type": "Point", "coordinates": [77.52487, 12.93919]}}, {"type": "Feature", "properties": {}, "geometry": {"type": "Point", "coordinates": [77.49684, 12.93954]}}, {"type": "Feature", "properties": {}, "geometry": {"type": "Point", "coordinates": [77.49667, 12.93962]}}, {"type": "Feature", "properties": {}, "geometry": {"type": "Point", "coordinates": [77.48608, 12.9398]}}, {"type": "Feature", "properties": {}, "geometry": {"type": "Point", "coordinates": [77.52464, 12.93968]}}, {"type": "Feature", "properties": {}, "geometry": {"type": "Point", "coordinates": [77.49482, 12.93998]}}, {"type": "Feature", "properties": {}, "geometry": {"type": "Point", "coordinates": [77.49089, 12.94005]}}, {"type": "Feature", "properties": {}, "geometry": {"type": "Point", "coordinates": [77.49526, 12.94045]}}, {"type": "Feature", "properties": {}, "geometry": {"type": "Point", "coordinates": [77.49094, 12.9405]}}, {"type": "Feature", "properties": {}, "geometry": {"type": "Point", "coordinates": [77.49596, 12.94061]}}, {"type": "Feature", "properties": {}, "geometry": {"type": "Point", "coordinates": [77.5254, 12.94083]}}, {"type": "Feature", "properties": {}, "geometry": {"type": "Point", "coordinates": [77.52526, 12.94096]}}, {"type": "Feature", "properties": {}, "geometry": {"type": "Point", "coordinates": [77.48507, 12.94136]}}, {"type": "Feature", "properties": {}, "geometry": {"type": "Point", "coordinates": [77.49295, 12.94132]}}, {"type": "Feature", "properties": {}, "geometry": {"type": "Point", "coordinates": [77.48571, 12.94159]}}, {"type": "Feature", "properties": {}, "geometry": {"type": "Point", "coordinates": [77.48923, 12.94188]}}, {"type": "Feature", "properties": {}, "geometry": {"type": "Point", "coordinates": [77.49551, 12.94211]}}, {"type": "Feature", "properties": {}, "geometry": {"type": "Point", "coordinates": [77.48521, 12.94226]}}, {"type": "Feature", "properties": {}, "geometry": {"type": "Point", "coordinates": [77.48693, 12.94229]}}, {"type": "Feature", "properties": {}, "geometry": {"type": "Point", "coordinates": [77.49344, 12.94245]}}, {"type": "Feature", "properties": {}, "geometry": {"type": "Point", "coordinates": [77.52456, 12.94221]}}, {"type": "Feature", "properties": {}, "geometry": {"type": "Point", "coordinates": [77.49034, 12.94259]}}, {"type": "Feature", "properties": {}, "geometry": {"type": "Point", "coordinates": [77.4882, 12.94265]}}, {"type": "Feature", "properties": {}, "geometry": {"type": "Point", "coordinates": [77.48974, 12.94263]}}, {"type": "Feature", "properties": {}, "geometry": {"type": "Point", "coordinates": [77.48725, 12.94294]}}, {"type": "Feature", "properties": {}, "geometry": {"type": "Point", "coordinates": [77.52469, 12.94263]}}, {"type": "Feature", "properties": {}, "geometry": {"type": "Point", "coordinates": [77.52582, 12.94262]}}, {"type": "Feature", "properties": {}, "geometry": {"type": "Point", "coordinates": [77.49617, 12.94312]}}, {"type": "Feature", "properties": {}, "geometry": {"type": "Point", "coordinates": [77.51885, 12.94293]}}, {"type": "Feature", "properties": {}, "geometry": {"type": "Point", "coordinates": [77.52121, 12.94292]}}, {"type": "Feature", "properties": {}, "geometry": {"type": "Point", "coordinates": [77.48935, 12.94336]}}, {"type": "Feature", "properties": {}, "geometry": {"type": "Point", "coordinates": [77.49599, 12.94332]}}, {"type": "Feature", "properties": {}, "geometry": {"type": "Point", "coordinates": [77.5255, 12.94317]}}, {"type": "Feature", "properties": {}, "geometry": {"type": "Point", "coordinates": [77.48885, 12.94369]}}, {"type": "Feature", "properties": {}, "geometry": {"type": "Point", "coordinates": [77.49187, 12.94375]}}, {"type": "Feature", "properties": {}, "geometry": {"type": "Point", "coordinates": [77.52712, 12.94362]}}, {"type": "Feature", "properties": {}, "geometry": {"type": "Point", "coordinates": [77.51909, 12.94377]}}, {"type": "Feature", "properties": {}, "geometry": {"type": "Point", "coordinates": [77.49605, 12.94409]}}, {"type": "Feature", "properties": {}, "geometry": {"type": "Point", "coordinates": [77.48789, 12.94421]}}, {"type": "Feature", "properties": {}, "geometry": {"type": "Point", "coordinates": [77.52457, 12.94388]}}, {"type": "Feature", "properties": {}, "geometry": {"type": "Point", "coordinates": [77.5219, 12.944]}}, {"type": "Feature", "properties": {}, "geometry": {"type": "Point", "coordinates": [77.50076, 12.94427]}}, {"type": "Feature", "properties": {}, "geometry": {"type": "Point", "coordinates": [77.49348, 12.94447]}}, {"type": "Feature", "properties": {}, "geometry": {"type": "Point", "coordinates": [77.51977, 12.94429]}}, {"type": "Feature", "properties": {}, "geometry": {"type": "Point", "coordinates": [77.48773, 12.94478]}}, {"type": "Feature", "properties": {}, "geometry": {"type": "Point", "coordinates": [77.49944, 12.94468]}}, {"type": "Feature", "properties": {}, "geometry": {"type": "Point", "coordinates": [77.52395, 12.94448]}}, {"type": "Feature", "properties": {}, "geometry": {"type": "Point", "coordinates": [77.49678, 12.94475]}}, {"type": "Feature", "properties": {}, "geometry": {"type": "Point", "coordinates": [77.49179, 12.94493]}}, {"type": "Feature", "properties": {}, "geometry": {"type": "Point", "coordinates": [77.52647, 12.94462]}}, {"type": "Feature", "properties": {}, "geometry": {"type": "Point", "coordinates": [77.52679, 12.94465]}}, {"type": "Feature", "properties": {}, "geometry": {"type": "Point", "coordinates": [77.5187, 12.94513]}}, {"type": "Feature", "properties": {}, "geometry": {"type": "Point", "coordinates": [77.49462, 12.94538]}}, {"type": "Feature", "properties": {}, "geometry": {"type": "Point", "coordinates": [77.52215, 12.94523]}}, {"type": "Feature", "properties": {}, "geometry": {"type": "Point", "coordinates": [77.49845, 12.94548]}}, {"type": "Feature", "properties": {}, "geometry": {"type": "Point", "coordinates": [77.51874, 12.94543]}}, {"type": "Feature", "properties": {}, "geometry": {"type": "Point", "coordinates": [77.49851, 12.94577]}}, {"type": "Feature", "properties": {}, "geometry": {"type": "Point", "coordinates": [77.50038, 12.946]}}, {"type": "Feature", "properties": {}, "geometry": {"type": "Point", "coordinates": [77.51989, 12.94583]}}, {"type": "Feature", "properties": {}, "geometry": {"type": "Point", "coordinates": [77.49431, 12.9461]}}, {"type": "Feature", "properties": {}, "geometry": {"type": "Point", "coordinates": [77.49365, 12.94615]}}, {"type": "Feature", "properties": {}, "geometry": {"type": "Point", "coordinates": [77.4956, 12.94615]}}, {"type": "Feature", "properties": {}, "geometry": {"type": "Point", "coordinates": [77.49213, 12.94648]}}, {"type": "Feature", "properties": {}, "geometry": {"type": "Point", "coordinates": [77.49241, 12.94654]}}, {"type": "Feature", "properties": {}, "geometry": {"type": "Point", "coordinates": [77.49192, 12.94655]}}, {"type": "Feature", "properties": {}, "geometry": {"type": "Point", "coordinates": [77.49278, 12.94663]}}, {"type": "Feature", "properties": {}, "geometry": {"type": "Point", "coordinates": [77.5387, 12.94619]}}, {"type": "Feature", "properties": {}, "geometry": {"type": "Point", "coordinates": [77.53563, 12.94634]}}, {"type": "Feature", "properties": {}, "geometry": {"type": "Point", "coordinates": [77.53563, 12.94634]}}, {"type": "Feature", "properties": {}, "geometry": {"type": "Point", "coordinates": [77.5405, 12.94633]}}, {"type": "Feature", "properties": {}, "geometry": {"type": "Point", "coordinates": [77.49835, 12.94679]}}, {"type": "Feature", "properties": {}, "geometry": {"type": "Point", "coordinates": [77.49511, 12.94684]}}, {"type": "Feature", "properties": {}, "geometry": {"type": "Point", "coordinates": [77.52397, 12.94659]}}, {"type": "Feature", "properties": {}, "geometry": {"type": "Point", "coordinates": [77.51916, 12.94665]}}, {"type": "Feature", "properties": {}, "geometry": {"type": "Point", "coordinates": [77.54084, 12.94646]}}, {"type": "Feature", "properties": {}, "geometry": {"type": "Point", "coordinates": [77.54084, 12.94646]}}, {"type": "Feature", "properties": {}, "geometry": {"type": "Point", "coordinates": [77.52192, 12.94666]}}, {"type": "Feature", "properties": {}, "geometry": {"type": "Point", "coordinates": [77.5364, 12.94652]}}, {"type": "Feature", "properties": {}, "geometry": {"type": "Point", "coordinates": [77.51907, 12.94689]}}, {"type": "Feature", "properties": {}, "geometry": {"type": "Point", "coordinates": [77.53437, 12.94678]}}, {"type": "Feature", "properties": {}, "geometry": {"type": "Point", "coordinates": [77.54158, 12.94676]}}, {"type": "Feature", "properties": {}, "geometry": {"type": "Point", "coordinates": [77.5242, 12.94698]}}, {"type": "Feature", "properties": {}, "geometry": {"type": "Point", "coordinates": [77.54262, 12.94695]}}, {"type": "Feature", "properties": {}, "geometry": {"type": "Point", "coordinates": [77.54122, 12.94698]}}, {"type": "Feature", "properties": {}, "geometry": {"type": "Point", "coordinates": [77.54221, 12.94711]}}, {"type": "Feature", "properties": {}, "geometry": {"type": "Point", "coordinates": [77.52085, 12.94741]}}, {"type": "Feature", "properties": {}, "geometry": {"type": "Point", "coordinates": [77.54396, 12.9472]}}, {"type": "Feature", "properties": {}, "geometry": {"type": "Point", "coordinates": [77.53916, 12.94732]}}, {"type": "Feature", "properties": {}, "geometry": {"type": "Point", "coordinates": [77.52211, 12.94751]}}, {"type": "Feature", "properties": {}, "geometry": {"type": "Point", "coordinates": [77.52249, 12.9476]}}, {"type": "Feature", "properties": {}, "geometry": {"type": "Point", "coordinates": [77.52141, 12.94796]}}, {"type": "Feature", "properties": {}, "geometry": {"type": "Point", "coordinates": [77.54225, 12.94794]}}, {"type": "Feature", "properties": {}, "geometry": {"type": "Point", "coordinates": [77.52184, 12.94853]}}, {"type": "Feature", "properties": {}, "geometry": {"type": "Point", "coordinates": [77.54155, 12.94863]}}, {"type": "Feature", "properties": {}, "geometry": {"type": "Point", "coordinates": [77.53026, 12.94895]}}, {"type": "Feature", "properties": {}, "geometry": {"type": "Point", "coordinates": [77.52991, 12.94906]}}, {"type": "Feature", "properties": {}, "geometry": {"type": "Point", "coordinates": [77.52426, 12.94931]}}, {"type": "Feature", "properties": {}, "geometry": {"type": "Point", "coordinates": [77.52936, 12.94931]}}, {"type": "Feature", "properties": {}, "geometry": {"type": "Point", "coordinates": [77.52313, 12.94972]}}, {"type": "Feature", "properties": {}, "geometry": {"type": "Point", "coordinates": [77.5246, 12.95023]}}, {"type": "Feature", "properties": {}, "geometry": {"type": "Point", "coordinates": [77.52623, 12.95055]}}, {"type": "Feature", "properties": {}, "geometry": {"type": "Point", "coordinates": [77.52487, 12.9507]}}, {"type": "Feature", "properties": {}, "geometry": {"type": "Point", "coordinates": [77.54242, 12.95117]}}, {"type": "Feature", "properties": {}, "geometry": {"type": "Point", "coordinates": [77.52493, 12.9515]}}, {"type": "Feature", "properties": {}, "geometry": {"type": "Point", "coordinates": [77.52378, 12.95176]}}, {"type": "Feature", "properties": {}, "geometry": {"type": "Point", "coordinates": [77.53615, 12.95195]}}, {"type": "Feature", "properties": {}, "geometry": {"type": "Point", "coordinates": [77.49568, 12.95279]}}, {"type": "Feature", "properties": {}, "geometry": {"type": "Point", "coordinates": [77.49864, 12.95298]}}, {"type": "Feature", "properties": {}, "geometry": {"type": "Point", "coordinates": [77.49598, 12.95312]}}, {"type": "Feature", "properties": {}, "geometry": {"type": "Point", "coordinates": [77.49728, 12.95326]}}, {"type": "Feature", "properties": {}, "geometry": {"type": "Point", "coordinates": [77.52527, 12.95313]}}, {"type": "Feature", "properties": {}, "geometry": {"type": "Point", "coordinates": [77.4992, 12.95347]}}, {"type": "Feature", "properties": {}, "geometry": {"type": "Point", "coordinates": [77.49836, 12.95355]}}, {"type": "Feature", "properties": {}, "geometry": {"type": "Point", "coordinates": [77.52515, 12.9533]}}, {"type": "Feature", "properties": {}, "geometry": {"type": "Point", "coordinates": [77.49656, 12.95375]}}, {"type": "Feature", "properties": {}, "geometry": {"type": "Point", "coordinates": [77.54107, 12.95336]}}, {"type": "Feature", "properties": {}, "geometry": {"type": "Point", "coordinates": [77.54107, 12.95336]}}, {"type": "Feature", "properties": {}, "geometry": {"type": "Point", "coordinates": [77.50031, 12.95382]}}, {"type": "Feature", "properties": {}, "geometry": {"type": "Point", "coordinates": [77.49557, 12.95389]}}, {"type": "Feature", "properties": {}, "geometry": {"type": "Point", "coordinates": [77.49696, 12.954]}}, {"type": "Feature", "properties": {}, "geometry": {"type": "Point", "coordinates": [77.54112, 12.95391]}}, {"type": "Feature", "properties": {}, "geometry": {"type": "Point", "coordinates": [77.54112, 12.95391]}}, {"type": "Feature", "properties": {}, "geometry": {"type": "Point", "coordinates": [77.50034, 12.95432]}}, {"type": "Feature", "properties": {}, "geometry": {"type": "Point", "coordinates": [77.54241, 12.95398]}}, {"type": "Feature", "properties": {}, "geometry": {"type": "Point", "coordinates": [77.54241, 12.95398]}}, {"type": "Feature", "properties": {}, "geometry": {"type": "Point", "coordinates": [77.53972, 12.95418]}}, {"type": "Feature", "properties": {}, "geometry": {"type": "Point", "coordinates": [77.53972, 12.95418]}}, {"type": "Feature", "properties": {}, "geometry": {"type": "Point", "coordinates": [77.52484, 12.95442]}}, {"type": "Feature", "properties": {}, "geometry": {"type": "Point", "coordinates": [77.53995, 12.95432]}}, {"type": "Feature", "properties": {}, "geometry": {"type": "Point", "coordinates": [77.53995, 12.95432]}}, {"type": "Feature", "properties": {}, "geometry": {"type": "Point", "coordinates": [77.49589, 12.95488]}}, {"type": "Feature", "properties": {}, "geometry": {"type": "Point", "coordinates": [77.52613, 12.95476]}}, {"type": "Feature", "properties": {}, "geometry": {"type": "Point", "coordinates": [77.49448, 12.95537]}}, {"type": "Feature", "properties": {}, "geometry": {"type": "Point", "coordinates": [77.52533, 12.9551]}}, {"type": "Feature", "properties": {}, "geometry": {"type": "Point", "coordinates": [77.49967, 12.95538]}}, {"type": "Feature", "properties": {}, "geometry": {"type": "Point", "coordinates": [77.49745, 12.95555]}}, {"type": "Feature", "properties": {}, "geometry": {"type": "Point", "coordinates": [77.49542, 12.9556]}}, {"type": "Feature", "properties": {}, "geometry": {"type": "Point", "coordinates": [77.49827, 12.95564]}}, {"type": "Feature", "properties": {}, "geometry": {"type": "Point", "coordinates": [77.50073, 12.95571]}}, {"type": "Feature", "properties": {}, "geometry": {"type": "Point", "coordinates": [77.52425, 12.95548]}}, {"type": "Feature", "properties": {}, "geometry": {"type": "Point", "coordinates": [77.49605, 12.95576]}}, {"type": "Feature", "properties": {}, "geometry": {"type": "Point", "coordinates": [77.54014, 12.95535]}}, {"type": "Feature", "properties": {}, "geometry": {"type": "Point", "coordinates": [77.54014, 12.95535]}}, {"type": "Feature", "properties": {}, "geometry": {"type": "Point", "coordinates": [77.52514, 12.95558]}}, {"type": "Feature", "properties": {}, "geometry": {"type": "Point", "coordinates": [77.50091, 12.95608]}}, {"type": "Feature", "properties": {}, "geometry": {"type": "Point", "coordinates": [77.5251, 12.9559]}}, {"type": "Feature", "properties": {}, "geometry": {"type": "Point", "coordinates": [77.52364, 12.95615]}}, {"type": "Feature", "properties": {}, "geometry": {"type": "Point", "coordinates": [77.52451, 12.95644]}}, {"type": "Feature", "properties": {}, "geometry": {"type": "Point", "coordinates": [77.52515, 12.95654]}}, {"type": "Feature", "properties": {}, "geometry": {"type": "Point", "coordinates": [77.54649, 12.95641]}}, {"type": "Feature", "properties": {}, "geometry": {"type": "Point", "coordinates": [77.54649, 12.95641]}}, {"type": "Feature", "properties": {}, "geometry": {"type": "Point", "coordinates": [77.54154, 12.9568]}}, {"type": "Feature", "properties": {}, "geometry": {"type": "Point", "coordinates": [77.54154, 12.9568]}}, {"type": "Feature", "properties": {}, "geometry": {"type": "Point", "coordinates": [77.51661, 12.95723]}}, {"type": "Feature", "properties": {}, "geometry": {"type": "Point", "coordinates": [77.53714, 12.95703]}}, {"type": "Feature", "properties": {}, "geometry": {"type": "Point", "coordinates": [77.54081, 12.95705]}}, {"type": "Feature", "properties": {}, "geometry": {"type": "Point", "coordinates": [77.54081, 12.95705]}}, {"type": "Feature", "properties": {}, "geometry": {"type": "Point", "coordinates": [77.52256, 12.95745]}}, {"type": "Feature", "properties": {}, "geometry": {"type": "Point", "coordinates": [77.54542, 12.95734]}}, {"type": "Feature", "properties": {}, "geometry": {"type": "Point", "coordinates": [77.54542, 12.95734]}}, {"type": "Feature", "properties": {}, "geometry": {"type": "Point", "coordinates": [77.54117, 12.95744]}}, {"type": "Feature", "properties": {}, "geometry": {"type": "Point", "coordinates": [77.54117, 12.95744]}}, {"type": "Feature", "properties": {}, "geometry": {"type": "Point", "coordinates": [77.53968, 12.95756]}}, {"type": "Feature", "properties": {}, "geometry": {"type": "Point", "coordinates": [77.53968, 12.95756]}}, {"type": "Feature", "properties": {}, "geometry": {"type": "Point", "coordinates": [77.51528, 12.95783]}}, {"type": "Feature", "properties": {}, "geometry": {"type": "Point", "coordinates": [77.54198, 12.95763]}}, {"type": "Feature", "properties": {}, "geometry": {"type": "Point", "coordinates": [77.54198, 12.95763]}}, {"type": "Feature", "properties": {}, "geometry": {"type": "Point", "coordinates": [77.51547, 12.95817]}}, {"type": "Feature", "properties": {}, "geometry": {"type": "Point", "coordinates": [77.54171, 12.95797]}}, {"type": "Feature", "properties": {}, "geometry": {"type": "Point", "coordinates": [77.54171, 12.95797]}}, {"type": "Feature", "properties": {}, "geometry": {"type": "Point", "coordinates": [77.54384, 12.9582]}}, {"type": "Feature", "properties": {}, "geometry": {"type": "Point", "coordinates": [77.54384, 12.9582]}}, {"type": "Feature", "properties": {}, "geometry": {"type": "Point", "coordinates": [77.54011, 12.95826]}}, {"type": "Feature", "properties": {}, "geometry": {"type": "Point", "coordinates": [77.54011, 12.95826]}}, {"type": "Feature", "properties": {}, "geometry": {"type": "Point", "coordinates": [77.54142, 12.95829]}}, {"type": "Feature", "properties": {}, "geometry": {"type": "Point", "coordinates": [77.54142, 12.95829]}}, {"type": "Feature", "properties": {}, "geometry": {"type": "Point", "coordinates": [77.51663, 12.95869]}}, {"type": "Feature", "properties": {}, "geometry": {"type": "Point", "coordinates": [77.5198, 12.95875]}}, {"type": "Feature", "properties": {}, "geometry": {"type": "Point", "coordinates": [77.54024, 12.95856]}}, {"type": "Feature", "properties": {}, "geometry": {"type": "Point", "coordinates": [77.54024, 12.95856]}}, {"type": "Feature", "properties": {}, "geometry": {"type": "Point", "coordinates": [77.54044, 12.95873]}}, {"type": "Feature", "properties": {}, "geometry": {"type": "Point", "coordinates": [77.54044, 12.95873]}}, {"type": "Feature", "properties": {}, "geometry": {"type": "Point", "coordinates": [77.54582, 12.95899]}}, {"type": "Feature", "properties": {}, "geometry": {"type": "Point", "coordinates": [77.54582, 12.95899]}}, {"type": "Feature", "properties": {}, "geometry": {"type": "Point", "coordinates": [77.51849, 12.95938]}}, {"type": "Feature", "properties": {}, "geometry": {"type": "Point", "coordinates": [77.54117, 12.95954]}}, {"type": "Feature", "properties": {}, "geometry": {"type": "Point", "coordinates": [77.54117, 12.95954]}}, {"type": "Feature", "properties": {}, "geometry": {"type": "Point", "coordinates": [77.54266, 12.95965]}}, {"type": "Feature", "properties": {}, "geometry": {"type": "Point", "coordinates": [77.54266, 12.95965]}}, {"type": "Feature", "properties": {}, "geometry": {"type": "Point", "coordinates": [77.51635, 12.96019]}}, {"type": "Feature", "properties": {}, "geometry": {"type": "Point", "coordinates": [77.54259, 12.95996]}}, {"type": "Feature", "properties": {}, "geometry": {"type": "Point", "coordinates": [77.54259, 12.95996]}}, {"type": "Feature", "properties": {}, "geometry": {"type": "Point", "coordinates": [77.54572, 12.95995]}}, {"type": "Feature", "properties": {}, "geometry": {"type": "Point", "coordinates": [77.54572, 12.95995]}}, {"type": "Feature", "properties": {}, "geometry": {"type": "Point", "coordinates": [77.51761, 12.96029]}}, {"type": "Feature", "properties": {}, "geometry": {"type": "Point", "coordinates": [77.54297, 12.96024]}}, {"type": "Feature", "properties": {}, "geometry": {"type": "Point", "coordinates": [77.54297, 12.96024]}}, {"type": "Feature", "properties": {}, "geometry": {"type": "Point", "coordinates": [77.54603, 12.96032]}}, {"type": "Feature", "properties": {}, "geometry": {"type": "Point", "coordinates": [77.50356, 12.96088]}}, {"type": "Feature", "properties": {}, "geometry": {"type": "Point", "coordinates": [77.50305, 12.96092]}}, {"type": "Feature", "properties": {}, "geometry": {"type": "Point", "coordinates": [77.50424, 12.96146]}}, {"type": "Feature", "properties": {}, "geometry": {"type": "Point", "coordinates": [77.50339, 12.96157]}}, {"type": "Feature", "properties": {}, "geometry": {"type": "Point", "coordinates": [77.50187, 12.96184]}}, {"type": "Feature", "properties": {}, "geometry": {"type": "Point", "coordinates": [77.54218, 12.96148]}}, {"type": "Feature", "properties": {}, "geometry": {"type": "Point", "coordinates": [77.50352, 12.96203]}}, {"type": "Feature", "properties": {}, "geometry": {"type": "Point", "coordinates": [77.5032, 12.96216]}}, {"type": "Feature", "properties": {}, "geometry": {"type": "Point", "coordinates": [77.50266, 12.96219]}}, {"type": "Feature", "properties": {}, "geometry": {"type": "Point", "coordinates": [77.50315, 12.96223]}}, {"type": "Feature", "properties": {}, "geometry": {"type": "Point", "coordinates": [77.518, 12.96214]}}, {"type": "Feature", "properties": {}, "geometry": {"type": "Point", "coordinates": [77.5022, 12.96237]}}, {"type": "Feature", "properties": {}, "geometry": {"type": "Point", "coordinates": [77.50241, 12.96255]}}, {"type": "Feature", "properties": {}, "geometry": {"type": "Point", "coordinates": [77.50357, 12.9627]}}, {"type": "Feature", "properties": {}, "geometry": {"type": "Point", "coordinates": [77.50383, 12.96278]}}, {"type": "Feature", "properties": {}, "geometry": {"type": "Point", "coordinates": [77.50427, 12.96313]}}, {"type": "Feature", "properties": {}, "geometry": {"type": "Point", "coordinates": [77.5037, 12.96332]}}, {"type": "Feature", "properties": {}, "geometry": {"type": "Point", "coordinates": [77.5264, 12.96314]}}, {"type": "Feature", "properties": {}, "geometry": {"type": "Point", "coordinates": [77.50315, 12.9634]}}, {"type": "Feature", "properties": {}, "geometry": {"type": "Point", "coordinates": [77.51013, 12.96347]}}, {"type": "Feature", "properties": {}, "geometry": {"type": "Point", "coordinates": [77.52105, 12.9634]}}, {"type": "Feature", "properties": {}, "geometry": {"type": "Point", "coordinates": [77.52283, 12.96339]}}, {"type": "Feature", "properties": {}, "geometry": {"type": "Point", "coordinates": [77.54449, 12.96329]}}, {"type": "Feature", "properties": {}, "geometry": {"type": "Point", "coordinates": [77.54449, 12.96329]}}, {"type": "Feature", "properties": {}, "geometry": {"type": "Point", "coordinates": [77.50308, 12.96378]}}, {"type": "Feature", "properties": {}, "geometry": {"type": "Point", "coordinates": [77.5041, 12.96377]}}, {"type": "Feature", "properties": {}, "geometry": {"type": "Point", "coordinates": [77.52286, 12.96367]}}, {"type": "Feature", "properties": {}, "geometry": {"type": "Point", "coordinates": [77.52595, 12.96367]}}, {"type": "Feature", "properties": {}, "geometry": {"type": "Point", "coordinates": [77.51648, 12.96379]}}, {"type": "Feature", "properties": {}, "geometry": {"type": "Point", "coordinates": [77.50254, 12.964]}}, {"type": "Feature", "properties": {}, "geometry": {"type": "Point", "coordinates": [77.52595, 12.96379]}}, {"type": "Feature", "properties": {}, "geometry": {"type": "Point", "coordinates": [77.53143, 12.96383]}}, {"type": "Feature", "properties": {}, "geometry": {"type": "Point", "coordinates": [77.49773, 12.96434]}}, {"type": "Feature", "properties": {}, "geometry": {"type": "Point", "coordinates": [77.52593, 12.96426]}}, {"type": "Feature", "properties": {}, "geometry": {"type": "Point", "coordinates": [77.52112, 12.96438]}}, {"type": "Feature", "properties": {}, "geometry": {"type": "Point", "coordinates": [77.52628, 12.96433]}}, {"type": "Feature", "properties": {}, "geometry": {"type": "Point", "coordinates": [77.5206, 12.96446]}}, {"type": "Feature", "properties": {}, "geometry": {"type": "Point", "coordinates": [77.52191, 12.96454]}}, {"type": "Feature", "properties": {}, "geometry": {"type": "Point", "coordinates": [77.51567, 12.96468]}}, {"type": "Feature", "properties": {}, "geometry": {"type": "Point", "coordinates": [77.51884, 12.96472]}}, {"type": "Feature", "properties": {}, "geometry": {"type": "Point", "coordinates": [77.52665, 12.96467]}}, {"type": "Feature", "properties": {}, "geometry": {"type": "Point", "coordinates": [77.54705, 12.96492]}}, {"type": "Feature", "properties": {}, "geometry": {"type": "Point", "coordinates": [77.52688, 12.96527]}}, {"type": "Feature", "properties": {}, "geometry": {"type": "Point", "coordinates": [77.53194, 12.96527]}}, {"type": "Feature", "properties": {}, "geometry": {"type": "Point", "coordinates": [77.53158, 12.96533]}}, {"type": "Feature", "properties": {}, "geometry": {"type": "Point", "coordinates": [77.53105, 12.9656]}}, {"type": "Feature", "properties": {}, "geometry": {"type": "Point", "coordinates": [77.53329, 12.96559]}}, {"type": "Feature", "properties": {}, "geometry": {"type": "Point", "coordinates": [77.52384, 12.96571]}}, {"type": "Feature", "properties": {}, "geometry": {"type": "Point", "coordinates": [77.51904, 12.96585]}}, {"type": "Feature", "properties": {}, "geometry": {"type": "Point", "coordinates": [77.52466, 12.96594]}}, {"type": "Feature", "properties": {}, "geometry": {"type": "Point", "coordinates": [77.53228, 12.96603]}}, {"type": "Feature", "properties": {}, "geometry": {"type": "Point", "coordinates": [77.53409, 12.96607]}}, {"type": "Feature", "properties": {}, "geometry": {"type": "Point", "coordinates": [77.50375, 12.9664]}}, {"type": "Feature", "properties": {}, "geometry": {"type": "Point", "coordinates": [77.52274, 12.96634]}}, {"type": "Feature", "properties": {}, "geometry": {"type": "Point", "coordinates": [77.51953, 12.9664]}}, {"type": "Feature", "properties": {}, "geometry": {"type": "Point", "coordinates": [77.52454, 12.9664]}}, {"type": "Feature", "properties": {}, "geometry": {"type": "Point", "coordinates": [77.52488, 12.9665]}}, {"type": "Feature", "properties": {}, "geometry": {"type": "Point", "coordinates": [77.52539, 12.96665]}}, {"type": "Feature", "properties": {}, "geometry": {"type": "Point", "coordinates": [77.50837, 12.96694]}}, {"type": "Feature", "properties": {}, "geometry": {"type": "Point", "coordinates": [77.53301, 12.9668]}}, {"type": "Feature", "properties": {}, "geometry": {"type": "Point", "coordinates": [77.52012, 12.96712]}}, {"type": "Feature", "properties": {}, "geometry": {"type": "Point", "coordinates": [77.53452, 12.96709]}}, {"type": "Feature", "properties": {}, "geometry": {"type": "Point", "coordinates": [77.53304, 12.96711]}}, {"type": "Feature", "properties": {}, "geometry": {"type": "Point", "coordinates": [77.53096, 12.96723]}}, {"type": "Feature", "properties": {}, "geometry": {"type": "Point", "coordinates": [77.52898, 12.96731]}}, {"type": "Feature", "properties": {}, "geometry": {"type": "Point", "coordinates": [77.53125, 12.96745]}}, {"type": "Feature", "properties": {}, "geometry": {"type": "Point", "coordinates": [77.52037, 12.96759]}}, {"type": "Feature", "properties": {}, "geometry": {"type": "Point", "coordinates": [77.53409, 12.96752]}}, {"type": "Feature", "properties": {}, "geometry": {"type": "Point", "coordinates": [77.53594, 12.96761]}}, {"type": "Feature", "properties": {}, "geometry": {"type": "Point", "coordinates": [77.53553, 12.96771]}}, {"type": "Feature", "properties": {}, "geometry": {"type": "Point", "coordinates": [77.53524, 12.96779]}}, {"type": "Feature", "properties": {}, "geometry": {"type": "Point", "coordinates": [77.55077, 12.96768]}}, {"type": "Feature", "properties": {}, "geometry": {"type": "Point", "coordinates": [77.52828, 12.96808]}}, {"type": "Feature", "properties": {}, "geometry": {"type": "Point", "coordinates": [77.5063, 12.96837]}}, {"type": "Feature", "properties": {}, "geometry": {"type": "Point", "coordinates": [77.52526, 12.96823]}}, {"type": "Feature", "properties": {}, "geometry": {"type": "Point", "coordinates": [77.5213, 12.96835]}}, {"type": "Feature", "properties": {}, "geometry": {"type": "Point", "coordinates": [77.5294, 12.96828]}}, {"type": "Feature", "properties": {}, "geometry": {"type": "Point", "coordinates": [77.52083, 12.96842]}}, {"type": "Feature", "properties": {}, "geometry": {"type": "Point", "coordinates": [77.50824, 12.96868]}}, {"type": "Feature", "properties": {}, "geometry": {"type": "Point", "coordinates": [77.53054, 12.96847]}}, {"type": "Feature", "properties": {}, "geometry": {"type": "Point", "coordinates": [77.55026, 12.96831]}}, {"type": "Feature", "properties": {}, "geometry": {"type": "Point", "coordinates": [77.50429, 12.9688]}}, {"type": "Feature", "properties": {}, "geometry": {"type": "Point", "coordinates": [77.5112, 12.96881]}}, {"type": "Feature", "properties": {}, "geometry": {"type": "Point", "coordinates": [77.5507, 12.96844]}}, {"type": "Feature", "properties": {}, "geometry": {"type": "Point", "coordinates": [77.5335, 12.96861]}}, {"type": "Feature", "properties": {}, "geometry": {"type": "Point", "coordinates": [77.55192, 12.96848]}}, {"type": "Feature", "properties": {}, "geometry": {"type": "Point", "coordinates": [77.53202, 12.96878]}}, {"type": "Feature", "properties": {}, "geometry": {"type": "Point", "coordinates": [77.51993, 12.96893]}}, {"type": "Feature", "properties": {}, "geometry": {"type": "Point", "coordinates": [77.52513, 12.9689]}}, {"type": "Feature", "properties": {}, "geometry": {"type": "Point", "coordinates": [77.53531, 12.96885]}}, {"type": "Feature", "properties": {}, "geometry": {"type": "Point", "coordinates": [77.5196, 12.96912]}}, {"type": "Feature", "properties": {}, "geometry": {"type": "Point", "coordinates": [77.52614, 12.96927]}}, {"type": "Feature", "properties": {}, "geometry": {"type": "Point", "coordinates": [77.52554, 12.96931]}}, {"type": "Feature", "properties": {}, "geometry": {"type": "Point", "coordinates": [77.49891, 12.96959]}}, {"type": "Feature", "properties": {}, "geometry": {"type": "Point", "coordinates": [77.52874, 12.96932]}}, {"type": "Feature", "properties": {}, "geometry": {"type": "Point", "coordinates": [77.50887, 12.96953]}}, {"type": "Feature", "properties": {}, "geometry": {"type": "Point", "coordinates": [77.50463, 12.9696]}}, {"type": "Feature", "properties": {}, "geometry": {"type": "Point", "coordinates": [77.55445, 12.96912]}}, {"type": "Feature", "properties": {}, "geometry": {"type": "Point", "coordinates": [77.523, 12.96943]}}, {"type": "Feature", "properties": {}, "geometry": {"type": "Point", "coordinates": [77.52649, 12.96941]}}, {"type": "Feature", "properties": {}, "geometry": {"type": "Point", "coordinates": [77.55484, 12.9692]}}, {"type": "Feature", "properties": {}, "geometry": {"type": "Point", "coordinates": [77.52379, 12.96956]}}, {"type": "Feature", "properties": {}, "geometry": {"type": "Point", "coordinates": [77.52569, 12.96956]}}, {"type": "Feature", "properties": {}, "geometry": {"type": "Point", "coordinates": [77.50894, 12.96975]}}, {"type": "Feature", "properties": {}, "geometry": {"type": "Point", "coordinates": [77.49873, 12.96985]}}, {"type": "Feature", "properties": {}, "geometry": {"type": "Point", "coordinates": [77.52621, 12.96958]}}, {"type": "Feature", "properties": {}, "geometry": {"type": "Point", "coordinates": [77.50307, 12.96982]}}, {"type": "Feature", "properties": {}, "geometry": {"type": "Point", "coordinates": [77.55577, 12.96932]}}, {"type": "Feature", "properties": {}, "geometry": {"type": "Point", "coordinates": [77.52338, 12.96964]}}, {"type": "Feature", "properties": {}, "geometry": {"type": "Point", "coordinates": [77.53301, 12.96956]}}, {"type": "Feature", "properties": {}, "geometry": {"type": "Point", "coordinates": [77.55531, 12.96935]}}, {"type": "Feature", "properties": {}, "geometry": {"type": "Point", "coordinates": [77.5288, 12.96968]}}, {"type": "Feature", "properties": {}, "geometry": {"type": "Point", "coordinates": [77.53124, 12.96966]}}, {"type": "Feature", "properties": {}, "geometry": {"type": "Point", "coordinates": [77.52282, 12.96976]}}, {"type": "Feature", "properties": {}, "geometry": {"type": "Point", "coordinates": [77.55402, 12.9695]}}, {"type": "Feature", "properties": {}, "geometry": {"type": "Point", "coordinates": [77.50169, 12.97002]}}, {"type": "Feature", "properties": {}, "geometry": {"type": "Point", "coordinates": [77.5269, 12.96982]}}, {"type": "Feature", "properties": {}, "geometry": {"type": "Point", "coordinates": [77.55427, 12.96956]}}, {"type": "Feature", "properties": {}, "geometry": {"type": "Point", "coordinates": [77.50667, 12.97009]}}, {"type": "Feature", "properties": {}, "geometry": {"type": "Point", "coordinates": [77.54706, 12.9697]}}, {"type": "Feature", "properties": {}, "geometry": {"type": "Point", "coordinates": [77.50907, 12.97007]}}, {"type": "Feature", "properties": {}, "geometry": {"type": "Point", "coordinates": [77.55666, 12.96964]}}, {"type": "Feature", "properties": {}, "geometry": {"type": "Point", "coordinates": [77.51908, 12.97003]}}, {"type": "Feature", "properties": {}, "geometry": {"type": "Point", "coordinates": [77.5213, 12.97001]}}, {"type": "Feature", "properties": {}, "geometry": {"type": "Point", "coordinates": [77.52973, 12.96995]}}, {"type": "Feature", "properties": {}, "geometry": {"type": "Point", "coordinates": [77.5548, 12.9697]}}, {"type": "Feature", "properties": {}, "geometry": {"type": "Point", "coordinates": [77.5292, 12.96997]}}, {"type": "Feature", "properties": {}, "geometry": {"type": "Point", "coordinates": [77.55593, 12.96972]}}, {"type": "Feature", "properties": {}, "geometry": {"type": "Point", "coordinates": [77.49708, 12.97032]}}, {"type": "Feature", "properties": {}, "geometry": {"type": "Point", "coordinates": [77.55408, 12.96977]}}, {"type": "Feature", "properties": {}, "geometry": {"type": "Point", "coordinates": [77.55278, 12.96979]}}, {"type": "Feature", "properties": {}, "geometry": {"type": "Point", "coordinates": [77.49862, 12.97033]}}, {"type": "Feature", "properties": {}, "geometry": {"type": "Point", "coordinates": [77.51934, 12.97016]}}, {"type": "Feature", "properties": {}, "geometry": {"type": "Point", "coordinates": [77.51697, 12.9702]}}, {"type": "Feature", "properties": {}, "geometry": {"type": "Point", "coordinates": [77.55362, 12.96987]}}, {"type": "Feature", "properties": {}, "geometry": {"type": "Point", "coordinates": [77.52893, 12.97011]}}, {"type": "Feature", "properties": {}, "geometry": {"type": "Point", "coordinates": [77.53282, 12.97008]}}, {"type": "Feature", "properties": {}, "geometry": {"type": "Point", "coordinates": [77.55426, 12.96991]}}, {"type": "Feature", "properties": {}, "geometry": {"type": "Point", "coordinates": [77.52729, 12.97017]}}, {"type": "Feature", "properties": {}, "geometry": {"type": "Point", "coordinates": [77.52897, 12.97016]}}, {"type": "Feature", "properties": {}, "geometry": {"type": "Point", "coordinates": [77.5556, 12.96993]}}, {"type": "Feature", "properties": {}, "geometry": {"type": "Point", "coordinates": [77.50049, 12.97047]}}, {"type": "Feature", "properties": {}, "geometry": {"type": "Point", "coordinates": [77.52083, 12.97031]}}, {"type": "Feature", "properties": {}, "geometry": {"type": "Point", "coordinates": [77.51633, 12.97036]}}, {"type": "Feature", "properties": {}, "geometry": {"type": "Point", "coordinates": [77.50759, 12.97048]}}, {"type": "Feature", "properties": {}, "geometry": {"type": "Point", "coordinates": [77.52559, 12.97033]}}, {"type": "Feature", "properties": {}, "geometry": {"type": "Point", "coordinates": [77.55285, 12.97007]}}, {"type": "Feature", "properties": {}, "geometry": {"type": "Point", "coordinates": [77.50886, 12.97054]}}, {"type": "Feature", "properties": {}, "geometry": {"type": "Point", "coordinates": [77.51565, 12.97048]}}, {"type": "Feature", "properties": {}, "geometry": {"type": "Point", "coordinates": [77.50631, 12.97058]}}, {"type": "Feature", "properties": {}, "geometry": {"type": "Point", "coordinates": [77.55412, 12.97011]}}, {"type": "Feature", "properties": {}, "geometry": {"type": "Point", "coordinates": [77.52253, 12.97043]}}, {"type": "Feature", "properties": {}, "geometry": {"type": "Point", "coordinates": [77.53502, 12.97032]}}, {"type": "Feature", "properties": {}, "geometry": {"type": "Point", "coordinates": [77.53165, 12.97036]}}, {"type": "Feature", "properties": {}, "geometry": {"type": "Point", "coordinates": [77.55523, 12.9702]}}, {"type": "Feature", "properties": {}, "geometry": {"type": "Point", "coordinates": [77.52743, 12.97048]}}, {"type": "Feature", "properties": {}, "geometry": {"type": "Point", "coordinates": [77.55704, 12.97028]}}, {"type": "Feature", "properties": {}, "geometry": {"type": "Point", "coordinates": [77.55474, 12.97032]}}, {"type": "Feature", "properties": {}, "geometry": {"type": "Point", "coordinates": [77.55333, 12.97035]}}, {"type": "Feature", "properties": {}, "geometry": {"type": "Point", "coordinates": [77.55303, 12.97038]}}, {"type": "Feature", "properties": {}, "geometry": {"type": "Point", "coordinates": [77.55533, 12.97037]}}, {"type": "Feature", "properties": {}, "geometry": {"type": "Point", "coordinates": [77.52111, 12.97072]}}, {"type": "Feature", "properties": {}, "geometry": {"type": "Point", "coordinates": [77.51944, 12.97076]}}, {"type": "Feature", "properties": {}, "geometry": {"type": "Point", "coordinates": [77.52325, 12.97077]}}, {"type": "Feature", "properties": {}, "geometry": {"type": "Point", "coordinates": [77.50643, 12.97096]}}, {"type": "Feature", "properties": {}, "geometry": {"type": "Point", "coordinates": [77.55629, 12.97048]}}, {"type": "Feature", "properties": {}, "geometry": {"type": "Point", "coordinates": [77.55421, 12.97051]}}, {"type": "Feature", "properties": {}, "geometry": {"type": "Point", "coordinates": [77.55537, 12.97051]}}, {"type": "Feature", "properties": {}, "geometry": {"type": "Point", "coordinates": [77.52018, 12.97087]}}, {"type": "Feature", "properties": {}, "geometry": {"type": "Point", "coordinates": [77.52645, 12.97085]}}, {"type": "Feature", "properties": {}, "geometry": {"type": "Point", "coordinates": [77.52769, 12.97092]}}, {"type": "Feature", "properties": {}, "geometry": {"type": "Point", "coordinates": [77.52405, 12.97095]}}, {"type": "Feature", "properties": {}, "geometry": {"type": "Point", "coordinates": [77.55525, 12.97069]}}, {"type": "Feature", "properties": {}, "geometry": {"type": "Point", "coordinates": [77.51414, 12.97112]}}, {"type": "Feature", "properties": {}, "geometry": {"type": "Point", "coordinates": [77.51952, 12.97115]}}, {"type": "Feature", "properties": {}, "geometry": {"type": "Point", "coordinates": [77.52089, 12.97116]}}, {"type": "Feature", "properties": {}, "geometry": {"type": "Point", "coordinates": [77.55456, 12.97083]}}, {"type": "Feature", "properties": {}, "geometry": {"type": "Point", "coordinates": [77.54336, 12.97096]}}, {"type": "Feature", "properties": {}, "geometry": {"type": "Point", "coordinates": [77.52482, 12.97115]}}, {"type": "Feature", "properties": {}, "geometry": {"type": "Point", "coordinates": [77.52777, 12.97122]}}, {"type": "Feature", "properties": {}, "geometry": {"type": "Point", "coordinates": [77.55351, 12.97098]}}, {"type": "Feature", "properties": {}, "geometry": {"type": "Point", "coordinates": [77.49922, 12.97155]}}, {"type": "Feature", "properties": {}, "geometry": {"type": "Point", "coordinates": [77.55549, 12.97101]}}, {"type": "Feature", "properties": {}, "geometry": {"type": "Point", "coordinates": [77.52147, 12.97135]}}, {"type": "Feature", "properties": {}, "geometry": {"type": "Point", "coordinates": [77.52638, 12.97132]}}, {"type": "Feature", "properties": {}, "geometry": {"type": "Point", "coordinates": [77.52466, 12.97135]}}, {"type": "Feature", "properties": {}, "geometry": {"type": "Point", "coordinates": [77.55702, 12.97108]}}, {"type": "Feature", "properties": {}, "geometry": {"type": "Point", "coordinates": [77.55434, 12.97115]}}, {"type": "Feature", "properties": {}, "geometry": {"type": "Point", "coordinates": [77.50664, 12.97166]}}, {"type": "Feature", "properties": {}, "geometry": {"type": "Point", "coordinates": [77.51934, 12.97156]}}, {"type": "Feature", "properties": {}, "geometry": {"type": "Point", "coordinates": [77.52555, 12.97151]}}, {"type": "Feature", "properties": {}, "geometry": {"type": "Point", "coordinates": [77.5536, 12.97124]}}, {"type": "Feature", "properties": {}, "geometry": {"type": "Point", "coordinates": [77.55611, 12.97125]}}, {"type": "Feature", "properties": {}, "geometry": {"type": "Point", "coordinates": [77.5232, 12.9716]}}, {"type": "Feature", "properties": {}, "geometry": {"type": "Point", "coordinates": [77.52763, 12.97161]}}, {"type": "Feature", "properties": {}, "geometry": {"type": "Point", "coordinates": [77.52543, 12.97167]}}, {"type": "Feature", "properties": {}, "geometry": {"type": "Point", "coordinates": [77.52512, 12.97168]}}, {"type": "Feature", "properties": {}, "geometry": {"type": "Point", "coordinates": [77.51962, 12.97174]}}, {"type": "Feature", "properties": {}, "geometry": {"type": "Point", "coordinates": [77.55761, 12.9714]}}, {"type": "Feature", "properties": {}, "geometry": {"type": "Point", "coordinates": [77.51641, 12.97183]}}, {"type": "Feature", "properties": {}, "geometry": {"type": "Point", "coordinates": [77.55412, 12.97166]}}, {"type": "Feature", "properties": {}, "geometry": {"type": "Point", "coordinates": [77.52349, 12.97198]}}, {"type": "Feature", "properties": {}, "geometry": {"type": "Point", "coordinates": [77.51911, 12.97207]}}, {"type": "Feature", "properties": {}, "geometry": {"type": "Point", "coordinates": [77.52037, 12.97212]}}, {"type": "Feature", "properties": {}, "geometry": {"type": "Point", "coordinates": [77.51657, 12.97224]}}, {"type": "Feature", "properties": {}, "geometry": {"type": "Point", "coordinates": [77.55663, 12.97187]}}, {"type": "Feature", "properties": {}, "geometry": {"type": "Point", "coordinates": [77.52005, 12.97228]}}, {"type": "Feature", "properties": {}, "geometry": {"type": "Point", "coordinates": [77.55737, 12.97195]}}, {"type": "Feature", "properties": {}, "geometry": {"type": "Point", "coordinates": [77.52173, 12.97232]}}, {"type": "Feature", "properties": {}, "geometry": {"type": "Point", "coordinates": [77.52304, 12.97233]}}, {"type": "Feature", "properties": {}, "geometry": {"type": "Point", "coordinates": [77.52825, 12.9723]}}, {"type": "Feature", "properties": {}, "geometry": {"type": "Point", "coordinates": [77.55526, 12.9721]}}, {"type": "Feature", "properties": {}, "geometry": {"type": "Point", "coordinates": [77.52715, 12.9724]}}, {"type": "Feature", "properties": {}, "geometry": {"type": "Point", "coordinates": [77.55713, 12.97211]}}, {"type": "Feature", "properties": {}, "geometry": {"type": "Point", "coordinates": [77.52487, 12.97244]}}, {"type": "Feature", "properties": {}, "geometry": {"type": "Point", "coordinates": [77.49844, 12.97272]}}, {"type": "Feature", "properties": {}, "geometry": {"type": "Point", "coordinates": [77.54868, 12.97229]}}, {"type": "Feature", "properties": {}, "geometry": {"type": "Point", "coordinates": [77.55408, 12.97228]}}, {"type": "Feature", "properties": {}, "geometry": {"type": "Point", "coordinates": [77.55768, 12.97225]}}, {"type": "Feature", "properties": {}, "geometry": {"type": "Point", "coordinates": [77.52816, 12.97261]}}, {"type": "Feature", "properties": {}, "geometry": {"type": "Point", "coordinates": [77.556, 12.97239]}}, {"type": "Feature", "properties": {}, "geometry": {"type": "Point", "coordinates": [77.52473, 12.97275]}}, {"type": "Feature", "properties": {}, "geometry": {"type": "Point", "coordinates": [77.55717, 12.97245]}}, {"type": "Feature", "properties": {}, "geometry": {"type": "Point", "coordinates": [77.55736, 12.97246]}}, {"type": "Feature", "properties": {}, "geometry": {"type": "Point", "coordinates": [77.55525, 12.97249]}}, {"type": "Feature", "properties": {}, "geometry": {"type": "Point", "coordinates": [77.52088, 12.97285]}}, {"type": "Feature", "properties": {}, "geometry": {"type": "Point", "coordinates": [77.50298, 12.97306]}}, {"type": "Feature", "properties": {}, "geometry": {"type": "Point", "coordinates": [77.52192, 12.97289]}}, {"type": "Feature", "properties": {}, "geometry": {"type": "Point", "coordinates": [77.52496, 12.97301]}}, {"type": "Feature", "properties": {}, "geometry": {"type": "Point", "coordinates": [77.50612, 12.9732]}}, {"type": "Feature", "properties": {}, "geometry": {"type": "Point", "coordinates": [77.55482, 12.97277]}}, {"type": "Feature", "properties": {}, "geometry": {"type": "Point", "coordinates": [77.55644, 12.97277]}}, {"type": "Feature", "properties": {}, "geometry": {"type": "Point", "coordinates": [77.5548, 12.97289]}}, {"type": "Feature", "properties": {}, "geometry": {"type": "Point", "coordinates": [77.55392, 12.9729]}}, {"type": "Feature", "properties": {}, "geometry": {"type": "Point", "coordinates": [77.51549, 12.97328]}}, {"type": "Feature", "properties": {}, "geometry": {"type": "Point", "coordinates": [77.49519, 12.97352]}}, {"type": "Feature", "properties": {}, "geometry": {"type": "Point", "coordinates": [77.50392, 12.97345]}}, {"type": "Feature", "properties": {}, "geometry": {"type": "Point", "coordinates": [77.51646, 12.97334]}}, {"type": "Feature", "properties": {}, "geometry": {"type": "Point", "coordinates": [77.55619, 12.97295]}}, {"type": "Feature", "properties": {}, "geometry": {"type": "Point", "coordinates": [77.50429, 12.97351]}}, {"type": "Feature", "properties": {}, "geometry": {"type": "Point", "coordinates": [77.55787, 12.973]}}, {"type": "Feature", "properties": {}, "geometry": {"type": "Point", "coordinates": [77.55792, 12.97304]}}, {"type": "Feature", "properties": {}, "geometry": {"type": "Point", "coordinates": [77.51908, 12.97346]}}, {"type": "Feature", "properties": {}, "geometry": {"type": "Point", "coordinates": [77.52089, 12.97345]}}, {"type": "Feature", "properties": {}, "geometry": {"type": "Point", "coordinates": [77.51464, 12.97359]}}, {"type": "Feature", "properties": {}, "geometry": {"type": "Point", "coordinates": [77.55484, 12.97327]}}, {"type": "Feature", "properties": {}, "geometry": {"type": "Point", "coordinates": [77.4997, 12.97387]}}, {"type": "Feature", "properties": {}, "geometry": {"type": "Point", "coordinates": [77.53645, 12.97355]}}, {"type": "Feature", "properties": {}, "geometry": {"type": "Point", "coordinates": [77.51973, 12.97373]}}, {"type": "Feature", "properties": {}, "geometry": {"type": "Point", "coordinates": [77.55485, 12.9734]}}, {"type": "Feature", "properties": {}, "geometry": {"type": "Point", "coordinates": [77.53014, 12.97377]}}, {"type": "Feature", "properties": {}, "geometry": {"type": "Point", "coordinates": [77.55539, 12.97353]}}, {"type": "Feature", "properties": {}, "geometry": {"type": "Point", "coordinates": [77.50893, 12.97405]}}, {"type": "Feature", "properties": {}, "geometry": {"type": "Point", "coordinates": [77.51443, 12.97408]}}, {"type": "Feature", "properties": {}, "geometry": {"type": "Point", "coordinates": [77.55423, 12.97374]}}, {"type": "Feature", "properties": {}, "geometry": {"type": "Point", "coordinates": [77.55784, 12.97374]}}, {"type": "Feature", "properties": {}, "geometry": {"type": "Point", "coordinates": [77.55506, 12.97378]}}, {"type": "Feature", "properties": {}, "geometry": {"type": "Point", "coordinates": [77.55132, 12.97385]}}, {"type": "Feature", "properties": {}, "geometry": {"type": "Point", "coordinates": [77.55478, 12.97384]}}, {"type": "Feature", "properties": {}, "geometry": {"type": "Point", "coordinates": [77.51875, 12.97421]}}, {"type": "Feature", "properties": {}, "geometry": {"type": "Point", "coordinates": [77.5074, 12.97439]}}, {"type": "Feature", "properties": {}, "geometry": {"type": "Point", "coordinates": [77.55757, 12.97394]}}, {"type": "Feature", "properties": {}, "geometry": {"type": "Point", "coordinates": [77.55626, 12.97403]}}, {"type": "Feature", "properties": {}, "geometry": {"type": "Point", "coordinates": [77.55743, 12.97405]}}, {"type": "Feature", "properties": {}, "geometry": {"type": "Point", "coordinates": [77.49842, 12.97467]}}, {"type": "Feature", "properties": {}, "geometry": {"type": "Point", "coordinates": [77.55644, 12.97411]}}, {"type": "Feature", "properties": {}, "geometry": {"type": "Point", "coordinates": [77.52042, 12.97452]}}, {"type": "Feature", "properties": {}, "geometry": {"type": "Point", "coordinates": [77.55532, 12.97421]}}, {"type": "Feature", "properties": {}, "geometry": {"type": "Point", "coordinates": [77.55708, 12.9742]}}, {"type": "Feature", "properties": {}, "geometry": {"type": "Point", "coordinates": [77.51653, 12.97464]}}, {"type": "Feature", "properties": {}, "geometry": {"type": "Point", "coordinates": [77.50048, 12.9748]}}, {"type": "Feature", "properties": {}, "geometry": {"type": "Point", "coordinates": [77.55536, 12.97428]}}, {"type": "Feature", "properties": {}, "geometry": {"type": "Point", "coordinates": [77.51634, 12.97467]}}, {"type": "Feature", "properties": {}, "geometry": {"type": "Point", "coordinates": [77.51483, 12.9747]}}, {"type": "Feature", "properties": {}, "geometry": {"type": "Point", "coordinates": [77.50876, 12.97485]}}, {"type": "Feature", "properties": {}, "geometry": {"type": "Point", "coordinates": [77.55729, 12.97442]}}, {"type": "Feature", "properties": {}, "geometry": {"type": "Point", "coordinates": [77.51523, 12.9749]}}, {"type": "Feature", "properties": {}, "geometry": {"type": "Point", "coordinates": [77.50213, 12.97504]}}, {"type": "Feature", "properties": {}, "geometry": {"type": "Point", "coordinates": [77.50587, 12.97503]}}, {"type": "Feature", "properties": {}, "geometry": {"type": "Point", "coordinates": [77.51478, 12.97503]}}, {"type": "Feature", "properties": {}, "geometry": {"type": "Point", "coordinates": [77.55666, 12.9747]}}, {"type": "Feature", "properties": {}, "geometry": {"type": "Point", "coordinates": [77.50151, 12.97527]}}, {"type": "Feature", "properties": {}, "geometry": {"type": "Point", "coordinates": [77.55841, 12.97472]}}, {"type": "Feature", "properties": {}, "geometry": {"type": "Point", "coordinates": [77.5149, 12.97519]}}, {"type": "Feature", "properties": {}, "geometry": {"type": "Point", "coordinates": [77.50493, 12.97535]}}, {"type": "Feature", "properties": {}, "geometry": {"type": "Point", "coordinates": [77.55669, 12.97487]}}, {"type": "Feature", "properties": {}, "geometry": {"type": "Point", "coordinates": [77.55753, 12.9749]}}, {"type": "Feature", "properties": {}, "geometry": {"type": "Point", "coordinates": [77.50687, 12.97547]}}, {"type": "Feature", "properties": {}, "geometry": {"type": "Point", "coordinates": [77.5561, 12.9751]}}, {"type": "Feature", "properties": {}, "geometry": {"type": "Point", "coordinates": [77.51413, 12.97553]}}, {"type": "Feature", "properties": {}, "geometry": {"type": "Point", "coordinates": [77.55812, 12.97531]}}, {"type": "Feature", "properties": {}, "geometry": {"type": "Point", "coordinates": [77.52912, 12.9756]}}, {"type": "Feature", "properties": {}, "geometry": {"type": "Point", "coordinates": [77.51322, 12.97575]}}, {"type": "Feature", "properties": {}, "geometry": {"type": "Point", "coordinates": [77.55683, 12.97538]}}, {"type": "Feature", "properties": {}, "geometry": {"type": "Point", "coordinates": [77.53569, 12.97564]}}, {"type": "Feature", "properties": {}, "geometry": {"type": "Point", "coordinates": [77.55614, 12.97545]}}, {"type": "Feature", "properties": {}, "geometry": {"type": "Point", "coordinates": [77.5582, 12.97558]}}, {"type": "Feature", "properties": {}, "geometry": {"type": "Point", "coordinates": [77.53381, 12.97582]}}, {"type": "Feature", "properties": {}, "geometry": {"type": "Point", "coordinates": [77.51748, 12.97602]}}, {"type": "Feature", "properties": {}, "geometry": {"type": "Point", "coordinates": [77.53646, 12.97601]}}, {"type": "Feature", "properties": {}, "geometry": {"type": "Point", "coordinates": [77.53357, 12.97617]}}, {"type": "Feature", "properties": {}, "geometry": {"type": "Point", "coordinates": [77.51626, 12.97638]}}, {"type": "Feature", "properties": {}, "geometry": {"type": "Point", "coordinates": [77.51736, 12.97642]}}, {"type": "Feature", "properties": {}, "geometry": {"type": "Point", "coordinates": [77.51568, 12.9765]}}, {"type": "Feature", "properties": {}, "geometry": {"type": "Point", "coordinates": [77.53702, 12.97633]}}, {"type": "Feature", "properties": {}, "geometry": {"type": "Point", "coordinates": [77.51392, 12.97664]}}, {"type": "Feature", "properties": {}, "geometry": {"type": "Point", "coordinates": [77.5527, 12.97634]}}, {"type": "Feature", "properties": {}, "geometry": {"type": "Point", "coordinates": [77.52637, 12.97662]}}, {"type": "Feature", "properties": {}, "geometry": {"type": "Point", "coordinates": [77.53369, 12.97657]}}, {"type": "Feature", "properties": {}, "geometry": {"type": "Point", "coordinates": [77.49491, 12.97695]}}, {"type": "Feature", "properties": {}, "geometry": {"type": "Point", "coordinates": [77.51334, 12.97682]}}, {"type": "Feature", "properties": {}, "geometry": {"type": "Point", "coordinates": [77.51334, 12.97682]}}, {"type": "Feature", "properties": {}, "geometry": {"type": "Point", "coordinates": [77.53604, 12.97672]}}, {"type": "Feature", "properties": {}, "geometry": {"type": "Point", "coordinates": [77.53545, 12.9769]}}, {"type": "Feature", "properties": {}, "geometry": {"type": "Point", "coordinates": [77.52755, 12.977]}}, {"type": "Feature", "properties": {}, "geometry": {"type": "Point", "coordinates": [77.53779, 12.97702]}}, {"type": "Feature", "properties": {}, "geometry": {"type": "Point", "coordinates": [77.53385, 12.97706]}}, {"type": "Feature", "properties": {}, "geometry": {"type": "Point", "coordinates": [77.49998, 12.97743]}}, {"type": "Feature", "properties": {}, "geometry": {"type": "Point", "coordinates": [77.55339, 12.977]}}, {"type": "Feature", "properties": {}, "geometry": {"type": "Point", "coordinates": [77.53815, 12.97726]}}, {"type": "Feature", "properties": {}, "geometry": {"type": "Point", "coordinates": [77.53449, 12.97731]}}, {"type": "Feature", "properties": {}, "geometry": {"type": "Point", "coordinates": [77.52773, 12.97744]}}, {"type": "Feature", "properties": {}, "geometry": {"type": "Point", "coordinates": [77.53676, 12.97735]}}, {"type": "Feature", "properties": {}, "geometry": {"type": "Point", "coordinates": [77.542, 12.97732]}}, {"type": "Feature", "properties": {}, "geometry": {"type": "Point", "coordinates": [77.53794, 12.97738]}}, {"type": "Feature", "properties": {}, "geometry": {"type": "Point", "coordinates": [77.53777, 12.97744]}}, {"type": "Feature", "properties": {}, "geometry": {"type": "Point", "coordinates": [77.53503, 12.97747]}}, {"type": "Feature", "properties": {}, "geometry": {"type": "Point", "coordinates": [77.52264, 12.97761]}}, {"type": "Feature", "properties": {}, "geometry": {"type": "Point", "coordinates": [77.54139, 12.97744]}}, {"type": "Feature", "properties": {}, "geometry": {"type": "Point", "coordinates": [77.53666, 12.97749]}}, {"type": "Feature", "properties": {}, "geometry": {"type": "Point", "coordinates": [77.49984, 12.97786]}}, {"type": "Feature", "properties": {}, "geometry": {"type": "Point", "coordinates": [77.52456, 12.97766]}}, {"type": "Feature", "properties": {}, "geometry": {"type": "Point", "coordinates": [77.52547, 12.97773]}}, {"type": "Feature", "properties": {}, "geometry": {"type": "Point", "coordinates": [77.51559, 12.97783]}}, {"type": "Feature", "properties": {}, "geometry": {"type": "Point", "coordinates": [77.53744, 12.97764]}}, {"type": "Feature", "properties": {}, "geometry": {"type": "Point", "coordinates": [77.52634, 12.97778]}}, {"type": "Feature", "properties": {}, "geometry": {"type": "Point", "coordinates": [77.53393, 12.97775]}}, {"type": "Feature", "properties": {}, "geometry": {"type": "Point", "coordinates": [77.52456, 12.97786]}}, {"type": "Feature", "properties": {}, "geometry": {"type": "Point", "coordinates": [77.55345, 12.97762]}}, {"type": "Feature", "properties": {}, "geometry": {"type": "Point", "coordinates": [77.53561, 12.9778]}}, {"type": "Feature", "properties": {}, "geometry": {"type": "Point", "coordinates": [77.52887, 12.97791]}}, {"type": "Feature", "properties": {}, "geometry": {"type": "Point", "coordinates": [77.5347, 12.9779]}}, {"type": "Feature", "properties": {}, "geometry": {"type": "Point", "coordinates": [77.51747, 12.97811]}}, {"type": "Feature", "properties": {}, "geometry": {"type": "Point", "coordinates": [77.55382, 12.97779]}}, {"type": "Feature", "properties": {}, "geometry": {"type": "Point", "coordinates": [77.50528, 12.97827]}}, {"type": "Feature", "properties": {}, "geometry": {"type": "Point", "coordinates": [77.51836, 12.9782]}}, {"type": "Feature", "properties": {}, "geometry": {"type": "Point", "coordinates": [77.49941, 12.97844]}}, {"type": "Feature", "properties": {}, "geometry": {"type": "Point", "coordinates": [77.53504, 12.97812]}}, {"type": "Feature", "properties": {}, "geometry": {"type": "Point", "coordinates": [77.5376, 12.97813]}}, {"type": "Feature", "properties": {}, "geometry": {"type": "Point", "coordinates": [77.5363, 12.97815]}}, {"type": "Feature", "properties": {}, "geometry": {"type": "Point", "coordinates": [77.5411, 12.97817]}}, {"type": "Feature", "properties": {}, "geometry": {"type": "Point", "coordinates": [77.53839, 12.97838]}}, {"type": "Feature", "properties": {}, "geometry": {"type": "Point", "coordinates": [77.55348, 12.97825]}}, {"type": "Feature", "properties": {}, "geometry": {"type": "Point", "coordinates": [77.54177, 12.97837]}}, {"type": "Feature", "properties": {}, "geometry": {"type": "Point", "coordinates": [77.52926, 12.97855]}}, {"type": "Feature", "properties": {}, "geometry": {"type": "Point", "coordinates": [77.50366, 12.97883]}}, {"type": "Feature", "properties": {}, "geometry": {"type": "Point", "coordinates": [77.53471, 12.97854]}}, {"type": "Feature", "properties": {}, "geometry": {"type": "Point", "coordinates": [77.53679, 12.97853]}}, {"type": "Feature", "properties": {}, "geometry": {"type": "Point", "coordinates": [77.51749, 12.97877]}}, {"type": "Feature", "properties": {}, "geometry": {"type": "Point", "coordinates": [77.5376, 12.97862]}}, {"type": "Feature", "properties": {}, "geometry": {"type": "Point", "coordinates": [77.53544, 12.97867]}}, {"type": "Feature", "properties": {}, "geometry": {"type": "Point", "coordinates": [77.51672, 12.97886]}}, {"type": "Feature", "properties": {}, "geometry": {"type": "Point", "coordinates": [77.50316, 12.97901]}}, {"type": "Feature", "properties": {}, "geometry": {"type": "Point", "coordinates": [77.53775, 12.9787]}}, {"type": "Feature", "properties": {}, "geometry": {"type": "Point", "coordinates": [77.53497, 12.9788]}}, {"type": "Feature", "properties": {}, "geometry": {"type": "Point", "coordinates": [77.5375, 12.97889]}}, {"type": "Feature", "properties": {}, "geometry": {"type": "Point", "coordinates": [77.52527, 12.97904]}}, {"type": "Feature", "properties": {}, "geometry": {"type": "Point", "coordinates": [77.52433, 12.97917]}}, {"type": "Feature", "properties": {}, "geometry": {"type": "Point", "coordinates": [77.5021, 12.9794]}}, {"type": "Feature", "properties": {}, "geometry": {"type": "Point", "coordinates": [77.52911, 12.97918]}}, {"type": "Feature", "properties": {}, "geometry": {"type": "Point", "coordinates": [77.55386, 12.97894]}}, {"type": "Feature", "properties": {}, "geometry": {"type": "Point", "coordinates": [77.53494, 12.97915]}}, {"type": "Feature", "properties": {}, "geometry": {"type": "Point", "coordinates": [77.52543, 12.97925]}}, {"type": "Feature", "properties": {}, "geometry": {"type": "Point", "coordinates": [77.52658, 12.97928]}}, {"type": "Feature", "properties": {}, "geometry": {"type": "Point", "coordinates": [77.53779, 12.97925]}}, {"type": "Feature", "properties": {}, "geometry": {"type": "Point", "coordinates": [77.52689, 12.97942]}}, {"type": "Feature", "properties": {}, "geometry": {"type": "Point", "coordinates": [77.50948, 12.97964]}}, {"type": "Feature", "properties": {}, "geometry": {"type": "Point", "coordinates": [77.53015, 12.97949]}}, {"type": "Feature", "properties": {}, "geometry": {"type": "Point", "coordinates": [77.55388, 12.97927]}}, {"type": "Feature", "properties": {}, "geometry": {"type": "Point", "coordinates": [77.53542, 12.97946]}}, {"type": "Feature", "properties": {}, "geometry": {"type": "Point", "coordinates": [77.50952, 12.97979]}}, {"type": "Feature", "properties": {}, "geometry": {"type": "Point", "coordinates": [77.49992, 12.98004]}}, {"type": "Feature", "properties": {}, "geometry": {"type": "Point", "coordinates": [77.50725, 12.97999]}}, {"type": "Feature", "properties": {}, "geometry": {"type": "Point", "coordinates": [77.55466, 12.97959]}}, {"type": "Feature", "properties": {}, "geometry": {"type": "Point", "coordinates": [77.53233, 12.97992]}}, {"type": "Feature", "properties": {}, "geometry": {"type": "Point", "coordinates": [77.52642, 12.98002]}}, {"type": "Feature", "properties": {}, "geometry": {"type": "Point", "coordinates": [77.5297, 12.98002]}}, {"type": "Feature", "properties": {}, "geometry": {"type": "Point", "coordinates": [77.50907, 12.98026]}}, {"type": "Feature", "properties": {}, "geometry": {"type": "Point", "coordinates": [77.52704, 12.9801]}}, {"type": "Feature", "properties": {}, "geometry": {"type": "Point", "coordinates": [77.55444, 12.97991]}}, {"type": "Feature", "properties": {}, "geometry": {"type": "Point", "coordinates": [77.5041, 12.98048]}}, {"type": "Feature", "properties": {}, "geometry": {"type": "Point", "coordinates": [77.5041, 12.98048]}}, {"type": "Feature", "properties": {}, "geometry": {"type": "Point", "coordinates": [77.52734, 12.98033]}}, {"type": "Feature", "properties": {}, "geometry": {"type": "Point", "coordinates": [77.52534, 12.98036]}}, {"type": "Feature", "properties": {}, "geometry": {"type": "Point", "coordinates": [77.53115, 12.98046]}}, {"type": "Feature", "properties": {}, "geometry": {"type": "Point", "coordinates": [77.50309, 12.98084]}}, {"type": "Feature", "properties": {}, "geometry": {"type": "Point", "coordinates": [77.53076, 12.98059]}}, {"type": "Feature", "properties": {}, "geometry": {"type": "Point", "coordinates": [77.52993, 12.9807]}}, {"type": "Feature", "properties": {}, "geometry": {"type": "Point", "coordinates": [77.52791, 12.98088]}}, {"type": "Feature", "properties": {}, "geometry": {"type": "Point", "coordinates": [77.5023, 12.98117]}}, {"type": "Feature", "properties": {}, "geometry": {"type": "Point", "coordinates": [77.51538, 12.98109]}}, {"type": "Feature", "properties": {}, "geometry": {"type": "Point", "coordinates": [77.50409, 12.98123]}}, {"type": "Feature", "properties": {}, "geometry": {"type": "Point", "coordinates": [77.50391, 12.98124]}}, {"type": "Feature", "properties": {}, "geometry": {"type": "Point", "coordinates": [77.50254, 12.98132]}}, {"type": "Feature", "properties": {}, "geometry": {"type": "Point", "coordinates": [77.51565, 12.98121]}}, {"type": "Feature", "properties": {}, "geometry": {"type": "Point", "coordinates": [77.52447, 12.98113]}}, {"type": "Feature", "properties": {}, "geometry": {"type": "Point", "coordinates": [77.52656, 12.98113]}}, {"type": "Feature", "properties": {}, "geometry": {"type": "Point", "coordinates": [77.52729, 12.98124]}}, {"type": "Feature", "properties": {}, "geometry": {"type": "Point", "coordinates": [77.52988, 12.98123]}}, {"type": "Feature", "properties": {}, "geometry": {"type": "Point", "coordinates": [77.52951, 12.98124]}}, {"type": "Feature", "properties": {}, "geometry": {"type": "Point", "coordinates": [77.53195, 12.98124]}}, {"type": "Feature", "properties": {}, "geometry": {"type": "Point", "coordinates": [77.51585, 12.98164]}}, {"type": "Feature", "properties": {}, "geometry": {"type": "Point", "coordinates": [77.52752, 12.98154]}}, {"type": "Feature", "properties": {}, "geometry": {"type": "Point", "coordinates": [77.51533, 12.98204]}}, {"type": "Feature", "properties": {}, "geometry": {"type": "Point", "coordinates": [77.52636, 12.98205]}}, {"type": "Feature", "properties": {}, "geometry": {"type": "Point", "coordinates": [77.52746, 12.98219]}}, {"type": "Feature", "properties": {}, "geometry": {"type": "Point", "coordinates": [77.50266, 12.98268]}}, {"type": "Feature", "properties": {}, "geometry": {"type": "Point", "coordinates": [77.52634, 12.98257]}}, {"type": "Feature", "properties": {}, "geometry": {"type": "Point", "coordinates": [77.52906, 12.98267]}}, {"type": "Feature", "properties": {}, "geometry": {"type": "Point", "coordinates": [77.51513, 12.98286]}}, {"type": "Feature", "properties": {}, "geometry": {"type": "Point", "coordinates": [77.5094, 12.983]}}, {"type": "Feature", "properties": {}, "geometry": {"type": "Point", "coordinates": [77.50253, 12.98307]}}, {"type": "Feature", "properties": {}, "geometry": {"type": "Point", "coordinates": [77.5279, 12.98284]}}, {"type": "Feature", "properties": {}, "geometry": {"type": "Point", "coordinates": [77.51321, 12.98316]}}, {"type": "Feature", "properties": {}, "geometry": {"type": "Point", "coordinates": [77.51276, 12.9832]}}, {"type": "Feature", "properties": {}, "geometry": {"type": "Point", "coordinates": [77.50233, 12.98334]}}, {"type": "Feature", "properties": {}, "geometry": {"type": "Point", "coordinates": [77.52941, 12.98312]}}, {"type": "Feature", "properties": {}, "geometry": {"type": "Point", "coordinates": [77.51511, 12.98329]}}, {"type": "Feature", "properties": {}, "geometry": {"type": "Point", "coordinates": [77.50247, 12.98358]}}, {"type": "Feature", "properties": {}, "geometry": {"type": "Point", "coordinates": [77.515, 12.98359]}}, {"type": "Feature", "properties": {}, "geometry": {"type": "Point", "coordinates": [77.51415, 12.98364]}}, {"type": "Feature", "properties": {}, "geometry": {"type": "Point", "coordinates": [77.50271, 12.98394]}}, {"type": "Feature", "properties": {}, "geometry": {"type": "Point", "coordinates": [77.50877, 12.98399]}}, {"type": "Feature", "properties": {}, "geometry": {"type": "Point", "coordinates": [77.51548, 12.98424]}}, {"type": "Feature", "properties": {}, "geometry": {"type": "Point", "coordinates": [77.52723, 12.98423]}}, {"type": "Feature", "properties": {}, "geometry": {"type": "Point", "coordinates": [77.51344, 12.98471]}}, {"type": "Feature", "properties": {}, "geometry": {"type": "Point", "coordinates": [77.51427, 12.98485]}}, {"type": "Feature", "properties": {}, "geometry": {"type": "Point", "coordinates": [77.51352, 12.98494]}}, {"type": "Feature", "properties": {}, "geometry": {"type": "Point", "coordinates": [77.51627, 12.98494]}}, {"type": "Feature", "properties": {}, "geometry": {"type": "Point", "coordinates": [77.51584, 12.98518]}}, {"type": "Feature", "properties": {}, "geometry": {"type": "Point", "coordinates": [77.51284, 12.98522]}}, {"type": "Feature", "properties": {}, "geometry": {"type": "Point", "coordinates": [77.51566, 12.9852]}}, {"type": "Feature", "properties": {}, "geometry": {"type": "Point", "coordinates": [77.50588, 12.98543]}}, {"type": "Feature", "properties": {}, "geometry": {"type": "Point", "coordinates": [77.51455, 12.98542]}}, {"type": "Feature", "properties": {}, "geometry": {"type": "Point", "coordinates": [77.51291, 12.9855]}}, {"type": "Feature", "properties": {}, "geometry": {"type": "Point", "coordinates": [77.51292, 12.98554]}}, {"type": "Feature", "properties": {}, "geometry": {"type": "Point", "coordinates": [77.51553, 12.98559]}}, {"type": "Feature", "properties": {}, "geometry": {"type": "Point", "coordinates": [77.51641, 12.98582]}}, {"type": "Feature", "properties": {}, "geometry": {"type": "Point", "coordinates": [77.51437, 12.98595]}}, {"type": "Feature", "properties": {}, "geometry": {"type": "Point", "coordinates": [77.51289, 12.98624]}}, {"type": "Feature", "properties": {}, "geometry": {"type": "Point", "coordinates": [77.51722, 12.98623]}}, {"type": "Feature", "properties": {}, "geometry": {"type": "Point", "coordinates": [77.50303, 12.98646]}}, {"type": "Feature", "properties": {}, "geometry": {"type": "Point", "coordinates": [77.50289, 12.98651]}}, {"type": "Feature", "properties": {}, "geometry": {"type": "Point", "coordinates": [77.51776, 12.98679]}}, {"type": "Feature", "properties": {}, "geometry": {"type": "Point", "coordinates": [77.5171, 12.98716]}}, {"type": "Feature", "properties": {}, "geometry": {"type": "Point", "coordinates": [77.51746, 12.98727]}}, {"type": "Feature", "properties": {}, "geometry": {"type": "Point", "coordinates": [77.51874, 12.98739]}}, {"type": "Feature", "properties": {}, "geometry": {"type": "Point", "coordinates": [77.51841, 12.98741]}}, {"type": "Feature", "properties": {}, "geometry": {"type": "Point", "coordinates": [77.50378, 12.98812]}}, {"type": "Feature", "properties": {}, "geometry": {"type": "Point", "coordinates": [77.5019, 12.98841]}}, {"type": "Feature", "properties": {}, "geometry": {"type": "Point", "coordinates": [77.50199, 12.98841]}}, {"type": "Feature", "properties": {}, "geometry": {"type": "Point", "coordinates": [77.50194, 12.98849]}}, {"type": "Feature", "properties": {}, "geometry": {"type": "Point", "coordinates": [77.50396, 12.98882]}}, {"type": "Feature", "properties": {}, "geometry": {"type": "Point", "coordinates": [77.50881, 12.98878]}}, {"type": "Feature", "properties": {}, "geometry": {"type": "Point", "coordinates": [77.504, 12.98891]}}, {"type": "Feature", "properties": {}, "geometry": {"type": "Point", "coordinates": [77.50585, 12.98925]}}, {"type": "Feature", "properties": {}, "geometry": {"type": "Point", "coordinates": [77.50407, 12.98939]}}, {"type": "Feature", "properties": {}, "geometry": {"type": "Point", "coordinates": [77.5041, 12.98965]}}, {"type": "Feature", "properties": {}, "geometry": {"type": "Point", "coordinates": [77.5038, 12.98971]}}, {"type": "Feature", "properties": {}, "geometry": {"type": "Point", "coordinates": [77.50514, 12.98972]}}, {"type": "Feature", "properties": {}, "geometry": {"type": "Point", "coordinates": [77.4669, 12.90129]}}, {"type": "Feature", "properties": {}, "geometry": {"type": "Point", "coordinates": [77.46523, 12.90419]}}, {"type": "Feature", "properties": {}, "geometry": {"type": "Point", "coordinates": [77.46442, 12.90263]}}, {"type": "Feature", "properties": {}, "geometry": {"type": "Point", "coordinates": [77.46732, 12.9048]}}, {"type": "Feature", "properties": {}, "geometry": {"type": "Point", "coordinates": [77.46211, 12.90234]}}, {"type": "Feature", "properties": {}, "geometry": {"type": "Point", "coordinates": [77.46306, 12.90277]}}, {"type": "Feature", "properties": {}, "geometry": {"type": "Point", "coordinates": [77.46523, 12.90003]}}, {"type": "Feature", "properties": {}, "geometry": {"type": "Point", "coordinates": [77.48009, 12.90756]}}, {"type": "Feature", "properties": {}, "geometry": {"type": "Point", "coordinates": [77.47974, 12.90757]}}, {"type": "Feature", "properties": {}, "geometry": {"type": "Point", "coordinates": [77.4813, 12.90697]}}, {"type": "Feature", "properties": {}, "geometry": {"type": "Point", "coordinates": [77.48306, 12.90785]}}, {"type": "Feature", "properties": {}, "geometry": {"type": "Point", "coordinates": [77.4824, 12.90804]}}, {"type": "Feature", "properties": {}, "geometry": {"type": "Point", "coordinates": [77.48235, 12.9092]}}, {"type": "Feature", "properties": {}, "geometry": {"type": "Point", "coordinates": [77.48192, 12.90926]}}, {"type": "Feature", "properties": {}, "geometry": {"type": "Point", "coordinates": [77.48196, 12.90965]}}, {"type": "Feature", "properties": {}, "geometry": {"type": "Point", "coordinates": [77.48187, 12.90982]}}, {"type": "Feature", "properties": {}, "geometry": {"type": "Point", "coordinates": [77.48262, 12.90967]}}, {"type": "Feature", "properties": {}, "geometry": {"type": "Point", "coordinates": [77.4836, 12.90952]}}, {"type": "Feature", "properties": {}, "geometry": {"type": "Point", "coordinates": [77.48395, 12.90945]}}, {"type": "Feature", "properties": {}, "geometry": {"type": "Point", "coordinates": [77.48406, 12.9094]}}, {"type": "Feature", "properties": {}, "geometry": {"type": "Point", "coordinates": [77.48392, 12.90913]}}, {"type": "Feature", "properties": {}, "geometry": {"type": "Point", "coordinates": [77.48646, 12.90187]}}, {"type": "Feature", "properties": {}, "geometry": {"type": "Point", "coordinates": [77.48526, 12.9013]}}, {"type": "Feature", "properties": {}, "geometry": {"type": "Point", "coordinates": [77.48463, 12.90186]}}, {"type": "Feature", "properties": {}, "geometry": {"type": "Point", "coordinates": [77.48469, 12.90203]}}, {"type": "Feature", "properties": {}, "geometry": {"type": "Point", "coordinates": [77.4852, 12.89888]}}, {"type": "Feature", "properties": {}, "geometry": {"type": "Point", "coordinates": [77.48566, 12.89932]}}, {"type": "Feature", "properties": {}, "geometry": {"type": "Point", "coordinates": [77.48327, 12.90024]}}, {"type": "Feature", "properties": {}, "geometry": {"type": "Point", "coordinates": [77.4868, 12.89736]}}, {"type": "Feature", "properties": {}, "geometry": {"type": "Point", "coordinates": [77.48351, 12.89716]}}, {"type": "Feature", "properties": {}, "geometry": {"type": "Point", "coordinates": [77.48551, 12.89505]}}, {"type": "Feature", "properties": {}, "geometry": {"type": "Point", "coordinates": [77.48472, 12.89469]}}, {"type": "Feature", "properties": {}, "geometry": {"type": "Point", "coordinates": [77.48431, 12.89592]}}, {"type": "Feature", "properties": {}, "geometry": {"type": "Point", "coordinates": [77.50415, 12.98964]}}, {"type": "Feature", "properties": {}, "geometry": {"type": "Point", "coordinates": [77.50952, 12.97971]}}, {"type": "Feature", "properties": {}, "geometry": {"type": "Point", "coordinates": [77.50739, 12.97442]}}, {"type": "Feature", "properties": {}, "geometry": {"type": "Point", "coordinates": [77.50486, 12.97526]}}, {"type": "Feature", "properties": {}, "geometry": {"type": "Point", "coordinates": [77.50575, 12.99129]}}, {"type": "Feature", "properties": {}, "geometry": {"type": "Point", "coordinates": [77.5041, 12.96378]}}, {"type": "Feature", "properties": {}, "geometry": {"type": "Point", "coordinates": [77.5004, 12.95692]}}, {"type": "Feature", "properties": {}, "geometry": {"type": "Point", "coordinates": [77.49609, 12.95573]}}, {"type": "Feature", "properties": {}, "geometry": {"type": "Point", "coordinates": [77.49657, 12.9538]}}, {"type": "Feature", "properties": {}, "geometry": {"type": "Point", "coordinates": [77.50119, 12.95811]}}, {"type": "Feature", "properties": {}, "geometry": {"type": "Point", "coordinates": [77.50324, 12.95902]}}, {"type": "Feature", "properties": {}, "geometry": {"type": "Point", "coordinates": [77.50225, 12.95904]}}, {"type": "Feature", "properties": {}, "geometry": {"type": "Point", "coordinates": [77.49992, 12.95975]}}, {"type": "Feature", "properties": {}, "geometry": {"type": "Point", "coordinates": [77.50103, 12.96044]}}, {"type": "Feature", "properties": {}, "geometry": {"type": "Point", "coordinates": [77.49884, 12.95929]}}, {"type": "Feature", "properties": {}, "geometry": {"type": "Point", "coordinates": [77.49844, 12.96071]}}, {"type": "Feature", "properties": {}, "geometry": {"type": "Point", "coordinates": [77.49595, 12.96087]}}, {"type": "Feature", "properties": {}, "geometry": {"type": "Point", "coordinates": [77.49862, 12.95864]}}, {"type": "Feature", "properties": {}, "geometry": {"type": "Point", "coordinates": [77.51052, 12.9604]}}, {"type": "Feature", "properties": {}, "geometry": {"type": "Point", "coordinates": [77.51035, 12.95894]}}, {"type": "Feature", "properties": {}, "geometry": {"type": "Point", "coordinates": [77.51045, 12.95928]}}, {"type": "Feature", "properties": {}, "geometry": {"type": "Point", "coordinates": [77.50198, 12.92074]}}, {"type": "Feature", "properties": {}, "geometry": {"type": "Point", "coordinates": [77.50094, 12.92912]}}, {"type": "Feature", "properties": {}, "geometry": {"type": "Point", "coordinates": [77.51113, 12.92773]}}, {"type": "Feature", "properties": {}, "geometry": {"type": "Point", "coordinates": [77.50518, 12.92951]}}, {"type": "Feature", "properties": {}, "geometry": {"type": "Point", "coordinates": [77.50518, 12.92938]}}, {"type": "Feature", "properties": {}, "geometry": {"type": "Point", "coordinates": [77.49594, 12.94827]}}, {"type": "Feature", "properties": {}, "geometry": {"type": "Point", "coordinates": [77.49778, 12.9474]}}, {"type": "Feature", "properties": {}, "geometry": {"type": "Point", "coordinates": [77.49812, 12.94772]}}, {"type": "Feature", "properties": {}, "geometry": {"type": "Point", "coordinates": [77.49523, 12.94834]}}, {"type": "Feature", "properties": {}, "geometry": {"type": "Point", "coordinates": [77.49495, 12.94837]}}, {"type": "Feature", "properties": {}, "geometry": {"type": "Point", "coordinates": [77.4946, 12.948]}}, {"type": "Feature", "properties": {}, "geometry": {"type": "Point", "coordinates": [77.49452, 12.94881]}}, {"type": "Feature", "properties": {}, "geometry": {"type": "Point", "coordinates": [77.4939, 12.9491]}}, {"type": "Feature", "properties": {}, "geometry": {"type": "Point", "coordinates": [77.49355, 12.94846]}}, {"type": "Feature", "properties": {}, "geometry": {"type": "Point", "coordinates": [77.49556, 12.94923]}}, {"type": "Feature", "properties": {}, "geometry": {"type": "Point", "coordinates": [77.49456, 12.94932]}}, {"type": "Feature", "properties": {}, "geometry": {"type": "Point", "coordinates": [77.49558, 12.95009]}}, {"type": "Feature", "properties": {}, "geometry": {"type": "Point", "coordinates": [77.49511, 12.94983]}}, {"type": "Feature", "properties": {}, "geometry": {"type": "Point", "coordinates": [77.49432, 12.95039]}}, {"type": "Feature", "properties": {}, "geometry": {"type": "Point", "coordinates": [77.49593, 12.95093]}}, {"type": "Feature", "properties": {}, "geometry": {"type": "Point", "coordinates": [77.4962, 12.95123]}}, {"type": "Feature", "properties": {}, "geometry": {"type": "Point", "coordinates": [77.49188, 12.94867]}}, {"type": "Feature", "properties": {}, "geometry": {"type": "Point", "coordinates": [77.49037, 12.94903]}}, {"type": "Feature", "properties": {}, "geometry": {"type": "Point", "coordinates": [77.49094, 12.95085]}}, {"type": "Feature", "properties": {}, "geometry": {"type": "Point", "coordinates": [77.49035, 12.95159]}}, {"type": "Feature", "properties": {}, "geometry": {"type": "Point", "coordinates": [77.49517, 12.9507]}}, {"type": "Feature", "properties": {}, "geometry": {"type": "Point", "coordinates": [77.49089, 12.9488]}}, {"type": "Feature", "properties": {}, "geometry": {"type": "Point", "coordinates": [77.49518, 12.95079]}}, {"type": "Feature", "properties": {}, "geometry": {"type": "Point", "coordinates": [77.4985, 12.95174]}}, {"type": "Feature", "properties": {}, "geometry": {"type": "Point", "coordinates": [77.49672, 12.95215]}}, {"type": "Feature", "properties": {}, "geometry": {"type": "Point", "coordinates": [77.49422, 12.95187]}}, {"type": "Feature", "properties": {}, "geometry": {"type": "Point", "coordinates": [77.4942, 12.9545]}}, {"type": "Feature", "properties": {}, "geometry": {"type": "Point", "coordinates": [77.49393, 12.95338]}}, {"type": "Feature", "properties": {}, "geometry": {"type": "Point", "coordinates": [77.49356, 12.95288]}}, {"type": "Feature", "properties": {}, "geometry": {"type": "Point", "coordinates": [77.49249, 12.95303]}}, {"type": "Feature", "properties": {}, "geometry": {"type": "Point", "coordinates": [77.49149, 12.95205]}}, {"type": "Feature", "properties": {}, "geometry": {"type": "Point", "coordinates": [77.49339, 12.95637]}}, {"type": "Feature", "properties": {}, "geometry": {"type": "Point", "coordinates": [77.49491, 12.95703]}}, {"type": "Feature", "properties": {}, "geometry": {"type": "Point", "coordinates": [77.49981, 12.96069]}}, {"type": "Feature", "properties": {}, "geometry": {"type": "Point", "coordinates": [77.52184, 12.92914]}}, {"type": "Feature", "properties": {}, "geometry": {"type": "Point", "coordinates": [77.52266, 12.92778]}}, {"type": "Feature", "properties": {}, "geometry": {"type": "Point", "coordinates": [77.52224, 12.92826]}}, {"type": "Feature", "properties": {}, "geometry": {"type": "Point", "coordinates": [77.52014, 12.92567]}}, {"type": "Feature", "properties": {}, "geometry": {"type": "Point", "coordinates": [77.52948, 12.92418]}}, {"type": "Feature", "properties": {}, "geometry": {"type": "Point", "coordinates": [77.52365, 12.92161]}}, {"type": "Feature", "properties": {}, "geometry": {"type": "Point", "coordinates": [77.52216, 12.92195]}}, {"type": "Feature", "properties": {}, "geometry": {"type": "Point", "coordinates": [77.52621, 12.92294]}}, {"type": "Feature", "properties": {}, "geometry": {"type": "Point", "coordinates": [77.52436, 12.90374]}}, {"type": "Feature", "properties": {}, "geometry": {"type": "Point", "coordinates": [77.52455, 12.90166]}}, {"type": "Feature", "properties": {}, "geometry": {"type": "Point", "coordinates": [77.52248, 12.90276]}}, {"type": "Feature", "properties": {}, "geometry": {"type": "Point", "coordinates": [77.52158, 12.9016]}}, {"type": "Feature", "properties": {}, "geometry": {"type": "Point", "coordinates": [77.52047, 12.90136]}}, {"type": "Feature", "properties": {}, "geometry": {"type": "Point", "coordinates": [77.51931, 12.90053]}}, {"type": "Feature", "properties": {}, "geometry": {"type": "Point", "coordinates": [77.51996, 12.90184]}}, {"type": "Feature", "properties": {}, "geometry": {"type": "Point", "coordinates": [77.5201, 12.90347]}}, {"type": "Feature", "properties": {}, "geometry": {"type": "Point", "coordinates": [77.52796, 12.90269]}}, {"type": "Feature", "properties": {}, "geometry": {"type": "Point", "coordinates": [77.51626, 12.90116]}}, {"type": "Feature", "properties": {}, "geometry": {"type": "Point", "coordinates": [77.51591, 12.90057]}}, {"type": "Feature", "properties": {}, "geometry": {"type": "Point", "coordinates": [77.51712, 12.90361]}}, {"type": "Feature", "properties": {}, "geometry": {"type": "Point", "coordinates": [77.52185, 12.90313]}}, {"type": "Feature", "properties": {}, "geometry": {"type": "Point", "coordinates": [77.52004, 12.90526]}}, {"type": "Feature", "properties": {}, "geometry": {"type": "Point", "coordinates": [77.52148, 12.90461]}}, {"type": "Feature", "properties": {}, "geometry": {"type": "Point", "coordinates": [77.51364, 12.9096]}}, {"type": "Feature", "properties": {}, "geometry": {"type": "Point", "coordinates": [77.51368, 12.91389]}}, {"type": "Feature", "properties": {}, "geometry": {"type": "Point", "coordinates": [77.51242, 12.91791]}}, {"type": "Feature", "properties": {}, "geometry": {"type": "Point", "coordinates": [77.51177, 12.91911]}}, {"type": "Feature", "properties": {}, "geometry": {"type": "Point", "coordinates": [77.51248, 12.91916]}}, {"type": "Feature", "properties": {}, "geometry": {"type": "Point", "coordinates": [77.51276, 12.92953]}}, {"type": "Feature", "properties": {}, "geometry": {"type": "Point", "coordinates": [77.51252, 12.92085]}}, {"type": "Feature", "properties": {}, "geometry": {"type": "Point", "coordinates": [77.51226, 12.92134]}}, {"type": "Feature", "properties": {}, "geometry": {"type": "Point", "coordinates": [77.5134, 12.92078]}}, {"type": "Feature", "properties": {}, "geometry": {"type": "Point", "coordinates": [77.51364, 12.92034]}}, {"type": "Feature", "properties": {}, "geometry": {"type": "Point", "coordinates": [77.51489, 12.92011]}}, {"type": "Feature", "properties": {}, "geometry": {"type": "Point", "coordinates": [77.53409, 12.93456]}}, {"type": "Feature", "properties": {}, "geometry": {"type": "Point", "coordinates": [77.53692, 12.93542]}}, {"type": "Feature", "properties": {}, "geometry": {"type": "Point", "coordinates": [77.53573, 12.93593]}}, {"type": "Feature", "properties": {}, "geometry": {"type": "Point", "coordinates": [77.53483, 12.93413]}}, {"type": "Feature", "properties": {}, "geometry": {"type": "Point", "coordinates": [77.53446, 12.93434]}}, {"type": "Feature", "properties": {}, "geometry": {"type": "Point", "coordinates": [77.5347, 12.93497]}}, {"type": "Feature", "properties": {}, "geometry": {"type": "Point", "coordinates": [77.52597, 12.93112]}}, {"type": "Feature", "properties": {}, "geometry": {"type": "Point", "coordinates": [77.52977, 12.92033]}}, {"type": "Feature", "properties": {}, "geometry": {"type": "Point", "coordinates": [77.52824, 12.92818]}}, {"type": "Feature", "properties": {}, "geometry": {"type": "Point", "coordinates": [77.52827, 12.92768]}}, {"type": "Feature", "properties": {}, "geometry": {"type": "Point", "coordinates": [77.52838, 12.92743]}}, {"type": "Feature", "properties": {}, "geometry": {"type": "Point", "coordinates": [77.5272, 12.92992]}}, {"type": "Feature", "properties": {}, "geometry": {"type": "Point", "coordinates": [77.51314, 12.92784]}}, {"type": "Feature", "properties": {}, "geometry": {"type": "Point", "coordinates": [77.51355, 12.92362]}}, {"type": "Feature", "properties": {}, "geometry": {"type": "Point", "coordinates": [77.51209, 12.9264]}}, {"type": "Feature", "properties": {}, "geometry": {"type": "Point", "coordinates": [77.51974, 12.92816]}}, {"type": "Feature", "properties": {}, "geometry": {"type": "Point", "coordinates": [77.51954, 12.92853]}}, {"type": "Feature", "properties": {}, "geometry": {"type": "Point", "coordinates": [77.51941, 12.92754]}}, {"type": "Feature", "properties": {}, "geometry": {"type": "Point", "coordinates": [77.51714, 12.92698]}}, {"type": "Feature", "properties": {}, "geometry": {"type": "Point", "coordinates": [77.51714, 12.92699]}}, {"type": "Feature", "properties": {}, "geometry": {"type": "Point", "coordinates": [77.51153, 12.92367]}}, {"type": "Feature", "properties": {}, "geometry": {"type": "Point", "coordinates": [77.51175, 12.92392]}}, {"type": "Feature", "properties": {}, "geometry": {"type": "Point", "coordinates": [77.51253, 12.92331]}}, {"type": "Feature", "properties": {}, "geometry": {"type": "Point", "coordinates": [77.51288, 12.9227]}}, {"type": "Feature", "properties": {}, "geometry": {"type": "Point", "coordinates": [77.51314, 12.92313]}}, {"type": "Feature", "properties": {}, "geometry": {"type": "Point", "coordinates": [77.51506, 12.92244]}}, {"type": "Feature", "properties": {}, "geometry": {"type": "Point", "coordinates": [77.51558, 12.9224]}}, {"type": "Feature", "properties": {}, "geometry": {"type": "Point", "coordinates": [77.51408, 12.92165]}}, {"type": "Feature", "properties": {}, "geometry": {"type": "Point", "coordinates": [77.5147, 12.92159]}}, {"type": "Feature", "properties": {}, "geometry": {"type": "Point", "coordinates": [77.51441, 12.92041]}}, {"type": "Feature", "properties": {}, "geometry": {"type": "Point", "coordinates": [77.51571, 12.92092]}}, {"type": "Feature", "properties": {}, "geometry": {"type": "Point", "coordinates": [77.51639, 12.92135]}}, {"type": "Feature", "properties": {}, "geometry": {"type": "Point", "coordinates": [77.51866, 12.92863]}}, {"type": "Feature", "properties": {}, "geometry": {"type": "Point", "coordinates": [77.51987, 12.9275]}}, {"type": "Feature", "properties": {}, "geometry": {"type": "Point", "coordinates": [77.51899, 12.9137]}}, {"type": "Feature", "properties": {}, "geometry": {"type": "Point", "coordinates": [77.521, 12.91981]}}, {"type": "Feature", "properties": {}, "geometry": {"type": "Point", "coordinates": [77.52614, 12.91308]}}, {"type": "Feature", "properties": {}, "geometry": {"type": "Point", "coordinates": [77.52534, 12.91397]}}, {"type": "Feature", "properties": {}, "geometry": {"type": "Point", "coordinates": [77.52365, 12.91507]}}, {"type": "Feature", "properties": {}, "geometry": {"type": "Point", "coordinates": [77.52454, 12.91486]}}, {"type": "Feature", "properties": {}, "geometry": {"type": "Point", "coordinates": [77.52373, 12.91575]}}, {"type": "Feature", "properties": {}, "geometry": {"type": "Point", "coordinates": [77.52658, 12.91577]}}, {"type": "Feature", "properties": {}, "geometry": {"type": "Point", "coordinates": [77.5246, 12.91757]}}, {"type": "Feature", "properties": {}, "geometry": {"type": "Point", "coordinates": [77.52589, 12.9168]}}, {"type": "Feature", "properties": {}, "geometry": {"type": "Point", "coordinates": [77.52538, 12.91716]}}, {"type": "Feature", "properties": {}, "geometry": {"type": "Point", "coordinates": [77.52636, 12.91765]}}, {"type": "Feature", "properties": {}, "geometry": {"type": "Point", "coordinates": [77.52547, 12.91938]}}, {"type": "Feature", "properties": {}, "geometry": {"type": "Point", "coordinates": [77.52035, 12.91602]}}, {"type": "Feature", "properties": {}, "geometry": {"type": "Point", "coordinates": [77.52464, 12.91814]}}, {"type": "Feature", "properties": {}, "geometry": {"type": "Point", "coordinates": [77.52565, 12.91862]}}, {"type": "Feature", "properties": {}, "geometry": {"type": "Point", "coordinates": [77.52216, 12.91746]}}, {"type": "Feature", "properties": {}, "geometry": {"type": "Point", "coordinates": [77.52105, 12.92106]}}, {"type": "Feature", "properties": {}, "geometry": {"type": "Point", "coordinates": [77.52059, 12.91917]}}, {"type": "Feature", "properties": {}, "geometry": {"type": "Point", "coordinates": [77.52052, 12.91918]}}, {"type": "Feature", "properties": {}, "geometry": {"type": "Point", "coordinates": [77.52547, 12.91937]}}, {"type": "Feature", "properties": {}, "geometry": {"type": "Point", "coordinates": [77.52562, 12.91972]}}, {"type": "Feature", "properties": {}, "geometry": {"type": "Point", "coordinates": [77.52631, 12.92046]}}, {"type": "Feature", "properties": {}, "geometry": {"type": "Point", "coordinates": [77.52507, 12.92112]}}, {"type": "Feature", "properties": {}, "geometry": {"type": "Point", "coordinates": [77.5272, 12.92392]}}, {"type": "Feature", "properties": {}, "geometry": {"type": "Point", "coordinates": [77.52445, 12.92493]}}, {"type": "Feature", "properties": {}, "geometry": {"type": "Point", "coordinates": [77.52641, 12.92542]}}, {"type": "Feature", "properties": {}, "geometry": {"type": "Point", "coordinates": [77.52666, 12.92479]}}, {"type": "Feature", "properties": {}, "geometry": {"type": "Point", "coordinates": [77.52908, 12.9237]}}, {"type": "Feature", "properties": {}, "geometry": {"type": "Point", "coordinates": [77.53972, 12.92379]}}, {"type": "Feature", "properties": {}, "geometry": {"type": "Point", "coordinates": [77.53967, 12.92187]}}, {"type": "Feature", "properties": {}, "geometry": {"type": "Point", "coordinates": [77.53738, 12.92591]}}, {"type": "Feature", "properties": {}, "geometry": {"type": "Point", "coordinates": [77.52691, 12.92414]}}, {"type": "Feature", "properties": {}, "geometry": {"type": "Point", "coordinates": [77.52872, 12.92608]}}, {"type": "Feature", "properties": {}, "geometry": {"type": "Point", "coordinates": [77.51648, 12.90219]}}, {"type": "Feature", "properties": {}, "geometry": {"type": "Point", "coordinates": [77.51598, 12.91267]}}, {"type": "Feature", "properties": {}, "geometry": {"type": "Point", "coordinates": [77.52648, 12.92585]}}, {"type": "Feature", "properties": {}, "geometry": {"type": "Point", "coordinates": [77.52299, 12.93084]}}, {"type": "Feature", "properties": {}, "geometry": {"type": "Point", "coordinates": [77.52155, 12.92239]}}, {"type": "Feature", "properties": {}, "geometry": {"type": "Point", "coordinates": [77.51485, 12.9222]}}, {"type": "Feature", "properties": {}, "geometry": {"type": "Point", "coordinates": [77.52216, 12.92197]}}, {"type": "Feature", "properties": {}, "geometry": {"type": "Point", "coordinates": [77.5252, 12.94103]}}, {"type": "Feature", "properties": {}, "geometry": {"type": "Point", "coordinates": [77.51234, 12.92818]}}, {"type": "Feature", "properties": {}, "geometry": {"type": "Point", "coordinates": [77.52402, 12.93983]}}, {"type": "Feature", "properties": {}, "geometry": {"type": "Point", "coordinates": [77.52719, 12.91947]}}, {"type": "Feature", "properties": {}, "geometry": {"type": "Point", "coordinates": [77.52575, 12.92122]}}, {"type": "Feature", "properties": {}, "geometry": {"type": "Point", "coordinates": [77.52575, 12.92718]}}, {"type": "Feature", "properties": {}, "geometry": {"type": "Point", "coordinates": [77.52572, 12.92221]}}, {"type": "Feature", "properties": {}, "geometry": {"type": "Point", "coordinates": [77.51522, 12.92145]}}, {"type": "Feature", "properties": {}, "geometry": {"type": "Point", "coordinates": [77.51572, 12.9037]}}, {"type": "Feature", "properties": {}, "geometry": {"type": "Point", "coordinates": [77.514, 12.91941]}}, {"type": "Feature", "properties": {}, "geometry": {"type": "Point", "coordinates": [77.52629, 12.91258]}}, {"type": "Feature", "properties": {}, "geometry": {"type": "Point", "coordinates": [77.52, 12.93208]}}, {"type": "Feature", "properties": {}, "geometry": {"type": "Point", "coordinates": [77.5245, 12.93164]}}, {"type": "Feature", "properties": {}, "geometry": {"type": "Point", "coordinates": [77.52561, 12.9308]}}, {"type": "Feature", "properties": {}, "geometry": {"type": "Point", "coordinates": [77.50984, 12.92745]}}, {"type": "Feature", "properties": {}, "geometry": {"type": "Point", "coordinates": [77.51294, 12.92345]}}, {"type": "Feature", "properties": {}, "geometry": {"type": "Point", "coordinates": [77.51404, 12.923]}}, {"type": "Feature", "properties": {}, "geometry": {"type": "Point", "coordinates": [77.5165, 12.90161]}}, {"type": "Feature", "properties": {}, "geometry": {"type": "Point", "coordinates": [77.52614, 12.91803]}}, {"type": "Feature", "properties": {}, "geometry": {"type": "Point", "coordinates": [77.52633, 12.92113]}}, {"type": "Feature", "properties": {}, "geometry": {"type": "Point", "coordinates": [77.56066, 12.9834]}}, {"type": "Feature", "properties": {}, "geometry": {"type": "Point", "coordinates": [77.56018, 12.9834]}}, {"type": "Feature", "properties": {}, "geometry": {"type": "Point", "coordinates": [77.55875, 12.99088]}}, {"type": "Feature", "properties": {}, "geometry": {"type": "Point", "coordinates": [77.55814, 12.99172]}}, {"type": "Feature", "properties": {}, "geometry": {"type": "Point", "coordinates": [77.55823, 12.99261]}}, {"type": "Feature", "properties": {}, "geometry": {"type": "Point", "coordinates": [77.55941, 12.99043]}}, {"type": "Feature", "properties": {}, "geometry": {"type": "Point", "coordinates": [77.56137, 12.99033]}}, {"type": "Feature", "properties": {}, "geometry": {"type": "Point", "coordinates": [77.56028, 12.9916]}}, {"type": "Feature", "properties": {}, "geometry": {"type": "Point", "coordinates": [77.56002, 12.99122]}}, {"type": "Feature", "properties": {}, "geometry": {"type": "Point", "coordinates": [77.55984, 12.99255]}}, {"type": "Feature", "properties": {}, "geometry": {"type": "Point", "coordinates": [77.55987, 12.99371]}}, {"type": "Feature", "properties": {}, "geometry": {"type": "Point", "coordinates": [77.56002, 12.99449]}}, {"type": "Feature", "properties": {}, "geometry": {"type": "Point", "coordinates": [77.55881, 12.99465]}}, {"type": "Feature", "properties": {}, "geometry": {"type": "Point", "coordinates": [77.55922, 12.9952]}}, {"type": "Feature", "properties": {}, "geometry": {"type": "Point", "coordinates": [77.55907, 12.9958]}}, {"type": "Feature", "properties": {}, "geometry": {"type": "Point", "coordinates": [77.55875, 12.99651]}}, {"type": "Feature", "properties": {}, "geometry": {"type": "Point", "coordinates": [77.55874, 12.99756]}}, {"type": "Feature", "properties": {}, "geometry": {"type": "Point", "coordinates": [77.55919, 12.99734]}}, {"type": "Feature", "properties": {}, "geometry": {"type": "Point", "coordinates": [77.55842, 12.99574]}}, {"type": "Feature", "properties": {}, "geometry": {"type": "Point", "coordinates": [77.55768, 12.99581]}}, {"type": "Feature", "properties": {}, "geometry": {"type": "Point", "coordinates": [77.55768, 12.99677]}}, {"type": "Feature", "properties": {}, "geometry": {"type": "Point", "coordinates": [77.5572, 12.99555]}}, {"type": "Feature", "properties": {}, "geometry": {"type": "Point", "coordinates": [77.55764, 12.99802]}}, {"type": "Feature", "properties": {}, "geometry": {"type": "Point", "coordinates": [77.55542, 12.99556]}}, {"type": "Feature", "properties": {}, "geometry": {"type": "Point", "coordinates": [77.55765, 12.99412]}}, {"type": "Feature", "properties": {}, "geometry": {"type": "Point", "coordinates": [77.5559, 12.9942]}}, {"type": "Feature", "properties": {}, "geometry": {"type": "Point", "coordinates": [77.55502, 12.98669]}}, {"type": "Feature", "properties": {}, "geometry": {"type": "Point", "coordinates": [77.55516, 12.98525]}}, {"type": "Feature", "properties": {}, "geometry": {"type": "Point", "coordinates": [77.55441, 12.98402]}}, {"type": "Feature", "properties": {}, "geometry": {"type": "Point", "coordinates": [77.55571, 12.9847]}}, {"type": "Feature", "properties": {}, "geometry": {"type": "Point", "coordinates": [77.55561, 12.98364]}}, {"type": "Feature", "properties": {}, "geometry": {"type": "Point", "coordinates": [77.55494, 12.98348]}}, {"type": "Feature", "properties": {}, "geometry": {"type": "Point", "coordinates": [77.55487, 12.983]}}, {"type": "Feature", "properties": {}, "geometry": {"type": "Point", "coordinates": [77.55461, 12.98727]}}, {"type": "Feature", "properties": {}, "geometry": {"type": "Point", "coordinates": [77.55461, 12.98217]}}, {"type": "Feature", "properties": {}, "geometry": {"type": "Point", "coordinates": [77.55465, 12.98115]}}, {"type": "Feature", "properties": {}, "geometry": {"type": "Point", "coordinates": [77.55157, 12.98157]}}, {"type": "Feature", "properties": {}, "geometry": {"type": "Point", "coordinates": [77.5543, 12.98038]}}, {"type": "Feature", "properties": {}, "geometry": {"type": "Point", "coordinates": [77.55284, 12.98034]}}, {"type": "Feature", "properties": {}, "geometry": {"type": "Point", "coordinates": [77.55174, 12.98239]}}, {"type": "Feature", "properties": {}, "geometry": {"type": "Point", "coordinates": [77.55168, 12.98168]}}, {"type": "Feature", "properties": {}, "geometry": {"type": "Point", "coordinates": [77.55015, 12.98164]}}, {"type": "Feature", "properties": {}, "geometry": {"type": "Point", "coordinates": [77.55482, 12.97781]}}, {"type": "Feature", "properties": {}, "geometry": {"type": "Point", "coordinates": [77.55682, 12.97935]}}, {"type": "Feature", "properties": {}, "geometry": {"type": "Point", "coordinates": [77.55717, 12.97961]}}, {"type": "Feature", "properties": {}, "geometry": {"type": "Point", "coordinates": [77.55744, 12.97981]}}, {"type": "Feature", "properties": {}, "geometry": {"type": "Point", "coordinates": [77.55784, 12.98021]}}, {"type": "Feature", "properties": {}, "geometry": {"type": "Point", "coordinates": [77.55861, 12.97961]}}, {"type": "Feature", "properties": {}, "geometry": {"type": "Point", "coordinates": [77.5605, 12.98225]}}, {"type": "Feature", "properties": {}, "geometry": {"type": "Point", "coordinates": [77.55628, 12.98281]}}, {"type": "Feature", "properties": {}, "geometry": {"type": "Point", "coordinates": [77.55647, 12.98292]}}, {"type": "Feature", "properties": {}, "geometry": {"type": "Point", "coordinates": [77.55867, 12.98401]}}, {"type": "Feature", "properties": {}, "geometry": {"type": "Point", "coordinates": [77.55867, 12.98588]}}, {"type": "Feature", "properties": {}, "geometry": {"type": "Point", "coordinates": [77.55853, 12.9878]}}, {"type": "Feature", "properties": {}, "geometry": {"type": "Point", "coordinates": [77.55797, 12.98959]}}, {"type": "Feature", "properties": {}, "geometry": {"type": "Point", "coordinates": [77.55709, 12.98836]}}, {"type": "Feature", "properties": {}, "geometry": {"type": "Point", "coordinates": [77.55738, 12.98866]}}, {"type": "Feature", "properties": {}, "geometry": {"type": "Point", "coordinates": [77.55741, 12.98939]}}, {"type": "Feature", "properties": {}, "geometry": {"type": "Point", "coordinates": [77.55672, 12.98928]}}, {"type": "Feature", "properties": {}, "geometry": {"type": "Point", "coordinates": [77.55576, 12.98897]}}, {"type": "Feature", "properties": {}, "geometry": {"type": "Point", "coordinates": [77.55712, 12.98641]}}, {"type": "Feature", "properties": {}, "geometry": {"type": "Point", "coordinates": [77.55795, 12.98517]}}, {"type": "Feature", "properties": {}, "geometry": {"type": "Point", "coordinates": [77.51717, 13.0391]}}, {"type": "Feature", "properties": {}, "geometry": {"type": "Point", "coordinates": [77.51415, 13.03721]}}, {"type": "Feature", "properties": {}, "geometry": {"type": "Point", "coordinates": [77.51673, 13.03749]}}, {"type": "Feature", "properties": {}, "geometry": {"type": "Point", "coordinates": [77.51589, 13.0425]}}, {"type": "Feature", "properties": {}, "geometry": {"type": "Point", "coordinates": [77.51642, 13.04042]}}, {"type": "Feature", "properties": {}, "geometry": {"type": "Point", "coordinates": [77.51608, 13.04018]}}, {"type": "Feature", "properties": {}, "geometry": {"type": "Point", "coordinates": [77.51433, 13.03901]}}, {"type": "Feature", "properties": {}, "geometry": {"type": "Point", "coordinates": [77.515, 13.03989]}}, {"type": "Feature", "properties": {}, "geometry": {"type": "Point", "coordinates": [77.51418, 13.03604]}}, {"type": "Feature", "properties": {}, "geometry": {"type": "Point", "coordinates": [77.51541, 13.03656]}}, {"type": "Feature", "properties": {}, "geometry": {"type": "Point", "coordinates": [77.51492, 13.02813]}}, {"type": "Feature", "properties": {}, "geometry": {"type": "Point", "coordinates": [77.5092, 13.03739]}}, {"type": "Feature", "properties": {}, "geometry": {"type": "Point", "coordinates": [77.50915, 13.03846]}}, {"type": "Feature", "properties": {}, "geometry": {"type": "Point", "coordinates": [77.50949, 13.03938]}}, {"type": "Feature", "properties": {}, "geometry": {"type": "Point", "coordinates": [77.50534, 13.04032]}}, {"type": "Feature", "properties": {}, "geometry": {"type": "Point", "coordinates": [77.5085, 13.03999]}}, {"type": "Feature", "properties": {}, "geometry": {"type": "Point", "coordinates": [77.50593, 13.04305]}}, {"type": "Feature", "properties": {}, "geometry": {"type": "Point", "coordinates": [77.50661, 13.04394]}}, {"type": "Feature", "properties": {}, "geometry": {"type": "Point", "coordinates": [77.50727, 13.043]}}, {"type": "Feature", "properties": {}, "geometry": {"type": "Point", "coordinates": [77.50794, 13.04328]}}, {"type": "Feature", "properties": {}, "geometry": {"type": "Point", "coordinates": [77.50729, 13.04289]}}, {"type": "Feature", "properties": {}, "geometry": {"type": "Point", "coordinates": [77.50758, 13.04259]}}, {"type": "Feature", "properties": {}, "geometry": {"type": "Point", "coordinates": [77.51731, 13.03624]}}, {"type": "Feature", "properties": {}, "geometry": {"type": "Point", "coordinates": [77.51663, 13.04092]}}, {"type": "Feature", "properties": {}, "geometry": {"type": "Point", "coordinates": [77.51527, 13.04116]}}, {"type": "Feature", "properties": {}, "geometry": {"type": "Point", "coordinates": [77.51411, 13.04028]}}, {"type": "Feature", "properties": {}, "geometry": {"type": "Point", "coordinates": [77.50933, 13.04318]}}, {"type": "Feature", "properties": {}, "geometry": {"type": "Point", "coordinates": [77.51598, 13.03726]}}, {"type": "Feature", "properties": {}, "geometry": {"type": "Point", "coordinates": [77.5093, 13.04328]}}, {"type": "Feature", "properties": {}, "geometry": {"type": "Point", "coordinates": [77.51401, 13.03804]}}, {"type": "Feature", "properties": {}, "geometry": {"type": "Point", "coordinates": [77.5159, 13.02884]}}, {"type": "Feature", "properties": {}, "geometry": {"type": "Point", "coordinates": [77.51572, 13.02813]}}, {"type": "Feature", "properties": {}, "geometry": {"type": "Point", "coordinates": [77.50984, 13.04358]}}, {"type": "Feature", "properties": {}, "geometry": {"type": "Point", "coordinates": [77.5088, 13.0373]}}, {"type": "Feature", "properties": {}, "geometry": {"type": "Point", "coordinates": [77.50607, 13.04208]}}, {"type": "Feature", "properties": {}, "geometry": {"type": "Point", "coordinates": [77.51033, 13.04273]}}, {"type": "Feature", "properties": {}, "geometry": {"type": "Point", "coordinates": [77.50551, 13.0434]}}, {"type": "Feature", "properties": {}, "geometry": {"type": "Point", "coordinates": [77.51271, 13.04201]}}, {"type": "Feature", "properties": {}, "geometry": {"type": "Point", "coordinates": [77.51297, 13.04212]}}, {"type": "Feature", "properties": {}, "geometry": {"type": "Point", "coordinates": [77.50873, 13.04215]}}, {"type": "Feature", "properties": {}, "geometry": {"type": "Point", "coordinates": [77.51216, 13.04242]}}, {"type": "Feature", "properties": {}, "geometry": {"type": "Point", "coordinates": [77.51118, 13.04322]}}, {"type": "Feature", "properties": {}, "geometry": {"type": "Point", "coordinates": [77.50678, 13.04211]}}, {"type": "Feature", "properties": {}, "geometry": {"type": "Point", "coordinates": [77.5045, 13.04315]}}, {"type": "Feature", "properties": {}, "geometry": {"type": "Point", "coordinates": [77.50186, 13.04414]}}, {"type": "Feature", "properties": {}, "geometry": {"type": "Point", "coordinates": [77.50278, 13.04478]}}, {"type": "Feature", "properties": {}, "geometry": {"type": "Point", "coordinates": [77.5013, 13.0446]}}, {"type": "Feature", "properties": {}, "geometry": {"type": "Point", "coordinates": [77.49904, 13.04634]}}, {"type": "Feature", "properties": {}, "geometry": {"type": "Point", "coordinates": [77.49876, 13.04703]}}, {"type": "Feature", "properties": {}, "geometry": {"type": "Point", "coordinates": [77.49542, 13.04627]}}, {"type": "Feature", "properties": {}, "geometry": {"type": "Point", "coordinates": [77.49505, 13.04521]}}, {"type": "Feature", "properties": {}, "geometry": {"type": "Point", "coordinates": [77.49707, 13.04544]}}, {"type": "Feature", "properties": {}, "geometry": {"type": "Point", "coordinates": [77.50109, 13.0427]}}, {"type": "Feature", "properties": {}, "geometry": {"type": "Point", "coordinates": [77.504, 13.04195]}}, {"type": "Feature", "properties": {}, "geometry": {"type": "Point", "coordinates": [77.50161, 13.0418]}}, {"type": "Feature", "properties": {}, "geometry": {"type": "Point", "coordinates": [77.50463, 13.04216]}}, {"type": "Feature", "properties": {}, "geometry": {"type": "Point", "coordinates": [77.50228, 13.04403]}}, {"type": "Feature", "properties": {}, "geometry": {"type": "Point", "coordinates": [77.50463, 13.04156]}}, {"type": "Feature", "properties": {}, "geometry": {"type": "Point", "coordinates": [77.5034, 13.04135]}}, {"type": "Feature", "properties": {}, "geometry": {"type": "Point", "coordinates": [77.50325, 13.04107]}}, {"type": "Feature", "properties": {}, "geometry": {"type": "Point", "coordinates": [77.50214, 13.04092]}}, {"type": "Feature", "properties": {}, "geometry": {"type": "Point", "coordinates": [77.50311, 13.04061]}}, {"type": "Feature", "properties": {}, "geometry": {"type": "Point", "coordinates": [77.50378, 13.04094]}}, {"type": "Feature", "properties": {}, "geometry": {"type": "Point", "coordinates": [77.50324, 13.04169]}}, {"type": "Feature", "properties": {}, "geometry": {"type": "Point", "coordinates": [77.50433, 13.03921]}}, {"type": "Feature", "properties": {}, "geometry": {"type": "Point", "coordinates": [77.50404, 13.03951]}}, {"type": "Feature", "properties": {}, "geometry": {"type": "Point", "coordinates": [77.50004, 13.03975]}}, {"type": "Feature", "properties": {}, "geometry": {"type": "Point", "coordinates": [77.49962, 13.04055]}}, {"type": "Feature", "properties": {}, "geometry": {"type": "Point", "coordinates": [77.49795, 13.04107]}}, {"type": "Feature", "properties": {}, "geometry": {"type": "Point", "coordinates": [77.49904, 13.0396]}}, {"type": "Feature", "properties": {}, "geometry": {"type": "Point", "coordinates": [77.49925, 13.03978]}}, {"type": "Feature", "properties": {}, "geometry": {"type": "Point", "coordinates": [77.49929, 13.03957]}}, {"type": "Feature", "properties": {}, "geometry": {"type": "Point", "coordinates": [77.49804, 13.03845]}}, {"type": "Feature", "properties": {}, "geometry": {"type": "Point", "coordinates": [77.50184, 13.03624]}}, {"type": "Feature", "properties": {}, "geometry": {"type": "Point", "coordinates": [77.50215, 13.03782]}}, {"type": "Feature", "properties": {}, "geometry": {"type": "Point", "coordinates": [77.51597, 13.03773]}}, {"type": "Feature", "properties": {}, "geometry": {"type": "Point", "coordinates": [77.50185, 13.03431]}}, {"type": "Feature", "properties": {}, "geometry": {"type": "Point", "coordinates": [77.50185, 13.0343]}}, {"type": "Feature", "properties": {}, "geometry": {"type": "Point", "coordinates": [77.50065, 13.03842]}}, {"type": "Feature", "properties": {}, "geometry": {"type": "Point", "coordinates": [77.50282, 13.03683]}}, {"type": "Feature", "properties": {}, "geometry": {"type": "Point", "coordinates": [77.50344, 13.03322]}}, {"type": "Feature", "properties": {}, "geometry": {"type": "Point", "coordinates": [77.50314, 13.03422]}}, {"type": "Feature", "properties": {}, "geometry": {"type": "Point", "coordinates": [77.5043, 13.03605]}}, {"type": "Feature", "properties": {}, "geometry": {"type": "Point", "coordinates": [77.50421, 13.03605]}}, {"type": "Feature", "properties": {}, "geometry": {"type": "Point", "coordinates": [77.50414, 13.03354]}}, {"type": "Feature", "properties": {}, "geometry": {"type": "Point", "coordinates": [77.50239, 13.03334]}}, {"type": "Feature", "properties": {}, "geometry": {"type": "Point", "coordinates": [77.49893, 13.03393]}}, {"type": "Feature", "properties": {}, "geometry": {"type": "Point", "coordinates": [77.49963, 13.03241]}}, {"type": "Feature", "properties": {}, "geometry": {"type": "Point", "coordinates": [77.49877, 13.03265]}}, {"type": "Feature", "properties": {}, "geometry": {"type": "Point", "coordinates": [77.49912, 13.03212]}}, {"type": "Feature", "properties": {}, "geometry": {"type": "Point", "coordinates": [77.49822, 13.03004]}}, {"type": "Feature", "properties": {}, "geometry": {"type": "Point", "coordinates": [77.49925, 13.02993]}}, {"type": "Feature", "properties": {}, "geometry": {"type": "Point", "coordinates": [77.4999, 13.03024]}}, {"type": "Feature", "properties": {}, "geometry": {"type": "Point", "coordinates": [77.50054, 13.03009]}}, {"type": "Feature", "properties": {}, "geometry": {"type": "Point", "coordinates": [77.50524, 13.03223]}}, {"type": "Feature", "properties": {}, "geometry": {"type": "Point", "coordinates": [77.50648, 13.03211]}}, {"type": "Feature", "properties": {}, "geometry": {"type": "Point", "coordinates": [77.5076, 13.03186]}}, {"type": "Feature", "properties": {}, "geometry": {"type": "Point", "coordinates": [77.50787, 13.03367]}}, {"type": "Feature", "properties": {}, "geometry": {"type": "Point", "coordinates": [77.50796, 13.03217]}}, {"type": "Feature", "properties": {}, "geometry": {"type": "Point", "coordinates": [77.50806, 13.03254]}}, {"type": "Feature", "properties": {}, "geometry": {"type": "Point", "coordinates": [77.50745, 13.03493]}}, {"type": "Feature", "properties": {}, "geometry": {"type": "Point", "coordinates": [77.50725, 13.03528]}}, {"type": "Feature", "properties": {}, "geometry": {"type": "Point", "coordinates": [77.50659, 13.03662]}}, {"type": "Feature", "properties": {}, "geometry": {"type": "Point", "coordinates": [77.50679, 13.03688]}}, {"type": "Feature", "properties": {}, "geometry": {"type": "Point", "coordinates": [77.50972, 13.03401]}}, {"type": "Feature", "properties": {}, "geometry": {"type": "Point", "coordinates": [77.51493, 13.03709]}}, {"type": "Feature", "properties": {}, "geometry": {"type": "Point", "coordinates": [77.50326, 13.04036]}}, {"type": "Feature", "properties": {}, "geometry": {"type": "Point", "coordinates": [77.51, 13.04251]}}, {"type": "Feature", "properties": {}, "geometry": {"type": "Point", "coordinates": [77.51731, 13.03981]}}, {"type": "Feature", "properties": {}, "geometry": {"type": "Point", "coordinates": [77.50998, 13.03729]}}, {"type": "Feature", "properties": {}, "geometry": {"type": "Point", "coordinates": [77.50731, 13.03762]}}, {"type": "Feature", "properties": {}, "geometry": {"type": "Point", "coordinates": [77.49863, 13.04538]}}, {"type": "Feature", "properties": {}, "geometry": {"type": "Point", "coordinates": [77.50546, 13.04215]}}, {"type": "Feature", "properties": {}, "geometry": {"type": "Point", "coordinates": [77.5013, 13.04389]}}, {"type": "Feature", "properties": {}, "geometry": {"type": "Point", "coordinates": [77.51633, 13.03876]}}, {"type": "Feature", "properties": {}, "geometry": {"type": "Point", "coordinates": [77.49845, 13.03577]}}, {"type": "Feature", "properties": {}, "geometry": {"type": "Point", "coordinates": [77.51444, 13.04096]}}, {"type": "Feature", "properties": {}, "geometry": {"type": "Point", "coordinates": [77.51589, 13.0405]}}, {"type": "Feature", "properties": {}, "geometry": {"type": "Point", "coordinates": [77.57338, 12.85496]}}, {"type": "Feature", "properties": {}, "geometry": {"type": "Point", "coordinates": [77.56919, 12.85656]}}, {"type": "Feature", "properties": {}, "geometry": {"type": "Point", "coordinates": [77.55597, 12.85722]}}, {"type": "Feature", "properties": {}, "geometry": {"type": "Point", "coordinates": [77.55377, 12.85997]}}, {"type": "Feature", "properties": {}, "geometry": {"type": "Point", "coordinates": [77.56277, 12.86102]}}, {"type": "Feature", "properties": {}, "geometry": {"type": "Point", "coordinates": [77.55877, 12.86248]}}, {"type": "Feature", "properties": {}, "geometry": {"type": "Point", "coordinates": [77.55914, 12.86528]}}, {"type": "Feature", "properties": {}, "geometry": {"type": "Point", "coordinates": [77.55932, 12.8681]}}, {"type": "Feature", "properties": {}, "geometry": {"type": "Point", "coordinates": [77.57701, 12.87251]}}, {"type": "Feature", "properties": {}, "geometry": {"type": "Point", "coordinates": [77.57679, 12.87823]}}, {"type": "Feature", "properties": {}, "geometry": {"type": "Point", "coordinates": [77.5803, 12.87837]}}, {"type": "Feature", "properties": {}, "geometry": {"type": "Point", "coordinates": [77.57957, 12.87879]}}, {"type": "Feature", "properties": {}, "geometry": {"type": "Point", "coordinates": [77.5766, 12.87883]}}, {"type": "Feature", "properties": {}, "geometry": {"type": "Point", "coordinates": [77.59995, 12.87871]}}, {"type": "Feature", "properties": {}, "geometry": {"type": "Point", "coordinates": [77.58162, 12.87899]}}, {"type": "Feature", "properties": {}, "geometry": {"type": "Point", "coordinates": [77.59437, 12.87893]}}, {"type": "Feature", "properties": {}, "geometry": {"type": "Point", "coordinates": [77.57901, 12.87913]}}, {"type": "Feature", "properties": {}, "geometry": {"type": "Point", "coordinates": [77.63137, 12.87862]}}, {"type": "Feature", "properties": {}, "geometry": {"type": "Point", "coordinates": [77.61043, 12.87895]}}, {"type": "Feature", "properties": {}, "geometry": {"type": "Point", "coordinates": [77.57649, 12.87936]}}, {"type": "Feature", "properties": {}, "geometry": {"type": "Point", "coordinates": [77.61601, 12.87903]}}, {"type": "Feature", "properties": {}, "geometry": {"type": "Point", "coordinates": [77.61308, 12.87916]}}, {"type": "Feature", "properties": {}, "geometry": {"type": "Point", "coordinates": [77.58146, 12.87968]}}, {"type": "Feature", "properties": {}, "geometry": {"type": "Point", "coordinates": [77.57607, 12.88029]}}, {"type": "Feature", "properties": {}, "geometry": {"type": "Point", "coordinates": [77.60191, 12.88056]}}, {"type": "Feature", "properties": {}, "geometry": {"type": "Point", "coordinates": [77.59317, 12.8808]}}, {"type": "Feature", "properties": {}, "geometry": {"type": "Point", "coordinates": [77.58636, 12.88106]}}, {"type": "Feature", "properties": {}, "geometry": {"type": "Point", "coordinates": [77.58091, 12.88136]}}, {"type": "Feature", "properties": {}, "geometry": {"type": "Point", "coordinates": [77.61543, 12.88129]}}, {"type": "Feature", "properties": {}, "geometry": {"type": "Point", "coordinates": [77.58424, 12.88249]}}, {"type": "Feature", "properties": {}, "geometry": {"type": "Point", "coordinates": [77.59636, 12.88275]}}, {"type": "Feature", "properties": {}, "geometry": {"type": "Point", "coordinates": [77.58951, 12.8837]}}, {"type": "Feature", "properties": {}, "geometry": {"type": "Point", "coordinates": [77.595, 12.88368]}}, {"type": "Feature", "properties": {}, "geometry": {"type": "Point", "coordinates": [77.57351, 12.88392]}}, {"type": "Feature", "properties": {}, "geometry": {"type": "Point", "coordinates": [77.588, 12.8839]}}, {"type": "Feature", "properties": {}, "geometry": {"type": "Point", "coordinates": [77.57084, 12.88421]}}, {"type": "Feature", "properties": {}, "geometry": {"type": "Point", "coordinates": [77.59376, 12.88401]}}, {"type": "Feature", "properties": {}, "geometry": {"type": "Point", "coordinates": [77.60492, 12.88402]}}, {"type": "Feature", "properties": {}, "geometry": {"type": "Point", "coordinates": [77.57024, 12.88437]}}, {"type": "Feature", "properties": {}, "geometry": {"type": "Point", "coordinates": [77.57208, 12.88432]}}, {"type": "Feature", "properties": {}, "geometry": {"type": "Point", "coordinates": [77.59633, 12.88413]}}, {"type": "Feature", "properties": {}, "geometry": {"type": "Point", "coordinates": [77.59712, 12.88418]}}, {"type": "Feature", "properties": {}, "geometry": {"type": "Point", "coordinates": [77.58899, 12.88452]}}, {"type": "Feature", "properties": {}, "geometry": {"type": "Point", "coordinates": [77.60289, 12.88474]}}, {"type": "Feature", "properties": {}, "geometry": {"type": "Point", "coordinates": [77.58758, 12.88513]}}, {"type": "Feature", "properties": {}, "geometry": {"type": "Point", "coordinates": [77.5874, 12.88807]}}, {"type": "Feature", "properties": {}, "geometry": {"type": "Point", "coordinates": [77.60765, 12.8853]}}, {"type": "Feature", "properties": {}, "geometry": {"type": "Point", "coordinates": [77.58213, 12.88581]}}, {"type": "Feature", "properties": {}, "geometry": {"type": "Point", "coordinates": [77.56977, 12.88627]}}, {"type": "Feature", "properties": {}, "geometry": {"type": "Point", "coordinates": [77.5954, 12.88626]}}, {"type": "Feature", "properties": {}, "geometry": {"type": "Point", "coordinates": [77.57963, 12.88648]}}, {"type": "Feature", "properties": {}, "geometry": {"type": "Point", "coordinates": [77.57074, 12.88658]}}, {"type": "Feature", "properties": {}, "geometry": {"type": "Point", "coordinates": [77.59447, 12.88635]}}, {"type": "Feature", "properties": {}, "geometry": {"type": "Point", "coordinates": [77.58487, 12.88646]}}, {"type": "Feature", "properties": {}, "geometry": {"type": "Point", "coordinates": [77.59981, 12.88666]}}, {"type": "Feature", "properties": {}, "geometry": {"type": "Point", "coordinates": [77.5834, 12.88728]}}, {"type": "Feature", "properties": {}, "geometry": {"type": "Point", "coordinates": [77.57085, 12.88781]}}, {"type": "Feature", "properties": {}, "geometry": {"type": "Point", "coordinates": [77.57793, 12.88818]}}, {"type": "Feature", "properties": {}, "geometry": {"type": "Point", "coordinates": [77.61242, 12.88814]}}, {"type": "Feature", "properties": {}, "geometry": {"type": "Point", "coordinates": [77.56379, 12.88877]}}, {"type": "Feature", "properties": {}, "geometry": {"type": "Point", "coordinates": [77.57772, 12.88896]}}, {"type": "Feature", "properties": {}, "geometry": {"type": "Point", "coordinates": [77.57916, 12.88896]}}, {"type": "Feature", "properties": {}, "geometry": {"type": "Point", "coordinates": [77.57037, 12.8892]}}, {"type": "Feature", "properties": {}, "geometry": {"type": "Point", "coordinates": [77.57322, 12.88924]}}, {"type": "Feature", "properties": {}, "geometry": {"type": "Point", "coordinates": [77.5716, 12.88928]}}, {"type": "Feature", "properties": {}, "geometry": {"type": "Point", "coordinates": [77.58196, 12.88918]}}, {"type": "Feature", "properties": {}, "geometry": {"type": "Point", "coordinates": [77.59702, 12.88904]}}, {"type": "Feature", "properties": {}, "geometry": {"type": "Point", "coordinates": [77.61081, 12.88897]}}, {"type": "Feature", "properties": {}, "geometry": {"type": "Point", "coordinates": [77.5701, 12.88979]}}, {"type": "Feature", "properties": {}, "geometry": {"type": "Point", "coordinates": [77.57276, 12.88982]}}, {"type": "Feature", "properties": {}, "geometry": {"type": "Point", "coordinates": [77.57674, 12.89008]}}, {"type": "Feature", "properties": {}, "geometry": {"type": "Point", "coordinates": [77.56421, 12.89058]}}, {"type": "Feature", "properties": {}, "geometry": {"type": "Point", "coordinates": [77.62391, 12.89014]}}, {"type": "Feature", "properties": {}, "geometry": {"type": "Point", "coordinates": [77.57197, 12.89085]}}, {"type": "Feature", "properties": {}, "geometry": {"type": "Point", "coordinates": [77.57208, 12.89153]}}, {"type": "Feature", "properties": {}, "geometry": {"type": "Point", "coordinates": [77.57495, 12.89157]}}, {"type": "Feature", "properties": {}, "geometry": {"type": "Point", "coordinates": [77.57848, 12.89171]}}, {"type": "Feature", "properties": {}, "geometry": {"type": "Point", "coordinates": [77.57253, 12.89191]}}, {"type": "Feature", "properties": {}, "geometry": {"type": "Point", "coordinates": [77.5715, 12.89256]}}, {"type": "Feature", "properties": {}, "geometry": {"type": "Point", "coordinates": [77.5751, 12.89261]}}, {"type": "Feature", "properties": {}, "geometry": {"type": "Point", "coordinates": [77.57765, 12.89262]}}, {"type": "Feature", "properties": {}, "geometry": {"type": "Point", "coordinates": [77.56719, 12.89297]}}, {"type": "Feature", "properties": {}, "geometry": {"type": "Point", "coordinates": [77.5718, 12.89305]}}, {"type": "Feature", "properties": {}, "geometry": {"type": "Point", "coordinates": [77.57209, 12.89318]}}, {"type": "Feature", "properties": {}, "geometry": {"type": "Point", "coordinates": [77.62365, 12.89295]}}, {"type": "Feature", "properties": {}, "geometry": {"type": "Point", "coordinates": [77.57551, 12.8935]}}, {"type": "Feature", "properties": {}, "geometry": {"type": "Point", "coordinates": [77.62756, 12.89335]}}, {"type": "Feature", "properties": {}, "geometry": {"type": "Point", "coordinates": [77.62683, 12.89336]}}, {"type": "Feature", "properties": {}, "geometry": {"type": "Point", "coordinates": [77.62593, 12.89339]}}, {"type": "Feature", "properties": {}, "geometry": {"type": "Point", "coordinates": [77.63469, 12.89338]}}, {"type": "Feature", "properties": {}, "geometry": {"type": "Point", "coordinates": [77.63578, 12.89344]}}, {"type": "Feature", "properties": {}, "geometry": {"type": "Point", "coordinates": [77.62876, 12.8936]}}, {"type": "Feature", "properties": {}, "geometry": {"type": "Point", "coordinates": [77.57813, 12.89416]}}, {"type": "Feature", "properties": {}, "geometry": {"type": "Point", "coordinates": [77.60987, 12.89387]}}, {"type": "Feature", "properties": {}, "geometry": {"type": "Point", "coordinates": [77.62465, 12.89399]}}, {"type": "Feature", "properties": {}, "geometry": {"type": "Point", "coordinates": [77.63095, 12.89394]}}, {"type": "Feature", "properties": {}, "geometry": {"type": "Point", "coordinates": [77.63689, 12.89388]}}, {"type": "Feature", "properties": {}, "geometry": {"type": "Point", "coordinates": [77.62012, 12.89409]}}, {"type": "Feature", "properties": {}, "geometry": {"type": "Point", "coordinates": [77.62515, 12.89438]}}, {"type": "Feature", "properties": {}, "geometry": {"type": "Point", "coordinates": [77.62772, 12.89442]}}, {"type": "Feature", "properties": {}, "geometry": {"type": "Point", "coordinates": [77.61699, 12.8946]}}, {"type": "Feature", "properties": {}, "geometry": {"type": "Point", "coordinates": [77.62234, 12.89456]}}, {"type": "Feature", "properties": {}, "geometry": {"type": "Point", "coordinates": [77.62588, 12.89458]}}, {"type": "Feature", "properties": {}, "geometry": {"type": "Point", "coordinates": [77.62867, 12.89521]}}, {"type": "Feature", "properties": {}, "geometry": {"type": "Point", "coordinates": [77.60854, 12.89591]}}, {"type": "Feature", "properties": {}, "geometry": {"type": "Point", "coordinates": [77.62237, 12.89593]}}, {"type": "Feature", "properties": {}, "geometry": {"type": "Point", "coordinates": [77.62598, 12.89606]}}, {"type": "Feature", "properties": {}, "geometry": {"type": "Point", "coordinates": [77.62609, 12.89614]}}, {"type": "Feature", "properties": {}, "geometry": {"type": "Point", "coordinates": [77.62598, 12.89642]}}, {"type": "Feature", "properties": {}, "geometry": {"type": "Point", "coordinates": [77.60746, 12.89665]}}, {"type": "Feature", "properties": {}, "geometry": {"type": "Point", "coordinates": [77.62893, 12.8965]}}, {"type": "Feature", "properties": {}, "geometry": {"type": "Point", "coordinates": [77.62473, 12.89662]}}, {"type": "Feature", "properties": {}, "geometry": {"type": "Point", "coordinates": [77.6234, 12.89665]}}, {"type": "Feature", "properties": {}, "geometry": {"type": "Point", "coordinates": [77.62497, 12.89674]}}, {"type": "Feature", "properties": {}, "geometry": {"type": "Point", "coordinates": [77.62137, 12.8974]}}, {"type": "Feature", "properties": {}, "geometry": {"type": "Point", "coordinates": [77.60578, 12.89833]}}, {"type": "Feature", "properties": {}, "geometry": {"type": "Point", "coordinates": [77.62179, 12.89861]}}, {"type": "Feature", "properties": {}, "geometry": {"type": "Point", "coordinates": [77.6012, 12.89921]}}, {"type": "Feature", "properties": {}, "geometry": {"type": "Point", "coordinates": [77.62878, 12.89894]}}, {"type": "Feature", "properties": {}, "geometry": {"type": "Point", "coordinates": [77.60494, 12.89962]}}, {"type": "Feature", "properties": {}, "geometry": {"type": "Point", "coordinates": [77.62938, 12.89984]}}, {"type": "Feature", "properties": {}, "geometry": {"type": "Point", "coordinates": [77.62712, 12.89995]}}, {"type": "Feature", "properties": {}, "geometry": {"type": "Point", "coordinates": [77.60378, 12.90043]}}, {"type": "Feature", "properties": {}, "geometry": {"type": "Point", "coordinates": [77.60311, 12.90103]}}, {"type": "Feature", "properties": {}, "geometry": {"type": "Point", "coordinates": [77.61868, 12.90096]}}, {"type": "Feature", "properties": {}, "geometry": {"type": "Point", "coordinates": [77.62305, 12.9011]}}, {"type": "Feature", "properties": {}, "geometry": {"type": "Point", "coordinates": [77.62486, 12.90129]}}, {"type": "Feature", "properties": {}, "geometry": {"type": "Point", "coordinates": [77.6254, 12.90129]}}, {"type": "Feature", "properties": {}, "geometry": {"type": "Point", "coordinates": [77.60235, 12.90162]}}, {"type": "Feature", "properties": {}, "geometry": {"type": "Point", "coordinates": [77.62718, 12.90275]}}, {"type": "Feature", "properties": {}, "geometry": {"type": "Point", "coordinates": [77.62406, 12.90289]}}, {"type": "Feature", "properties": {}, "geometry": {"type": "Point", "coordinates": [77.61984, 12.9031]}}, {"type": "Feature", "properties": {}, "geometry": {"type": "Point", "coordinates": [77.62476, 12.9032]}}, {"type": "Feature", "properties": {}, "geometry": {"type": "Point", "coordinates": [77.63096, 12.9035]}}, {"type": "Feature", "properties": {}, "geometry": {"type": "Point", "coordinates": [77.62648, 12.90418]}}, {"type": "Feature", "properties": {}, "geometry": {"type": "Point", "coordinates": [77.63044, 12.90428]}}, {"type": "Feature", "properties": {}, "geometry": {"type": "Point", "coordinates": [77.62026, 12.90481]}}, {"type": "Feature", "properties": {}, "geometry": {"type": "Point", "coordinates": [77.62544, 12.90527]}}, {"type": "Feature", "properties": {}, "geometry": {"type": "Point", "coordinates": [77.6219, 12.9059]}}, {"type": "Feature", "properties": {}, "geometry": {"type": "Point", "coordinates": [77.62152, 12.90644]}}, {"type": "Feature", "properties": {}, "geometry": {"type": "Point", "coordinates": [77.62594, 12.90673]}}, {"type": "Feature", "properties": {}, "geometry": {"type": "Point", "coordinates": [77.62465, 12.90684]}}, {"type": "Feature", "properties": {}, "geometry": {"type": "Point", "coordinates": [77.62228, 12.90746]}}, {"type": "Feature", "properties": {}, "geometry": {"type": "Point", "coordinates": [77.62471, 12.90766]}}, {"type": "Feature", "properties": {}, "geometry": {"type": "Point", "coordinates": [77.62834, 12.90772]}}, {"type": "Feature", "properties": {}, "geometry": {"type": "Point", "coordinates": [77.62228, 12.90928]}}, {"type": "Feature", "properties": {}, "geometry": {"type": "Point", "coordinates": [77.62437, 12.90956]}}, {"type": "Feature", "properties": {}, "geometry": {"type": "Point", "coordinates": [77.62696, 12.90997]}}, {"type": "Feature", "properties": {}, "geometry": {"type": "Point", "coordinates": [77.62663, 12.91035]}}, {"type": "Feature", "properties": {}, "geometry": {"type": "Point", "coordinates": [77.62642, 12.91087]}}, {"type": "Feature", "properties": {}, "geometry": {"type": "Point", "coordinates": [77.62416, 12.91095]}}, {"type": "Feature", "properties": {}, "geometry": {"type": "Point", "coordinates": [77.62291, 12.91224]}}, {"type": "Feature", "properties": {}, "geometry": {"type": "Point", "coordinates": [77.62439, 12.91415]}}, {"type": "Feature", "properties": {}, "geometry": {"type": "Point", "coordinates": [77.54948, 12.9151]}}, {"type": "Feature", "properties": {}, "geometry": {"type": "Point", "coordinates": [77.57102, 12.90717]}}, {"type": "Feature", "properties": {}, "geometry": {"type": "Point", "coordinates": [77.57062, 12.90689]}}, {"type": "Feature", "properties": {}, "geometry": {"type": "Point", "coordinates": [77.57219, 12.90631]}}, {"type": "Feature", "properties": {}, "geometry": {"type": "Point", "coordinates": [77.57196, 12.90652]}}, {"type": "Feature", "properties": {}, "geometry": {"type": "Point", "coordinates": [77.5708, 12.90501]}}, {"type": "Feature", "properties": {}, "geometry": {"type": "Point", "coordinates": [77.57067, 12.90515]}}, {"type": "Feature", "properties": {}, "geometry": {"type": "Point", "coordinates": [77.56916, 12.90557]}}, {"type": "Feature", "properties": {}, "geometry": {"type": "Point", "coordinates": [77.56943, 12.90536]}}, {"type": "Feature", "properties": {}, "geometry": {"type": "Point", "coordinates": [77.56952, 12.90514]}}, {"type": "Feature", "properties": {}, "geometry": {"type": "Point", "coordinates": [77.56864, 12.90626]}}, {"type": "Feature", "properties": {}, "geometry": {"type": "Point", "coordinates": [77.56881, 12.90548]}}, {"type": "Feature", "properties": {}, "geometry": {"type": "Point", "coordinates": [77.56975, 12.90719]}}, {"type": "Feature", "properties": {}, "geometry": {"type": "Point", "coordinates": [77.56977, 12.90755]}}, {"type": "Feature", "properties": {}, "geometry": {"type": "Point", "coordinates": [77.56928, 12.90652]}}, {"type": "Feature", "properties": {}, "geometry": {"type": "Point", "coordinates": [77.56788, 12.90625]}}, {"type": "Feature", "properties": {}, "geometry": {"type": "Point", "coordinates": [77.56776, 12.90447]}}, {"type": "Feature", "properties": {}, "geometry": {"type": "Point", "coordinates": [77.56707, 12.9047]}}, {"type": "Feature", "properties": {}, "geometry": {"type": "Point", "coordinates": [77.56773, 12.90352]}}, {"type": "Feature", "properties": {}, "geometry": {"type": "Point", "coordinates": [77.56873, 12.90353]}}, {"type": "Feature", "properties": {}, "geometry": {"type": "Point", "coordinates": [77.56795, 12.90176]}}, {"type": "Feature", "properties": {}, "geometry": {"type": "Point", "coordinates": [77.56826, 12.9017]}}, {"type": "Feature", "properties": {}, "geometry": {"type": "Point", "coordinates": [77.56855, 12.90079]}}, {"type": "Feature", "properties": {}, "geometry": {"type": "Point", "coordinates": [77.56744, 12.9002]}}, {"type": "Feature", "properties": {}, "geometry": {"type": "Point", "coordinates": [77.56733, 12.90038]}}, {"type": "Feature", "properties": {}, "geometry": {"type": "Point", "coordinates": [77.56534, 12.90069]}}, {"type": "Feature", "properties": {}, "geometry": {"type": "Point", "coordinates": [77.56503, 12.9008]}}, {"type": "Feature", "properties": {}, "geometry": {"type": "Point", "coordinates": [77.56477, 12.89957]}}, {"type": "Feature", "properties": {}, "geometry": {"type": "Point", "coordinates": [77.56294, 12.89913]}}, {"type": "Feature", "properties": {}, "geometry": {"type": "Point", "coordinates": [77.56531, 12.90318]}}, {"type": "Feature", "properties": {}, "geometry": {"type": "Point", "coordinates": [77.56452, 12.89812]}}, {"type": "Feature", "properties": {}, "geometry": {"type": "Point", "coordinates": [77.56404, 12.89737]}}, {"type": "Feature", "properties": {}, "geometry": {"type": "Point", "coordinates": [77.56351, 12.8966]}}, {"type": "Feature", "properties": {}, "geometry": {"type": "Point", "coordinates": [77.56539, 12.89689]}}, {"type": "Feature", "properties": {}, "geometry": {"type": "Point", "coordinates": [77.56351, 12.89458]}}, {"type": "Feature", "properties": {}, "geometry": {"type": "Point", "coordinates": [77.5745, 12.92831]}}, {"type": "Feature", "properties": {}, "geometry": {"type": "Point", "coordinates": [77.57475, 12.92872]}}, {"type": "Feature", "properties": {}, "geometry": {"type": "Point", "coordinates": [77.57379, 12.92944]}}, {"type": "Feature", "properties": {}, "geometry": {"type": "Point", "coordinates": [77.57372, 12.92909]}}, {"type": "Feature", "properties": {}, "geometry": {"type": "Point", "coordinates": [77.57074, 12.92389]}}, {"type": "Feature", "properties": {}, "geometry": {"type": "Point", "coordinates": [77.57502, 12.92899]}}, {"type": "Feature", "properties": {}, "geometry": {"type": "Point", "coordinates": [77.56951, 12.91923]}}, {"type": "Feature", "properties": {}, "geometry": {"type": "Point", "coordinates": [77.57131, 12.92322]}}, {"type": "Feature", "properties": {}, "geometry": {"type": "Point", "coordinates": [77.57551, 12.93022]}}, {"type": "Feature", "properties": {}, "geometry": {"type": "Point", "coordinates": [77.56891, 12.91625]}}, {"type": "Feature", "properties": {}, "geometry": {"type": "Point", "coordinates": [77.569, 12.91224]}}, {"type": "Feature", "properties": {}, "geometry": {"type": "Point", "coordinates": [77.56997, 12.9115]}}, {"type": "Feature", "properties": {}, "geometry": {"type": "Point", "coordinates": [77.56974, 12.92935]}}, {"type": "Feature", "properties": {}, "geometry": {"type": "Point", "coordinates": [77.56952, 12.92682]}}, {"type": "Feature", "properties": {}, "geometry": {"type": "Point", "coordinates": [77.5575, 12.9264]}}, {"type": "Feature", "properties": {}, "geometry": {"type": "Point", "coordinates": [77.55836, 12.92702]}}, {"type": "Feature", "properties": {}, "geometry": {"type": "Point", "coordinates": [77.56119, 12.92962]}}, {"type": "Feature", "properties": {}, "geometry": {"type": "Point", "coordinates": [77.53639, 12.92766]}}, {"type": "Feature", "properties": {}, "geometry": {"type": "Point", "coordinates": [77.54, 12.92995]}}, {"type": "Feature", "properties": {}, "geometry": {"type": "Point", "coordinates": [77.53808, 12.92762]}}, {"type": "Feature", "properties": {}, "geometry": {"type": "Point", "coordinates": [77.53746, 12.93102]}}, {"type": "Feature", "properties": {}, "geometry": {"type": "Point", "coordinates": [77.5408, 12.92715]}}, {"type": "Feature", "properties": {}, "geometry": {"type": "Point", "coordinates": [77.54086, 12.92714]}}, {"type": "Feature", "properties": {}, "geometry": {"type": "Point", "coordinates": [77.53846, 12.9303]}}, {"type": "Feature", "properties": {}, "geometry": {"type": "Point", "coordinates": [77.53846, 12.93037]}}, {"type": "Feature", "properties": {}, "geometry": {"type": "Point", "coordinates": [77.53681, 12.93415]}}, {"type": "Feature", "properties": {}, "geometry": {"type": "Point", "coordinates": [77.53926, 12.92987]}}, {"type": "Feature", "properties": {}, "geometry": {"type": "Point", "coordinates": [77.53818, 12.92957]}}, {"type": "Feature", "properties": {}, "geometry": {"type": "Point", "coordinates": [77.53699, 12.92914]}}, {"type": "Feature", "properties": {}, "geometry": {"type": "Point", "coordinates": [77.53564, 12.92136]}}, {"type": "Feature", "properties": {}, "geometry": {"type": "Point", "coordinates": [77.53512, 12.92875]}}, {"type": "Feature", "properties": {}, "geometry": {"type": "Point", "coordinates": [77.53629, 12.9271]}}, {"type": "Feature", "properties": {}, "geometry": {"type": "Point", "coordinates": [77.53816, 12.92641]}}, {"type": "Feature", "properties": {}, "geometry": {"type": "Point", "coordinates": [77.53683, 12.92787]}}, {"type": "Feature", "properties": {}, "geometry": {"type": "Point", "coordinates": [77.53831, 12.9257]}}, {"type": "Feature", "properties": {}, "geometry": {"type": "Point", "coordinates": [77.53781, 12.92521]}}, {"type": "Feature", "properties": {}, "geometry": {"type": "Point", "coordinates": [77.53794, 12.92458]}}, {"type": "Feature", "properties": {}, "geometry": {"type": "Point", "coordinates": [77.53895, 12.9282]}}, {"type": "Feature", "properties": {}, "geometry": {"type": "Point", "coordinates": [77.53915, 12.92789]}}, {"type": "Feature", "properties": {}, "geometry": {"type": "Point", "coordinates": [77.53948, 12.92794]}}, {"type": "Feature", "properties": {}, "geometry": {"type": "Point", "coordinates": [77.53959, 12.92869]}}, {"type": "Feature", "properties": {}, "geometry": {"type": "Point", "coordinates": [77.54111, 12.92671]}}, {"type": "Feature", "properties": {}, "geometry": {"type": "Point", "coordinates": [77.57524, 12.90327]}}, {"type": "Feature", "properties": {}, "geometry": {"type": "Point", "coordinates": [77.57451, 12.89765]}}, {"type": "Feature", "properties": {}, "geometry": {"type": "Point", "coordinates": [77.57893, 12.90194]}}, {"type": "Feature", "properties": {}, "geometry": {"type": "Point", "coordinates": [77.58041, 12.90197]}}, {"type": "Feature", "properties": {}, "geometry": {"type": "Point", "coordinates": [77.5747, 12.89958]}}, {"type": "Feature", "properties": {}, "geometry": {"type": "Point", "coordinates": [77.5736, 12.8972]}}, {"type": "Feature", "properties": {}, "geometry": {"type": "Point", "coordinates": [77.57638, 12.90232]}}, {"type": "Feature", "properties": {}, "geometry": {"type": "Point", "coordinates": [77.57717, 12.90312]}}, {"type": "Feature", "properties": {}, "geometry": {"type": "Point", "coordinates": [77.57385, 12.89499]}}, {"type": "Feature", "properties": {}, "geometry": {"type": "Point", "coordinates": [77.57715, 12.90018]}}, {"type": "Feature", "properties": {}, "geometry": {"type": "Point", "coordinates": [77.57125, 12.89563]}}, {"type": "Feature", "properties": {}, "geometry": {"type": "Point", "coordinates": [77.57396, 12.90019]}}, {"type": "Feature", "properties": {}, "geometry": {"type": "Point", "coordinates": [77.57686, 12.90067]}}, {"type": "Feature", "properties": {}, "geometry": {"type": "Point", "coordinates": [77.57522, 12.89717]}}, {"type": "Feature", "properties": {}, "geometry": {"type": "Point", "coordinates": [77.57584, 12.90333]}}, {"type": "Feature", "properties": {}, "geometry": {"type": "Point", "coordinates": [77.57693, 12.90148]}}, {"type": "Feature", "properties": {}, "geometry": {"type": "Point", "coordinates": [77.57625, 12.90403]}}, {"type": "Feature", "properties": {}, "geometry": {"type": "Point", "coordinates": [77.57703, 12.90265]}}, {"type": "Feature", "properties": {}, "geometry": {"type": "Point", "coordinates": [77.57066, 12.89422]}}, {"type": "Feature", "properties": {}, "geometry": {"type": "Point", "coordinates": [77.57613, 12.89883]}}, {"type": "Feature", "properties": {}, "geometry": {"type": "Point", "coordinates": [77.57577, 12.89895]}}, {"type": "Feature", "properties": {}, "geometry": {"type": "Point", "coordinates": [77.574, 12.89793]}}, {"type": "Feature", "properties": {}, "geometry": {"type": "Point", "coordinates": [77.57698, 12.90507]}}, {"type": "Feature", "properties": {}, "geometry": {"type": "Point", "coordinates": [77.57458, 12.89861]}}, {"type": "Feature", "properties": {}, "geometry": {"type": "Point", "coordinates": [77.57958, 12.90191]}}, {"type": "Feature", "properties": {}, "geometry": {"type": "Point", "coordinates": [77.57415, 12.8991]}}, {"type": "Feature", "properties": {}, "geometry": {"type": "Point", "coordinates": [77.57537, 12.90451]}}, {"type": "Feature", "properties": {}, "geometry": {"type": "Point", "coordinates": [77.5715, 12.89462]}}, {"type": "Feature", "properties": {}, "geometry": {"type": "Point", "coordinates": [77.5753, 12.90418]}}, {"type": "Feature", "properties": {}, "geometry": {"type": "Point", "coordinates": [77.5725, 12.89712]}}, {"type": "Feature", "properties": {}, "geometry": {"type": "Point", "coordinates": [77.57498, 12.90085]}}, {"type": "Feature", "properties": {}, "geometry": {"type": "Point", "coordinates": [77.57604, 12.90088]}}, {"type": "Feature", "properties": {}, "geometry": {"type": "Point", "coordinates": [77.57374, 12.8957]}}, {"type": "Feature", "properties": {}, "geometry": {"type": "Point", "coordinates": [77.57782, 12.90152]}}, {"type": "Feature", "properties": {}, "geometry": {"type": "Point", "coordinates": [77.54173, 12.92436]}}, {"type": "Feature", "properties": {}, "geometry": {"type": "Point", "coordinates": [77.54198, 12.92514]}}, {"type": "Feature", "properties": {}, "geometry": {"type": "Point", "coordinates": [77.54276, 12.92484]}}, {"type": "Feature", "properties": {}, "geometry": {"type": "Point", "coordinates": [77.54293, 12.92304]}}, {"type": "Feature", "properties": {}, "geometry": {"type": "Point", "coordinates": [77.54195, 12.92282]}}, {"type": "Feature", "properties": {}, "geometry": {"type": "Point", "coordinates": [77.53955, 12.92056]}}, {"type": "Feature", "properties": {}, "geometry": {"type": "Point", "coordinates": [77.57209, 12.88611]}}, {"type": "Feature", "properties": {}, "geometry": {"type": "Point", "coordinates": [77.57083, 12.88639]}}, {"type": "Feature", "properties": {}, "geometry": {"type": "Point", "coordinates": [77.5733, 12.88441]}}, {"type": "Feature", "properties": {}, "geometry": {"type": "Point", "coordinates": [77.57296, 12.88418]}}, {"type": "Feature", "properties": {}, "geometry": {"type": "Point", "coordinates": [77.57406, 12.88482]}}, {"type": "Feature", "properties": {}, "geometry": {"type": "Point", "coordinates": [77.57407, 12.88471]}}, {"type": "Feature", "properties": {}, "geometry": {"type": "Point", "coordinates": [77.57565, 12.88422]}}, {"type": "Feature", "properties": {}, "geometry": {"type": "Point", "coordinates": [77.57556, 12.8829]}}, {"type": "Feature", "properties": {}, "geometry": {"type": "Point", "coordinates": [77.57459, 12.88468]}}, {"type": "Feature", "properties": {}, "geometry": {"type": "Point", "coordinates": [77.57348, 12.88563]}}, {"type": "Feature", "properties": {}, "geometry": {"type": "Point", "coordinates": [77.5738, 12.88562]}}, {"type": "Feature", "properties": {}, "geometry": {"type": "Point", "coordinates": [77.57349, 12.88333]}}, {"type": "Feature", "properties": {}, "geometry": {"type": "Point", "coordinates": [77.57404, 12.88335]}}, {"type": "Feature", "properties": {}, "geometry": {"type": "Point", "coordinates": [77.57337, 12.88299]}}, {"type": "Feature", "properties": {}, "geometry": {"type": "Point", "coordinates": [77.5733, 12.88733]}}, {"type": "Feature", "properties": {}, "geometry": {"type": "Point", "coordinates": [77.57409, 12.88807]}}, {"type": "Feature", "properties": {}, "geometry": {"type": "Point", "coordinates": [77.57445, 12.89071]}}, {"type": "Feature", "properties": {}, "geometry": {"type": "Point", "coordinates": [77.57555, 12.8915]}}, {"type": "Feature", "properties": {}, "geometry": {"type": "Point", "coordinates": [77.57552, 12.89472]}}, {"type": "Feature", "properties": {}, "geometry": {"type": "Point", "coordinates": [77.5738, 12.89442]}}, {"type": "Feature", "properties": {}, "geometry": {"type": "Point", "coordinates": [77.57303, 12.89441]}}, {"type": "Feature", "properties": {}, "geometry": {"type": "Point", "coordinates": [77.57313, 12.89318]}}, {"type": "Feature", "properties": {}, "geometry": {"type": "Point", "coordinates": [77.57276, 12.89182]}}, {"type": "Feature", "properties": {}, "geometry": {"type": "Point", "coordinates": [77.57313, 12.89179]}}, {"type": "Feature", "properties": {}, "geometry": {"type": "Point", "coordinates": [77.57198, 12.89121]}}, {"type": "Feature", "properties": {}, "geometry": {"type": "Point", "coordinates": [77.57252, 12.89073]}}, {"type": "Feature", "properties": {}, "geometry": {"type": "Point", "coordinates": [77.57009, 12.89029]}}, {"type": "Feature", "properties": {}, "geometry": {"type": "Point", "coordinates": [77.5699, 12.88677]}}, {"type": "Feature", "properties": {}, "geometry": {"type": "Point", "coordinates": [77.56873, 12.88895]}}, {"type": "Feature", "properties": {}, "geometry": {"type": "Point", "coordinates": [77.57293, 12.8867]}}, {"type": "Feature", "properties": {}, "geometry": {"type": "Point", "coordinates": [77.57103, 12.88543]}}, {"type": "Feature", "properties": {}, "geometry": {"type": "Point", "coordinates": [77.58248, 12.87766]}}, {"type": "Feature", "properties": {}, "geometry": {"type": "Point", "coordinates": [77.57463, 12.88319]}}, {"type": "Feature", "properties": {}, "geometry": {"type": "Point", "coordinates": [77.57141, 12.88409]}}, {"type": "Feature", "properties": {}, "geometry": {"type": "Point", "coordinates": [77.57723, 12.89308]}}, {"type": "Feature", "properties": {}, "geometry": {"type": "Point", "coordinates": [77.57681, 12.89242]}}, {"type": "Feature", "properties": {}, "geometry": {"type": "Point", "coordinates": [77.57811, 12.87686]}}, {"type": "Feature", "properties": {}, "geometry": {"type": "Point", "coordinates": [77.58289, 12.88899]}}, {"type": "Feature", "properties": {}, "geometry": {"type": "Point", "coordinates": [77.57736, 12.87637]}}, {"type": "Feature", "properties": {}, "geometry": {"type": "Point", "coordinates": [77.5782, 12.87905]}}, {"type": "Feature", "properties": {}, "geometry": {"type": "Point", "coordinates": [77.57919, 12.87701]}}, {"type": "Feature", "properties": {}, "geometry": {"type": "Point", "coordinates": [77.57844, 12.8758]}}, {"type": "Feature", "properties": {}, "geometry": {"type": "Point", "coordinates": [77.58101, 12.88276]}}, {"type": "Feature", "properties": {}, "geometry": {"type": "Point", "coordinates": [77.58496, 12.87791]}}, {"type": "Feature", "properties": {}, "geometry": {"type": "Point", "coordinates": [77.57286, 12.89047]}}, {"type": "Feature", "properties": {}, "geometry": {"type": "Point", "coordinates": [77.58985, 12.88542]}}, {"type": "Feature", "properties": {}, "geometry": {"type": "Point", "coordinates": [77.57269, 12.88315]}}, {"type": "Feature", "properties": {}, "geometry": {"type": "Point", "coordinates": [77.56974, 12.88478]}}, {"type": "Feature", "properties": {}, "geometry": {"type": "Point", "coordinates": [77.57654, 12.879]}}, {"type": "Feature", "properties": {}, "geometry": {"type": "Point", "coordinates": [77.58157, 12.87544]}}, {"type": "Feature", "properties": {}, "geometry": {"type": "Point", "coordinates": [77.58449, 12.88036]}}, {"type": "Feature", "properties": {}, "geometry": {"type": "Point", "coordinates": [77.57474, 12.88359]}}, {"type": "Feature", "properties": {}, "geometry": {"type": "Point", "coordinates": [77.57463, 12.90817]}}, {"type": "Feature", "properties": {}, "geometry": {"type": "Point", "coordinates": [77.58698, 12.89888]}}, {"type": "Feature", "properties": {}, "geometry": {"type": "Point", "coordinates": [77.57978, 12.89624]}}, {"type": "Feature", "properties": {}, "geometry": {"type": "Point", "coordinates": [77.5857, 12.89168]}}, {"type": "Feature", "properties": {}, "geometry": {"type": "Point", "coordinates": [77.58619, 12.90032]}}, {"type": "Feature", "properties": {}, "geometry": {"type": "Point", "coordinates": [77.58691, 12.89704]}}, {"type": "Feature", "properties": {}, "geometry": {"type": "Point", "coordinates": [77.58282, 12.89767]}}, {"type": "Feature", "properties": {}, "geometry": {"type": "Point", "coordinates": [77.59027, 12.90457]}}, {"type": "Feature", "properties": {}, "geometry": {"type": "Point", "coordinates": [77.58992, 12.90312]}}, {"type": "Feature", "properties": {}, "geometry": {"type": "Point", "coordinates": [77.58632, 12.90054]}}, {"type": "Feature", "properties": {}, "geometry": {"type": "Point", "coordinates": [77.58935, 12.90423]}}, {"type": "Feature", "properties": {}, "geometry": {"type": "Point", "coordinates": [77.58348, 12.8966]}}, {"type": "Feature", "properties": {}, "geometry": {"type": "Point", "coordinates": [77.58113, 12.89523]}}, {"type": "Feature", "properties": {}, "geometry": {"type": "Point", "coordinates": [77.58447, 12.89582]}}, {"type": "Feature", "properties": {}, "geometry": {"type": "Point", "coordinates": [77.58502, 12.9021]}}, {"type": "Feature", "properties": {}, "geometry": {"type": "Point", "coordinates": [77.5883, 12.89604]}}, {"type": "Feature", "properties": {}, "geometry": {"type": "Point", "coordinates": [77.58831, 12.9033]}}, {"type": "Feature", "properties": {}, "geometry": {"type": "Point", "coordinates": [77.58691, 12.90306]}}, {"type": "Feature", "properties": {}, "geometry": {"type": "Point", "coordinates": [77.59963, 12.90069]}}, {"type": "Feature", "properties": {}, "geometry": {"type": "Point", "coordinates": [77.58516, 12.90016]}}, {"type": "Feature", "properties": {}, "geometry": {"type": "Point", "coordinates": [77.59787, 12.90083]}}, {"type": "Feature", "properties": {}, "geometry": {"type": "Point", "coordinates": [77.59836, 12.90002]}}, {"type": "Feature", "properties": {}, "geometry": {"type": "Point", "coordinates": [77.58448, 12.89888]}}, {"type": "Feature", "properties": {}, "geometry": {"type": "Point", "coordinates": [77.59557, 12.89537]}}, {"type": "Feature", "properties": {}, "geometry": {"type": "Point", "coordinates": [77.58861, 12.89979]}}, {"type": "Feature", "properties": {}, "geometry": {"type": "Point", "coordinates": [77.58735, 12.89982]}}, {"type": "Feature", "properties": {}, "geometry": {"type": "Point", "coordinates": [77.58105, 12.89686]}}, {"type": "Feature", "properties": {}, "geometry": {"type": "Point", "coordinates": [77.58658, 12.89818]}}, {"type": "Feature", "properties": {}, "geometry": {"type": "Point", "coordinates": [77.5985, 12.90033]}}, {"type": "Feature", "properties": {}, "geometry": {"type": "Point", "coordinates": [77.5966, 12.89711]}}, {"type": "Feature", "properties": {}, "geometry": {"type": "Point", "coordinates": [77.58602, 12.89781]}}, {"type": "Feature", "properties": {}, "geometry": {"type": "Point", "coordinates": [77.58487, 12.89671]}}, {"type": "Feature", "properties": {}, "geometry": {"type": "Point", "coordinates": [77.59841, 12.89908]}}, {"type": "Feature", "properties": {}, "geometry": {"type": "Point", "coordinates": [77.58377, 12.89955]}}, {"type": "Feature", "properties": {}, "geometry": {"type": "Point", "coordinates": [77.57997, 12.89692]}}, {"type": "Feature", "properties": {}, "geometry": {"type": "Point", "coordinates": [77.59542, 12.89452]}}, {"type": "Feature", "properties": {}, "geometry": {"type": "Point", "coordinates": [77.58767, 12.90315]}}, {"type": "Feature", "properties": {}, "geometry": {"type": "Point", "coordinates": [77.58478, 12.89963]}}, {"type": "Feature", "properties": {}, "geometry": {"type": "Point", "coordinates": [77.58567, 12.89196]}}, {"type": "Feature", "properties": {}, "geometry": {"type": "Point", "coordinates": [77.59625, 12.89214]}}, {"type": "Feature", "properties": {}, "geometry": {"type": "Point", "coordinates": [77.58378, 12.89375]}}, {"type": "Feature", "properties": {}, "geometry": {"type": "Point", "coordinates": [77.58352, 12.89454]}}, {"type": "Feature", "properties": {}, "geometry": {"type": "Point", "coordinates": [77.58451, 12.90127]}}, {"type": "Feature", "properties": {}, "geometry": {"type": "Point", "coordinates": [77.58863, 12.9032]}}, {"type": "Feature", "properties": {}, "geometry": {"type": "Point", "coordinates": [77.58275, 12.8978]}}, {"type": "Feature", "properties": {}, "geometry": {"type": "Point", "coordinates": [77.58313, 12.89911]}}, {"type": "Feature", "properties": {}, "geometry": {"type": "Point", "coordinates": [77.58309, 12.90011]}}, {"type": "Feature", "properties": {}, "geometry": {"type": "Point", "coordinates": [77.58364, 12.90362]}}, {"type": "Feature", "properties": {}, "geometry": {"type": "Point", "coordinates": [77.57771, 12.90369]}}, {"type": "Feature", "properties": {}, "geometry": {"type": "Point", "coordinates": [77.5685, 12.88067]}}, {"type": "Feature", "properties": {}, "geometry": {"type": "Point", "coordinates": [77.58484, 12.87631]}}, {"type": "Feature", "properties": {}, "geometry": {"type": "Point", "coordinates": [77.5831, 12.86684]}}, {"type": "Feature", "properties": {}, "geometry": {"type": "Point", "coordinates": [77.58224, 12.87338]}}, {"type": "Feature", "properties": {}, "geometry": {"type": "Point", "coordinates": [77.58061, 12.86831]}}, {"type": "Feature", "properties": {}, "geometry": {"type": "Point", "coordinates": [77.58328, 12.87024]}}, {"type": "Feature", "properties": {}, "geometry": {"type": "Point", "coordinates": [77.58318, 12.87256]}}, {"type": "Feature", "properties": {}, "geometry": {"type": "Point", "coordinates": [77.56925, 12.90845]}}, {"type": "Feature", "properties": {}, "geometry": {"type": "Point", "coordinates": [77.56799, 12.90309]}}, {"type": "Feature", "properties": {}, "geometry": {"type": "Point", "coordinates": [77.56759, 12.90637]}}, {"type": "Feature", "properties": {}, "geometry": {"type": "Point", "coordinates": [77.54279, 12.92626]}}, {"type": "Feature", "properties": {}, "geometry": {"type": "Point", "coordinates": [77.53859, 12.92593]}}, {"type": "Feature", "properties": {}, "geometry": {"type": "Point", "coordinates": [77.53887, 12.92914]}}, {"type": "Feature", "properties": {}, "geometry": {"type": "Point", "coordinates": [77.53825, 12.92693]}}, {"type": "Feature", "properties": {}, "geometry": {"type": "Point", "coordinates": [77.5414, 12.92842]}}, {"type": "Feature", "properties": {}, "geometry": {"type": "Point", "coordinates": [77.56472, 12.90336]}}, {"type": "Feature", "properties": {}, "geometry": {"type": "Point", "coordinates": [77.56472, 12.90372]}}, {"type": "Feature", "properties": {}, "geometry": {"type": "Point", "coordinates": [77.57038, 12.90169]}}, {"type": "Feature", "properties": {}, "geometry": {"type": "Point", "coordinates": [77.57032, 12.90156]}}, {"type": "Feature", "properties": {}, "geometry": {"type": "Point", "coordinates": [77.57178, 12.90074]}}, {"type": "Feature", "properties": {}, "geometry": {"type": "Point", "coordinates": [77.5704, 12.89988]}}, {"type": "Feature", "properties": {}, "geometry": {"type": "Point", "coordinates": [77.56973, 12.90048]}}, {"type": "Feature", "properties": {}, "geometry": {"type": "Point", "coordinates": [77.57018, 12.90107]}}, {"type": "Feature", "properties": {}, "geometry": {"type": "Point", "coordinates": [77.56923, 12.90094]}}, {"type": "Feature", "properties": {}, "geometry": {"type": "Point", "coordinates": [77.56968, 12.89876]}}, {"type": "Feature", "properties": {}, "geometry": {"type": "Point", "coordinates": [77.57036, 12.89828]}}, {"type": "Feature", "properties": {}, "geometry": {"type": "Point", "coordinates": [77.57102, 12.89779]}}, {"type": "Feature", "properties": {}, "geometry": {"type": "Point", "coordinates": [77.57178, 12.89879]}}, {"type": "Feature", "properties": {}, "geometry": {"type": "Point", "coordinates": [77.56178, 12.89923]}}, {"type": "Feature", "properties": {}, "geometry": {"type": "Point", "coordinates": [77.56866, 12.89871]}}, {"type": "Feature", "properties": {}, "geometry": {"type": "Point", "coordinates": [77.56836, 12.8986]}}, {"type": "Feature", "properties": {}, "geometry": {"type": "Point", "coordinates": [77.5688, 12.89794]}}, {"type": "Feature", "properties": {}, "geometry": {"type": "Point", "coordinates": [77.58219, 12.89772]}}, {"type": "Feature", "properties": {}, "geometry": {"type": "Point", "coordinates": [77.56707, 12.88631]}}, {"type": "Feature", "properties": {}, "geometry": {"type": "Point", "coordinates": [77.58066, 12.89555]}}, {"type": "Feature", "properties": {}, "geometry": {"type": "Point", "coordinates": [77.58235, 12.89768]}}, {"type": "Feature", "properties": {}, "geometry": {"type": "Point", "coordinates": [77.58851, 12.89902]}}, {"type": "Feature", "properties": {}, "geometry": {"type": "Point", "coordinates": [77.58853, 12.89209]}}, {"type": "Feature", "properties": {}, "geometry": {"type": "Point", "coordinates": [77.58342, 12.89901]}}, {"type": "Feature", "properties": {}, "geometry": {"type": "Point", "coordinates": [77.58169, 12.90194]}}, {"type": "Feature", "properties": {}, "geometry": {"type": "Point", "coordinates": [77.58209, 12.90133]}}, {"type": "Feature", "properties": {}, "geometry": {"type": "Point", "coordinates": [77.57504, 12.90244]}}, {"type": "Feature", "properties": {}, "geometry": {"type": "Point", "coordinates": [77.57357, 12.90618]}}, {"type": "Feature", "properties": {}, "geometry": {"type": "Point", "coordinates": [77.56896, 12.88195]}}, {"type": "Feature", "properties": {}, "geometry": {"type": "Point", "coordinates": [77.56863, 12.88206]}}, {"type": "Feature", "properties": {}, "geometry": {"type": "Point", "coordinates": [77.57126, 12.88316]}}, {"type": "Feature", "properties": {}, "geometry": {"type": "Point", "coordinates": [77.57042, 12.88201]}}, {"type": "Feature", "properties": {}, "geometry": {"type": "Point", "coordinates": [77.57074, 12.88055]}}, {"type": "Feature", "properties": {}, "geometry": {"type": "Point", "coordinates": [77.57102, 12.87863]}}, {"type": "Feature", "properties": {}, "geometry": {"type": "Point", "coordinates": [77.57242, 12.88274]}}, {"type": "Feature", "properties": {}, "geometry": {"type": "Point", "coordinates": [77.57355, 12.88197]}}, {"type": "Feature", "properties": {}, "geometry": {"type": "Point", "coordinates": [77.57217, 12.88204]}}, {"type": "Feature", "properties": {}, "geometry": {"type": "Point", "coordinates": [77.57636, 12.87896]}}, {"type": "Feature", "properties": {}, "geometry": {"type": "Point", "coordinates": [77.58005, 12.87205]}}, {"type": "Feature", "properties": {}, "geometry": {"type": "Point", "coordinates": [77.58346, 12.8771]}}, {"type": "Feature", "properties": {}, "geometry": {"type": "Point", "coordinates": [77.58111, 12.87008]}}, {"type": "Feature", "properties": {}, "geometry": {"type": "Point", "coordinates": [77.5806, 12.86802]}}, {"type": "Feature", "properties": {}, "geometry": {"type": "Point", "coordinates": [77.57648, 12.8741]}}, {"type": "Feature", "properties": {}, "geometry": {"type": "Point", "coordinates": [77.57846, 12.87445]}}, {"type": "Feature", "properties": {}, "geometry": {"type": "Point", "coordinates": [77.5681, 12.89022]}}, {"type": "Feature", "properties": {}, "geometry": {"type": "Point", "coordinates": [77.5694, 12.89055]}}, {"type": "Feature", "properties": {}, "geometry": {"type": "Point", "coordinates": [77.56719, 12.88842]}}, {"type": "Feature", "properties": {}, "geometry": {"type": "Point", "coordinates": [77.56406, 12.88872]}}, {"type": "Feature", "properties": {}, "geometry": {"type": "Point", "coordinates": [77.56761, 12.88692]}}, {"type": "Feature", "properties": {}, "geometry": {"type": "Point", "coordinates": [77.56681, 12.88664]}}, {"type": "Feature", "properties": {}, "geometry": {"type": "Point", "coordinates": [77.56831, 12.88847]}}, {"type": "Feature", "properties": {}, "geometry": {"type": "Point", "coordinates": [77.56988, 12.90375]}}, {"type": "Feature", "properties": {}, "geometry": {"type": "Point", "coordinates": [77.56984, 12.89753]}}, {"type": "Feature", "properties": {}, "geometry": {"type": "Point", "coordinates": [77.56813, 12.89785]}}, {"type": "Feature", "properties": {}, "geometry": {"type": "Point", "coordinates": [77.56744, 12.89805]}}, {"type": "Feature", "properties": {}, "geometry": {"type": "Point", "coordinates": [77.56684, 12.89764]}}, {"type": "Feature", "properties": {}, "geometry": {"type": "Point", "coordinates": [77.56647, 12.89875]}}, {"type": "Feature", "properties": {}, "geometry": {"type": "Point", "coordinates": [77.56448, 12.91617]}}, {"type": "Feature", "properties": {}, "geometry": {"type": "Point", "coordinates": [77.54877, 12.92347]}}, {"type": "Feature", "properties": {}, "geometry": {"type": "Point", "coordinates": [77.54925, 12.92112]}}, {"type": "Feature", "properties": {}, "geometry": {"type": "Point", "coordinates": [77.54827, 12.92127]}}, {"type": "Feature", "properties": {}, "geometry": {"type": "Point", "coordinates": [77.54544, 12.92194]}}, {"type": "Feature", "properties": {}, "geometry": {"type": "Point", "coordinates": [77.54598, 12.92097]}}, {"type": "Feature", "properties": {}, "geometry": {"type": "Point", "coordinates": [77.5436, 12.92036]}}, {"type": "Feature", "properties": {}, "geometry": {"type": "Point", "coordinates": [77.54302, 12.91994]}}, {"type": "Feature", "properties": {}, "geometry": {"type": "Point", "coordinates": [77.54344, 12.91957]}}, {"type": "Feature", "properties": {}, "geometry": {"type": "Point", "coordinates": [77.5449, 12.91936]}}, {"type": "Feature", "properties": {}, "geometry": {"type": "Point", "coordinates": [77.54683, 12.91946]}}, {"type": "Feature", "properties": {}, "geometry": {"type": "Point", "coordinates": [77.54614, 12.91841]}}, {"type": "Feature", "properties": {}, "geometry": {"type": "Point", "coordinates": [77.54601, 12.90759]}}, {"type": "Feature", "properties": {}, "geometry": {"type": "Point", "coordinates": [77.54741, 12.90163]}}, {"type": "Feature", "properties": {}, "geometry": {"type": "Point", "coordinates": [77.57049, 12.8924]}}, {"type": "Feature", "properties": {}, "geometry": {"type": "Point", "coordinates": [77.56978, 12.89185]}}, {"type": "Feature", "properties": {}, "geometry": {"type": "Point", "coordinates": [77.56995, 12.89109]}}, {"type": "Feature", "properties": {}, "geometry": {"type": "Point", "coordinates": [77.57605, 12.89037]}}, {"type": "Feature", "properties": {}, "geometry": {"type": "Point", "coordinates": [77.56942, 12.89011]}}, {"type": "Feature", "properties": {}, "geometry": {"type": "Point", "coordinates": [77.56866, 12.88658]}}, {"type": "Feature", "properties": {}, "geometry": {"type": "Point", "coordinates": [77.56872, 12.88678]}}, {"type": "Feature", "properties": {}, "geometry": {"type": "Point", "coordinates": [77.58257, 12.87533]}}, {"type": "Feature", "properties": {}, "geometry": {"type": "Point", "coordinates": [77.58298, 12.89577]}}, {"type": "Feature", "properties": {}, "geometry": {"type": "Point", "coordinates": [77.58052, 12.89628]}}, {"type": "Feature", "properties": {}, "geometry": {"type": "Point", "coordinates": [77.58131, 12.89576]}}, {"type": "Feature", "properties": {}, "geometry": {"type": "Point", "coordinates": [77.5883, 12.8959]}}, {"type": "Feature", "properties": {}, "geometry": {"type": "Point", "coordinates": [77.56885, 12.88157]}}, {"type": "Feature", "properties": {}, "geometry": {"type": "Point", "coordinates": [77.57105, 12.87769]}}, {"type": "Feature", "properties": {}, "geometry": {"type": "Point", "coordinates": [77.5711, 12.87993]}}, {"type": "Feature", "properties": {}, "geometry": {"type": "Point", "coordinates": [77.57186, 12.8828]}}, {"type": "Feature", "properties": {}, "geometry": {"type": "Point", "coordinates": [77.57289, 12.88244]}}, {"type": "Feature", "properties": {}, "geometry": {"type": "Point", "coordinates": [77.56875, 12.88171]}}, {"type": "Feature", "properties": {}, "geometry": {"type": "Point", "coordinates": [77.57758, 12.87068]}}, {"type": "Feature", "properties": {}, "geometry": {"type": "Point", "coordinates": [77.58303, 12.87186]}}, {"type": "Feature", "properties": {}, "geometry": {"type": "Point", "coordinates": [77.58352, 12.87287]}}, {"type": "Feature", "properties": {}, "geometry": {"type": "Point", "coordinates": [77.55213, 12.90976]}}, {"type": "Feature", "properties": {}, "geometry": {"type": "Point", "coordinates": [77.55376, 12.90946]}}, {"type": "Feature", "properties": {}, "geometry": {"type": "Point", "coordinates": [77.55491, 12.91027]}}, {"type": "Feature", "properties": {}, "geometry": {"type": "Point", "coordinates": [77.54802, 12.91538]}}, {"type": "Feature", "properties": {}, "geometry": {"type": "Point", "coordinates": [77.54893, 12.91493]}}, {"type": "Feature", "properties": {}, "geometry": {"type": "Point", "coordinates": [77.55048, 12.9133]}}, {"type": "Feature", "properties": {}, "geometry": {"type": "Point", "coordinates": [77.55037, 12.91517]}}, {"type": "Feature", "properties": {}, "geometry": {"type": "Point", "coordinates": [77.55048, 12.91496]}}, {"type": "Feature", "properties": {}, "geometry": {"type": "Point", "coordinates": [77.57014, 12.91463]}}, {"type": "Feature", "properties": {}, "geometry": {"type": "Point", "coordinates": [77.55418, 12.91032]}}, {"type": "Feature", "properties": {}, "geometry": {"type": "Point", "coordinates": [77.5516, 12.90998]}}, {"type": "Feature", "properties": {}, "geometry": {"type": "Point", "coordinates": [77.57587, 12.90246]}}, {"type": "Feature", "properties": {}, "geometry": {"type": "Point", "coordinates": [77.57553, 12.90155]}}, {"type": "Feature", "properties": {}, "geometry": {"type": "Point", "coordinates": [77.57126, 12.89491]}}, {"type": "Feature", "properties": {}, "geometry": {"type": "Point", "coordinates": [77.5578, 12.89674]}}, {"type": "Feature", "properties": {}, "geometry": {"type": "Point", "coordinates": [77.56171, 12.9019]}}, {"type": "Feature", "properties": {}, "geometry": {"type": "Point", "coordinates": [77.56446, 12.91478]}}, {"type": "Feature", "properties": {}, "geometry": {"type": "Point", "coordinates": [77.54869, 12.92461]}}, {"type": "Feature", "properties": {}, "geometry": {"type": "Point", "coordinates": [77.54882, 12.92233]}}, {"type": "Feature", "properties": {}, "geometry": {"type": "Point", "coordinates": [77.54793, 12.91831]}}, {"type": "Feature", "properties": {}, "geometry": {"type": "Point", "coordinates": [77.54887, 12.91855]}}, {"type": "Feature", "properties": {}, "geometry": {"type": "Point", "coordinates": [77.54513, 12.91748]}}, {"type": "Feature", "properties": {}, "geometry": {"type": "Point", "coordinates": [77.54352, 12.91788]}}, {"type": "Feature", "properties": {}, "geometry": {"type": "Point", "coordinates": [77.54817, 12.91712]}}, {"type": "Feature", "properties": {}, "geometry": {"type": "Point", "coordinates": [77.55063, 12.91537]}}, {"type": "Feature", "properties": {}, "geometry": {"type": "Point", "coordinates": [77.55135, 12.91511]}}, {"type": "Feature", "properties": {}, "geometry": {"type": "Point", "coordinates": [77.55214, 12.91185]}}, {"type": "Feature", "properties": {}, "geometry": {"type": "Point", "coordinates": [77.5427, 12.91746]}}, {"type": "Feature", "properties": {}, "geometry": {"type": "Point", "coordinates": [77.54189, 12.91625]}}, {"type": "Feature", "properties": {}, "geometry": {"type": "Point", "coordinates": [77.54402, 12.90932]}}, {"type": "Feature", "properties": {}, "geometry": {"type": "Point", "coordinates": [77.54342, 12.90927]}}, {"type": "Feature", "properties": {}, "geometry": {"type": "Point", "coordinates": [77.54293, 12.90894]}}, {"type": "Feature", "properties": {}, "geometry": {"type": "Point", "coordinates": [77.54292, 12.9083]}}, {"type": "Feature", "properties": {}, "geometry": {"type": "Point", "coordinates": [77.54327, 12.90785]}}, {"type": "Feature", "properties": {}, "geometry": {"type": "Point", "coordinates": [77.54527, 12.90142]}}, {"type": "Feature", "properties": {}, "geometry": {"type": "Point", "coordinates": [77.54711, 12.89901]}}, {"type": "Feature", "properties": {}, "geometry": {"type": "Point", "coordinates": [77.54801, 12.89567]}}, {"type": "Feature", "properties": {}, "geometry": {"type": "Point", "coordinates": [77.54689, 12.89703]}}, {"type": "Feature", "properties": {}, "geometry": {"type": "Point", "coordinates": [77.54372, 12.89987]}}, {"type": "Feature", "properties": {}, "geometry": {"type": "Point", "coordinates": [77.54137, 12.90679]}}, {"type": "Feature", "properties": {}, "geometry": {"type": "Point", "coordinates": [77.54245, 12.91121]}}, {"type": "Feature", "properties": {}, "geometry": {"type": "Point", "coordinates": [77.54138, 12.91151]}}, {"type": "Feature", "properties": {}, "geometry": {"type": "Point", "coordinates": [77.54067, 12.91138]}}, {"type": "Feature", "properties": {}, "geometry": {"type": "Point", "coordinates": [77.54193, 12.91094]}}, {"type": "Feature", "properties": {}, "geometry": {"type": "Point", "coordinates": [77.53226, 12.91305]}}, {"type": "Feature", "properties": {}, "geometry": {"type": "Point", "coordinates": [77.53211, 12.91315]}}, {"type": "Feature", "properties": {}, "geometry": {"type": "Point", "coordinates": [77.53257, 12.91288]}}, {"type": "Feature", "properties": {}, "geometry": {"type": "Point", "coordinates": [77.53299, 12.91384]}}, {"type": "Feature", "properties": {}, "geometry": {"type": "Point", "coordinates": [77.54142, 12.91294]}}, {"type": "Feature", "properties": {}, "geometry": {"type": "Point", "coordinates": [77.54229, 12.91384]}}, {"type": "Feature", "properties": {}, "geometry": {"type": "Point", "coordinates": [77.54461, 12.91273]}}, {"type": "Feature", "properties": {}, "geometry": {"type": "Point", "coordinates": [77.54548, 12.91492]}}, {"type": "Feature", "properties": {}, "geometry": {"type": "Point", "coordinates": [77.54332, 12.91531]}}, {"type": "Feature", "properties": {}, "geometry": {"type": "Point", "coordinates": [77.544, 12.91505]}}, {"type": "Feature", "properties": {}, "geometry": {"type": "Point", "coordinates": [77.54512, 12.91643]}}, {"type": "Feature", "properties": {}, "geometry": {"type": "Point", "coordinates": [77.54135, 12.90439]}}, {"type": "Feature", "properties": {}, "geometry": {"type": "Point", "coordinates": [77.54031, 12.90263]}}, {"type": "Feature", "properties": {}, "geometry": {"type": "Point", "coordinates": [77.54035, 12.90443]}}, {"type": "Feature", "properties": {}, "geometry": {"type": "Point", "coordinates": [77.53896, 12.90188]}}, {"type": "Feature", "properties": {}, "geometry": {"type": "Point", "coordinates": [77.53906, 12.89883]}}, {"type": "Feature", "properties": {}, "geometry": {"type": "Point", "coordinates": [77.53838, 12.89783]}}, {"type": "Feature", "properties": {}, "geometry": {"type": "Point", "coordinates": [77.53841, 12.89814]}}, {"type": "Feature", "properties": {}, "geometry": {"type": "Point", "coordinates": [77.53715, 12.89938]}}, {"type": "Feature", "properties": {}, "geometry": {"type": "Point", "coordinates": [77.53899, 12.89741]}}, {"type": "Feature", "properties": {}, "geometry": {"type": "Point", "coordinates": [77.53957, 12.89763]}}, {"type": "Feature", "properties": {}, "geometry": {"type": "Point", "coordinates": [77.54038, 12.8974]}}, {"type": "Feature", "properties": {}, "geometry": {"type": "Point", "coordinates": [77.54154, 12.89586]}}, {"type": "Feature", "properties": {}, "geometry": {"type": "Point", "coordinates": [77.54212, 12.89438]}}, {"type": "Feature", "properties": {}, "geometry": {"type": "Point", "coordinates": [77.54294, 12.89286]}}, {"type": "Feature", "properties": {}, "geometry": {"type": "Point", "coordinates": [77.54181, 12.89268]}}, {"type": "Feature", "properties": {}, "geometry": {"type": "Point", "coordinates": [77.53263, 12.89316]}}, {"type": "Feature", "properties": {}, "geometry": {"type": "Point", "coordinates": [77.53317, 12.89302]}}, {"type": "Feature", "properties": {}, "geometry": {"type": "Point", "coordinates": [77.53462, 12.89064]}}, {"type": "Feature", "properties": {}, "geometry": {"type": "Point", "coordinates": [77.54191, 12.88574]}}, {"type": "Feature", "properties": {}, "geometry": {"type": "Point", "coordinates": [77.54165, 12.88512]}}, {"type": "Feature", "properties": {}, "geometry": {"type": "Point", "coordinates": [77.54687, 12.88601]}}, {"type": "Feature", "properties": {}, "geometry": {"type": "Point", "coordinates": [77.54708, 12.88844]}}, {"type": "Feature", "properties": {}, "geometry": {"type": "Point", "coordinates": [77.54625, 12.88886]}}, {"type": "Feature", "properties": {}, "geometry": {"type": "Point", "coordinates": [77.54774, 12.88852]}}, {"type": "Feature", "properties": {}, "geometry": {"type": "Point", "coordinates": [77.54765, 12.89399]}}, {"type": "Feature", "properties": {}, "geometry": {"type": "Point", "coordinates": [77.54735, 12.89391]}}, {"type": "Feature", "properties": {}, "geometry": {"type": "Point", "coordinates": [77.5469, 12.89343]}}, {"type": "Feature", "properties": {}, "geometry": {"type": "Point", "coordinates": [77.54648, 12.89729]}}, {"type": "Feature", "properties": {}, "geometry": {"type": "Point", "coordinates": [77.54494, 12.90278]}}, {"type": "Feature", "properties": {}, "geometry": {"type": "Point", "coordinates": [77.54566, 12.90242]}}, {"type": "Feature", "properties": {}, "geometry": {"type": "Point", "coordinates": [77.5452, 12.90326]}}, {"type": "Feature", "properties": {}, "geometry": {"type": "Point", "coordinates": [77.54738, 12.9041]}}, {"type": "Feature", "properties": {}, "geometry": {"type": "Point", "coordinates": [77.54689, 12.90568]}}, {"type": "Feature", "properties": {}, "geometry": {"type": "Point", "coordinates": [77.54642, 12.90832]}}, {"type": "Feature", "properties": {}, "geometry": {"type": "Point", "coordinates": [77.54709, 12.90875]}}, {"type": "Feature", "properties": {}, "geometry": {"type": "Point", "coordinates": [77.54558, 12.9086]}}, {"type": "Feature", "properties": {}, "geometry": {"type": "Point", "coordinates": [77.54658, 12.90988]}}, {"type": "Feature", "properties": {}, "geometry": {"type": "Point", "coordinates": [77.54236, 12.91017]}}, {"type": "Feature", "properties": {}, "geometry": {"type": "Point", "coordinates": [77.54319, 12.91033]}}, {"type": "Feature", "properties": {}, "geometry": {"type": "Point", "coordinates": [77.54274, 12.91066]}}, {"type": "Feature", "properties": {}, "geometry": {"type": "Point", "coordinates": [77.64991, 12.87738]}}, {"type": "Feature", "properties": {}, "geometry": {"type": "Point", "coordinates": [77.64886, 12.87638]}}, {"type": "Feature", "properties": {}, "geometry": {"type": "Point", "coordinates": [77.64996, 12.87503]}}, {"type": "Feature", "properties": {}, "geometry": {"type": "Point", "coordinates": [77.64429, 12.87463]}}, {"type": "Feature", "properties": {}, "geometry": {"type": "Point", "coordinates": [77.64494, 12.87517]}}, {"type": "Feature", "properties": {}, "geometry": {"type": "Point", "coordinates": [77.64428, 12.87661]}}, {"type": "Feature", "properties": {}, "geometry": {"type": "Point", "coordinates": [77.6512, 12.87531]}}, {"type": "Feature", "properties": {}, "geometry": {"type": "Point", "coordinates": [77.64985, 12.87594]}}, {"type": "Feature", "properties": {}, "geometry": {"type": "Point", "coordinates": [77.65376, 12.87203]}}, {"type": "Feature", "properties": {}, "geometry": {"type": "Point", "coordinates": [77.65252, 12.87339]}}, {"type": "Feature", "properties": {}, "geometry": {"type": "Point", "coordinates": [77.6395, 12.88386]}}, {"type": "Feature", "properties": {}, "geometry": {"type": "Point", "coordinates": [77.65438, 12.87879]}}, {"type": "Feature", "properties": {}, "geometry": {"type": "Point", "coordinates": [77.64052, 12.88125]}}, {"type": "Feature", "properties": {}, "geometry": {"type": "Point", "coordinates": [77.65268, 12.87438]}}, {"type": "Feature", "properties": {}, "geometry": {"type": "Point", "coordinates": [77.65445, 12.87178]}}, {"type": "Feature", "properties": {}, "geometry": {"type": "Point", "coordinates": [77.65479, 12.87321]}}, {"type": "Feature", "properties": {}, "geometry": {"type": "Point", "coordinates": [77.64987, 12.87658]}}, {"type": "Feature", "properties": {}, "geometry": {"type": "Point", "coordinates": [77.64328, 12.87392]}}, {"type": "Feature", "properties": {}, "geometry": {"type": "Point", "coordinates": [77.64923, 12.87778]}}, {"type": "Feature", "properties": {}, "geometry": {"type": "Point", "coordinates": [77.64697, 12.92133]}}, {"type": "Feature", "properties": {}, "geometry": {"type": "Point", "coordinates": [77.64583, 12.92128]}}, {"type": "Feature", "properties": {}, "geometry": {"type": "Point", "coordinates": [77.64885, 12.90752]}}, {"type": "Feature", "properties": {}, "geometry": {"type": "Point", "coordinates": [77.64937, 12.9093]}}, {"type": "Feature", "properties": {}, "geometry": {"type": "Point", "coordinates": [77.63899, 12.90935]}}, {"type": "Feature", "properties": {}, "geometry": {"type": "Point", "coordinates": [77.63689, 12.9071]}}, {"type": "Feature", "properties": {}, "geometry": {"type": "Point", "coordinates": [77.6448, 12.90187]}}, {"type": "Feature", "properties": {}, "geometry": {"type": "Point", "coordinates": [77.6269, 12.91328]}}, {"type": "Feature", "properties": {}, "geometry": {"type": "Point", "coordinates": [77.62959, 12.91323]}}, {"type": "Feature", "properties": {}, "geometry": {"type": "Point", "coordinates": [77.63847, 12.90649]}}, {"type": "Feature", "properties": {}, "geometry": {"type": "Point", "coordinates": [77.6303, 12.90724]}}, {"type": "Feature", "properties": {}, "geometry": {"type": "Point", "coordinates": [77.63057, 12.90598]}}, {"type": "Feature", "properties": {}, "geometry": {"type": "Point", "coordinates": [77.63624, 12.90522]}}, {"type": "Feature", "properties": {}, "geometry": {"type": "Point", "coordinates": [77.63648, 12.90607]}}, {"type": "Feature", "properties": {}, "geometry": {"type": "Point", "coordinates": [77.63663, 12.90603]}}, {"type": "Feature", "properties": {}, "geometry": {"type": "Point", "coordinates": [77.63587, 12.90353]}}, {"type": "Feature", "properties": {}, "geometry": {"type": "Point", "coordinates": [77.64558, 12.92159]}}, {"type": "Feature", "properties": {}, "geometry": {"type": "Point", "coordinates": [77.6378, 12.90327]}}, {"type": "Feature", "properties": {}, "geometry": {"type": "Point", "coordinates": [77.63874, 12.90405]}}, {"type": "Feature", "properties": {}, "geometry": {"type": "Point", "coordinates": [77.64833, 12.89223]}}, {"type": "Feature", "properties": {}, "geometry": {"type": "Point", "coordinates": [77.65163, 12.89685]}}, {"type": "Feature", "properties": {}, "geometry": {"type": "Point", "coordinates": [77.65191, 12.8963]}}, {"type": "Feature", "properties": {}, "geometry": {"type": "Point", "coordinates": [77.63585, 12.90683]}}, {"type": "Feature", "properties": {}, "geometry": {"type": "Point", "coordinates": [77.6491, 12.8979]}}, {"type": "Feature", "properties": {}, "geometry": {"type": "Point", "coordinates": [77.63528, 12.904]}}, {"type": "Feature", "properties": {}, "geometry": {"type": "Point", "coordinates": [77.6375, 12.90014]}}, {"type": "Feature", "properties": {}, "geometry": {"type": "Point", "coordinates": [77.63647, 12.90114]}}, {"type": "Feature", "properties": {}, "geometry": {"type": "Point", "coordinates": [77.63545, 12.90615]}}, {"type": "Feature", "properties": {}, "geometry": {"type": "Point", "coordinates": [77.65243, 12.89501]}}, {"type": "Feature", "properties": {}, "geometry": {"type": "Point", "coordinates": [77.65225, 12.89582]}}, {"type": "Feature", "properties": {}, "geometry": {"type": "Point", "coordinates": [77.63685, 12.9055]}}, {"type": "Feature", "properties": {}, "geometry": {"type": "Point", "coordinates": [77.62955, 12.89468]}}, {"type": "Feature", "properties": {}, "geometry": {"type": "Point", "coordinates": [77.6261, 12.8958]}}, {"type": "Feature", "properties": {}, "geometry": {"type": "Point", "coordinates": [77.62945, 12.89716]}}, {"type": "Feature", "properties": {}, "geometry": {"type": "Point", "coordinates": [77.63573, 12.89465]}}, {"type": "Feature", "properties": {}, "geometry": {"type": "Point", "coordinates": [77.62635, 12.89069]}}, {"type": "Feature", "properties": {}, "geometry": {"type": "Point", "coordinates": [77.63155, 12.89555]}}, {"type": "Feature", "properties": {}, "geometry": {"type": "Point", "coordinates": [77.62911, 12.8924]}}, {"type": "Feature", "properties": {}, "geometry": {"type": "Point", "coordinates": [77.63279, 12.89555]}}, {"type": "Feature", "properties": {}, "geometry": {"type": "Point", "coordinates": [77.62923, 12.89469]}}, {"type": "Feature", "properties": {}, "geometry": {"type": "Point", "coordinates": [77.62942, 12.89526]}}, {"type": "Feature", "properties": {}, "geometry": {"type": "Point", "coordinates": [77.62832, 12.8938]}}, {"type": "Feature", "properties": {}, "geometry": {"type": "Point", "coordinates": [77.62719, 12.89987]}}, {"type": "Feature", "properties": {}, "geometry": {"type": "Point", "coordinates": [77.62949, 12.89616]}}, {"type": "Feature", "properties": {}, "geometry": {"type": "Point", "coordinates": [77.62851, 12.89392]}}, {"type": "Feature", "properties": {}, "geometry": {"type": "Point", "coordinates": [77.63198, 12.89701]}}, {"type": "Feature", "properties": {}, "geometry": {"type": "Point", "coordinates": [77.64895, 12.87951]}}, {"type": "Feature", "properties": {}, "geometry": {"type": "Point", "coordinates": [77.6547, 12.87086]}}, {"type": "Feature", "properties": {}, "geometry": {"type": "Point", "coordinates": [77.65188, 12.87263]}}, {"type": "Feature", "properties": {}, "geometry": {"type": "Point", "coordinates": [77.6525, 12.87412]}}, {"type": "Feature", "properties": {}, "geometry": {"type": "Point", "coordinates": [77.66249, 12.9231]}}, {"type": "Feature", "properties": {}, "geometry": {"type": "Point", "coordinates": [77.64803, 12.92359]}}, {"type": "Feature", "properties": {}, "geometry": {"type": "Point", "coordinates": [77.63605, 12.90731]}}, {"type": "Feature", "properties": {}, "geometry": {"type": "Point", "coordinates": [77.6357, 12.90773]}}, {"type": "Feature", "properties": {}, "geometry": {"type": "Point", "coordinates": [77.63841, 12.90819]}}, {"type": "Feature", "properties": {}, "geometry": {"type": "Point", "coordinates": [77.63891, 12.90833]}}, {"type": "Feature", "properties": {}, "geometry": {"type": "Point", "coordinates": [77.66538, 12.92305]}}, {"type": "Feature", "properties": {}, "geometry": {"type": "Point", "coordinates": [77.63718, 12.90455]}}, {"type": "Feature", "properties": {}, "geometry": {"type": "Point", "coordinates": [77.63954, 12.90424]}}, {"type": "Feature", "properties": {}, "geometry": {"type": "Point", "coordinates": [77.64728, 12.89237]}}, {"type": "Feature", "properties": {}, "geometry": {"type": "Point", "coordinates": [77.64687, 12.89774]}}, {"type": "Feature", "properties": {}, "geometry": {"type": "Point", "coordinates": [77.6381, 12.89569]}}, {"type": "Feature", "properties": {}, "geometry": {"type": "Point", "coordinates": [77.64047, 12.89305]}}, {"type": "Feature", "properties": {}, "geometry": {"type": "Point", "coordinates": [77.64472, 12.8991]}}, {"type": "Feature", "properties": {}, "geometry": {"type": "Point", "coordinates": [77.63803, 12.89494]}}, {"type": "Feature", "properties": {}, "geometry": {"type": "Point", "coordinates": [77.64732, 12.89198]}}, {"type": "Feature", "properties": {}, "geometry": {"type": "Point", "coordinates": [77.64828, 12.89139]}}, {"type": "Feature", "properties": {}, "geometry": {"type": "Point", "coordinates": [77.64437, 12.89971]}}, {"type": "Feature", "properties": {}, "geometry": {"type": "Point", "coordinates": [77.6422, 12.89395]}}, {"type": "Feature", "properties": {}, "geometry": {"type": "Point", "coordinates": [77.64334, 12.8974]}}, {"type": "Feature", "properties": {}, "geometry": {"type": "Point", "coordinates": [77.64896, 12.89214]}}, {"type": "Feature", "properties": {}, "geometry": {"type": "Point", "coordinates": [77.6361, 12.8901]}}, {"type": "Feature", "properties": {}, "geometry": {"type": "Point", "coordinates": [77.63703, 12.89448]}}, {"type": "Feature", "properties": {}, "geometry": {"type": "Point", "coordinates": [77.63586, 12.90155]}}, {"type": "Feature", "properties": {}, "geometry": {"type": "Point", "coordinates": [77.63496, 12.88876]}}, {"type": "Feature", "properties": {}, "geometry": {"type": "Point", "coordinates": [77.62703, 12.89987]}}, {"type": "Feature", "properties": {}, "geometry": {"type": "Point", "coordinates": [77.63644, 12.88828]}}, {"type": "Feature", "properties": {}, "geometry": {"type": "Point", "coordinates": [77.6328, 12.89478]}}, {"type": "Feature", "properties": {}, "geometry": {"type": "Point", "coordinates": [77.63203, 12.89701]}}, {"type": "Feature", "properties": {}, "geometry": {"type": "Point", "coordinates": [77.63127, 12.897]}}, {"type": "Feature", "properties": {}, "geometry": {"type": "Point", "coordinates": [77.63309, 12.89678]}}, {"type": "Feature", "properties": {}, "geometry": {"type": "Point", "coordinates": [77.63042, 12.90915]}}, {"type": "Feature", "properties": {}, "geometry": {"type": "Point", "coordinates": [77.60628, 12.89569]}}, {"type": "Feature", "properties": {}, "geometry": {"type": "Point", "coordinates": [77.61935, 12.91963]}}, {"type": "Feature", "properties": {}, "geometry": {"type": "Point", "coordinates": [77.58781, 12.91644]}}, {"type": "Feature", "properties": {}, "geometry": {"type": "Point", "coordinates": [77.58957, 12.91787]}}, {"type": "Feature", "properties": {}, "geometry": {"type": "Point", "coordinates": [77.5956, 12.91882]}}, {"type": "Feature", "properties": {}, "geometry": {"type": "Point", "coordinates": [77.58896, 12.92177]}}, {"type": "Feature", "properties": {}, "geometry": {"type": "Point", "coordinates": [77.55191, 12.92652]}}, {"type": "Feature", "properties": {}, "geometry": {"type": "Point", "coordinates": [77.553, 12.92799]}}, {"type": "Feature", "properties": {}, "geometry": {"type": "Point", "coordinates": [77.5545, 12.92997]}}, {"type": "Feature", "properties": {}, "geometry": {"type": "Point", "coordinates": [77.55309, 12.93011]}}, {"type": "Feature", "properties": {}, "geometry": {"type": "Point", "coordinates": [77.55103, 12.93095]}}, {"type": "Feature", "properties": {}, "geometry": {"type": "Point", "coordinates": [77.55709, 12.93214]}}, {"type": "Feature", "properties": {}, "geometry": {"type": "Point", "coordinates": [77.55325, 12.93325]}}, {"type": "Feature", "properties": {}, "geometry": {"type": "Point", "coordinates": [77.55145, 12.93387]}}, {"type": "Feature", "properties": {}, "geometry": {"type": "Point", "coordinates": [77.55906, 12.93448]}}, {"type": "Feature", "properties": {}, "geometry": {"type": "Point", "coordinates": [77.55915, 12.93501]}}, {"type": "Feature", "properties": {}, "geometry": {"type": "Point", "coordinates": [77.55014, 12.9352]}}, {"type": "Feature", "properties": {}, "geometry": {"type": "Point", "coordinates": [77.55222, 12.93522]}}, {"type": "Feature", "properties": {}, "geometry": {"type": "Point", "coordinates": [77.55641, 12.93572]}}, {"type": "Feature", "properties": {}, "geometry": {"type": "Point", "coordinates": [77.57874, 12.93927]}}, {"type": "Feature", "properties": {}, "geometry": {"type": "Point", "coordinates": [77.58194, 12.93966]}}, {"type": "Feature", "properties": {}, "geometry": {"type": "Point", "coordinates": [77.54606, 12.94369]}}, {"type": "Feature", "properties": {}, "geometry": {"type": "Point", "coordinates": [77.57928, 12.94403]}}, {"type": "Feature", "properties": {}, "geometry": {"type": "Point", "coordinates": [77.54617, 12.94506]}}, {"type": "Feature", "properties": {}, "geometry": {"type": "Point", "coordinates": [77.54603, 12.94604]}}, {"type": "Feature", "properties": {}, "geometry": {"type": "Point", "coordinates": [77.5943, 12.94845]}}, {"type": "Feature", "properties": {}, "geometry": {"type": "Point", "coordinates": [77.59921, 12.94908]}}, {"type": "Feature", "properties": {}, "geometry": {"type": "Point", "coordinates": [77.55272, 12.95183]}}, {"type": "Feature", "properties": {}, "geometry": {"type": "Point", "coordinates": [77.55271, 12.95563]}}, {"type": "Feature", "properties": {}, "geometry": {"type": "Point", "coordinates": [77.5523, 12.95261]}}, {"type": "Feature", "properties": {}, "geometry": {"type": "Point", "coordinates": [77.55123, 12.95312]}}, {"type": "Feature", "properties": {}, "geometry": {"type": "Point", "coordinates": [77.55325, 12.95374]}}, {"type": "Feature", "properties": {}, "geometry": {"type": "Point", "coordinates": [77.57597, 12.95351]}}, {"type": "Feature", "properties": {}, "geometry": {"type": "Point", "coordinates": [77.55851, 12.9541]}}, {"type": "Feature", "properties": {}, "geometry": {"type": "Point", "coordinates": [77.57612, 12.95453]}}, {"type": "Feature", "properties": {}, "geometry": {"type": "Point", "coordinates": [77.55828, 12.95474]}}, {"type": "Feature", "properties": {}, "geometry": {"type": "Point", "coordinates": [77.55456, 12.95494]}}, {"type": "Feature", "properties": {}, "geometry": {"type": "Point", "coordinates": [77.55644, 12.95492]}}, {"type": "Feature", "properties": {}, "geometry": {"type": "Point", "coordinates": [77.55419, 12.9551]}}, {"type": "Feature", "properties": {}, "geometry": {"type": "Point", "coordinates": [77.55072, 12.95525]}}, {"type": "Feature", "properties": {}, "geometry": {"type": "Point", "coordinates": [77.56064, 12.95537]}}, {"type": "Feature", "properties": {}, "geometry": {"type": "Point", "coordinates": [77.55594, 12.95552]}}, {"type": "Feature", "properties": {}, "geometry": {"type": "Point", "coordinates": [77.55094, 12.95561]}}, {"type": "Feature", "properties": {}, "geometry": {"type": "Point", "coordinates": [77.58281, 12.95534]}}, {"type": "Feature", "properties": {}, "geometry": {"type": "Point", "coordinates": [77.55797, 12.95628]}}, {"type": "Feature", "properties": {}, "geometry": {"type": "Point", "coordinates": [77.55696, 12.95645]}}, {"type": "Feature", "properties": {}, "geometry": {"type": "Point", "coordinates": [77.56637, 12.95719]}}, {"type": "Feature", "properties": {}, "geometry": {"type": "Point", "coordinates": [77.56362, 12.95787]}}, {"type": "Feature", "properties": {}, "geometry": {"type": "Point", "coordinates": [77.55547, 12.95827]}}, {"type": "Feature", "properties": {}, "geometry": {"type": "Point", "coordinates": [77.56165, 12.95828]}}, {"type": "Feature", "properties": {}, "geometry": {"type": "Point", "coordinates": [77.57637, 12.95832]}}, {"type": "Feature", "properties": {}, "geometry": {"type": "Point", "coordinates": [77.56428, 12.95876]}}, {"type": "Feature", "properties": {}, "geometry": {"type": "Point", "coordinates": [77.54786, 12.95917]}}, {"type": "Feature", "properties": {}, "geometry": {"type": "Point", "coordinates": [77.56136, 12.95948]}}, {"type": "Feature", "properties": {}, "geometry": {"type": "Point", "coordinates": [77.55863, 12.96029]}}, {"type": "Feature", "properties": {}, "geometry": {"type": "Point", "coordinates": [77.57837, 12.96035]}}, {"type": "Feature", "properties": {}, "geometry": {"type": "Point", "coordinates": [77.56392, 12.96108]}}, {"type": "Feature", "properties": {}, "geometry": {"type": "Point", "coordinates": [77.54701, 12.96173]}}, {"type": "Feature", "properties": {}, "geometry": {"type": "Point", "coordinates": [77.55644, 12.96302]}}, {"type": "Feature", "properties": {}, "geometry": {"type": "Point", "coordinates": [77.55452, 12.96316]}}, {"type": "Feature", "properties": {}, "geometry": {"type": "Point", "coordinates": [77.56032, 12.96467]}}, {"type": "Feature", "properties": {}, "geometry": {"type": "Point", "coordinates": [77.55653, 12.96478]}}, {"type": "Feature", "properties": {}, "geometry": {"type": "Point", "coordinates": [77.55928, 12.96479]}}, {"type": "Feature", "properties": {}, "geometry": {"type": "Point", "coordinates": [77.55518, 12.9649]}}, {"type": "Feature", "properties": {}, "geometry": {"type": "Point", "coordinates": [77.55708, 12.9687]}}, {"type": "Feature", "properties": {}, "geometry": {"type": "Point", "coordinates": [77.59313, 12.91999]}}, {"type": "Feature", "properties": {}, "geometry": {"type": "Point", "coordinates": [77.59279, 12.91907]}}, {"type": "Feature", "properties": {}, "geometry": {"type": "Point", "coordinates": [77.58554, 12.9287]}}, {"type": "Feature", "properties": {}, "geometry": {"type": "Point", "coordinates": [77.58727, 12.93217]}}, {"type": "Feature", "properties": {}, "geometry": {"type": "Point", "coordinates": [77.5861, 12.93301]}}, {"type": "Feature", "properties": {}, "geometry": {"type": "Point", "coordinates": [77.58428, 12.93236]}}, {"type": "Feature", "properties": {}, "geometry": {"type": "Point", "coordinates": [77.59516, 12.92613]}}, {"type": "Feature", "properties": {}, "geometry": {"type": "Point", "coordinates": [77.59123, 12.92887]}}, {"type": "Feature", "properties": {}, "geometry": {"type": "Point", "coordinates": [77.58256, 12.93251]}}, {"type": "Feature", "properties": {}, "geometry": {"type": "Point", "coordinates": [77.58525, 12.92854]}}, {"type": "Feature", "properties": {}, "geometry": {"type": "Point", "coordinates": [77.58641, 12.93063]}}, {"type": "Feature", "properties": {}, "geometry": {"type": "Point", "coordinates": [77.58687, 12.93223]}}, {"type": "Feature", "properties": {}, "geometry": {"type": "Point", "coordinates": [77.59516, 12.91887]}}, {"type": "Feature", "properties": {}, "geometry": {"type": "Point", "coordinates": [77.59104, 12.92923]}}, {"type": "Feature", "properties": {}, "geometry": {"type": "Point", "coordinates": [77.59358, 12.94299]}}, {"type": "Feature", "properties": {}, "geometry": {"type": "Point", "coordinates": [77.5953, 12.92806]}}, {"type": "Feature", "properties": {}, "geometry": {"type": "Point", "coordinates": [77.59558, 12.92781]}}, {"type": "Feature", "properties": {}, "geometry": {"type": "Point", "coordinates": [77.59545, 12.92834]}}, {"type": "Feature", "properties": {}, "geometry": {"type": "Point", "coordinates": [77.59486, 12.92836]}}, {"type": "Feature", "properties": {}, "geometry": {"type": "Point", "coordinates": [77.58938, 12.92969]}}, {"type": "Feature", "properties": {}, "geometry": {"type": "Point", "coordinates": [77.58773, 12.91743]}}, {"type": "Feature", "properties": {}, "geometry": {"type": "Point", "coordinates": [77.59044, 12.91888]}}, {"type": "Feature", "properties": {}, "geometry": {"type": "Point", "coordinates": [77.58636, 12.91947]}}, {"type": "Feature", "properties": {}, "geometry": {"type": "Point", "coordinates": [77.60247, 12.92726]}}, {"type": "Feature", "properties": {}, "geometry": {"type": "Point", "coordinates": [77.60527, 12.92094]}}, {"type": "Feature", "properties": {}, "geometry": {"type": "Point", "coordinates": [77.60494, 12.92432]}}, {"type": "Feature", "properties": {}, "geometry": {"type": "Point", "coordinates": [77.60312, 12.92442]}}, {"type": "Feature", "properties": {}, "geometry": {"type": "Point", "coordinates": [77.60184, 12.93053]}}, {"type": "Feature", "properties": {}, "geometry": {"type": "Point", "coordinates": [77.59979, 12.92282]}}, {"type": "Feature", "properties": {}, "geometry": {"type": "Point", "coordinates": [77.59608, 12.9187]}}, {"type": "Feature", "properties": {}, "geometry": {"type": "Point", "coordinates": [77.60282, 12.92198]}}, {"type": "Feature", "properties": {}, "geometry": {"type": "Point", "coordinates": [77.55416, 12.94929]}}, {"type": "Feature", "properties": {}, "geometry": {"type": "Point", "coordinates": [77.55191, 12.95107]}}, {"type": "Feature", "properties": {}, "geometry": {"type": "Point", "coordinates": [77.55017, 12.94855]}}, {"type": "Feature", "properties": {}, "geometry": {"type": "Point", "coordinates": [77.5498, 12.94586]}}, {"type": "Feature", "properties": {}, "geometry": {"type": "Point", "coordinates": [77.55008, 12.94799]}}, {"type": "Feature", "properties": {}, "geometry": {"type": "Point", "coordinates": [77.55215, 12.95001]}}, {"type": "Feature", "properties": {}, "geometry": {"type": "Point", "coordinates": [77.55637, 12.94394]}}, {"type": "Feature", "properties": {}, "geometry": {"type": "Point", "coordinates": [77.55241, 12.94693]}}, {"type": "Feature", "properties": {}, "geometry": {"type": "Point", "coordinates": [77.55233, 12.94822]}}, {"type": "Feature", "properties": {}, "geometry": {"type": "Point", "coordinates": [77.55683, 12.94515]}}, {"type": "Feature", "properties": {}, "geometry": {"type": "Point", "coordinates": [77.55491, 12.94228]}}, {"type": "Feature", "properties": {}, "geometry": {"type": "Point", "coordinates": [77.54975, 12.94504]}}, {"type": "Feature", "properties": {}, "geometry": {"type": "Point", "coordinates": [77.55015, 12.94495]}}, {"type": "Feature", "properties": {}, "geometry": {"type": "Point", "coordinates": [77.55372, 12.94218]}}, {"type": "Feature", "properties": {}, "geometry": {"type": "Point", "coordinates": [77.55072, 12.94848]}}, {"type": "Feature", "properties": {}, "geometry": {"type": "Point", "coordinates": [77.55068, 12.94803]}}, {"type": "Feature", "properties": {}, "geometry": {"type": "Point", "coordinates": [77.55533, 12.94636]}}, {"type": "Feature", "properties": {}, "geometry": {"type": "Point", "coordinates": [77.56091, 12.94466]}}, {"type": "Feature", "properties": {}, "geometry": {"type": "Point", "coordinates": [77.55548, 12.94663]}}, {"type": "Feature", "properties": {}, "geometry": {"type": "Point", "coordinates": [77.5527, 12.94409]}}, {"type": "Feature", "properties": {}, "geometry": {"type": "Point", "coordinates": [77.55254, 12.94614]}}, {"type": "Feature", "properties": {}, "geometry": {"type": "Point", "coordinates": [77.55311, 12.94686]}}, {"type": "Feature", "properties": {}, "geometry": {"type": "Point", "coordinates": [77.55371, 12.94744]}}, {"type": "Feature", "properties": {}, "geometry": {"type": "Point", "coordinates": [77.55482, 12.94581]}}, {"type": "Feature", "properties": {}, "geometry": {"type": "Point", "coordinates": [77.55594, 12.94544]}}, {"type": "Feature", "properties": {}, "geometry": {"type": "Point", "coordinates": [77.55592, 12.94607]}}, {"type": "Feature", "properties": {}, "geometry": {"type": "Point", "coordinates": [77.5514, 12.95074]}}, {"type": "Feature", "properties": {}, "geometry": {"type": "Point", "coordinates": [77.55022, 12.94536]}}, {"type": "Feature", "properties": {}, "geometry": {"type": "Point", "coordinates": [77.55591, 12.94397]}}, {"type": "Feature", "properties": {}, "geometry": {"type": "Point", "coordinates": [77.55658, 12.94812]}}, {"type": "Feature", "properties": {}, "geometry": {"type": "Point", "coordinates": [77.56108, 12.94187]}}, {"type": "Feature", "properties": {}, "geometry": {"type": "Point", "coordinates": [77.56022, 12.9483]}}, {"type": "Feature", "properties": {}, "geometry": {"type": "Point", "coordinates": [77.56098, 12.94817]}}, {"type": "Feature", "properties": {}, "geometry": {"type": "Point", "coordinates": [77.55582, 12.94686]}}, {"type": "Feature", "properties": {}, "geometry": {"type": "Point", "coordinates": [77.56305, 12.94809]}}, {"type": "Feature", "properties": {}, "geometry": {"type": "Point", "coordinates": [77.55939, 12.94898]}}, {"type": "Feature", "properties": {}, "geometry": {"type": "Point", "coordinates": [77.55692, 12.94823]}}, {"type": "Feature", "properties": {}, "geometry": {"type": "Point", "coordinates": [77.56112, 12.94872]}}, {"type": "Feature", "properties": {}, "geometry": {"type": "Point", "coordinates": [77.55853, 12.94635]}}, {"type": "Feature", "properties": {}, "geometry": {"type": "Point", "coordinates": [77.55551, 12.94795]}}, {"type": "Feature", "properties": {}, "geometry": {"type": "Point", "coordinates": [77.56316, 12.94499]}}, {"type": "Feature", "properties": {}, "geometry": {"type": "Point", "coordinates": [77.55578, 12.94934]}}, {"type": "Feature", "properties": {}, "geometry": {"type": "Point", "coordinates": [77.55878, 12.94758]}}, {"type": "Feature", "properties": {}, "geometry": {"type": "Point", "coordinates": [77.55595, 12.94662]}}, {"type": "Feature", "properties": {}, "geometry": {"type": "Point", "coordinates": [77.5613, 12.9442]}}, {"type": "Feature", "properties": {}, "geometry": {"type": "Point", "coordinates": [77.56394, 12.94505]}}, {"type": "Feature", "properties": {}, "geometry": {"type": "Point", "coordinates": [77.55709, 12.94853]}}, {"type": "Feature", "properties": {}, "geometry": {"type": "Point", "coordinates": [77.56776, 12.96573]}}, {"type": "Feature", "properties": {}, "geometry": {"type": "Point", "coordinates": [77.56666, 12.96651]}}, {"type": "Feature", "properties": {}, "geometry": {"type": "Point", "coordinates": [77.56467, 12.96509]}}, {"type": "Feature", "properties": {}, "geometry": {"type": "Point", "coordinates": [77.56385, 12.96478]}}, {"type": "Feature", "properties": {}, "geometry": {"type": "Point", "coordinates": [77.56412, 12.96547]}}, {"type": "Feature", "properties": {}, "geometry": {"type": "Point", "coordinates": [77.56728, 12.96553]}}, {"type": "Feature", "properties": {}, "geometry": {"type": "Point", "coordinates": [77.5643, 12.96517]}}, {"type": "Feature", "properties": {}, "geometry": {"type": "Point", "coordinates": [77.56656, 12.96573]}}, {"type": "Feature", "properties": {}, "geometry": {"type": "Point", "coordinates": [77.56774, 12.96505]}}, {"type": "Feature", "properties": {}, "geometry": {"type": "Point", "coordinates": [77.56698, 12.96573]}}, {"type": "Feature", "properties": {}, "geometry": {"type": "Point", "coordinates": [77.56686, 12.96434]}}, {"type": "Feature", "properties": {}, "geometry": {"type": "Point", "coordinates": [77.56587, 12.96333]}}, {"type": "Feature", "properties": {}, "geometry": {"type": "Point", "coordinates": [77.56563, 12.96359]}}, {"type": "Feature", "properties": {}, "geometry": {"type": "Point", "coordinates": [77.56781, 12.96462]}}, {"type": "Feature", "properties": {}, "geometry": {"type": "Point", "coordinates": [77.56654, 12.9662]}}, {"type": "Feature", "properties": {}, "geometry": {"type": "Point", "coordinates": [77.56443, 12.96452]}}, {"type": "Feature", "properties": {}, "geometry": {"type": "Point", "coordinates": [77.56807, 12.96526]}}, {"type": "Feature", "properties": {}, "geometry": {"type": "Point", "coordinates": [77.56495, 12.96585]}}, {"type": "Feature", "properties": {}, "geometry": {"type": "Point", "coordinates": [77.56579, 12.96184]}}, {"type": "Feature", "properties": {}, "geometry": {"type": "Point", "coordinates": [77.56991, 12.96473]}}, {"type": "Feature", "properties": {}, "geometry": {"type": "Point", "coordinates": [77.5664, 12.9617]}}, {"type": "Feature", "properties": {}, "geometry": {"type": "Point", "coordinates": [77.56679, 12.96136]}}, {"type": "Feature", "properties": {}, "geometry": {"type": "Point", "coordinates": [77.57143, 12.96228]}}, {"type": "Feature", "properties": {}, "geometry": {"type": "Point", "coordinates": [77.56534, 12.96119]}}, {"type": "Feature", "properties": {}, "geometry": {"type": "Point", "coordinates": [77.56664, 12.96194]}}, {"type": "Feature", "properties": {}, "geometry": {"type": "Point", "coordinates": [77.56659, 12.96115]}}, {"type": "Feature", "properties": {}, "geometry": {"type": "Point", "coordinates": [77.57066, 12.96403]}}, {"type": "Feature", "properties": {}, "geometry": {"type": "Point", "coordinates": [77.56181, 12.95581]}}, {"type": "Feature", "properties": {}, "geometry": {"type": "Point", "coordinates": [77.54163, 12.95231]}}, {"type": "Feature", "properties": {}, "geometry": {"type": "Point", "coordinates": [77.54025, 12.95156]}}, {"type": "Feature", "properties": {}, "geometry": {"type": "Point", "coordinates": [77.54282, 12.94991]}}, {"type": "Feature", "properties": {}, "geometry": {"type": "Point", "coordinates": [77.552, 12.95184]}}, {"type": "Feature", "properties": {}, "geometry": {"type": "Point", "coordinates": [77.55224, 12.95231]}}, {"type": "Feature", "properties": {}, "geometry": {"type": "Point", "coordinates": [77.55459, 12.95687]}}, {"type": "Feature", "properties": {}, "geometry": {"type": "Point", "coordinates": [77.55222, 12.95568]}}, {"type": "Feature", "properties": {}, "geometry": {"type": "Point", "coordinates": [77.55196, 12.95384]}}, {"type": "Feature", "properties": {}, "geometry": {"type": "Point", "coordinates": [77.55487, 12.95629]}}, {"type": "Feature", "properties": {}, "geometry": {"type": "Point", "coordinates": [77.55245, 12.95173]}}, {"type": "Feature", "properties": {}, "geometry": {"type": "Point", "coordinates": [77.55238, 12.95693]}}, {"type": "Feature", "properties": {}, "geometry": {"type": "Point", "coordinates": [77.55836, 12.95658]}}, {"type": "Feature", "properties": {}, "geometry": {"type": "Point", "coordinates": [77.55669, 12.95682]}}, {"type": "Feature", "properties": {}, "geometry": {"type": "Point", "coordinates": [77.55661, 12.95806]}}, {"type": "Feature", "properties": {}, "geometry": {"type": "Point", "coordinates": [77.55192, 12.95266]}}, {"type": "Feature", "properties": {}, "geometry": {"type": "Point", "coordinates": [77.55056, 12.95359]}}, {"type": "Feature", "properties": {}, "geometry": {"type": "Point", "coordinates": [77.55228, 12.95152]}}, {"type": "Feature", "properties": {}, "geometry": {"type": "Point", "coordinates": [77.55452, 12.95566]}}, {"type": "Feature", "properties": {}, "geometry": {"type": "Point", "coordinates": [77.55237, 12.95672]}}, {"type": "Feature", "properties": {}, "geometry": {"type": "Point", "coordinates": [77.55697, 12.95562]}}, {"type": "Feature", "properties": {}, "geometry": {"type": "Point", "coordinates": [77.55601, 12.95456]}}, {"type": "Feature", "properties": {}, "geometry": {"type": "Point", "coordinates": [77.56497, 12.93043]}}, {"type": "Feature", "properties": {}, "geometry": {"type": "Point", "coordinates": [77.56785, 12.93312]}}, {"type": "Feature", "properties": {}, "geometry": {"type": "Point", "coordinates": [77.56567, 12.93133]}}, {"type": "Feature", "properties": {}, "geometry": {"type": "Point", "coordinates": [77.56557, 12.93023]}}, {"type": "Feature", "properties": {}, "geometry": {"type": "Point", "coordinates": [77.56743, 12.93202]}}, {"type": "Feature", "properties": {}, "geometry": {"type": "Point", "coordinates": [77.565, 12.93453]}}, {"type": "Feature", "properties": {}, "geometry": {"type": "Point", "coordinates": [77.56611, 12.93571]}}, {"type": "Feature", "properties": {}, "geometry": {"type": "Point", "coordinates": [77.56723, 12.93164]}}, {"type": "Feature", "properties": {}, "geometry": {"type": "Point", "coordinates": [77.56604, 12.93283]}}, {"type": "Feature", "properties": {}, "geometry": {"type": "Point", "coordinates": [77.56818, 12.93426]}}, {"type": "Feature", "properties": {}, "geometry": {"type": "Point", "coordinates": [77.56721, 12.9405]}}, {"type": "Feature", "properties": {}, "geometry": {"type": "Point", "coordinates": [77.56519, 12.93172]}}, {"type": "Feature", "properties": {}, "geometry": {"type": "Point", "coordinates": [77.5705, 12.93421]}}, {"type": "Feature", "properties": {}, "geometry": {"type": "Point", "coordinates": [77.56993, 12.93382]}}, {"type": "Feature", "properties": {}, "geometry": {"type": "Point", "coordinates": [77.5713, 12.93352]}}, {"type": "Feature", "properties": {}, "geometry": {"type": "Point", "coordinates": [77.56399, 12.93052]}}, {"type": "Feature", "properties": {}, "geometry": {"type": "Point", "coordinates": [77.5694, 12.93393]}}, {"type": "Feature", "properties": {}, "geometry": {"type": "Point", "coordinates": [77.5653, 12.93753]}}, {"type": "Feature", "properties": {}, "geometry": {"type": "Point", "coordinates": [77.54697, 12.9468]}}, {"type": "Feature", "properties": {}, "geometry": {"type": "Point", "coordinates": [77.54239, 12.95058]}}, {"type": "Feature", "properties": {}, "geometry": {"type": "Point", "coordinates": [77.54731, 12.95237]}}, {"type": "Feature", "properties": {}, "geometry": {"type": "Point", "coordinates": [77.5413, 12.94766]}}, {"type": "Feature", "properties": {}, "geometry": {"type": "Point", "coordinates": [77.5414, 12.94932]}}, {"type": "Feature", "properties": {}, "geometry": {"type": "Point", "coordinates": [77.54392, 12.94583]}}, {"type": "Feature", "properties": {}, "geometry": {"type": "Point", "coordinates": [77.54523, 12.94642]}}, {"type": "Feature", "properties": {}, "geometry": {"type": "Point", "coordinates": [77.54824, 12.953]}}, {"type": "Feature", "properties": {}, "geometry": {"type": "Point", "coordinates": [77.54803, 12.95371]}}, {"type": "Feature", "properties": {}, "geometry": {"type": "Point", "coordinates": [77.54125, 12.94844]}}, {"type": "Feature", "properties": {}, "geometry": {"type": "Point", "coordinates": [77.54262, 12.94928]}}, {"type": "Feature", "properties": {}, "geometry": {"type": "Point", "coordinates": [77.54557, 12.94721]}}, {"type": "Feature", "properties": {}, "geometry": {"type": "Point", "coordinates": [77.54528, 12.94701]}}, {"type": "Feature", "properties": {}, "geometry": {"type": "Point", "coordinates": [77.54557, 12.95158]}}, {"type": "Feature", "properties": {}, "geometry": {"type": "Point", "coordinates": [77.55876, 12.94664]}}, {"type": "Feature", "properties": {}, "geometry": {"type": "Point", "coordinates": [77.55868, 12.94165]}}, {"type": "Feature", "properties": {}, "geometry": {"type": "Point", "coordinates": [77.56047, 12.94834]}}, {"type": "Feature", "properties": {}, "geometry": {"type": "Point", "coordinates": [77.55943, 12.94165]}}, {"type": "Feature", "properties": {}, "geometry": {"type": "Point", "coordinates": [77.55685, 12.94919]}}, {"type": "Feature", "properties": {}, "geometry": {"type": "Point", "coordinates": [77.55936, 12.94752]}}, {"type": "Feature", "properties": {}, "geometry": {"type": "Point", "coordinates": [77.56059, 12.94274]}}, {"type": "Feature", "properties": {}, "geometry": {"type": "Point", "coordinates": [77.56184, 12.94426]}}, {"type": "Feature", "properties": {}, "geometry": {"type": "Point", "coordinates": [77.56163, 12.94574]}}, {"type": "Feature", "properties": {}, "geometry": {"type": "Point", "coordinates": [77.56185, 12.9449]}}, {"type": "Feature", "properties": {}, "geometry": {"type": "Point", "coordinates": [77.56009, 12.94598]}}, {"type": "Feature", "properties": {}, "geometry": {"type": "Point", "coordinates": [77.55673, 12.94773]}}, {"type": "Feature", "properties": {}, "geometry": {"type": "Point", "coordinates": [77.5606, 12.94481]}}, {"type": "Feature", "properties": {}, "geometry": {"type": "Point", "coordinates": [77.55659, 12.94671]}}, {"type": "Feature", "properties": {}, "geometry": {"type": "Point", "coordinates": [77.56237, 12.94492]}}, {"type": "Feature", "properties": {}, "geometry": {"type": "Point", "coordinates": [77.55589, 12.94894]}}, {"type": "Feature", "properties": {}, "geometry": {"type": "Point", "coordinates": [77.561, 12.94846]}}, {"type": "Feature", "properties": {}, "geometry": {"type": "Point", "coordinates": [77.55694, 12.9486]}}, {"type": "Feature", "properties": {}, "geometry": {"type": "Point", "coordinates": [77.55885, 12.94616]}}, {"type": "Feature", "properties": {}, "geometry": {"type": "Point", "coordinates": [77.57582, 12.93114]}}, {"type": "Feature", "properties": {}, "geometry": {"type": "Point", "coordinates": [77.5783, 12.93631]}}, {"type": "Feature", "properties": {}, "geometry": {"type": "Point", "coordinates": [77.57604, 12.93097]}}, {"type": "Feature", "properties": {}, "geometry": {"type": "Point", "coordinates": [77.57642, 12.93175]}}, {"type": "Feature", "properties": {}, "geometry": {"type": "Point", "coordinates": [77.57559, 12.93771]}}, {"type": "Feature", "properties": {}, "geometry": {"type": "Point", "coordinates": [77.57874, 12.93333]}}, {"type": "Feature", "properties": {}, "geometry": {"type": "Point", "coordinates": [77.57469, 12.93136]}}, {"type": "Feature", "properties": {}, "geometry": {"type": "Point", "coordinates": [77.57214, 12.93213]}}, {"type": "Feature", "properties": {}, "geometry": {"type": "Point", "coordinates": [77.5739, 12.93524]}}, {"type": "Feature", "properties": {}, "geometry": {"type": "Point", "coordinates": [77.57614, 12.93626]}}, {"type": "Feature", "properties": {}, "geometry": {"type": "Point", "coordinates": [77.57906, 12.93133]}}, {"type": "Feature", "properties": {}, "geometry": {"type": "Point", "coordinates": [77.5788, 12.93222]}}, {"type": "Feature", "properties": {}, "geometry": {"type": "Point", "coordinates": [77.56843, 12.93195]}}, {"type": "Feature", "properties": {}, "geometry": {"type": "Point", "coordinates": [77.57903, 12.93585]}}, {"type": "Feature", "properties": {}, "geometry": {"type": "Point", "coordinates": [77.57749, 12.93266]}}, {"type": "Feature", "properties": {}, "geometry": {"type": "Point", "coordinates": [77.55075, 12.9423]}}, {"type": "Feature", "properties": {}, "geometry": {"type": "Point", "coordinates": [77.54761, 12.93893]}}, {"type": "Feature", "properties": {}, "geometry": {"type": "Point", "coordinates": [77.55538, 12.93461]}}, {"type": "Feature", "properties": {}, "geometry": {"type": "Point", "coordinates": [77.55452, 12.94225]}}, {"type": "Feature", "properties": {}, "geometry": {"type": "Point", "coordinates": [77.54881, 12.94104]}}, {"type": "Feature", "properties": {}, "geometry": {"type": "Point", "coordinates": [77.55104, 12.94223]}}, {"type": "Feature", "properties": {}, "geometry": {"type": "Point", "coordinates": [77.54153, 12.94327]}}, {"type": "Feature", "properties": {}, "geometry": {"type": "Point", "coordinates": [77.54601, 12.94208]}}, {"type": "Feature", "properties": {}, "geometry": {"type": "Point", "coordinates": [77.54438, 12.94265]}}, {"type": "Feature", "properties": {}, "geometry": {"type": "Point", "coordinates": [77.55044, 12.9376]}}, {"type": "Feature", "properties": {}, "geometry": {"type": "Point", "coordinates": [77.55015, 12.93455]}}, {"type": "Feature", "properties": {}, "geometry": {"type": "Point", "coordinates": [77.54906, 12.93538]}}, {"type": "Feature", "properties": {}, "geometry": {"type": "Point", "coordinates": [77.55078, 12.93531]}}, {"type": "Feature", "properties": {}, "geometry": {"type": "Point", "coordinates": [77.54845, 12.9414]}}, {"type": "Feature", "properties": {}, "geometry": {"type": "Point", "coordinates": [77.55136, 12.93713]}}, {"type": "Feature", "properties": {}, "geometry": {"type": "Point", "coordinates": [77.55041, 12.93668]}}, {"type": "Feature", "properties": {}, "geometry": {"type": "Point", "coordinates": [77.55093, 12.93686]}}, {"type": "Feature", "properties": {}, "geometry": {"type": "Point", "coordinates": [77.57627, 12.94319]}}, {"type": "Feature", "properties": {}, "geometry": {"type": "Point", "coordinates": [77.58784, 12.94602]}}, {"type": "Feature", "properties": {}, "geometry": {"type": "Point", "coordinates": [77.58743, 12.94489]}}, {"type": "Feature", "properties": {}, "geometry": {"type": "Point", "coordinates": [77.58974, 12.94565]}}, {"type": "Feature", "properties": {}, "geometry": {"type": "Point", "coordinates": [77.59352, 12.94849]}}, {"type": "Feature", "properties": {}, "geometry": {"type": "Point", "coordinates": [77.58013, 12.95471]}}, {"type": "Feature", "properties": {}, "geometry": {"type": "Point", "coordinates": [77.57152, 12.95633]}}, {"type": "Feature", "properties": {}, "geometry": {"type": "Point", "coordinates": [77.58142, 12.95463]}}, {"type": "Feature", "properties": {}, "geometry": {"type": "Point", "coordinates": [77.58132, 12.95431]}}, {"type": "Feature", "properties": {}, "geometry": {"type": "Point", "coordinates": [77.58329, 12.95278]}}, {"type": "Feature", "properties": {}, "geometry": {"type": "Point", "coordinates": [77.57626, 12.954]}}, {"type": "Feature", "properties": {}, "geometry": {"type": "Point", "coordinates": [77.5827, 12.95323]}}, {"type": "Feature", "properties": {}, "geometry": {"type": "Point", "coordinates": [77.5752, 12.95537]}}, {"type": "Feature", "properties": {}, "geometry": {"type": "Point", "coordinates": [77.57317, 12.95649]}}, {"type": "Feature", "properties": {}, "geometry": {"type": "Point", "coordinates": [77.58391, 12.9541]}}, {"type": "Feature", "properties": {}, "geometry": {"type": "Point", "coordinates": [77.57575, 12.95536]}}, {"type": "Feature", "properties": {}, "geometry": {"type": "Point", "coordinates": [77.57707, 12.95604]}}, {"type": "Feature", "properties": {}, "geometry": {"type": "Point", "coordinates": [77.6005, 12.93999]}}, {"type": "Feature", "properties": {}, "geometry": {"type": "Point", "coordinates": [77.60051, 12.94026]}}, {"type": "Feature", "properties": {}, "geometry": {"type": "Point", "coordinates": [77.60098, 12.93952]}}, {"type": "Feature", "properties": {}, "geometry": {"type": "Point", "coordinates": [77.60732, 12.94424]}}, {"type": "Feature", "properties": {}, "geometry": {"type": "Point", "coordinates": [77.60657, 12.94358]}}, {"type": "Feature", "properties": {}, "geometry": {"type": "Point", "coordinates": [77.60669, 12.94195]}}, {"type": "Feature", "properties": {}, "geometry": {"type": "Point", "coordinates": [77.60693, 12.94178]}}, {"type": "Feature", "properties": {}, "geometry": {"type": "Point", "coordinates": [77.60823, 12.93726]}}, {"type": "Feature", "properties": {}, "geometry": {"type": "Point", "coordinates": [77.60892, 12.93671]}}, {"type": "Feature", "properties": {}, "geometry": {"type": "Point", "coordinates": [77.60212, 12.94944]}}, {"type": "Feature", "properties": {}, "geometry": {"type": "Point", "coordinates": [77.59954, 12.94262]}}, {"type": "Feature", "properties": {}, "geometry": {"type": "Point", "coordinates": [77.60924, 12.93977]}}, {"type": "Feature", "properties": {}, "geometry": {"type": "Point", "coordinates": [77.59912, 12.94314]}}, {"type": "Feature", "properties": {}, "geometry": {"type": "Point", "coordinates": [77.59898, 12.94201]}}, {"type": "Feature", "properties": {}, "geometry": {"type": "Point", "coordinates": [77.60266, 12.94671]}}, {"type": "Feature", "properties": {}, "geometry": {"type": "Point", "coordinates": [77.60848, 12.94038]}}, {"type": "Feature", "properties": {}, "geometry": {"type": "Point", "coordinates": [77.59102, 12.95711]}}, {"type": "Feature", "properties": {}, "geometry": {"type": "Point", "coordinates": [77.58995, 12.95759]}}, {"type": "Feature", "properties": {}, "geometry": {"type": "Point", "coordinates": [77.59036, 12.95752]}}, {"type": "Feature", "properties": {}, "geometry": {"type": "Point", "coordinates": [77.58922, 12.95783]}}, {"type": "Feature", "properties": {}, "geometry": {"type": "Point", "coordinates": [77.59333, 12.95054]}}, {"type": "Feature", "properties": {}, "geometry": {"type": "Point", "coordinates": [77.59964, 12.94974]}}, {"type": "Feature", "properties": {}, "geometry": {"type": "Point", "coordinates": [77.5995, 12.9493]}}, {"type": "Feature", "properties": {}, "geometry": {"type": "Point", "coordinates": [77.60009, 12.94831]}}, {"type": "Feature", "properties": {}, "geometry": {"type": "Point", "coordinates": [77.59336, 12.95021]}}, {"type": "Feature", "properties": {}, "geometry": {"type": "Point", "coordinates": [77.59902, 12.94576]}}, {"type": "Feature", "properties": {}, "geometry": {"type": "Point", "coordinates": [77.59901, 12.94671]}}, {"type": "Feature", "properties": {}, "geometry": {"type": "Point", "coordinates": [77.5919, 12.95618]}}, {"type": "Feature", "properties": {}, "geometry": {"type": "Point", "coordinates": [77.59387, 12.95001]}}, {"type": "Feature", "properties": {}, "geometry": {"type": "Point", "coordinates": [77.59551, 12.94835]}}, {"type": "Feature", "properties": {}, "geometry": {"type": "Point", "coordinates": [77.60194, 12.94634]}}, {"type": "Feature", "properties": {}, "geometry": {"type": "Point", "coordinates": [77.60785, 12.94174]}}, {"type": "Feature", "properties": {}, "geometry": {"type": "Point", "coordinates": [77.57659, 12.96013]}}, {"type": "Feature", "properties": {}, "geometry": {"type": "Point", "coordinates": [77.57702, 12.95672]}}, {"type": "Feature", "properties": {}, "geometry": {"type": "Point", "coordinates": [77.57809, 12.95983]}}, {"type": "Feature", "properties": {}, "geometry": {"type": "Point", "coordinates": [77.56233, 12.95023]}}, {"type": "Feature", "properties": {}, "geometry": {"type": "Point", "coordinates": [77.56216, 12.94986]}}, {"type": "Feature", "properties": {}, "geometry": {"type": "Point", "coordinates": [77.60826, 12.90597]}}, {"type": "Feature", "properties": {}, "geometry": {"type": "Point", "coordinates": [77.60804, 12.90793]}}, {"type": "Feature", "properties": {}, "geometry": {"type": "Point", "coordinates": [77.61383, 12.91401]}}, {"type": "Feature", "properties": {}, "geometry": {"type": "Point", "coordinates": [77.6167, 12.91533]}}, {"type": "Feature", "properties": {}, "geometry": {"type": "Point", "coordinates": [77.60575, 12.90726]}}, {"type": "Feature", "properties": {}, "geometry": {"type": "Point", "coordinates": [77.60609, 12.90725]}}, {"type": "Feature", "properties": {}, "geometry": {"type": "Point", "coordinates": [77.61175, 12.90896]}}, {"type": "Feature", "properties": {}, "geometry": {"type": "Point", "coordinates": [77.61395, 12.91598]}}, {"type": "Feature", "properties": {}, "geometry": {"type": "Point", "coordinates": [77.61115, 12.90703]}}, {"type": "Feature", "properties": {}, "geometry": {"type": "Point", "coordinates": [77.60345, 12.90951]}}, {"type": "Feature", "properties": {}, "geometry": {"type": "Point", "coordinates": [77.61003, 12.90642]}}, {"type": "Feature", "properties": {}, "geometry": {"type": "Point", "coordinates": [77.61081, 12.90631]}}, {"type": "Feature", "properties": {}, "geometry": {"type": "Point", "coordinates": [77.60129, 12.90879]}}, {"type": "Feature", "properties": {}, "geometry": {"type": "Point", "coordinates": [77.6088, 12.90783]}}, {"type": "Feature", "properties": {}, "geometry": {"type": "Point", "coordinates": [77.57748, 12.9563]}}, {"type": "Feature", "properties": {}, "geometry": {"type": "Point", "coordinates": [77.58002, 12.9574]}}, {"type": "Feature", "properties": {}, "geometry": {"type": "Point", "coordinates": [77.58508, 12.95994]}}, {"type": "Feature", "properties": {}, "geometry": {"type": "Point", "coordinates": [77.58507, 12.95882]}}, {"type": "Feature", "properties": {}, "geometry": {"type": "Point", "coordinates": [77.58425, 12.95897]}}, {"type": "Feature", "properties": {}, "geometry": {"type": "Point", "coordinates": [77.57841, 12.95753]}}, {"type": "Feature", "properties": {}, "geometry": {"type": "Point", "coordinates": [77.58605, 12.95933]}}, {"type": "Feature", "properties": {}, "geometry": {"type": "Point", "coordinates": [77.58799, 12.95897]}}, {"type": "Feature", "properties": {}, "geometry": {"type": "Point", "coordinates": [77.58469, 12.95897]}}, {"type": "Feature", "properties": {}, "geometry": {"type": "Point", "coordinates": [77.58499, 12.9583]}}, {"type": "Feature", "properties": {}, "geometry": {"type": "Point", "coordinates": [77.58638, 12.95922]}}, {"type": "Feature", "properties": {}, "geometry": {"type": "Point", "coordinates": [77.60868, 12.92036]}}, {"type": "Feature", "properties": {}, "geometry": {"type": "Point", "coordinates": [77.60853, 12.91979]}}, {"type": "Feature", "properties": {}, "geometry": {"type": "Point", "coordinates": [77.61063, 12.92106]}}, {"type": "Feature", "properties": {}, "geometry": {"type": "Point", "coordinates": [77.60894, 12.92122]}}, {"type": "Feature", "properties": {}, "geometry": {"type": "Point", "coordinates": [77.60922, 12.9213]}}, {"type": "Feature", "properties": {}, "geometry": {"type": "Point", "coordinates": [77.61154, 12.92076]}}, {"type": "Feature", "properties": {}, "geometry": {"type": "Point", "coordinates": [77.61102, 12.92157]}}, {"type": "Feature", "properties": {}, "geometry": {"type": "Point", "coordinates": [77.6146, 12.92183]}}, {"type": "Feature", "properties": {}, "geometry": {"type": "Point", "coordinates": [77.61512, 12.91713]}}, {"type": "Feature", "properties": {}, "geometry": {"type": "Point", "coordinates": [77.61297, 12.91885]}}, {"type": "Feature", "properties": {}, "geometry": {"type": "Point", "coordinates": [77.61455, 12.91917]}}, {"type": "Feature", "properties": {}, "geometry": {"type": "Point", "coordinates": [77.61543, 12.91938]}}, {"type": "Feature", "properties": {}, "geometry": {"type": "Point", "coordinates": [77.61835, 12.91826]}}, {"type": "Feature", "properties": {}, "geometry": {"type": "Point", "coordinates": [77.61918, 12.92208]}}, {"type": "Feature", "properties": {}, "geometry": {"type": "Point", "coordinates": [77.61563, 12.92095]}}, {"type": "Feature", "properties": {}, "geometry": {"type": "Point", "coordinates": [77.61599, 12.92153]}}, {"type": "Feature", "properties": {}, "geometry": {"type": "Point", "coordinates": [77.61623, 12.92141]}}, {"type": "Feature", "properties": {}, "geometry": {"type": "Point", "coordinates": [77.61113, 12.9201]}}, {"type": "Feature", "properties": {}, "geometry": {"type": "Point", "coordinates": [77.61655, 12.92136]}}, {"type": "Feature", "properties": {}, "geometry": {"type": "Point", "coordinates": [77.61658, 12.92217]}}, {"type": "Feature", "properties": {}, "geometry": {"type": "Point", "coordinates": [77.61858, 12.92162]}}, {"type": "Feature", "properties": {}, "geometry": {"type": "Point", "coordinates": [77.61516, 12.92114]}}, {"type": "Feature", "properties": {}, "geometry": {"type": "Point", "coordinates": [77.61867, 12.91797]}}, {"type": "Feature", "properties": {}, "geometry": {"type": "Point", "coordinates": [77.59089, 12.92898]}}, {"type": "Feature", "properties": {}, "geometry": {"type": "Point", "coordinates": [77.58671, 12.93082]}}, {"type": "Feature", "properties": {}, "geometry": {"type": "Point", "coordinates": [77.54717, 12.96735]}}, {"type": "Feature", "properties": {}, "geometry": {"type": "Point", "coordinates": [77.55, 12.96326]}}, {"type": "Feature", "properties": {}, "geometry": {"type": "Point", "coordinates": [77.54826, 12.96423]}}, {"type": "Feature", "properties": {}, "geometry": {"type": "Point", "coordinates": [77.55426, 12.96219]}}, {"type": "Feature", "properties": {}, "geometry": {"type": "Point", "coordinates": [77.54988, 12.96483]}}, {"type": "Feature", "properties": {}, "geometry": {"type": "Point", "coordinates": [77.54784, 12.96388]}}, {"type": "Feature", "properties": {}, "geometry": {"type": "Point", "coordinates": [77.55322, 12.96484]}}, {"type": "Feature", "properties": {}, "geometry": {"type": "Point", "coordinates": [77.55645, 12.96318]}}, {"type": "Feature", "properties": {}, "geometry": {"type": "Point", "coordinates": [77.55366, 12.96221]}}, {"type": "Feature", "properties": {}, "geometry": {"type": "Point", "coordinates": [77.5473, 12.96093]}}, {"type": "Feature", "properties": {}, "geometry": {"type": "Point", "coordinates": [77.55238, 12.9624]}}, {"type": "Feature", "properties": {}, "geometry": {"type": "Point", "coordinates": [77.54887, 12.96027]}}, {"type": "Feature", "properties": {}, "geometry": {"type": "Point", "coordinates": [77.55423, 12.9596]}}, {"type": "Feature", "properties": {}, "geometry": {"type": "Point", "coordinates": [77.55208, 12.9613]}}, {"type": "Feature", "properties": {}, "geometry": {"type": "Point", "coordinates": [77.55661, 12.96315]}}, {"type": "Feature", "properties": {}, "geometry": {"type": "Point", "coordinates": [77.551, 12.96037]}}, {"type": "Feature", "properties": {}, "geometry": {"type": "Point", "coordinates": [77.55366, 12.96181]}}, {"type": "Feature", "properties": {}, "geometry": {"type": "Point", "coordinates": [77.55202, 12.96358]}}, {"type": "Feature", "properties": {}, "geometry": {"type": "Point", "coordinates": [77.55238, 12.96192]}}, {"type": "Feature", "properties": {}, "geometry": {"type": "Point", "coordinates": [77.54862, 12.95968]}}, {"type": "Feature", "properties": {}, "geometry": {"type": "Point", "coordinates": [77.55116, 12.95956]}}, {"type": "Feature", "properties": {}, "geometry": {"type": "Point", "coordinates": [77.5504, 12.96117]}}, {"type": "Feature", "properties": {}, "geometry": {"type": "Point", "coordinates": [77.5502, 12.96936]}}, {"type": "Feature", "properties": {}, "geometry": {"type": "Point", "coordinates": [77.55422, 12.95866]}}, {"type": "Feature", "properties": {}, "geometry": {"type": "Point", "coordinates": [77.55114, 12.96159]}}, {"type": "Feature", "properties": {}, "geometry": {"type": "Point", "coordinates": [77.55257, 12.9674]}}, {"type": "Feature", "properties": {}, "geometry": {"type": "Point", "coordinates": [77.55516, 12.96661]}}, {"type": "Feature", "properties": {}, "geometry": {"type": "Point", "coordinates": [77.55388, 12.96777]}}, {"type": "Feature", "properties": {}, "geometry": {"type": "Point", "coordinates": [77.55487, 12.96773]}}, {"type": "Feature", "properties": {}, "geometry": {"type": "Point", "coordinates": [77.5588, 12.96444]}}, {"type": "Feature", "properties": {}, "geometry": {"type": "Point", "coordinates": [77.55913, 12.96264]}}, {"type": "Feature", "properties": {}, "geometry": {"type": "Point", "coordinates": [77.55925, 12.96334]}}, {"type": "Feature", "properties": {}, "geometry": {"type": "Point", "coordinates": [77.55601, 12.9664]}}, {"type": "Feature", "properties": {}, "geometry": {"type": "Point", "coordinates": [77.55334, 12.96676]}}, {"type": "Feature", "properties": {}, "geometry": {"type": "Point", "coordinates": [77.55826, 12.96159]}}, {"type": "Feature", "properties": {}, "geometry": {"type": "Point", "coordinates": [77.55271, 12.96606]}}, {"type": "Feature", "properties": {}, "geometry": {"type": "Point", "coordinates": [77.55667, 12.96188]}}, {"type": "Feature", "properties": {}, "geometry": {"type": "Point", "coordinates": [77.55482, 12.96533]}}, {"type": "Feature", "properties": {}, "geometry": {"type": "Point", "coordinates": [77.55646, 12.96668]}}, {"type": "Feature", "properties": {}, "geometry": {"type": "Point", "coordinates": [77.55833, 12.96237]}}, {"type": "Feature", "properties": {}, "geometry": {"type": "Point", "coordinates": [77.55436, 12.96815]}}, {"type": "Feature", "properties": {}, "geometry": {"type": "Point", "coordinates": [77.55986, 12.96349]}}, {"type": "Feature", "properties": {}, "geometry": {"type": "Point", "coordinates": [77.55845, 12.964]}}, {"type": "Feature", "properties": {}, "geometry": {"type": "Point", "coordinates": [77.5585, 12.96493]}}, {"type": "Feature", "properties": {}, "geometry": {"type": "Point", "coordinates": [77.55709, 12.96177]}}, {"type": "Feature", "properties": {}, "geometry": {"type": "Point", "coordinates": [77.55763, 12.96317]}}, {"type": "Feature", "properties": {}, "geometry": {"type": "Point", "coordinates": [77.55659, 12.96261]}}, {"type": "Feature", "properties": {}, "geometry": {"type": "Point", "coordinates": [77.55924, 12.96158]}}, {"type": "Feature", "properties": {}, "geometry": {"type": "Point", "coordinates": [77.56139, 12.9622]}}, {"type": "Feature", "properties": {}, "geometry": {"type": "Point", "coordinates": [77.55882, 12.96378]}}, {"type": "Feature", "properties": {}, "geometry": {"type": "Point", "coordinates": [77.5479, 12.96345]}}, {"type": "Feature", "properties": {}, "geometry": {"type": "Point", "coordinates": [77.54857, 12.96298]}}, {"type": "Feature", "properties": {}, "geometry": {"type": "Point", "coordinates": [77.54675, 12.96176]}}, {"type": "Feature", "properties": {}, "geometry": {"type": "Point", "coordinates": [77.5472, 12.96044]}}, {"type": "Feature", "properties": {}, "geometry": {"type": "Point", "coordinates": [77.54858, 12.95921]}}, {"type": "Feature", "properties": {}, "geometry": {"type": "Point", "coordinates": [77.54981, 12.95931]}}, {"type": "Feature", "properties": {}, "geometry": {"type": "Point", "coordinates": [77.55038, 12.95939]}}, {"type": "Feature", "properties": {}, "geometry": {"type": "Point", "coordinates": [77.54933, 12.96233]}}, {"type": "Feature", "properties": {}, "geometry": {"type": "Point", "coordinates": [77.55062, 12.96112]}}, {"type": "Feature", "properties": {}, "geometry": {"type": "Point", "coordinates": [77.55234, 12.95958]}}, {"type": "Feature", "properties": {}, "geometry": {"type": "Point", "coordinates": [77.5601, 12.96337]}}, {"type": "Feature", "properties": {}, "geometry": {"type": "Point", "coordinates": [77.55779, 12.96395]}}, {"type": "Feature", "properties": {}, "geometry": {"type": "Point", "coordinates": [77.5569, 12.96496]}}, {"type": "Feature", "properties": {}, "geometry": {"type": "Point", "coordinates": [77.5567, 12.96497]}}, {"type": "Feature", "properties": {}, "geometry": {"type": "Point", "coordinates": [77.55692, 12.9663]}}, {"type": "Feature", "properties": {}, "geometry": {"type": "Point", "coordinates": [77.55418, 12.96651]}}, {"type": "Feature", "properties": {}, "geometry": {"type": "Point", "coordinates": [77.5527, 12.96669]}}, {"type": "Feature", "properties": {}, "geometry": {"type": "Point", "coordinates": [77.55339, 12.96729]}}, {"type": "Feature", "properties": {}, "geometry": {"type": "Point", "coordinates": [77.55459, 12.96777]}}, {"type": "Feature", "properties": {}, "geometry": {"type": "Point", "coordinates": [77.55762, 12.96517]}}, {"type": "Feature", "properties": {}, "geometry": {"type": "Point", "coordinates": [77.55435, 12.96494]}}, {"type": "Feature", "properties": {}, "geometry": {"type": "Point", "coordinates": [77.54989, 12.96562]}}, {"type": "Feature", "properties": {}, "geometry": {"type": "Point", "coordinates": [77.58813, 12.91743]}}, {"type": "Feature", "properties": {}, "geometry": {"type": "Point", "coordinates": [77.58763, 12.91908]}}, {"type": "Feature", "properties": {}, "geometry": {"type": "Point", "coordinates": [77.58948, 12.91918]}}, {"type": "Feature", "properties": {}, "geometry": {"type": "Point", "coordinates": [77.58894, 12.91742]}}, {"type": "Feature", "properties": {}, "geometry": {"type": "Point", "coordinates": [77.58946, 12.91773]}}, {"type": "Feature", "properties": {}, "geometry": {"type": "Point", "coordinates": [77.57695, 12.91133]}}, {"type": "Feature", "properties": {}, "geometry": {"type": "Point", "coordinates": [77.57743, 12.91229]}}, {"type": "Feature", "properties": {}, "geometry": {"type": "Point", "coordinates": [77.5798, 12.91429]}}, {"type": "Feature", "properties": {}, "geometry": {"type": "Point", "coordinates": [77.57868, 12.91685]}}, {"type": "Feature", "properties": {}, "geometry": {"type": "Point", "coordinates": [77.58266, 12.90246]}}, {"type": "Feature", "properties": {}, "geometry": {"type": "Point", "coordinates": [77.58186, 12.90406]}}, {"type": "Feature", "properties": {}, "geometry": {"type": "Point", "coordinates": [77.58341, 12.90473]}}, {"type": "Feature", "properties": {}, "geometry": {"type": "Point", "coordinates": [77.58275, 12.90316]}}, {"type": "Feature", "properties": {}, "geometry": {"type": "Point", "coordinates": [77.58145, 12.90391]}}, {"type": "Feature", "properties": {}, "geometry": {"type": "Point", "coordinates": [77.58387, 12.90428]}}, {"type": "Feature", "properties": {}, "geometry": {"type": "Point", "coordinates": [77.58482, 12.90402]}}, {"type": "Feature", "properties": {}, "geometry": {"type": "Point", "coordinates": [77.58446, 12.90236]}}, {"type": "Feature", "properties": {}, "geometry": {"type": "Point", "coordinates": [77.58286, 12.90202]}}, {"type": "Feature", "properties": {}, "geometry": {"type": "Point", "coordinates": [77.58159, 12.90935]}}, {"type": "Feature", "properties": {}, "geometry": {"type": "Point", "coordinates": [77.58103, 12.9048]}}, {"type": "Feature", "properties": {}, "geometry": {"type": "Point", "coordinates": [77.58778, 12.93141]}}, {"type": "Feature", "properties": {}, "geometry": {"type": "Point", "coordinates": [77.59588, 12.92706]}}, {"type": "Feature", "properties": {}, "geometry": {"type": "Point", "coordinates": [77.59553, 12.919]}}, {"type": "Feature", "properties": {}, "geometry": {"type": "Point", "coordinates": [77.55502, 12.92942]}}, {"type": "Feature", "properties": {}, "geometry": {"type": "Point", "coordinates": [77.55724, 12.93279]}}, {"type": "Feature", "properties": {}, "geometry": {"type": "Point", "coordinates": [77.55419, 12.93035]}}, {"type": "Feature", "properties": {}, "geometry": {"type": "Point", "coordinates": [77.55983, 12.93267]}}, {"type": "Feature", "properties": {}, "geometry": {"type": "Point", "coordinates": [77.56019, 12.93216]}}, {"type": "Feature", "properties": {}, "geometry": {"type": "Point", "coordinates": [77.56169, 12.93189]}}, {"type": "Feature", "properties": {}, "geometry": {"type": "Point", "coordinates": [77.56191, 12.93186]}}, {"type": "Feature", "properties": {}, "geometry": {"type": "Point", "coordinates": [77.56181, 12.93263]}}, {"type": "Feature", "properties": {}, "geometry": {"type": "Point", "coordinates": [77.56217, 12.93298]}}, {"type": "Feature", "properties": {}, "geometry": {"type": "Point", "coordinates": [77.56258, 12.93158]}}, {"type": "Feature", "properties": {}, "geometry": {"type": "Point", "coordinates": [77.56253, 12.93089]}}, {"type": "Feature", "properties": {}, "geometry": {"type": "Point", "coordinates": [77.56357, 12.93065]}}, {"type": "Feature", "properties": {}, "geometry": {"type": "Point", "coordinates": [77.56163, 12.93514]}}, {"type": "Feature", "properties": {}, "geometry": {"type": "Point", "coordinates": [77.56118, 12.93569]}}, {"type": "Feature", "properties": {}, "geometry": {"type": "Point", "coordinates": [77.5612, 12.93697]}}, {"type": "Feature", "properties": {}, "geometry": {"type": "Point", "coordinates": [77.5613, 12.93643]}}, {"type": "Feature", "properties": {}, "geometry": {"type": "Point", "coordinates": [77.56226, 12.93664]}}, {"type": "Feature", "properties": {}, "geometry": {"type": "Point", "coordinates": [77.56256, 12.93711]}}, {"type": "Feature", "properties": {}, "geometry": {"type": "Point", "coordinates": [77.56321, 12.93763]}}, {"type": "Feature", "properties": {}, "geometry": {"type": "Point", "coordinates": [77.5645, 12.93775]}}, {"type": "Feature", "properties": {}, "geometry": {"type": "Point", "coordinates": [77.56211, 12.93876]}}, {"type": "Feature", "properties": {}, "geometry": {"type": "Point", "coordinates": [77.5588, 12.93893]}}, {"type": "Feature", "properties": {}, "geometry": {"type": "Point", "coordinates": [77.5598, 12.94047]}}, {"type": "Feature", "properties": {}, "geometry": {"type": "Point", "coordinates": [77.55991, 12.94044]}}, {"type": "Feature", "properties": {}, "geometry": {"type": "Point", "coordinates": [77.55976, 12.93595]}}, {"type": "Feature", "properties": {}, "geometry": {"type": "Point", "coordinates": [77.55761, 12.93674]}}, {"type": "Feature", "properties": {}, "geometry": {"type": "Point", "coordinates": [77.55914, 12.93513]}}, {"type": "Feature", "properties": {}, "geometry": {"type": "Point", "coordinates": [77.55093, 12.92823]}}, {"type": "Feature", "properties": {}, "geometry": {"type": "Point", "coordinates": [77.55187, 12.92655]}}, {"type": "Feature", "properties": {}, "geometry": {"type": "Point", "coordinates": [77.55182, 12.92782]}}, {"type": "Feature", "properties": {}, "geometry": {"type": "Point", "coordinates": [77.55298, 12.93018]}}, {"type": "Feature", "properties": {}, "geometry": {"type": "Point", "coordinates": [77.5556, 12.93454]}}, {"type": "Feature", "properties": {}, "geometry": {"type": "Point", "coordinates": [77.55674, 12.93476]}}, {"type": "Feature", "properties": {}, "geometry": {"type": "Point", "coordinates": [77.55304, 12.93388]}}, {"type": "Feature", "properties": {}, "geometry": {"type": "Point", "coordinates": [77.55251, 12.9318]}}, {"type": "Feature", "properties": {}, "geometry": {"type": "Point", "coordinates": [77.5523, 12.93159]}}, {"type": "Feature", "properties": {}, "geometry": {"type": "Point", "coordinates": [77.55121, 12.93064]}}, {"type": "Feature", "properties": {}, "geometry": {"type": "Point", "coordinates": [77.5525, 12.92779]}}, {"type": "Feature", "properties": {}, "geometry": {"type": "Point", "coordinates": [77.58812, 12.91881]}}, {"type": "Feature", "properties": {}, "geometry": {"type": "Point", "coordinates": [77.58705, 12.91882]}}, {"type": "Feature", "properties": {}, "geometry": {"type": "Point", "coordinates": [77.59156, 12.92825]}}, {"type": "Feature", "properties": {}, "geometry": {"type": "Point", "coordinates": [77.58785, 12.9318]}}, {"type": "Feature", "properties": {}, "geometry": {"type": "Point", "coordinates": [77.59234, 12.93311]}}, {"type": "Feature", "properties": {}, "geometry": {"type": "Point", "coordinates": [77.59356, 12.92805]}}, {"type": "Feature", "properties": {}, "geometry": {"type": "Point", "coordinates": [77.59589, 12.92786]}}, {"type": "Feature", "properties": {}, "geometry": {"type": "Point", "coordinates": [77.59525, 12.92259]}}, {"type": "Feature", "properties": {}, "geometry": {"type": "Point", "coordinates": [77.59436, 12.919]}}, {"type": "Feature", "properties": {}, "geometry": {"type": "Point", "coordinates": [77.57706, 12.91014]}}, {"type": "Feature", "properties": {}, "geometry": {"type": "Point", "coordinates": [77.53886, 12.93342]}}, {"type": "Feature", "properties": {}, "geometry": {"type": "Point", "coordinates": [77.53894, 12.93324]}}, {"type": "Feature", "properties": {}, "geometry": {"type": "Point", "coordinates": [77.53825, 12.93297]}}, {"type": "Feature", "properties": {}, "geometry": {"type": "Point", "coordinates": [77.53712, 12.93308]}}, {"type": "Feature", "properties": {}, "geometry": {"type": "Point", "coordinates": [77.53797, 12.93211]}}, {"type": "Feature", "properties": {}, "geometry": {"type": "Point", "coordinates": [77.53496, 12.93024]}}, {"type": "Feature", "properties": {}, "geometry": {"type": "Point", "coordinates": [77.53579, 12.92997]}}, {"type": "Feature", "properties": {}, "geometry": {"type": "Point", "coordinates": [77.53644, 12.92801]}}, {"type": "Feature", "properties": {}, "geometry": {"type": "Point", "coordinates": [77.54065, 12.92844]}}, {"type": "Feature", "properties": {}, "geometry": {"type": "Point", "coordinates": [77.54204, 12.92348]}}, {"type": "Feature", "properties": {}, "geometry": {"type": "Point", "coordinates": [77.53918, 12.92029]}}, {"type": "Feature", "properties": {}, "geometry": {"type": "Point", "coordinates": [77.53969, 12.91868]}}, {"type": "Feature", "properties": {}, "geometry": {"type": "Point", "coordinates": [77.54082, 12.9196]}}, {"type": "Feature", "properties": {}, "geometry": {"type": "Point", "coordinates": [77.54178, 12.9202]}}, {"type": "Feature", "properties": {}, "geometry": {"type": "Point", "coordinates": [77.53999, 12.92116]}}, {"type": "Feature", "properties": {}, "geometry": {"type": "Point", "coordinates": [77.57083, 12.90731]}}, {"type": "Feature", "properties": {}, "geometry": {"type": "Point", "coordinates": [77.5689, 12.90593]}}, {"type": "Feature", "properties": {}, "geometry": {"type": "Point", "coordinates": [77.56918, 12.90882]}}, {"type": "Feature", "properties": {}, "geometry": {"type": "Point", "coordinates": [77.57015, 12.90723]}}, {"type": "Feature", "properties": {}, "geometry": {"type": "Point", "coordinates": [77.56938, 12.90259]}}, {"type": "Feature", "properties": {}, "geometry": {"type": "Point", "coordinates": [77.56758, 12.90349]}}, {"type": "Feature", "properties": {}, "geometry": {"type": "Point", "coordinates": [77.58899, 12.95983]}}, {"type": "Feature", "properties": {}, "geometry": {"type": "Point", "coordinates": [77.56251, 12.951]}}, {"type": "Feature", "properties": {}, "geometry": {"type": "Point", "coordinates": [77.5842, 12.94356]}}, {"type": "Feature", "properties": {}, "geometry": {"type": "Point", "coordinates": [77.58939, 12.94122]}}, {"type": "Feature", "properties": {}, "geometry": {"type": "Point", "coordinates": [77.594, 12.92871]}}, {"type": "Feature", "properties": {}, "geometry": {"type": "Point", "coordinates": [77.56768, 12.94606]}}, {"type": "Feature", "properties": {}, "geometry": {"type": "Point", "coordinates": [77.56107, 12.9679]}}, {"type": "Feature", "properties": {}, "geometry": {"type": "Point", "coordinates": [77.56244, 12.96787]}}, {"type": "Feature", "properties": {}, "geometry": {"type": "Point", "coordinates": [77.56194, 12.96815]}}, {"type": "Feature", "properties": {}, "geometry": {"type": "Point", "coordinates": [77.56124, 12.96857]}}, {"type": "Feature", "properties": {}, "geometry": {"type": "Point", "coordinates": [77.56208, 12.96952]}}, {"type": "Feature", "properties": {}, "geometry": {"type": "Point", "coordinates": [77.56252, 12.96871]}}, {"type": "Feature", "properties": {}, "geometry": {"type": "Point", "coordinates": [77.56333, 12.96837]}}, {"type": "Feature", "properties": {}, "geometry": {"type": "Point", "coordinates": [77.56338, 12.96773]}}, {"type": "Feature", "properties": {}, "geometry": {"type": "Point", "coordinates": [77.56315, 12.97017]}}, {"type": "Feature", "properties": {}, "geometry": {"type": "Point", "coordinates": [77.56242, 12.9697]}}, {"type": "Feature", "properties": {}, "geometry": {"type": "Point", "coordinates": [77.56422, 12.97009]}}, {"type": "Feature", "properties": {}, "geometry": {"type": "Point", "coordinates": [77.56156, 12.97096]}}, {"type": "Feature", "properties": {}, "geometry": {"type": "Point", "coordinates": [77.56193, 12.97054]}}, {"type": "Feature", "properties": {}, "geometry": {"type": "Point", "coordinates": [77.56204, 12.97154]}}, {"type": "Feature", "properties": {}, "geometry": {"type": "Point", "coordinates": [77.56259, 12.97154]}}, {"type": "Feature", "properties": {}, "geometry": {"type": "Point", "coordinates": [77.5627, 12.9739]}}, {"type": "Feature", "properties": {}, "geometry": {"type": "Point", "coordinates": [77.56277, 12.97535]}}, {"type": "Feature", "properties": {}, "geometry": {"type": "Point", "coordinates": [77.5632, 12.97375]}}, {"type": "Feature", "properties": {}, "geometry": {"type": "Point", "coordinates": [77.56267, 12.97278]}}, {"type": "Feature", "properties": {}, "geometry": {"type": "Point", "coordinates": [77.56133, 12.97114]}}, {"type": "Feature", "properties": {}, "geometry": {"type": "Point", "coordinates": [77.56148, 12.97119]}}, {"type": "Feature", "properties": {}, "geometry": {"type": "Point", "coordinates": [77.56136, 12.9706]}}, {"type": "Feature", "properties": {}, "geometry": {"type": "Point", "coordinates": [77.56156, 12.97026]}}, {"type": "Feature", "properties": {}, "geometry": {"type": "Point", "coordinates": [77.56242, 12.97133]}}, {"type": "Feature", "properties": {}, "geometry": {"type": "Point", "coordinates": [77.56314, 12.97146]}}, {"type": "Feature", "properties": {}, "geometry": {"type": "Point", "coordinates": [77.56215, 12.96956]}}, {"type": "Feature", "properties": {}, "geometry": {"type": "Point", "coordinates": [77.56099, 12.96848]}}, {"type": "Feature", "properties": {}, "geometry": {"type": "Point", "coordinates": [77.56337, 12.9688]}}, {"type": "Feature", "properties": {}, "geometry": {"type": "Point", "coordinates": [77.57043, 12.97173]}}, {"type": "Feature", "properties": {}, "geometry": {"type": "Point", "coordinates": [77.56942, 12.96963]}}, {"type": "Feature", "properties": {}, "geometry": {"type": "Point", "coordinates": [77.56921, 12.96998]}}, {"type": "Feature", "properties": {}, "geometry": {"type": "Point", "coordinates": [77.56918, 12.96914]}}, {"type": "Feature", "properties": {}, "geometry": {"type": "Point", "coordinates": [77.57091, 12.9695]}}, {"type": "Feature", "properties": {}, "geometry": {"type": "Point", "coordinates": [77.57111, 12.96836]}}, {"type": "Feature", "properties": {}, "geometry": {"type": "Point", "coordinates": [77.56936, 12.96833]}}, {"type": "Feature", "properties": {}, "geometry": {"type": "Point", "coordinates": [77.56918, 12.97161]}}, {"type": "Feature", "properties": {}, "geometry": {"type": "Point", "coordinates": [77.56196, 12.96858]}}, {"type": "Feature", "properties": {}, "geometry": {"type": "Point", "coordinates": [77.56872, 12.9701]}}, {"type": "Feature", "properties": {}, "geometry": {"type": "Point", "coordinates": [77.56856, 12.97091]}}, {"type": "Feature", "properties": {}, "geometry": {"type": "Point", "coordinates": [77.56909, 12.97214]}}, {"type": "Feature", "properties": {}, "geometry": {"type": "Point", "coordinates": [77.56987, 12.97036]}}, {"type": "Feature", "properties": {}, "geometry": {"type": "Point", "coordinates": [77.57148, 12.96775]}}, {"type": "Feature", "properties": {}, "geometry": {"type": "Point", "coordinates": [77.57047, 12.9685]}}, {"type": "Feature", "properties": {}, "geometry": {"type": "Point", "coordinates": [77.56986, 12.96885]}}, {"type": "Feature", "properties": {}, "geometry": {"type": "Point", "coordinates": [77.57118, 12.96492]}}, {"type": "Feature", "properties": {}, "geometry": {"type": "Point", "coordinates": [77.56824, 12.96785]}}, {"type": "Feature", "properties": {}, "geometry": {"type": "Point", "coordinates": [77.56947, 12.96553]}}, {"type": "Feature", "properties": {}, "geometry": {"type": "Point", "coordinates": [77.56929, 12.96583]}}, {"type": "Feature", "properties": {}, "geometry": {"type": "Point", "coordinates": [77.56907, 12.96497]}}, {"type": "Feature", "properties": {}, "geometry": {"type": "Point", "coordinates": [77.56867, 12.9651]}}, {"type": "Feature", "properties": {}, "geometry": {"type": "Point", "coordinates": [77.569, 12.96789]}}, {"type": "Feature", "properties": {}, "geometry": {"type": "Point", "coordinates": [77.56907, 12.96805]}}, {"type": "Feature", "properties": {}, "geometry": {"type": "Point", "coordinates": [77.56922, 12.96459]}}, {"type": "Feature", "properties": {}, "geometry": {"type": "Point", "coordinates": [77.56904, 12.9659]}}, {"type": "Feature", "properties": {}, "geometry": {"type": "Point", "coordinates": [77.56909, 12.96744]}}, {"type": "Feature", "properties": {}, "geometry": {"type": "Point", "coordinates": [77.569, 12.96675]}}, {"type": "Feature", "properties": {}, "geometry": {"type": "Point", "coordinates": [77.56832, 12.9669]}}, {"type": "Feature", "properties": {}, "geometry": {"type": "Point", "coordinates": [77.56857, 12.96813]}}, {"type": "Feature", "properties": {}, "geometry": {"type": "Point", "coordinates": [77.57118, 12.96645]}}, {"type": "Feature", "properties": {}, "geometry": {"type": "Point", "coordinates": [77.57164, 12.9655]}}, {"type": "Feature", "properties": {}, "geometry": {"type": "Point", "coordinates": [77.56293, 12.97702]}}, {"type": "Feature", "properties": {}, "geometry": {"type": "Point", "coordinates": [77.5626, 12.9763]}}, {"type": "Feature", "properties": {}, "geometry": {"type": "Point", "coordinates": [77.562, 12.97718]}}, {"type": "Feature", "properties": {}, "geometry": {"type": "Point", "coordinates": [77.56176, 12.97662]}}, {"type": "Feature", "properties": {}, "geometry": {"type": "Point", "coordinates": [77.56168, 12.97589]}}, {"type": "Feature", "properties": {}, "geometry": {"type": "Point", "coordinates": [77.56031, 12.97617]}}, {"type": "Feature", "properties": {}, "geometry": {"type": "Point", "coordinates": [77.55936, 12.97596]}}, {"type": "Feature", "properties": {}, "geometry": {"type": "Point", "coordinates": [77.55956, 12.97617]}}, {"type": "Feature", "properties": {}, "geometry": {"type": "Point", "coordinates": [77.5598, 12.97579]}}, {"type": "Feature", "properties": {}, "geometry": {"type": "Point", "coordinates": [77.56162, 12.97433]}}, {"type": "Feature", "properties": {}, "geometry": {"type": "Point", "coordinates": [77.56168, 12.97307]}}, {"type": "Feature", "properties": {}, "geometry": {"type": "Point", "coordinates": [77.56101, 12.9744]}}, {"type": "Feature", "properties": {}, "geometry": {"type": "Point", "coordinates": [77.56104, 12.97413]}}, {"type": "Feature", "properties": {}, "geometry": {"type": "Point", "coordinates": [77.56099, 12.97288]}}, {"type": "Feature", "properties": {}, "geometry": {"type": "Point", "coordinates": [77.56084, 12.97072]}}, {"type": "Feature", "properties": {}, "geometry": {"type": "Point", "coordinates": [77.56052, 12.97089]}}, {"type": "Feature", "properties": {}, "geometry": {"type": "Point", "coordinates": [77.56039, 12.97342]}}, {"type": "Feature", "properties": {}, "geometry": {"type": "Point", "coordinates": [77.56, 12.97426]}}, {"type": "Feature", "properties": {}, "geometry": {"type": "Point", "coordinates": [77.55996, 12.97198]}}, {"type": "Feature", "properties": {}, "geometry": {"type": "Point", "coordinates": [77.55923, 12.9745]}}, {"type": "Feature", "properties": {}, "geometry": {"type": "Point", "coordinates": [77.55936, 12.97321]}}, {"type": "Feature", "properties": {}, "geometry": {"type": "Point", "coordinates": [77.55886, 12.97338]}}, {"type": "Feature", "properties": {}, "geometry": {"type": "Point", "coordinates": [77.5583, 12.97206]}}, {"type": "Feature", "properties": {}, "geometry": {"type": "Point", "coordinates": [77.5586, 12.97163]}}, {"type": "Feature", "properties": {}, "geometry": {"type": "Point", "coordinates": [77.5593, 12.97187]}}, {"type": "Feature", "properties": {}, "geometry": {"type": "Point", "coordinates": [77.55938, 12.97154]}}, {"type": "Feature", "properties": {}, "geometry": {"type": "Point", "coordinates": [77.55923, 12.97111]}}, {"type": "Feature", "properties": {}, "geometry": {"type": "Point", "coordinates": [77.55924, 12.97045]}}, {"type": "Feature", "properties": {}, "geometry": {"type": "Point", "coordinates": [77.55918, 12.96982]}}, {"type": "Feature", "properties": {}, "geometry": {"type": "Point", "coordinates": [77.55879, 12.9692]}}, {"type": "Feature", "properties": {}, "geometry": {"type": "Point", "coordinates": [77.55959, 12.96897]}}, {"type": "Feature", "properties": {}, "geometry": {"type": "Point", "coordinates": [77.56039, 12.96859]}}, {"type": "Feature", "properties": {}, "geometry": {"type": "Point", "coordinates": [77.56078, 12.97006]}}, {"type": "Feature", "properties": {}, "geometry": {"type": "Point", "coordinates": [77.56055, 12.968]}}, {"type": "Feature", "properties": {}, "geometry": {"type": "Point", "coordinates": [77.56115, 12.96692]}}, {"type": "Feature", "properties": {}, "geometry": {"type": "Point", "coordinates": [77.56272, 12.96668]}}, {"type": "Feature", "properties": {}, "geometry": {"type": "Point", "coordinates": [77.55923, 12.96852]}}, {"type": "Feature", "properties": {}, "geometry": {"type": "Point", "coordinates": [77.56059, 12.96944]}}, {"type": "Feature", "properties": {}, "geometry": {"type": "Point", "coordinates": [77.56163, 12.96708]}}, {"type": "Feature", "properties": {}, "geometry": {"type": "Point", "coordinates": [77.56298, 12.96717]}}, {"type": "Feature", "properties": {}, "geometry": {"type": "Point", "coordinates": [77.56414, 12.9682]}}, {"type": "Feature", "properties": {}, "geometry": {"type": "Point", "coordinates": [77.56391, 12.96789]}}, {"type": "Feature", "properties": {}, "geometry": {"type": "Point", "coordinates": [77.56257, 12.97721]}}, {"type": "Feature", "properties": {}, "geometry": {"type": "Point", "coordinates": [77.56177, 12.97683]}}, {"type": "Feature", "properties": {}, "geometry": {"type": "Point", "coordinates": [77.56125, 12.97337]}}, {"type": "Feature", "properties": {}, "geometry": {"type": "Point", "coordinates": [77.56068, 12.97377]}}, {"type": "Feature", "properties": {}, "geometry": {"type": "Point", "coordinates": [77.5594, 12.97528]}}, {"type": "Feature", "properties": {}, "geometry": {"type": "Point", "coordinates": [77.56006, 12.97379]}}, {"type": "Feature", "properties": {}, "geometry": {"type": "Point", "coordinates": [77.55909, 12.97432]}}, {"type": "Feature", "properties": {}, "geometry": {"type": "Point", "coordinates": [77.56038, 12.97183]}}, {"type": "Feature", "properties": {}, "geometry": {"type": "Point", "coordinates": [77.55928, 12.97146]}}, {"type": "Feature", "properties": {}, "geometry": {"type": "Point", "coordinates": [77.56058, 12.96918]}}, {"type": "Feature", "properties": {}, "geometry": {"type": "Point", "coordinates": [77.56035, 12.96818]}}, {"type": "Feature", "properties": {}, "geometry": {"type": "Point", "coordinates": [77.56021, 12.9678]}}, {"type": "Feature", "properties": {}, "geometry": {"type": "Point", "coordinates": [77.55959, 12.96824]}}, {"type": "Feature", "properties": {}, "geometry": {"type": "Point", "coordinates": [77.56003, 12.96795]}}, {"type": "Feature", "properties": {}, "geometry": {"type": "Point", "coordinates": [77.55827, 12.96858]}}, {"type": "Feature", "properties": {}, "geometry": {"type": "Point", "coordinates": [77.54501, 12.95619]}}, {"type": "Feature", "properties": {}, "geometry": {"type": "Point", "coordinates": [77.54031, 12.95434]}}, {"type": "Feature", "properties": {}, "geometry": {"type": "Point", "coordinates": [77.54059, 12.95695]}}, {"type": "Feature", "properties": {}, "geometry": {"type": "Point", "coordinates": [77.54175, 12.95735]}}, {"type": "Feature", "properties": {}, "geometry": {"type": "Point", "coordinates": [77.54404, 12.96269]}}, {"type": "Feature", "properties": {}, "geometry": {"type": "Point", "coordinates": [77.54186, 12.95809]}}, {"type": "Feature", "properties": {}, "geometry": {"type": "Point", "coordinates": [77.54106, 12.95767]}}, {"type": "Feature", "properties": {}, "geometry": {"type": "Point", "coordinates": [77.5399, 12.95524]}}, {"type": "Feature", "properties": {}, "geometry": {"type": "Point", "coordinates": [77.53922, 12.95535]}}, {"type": "Feature", "properties": {}, "geometry": {"type": "Point", "coordinates": [77.54019, 12.95814]}}, {"type": "Feature", "properties": {}, "geometry": {"type": "Point", "coordinates": [77.54148, 12.95661]}}, {"type": "Feature", "properties": {}, "geometry": {"type": "Point", "coordinates": [77.54445, 12.95707]}}, {"type": "Feature", "properties": {}, "geometry": {"type": "Point", "coordinates": [77.54597, 12.95723]}}, {"type": "Feature", "properties": {}, "geometry": {"type": "Point", "coordinates": [77.54719, 12.9572]}}, {"type": "Feature", "properties": {}, "geometry": {"type": "Point", "coordinates": [77.54306, 12.96033]}}, {"type": "Feature", "properties": {}, "geometry": {"type": "Point", "coordinates": [77.53993, 12.95687]}}, {"type": "Feature", "properties": {}, "geometry": {"type": "Point", "coordinates": [77.54035, 12.95408]}}, {"type": "Feature", "properties": {}, "geometry": {"type": "Point", "coordinates": [77.54116, 12.95466]}}, {"type": "Feature", "properties": {}, "geometry": {"type": "Point", "coordinates": [77.54123, 12.95531]}}, {"type": "Feature", "properties": {}, "geometry": {"type": "Point", "coordinates": [77.54104, 12.9568]}}, {"type": "Feature", "properties": {}, "geometry": {"type": "Point", "coordinates": [77.5455, 12.9592]}}, {"type": "Feature", "properties": {}, "geometry": {"type": "Point", "coordinates": [77.54153, 12.95732]}}, {"type": "Feature", "properties": {}, "geometry": {"type": "Point", "coordinates": [77.54646, 12.95761]}}, {"type": "Feature", "properties": {}, "geometry": {"type": "Point", "coordinates": [77.54644, 12.95667]}}, {"type": "Feature", "properties": {}, "geometry": {"type": "Point", "coordinates": [77.54331, 12.9628]}}, {"type": "Feature", "properties": {}, "geometry": {"type": "Point", "coordinates": [77.54124, 12.95673]}}, {"type": "Feature", "properties": {}, "geometry": {"type": "Point", "coordinates": [77.54405, 12.95557]}}, {"type": "Feature", "properties": {}, "geometry": {"type": "Point", "coordinates": [77.54417, 12.95656]}}, {"type": "Feature", "properties": {}, "geometry": {"type": "Point", "coordinates": [77.54298, 12.95569]}}, {"type": "Feature", "properties": {}, "geometry": {"type": "Point", "coordinates": [77.53909, 12.95421]}}, {"type": "Feature", "properties": {}, "geometry": {"type": "Point", "coordinates": [77.54017, 12.95606]}}, {"type": "Feature", "properties": {}, "geometry": {"type": "Point", "coordinates": [77.54023, 12.9565]}}, {"type": "Feature", "properties": {}, "geometry": {"type": "Point", "coordinates": [77.54039, 12.956]}}, {"type": "Feature", "properties": {}, "geometry": {"type": "Point", "coordinates": [77.54391, 12.96276]}}, {"type": "Feature", "properties": {}, "geometry": {"type": "Point", "coordinates": [77.54283, 12.9622]}}, {"type": "Feature", "properties": {}, "geometry": {"type": "Point", "coordinates": [77.54226, 12.96132]}}, {"type": "Feature", "properties": {}, "geometry": {"type": "Point", "coordinates": [77.54286, 12.96083]}}, {"type": "Feature", "properties": {}, "geometry": {"type": "Point", "coordinates": [77.54133, 12.9584]}}, {"type": "Feature", "properties": {}, "geometry": {"type": "Point", "coordinates": [77.54284, 12.96221]}}, {"type": "Feature", "properties": {}, "geometry": {"type": "Point", "coordinates": [77.54546, 12.95763]}}, {"type": "Feature", "properties": {}, "geometry": {"type": "Point", "coordinates": [77.53663, 12.95193]}}, {"type": "Feature", "properties": {}, "geometry": {"type": "Point", "coordinates": [77.53588, 12.95283]}}, {"type": "Feature", "properties": {}, "geometry": {"type": "Point", "coordinates": [77.53597, 12.95236]}}, {"type": "Feature", "properties": {}, "geometry": {"type": "Point", "coordinates": [77.53068, 12.94837]}}, {"type": "Feature", "properties": {}, "geometry": {"type": "Point", "coordinates": [77.53532, 12.95209]}}, {"type": "Feature", "properties": {}, "geometry": {"type": "Point", "coordinates": [77.53551, 12.95242]}}, {"type": "Feature", "properties": {}, "geometry": {"type": "Point", "coordinates": [77.52935, 12.94923]}}, {"type": "Feature", "properties": {}, "geometry": {"type": "Point", "coordinates": [77.53322, 12.94563]}}, {"type": "Feature", "properties": {}, "geometry": {"type": "Point", "coordinates": [77.54247, 12.94552]}}, {"type": "Feature", "properties": {}, "geometry": {"type": "Point", "coordinates": [77.54873, 12.94345]}}, {"type": "Feature", "properties": {}, "geometry": {"type": "Point", "coordinates": [77.54814, 12.944]}}, {"type": "Feature", "properties": {}, "geometry": {"type": "Point", "coordinates": [77.53775, 12.94152]}}, {"type": "Feature", "properties": {}, "geometry": {"type": "Point", "coordinates": [77.53853, 12.94599]}}, {"type": "Feature", "properties": {}, "geometry": {"type": "Point", "coordinates": [77.54036, 12.9461]}}, {"type": "Feature", "properties": {}, "geometry": {"type": "Point", "coordinates": [77.54615, 12.94455]}}, {"type": "Feature", "properties": {}, "geometry": {"type": "Point", "coordinates": [77.54582, 12.94379]}}, {"type": "Feature", "properties": {}, "geometry": {"type": "Point", "coordinates": [77.54489, 12.94434]}}, {"type": "Feature", "properties": {}, "geometry": {"type": "Point", "coordinates": [77.54615, 12.94493]}}, {"type": "Feature", "properties": {}, "geometry": {"type": "Point", "coordinates": [77.54509, 12.945]}}, {"type": "Feature", "properties": {}, "geometry": {"type": "Point", "coordinates": [77.53588, 12.95375]}}, {"type": "Feature", "properties": {}, "geometry": {"type": "Point", "coordinates": [77.55528, 12.97552]}}, {"type": "Feature", "properties": {}, "geometry": {"type": "Point", "coordinates": [77.54387, 12.96786]}}, {"type": "Feature", "properties": {}, "geometry": {"type": "Point", "coordinates": [77.54354, 12.96889]}}, {"type": "Feature", "properties": {}, "geometry": {"type": "Point", "coordinates": [77.54346, 12.969]}}, {"type": "Feature", "properties": {}, "geometry": {"type": "Point", "coordinates": [77.54232, 12.97024]}}, {"type": "Feature", "properties": {}, "geometry": {"type": "Point", "coordinates": [77.54415, 12.96854]}}, {"type": "Feature", "properties": {}, "geometry": {"type": "Point", "coordinates": [77.54474, 12.96838]}}, {"type": "Feature", "properties": {}, "geometry": {"type": "Point", "coordinates": [77.54401, 12.96838]}}, {"type": "Feature", "properties": {}, "geometry": {"type": "Point", "coordinates": [77.54518, 12.96852]}}, {"type": "Feature", "properties": {}, "geometry": {"type": "Point", "coordinates": [77.54467, 12.96761]}}, {"type": "Feature", "properties": {}, "geometry": {"type": "Point", "coordinates": [77.54403, 12.96744]}}, {"type": "Feature", "properties": {}, "geometry": {"type": "Point", "coordinates": [77.54361, 12.96715]}}, {"type": "Feature", "properties": {}, "geometry": {"type": "Point", "coordinates": [77.54393, 12.96949]}}, {"type": "Feature", "properties": {}, "geometry": {"type": "Point", "coordinates": [77.5426, 12.97019]}}, {"type": "Feature", "properties": {}, "geometry": {"type": "Point", "coordinates": [77.54317, 12.96856]}}, {"type": "Feature", "properties": {}, "geometry": {"type": "Point", "coordinates": [77.54285, 12.96852]}}, {"type": "Feature", "properties": {}, "geometry": {"type": "Point", "coordinates": [77.54324, 12.96813]}}, {"type": "Feature", "properties": {}, "geometry": {"type": "Point", "coordinates": [77.54105, 12.96916]}}, {"type": "Feature", "properties": {}, "geometry": {"type": "Point", "coordinates": [77.54103, 12.96957]}}, {"type": "Feature", "properties": {}, "geometry": {"type": "Point", "coordinates": [77.54104, 12.96989]}}, {"type": "Feature", "properties": {}, "geometry": {"type": "Point", "coordinates": [77.54106, 12.97025]}}, {"type": "Feature", "properties": {}, "geometry": {"type": "Point", "coordinates": [77.54191, 12.97062]}}, {"type": "Feature", "properties": {}, "geometry": {"type": "Point", "coordinates": [77.54268, 12.96448]}}, {"type": "Feature", "properties": {}, "geometry": {"type": "Point", "coordinates": [77.53962, 12.96872]}}, {"type": "Feature", "properties": {}, "geometry": {"type": "Point", "coordinates": [77.53975, 12.96843]}}, {"type": "Feature", "properties": {}, "geometry": {"type": "Point", "coordinates": [77.53805, 12.96886]}}, {"type": "Feature", "properties": {}, "geometry": {"type": "Point", "coordinates": [77.54353, 12.96638]}}, {"type": "Feature", "properties": {}, "geometry": {"type": "Point", "coordinates": [77.54291, 12.96621]}}, {"type": "Feature", "properties": {}, "geometry": {"type": "Point", "coordinates": [77.54297, 12.96594]}}, {"type": "Feature", "properties": {}, "geometry": {"type": "Point", "coordinates": [77.54006, 12.96611]}}, {"type": "Feature", "properties": {}, "geometry": {"type": "Point", "coordinates": [77.53812, 12.9695]}}, {"type": "Feature", "properties": {}, "geometry": {"type": "Point", "coordinates": [77.53826, 12.97027]}}, {"type": "Feature", "properties": {}, "geometry": {"type": "Point", "coordinates": [77.53841, 12.97101]}}, {"type": "Feature", "properties": {}, "geometry": {"type": "Point", "coordinates": [77.5461, 12.96905]}}, {"type": "Feature", "properties": {}, "geometry": {"type": "Point", "coordinates": [77.54613, 12.96783]}}, {"type": "Feature", "properties": {}, "geometry": {"type": "Point", "coordinates": [77.54801, 12.96851]}}, {"type": "Feature", "properties": {}, "geometry": {"type": "Point", "coordinates": [77.54813, 12.9687]}}, {"type": "Feature", "properties": {}, "geometry": {"type": "Point", "coordinates": [77.54694, 12.96909]}}, {"type": "Feature", "properties": {}, "geometry": {"type": "Point", "coordinates": [77.5487, 12.96854]}}, {"type": "Feature", "properties": {}, "geometry": {"type": "Point", "coordinates": [77.54841, 12.96837]}}, {"type": "Feature", "properties": {}, "geometry": {"type": "Point", "coordinates": [77.54821, 12.96805]}}, {"type": "Feature", "properties": {}, "geometry": {"type": "Point", "coordinates": [77.54898, 12.96664]}}, {"type": "Feature", "properties": {}, "geometry": {"type": "Point", "coordinates": [77.54996, 12.96787]}}, {"type": "Feature", "properties": {}, "geometry": {"type": "Point", "coordinates": [77.55087, 12.96752]}}, {"type": "Feature", "properties": {}, "geometry": {"type": "Point", "coordinates": [77.55196, 12.96879]}}, {"type": "Feature", "properties": {}, "geometry": {"type": "Point", "coordinates": [77.55196, 12.9684]}}, {"type": "Feature", "properties": {}, "geometry": {"type": "Point", "coordinates": [77.55155, 12.9692]}}, {"type": "Feature", "properties": {}, "geometry": {"type": "Point", "coordinates": [77.55042, 12.97338]}}, {"type": "Feature", "properties": {}, "geometry": {"type": "Point", "coordinates": [77.55015, 12.9729]}}, {"type": "Feature", "properties": {}, "geometry": {"type": "Point", "coordinates": [77.55071, 12.9726]}}, {"type": "Feature", "properties": {}, "geometry": {"type": "Point", "coordinates": [77.55108, 12.97319]}}, {"type": "Feature", "properties": {}, "geometry": {"type": "Point", "coordinates": [77.5515, 12.97224]}}, {"type": "Feature", "properties": {}, "geometry": {"type": "Point", "coordinates": [77.5516, 12.97286]}}, {"type": "Feature", "properties": {}, "geometry": {"type": "Point", "coordinates": [77.55168, 12.97215]}}, {"type": "Feature", "properties": {}, "geometry": {"type": "Point", "coordinates": [77.5521, 12.97258]}}, {"type": "Feature", "properties": {}, "geometry": {"type": "Point", "coordinates": [77.54814, 12.97164]}}, {"type": "Feature", "properties": {}, "geometry": {"type": "Point", "coordinates": [77.54942, 12.97107]}}, {"type": "Feature", "properties": {}, "geometry": {"type": "Point", "coordinates": [77.55111, 12.97013]}}, {"type": "Feature", "properties": {}, "geometry": {"type": "Point", "coordinates": [77.55105, 12.97049]}}, {"type": "Feature", "properties": {}, "geometry": {"type": "Point", "coordinates": [77.55023, 12.97032]}}, {"type": "Feature", "properties": {}, "geometry": {"type": "Point", "coordinates": [77.55028, 12.97017]}}, {"type": "Feature", "properties": {}, "geometry": {"type": "Point", "coordinates": [77.55033, 12.96965]}}, {"type": "Feature", "properties": {}, "geometry": {"type": "Point", "coordinates": [77.5507, 12.97005]}}, {"type": "Feature", "properties": {}, "geometry": {"type": "Point", "coordinates": [77.54984, 12.97016]}}, {"type": "Feature", "properties": {}, "geometry": {"type": "Point", "coordinates": [77.54972, 12.97066]}}, {"type": "Feature", "properties": {}, "geometry": {"type": "Point", "coordinates": [77.54927, 12.97089]}}, {"type": "Feature", "properties": {}, "geometry": {"type": "Point", "coordinates": [77.54895, 12.97373]}}, {"type": "Feature", "properties": {}, "geometry": {"type": "Point", "coordinates": [77.54893, 12.97336]}}, {"type": "Feature", "properties": {}, "geometry": {"type": "Point", "coordinates": [77.54934, 12.96857]}}, {"type": "Feature", "properties": {}, "geometry": {"type": "Point", "coordinates": [77.54805, 12.9732]}}, {"type": "Feature", "properties": {}, "geometry": {"type": "Point", "coordinates": [77.54954, 12.97279]}}, {"type": "Feature", "properties": {}, "geometry": {"type": "Point", "coordinates": [77.55011, 12.97245]}}, {"type": "Feature", "properties": {}, "geometry": {"type": "Point", "coordinates": [77.5506, 12.97222]}}, {"type": "Feature", "properties": {}, "geometry": {"type": "Point", "coordinates": [77.54936, 12.97347]}}, {"type": "Feature", "properties": {}, "geometry": {"type": "Point", "coordinates": [77.55742, 12.9719]}}, {"type": "Feature", "properties": {}, "geometry": {"type": "Point", "coordinates": [77.55177, 12.97124]}}, {"type": "Feature", "properties": {}, "geometry": {"type": "Point", "coordinates": [77.55266, 12.97143]}}, {"type": "Feature", "properties": {}, "geometry": {"type": "Point", "coordinates": [77.5516, 12.97127]}}, {"type": "Feature", "properties": {}, "geometry": {"type": "Point", "coordinates": [77.55053, 12.97181]}}, {"type": "Feature", "properties": {}, "geometry": {"type": "Point", "coordinates": [77.55223, 12.97096]}}, {"type": "Feature", "properties": {}, "geometry": {"type": "Point", "coordinates": [77.55103, 12.97123]}}, {"type": "Feature", "properties": {}, "geometry": {"type": "Point", "coordinates": [77.54936, 12.97191]}}, {"type": "Feature", "properties": {}, "geometry": {"type": "Point", "coordinates": [77.54948, 12.97169]}}, {"type": "Feature", "properties": {}, "geometry": {"type": "Point", "coordinates": [77.55035, 12.97108]}}, {"type": "Feature", "properties": {}, "geometry": {"type": "Point", "coordinates": [77.55058, 12.97071]}}, {"type": "Feature", "properties": {}, "geometry": {"type": "Point", "coordinates": [77.54947, 12.97104]}}, {"type": "Feature", "properties": {}, "geometry": {"type": "Point", "coordinates": [77.54815, 12.9718]}}, {"type": "Feature", "properties": {}, "geometry": {"type": "Point", "coordinates": [77.54836, 12.97128]}}, {"type": "Feature", "properties": {}, "geometry": {"type": "Point", "coordinates": [77.54932, 12.97089]}}, {"type": "Feature", "properties": {}, "geometry": {"type": "Point", "coordinates": [77.54975, 12.97049]}}, {"type": "Feature", "properties": {}, "geometry": {"type": "Point", "coordinates": [77.55041, 12.97029]}}, {"type": "Feature", "properties": {}, "geometry": {"type": "Point", "coordinates": [77.54828, 12.97066]}}, {"type": "Feature", "properties": {}, "geometry": {"type": "Point", "coordinates": [77.54899, 12.97046]}}, {"type": "Feature", "properties": {}, "geometry": {"type": "Point", "coordinates": [77.54842, 12.97062]}}, {"type": "Feature", "properties": {}, "geometry": {"type": "Point", "coordinates": [77.54777, 12.97028]}}, {"type": "Feature", "properties": {}, "geometry": {"type": "Point", "coordinates": [77.54858, 12.97025]}}, {"type": "Feature", "properties": {}, "geometry": {"type": "Point", "coordinates": [77.54866, 12.97004]}}, {"type": "Feature", "properties": {}, "geometry": {"type": "Point", "coordinates": [77.54867, 12.96971]}}, {"type": "Feature", "properties": {}, "geometry": {"type": "Point", "coordinates": [77.54984, 12.96946]}}, {"type": "Feature", "properties": {}, "geometry": {"type": "Point", "coordinates": [77.54866, 12.96984]}}, {"type": "Feature", "properties": {}, "geometry": {"type": "Point", "coordinates": [77.54906, 12.96941]}}, {"type": "Feature", "properties": {}, "geometry": {"type": "Point", "coordinates": [77.54607, 12.96949]}}, {"type": "Feature", "properties": {}, "geometry": {"type": "Point", "coordinates": [77.54948, 12.96897]}}, {"type": "Feature", "properties": {}, "geometry": {"type": "Point", "coordinates": [77.5497, 12.96906]}}, {"type": "Feature", "properties": {}, "geometry": {"type": "Point", "coordinates": [77.55023, 12.96972]}}, {"type": "Feature", "properties": {}, "geometry": {"type": "Point", "coordinates": [77.55076, 12.96992]}}, {"type": "Feature", "properties": {}, "geometry": {"type": "Point", "coordinates": [77.55104, 12.9704]}}, {"type": "Feature", "properties": {}, "geometry": {"type": "Point", "coordinates": [77.55144, 12.97034]}}, {"type": "Feature", "properties": {}, "geometry": {"type": "Point", "coordinates": [77.55176, 12.97133]}}, {"type": "Feature", "properties": {}, "geometry": {"type": "Point", "coordinates": [77.55274, 12.97127]}}, {"type": "Feature", "properties": {}, "geometry": {"type": "Point", "coordinates": [77.55178, 12.97216]}}, {"type": "Feature", "properties": {}, "geometry": {"type": "Point", "coordinates": [77.55299, 12.97189]}}, {"type": "Feature", "properties": {}, "geometry": {"type": "Point", "coordinates": [77.55257, 12.97308]}}, {"type": "Feature", "properties": {}, "geometry": {"type": "Point", "coordinates": [77.553, 12.97322]}}, {"type": "Feature", "properties": {}, "geometry": {"type": "Point", "coordinates": [77.5533, 12.97253]}}, {"type": "Feature", "properties": {}, "geometry": {"type": "Point", "coordinates": [77.55235, 12.97364]}}, {"type": "Feature", "properties": {}, "geometry": {"type": "Point", "coordinates": [77.55331, 12.97311]}}, {"type": "Feature", "properties": {}, "geometry": {"type": "Point", "coordinates": [77.55276, 12.97347]}}, {"type": "Feature", "properties": {}, "geometry": {"type": "Point", "coordinates": [77.55323, 12.97379]}}, {"type": "Feature", "properties": {}, "geometry": {"type": "Point", "coordinates": [77.55324, 12.97477]}}, {"type": "Feature", "properties": {}, "geometry": {"type": "Point", "coordinates": [77.55385, 12.97481]}}, {"type": "Feature", "properties": {}, "geometry": {"type": "Point", "coordinates": [77.55346, 12.97526]}}, {"type": "Feature", "properties": {}, "geometry": {"type": "Point", "coordinates": [77.55967, 12.97859]}}, {"type": "Feature", "properties": {}, "geometry": {"type": "Point", "coordinates": [77.55918, 12.97877]}}, {"type": "Feature", "properties": {}, "geometry": {"type": "Point", "coordinates": [77.55868, 12.97811]}}, {"type": "Feature", "properties": {}, "geometry": {"type": "Point", "coordinates": [77.55621, 12.97686]}}, {"type": "Feature", "properties": {}, "geometry": {"type": "Point", "coordinates": [77.55994, 12.97269]}}, {"type": "Feature", "properties": {}, "geometry": {"type": "Point", "coordinates": [77.55832, 12.97369]}}, {"type": "Feature", "properties": {}, "geometry": {"type": "Point", "coordinates": [77.55832, 12.97805]}}, {"type": "Feature", "properties": {}, "geometry": {"type": "Point", "coordinates": [77.55798, 12.97053]}}, {"type": "Feature", "properties": {}, "geometry": {"type": "Point", "coordinates": [77.55722, 12.97016]}}, {"type": "Feature", "properties": {}, "geometry": {"type": "Point", "coordinates": [77.55726, 12.96972]}}, {"type": "Feature", "properties": {}, "geometry": {"type": "Point", "coordinates": [77.55775, 12.96903]}}, {"type": "Feature", "properties": {}, "geometry": {"type": "Point", "coordinates": [77.55651, 12.96916]}}, {"type": "Feature", "properties": {}, "geometry": {"type": "Point", "coordinates": [77.56107, 12.96569]}}, {"type": "Feature", "properties": {}, "geometry": {"type": "Point", "coordinates": [77.55977, 12.97886]}}, {"type": "Feature", "properties": {}, "geometry": {"type": "Point", "coordinates": [77.55984, 12.97782]}}, {"type": "Feature", "properties": {}, "geometry": {"type": "Point", "coordinates": [77.55841, 12.97802]}}, {"type": "Feature", "properties": {}, "geometry": {"type": "Point", "coordinates": [77.55845, 12.97759]}}, {"type": "Feature", "properties": {}, "geometry": {"type": "Point", "coordinates": [77.55995, 12.97844]}}, {"type": "Feature", "properties": {}, "geometry": {"type": "Point", "coordinates": [77.55997, 12.97229]}}, {"type": "Feature", "properties": {}, "geometry": {"type": "Point", "coordinates": [77.55842, 12.97316]}}, {"type": "Feature", "properties": {}, "geometry": {"type": "Point", "coordinates": [77.5581, 12.97088]}}, {"type": "Feature", "properties": {}, "geometry": {"type": "Point", "coordinates": [77.55784, 12.97067]}}, {"type": "Feature", "properties": {}, "geometry": {"type": "Point", "coordinates": [77.55778, 12.96891]}}, {"type": "Feature", "properties": {}, "geometry": {"type": "Point", "coordinates": [77.55738, 12.96872]}}, {"type": "Feature", "properties": {}, "geometry": {"type": "Point", "coordinates": [77.55541, 12.96869]}}, {"type": "Feature", "properties": {}, "geometry": {"type": "Point", "coordinates": [77.55532, 12.96846]}}, {"type": "Feature", "properties": {}, "geometry": {"type": "Point", "coordinates": [77.55603, 12.96809]}}, {"type": "Feature", "properties": {}, "geometry": {"type": "Point", "coordinates": [77.55734, 12.97024]}}, {"type": "Feature", "properties": {}, "geometry": {"type": "Point", "coordinates": [77.55812, 12.9708]}}, {"type": "Feature", "properties": {}, "geometry": {"type": "Point", "coordinates": [77.56151, 12.97232]}}, {"type": "Feature", "properties": {}, "geometry": {"type": "Point", "coordinates": [77.56033, 12.97247]}}, {"type": "Feature", "properties": {}, "geometry": {"type": "Point", "coordinates": [77.53664, 12.93736]}}, {"type": "Feature", "properties": {}, "geometry": {"type": "Point", "coordinates": [77.53466, 12.93909]}}, {"type": "Feature", "properties": {}, "geometry": {"type": "Point", "coordinates": [77.53591, 12.93838]}}, {"type": "Feature", "properties": {}, "geometry": {"type": "Point", "coordinates": [77.53637, 12.93782]}}, {"type": "Feature", "properties": {}, "geometry": {"type": "Point", "coordinates": [77.53484, 12.93766]}}, {"type": "Feature", "properties": {}, "geometry": {"type": "Point", "coordinates": [77.53496, 12.94049]}}, {"type": "Feature", "properties": {}, "geometry": {"type": "Point", "coordinates": [77.53817, 12.93935]}}, {"type": "Feature", "properties": {}, "geometry": {"type": "Point", "coordinates": [77.53828, 12.93908]}}, {"type": "Feature", "properties": {}, "geometry": {"type": "Point", "coordinates": [77.53735, 12.93737]}}, {"type": "Feature", "properties": {}, "geometry": {"type": "Point", "coordinates": [77.53673, 12.93885]}}, {"type": "Feature", "properties": {}, "geometry": {"type": "Point", "coordinates": [77.53701, 12.93827]}}, {"type": "Feature", "properties": {}, "geometry": {"type": "Point", "coordinates": [77.53661, 12.93629]}}, {"type": "Feature", "properties": {}, "geometry": {"type": "Point", "coordinates": [77.53571, 12.93868]}}, {"type": "Feature", "properties": {}, "geometry": {"type": "Point", "coordinates": [77.53556, 12.93881]}}, {"type": "Feature", "properties": {}, "geometry": {"type": "Point", "coordinates": [77.59785, 12.97139]}}, {"type": "Feature", "properties": {}, "geometry": {"type": "Point", "coordinates": [77.57417, 12.97078]}}, {"type": "Feature", "properties": {}, "geometry": {"type": "Point", "coordinates": [77.57408, 12.97307]}}, {"type": "Feature", "properties": {}, "geometry": {"type": "Point", "coordinates": [77.57439, 12.97213]}}, {"type": "Feature", "properties": {}, "geometry": {"type": "Point", "coordinates": [77.57556, 12.97378]}}, {"type": "Feature", "properties": {}, "geometry": {"type": "Point", "coordinates": [77.57535, 12.96905]}}, {"type": "Feature", "properties": {}, "geometry": {"type": "Point", "coordinates": [77.57738, 12.97097]}}, {"type": "Feature", "properties": {}, "geometry": {"type": "Point", "coordinates": [77.57929, 12.97186]}}, {"type": "Feature", "properties": {}, "geometry": {"type": "Point", "coordinates": [77.58237, 12.97055]}}, {"type": "Feature", "properties": {}, "geometry": {"type": "Point", "coordinates": [77.57857, 12.97406]}}]}