{"type": "FeatureCollection", "meta": {"shares": {"Low": 27.65, "Moderate": 43.35, "High": 29.01}}, "features": [{"type": "Feature", "properties": {"class": "Moderate", "value": 2, "color": "#FACC15", "sharePct": 43.35}, "geometry": {"type": "MultiPolygon", "coordinates": [[[[77.60952, 13.10297], [77.60062, 13.10215], [77.59685, 13.09597], [77.60186, 13.08068], [77.60746, 13.07615], [77.61586, 13.07606], [77.62646, 13.07862], [77.62977, 13.08729], [77.64023, 13.08251], [77.65157, 13.07114], [77.65159, 13.07098], [77.65162, 13.07016], [77.65159, 13.07098], [77.65157, 13.07114], [77.65647, 13.06622], [77.65886, 13.05574], [77.65546, 13.05325], [77.65546, 13.05331], [77.65552, 13.05385], [77.65555, 13.05404], [77.65552, 13.05426], [77.65555, 13.05405], [77.65552, 13.05385], [77.65546, 13.05331], [77.65546, 13.05325], [77.65466, 13.05266], [77.65357, 13.04656], [77.65342, 13.04655], [77.65341, 13.04655], [77.65342, 13.04655], [77.65357, 13.04656], [77.65326, 13.04484], [77.67271, 13.0259], [77.68342, 13.02541], [77.68342, 13.0254], [77.68342, 13.02541], [77.68819, 13.02519], [77.69168, 13.0284], [77.69363, 13.02808], [77.69385, 13.02775], [77.6944, 13.02673], [77.6944, 13.02672], [77.69454, 13.02675], [77.69503, 13.02677], [77.69565, 13.02683], [77.69609, 13.02689], [77.69641, 13.02692], [77.69658, 13.02693], [77.69662, 13.02694], [77.697, 13.02697], [77.69775, 13.02706], [77.69847, 13.02716], [77.69898, 13.02722], [77.70159, 13.0268], [77.70152, 13.02645], [77.70133, 13.02532], [77.70127, 13.02497], [77.7017, 13.02514], [77.70189, 13.02522], [77.70235, 13.02539], [77.70268, 13.02553], [77.70328, 13.02575], [77.70384, 13.02589], [77.7041, 13.02595], [77.7044, 13.02601], [77.70446, 13.02602], [77.70518, 13.02615], [77.70539, 13.02619], [77.70838, 13.02571], [77.70924, 13.02527], [77.7099, 13.02566], [77.71058, 13.02607], [77.71889, 13.03054], [77.72091, 13.02432], [77.72565, 13.02408], [77.7256, 13.01564], [77.72833, 13.01232], [77.72828, 13.0118], [77.72801, 13.01048], [77.7287, 13.01061], [77.72957, 13.01071], [77.72958, 13.01071], [77.72964, 13.01072], [77.73172, 13.00819], [77.73611, 13.00774], [77.7361, 13.00749], [77.73638, 13.00771], [77.74097, 13.00725], [77.74099, 13.00715], [77.74247, 13.0071], [77.74792, 13.00654], [77.74798, 13.00653], [77.74792, 13.00654], [77.74886, 13.00645], [77.74755, 13.00991], [77.74944, 13.01191], [77.74974, 13.01165], [77.74972, 13.01151], [77.74997, 13.01143], [77.75033, 13.01128], [77.75069, 13.01136], [77.75125, 13.01114], [77.7517, 13.0109], [77.75217, 13.01085], [77.75225, 13.01081], [77.75245, 13.01073], [77.75269, 13.01066], [77.75284, 13.01052], [77.75293, 13.01037], [77.75302, 13.01028], [77.75318, 13.01018], [77.75333, 13.01005], [77.75347, 13.00991], [77.75365, 13.00984], [77.75376, 13.00975], [77.7539, 13.00963], [77.75412, 13.00945], [77.75424, 13.00927], [77.75429, 13.00918], [77.75436, 13.00902], [77.75442, 13.00895], [77.75443, 13.00892], [77.75452, 13.0089], [77.75459, 13.0089], [77.75463, 13.00889], [77.75467, 13.00888], [77.75477, 13.00883], [77.75478, 13.00881], [77.75481, 13.00882], [77.75484, 13.00885], [77.75486, 13.00888], [77.75491, 13.00901], [77.75505, 13.00928], [77.75507, 13.00934], [77.75507, 13.0095], [77.75508, 13.00965], [77.75514, 13.00988], [77.7552, 13.01001], [77.7552, 13.0101], [77.75522, 13.01016], [77.75523, 13.01022], [77.75523, 13.01022], [77.7563, 13.00987], [77.75644, 13.00978], [77.75671, 13.00956], [77.75698, 13.0093], [77.75712, 13.00913], [77.75721, 13.00901], [77.75735, 13.00887], [77.75769, 13.00871], [77.75811, 13.00857], [77.7583, 13.00844], [77.75832, 13.00843], [77.75846, 13.0083], [77.7586, 13.00821], [77.75874, 13.00802], [77.75881, 13.00794], [77.75889, 13.00788], [77.75898, 13.00787], [77.75907, 13.00787], [77.75919, 13.00786], [77.75926, 13.00785], [77.75958, 13.00755], [77.75959, 13.00751], [77.75961, 13.00747], [77.75962, 13.00742], [77.75962, 13.00734], [77.75964, 13.00698], [77.75962, 13.00685], [77.75953, 13.00657], [77.7595, 13.00643], [77.75942, 13.0063], [77.75938, 13.00622], [77.75937, 13.00616], [77.75935, 13.00609], [77.75936, 13.006], [77.75937, 13.00595], [77.75941, 13.0059], [77.75946, 13.00585], [77.7595, 13.00581], [77.75968, 13.00568], [77.75992, 13.00554], [77.76012, 13.00539], [77.76027, 13.00527], [77.76046, 13.00509], [77.76066, 13.00498], [77.76076, 13.00491], [77.76085, 13.00489], [77.76101, 13.00498], [77.76117, 13.00501], [77.76134, 13.00508], [77.76147, 13.00515], [77.76163, 13.00518], [77.76178, 13.00519], [77.76186, 13.00517], [77.76199, 13.00512], [77.76211, 13.00503], [77.7622, 13.00492], [77.76225, 13.00486], [77.76229, 13.0048], [77.76236, 13.00473], [77.7624, 13.00468], [77.76246, 13.00454], [77.76251, 13.00444], [77.76251, 13.00444], [77.75853, 13.00448], [77.75755, 13.00151], [77.75749, 13.00182], [77.75755, 13.00151], [77.75602, 12.9969], [77.75473, 12.9971], [77.75472, 12.99709], [77.75336, 12.9973], [77.75155, 12.99758], [77.75336, 12.9973], [77.75472, 12.99709], [77.75473, 12.9971], [77.75602, 12.9969], [77.75294, 12.98756], [77.74771, 12.98877], [77.74314, 12.9998], [77.7396, 12.99961], [77.72807, 12.98828], [77.72793, 12.97669], [77.72191, 12.97392], [77.72306, 12.96873], [77.71881, 12.96789], [77.71633, 12.97186], [77.70866, 12.96936], [77.70056, 12.95972], [77.69292, 12.95632], [77.69312, 12.94946], [77.7054, 12.94671], [77.72299, 12.95761], [77.73647, 12.94559], [77.74975, 12.94862], [77.75998, 12.96555], [77.75653, 12.97125], [77.75773, 12.97632], [77.76229, 12.97966], [77.76486, 12.98154], [77.77036, 12.98021], [77.77433, 12.98554], [77.77346, 13.00188], [77.77348, 13.00188], [77.77444, 12.99349], [77.77418, 12.992], [77.77461, 12.99204], [77.77574, 12.98221], [77.77565, 12.98214], [77.77542, 12.98149], [77.77536, 12.98141], [77.7752, 12.98126], [77.77503, 12.98109], [77.77476, 12.9807], [77.77472, 12.98052], [77.77493, 12.9804], [77.77526, 12.98024], [77.7754, 12.98021], [77.77547, 12.98013], [77.77591, 12.97993], [77.77601, 12.97982], [77.77652, 12.97542], [77.77651, 12.97541], [77.77648, 12.97535], [77.77616, 12.97497], [77.77665, 12.97431], [77.77665, 12.97431], [77.77705, 12.97078], [77.76537, 12.95971], [77.76488, 12.9599], [77.76479, 12.95946], [77.76457, 12.95949], [77.76443, 12.95882], [77.76422, 12.95862], [77.76445, 12.93928], [77.75485, 12.93199], [77.73368, 12.93192], [77.72689, 12.92013], [77.71821, 12.92211], [77.72298, 12.90912], [77.72052, 12.9089], [77.7204, 12.9089], [77.72024, 12.90887], [77.71789, 12.90866], [77.71791, 12.90887], [77.71777, 12.90894], [77.71764, 12.90897], [77.71729, 12.90875], [77.71717, 12.9086], [77.70981, 12.90793], [77.70949, 12.90794], [77.70835, 12.90815], [77.708, 12.90645], [77.70799, 12.90643], [77.70622, 12.90243], [77.70584, 12.9025], [77.70579, 12.90253], [77.70484, 12.90299], [77.70406, 12.90339], [77.70398, 12.90343], [77.70355, 12.90365], [77.70285, 12.90404], [77.7024, 12.90358], [77.70082, 12.90403], [77.70036, 12.9041], [77.69933, 12.90429], [77.69785, 12.90454], [77.69766, 12.90418], [77.6974, 12.90415], [77.69696, 12.90407], [77.69678, 12.90412], [77.69644, 12.90413], [77.69105, 12.90506], [77.691, 12.90531], [77.69097, 12.9054], [77.70561, 12.90442], [77.70815, 12.9089], [77.7124, 12.90995], [77.71123, 12.91942], [77.70659, 12.92012], [77.70525, 12.9254], [77.68639, 12.92348], [77.68582, 12.92385], [77.67564, 12.93035], [77.66879, 12.93016], [77.66387, 12.91383], [77.67661, 12.91408], [77.67855, 12.90707], [77.67595, 12.90057], [77.68671, 12.90594], [77.68698, 12.90466], [77.68578, 12.90443], [77.68632, 12.90388], [77.68722, 12.90352], [77.68732, 12.90305], [77.68633, 12.90237], [77.68621, 12.90237], [77.68616, 12.90237], [77.68553, 12.90218], [77.68532, 12.90188], [77.68456, 12.90184], [77.68445, 12.90187], [77.68422, 12.90164], [77.68397, 12.90167], [77.68338, 12.90158], [77.68301, 12.90156], [77.68245, 12.90143], [77.68236, 12.90135], [77.68222, 12.90087], [77.68217, 12.90016], [77.68228, 12.89996], [77.68197, 12.89967], [77.68185, 12.89956], [77.68064, 12.89851], [77.68024, 12.89816], [77.67241, 12.89275], [77.66247, 12.89389], [77.65635, 12.88805], [77.64729, 12.88577], [77.65309, 12.88069], [77.65337, 12.88094], [77.66268, 12.88934], [77.66745, 12.88929], [77.6658, 12.88518], [77.67304, 12.8828], [77.67358, 12.8799], [77.67294, 12.88001], [77.67198, 12.88015], [77.67104, 12.8803], [77.67129, 12.87998], [77.67162, 12.87956], [77.67211, 12.87889], [77.67247, 12.87846], [77.67271, 12.87834], [77.67324, 12.87805], [77.67343, 12.87766], [77.67357, 12.87745], [77.67375, 12.87707], [77.67386, 12.87674], [77.67402, 12.8764], [77.67406, 12.87633], [77.67408, 12.87629], [77.67426, 12.87578], [77.67439, 12.87555], [77.67488, 12.87296], [77.67228, 12.869], [77.66481, 12.86579], [77.663, 12.86035], [77.65954, 12.85862], [77.65931, 12.85862], [77.65901, 12.85851], [77.65856, 12.85837], [77.65766, 12.85815], [77.65749, 12.85839], [77.65749, 12.85832], [77.65753, 12.85761], [77.65358, 12.85563], [77.65308, 12.85549], [77.6531, 12.85539], [77.65181, 12.85474], [77.65161, 12.85477], [77.65145, 12.85467], [77.65134, 12.85461], [77.65062, 12.85439], [77.65034, 12.85439], [77.65038, 12.85402], [77.64702, 12.85233], [77.64339, 12.85365], [77.6424, 12.8654], [77.63785, 12.86621], [77.63242, 12.86133], [77.63224, 12.86125], [77.63219, 12.86123], [77.63173, 12.86088], [77.63164, 12.86079], [77.63147, 12.86069], [77.63133, 12.86058], [77.63117, 12.86048], [77.63107, 12.86034], [77.63083, 12.86013], [77.63064, 12.85993], [77.63059, 12.85969], [77.62868, 12.85797], [77.62232, 12.85786], [77.6214, 12.85794], [77.62028, 12.85794], [77.61972, 12.85797], [77.61951, 12.85802], [77.61904, 12.85814], [77.61885, 12.85783], [77.61885, 12.8578], [77.61707, 12.85777], [77.61684, 12.85756], [77.61679, 12.85757], [77.61678, 12.85751], [77.61018, 12.85136], [77.60985, 12.85133], [77.60918, 12.85126], [77.60917, 12.85118], [77.60912, 12.85038], [77.6076, 12.84896], [77.5971, 12.84858], [77.59689, 12.84866], [77.59656, 12.8488], [77.59634, 12.84886], [77.59562, 12.84916], [77.5954, 12.84873], [77.59523, 12.8484], [77.59518, 12.84816], [77.59485, 12.84745], [77.59458, 12.84652], [77.59452, 12.84633], [77.59442, 12.84579], [77.59439, 12.84561], [77.59436, 12.84479], [77.59327, 12.84054], [77.58602, 12.83505], [77.58244, 12.83689], [77.58243, 12.8369], [77.58238, 12.83692], [77.58183, 12.83721], [77.58178, 12.83724], [77.58128, 12.83752], [77.58061, 12.83784], [77.58059, 12.83784], [77.57634, 12.84003], [77.56028, 12.84075], [77.55509, 12.84744], [77.55495, 12.84767], [77.55485, 12.84774], [77.55477, 12.84785], [77.55469, 12.84786], [77.55448, 12.84801], [77.55415, 12.84795], [77.53853, 12.85047], [77.53278, 12.85807], [77.52013, 12.85876], [77.52542, 12.86203], [77.52114, 12.86542], [77.52114, 12.86778], [77.52292, 12.87056], [77.52298, 12.87057], [77.52204, 12.87113], [77.52114, 12.87166], [77.52114, 12.8718], [77.521, 12.87174], [77.52087, 12.87182], [77.52027, 12.87218], [77.51944, 12.87179], [77.51858, 12.87092], [77.51849, 12.87083], [77.51232, 12.86857], [77.50563, 12.87612], [77.50542, 12.87659], [77.50525, 12.87663], [77.50518, 12.87663], [77.50488, 12.87696], [77.50475, 12.87692], [77.50466, 12.87699], [77.50459, 12.87703], [77.50323, 12.87642], [77.49627, 12.87416], [77.48408, 12.88577], [77.48243, 12.89225], [77.48594, 12.89603], [77.4779, 12.90814], [77.47751, 12.92168], [77.48605, 12.93338], [77.48799, 12.93268], [77.48799, 12.93268], [77.48798, 12.93268], [77.48799, 12.93268], [77.48799, 12.93268], [77.4988, 12.92875], [77.51431, 12.94151], [77.51472, 12.94138], [77.51472, 12.94132], [77.51468, 12.94127], [77.51466, 12.94124], [77.51468, 12.94127], [77.51472, 12.94132], [77.51472, 12.94138], [77.52069, 12.9395], [77.52031, 12.95003], [77.51821, 12.9542], [77.50696, 12.95666], [77.49716, 12.94749], [77.49644, 12.93742], [77.49098, 12.93553], [77.48899, 12.94094], [77.49154, 12.94526], [77.48573, 12.94671], [77.48861, 12.95358], [77.49692, 12.96184], [77.49673, 12.96852], [77.49364, 12.9697], [77.49104, 12.96366], [77.4852, 12.96475], [77.47964, 12.96137], [77.47775, 12.97781], [77.47097, 12.99101], [77.47282, 12.99674], [77.47288, 12.99673], [77.47305, 12.99731], [77.47317, 12.99749], [77.47328, 12.99788], [77.47349, 12.9986], [77.47357, 12.99887], [77.4742, 12.99922], [77.47435, 12.99985], [77.47453, 13.0006], [77.47478, 13.00075], [77.47485, 13.00111], [77.47527, 13.00256], [77.47542, 13.00339], [77.47527, 13.00341], [77.47519, 13.00343], [77.47518, 13.004], [77.47518, 13.00407], [77.47704, 13.00983], [77.49023, 13.01927], [77.49544, 13.01849], [77.49863, 13.02408], [77.49658, 13.03193], [77.48992, 13.03385], [77.49602, 13.04175], [77.49258, 13.05119], [77.49591, 13.05872], [77.49325, 13.0628], [77.49426, 13.07014], [77.50737, 13.07412], [77.5107, 13.06706], [77.51899, 13.06581], [77.51797, 13.06055], [77.52523, 13.05362], [77.52685, 13.05609], [77.52285, 13.06556], [77.52589, 13.07248], [77.52242, 13.07594], [77.53076, 13.07483], [77.53282, 13.08332], [77.534, 13.0882], [77.53958, 13.08789], [77.54264, 13.08772], [77.54966, 13.08733], [77.55114, 13.09393], [77.56526, 13.10853], [77.5736, 13.1074], [77.57601, 13.10849], [77.576, 13.10833], [77.576, 13.10833], [77.57601, 13.10849], [77.58176, 13.11109], [77.59608, 13.10393], [77.60161, 13.10517], [77.60562, 13.11271], [77.61077, 13.11243], [77.60952, 13.10297]], [[77.75901, 12.97367], [77.76273, 12.96893], [77.7695, 12.97168], [77.7693, 12.97739], [77.76506, 12.97844], [77.75901, 12.97367]], [[77.75401, 13.00564], [77.75632, 13.00673], [77.75627, 13.00685], [77.75231, 13.00849], [77.75401, 13.00564]], [[77.7297, 12.99986], [77.72828, 12.99766], [77.73041, 12.99878], [77.7297, 12.99986]], [[77.71886, 12.98077], [77.72482, 12.98115], [77.72487, 12.98513], [77.72106, 12.98543], [77.71886, 12.98077]], [[77.7021, 13.02098], [77.70766, 13.01209], [77.71306, 13.01397], [77.71022, 13.01003], [77.71556, 13.00541], [77.7191, 13.0155], [77.71533, 13.02019], [77.71709, 13.02553], [77.7021, 13.02098]], [[77.70117, 12.94241], [77.70254, 12.93679], [77.70721, 12.93776], [77.71797, 12.93997], [77.71735, 12.94681], [77.70117, 12.94241]], [[77.70507, 12.92963], [77.70445, 12.92883], [77.70519, 12.92882], [77.70507, 12.92963]], [[77.69102, 12.98307], [77.68231, 12.98577], [77.68086, 12.98327], [77.68629, 12.97834], [77.70178, 12.98082], [77.7001, 12.98647], [77.69393, 12.98655], [77.69102, 12.98307]], [[77.69967, 13.02493], [77.70014, 13.02457], [77.70016, 13.02498], [77.69967, 13.02493]], [[77.69143, 13.00943], [77.6931, 13.00822], [77.6978, 13.00481], [77.69887, 13.01124], [77.6942, 13.01302], [77.69143, 13.00943]], [[77.68624, 12.95806], [77.68137, 12.95527], [77.67131, 12.95938], [77.65197, 12.9531], [77.64344, 12.9568], [77.64195, 12.94914], [77.63033, 12.96115], [77.62039, 12.95995], [77.62279, 12.95107], [77.62243, 12.95124], [77.62231, 12.9513], [77.62279, 12.95107], [77.62342, 12.94875], [77.63299, 12.94105], [77.63226, 12.93927], [77.63114, 12.93657], [77.63913, 12.92572], [77.6403, 12.92413], [77.64016, 12.92375], [77.63808, 12.91835], [77.65148, 12.92176], [77.65297, 12.92214], [77.65295, 12.92104], [77.65262, 12.90492], [77.65819, 12.90961], [77.65949, 12.91071], [77.66453, 12.92191], [77.66436, 12.93185], [77.65869, 12.93305], [77.65837, 12.9367], [77.66863, 12.93942], [77.67125, 12.94721], [77.67229, 12.94788], [77.69413, 12.96202], [77.69194, 12.96727], [77.68842, 12.96687], [77.68832, 12.96686], [77.68624, 12.95806]], [[77.68481, 13.00345], [77.69001, 13.00134], [77.68844, 13.0075], [77.68401, 13.00848], [77.68481, 13.00345]], [[77.66913, 13.01024], [77.66568, 12.99243], [77.6693, 12.98853], [77.67594, 12.98872], [77.68268, 12.9942], [77.67283, 13.00004], [77.68089, 13.00718], [77.68073, 13.01367], [77.6842, 13.0166], [77.67872, 13.01862], [77.66913, 13.01024]], [[77.6777, 12.9331], [77.68012, 12.93243], [77.68067, 12.93731], [77.67736, 12.93739], [77.6777, 12.9331]], [[77.67556, 12.9663], [77.67934, 12.96798], [77.67886, 12.97128], [77.66742, 12.97233], [77.67556, 12.9663]], [[77.66433, 12.8714], [77.65209, 12.87337], [77.64833, 12.86672], [77.64951, 12.86351], [77.64979, 12.86274], [77.66036, 12.86236], [77.65731, 12.86465], [77.65826, 12.86929], [77.66718, 12.8685], [77.67168, 12.87346], [77.66433, 12.8714]], [[77.66857, 12.98074], [77.6715, 12.98117], [77.67149, 12.98321], [77.66843, 12.98305], [77.66857, 12.98074]], [[77.66764, 12.9671], [77.66601, 12.96475], [77.66843, 12.96539], [77.66764, 12.9671]], [[77.49962, 12.99045], [77.5052, 12.98295], [77.49937, 12.97495], [77.50312, 12.97383], [77.50539, 12.96895], [77.49901, 12.96662], [77.49835, 12.95862], [77.49059, 12.95243], [77.49056, 12.94842], [77.49454, 12.94622], [77.49544, 12.94745], [77.50359, 12.95863], [77.50335, 12.95801], [77.50334, 12.95798], [77.50328, 12.95783], [77.50317, 12.95757], [77.50304, 12.95727], [77.50303, 12.95724], [77.50304, 12.95727], [77.50317, 12.95757], [77.50328, 12.95783], [77.50334, 12.95798], [77.50335, 12.95801], [77.50359, 12.95863], [77.50464, 12.96007], [77.52071, 12.95453], [77.52174, 12.93825], [77.52172, 12.93824], [77.52137, 12.93795], [77.52129, 12.93787], [77.52137, 12.93795], [77.52172, 12.93824], [77.52174, 12.93825], [77.52214, 12.93211], [77.51829, 12.93202], [77.51537, 12.93876], [77.50618, 12.93172], [77.50766, 12.92192], [77.50741, 12.92194], [77.50683, 12.92204], [77.50673, 12.92208], [77.50683, 12.92204], [77.50741, 12.92194], [77.50766, 12.92192], [77.50769, 12.92167], [77.50739, 12.92113], [77.50769, 12.92167], [77.50817, 12.91855], [77.52349, 12.91581], [77.52309, 12.92441], [77.52699, 12.93328], [77.5316, 12.9304], [77.53178, 12.92806], [77.53169, 12.92805], [77.53154, 12.92799], [77.5315, 12.92796], [77.53143, 12.92787], [77.53143, 12.92787], [77.53143, 12.92787], [77.5315, 12.92796], [77.53154, 12.92799], [77.53169, 12.92805], [77.53178, 12.92806], [77.5316, 12.9304], [77.53635, 12.92744], [77.53689, 12.92677], [77.54193, 12.92038], [77.53633, 12.91141], [77.53681, 12.90539], [77.54355, 12.90021], [77.54908, 12.90622], [77.55391, 12.90463], [77.55018, 12.88256], [77.5557, 12.88079], [77.56127, 12.89007], [77.56746, 12.89028], [77.56266, 12.88126], [77.56828, 12.87709], [77.56585, 12.86991], [77.56883, 12.86879], [77.57255, 12.87699], [77.57947, 12.87526], [77.5754, 12.8688], [77.58661, 12.86674], [77.58148, 12.8606], [77.5868, 12.85944], [77.58838, 12.85431], [77.60259, 12.86234], [77.59684, 12.86863], [77.60396, 12.87557], [77.61342, 12.87073], [77.61352, 12.87082], [77.61401, 12.87123], [77.61787, 12.87448], [77.61767, 12.88016], [77.61643, 12.88114], [77.61486, 12.88238], [77.61301, 12.88384], [77.60894, 12.88705], [77.61076, 12.89095], [77.62707, 12.88869], [77.6314, 12.89242], [77.63298, 12.88888], [77.63776, 12.88857], [77.64407, 12.89878], [77.65229, 12.89869], [77.65397, 12.89585], [77.65481, 12.89442], [77.66459, 12.89693], [77.66621, 12.90372], [77.66422, 12.90465], [77.65751, 12.89804], [77.64854, 12.90272], [77.64416, 12.9025], [77.64219, 12.89873], [77.64245, 12.90346], [77.63481, 12.9069], [77.62505, 12.90435], [77.6165, 12.896], [77.60857, 12.89862], [77.60745, 12.90493], [77.59581, 12.9019], [77.58586, 12.91067], [77.56337, 12.91073], [77.56408, 12.9239], [77.57919, 12.92198], [77.58094, 12.92776], [77.58603, 12.93012], [77.58377, 12.93667], [77.58401, 12.93666], [77.58491, 12.93663], [77.58452, 12.93664], [77.584, 12.93666], [77.58377, 12.93667], [77.5797, 12.94847], [77.58744, 12.95122], [77.58224, 12.95431], [77.57543, 12.95287], [77.56819, 12.96579], [77.56801, 12.96612], [77.56816, 12.9662], [77.56817, 12.96612], [77.56818, 12.96595], [77.56817, 12.96612], [77.56817, 12.96613], [77.56816, 12.9662], [77.57086, 12.96771], [77.5726, 12.96869], [77.56856, 12.97157], [77.56287, 12.97563], [77.55987, 12.97777], [77.56077, 12.98643], [77.56709, 12.98916], [77.56688, 12.993], [77.55387, 12.99448], [77.54527, 12.99931], [77.54293, 12.99637], [77.55034, 12.99283], [77.54971, 12.98649], [77.54541, 12.98498], [77.54415, 12.98454], [77.53569, 12.98853], [77.53378, 12.99826], [77.53767, 13.00395], [77.53504, 13.01212], [77.54454, 13.01804], [77.53947, 13.02386], [77.52354, 13.02241], [77.51619, 13.02692], [77.51792, 13.03438], [77.51847, 13.03678], [77.52563, 13.04354], [77.53054, 13.04819], [77.52763, 13.05157], [77.52022, 13.04928], [77.51234, 13.05349], [77.51043, 13.06466], [77.50092, 13.07049], [77.49573, 13.06501], [77.5024, 13.05833], [77.49479, 13.05145], [77.5017, 13.04475], [77.49811, 13.03475], [77.4989, 13.03414], [77.49888, 13.03398], [77.49888, 13.03399], [77.4989, 13.03414], [77.50592, 13.02878], [77.50621, 13.02391], [77.49918, 13.02187], [77.49464, 13.01407], [77.49087, 13.01473], [77.48976, 13.00587], [77.49604, 13.00131], [77.49172, 12.99058], [77.4849, 12.99159], [77.47649, 12.98663], [77.486, 12.98258], [77.49147, 12.99028], [77.49962, 12.99045]], [[77.58491, 12.93663], [77.58491, 12.93663], [77.58491, 12.93663], [77.58491, 12.93663]], [[77.63829, 13.00281], [77.63662, 13.0021], [77.62895, 12.99107], [77.63307, 12.98273], [77.64131, 12.98471], [77.64268, 12.9861], [77.65113, 12.99464], [77.66462, 12.99693], [77.66346, 13.00001], [77.66188, 13.00423], [77.64454, 13.00548], [77.63829, 13.00281]], [[77.66134, 12.98504], [77.65944, 12.98294], [77.66177, 12.98338], [77.66134, 12.98504]], [[77.65607, 13.02826], [77.65926, 13.0293], [77.65296, 13.03288], [77.65183, 13.03086], [77.65607, 13.02826]], [[77.55729, 13.0722], [77.55055, 13.06017], [77.55909, 13.05962], [77.55768, 13.06391], [77.5614, 13.07281], [77.57432, 13.06044], [77.55732, 13.04053], [77.54504, 13.05057], [77.54641, 13.03857], [77.55259, 13.03819], [77.55443, 13.03576], [77.55349, 13.03172], [77.5488, 13.02861], [77.55591, 13.0215], [77.56105, 13.02492], [77.5571, 13.03487], [77.56117, 13.04078], [77.56137, 13.04065], [77.56488, 13.03841], [77.56502, 13.03822], [77.56508, 13.03814], [77.56488, 13.03841], [77.57629, 13.03112], [77.58299, 13.04485], [77.58968, 13.04515], [77.58677, 13.02752], [77.59951, 13.02495], [77.60024, 13.02422], [77.60453, 13.01991], [77.60647, 13.01796], [77.6049, 13.01287], [77.61694, 13.0076], [77.62278, 13.01868], [77.62798, 13.02057], [77.62815, 13.02545], [77.63626, 13.02726], [77.63605, 13.03085], [77.64479, 13.03052], [77.64789, 13.03662], [77.65197, 13.03695], [77.65093, 13.03901], [77.62984, 13.03872], [77.6323, 13.04928], [77.64093, 13.05193], [77.64004, 13.04649], [77.6426, 13.04575], [77.6471, 13.04959], [77.64705, 13.04951], [77.64705, 13.04951], [77.6471, 13.04959], [77.65488, 13.05623], [77.65445, 13.06492], [77.65034, 13.06981], [77.64201, 13.06541], [77.64016, 13.07151], [77.63362, 13.07544], [77.63054, 13.07342], [77.63862, 13.06442], [77.64483, 13.06251], [77.63984, 13.05881], [77.63994, 13.05358], [77.63805, 13.05347], [77.635, 13.05328], [77.63183, 13.0574], [77.62215, 13.05891], [77.62075, 13.06563], [77.60513, 13.06664], [77.60264, 13.07333], [77.59145, 13.07136], [77.58672, 13.06543], [77.58356, 13.06955], [77.56243, 13.07381], [77.56013, 13.07844], [77.55391, 13.07921], [77.55729, 13.0722]], [[77.64304, 12.96522], [77.65322, 12.96542], [77.65262, 12.96723], [77.64312, 12.96884], [77.64304, 12.96522]], [[77.64846, 12.89279], [77.649, 12.89347], [77.64892, 12.89358], [77.64846, 12.89279]], [[77.62926, 12.88302], [77.63563, 12.88368], [77.63443, 12.88553], [77.62974, 12.88582], [77.62926, 12.88302]], [[77.6289, 12.92164], [77.6272, 12.91958], [77.62932, 12.92001], [77.6289, 12.92164]], [[77.62616, 12.87079], [77.62832, 12.87056], [77.62838, 12.87446], [77.62514, 12.87474], [77.62616, 12.87079]], [[77.62738, 13.01692], [77.62655, 13.01572], [77.62761, 13.01617], [77.62738, 13.01692]], [[77.56404, 13.02309], [77.56748, 13.01389], [77.56332, 13.01156], [77.56326, 13.00559], [77.57931, 13.00405], [77.58335, 12.99885], [77.57849, 12.99027], [77.57301, 12.98837], [77.57182, 12.97627], [77.58121, 12.96553], [77.59303, 12.96242], [77.60178, 12.95532], [77.61038, 12.95448], [77.61032, 12.96751], [77.61634, 12.97049], [77.61565, 12.97451], [77.62496, 12.99084], [77.62007, 12.99188], [77.61067, 12.98526], [77.61035, 12.9853], [77.60565, 12.98588], [77.60289, 12.99631], [77.59412, 13.00601], [77.59535, 13.0104], [77.60246, 13.00639], [77.60181, 13.00139], [77.60176, 13.00102], [77.61207, 13.00379], [77.60004, 13.01259], [77.60356, 13.0171], [77.58367, 13.01451], [77.57608, 13.0204], [77.57343, 13.02836], [77.56779, 13.02769], [77.56404, 13.02309]], [[77.61975, 12.93283], [77.6152, 12.93279], [77.61598, 12.93094], [77.61975, 12.93283]], [[77.61102, 12.90481], [77.61135, 12.90029], [77.61698, 12.90116], [77.61325, 12.90592], [77.61318, 12.90601], [77.61096, 12.90562], [77.61102, 12.90481]], [[77.60829, 12.94393], [77.61639, 12.94462], [77.61615, 12.94882], [77.6086, 12.94841], [77.60829, 12.94393]], [[77.60729, 12.86759], [77.60796, 12.86776], [77.60795, 12.86789], [77.60729, 12.86759]], [[77.59673, 13.10127], [77.59624, 13.10005], [77.59718, 13.10047], [77.59673, 13.10127]], [[77.5946, 13.08753], [77.59508, 13.08721], [77.59514, 13.08759], [77.5946, 13.08753]], [[77.58374, 12.84616], [77.58441, 12.84532], [77.58444, 12.84634], [77.58374, 12.84616]], [[77.58322, 13.08108], [77.58589, 13.07921], [77.58598, 13.0793], [77.58565, 13.08558], [77.58322, 13.08108]], [[77.58159, 13.09558], [77.57877, 13.09349], [77.5826, 13.09325], [77.58159, 13.09558]], [[77.56454, 13.07919], [77.5754, 13.0739], [77.58109, 13.08348], [77.5809, 13.09072], [77.56998, 13.09318], [77.56269, 13.09482], [77.56454, 13.07919]], [[77.56454, 13.10362], [77.56399, 13.09933], [77.5726, 13.09799], [77.57223, 13.10446], [77.56454, 13.10362]], [[77.54332, 13.06837], [77.53649, 13.06625], [77.53547, 13.05768], [77.53521, 13.05549], [77.53496, 13.05339], [77.53026, 13.05159], [77.53794, 13.04681], [77.53716, 13.03513], [77.53679, 13.02958], [77.54701, 13.03278], [77.5512, 13.03409], [77.54838, 13.03509], [77.54522, 13.03621], [77.54396, 13.03665], [77.54455, 13.04075], [77.54468, 13.04161], [77.53899, 13.04521], [77.54359, 13.05394], [77.55832, 13.04798], [77.57181, 13.05938], [77.56824, 13.06286], [77.56174, 13.0692], [77.5612, 13.0579], [77.54861, 13.05583], [77.54743, 13.06134], [77.55479, 13.07418], [77.55287, 13.07459], [77.54731, 13.07579], [77.54332, 13.06837]], [[77.56489, 12.86368], [77.5641, 12.8628], [77.5648, 12.8626], [77.56489, 12.86368]], [[77.55463, 13.09073], [77.55451, 13.09069], [77.557, 13.08642], [77.5581, 13.08908], [77.55463, 13.09073]], [[77.52707, 12.92361], [77.52706, 12.92362], [77.52707, 12.92361], [77.52534, 12.90052], [77.51685, 12.90061], [77.51819, 12.90931], [77.51233, 12.91272], [77.50596, 12.91643], [77.50494, 12.92263], [77.50501, 12.92274], [77.50504, 12.92277], [77.50501, 12.92274], [77.50494, 12.92263], [77.50482, 12.92339], [77.50106, 12.92111], [77.5014, 12.91373], [77.50056, 12.91366], [77.50055, 12.9142], [77.50055, 12.91436], [77.50055, 12.9142], [77.50056, 12.91366], [77.48951, 12.91268], [77.49133, 12.90745], [77.49125, 12.90743], [77.49118, 12.90743], [77.49125, 12.90743], [77.49133, 12.90745], [77.49204, 12.90541], [77.48979, 12.89736], [77.49318, 12.89291], [77.51612, 12.88327], [77.54111, 12.88869], [77.55062, 12.90102], [77.54297, 12.89755], [77.53374, 12.90479], [77.53375, 12.91186], [77.53946, 12.91978], [77.53131, 12.92605], [77.53132, 12.92615], [77.53139, 12.9265], [77.53145, 12.92681], [77.53146, 12.92687], [77.53145, 12.92681], [77.53139, 12.9265], [77.53132, 12.92615], [77.53131, 12.92605], [77.52747, 12.929], [77.52707, 12.92361]], [[77.54748, 13.08262], [77.54975, 13.08329], [77.54975, 13.08342], [77.54764, 13.08554], [77.54748, 13.08262]], [[77.54671, 12.86498], [77.54438, 12.86262], [77.54582, 12.8618], [77.54671, 12.86498]], [[77.53702, 12.87055], [77.53744, 12.86905], [77.5421, 12.8733], [77.53841, 12.87469], [77.53702, 12.87055]], [[77.54383, 13.08172], [77.54402, 13.0815], [77.54415, 13.08177], [77.54383, 13.08172]], [[77.52859, 13.06261], [77.53024, 13.0628], [77.53004, 13.06509], [77.52765, 13.06475], [77.52859, 13.06261]], [[77.52786, 13.02822], [77.52622, 13.02624], [77.5284, 13.02716], [77.52786, 13.02822]], [[77.50184, 12.97136], [77.49969, 12.96933], [77.50261, 12.96978], [77.50184, 12.97136]], [[77.49675, 12.92456], [77.4958, 12.92352], [77.49734, 12.92374], [77.49675, 12.92456]], [[77.48249, 12.91682], [77.48249, 12.91666], [77.4823, 12.91673], [77.4823, 12.91673], [77.48249, 12.91666], [77.4825, 12.9142], [77.48246, 12.91409], [77.48232, 12.91382], [77.48226, 12.91368], [77.48225, 12.91367], [77.48222, 12.9136], [77.48225, 12.91367], [77.48226, 12.91368], [77.48232, 12.91382], [77.48246, 12.91409], [77.4825, 12.91419], [77.48251, 12.91229], [77.49017, 12.92178], [77.49, 12.93027], [77.48784, 12.93057], [77.48249, 12.91682]], [[77.75717, 13.00331], [77.75716, 13.00337], [77.75717, 13.00331], [77.7572, 13.00321], [77.75717, 13.00331]], [[77.75632, 13.00449], [77.75645, 13.00442], [77.75701, 13.00414], [77.75701, 13.00412], [77.75701, 13.00414], [77.75645, 13.00442], [77.75632, 13.00449], [77.75628, 13.00452], [77.75632, 13.00449]], [[77.7555, 13.00498], [77.75545, 13.00502], [77.7555, 13.00498], [77.75563, 13.00491], [77.7555, 13.00498]], [[77.75512, 13.00528], [77.75516, 13.00526], [77.75512, 13.00528], [77.75511, 13.00529], [77.75501, 13.00514], [77.75511, 13.00529], [77.75512, 13.00528]], [[77.7542, 13.00454], [77.75429, 13.00459], [77.7542, 13.00454], [77.7542, 13.00454]], [[77.75333, 13.00465], [77.7532, 13.00476], [77.75333, 13.00465], [77.75354, 13.00454], [77.7536, 13.00452], [77.75364, 13.0045], [77.75388, 13.00449], [77.75393, 13.00449], [77.75388, 13.00449], [77.75364, 13.0045], [77.7536, 13.00451], [77.75354, 13.00454], [77.75333, 13.00465]], [[77.752, 13.00582], [77.75196, 13.00586], [77.752, 13.00582], [77.75216, 13.00566], [77.75263, 13.0052], [77.75281, 13.00505], [77.75294, 13.00493], [77.75309, 13.00483], [77.75294, 13.00493], [77.75281, 13.00505], [77.75264, 13.0052], [77.75216, 13.00566], [77.752, 13.00582]], [[77.75098, 13.00642], [77.75115, 13.00635], [77.75136, 13.00624], [77.75115, 13.00635], [77.75098, 13.00642], [77.75094, 13.00644], [77.75094, 13.00644], [77.75098, 13.00642]], [[77.75036, 12.99777], [77.7481, 12.99806], [77.74782, 12.9981], [77.74776, 12.99811], [77.74782, 12.9981], [77.7481, 12.99806], [77.75036, 12.99777], [77.75095, 12.99768], [77.75036, 12.99777]], [[77.74971, 13.0062], [77.74983, 13.00627], [77.75003, 13.00641], [77.75015, 13.00648], [77.75036, 13.00655], [77.75062, 13.0065], [77.75036, 13.00655], [77.75015, 13.00648], [77.75003, 13.00641], [77.74983, 13.00627], [77.74971, 13.0062]], [[77.74925, 13.00611], [77.74911, 13.00616], [77.74925, 13.00611], [77.7493, 13.00611], [77.74925, 13.00611]], [[77.74896, 13.00622], [77.74896, 13.00622], [77.74896, 13.00622], [77.74843, 13.00639], [77.74896, 13.00622], [77.74896, 13.00622]], [[77.73663, 12.99757], [77.73732, 12.99769], [77.73663, 12.99757], [77.7359, 12.99744], [77.73663, 12.99757]], [[77.73408, 12.99711], [77.73142, 12.99664], [77.73112, 12.99659], [77.73142, 12.99664], [77.73407, 12.99711], [77.73434, 12.99716], [77.73408, 12.99711]], [[77.72715, 12.99578], [77.7284, 12.99603], [77.72715, 12.99578], [77.7271, 12.99577], [77.72715, 12.99578]], [[77.72491, 13.01018], [77.7247, 13.01018], [77.72432, 13.01018], [77.7247, 13.01018], [77.72491, 13.01018], [77.72619, 13.0102], [77.72655, 13.01026], [77.72619, 13.0102], [77.72491, 13.01018]], [[77.72543, 12.99545], [77.72554, 12.99547], [77.72543, 12.99545], [77.72514, 12.99544], [77.72543, 12.99545]], [[77.72177, 13.01012], [77.72079, 13.01011], [77.72053, 13.01008], [77.72079, 13.01011], [77.72177, 13.01012], [77.72333, 13.01016], [77.72377, 13.01017], [77.72333, 13.01016], [77.72177, 13.01012]], [[77.72331, 12.9954], [77.72278, 12.99543], [77.72219, 12.99546], [77.72278, 12.99543], [77.72331, 12.9954], [77.72374, 12.9954], [77.72331, 12.9954]], [[77.72081, 12.99565], [77.72023, 12.99576], [77.71997, 12.99583], [77.71936, 12.99601], [77.71907, 12.99609], [77.71845, 12.99624], [77.71907, 12.99609], [77.71936, 12.99601], [77.71997, 12.99583], [77.72023, 12.99576], [77.72081, 12.99565]], [[77.72022, 13.01005], [77.72023, 13.01005], [77.72023, 13.01005], [77.72022, 13.01005]], [[77.72003, 13.01005], [77.72003, 13.01005], [77.72003, 13.01005], [77.72003, 13.01005]], [[77.7197, 13.01009], [77.7197, 13.01009], [77.71978, 13.01007], [77.71992, 13.01005], [77.72002, 13.01005], [77.71992, 13.01005], [77.71978, 13.01007], [77.7197, 13.01009]], [[77.71933, 13.00835], [77.71941, 13.00874], [77.71954, 13.00935], [77.71933, 13.00835], [77.71931, 13.00817], [77.71933, 13.00835]], [[77.71856, 13.00516], [77.71883, 13.00579], [77.71896, 13.00613], [77.719, 13.00635], [77.71896, 13.00613], [77.71883, 13.00579], [77.71856, 13.00516]], [[77.71638, 13.00447], [77.71611, 13.00446], [77.71585, 13.00444], [77.7158, 13.00445], [77.7156, 13.00446], [77.7158, 13.00445], [77.71585, 13.00444], [77.71611, 13.00446], [77.71638, 13.00447], [77.71642, 13.00447], [77.71638, 13.00447]], [[77.71554, 12.99695], [77.71578, 12.99688], [77.71554, 12.99695], [77.71513, 12.99706], [77.71554, 12.99695]], [[77.71421, 13.0046], [77.71423, 13.0046], [77.71421, 13.0046], [77.7141, 13.0046], [77.71421, 13.0046]], [[77.71408, 12.99734], [77.71374, 12.99743], [77.71333, 12.99754], [77.71246, 12.99774], [77.7107, 12.99817], [77.71062, 12.99819], [77.7107, 12.99817], [77.71246, 12.99774], [77.71333, 12.99754], [77.71374, 12.99743], [77.71408, 12.99734]], [[77.71369, 13.00463], [77.71355, 13.00464], [77.71336, 13.00461], [77.71312, 13.00458], [77.71286, 13.00453], [77.71312, 13.00458], [77.71336, 13.00461], [77.71355, 13.00464], [77.71369, 13.00463], [77.71389, 13.00462], [77.71369, 13.00463]], [[77.71234, 13.00444], [77.71238, 13.00444], [77.71275, 13.00451], [77.71238, 13.00444], [77.7123, 13.00443], [77.71234, 13.00444]], [[77.71154, 13.00436], [77.71153, 13.00436], [77.71147, 13.00435], [77.71153, 13.00435], [77.71154, 13.00436]], [[77.71106, 13.00433], [77.71092, 13.00432], [77.7107, 13.0043], [77.71092, 13.00432], [77.71106, 13.00433]], [[77.71042, 13.00429], [77.71052, 13.00429], [77.71062, 13.0043], [77.71042, 13.00429]], [[77.71009, 13.00428], [77.71002, 13.00428], [77.70948, 13.00427], [77.71002, 13.00428], [77.71009, 13.00428]], [[77.70901, 12.99863], [77.7089, 12.99865], [77.70901, 12.99863], [77.70904, 12.99862], [77.70926, 12.99854], [77.70904, 12.99862], [77.70901, 12.99863]], [[77.70892, 13.00427], [77.70884, 13.00427], [77.70892, 13.00427], [77.70901, 13.00427], [77.70905, 13.00427], [77.70922, 13.00427], [77.70905, 13.00427], [77.70892, 13.00427]], [[77.70869, 12.9987], [77.70871, 12.99869], [77.7087, 12.9987], [77.70863, 12.99872], [77.70869, 12.9987]], [[77.70817, 12.99886], [77.70833, 12.99881], [77.70839, 12.99879], [77.70833, 12.99881], [77.70817, 12.99886], [77.70817, 12.99886]], [[77.70736, 13.0043], [77.70722, 13.0043], [77.70713, 13.00431], [77.7071, 13.00414], [77.70713, 13.00431], [77.70736, 13.0043], [77.70743, 13.00429], [77.70764, 13.00427], [77.70775, 13.00426], [77.70736, 13.0043]], [[77.70587, 12.99931], [77.70636, 12.99923], [77.70719, 12.99906], [77.70636, 12.99923], [77.70587, 12.99931], [77.70587, 12.99931]], [[77.70699, 13.00342], [77.70695, 13.00315], [77.70694, 13.00305], [77.70695, 13.00315], [77.70699, 13.00342]], [[77.70651, 13.00169], [77.70644, 13.00146], [77.70642, 13.00141], [77.70644, 13.00146], [77.70651, 13.00169]], [[77.70602, 12.99988], [77.70608, 13.00012], [77.70623, 13.00072], [77.70602, 12.99988]], [[77.6943, 13.02657], [77.6943, 13.02658], [77.69434, 13.02664], [77.6943, 13.02658], [77.6943, 13.02657]], [[77.69183, 13.00801], [77.69183, 13.00801], [77.692, 13.00805], [77.69183, 13.00801]], [[77.69267, 13.02532], [77.69195, 13.02472], [77.69182, 13.02462], [77.69195, 13.02472], [77.69205, 13.0248], [77.69267, 13.02532], [77.69333, 13.02585], [77.69374, 13.02614], [77.69333, 13.02585], [77.69275, 13.02539], [77.69267, 13.02532]], [[77.69094, 13.02389], [77.69117, 13.02408], [77.6909, 13.02386], [77.69037, 13.02345], [77.69035, 13.02344], [77.69037, 13.02345], [77.6909, 13.02386], [77.69094, 13.02389]], [[77.68946, 13.0227], [77.6899, 13.02306], [77.68946, 13.0227], [77.68931, 13.02257], [77.68946, 13.0227]], [[77.68877, 13.02211], [77.68859, 13.02198], [77.68815, 13.02208], [77.68859, 13.02198], [77.68877, 13.02211], [77.68895, 13.02227], [77.68877, 13.02211]], [[77.68517, 13.02273], [77.6854, 13.0227], [77.68585, 13.02263], [77.68646, 13.02253], [77.68703, 13.02232], [77.68719, 13.02229], [77.68786, 13.02214], [77.6879, 13.02213], [77.68786, 13.02214], [77.68703, 13.02232], [77.68653, 13.02251], [77.68646, 13.02253], [77.68599, 13.02261], [77.6854, 13.0227], [77.68517, 13.02273]], [[77.68512, 12.96716], [77.68408, 12.96717], [77.68529, 12.96716], [77.68512, 12.96716]], [[77.6841, 13.02287], [77.68418, 13.02286], [77.68439, 13.02283], [77.68459, 13.0228], [77.68418, 13.02286], [77.6841, 13.02287]], [[77.68383, 13.0229], [77.68389, 13.02289], [77.68383, 13.0229], [77.68377, 13.0232], [77.68383, 13.0229]], [[77.68368, 13.02374], [77.68369, 13.02367], [77.68369, 13.02365], [77.68369, 13.02367], [77.68368, 13.0237], [77.68368, 13.02374], [77.68366, 13.02388], [77.68362, 13.02405], [77.68365, 13.02388], [77.68368, 13.02374]], [[77.68343, 13.02527], [77.68343, 13.02531], [77.68343, 13.02522], [77.68343, 13.02527]], [[77.67533, 12.9861], [77.67579, 12.98582], [77.67492, 12.98637], [77.67533, 12.9861]], [[77.67577, 12.9732], [77.67577, 12.9732], [77.67577, 12.9732], [77.67577, 12.9732]], [[77.66605, 12.97146], [77.66614, 12.97145], [77.66572, 12.97152], [77.66605, 12.97146]], [[77.65712, 12.89413], [77.65773, 12.89426], [77.6579, 12.8943], [77.65712, 12.89413]], [[77.65692, 12.89406], [77.65696, 12.89408], [77.65663, 12.89397], [77.65692, 12.89406]], [[77.65624, 13.06601], [77.65627, 13.06623], [77.65624, 13.06601], [77.65623, 13.06595], [77.65622, 13.06585], [77.65623, 13.06595], [77.65624, 13.06601]], [[77.65604, 13.06496], [77.65609, 13.06529], [77.65611, 13.06539], [77.65609, 13.06529], [77.65604, 13.06496]], [[77.65587, 13.06336], [77.6559, 13.06406], [77.65591, 13.06415], [77.6559, 13.06406], [77.65587, 13.06336]], [[77.65581, 13.06216], [77.65582, 13.06221], [77.65582, 13.06239], [77.65582, 13.06221], [77.65581, 13.06216]], [[77.65575, 13.06128], [77.65576, 13.06136], [77.65575, 13.06128], [77.65572, 13.06081], [77.65572, 13.0608], [77.65572, 13.06081], [77.65575, 13.06128]], [[77.65558, 13.05987], [77.65563, 13.0601], [77.65567, 13.06042], [77.65563, 13.0601], [77.65558, 13.05987]], [[77.65513, 13.05515], [77.65552, 13.05507], [77.65552, 13.05507], [77.65513, 13.05515], [77.65516, 13.05526], [77.65527, 13.05572], [77.65527, 13.05573], [77.65527, 13.05573], [77.65516, 13.05526], [77.65513, 13.05515]], [[77.65549, 13.05664], [77.65548, 13.05667], [77.65547, 13.05672], [77.65548, 13.05666], [77.65549, 13.05664]], [[77.65548, 13.0593], [77.65548, 13.05933], [77.65549, 13.05937], [77.65548, 13.05933], [77.65548, 13.0593]], [[77.65535, 13.05604], [77.65535, 13.05604], [77.65541, 13.05621], [77.65535, 13.05604], [77.65535, 13.05604]], [[77.65488, 12.87987], [77.65485, 12.87955], [77.65489, 12.87989], [77.65488, 12.87987]], [[77.65479, 12.87778], [77.65478, 12.87761], [77.65477, 12.87743], [77.65479, 12.87778]], [[77.65481, 12.87797], [77.65481, 12.87814], [77.65481, 12.87804], [77.65481, 12.87797], [77.65479, 12.87778], [77.65481, 12.87797]], [[77.65473, 12.87693], [77.65472, 12.8769], [77.65472, 12.87687], [77.65473, 12.87693]], [[77.65472, 12.87687], [77.65471, 12.87685], [77.65471, 12.87678], [77.65472, 12.87687]], [[77.65453, 12.87536], [77.65448, 12.87527], [77.65446, 12.87523], [77.65453, 12.87536]], [[77.65426, 12.8745], [77.6542, 12.87433], [77.65418, 12.87426], [77.65426, 12.8745]], [[77.65308, 13.04655], [77.65335, 13.04655], [77.65337, 13.04655], [77.65335, 13.04655], [77.65308, 13.04655]], [[77.6513, 13.0473], [77.65062, 13.04748], [77.6513, 13.0473], [77.65217, 13.04708], [77.65278, 13.04662], [77.65287, 13.04656], [77.65287, 13.04656], [77.65278, 13.04662], [77.65217, 13.04708], [77.6513, 13.0473]], [[77.65164, 13.06942], [77.65165, 13.06892], [77.65165, 13.06878], [77.65165, 13.06892], [77.65164, 13.06942]], [[77.6499, 12.89267], [77.65023, 12.89323], [77.64992, 12.89271], [77.6499, 12.89267]], [[77.65025, 13.04761], [77.65032, 13.04758], [77.65055, 13.0475], [77.65032, 13.04758], [77.65025, 13.04761]], [[77.64998, 13.04773], [77.64968, 13.04779], [77.64914, 13.0479], [77.64878, 13.04788], [77.64857, 13.04798], [77.64848, 13.04797], [77.64857, 13.04798], [77.64878, 13.04788], [77.64901, 13.04789], [77.64914, 13.0479], [77.64968, 13.04779], [77.64998, 13.04773], [77.65009, 13.04768], [77.64998, 13.04773]], [[77.64838, 13.00758], [77.64798, 13.0076], [77.6484, 13.00758], [77.64838, 13.00758]], [[77.64816, 13.04802], [77.64822, 13.04799], [77.64816, 13.04802], [77.64785, 13.04803], [77.6478, 13.04804], [77.64785, 13.04803], [77.64816, 13.04802]], [[77.64734, 13.04814], [77.64744, 13.04806], [77.64756, 13.04805], [77.64744, 13.04806], [77.64734, 13.04814]], [[77.64747, 13.04887], [77.6474, 13.04894], [77.64747, 13.04887], [77.64747, 13.04887]], [[77.6472, 13.04837], [77.6472, 13.04832], [77.64723, 13.04827], [77.6472, 13.04833], [77.6472, 13.04837]], [[77.6472, 13.04948], [77.64715, 13.04949], [77.64721, 13.04947], [77.6472, 13.04948]], [[77.64576, 12.89153], [77.64678, 12.89137], [77.64641, 12.89143], [77.64576, 12.89153], [77.64462, 12.89167], [77.64576, 12.89153]], [[77.6454, 12.98446], [77.64539, 12.9845], [77.64512, 12.98575], [77.6454, 12.98446]], [[77.64352, 12.88837], [77.64348, 12.88788], [77.64352, 12.88837], [77.64354, 12.88859], [77.64352, 12.88837]], [[77.64129, 12.96912], [77.64133, 12.96855], [77.64133, 12.96857], [77.64129, 12.96912]], [[77.64102, 13.00604], [77.64109, 13.00605], [77.64101, 13.00604], [77.64102, 13.00604]], [[77.64037, 12.97608], [77.63992, 12.97606], [77.63989, 12.97606], [77.64037, 12.97608]], [[77.62564, 12.91765], [77.62641, 12.91741], [77.62709, 12.9172], [77.62564, 12.91765]], [[77.63135, 13.01295], [77.63171, 13.01295], [77.63171, 13.01295], [77.63135, 13.01295]], [[77.63104, 13.00484], [77.63104, 13.00484], [77.63069, 13.00497], [77.63104, 13.00484]], [[77.6237, 12.9473], [77.6237, 12.9473], [77.62346, 12.94751], [77.6237, 12.9473]], [[77.62378, 12.94714], [77.62378, 12.94714], [77.6237, 12.9473], [77.62378, 12.94714]], [[77.62341, 12.88858], [77.62334, 12.88859], [77.62333, 12.8886], [77.62341, 12.88858]], [[77.62104, 12.9127], [77.62104, 12.9127], [77.62135, 12.91297], [77.62104, 12.9127]], [[77.62022, 12.94913], [77.62017, 12.94904], [77.62005, 12.94881], [77.62022, 12.94913]], [[77.61955, 12.96099], [77.61979, 12.96039], [77.61955, 12.96099], [77.61938, 12.96139], [77.61955, 12.96099]], [[77.61972, 13.00903], [77.61984, 13.00909], [77.61972, 13.00903], [77.61972, 13.00903]], [[77.61931, 12.88821], [77.6193, 12.8882], [77.61926, 12.88814], [77.61931, 12.88821]], [[77.61825, 12.8796], [77.61824, 12.87959], [77.61827, 12.87966], [77.61825, 12.8796]], [[77.61817, 12.87948], [77.61812, 12.87943], [77.61809, 12.87939], [77.61817, 12.87948]], [[77.61806, 12.87937], [77.61803, 12.87933], [77.61809, 12.87939], [77.61806, 12.87937]], [[77.61785, 12.91391], [77.61776, 12.91398], [77.61767, 12.91405], [77.61785, 12.91391]], [[77.61673, 12.91482], [77.61713, 12.91451], [77.61713, 12.9145], [77.61673, 12.91482]], [[77.61567, 12.94927], [77.61514, 12.94927], [77.61559, 12.94927], [77.61567, 12.94927]], [[77.61323, 12.86818], [77.6132, 12.86818], [77.61312, 12.86817], [77.61323, 12.86818]], [[77.61313, 12.94929], [77.61266, 12.9493], [77.61276, 12.9493], [77.61313, 12.94929]], [[77.61028, 12.99231], [77.60978, 12.99271], [77.60981, 12.99268], [77.61028, 12.99231]], [[77.60944, 12.94924], [77.60899, 12.94931], [77.60943, 12.94924], [77.60944, 12.94924]], [[77.60579, 12.9498], [77.60574, 12.94997], [77.60569, 12.95012], [77.60579, 12.9498]], [[77.60446, 12.92652], [77.60447, 12.92653], [77.6045, 12.9266], [77.60446, 12.92652]], [[77.60397, 12.90757], [77.60398, 12.90785], [77.60399, 12.908], [77.60397, 12.90757]], [[77.60376, 12.92138], [77.60389, 12.92138], [77.60387, 12.92138], [77.60376, 12.92138]], [[77.60302, 12.91664], [77.60305, 12.91664], [77.60385, 12.91663], [77.60302, 12.91664]], [[77.60338, 12.90864], [77.6027, 12.90861], [77.60256, 12.90861], [77.60338, 12.90864]], [[77.60199, 12.94227], [77.60263, 12.94214], [77.60202, 12.94227], [77.60199, 12.94227]], [[77.60279, 12.94284], [77.60272, 12.94253], [77.60263, 12.94215], [77.60279, 12.94284]], [[77.6023, 12.921], [77.60222, 12.92096], [77.6023, 12.921], [77.60233, 12.92102], [77.6023, 12.921]], [[77.6015, 12.90857], [77.60164, 12.90857], [77.60205, 12.90859], [77.6015, 12.90857]], [[77.601, 12.93325], [77.60079, 12.93202], [77.60106, 12.93366], [77.601, 12.93325]], [[77.60094, 13.02299], [77.60063, 13.0221], [77.60094, 13.02299], [77.60094, 13.02299]], [[77.60031, 12.92412], [77.60031, 12.9241], [77.60031, 12.92412], [77.60031, 12.92412]], [[77.59999, 12.914], [77.59999, 12.91404], [77.59997, 12.91393], [77.59999, 12.914]], [[77.6, 12.91412], [77.60001, 12.9142], [77.60002, 12.91428], [77.59999, 12.91404], [77.6, 12.91412]], [[77.59993, 12.9117], [77.59992, 12.91187], [77.59998, 12.91101], [77.59993, 12.9117]], [[77.59993, 12.93743], [77.59938, 12.93761], [77.59967, 12.93751], [77.59993, 12.93743]], [[77.5971, 12.92622], [77.59708, 12.92532], [77.59709, 12.92591], [77.5971, 12.92622]], [[77.59376, 12.9049], [77.59386, 12.90386], [77.59385, 12.90394], [77.59376, 12.9049]], [[77.59362, 12.90626], [77.59362, 12.90626], [77.59363, 12.90697], [77.59362, 12.90626]], [[77.59324, 12.909], [77.59325, 12.90957], [77.59326, 12.91014], [77.59324, 12.90916], [77.59324, 12.909]], [[77.5932, 12.91015], [77.59258, 12.91018], [77.5932, 12.91014], [77.59326, 12.91014], [77.5932, 12.91015]], [[77.59291, 12.92007], [77.59298, 12.92018], [77.59293, 12.9201], [77.59291, 12.92007]], [[77.5927, 12.93458], [77.59271, 12.93465], [77.59271, 12.93466], [77.59271, 12.93467], [77.5927, 12.93458]], [[77.59224, 12.91019], [77.59226, 12.91019], [77.59133, 12.91025], [77.59191, 12.91021], [77.59209, 12.9102], [77.59224, 12.91019]], [[77.58959, 12.85007], [77.58968, 12.85005], [77.58964, 12.85006], [77.58959, 12.85007]], [[77.58936, 12.96325], [77.58928, 12.96333], [77.58929, 12.96333], [77.58936, 12.96325]], [[77.58843, 13.04258], [77.58856, 13.04258], [77.58882, 13.04263], [77.58856, 13.04258], [77.58843, 13.04258]], [[77.58743, 13.04275], [77.58815, 13.04262], [77.58743, 13.04275], [77.58642, 13.04295], [77.58607, 13.04302], [77.58642, 13.04295], [77.58743, 13.04275]], [[77.58596, 12.9366], [77.58596, 12.9366], [77.58592, 12.93656], [77.58596, 12.9366]], [[77.5855, 13.04315], [77.58561, 13.04312], [77.5855, 13.04315], [77.58522, 13.04327], [77.58507, 13.04333], [77.58522, 13.04327], [77.5855, 13.04315]], [[77.58327, 13.04447], [77.58392, 13.04404], [77.58449, 13.04367], [77.58392, 13.04404], [77.58327, 13.04447]], [[77.57969, 12.99591], [77.57976, 12.99599], [77.57988, 12.99614], [77.57969, 12.99591]], [[77.57896, 12.87509], [77.57898, 12.87508], [77.579, 12.87506], [77.57896, 12.87509]], [[77.57854, 12.96771], [77.57868, 12.96798], [77.57838, 12.96736], [77.57854, 12.96771]], [[77.57829, 13.02683], [77.57812, 13.02685], [77.57778, 13.02688], [77.57829, 13.02683]], [[77.57769, 13.02725], [77.57769, 13.02725], [77.57768, 13.02726], [77.57769, 13.02725]], [[77.57616, 12.96767], [77.57561, 12.96795], [77.57587, 12.96782], [77.57616, 12.96767]], [[77.56794, 12.98873], [77.56793, 12.989], [77.56793, 12.98892], [77.56794, 12.98873]], [[77.56794, 12.98862], [77.56794, 12.98871], [77.56794, 12.98873], [77.56794, 12.98862]], [[77.56791, 12.99013], [77.5679, 12.99036], [77.5679, 12.99042], [77.56791, 12.99007], [77.56791, 12.99013]], [[77.56773, 12.99412], [77.5675, 12.99441], [77.56778, 12.99406], [77.56773, 12.99412]], [[77.56557, 12.91493], [77.56552, 12.91505], [77.56553, 12.91501], [77.56589, 12.91417], [77.56557, 12.91493]], [[77.56537, 12.97513], [77.56576, 12.97483], [77.56537, 12.97513], [77.56487, 12.97552], [77.56537, 12.97513]], [[77.56338, 12.99369], [77.56347, 12.99368], [77.56395, 12.99363], [77.56349, 12.99368], [77.56338, 12.99369]], [[77.56165, 12.98232], [77.56158, 12.98266], [77.56158, 12.9827], [77.56158, 12.98266], [77.56165, 12.98232]], [[77.56012, 12.99393], [77.56013, 12.99398], [77.56012, 12.99395], [77.56012, 12.99393]], [[77.55047, 12.9976], [77.55104, 12.99773], [77.55104, 12.99773], [77.55047, 12.9976]], [[77.54909, 12.90392], [77.54909, 12.90393], [77.54909, 12.90394], [77.54909, 12.90392]], [[77.54796, 12.86519], [77.54793, 12.86515], [77.54796, 12.86519], [77.54796, 12.86519]], [[77.54583, 12.85294], [77.54582, 12.8529], [77.54586, 12.85306], [77.54583, 12.85294]], [[77.5446, 12.9851], [77.54524, 12.985], [77.54517, 12.98501], [77.5446, 12.9851]], [[77.54518, 13.08442], [77.54519, 13.08461], [77.54517, 13.08439], [77.54518, 13.08442]], [[77.5446, 13.02617], [77.54415, 13.02643], [77.54426, 13.02637], [77.5446, 13.02617]], [[77.5404, 12.99687], [77.54044, 12.99697], [77.54041, 12.99689], [77.54015, 12.99614], [77.5404, 12.99687]], [[77.53985, 13.01248], [77.53987, 13.01249], [77.53984, 13.01248], [77.53985, 13.01248]], [[77.53975, 13.01243], [77.53983, 13.01247], [77.53984, 13.01248], [77.53975, 13.01243]], [[77.53986, 12.99535], [77.53983, 12.99527], [77.53959, 12.99466], [77.53986, 12.99535]], [[77.53933, 12.92189], [77.53931, 12.92187], [77.53938, 12.92192], [77.53933, 12.92189]], [[77.53864, 13.01155], [77.53864, 13.01158], [77.53864, 13.01162], [77.53863, 13.01165], [77.53864, 13.01157], [77.53865, 13.01149], [77.53864, 13.01152], [77.53864, 13.01155]], [[77.5315, 12.92726], [77.53151, 12.92738], [77.5315, 12.92751], [77.53149, 12.92759], [77.5315, 12.92751], [77.53151, 12.92738], [77.5315, 12.92726]], [[77.53143, 12.92786], [77.53143, 12.92786], [77.53143, 12.92786], [77.53143, 12.92786], [77.53143, 12.92786], [77.53143, 12.92786]], [[77.52691, 12.92376], [77.52679, 12.92393], [77.52668, 12.92412], [77.52679, 12.92393], [77.52691, 12.92376]], [[77.52626, 12.92485], [77.52621, 12.92496], [77.52621, 12.92496], [77.52626, 12.92485], [77.52632, 12.92474], [77.52642, 12.92457], [77.52632, 12.92474], [77.52626, 12.92485]], [[77.52531, 12.92547], [77.52544, 12.92544], [77.5263, 12.92506], [77.52628, 12.92505], [77.5263, 12.92506], [77.52544, 12.92544], [77.52531, 12.92547]], [[77.52441, 12.92557], [77.52453, 12.92559], [77.52492, 12.92555], [77.52495, 12.92555], [77.52492, 12.92555], [77.52454, 12.92559], [77.52441, 12.92557]], [[77.52318, 12.87047], [77.52305, 12.87052], [77.52319, 12.87047], [77.52318, 12.87047]], [[77.52084, 13.02572], [77.52123, 13.02472], [77.52077, 13.0259], [77.52084, 13.02572]], [[77.52102, 12.9376], [77.52113, 12.93772], [77.52112, 12.93771], [77.52102, 12.9376], [77.52065, 12.93719], [77.52043, 12.93704], [77.52065, 12.93719], [77.52102, 12.9376]], [[77.51896, 12.9365], [77.5187, 12.93644], [77.51896, 12.9365], [77.5193, 12.9366], [77.51933, 12.93661], [77.51978, 12.93677], [77.5199, 12.93681], [77.52008, 12.93687], [77.52023, 12.93694], [77.52008, 12.93687], [77.5199, 12.93681], [77.51978, 12.93677], [77.51934, 12.93661], [77.5193, 12.9366], [77.51896, 12.9365]], [[77.51813, 12.93638], [77.51824, 12.93638], [77.51835, 12.93639], [77.51824, 12.93638], [77.51813, 12.93638]], [[77.51772, 12.93638], [77.51774, 12.93638], [77.51805, 12.93638], [77.51774, 12.93638], [77.51772, 12.93638]], [[77.51655, 12.93632], [77.5167, 12.93634], [77.51702, 12.93636], [77.5167, 12.93634], [77.51655, 12.93632]], [[77.51466, 12.93999], [77.51467, 12.94007], [77.51467, 12.9402], [77.51466, 12.94025], [77.51467, 12.9402], [77.51467, 12.94007], [77.51466, 12.93999]], [[77.51465, 12.9399], [77.51464, 12.93987], [77.51461, 12.93975], [77.51464, 12.93987], [77.51465, 12.9399]], [[77.51464, 12.94115], [77.51463, 12.9411], [77.51463, 12.94107], [77.51463, 12.9411], [77.51464, 12.94115]], [[77.51459, 12.94044], [77.51462, 12.94039], [77.51462, 12.94037], [77.51462, 12.94039], [77.51459, 12.94044]], [[77.51458, 12.94046], [77.51458, 12.94046], [77.51456, 12.94046], [77.51458, 12.94046]], [[77.51452, 12.94087], [77.5145, 12.94084], [77.51448, 12.94079], [77.5145, 12.94084], [77.51452, 12.94087]], [[77.51429, 12.93942], [77.51427, 12.9394], [77.51426, 12.93938], [77.51427, 12.9394], [77.51429, 12.93942]], [[77.51416, 12.93921], [77.51415, 12.9392], [77.51414, 12.93919], [77.51415, 12.9392], [77.51416, 12.93921]], [[77.514, 12.93894], [77.51399, 12.93892], [77.51397, 12.9389], [77.51399, 12.93892], [77.514, 12.93894]], [[77.51374, 12.93868], [77.51368, 12.93863], [77.51374, 12.93868], [77.51388, 12.93874], [77.51395, 12.93888], [77.51395, 12.93888], [77.51388, 12.93874], [77.51374, 12.93868]], [[77.51338, 12.93852], [77.51343, 12.93853], [77.51348, 12.93855], [77.51363, 12.93859], [77.51348, 12.93855], [77.51343, 12.93853], [77.51338, 12.93852]], [[77.5133, 12.93853], [77.51332, 12.9385], [77.51332, 12.9385], [77.5133, 12.93853]], [[77.51324, 12.93855], [77.51308, 12.93853], [77.51298, 12.93848], [77.51308, 12.93853], [77.51324, 12.93855]], [[77.51305, 12.93706], [77.51304, 12.93708], [77.51292, 12.93724], [77.51288, 12.93727], [77.51292, 12.93724], [77.51304, 12.93707], [77.51305, 12.93706]], [[77.51279, 12.93836], [77.51286, 12.93841], [77.51279, 12.93836], [77.51279, 12.93836]], [[77.51277, 12.93757], [77.51276, 12.93741], [77.5128, 12.93735], [77.51276, 12.93741], [77.51277, 12.93757]], [[77.51277, 12.93801], [77.51279, 12.93795], [77.51278, 12.93783], [77.51279, 12.93795], [77.51277, 12.93801]], [[77.51272, 12.93821], [77.51274, 12.93826], [77.51272, 12.93821], [77.51272, 12.93821]], [[77.51181, 12.956], [77.51184, 12.95606], [77.5119, 12.95619], [77.51193, 12.95633], [77.51202, 12.95641], [77.51205, 12.95655], [77.51205, 12.95663], [77.51196, 12.95676], [77.51205, 12.95663], [77.51205, 12.95655], [77.51202, 12.95641], [77.51193, 12.95633], [77.5119, 12.95619], [77.51184, 12.95606], [77.51181, 12.956]], [[77.51192, 12.95681], [77.51193, 12.9568], [77.51192, 12.95681], [77.51192, 12.95681]], [[77.51184, 12.95695], [77.51186, 12.95694], [77.51187, 12.95691], [77.51192, 12.95681], [77.51189, 12.95687], [77.51187, 12.95691], [77.51186, 12.95694], [77.51184, 12.95695]], [[77.51184, 12.9572], [77.51185, 12.95729], [77.51184, 12.9572], [77.51181, 12.95713], [77.51184, 12.9572]], [[77.51174, 12.95579], [77.51174, 12.95579], [77.51174, 12.9558], [77.51174, 12.95579]], [[77.50758, 12.91992], [77.50689, 12.92061], [77.50703, 12.92072], [77.50711, 12.92079], [77.50703, 12.92072], [77.50689, 12.92061], [77.50758, 12.91992], [77.50783, 12.91964], [77.50794, 12.91951], [77.50783, 12.91964], [77.50758, 12.91992]], [[77.50726, 12.92091], [77.50727, 12.92091], [77.50727, 12.92091], [77.50726, 12.92091]], [[77.50666, 12.92211], [77.50666, 12.92211], [77.50666, 12.92211], [77.50666, 12.92211]], [[77.50649, 12.92225], [77.50648, 12.92227], [77.50645, 12.92234], [77.50645, 12.92234], [77.50648, 12.92227], [77.50649, 12.92225]], [[77.5064, 12.92236], [77.50633, 12.92237], [77.5064, 12.92236], [77.50643, 12.92235], [77.5064, 12.92236]], [[77.50624, 12.92955], [77.50624, 12.92955], [77.50624, 12.92955], [77.50629, 12.92952], [77.50624, 12.92955]], [[77.50614, 12.92957], [77.50606, 12.92958], [77.50614, 12.92957], [77.50617, 12.92957], [77.50618, 12.92957], [77.50619, 12.92956], [77.50618, 12.92957], [77.50617, 12.92957], [77.50614, 12.92957]], [[77.50554, 12.92963], [77.50554, 12.92963], [77.50555, 12.92963], [77.50554, 12.92963], [77.50553, 12.92963], [77.50553, 12.92963], [77.50554, 12.92963]], [[77.50552, 12.92964], [77.50552, 12.92964], [77.50552, 12.92964], [77.50553, 12.92964], [77.50552, 12.92964]], [[77.50548, 12.92967], [77.50551, 12.92965], [77.50551, 12.92965], [77.50551, 12.92965], [77.50548, 12.92967], [77.50547, 12.92967], [77.50548, 12.92967]], [[77.50514, 12.92958], [77.50486, 12.92947], [77.50514, 12.92958], [77.50534, 12.92968], [77.50541, 12.92972], [77.50541, 12.92972], [77.50534, 12.92968], [77.50514, 12.92958]], [[77.5054, 12.92971], [77.5054, 12.92971], [77.5054, 12.92972], [77.5054, 12.92971]], [[77.50519, 12.92301], [77.50519, 12.92301], [77.5052, 12.92298], [77.50519, 12.92301]], [[77.50447, 12.92641], [77.50479, 12.926], [77.50503, 12.92572], [77.50504, 12.92569], [77.50503, 12.92572], [77.50479, 12.926], [77.50447, 12.92641], [77.50418, 12.92688], [77.50412, 12.92702], [77.50418, 12.92688], [77.50447, 12.92641]], [[77.50383, 12.92917], [77.50395, 12.9292], [77.50439, 12.92932], [77.50443, 12.92933], [77.50439, 12.92932], [77.50395, 12.9292], [77.50383, 12.92918], [77.50357, 12.92903], [77.50343, 12.92891], [77.50325, 12.92873], [77.50301, 12.92841], [77.5028, 12.92813], [77.5028, 12.92813], [77.50301, 12.92841], [77.50325, 12.92873], [77.50343, 12.92891], [77.50357, 12.92903], [77.50383, 12.92917]], [[77.50272, 12.95654], [77.50272, 12.95654], [77.50294, 12.95704], [77.50296, 12.95708], [77.50294, 12.95704], [77.50272, 12.95654]], [[77.5022, 12.95562], [77.50196, 12.95528], [77.50221, 12.95562], [77.50253, 12.95619], [77.50271, 12.95651], [77.50253, 12.95619], [77.5022, 12.95562]], [[77.50055, 12.91497], [77.50055, 12.91492], [77.50055, 12.91497], [77.50055, 12.915], [77.50055, 12.91497]], [[77.50012, 12.91668], [77.50043, 12.9156], [77.50049, 12.91527], [77.5005, 12.91524], [77.50049, 12.91527], [77.50043, 12.9156], [77.50012, 12.91668], [77.50011, 12.91675], [77.5001, 12.91677], [77.50011, 12.91675], [77.50012, 12.91668]], [[77.49987, 12.91792], [77.49996, 12.91747], [77.49987, 12.91792], [77.50018, 12.91808], [77.49987, 12.91792]], [[77.49985, 12.95241], [77.49983, 12.95238], [77.49976, 12.95217], [77.49974, 12.95209], [77.49976, 12.95217], [77.49983, 12.95238], [77.49985, 12.95241], [77.49988, 12.95247], [77.49985, 12.95241]], [[77.49936, 12.98889], [77.49976, 12.9889], [77.49935, 12.98889], [77.49936, 12.98889]], [[77.49964, 12.95167], [77.49958, 12.9514], [77.49952, 12.95115], [77.49948, 12.95106], [77.49952, 12.95115], [77.49958, 12.9514], [77.49964, 12.95167], [77.49969, 12.95193], [77.49964, 12.95167]], [[77.49927, 12.95081], [77.49871, 12.95045], [77.49856, 12.95035], [77.49856, 12.95035], [77.49856, 12.95035], [77.49856, 12.95035], [77.49871, 12.95045], [77.49927, 12.95081], [77.49935, 12.95087], [77.49927, 12.95081]], [[77.49816, 12.95009], [77.49843, 12.95027], [77.49816, 12.95009], [77.49791, 12.94991], [77.49816, 12.95009]], [[77.49755, 12.98871], [77.49789, 12.9888], [77.49756, 12.98871], [77.49755, 12.98871]], [[77.49759, 12.94957], [77.49772, 12.94973], [77.49759, 12.94957], [77.49757, 12.94954], [77.49759, 12.94957]], [[77.49692, 12.94792], [77.49693, 12.94794], [77.49692, 12.94792], [77.49691, 12.94788], [77.49692, 12.94792]], [[77.49666, 12.94721], [77.49656, 12.94706], [77.49666, 12.94721], [77.49667, 12.94721], [77.49666, 12.94721]], [[77.49614, 13.04067], [77.49616, 13.04063], [77.49616, 13.04063], [77.49614, 13.04067]], [[77.49575, 12.92973], [77.49576, 12.92976], [77.49575, 12.92973], [77.49543, 12.92981], [77.49543, 12.92974], [77.49543, 12.92981], [77.49575, 12.92973]], [[77.4955, 12.92899], [77.49553, 12.92913], [77.49521, 12.9293], [77.49521, 12.9293], [77.49553, 12.92913], [77.4955, 12.92899], [77.49536, 12.92883], [77.4955, 12.92899]], [[77.49522, 12.92941], [77.49525, 12.92954], [77.4953, 12.92957], [77.49525, 12.92954], [77.49522, 12.92941]], [[77.49484, 12.92889], [77.4949, 12.92889], [77.49484, 12.92889], [77.49471, 12.92906], [77.49466, 12.92914], [77.49471, 12.92906], [77.49484, 12.92889]], [[77.49399, 12.93007], [77.49424, 12.92972], [77.49427, 12.92967], [77.49424, 12.92972], [77.49399, 12.93007]], [[77.49043, 12.90743], [77.49007, 12.90744], [77.49043, 12.90743], [77.49055, 12.90743], [77.49043, 12.90743]], [[77.4889, 12.90762], [77.48877, 12.90765], [77.4889, 12.90762], [77.48931, 12.90751], [77.48956, 12.90746], [77.48989, 12.90745], [77.48956, 12.90746], [77.48931, 12.90751], [77.4889, 12.90762]], [[77.48824, 12.90779], [77.48802, 12.90785], [77.48824, 12.90779], [77.48869, 12.90767], [77.48824, 12.90779]], [[77.48794, 12.93259], [77.48794, 12.9326], [77.48794, 12.93259], [77.48793, 12.93258], [77.48794, 12.93259]], [[77.4879, 12.93253], [77.4879, 12.93253], [77.4879, 12.93253], [77.4879, 12.93253]], [[77.48768, 12.90803], [77.48758, 12.9081], [77.48744, 12.90821], [77.48732, 12.90832], [77.48726, 12.9084], [77.48724, 12.90844], [77.48726, 12.9084], [77.48732, 12.90832], [77.48744, 12.90821], [77.48758, 12.9081], [77.48768, 12.90803], [77.48779, 12.90796], [77.48768, 12.90803]], [[77.48772, 12.93198], [77.48775, 12.93207], [77.48772, 12.93198], [77.48771, 12.93192], [77.48772, 12.93198]], [[77.48738, 12.93084], [77.48743, 12.93101], [77.48738, 12.93084], [77.48736, 12.93077], [77.48738, 12.93084]], [[77.48728, 12.93051], [77.48728, 12.93052], [77.48728, 12.93051], [77.48726, 12.93045], [77.48728, 12.93051]], [[77.48716, 12.90862], [77.48713, 12.90874], [77.48716, 12.90862], [77.48721, 12.9085], [77.48716, 12.90862]], [[77.48701, 12.90941], [77.48709, 12.90895], [77.4871, 12.90888], [77.48709, 12.90895], [77.48701, 12.90941], [77.48697, 12.9096], [77.48701, 12.90941]], [[77.48708, 12.92987], [77.48707, 12.92984], [77.48706, 12.92981], [77.48707, 12.92984], [77.48708, 12.92987], [77.48708, 12.92987], [77.48708, 12.92987]], [[77.48702, 12.92968], [77.48704, 12.92975], [77.48702, 12.92968], [77.48701, 12.92966], [77.48702, 12.92968]], [[77.48694, 12.92943], [77.48697, 12.92951], [77.48694, 12.92943], [77.48694, 12.92943], [77.48694, 12.92943]], [[77.48686, 12.91002], [77.4869, 12.90989], [77.48692, 12.90981], [77.4869, 12.90989], [77.48686, 12.91002], [77.48673, 12.91023], [77.48686, 12.91002]], [[77.48663, 12.92859], [77.48665, 12.92863], [77.48663, 12.92859], [77.48657, 12.92842], [77.48663, 12.92859]], [[77.48605, 12.92702], [77.48607, 12.92706], [77.48616, 12.92732], [77.48621, 12.92744], [77.48616, 12.92732], [77.48607, 12.92706], [77.48605, 12.92702], [77.48604, 12.92698], [77.48599, 12.92686], [77.48604, 12.92698], [77.48605, 12.92702]], [[77.48592, 12.92667], [77.48593, 12.92669], [77.48592, 12.92667], [77.48589, 12.92657], [77.48592, 12.92667]], [[77.48543, 12.92534], [77.48556, 12.9257], [77.48567, 12.926], [77.48567, 12.926], [77.48567, 12.926], [77.48556, 12.9257], [77.48542, 12.92534], [77.48541, 12.92531], [77.48537, 12.92519], [77.48541, 12.92531], [77.48543, 12.92534]], [[77.48531, 12.91252], [77.48527, 12.9126], [77.48531, 12.91252], [77.4854, 12.91236], [77.48545, 12.91228], [77.48547, 12.91226], [77.48545, 12.91228], [77.4854, 12.91236], [77.48531, 12.91252]], [[77.48531, 12.92504], [77.48529, 12.92498], [77.48528, 12.92496], [77.48529, 12.92498], [77.48531, 12.92504], [77.48531, 12.92505], [77.48531, 12.92504]], [[77.48516, 12.91283], [77.48516, 12.91283], [77.48513, 12.91276], [77.48516, 12.91283]], [[77.48482, 12.91176], [77.48491, 12.9121], [77.48498, 12.91235], [77.48491, 12.9121], [77.48482, 12.91176], [77.48454, 12.91093], [77.48482, 12.91176]], [[77.48441, 12.92245], [77.48447, 12.9226], [77.48441, 12.92245], [77.48431, 12.92215], [77.48441, 12.92245]], [[77.48416, 12.91038], [77.48418, 12.91039], [77.48416, 12.91038], [77.48416, 12.91038]], [[77.48402, 12.91038], [77.48376, 12.91039], [77.48402, 12.91038], [77.48402, 12.91038], [77.48402, 12.91038]], [[77.48393, 12.92109], [77.4838, 12.9207], [77.48363, 12.92019], [77.4838, 12.9207], [77.48393, 12.92109], [77.48394, 12.92112], [77.48393, 12.92109]], [[77.48323, 12.91915], [77.48333, 12.91939], [77.48323, 12.91915], [77.48323, 12.91914], [77.48323, 12.91915]], [[77.48316, 12.91041], [77.48305, 12.91041], [77.48316, 12.91041], [77.48331, 12.9104], [77.48316, 12.91041]], [[77.4823, 12.91673], [77.4823, 12.91673], [77.48246, 12.91708], [77.48255, 12.91732], [77.48246, 12.91708], [77.4823, 12.91673]], [[77.48209, 12.91319], [77.48217, 12.91343], [77.48209, 12.91318], [77.48205, 12.91285], [77.48209, 12.91319]], [[77.48205, 12.91042], [77.48208, 12.91043], [77.4821, 12.91043], [77.48208, 12.91043], [77.48205, 12.91042], [77.48193, 12.91038], [77.48205, 12.91042]], [[77.48201, 12.91244], [77.48202, 12.91264], [77.48201, 12.91244], [77.48198, 12.91226], [77.48201, 12.91244]], [[77.48185, 12.91176], [77.48191, 12.91192], [77.48185, 12.91176], [77.48173, 12.91151], [77.48185, 12.91176]], [[77.48165, 12.91027], [77.4813, 12.91013], [77.48165, 12.91027], [77.48175, 12.91031], [77.48165, 12.91027]], [[77.48058, 12.91064], [77.48081, 12.9107], [77.48114, 12.91085], [77.48148, 12.91118], [77.48154, 12.91125], [77.48147, 12.91118], [77.48114, 12.91085], [77.48081, 12.9107], [77.48058, 12.91064], [77.48011, 12.91057], [77.48011, 12.91057], [77.48058, 12.91064]], [[77.48037, 12.90977], [77.48045, 12.90979], [77.48089, 12.90997], [77.48045, 12.90979], [77.48037, 12.90977], [77.48027, 12.90973], [77.48037, 12.90977]], [[77.48023, 12.90972], [77.48023, 12.90972], [77.48021, 12.90994], [77.48023, 12.90972]]], [[[77.68824, 12.90554], [77.68823, 12.90559], [77.68992, 12.90547], [77.68992, 12.90545], [77.68992, 12.90541], [77.68929, 12.90545], [77.68863, 12.90548], [77.68824, 12.90554]]], [[[77.77567, 13.0038], [77.77564, 13.00365], [77.77464, 13.00289], [77.77448, 13.00291], [77.7743, 13.00293], [77.77402, 13.00298], [77.77375, 13.00308], [77.77366, 13.00312], [77.77294, 13.00635], [77.77567, 13.0038]]], [[[77.76845, 13.00281], [77.7687, 13.00269], [77.76887, 13.00303], [77.76907, 13.00361], [77.76926, 13.00398], [77.7694, 13.00458], [77.76938, 13.0046], [77.76936, 13.00462], [77.76929, 13.0047], [77.76938, 13.00496], [77.77189, 13.01119], [77.769, 13.0021], [77.76371, 13.00236], [77.76375, 13.00299], [77.76383, 13.00311], [77.76403, 13.00377], [77.76845, 13.00281]]], [[[77.74284, 12.975], [77.73973, 12.96819], [77.7353, 12.97025], [77.73451, 12.97863], [77.73038, 12.981], [77.73752, 12.98399], [77.74284, 12.975]], [[77.73975, 12.97242], [77.7384, 12.971], [77.73926, 12.97063], [77.73975, 12.97242]]], [[[77.72984, 12.96049], [77.71669, 12.96151], [77.71916, 12.96577], [77.72595, 12.96248], [77.72561, 12.97043], [77.73112, 12.9708], [77.72984, 12.96049]]], [[[77.68105, 12.92004], [77.68357, 12.9174], [77.6809, 12.9171], [77.68105, 12.92004]]], [[[77.62775, 13.10569], [77.63054, 13.10278], [77.62759, 13.10194], [77.62775, 13.10569]]], [[[77.62568, 13.03519], [77.62836, 13.03147], [77.62405, 13.03153], [77.62568, 13.03519]]], [[[77.6128, 13.12859], [77.6205, 13.12156], [77.6134, 13.11915], [77.6128, 13.12859]]], [[[77.61583, 13.10419], [77.61646, 13.10321], [77.61546, 13.10313], [77.61583, 13.10419]]], [[[77.60451, 12.89455], [77.59993, 12.89523], [77.6006, 12.8981], [77.60437, 12.89811], [77.60451, 12.89455]]], [[[77.60064, 13.02983], [77.60544, 13.02691], [77.60054, 13.02783], [77.60116, 13.02781], [77.60054, 13.02783], [77.60004, 13.02793], [77.60064, 13.02983]]], [[[77.59472, 12.89], [77.58718, 12.89544], [77.58909, 12.89879], [77.59693, 12.89818], [77.59472, 12.89]]], [[[77.59024, 12.87384], [77.58716, 12.87331], [77.58313, 12.87262], [77.58439, 12.87982], [77.59313, 12.87979], [77.59024, 12.87384]]], [[[77.5822, 13.04965], [77.58257, 13.04761], [77.58132, 13.04803], [77.5822, 13.04965]]], [[[77.57617, 12.90019], [77.5786, 12.89646], [77.57511, 12.89707], [77.57617, 12.90019]]], [[[77.57729, 13.11812], [77.57925, 13.11576], [77.57713, 13.11518], [77.57729, 13.11812]]], [[[77.56825, 13.1144], [77.5643, 13.1155], [77.56596, 13.11721], [77.57047, 13.11663], [77.56825, 13.1144]]], [[[77.55222, 12.98986], [77.5552, 12.98613], [77.55061, 12.98729], [77.55222, 12.98986]]], [[[77.55131, 12.98284], [77.55293, 12.98046], [77.55027, 12.98106], [77.55131, 12.98284]]], [[[77.52362, 12.99565], [77.52081, 12.987], [77.52565, 12.97872], [77.52256, 12.97688], [77.51416, 12.97854], [77.51039, 12.97362], [77.51028, 12.97368], [77.51039, 12.97362], [77.51029, 12.97349], [77.50765, 12.98356], [77.50959, 12.99766], [77.51005, 13.00097], [77.51467, 13.00547], [77.51771, 13.00527], [77.51872, 13.0052], [77.52362, 12.99565]], [[77.5168, 12.98055], [77.52312, 12.98003], [77.52314, 12.98016], [77.51921, 12.98519], [77.5168, 12.98055]], [[77.5113, 12.99675], [77.5139, 12.9914], [77.51008, 12.98832], [77.51171, 12.98391], [77.52095, 12.99249], [77.51826, 13.00229], [77.5113, 12.99675]], [[77.51771, 13.00523], [77.51771, 13.00525], [77.5177, 13.00471], [77.51771, 13.00523]]], [[[77.51447, 13.00575], [77.50684, 13.00698], [77.50864, 13.0131], [77.51546, 13.01309], [77.51447, 13.00575]], [[77.51364, 13.01099], [77.51007, 13.00816], [77.51392, 13.00848], [77.51364, 13.01099]]], [[[77.51185, 12.96351], [77.50698, 12.96441], [77.5079, 12.96784], [77.51194, 12.96813], [77.51185, 12.96351]]], [[[77.50057, 12.90624], [77.49791, 12.90561], [77.49702, 12.91065], [77.50033, 12.91189], [77.50024, 12.91161], [77.50023, 12.91157], [77.50021, 12.91147], [77.50023, 12.91157], [77.50024, 12.91161], [77.50033, 12.91189], [77.50162, 12.91237], [77.50057, 12.90624]], [[77.4996, 12.90893], [77.49974, 12.90939], [77.4998, 12.90962], [77.49974, 12.90939], [77.4996, 12.90893], [77.49956, 12.90876], [77.4996, 12.90893]], [[77.49942, 12.90821], [77.49937, 12.90799], [77.49942, 12.90821], [77.49944, 12.90833], [77.49942, 12.90821]], [[77.49919, 12.90726], [77.49918, 12.90724], [77.49919, 12.90726], [77.4992, 12.90728], [77.49919, 12.90726]], [[77.4991, 12.90711], [77.4991, 12.90711], [77.49868, 12.90732], [77.4991, 12.90711]], [[77.49791, 12.90777], [77.49756, 12.90798], [77.49791, 12.90777], [77.49846, 12.90744], [77.49791, 12.90777]]]]}}, {"type": "Feature", "properties": {"class": "High", "value": 3, "color": "#EA580C", "sharePct": 29.01}, "geometry": {"type": "MultiPolygon", "coordinates": [[[[77.77282, 13.00298], [77.77277, 13.00297], [77.77265, 13.00292], [77.77251, 13.0028], [77.77246, 13.00271], [77.77246, 13.00259], [77.77247, 13.00252], [77.77252, 13.00237], [77.77258, 13.0023], [77.77265, 13.00224], [77.77275, 13.0021], [77.77281, 13.00198], [77.77286, 13.00194], [77.77293, 13.00191], [77.77295, 13.00191], [77.77499, 12.98537], [77.77064, 12.97955], [77.76503, 12.98088], [77.76326, 12.97959], [77.75839, 12.97604], [77.76069, 12.96549], [77.75015, 12.94808], [77.73628, 12.94493], [77.73206, 12.9487], [77.72294, 12.95687], [77.70552, 12.94605], [77.69169, 12.94985], [77.69232, 12.95672], [77.70015, 12.96023], [77.70829, 12.9699], [77.71653, 12.97258], [77.71911, 12.96855], [77.72239, 12.9692], [77.72123, 12.97428], [77.72729, 12.977], [77.72746, 12.98856], [77.73661, 12.99757], [77.73663, 12.99757], [77.73732, 12.99769], [77.73663, 12.99757], [77.73661, 12.99757], [77.73927, 13.00018], [77.74355, 13.00041], [77.74815, 12.9893], [77.75263, 12.98827], [77.75546, 12.99699], [77.75658, 12.99682], [77.75745, 12.99668], [77.75851, 12.99652], [77.75851, 12.99652], [77.75745, 12.99669], [77.75658, 12.99682], [77.75546, 12.99699], [77.7581, 13.00511], [77.76269, 13.00407], [77.76272, 13.00394], [77.76276, 13.00383], [77.76283, 13.0037], [77.76297, 13.00353], [77.76314, 13.0033], [77.76323, 13.00316], [77.76331, 13.00306], [77.7634, 13.00295], [77.76347, 13.00285], [77.76355, 13.00284], [77.76368, 13.00288], [77.76371, 13.00293], [77.76383, 13.00311], [77.76403, 13.00376], [77.76863, 13.00271], [77.76863, 13.00272], [77.7687, 13.00269], [77.76887, 13.00303], [77.76891, 13.00315], [77.77218, 13.00815], [77.77282, 13.00298]], [[77.73581, 12.97073], [77.7404, 12.96949], [77.74004, 12.98031], [77.73722, 12.98363], [77.73236, 12.98321], [77.73581, 12.97073]], [[77.72658, 12.96164], [77.71942, 12.96498], [77.71803, 12.96148], [77.72964, 12.96136], [77.73101, 12.96959], [77.72659, 12.96992], [77.72658, 12.96164]], [[77.7585, 12.99701], [77.7585, 12.99686], [77.7585, 12.99701], [77.75835, 12.9976], [77.75832, 12.99785], [77.75835, 12.9976], [77.7585, 12.99701]], [[77.75794, 12.9996], [77.75796, 12.99952], [77.75801, 12.99932], [77.75824, 12.9983], [77.75829, 12.99804], [77.75824, 12.9983], [77.75801, 12.99932], [77.75796, 12.99952], [77.75794, 12.9996]], [[77.75784, 13.00009], [77.7578, 13.00027], [77.75784, 13.00009], [77.75785, 13.00005], [77.75784, 13.00009]], [[77.75768, 13.00083], [77.75772, 13.00064], [77.75768, 13.00083], [77.75768, 13.00083]], [[77.75768, 13.00083], [77.75756, 13.00145], [77.75749, 13.00182], [77.75756, 13.00145], [77.75768, 13.00083], [77.75768, 13.00083]], [[77.70416, 12.96037], [77.70419, 12.96005], [77.70419, 12.96005], [77.70416, 12.96037]]], [[[77.75481, 13.00489], [77.75085, 13.00788], [77.7511, 13.0096], [77.75428, 13.0092], [77.75429, 13.00918], [77.75436, 13.00902], [77.75442, 13.00895], [77.75443, 13.00892], [77.75452, 13.0089], [77.75459, 13.0089], [77.75463, 13.00889], [77.75467, 13.00888], [77.75477, 13.00883], [77.75478, 13.00881], [77.75481, 13.00882], [77.75484, 13.00885], [77.75486, 13.00888], [77.75491, 13.00901], [77.75496, 13.00911], [77.75564, 13.00902], [77.75481, 13.00489]]], [[[77.72968, 12.99653], [77.72591, 12.99719], [77.72659, 13.00034], [77.73063, 13.00035], [77.72968, 12.99653]]], [[[77.71601, 13.02029], [77.71977, 13.0142], [77.71386, 13.00462], [77.71369, 13.00463], [77.71368, 13.00463], [77.70942, 13.00995], [77.71178, 13.01312], [77.70651, 13.01197], [77.70126, 13.0226], [77.7173, 13.02676], [77.71601, 13.02029]]], [[[77.71378, 13.0045], [77.71368, 13.00463], [77.71369, 13.00463], [77.71386, 13.00462], [77.71378, 13.0045]]], [[[77.68581, 12.92458], [77.68651, 12.92413], [77.70566, 12.92604], [77.70658, 12.92115], [77.71182, 12.91987], [77.71308, 12.90955], [77.71099, 12.90788], [77.70949, 12.90794], [77.70835, 12.90815], [77.708, 12.90645], [77.70763, 12.90517], [77.70588, 12.90377], [77.70277, 12.90415], [77.68816, 12.90595], [77.68815, 12.90599], [77.68812, 12.90613], [77.68808, 12.9062], [77.68775, 12.90644], [77.68766, 12.90648], [77.68737, 12.90654], [77.68726, 12.90654], [77.68685, 12.90645], [77.68694, 12.9061], [77.68686, 12.90611], [77.67468, 12.8987], [77.67789, 12.90709], [77.67614, 12.91348], [77.66469, 12.91232], [77.66226, 12.91647], [77.66784, 12.92275], [77.66774, 12.93016], [77.66791, 12.93017], [77.67625, 12.93072], [77.68581, 12.92458]], [[77.68289, 12.9188], [77.68179, 12.91784], [77.68278, 12.91771], [77.68289, 12.9188]], [[77.6688, 12.92447], [77.66881, 12.92462], [77.66884, 12.92521], [77.66885, 12.92543], [77.66881, 12.9246], [77.6688, 12.92447]]], [[[77.70474, 12.93108], [77.70569, 12.9282], [77.70331, 12.92835], [77.70474, 12.93108]]], [[[77.69938, 13.02603], [77.70068, 13.0234], [77.69829, 13.02431], [77.69938, 13.02603]]], [[[77.70035, 13.00745], [77.69811, 13.00385], [77.69232, 13.0081], [77.69062, 13.00934], [77.69659, 13.01392], [77.70035, 13.00745]]], [[[77.683, 13.0142], [77.68151, 13.00689], [77.67378, 13.00144], [77.67671, 12.99927], [77.68361, 12.99417], [77.67619, 12.98811], [77.66901, 12.98792], [77.66761, 12.98945], [77.665, 12.9923], [77.66855, 13.01057], [77.67428, 13.01823], [77.68409, 13.01953], [77.683, 13.0142]], [[77.67689, 12.99459], [77.67684, 12.99451], [77.67689, 12.99459], [77.67706, 12.99491], [77.67689, 12.99459]]], [[[77.66747, 12.86788], [77.65875, 12.86868], [77.65799, 12.86489], [77.6619, 12.86172], [77.64931, 12.86221], [77.64899, 12.8631], [77.64766, 12.8668], [77.65176, 12.87402], [77.66428, 12.87204], [77.6728, 12.87517], [77.66747, 12.86788]], [[77.65767, 12.87093], [77.65767, 12.87091], [77.65769, 12.87104], [77.65768, 12.87101], [77.65767, 12.87093]], [[77.65769, 12.87003], [77.65769, 12.87002], [77.65768, 12.87], [77.65768, 12.86998], [77.65769, 12.87007], [77.65769, 12.87003]], [[77.65767, 12.86952], [77.65767, 12.8695], [77.65767, 12.86949], [77.65767, 12.86952]], [[77.65767, 12.86943], [77.65767, 12.86942], [77.65767, 12.86931], [77.65767, 12.86943]], [[77.65763, 12.87113], [77.65765, 12.87112], [77.65763, 12.87113], [77.65758, 12.87115], [77.65763, 12.87113]], [[77.65764, 12.87069], [77.6576, 12.87058], [77.6576, 12.87057], [77.65764, 12.87069]], [[77.65716, 12.87124], [77.65717, 12.87124], [77.65712, 12.87125], [77.65716, 12.87124]], [[77.65723, 12.87122], [77.65728, 12.87121], [77.6573, 12.87121], [77.65732, 12.87121], [77.65717, 12.87124], [77.65723, 12.87122]], [[77.65734, 12.8712], [77.6574, 12.87119], [77.65748, 12.87117], [77.65732, 12.87121], [77.65734, 12.8712]], [[77.65659, 12.87172], [77.6566, 12.87171], [77.65662, 12.87169], [77.65659, 12.87172]], [[77.65619, 12.87214], [77.6562, 12.87213], [77.65621, 12.87212], [77.65619, 12.87214]]], [[[77.51102, 13.065], [77.51287, 13.05392], [77.52028, 13.04994], [77.52783, 13.05226], [77.53133, 13.04822], [77.52603, 13.04326], [77.51959, 13.03724], [77.51684, 13.02726], [77.52367, 13.02305], [77.53971, 13.0245], [77.54539, 13.01801], [77.53576, 13.01188], [77.53835, 13.00388], [77.53445, 12.99815], [77.53623, 12.98895], [77.5442, 12.9852], [77.54526, 12.98557], [77.54915, 12.98693], [77.54971, 12.99246], [77.54207, 12.99615], [77.54513, 13.00006], [77.55407, 12.99509], [77.56741, 12.99355], [77.56771, 12.98876], [77.56137, 12.98606], [77.56051, 12.97807], [77.56383, 12.9757], [77.5736, 12.96874], [77.56881, 12.96599], [77.57368, 12.95729], [77.5758, 12.9535], [77.58235, 12.95497], [77.58865, 12.95118], [77.58046, 12.94819], [77.5844, 12.93665], [77.584, 12.93666], [77.58275, 12.9367], [77.58401, 12.93666], [77.5844, 12.93665], [77.58674, 12.92979], [77.58147, 12.92733], [77.57955, 12.92131], [77.56462, 12.92327], [77.56398, 12.91128], [77.58608, 12.91129], [77.5938, 12.90447], [77.59386, 12.90386], [77.59385, 12.90394], [77.5938, 12.90447], [77.59595, 12.90258], [77.60784, 12.90566], [77.6091, 12.89908], [77.6164, 12.89669], [77.62471, 12.9049], [77.63481, 12.90756], [77.64302, 12.9039], [77.64297, 12.90169], [77.64385, 12.90312], [77.6487, 12.90335], [77.65668, 12.8991], [77.65733, 12.89876], [77.66416, 12.90537], [77.66692, 12.90396], [77.66508, 12.89641], [77.65459, 12.89372], [77.65196, 12.89808], [77.64437, 12.89816], [77.63802, 12.88793], [77.63259, 12.88828], [77.63122, 12.89149], [77.62722, 12.88804], [77.61613, 12.88961], [77.61112, 12.89031], [77.60966, 12.88726], [77.61447, 12.88348], [77.61827, 12.88049], [77.61849, 12.87418], [77.61507, 12.87136], [77.6148, 12.87113], [77.61345, 12.87002], [77.60416, 12.87488], [77.59765, 12.86858], [77.60343, 12.86211], [77.58811, 12.85347], [77.5863, 12.85893], [77.58046, 12.8603], [77.58563, 12.86632], [77.57449, 12.86842], [77.57865, 12.87483], [77.57287, 12.8763], [77.56947, 12.86836], [77.56513, 12.86955], [77.56756, 12.87689], [77.56188, 12.88114], [77.5666, 12.88967], [77.56165, 12.88949], [77.55599, 12.8801], [77.54953, 12.88215], [77.55323, 12.90435], [77.55033, 12.90602], [77.54358, 12.89943], [77.53621, 12.90506], [77.53569, 12.91158], [77.54119, 12.92034], [77.53592, 12.92696], [77.53166, 12.92966], [77.53149, 12.93192], [77.53147, 12.93233], [77.53149, 12.93192], [77.53166, 12.92966], [77.52736, 12.93239], [77.52598, 12.9252], [77.52544, 12.92544], [77.52531, 12.92547], [77.52544, 12.92544], [77.52598, 12.9252], [77.52406, 12.91513], [77.50763, 12.91804], [77.50731, 12.92018], [77.50758, 12.91992], [77.50783, 12.91964], [77.50794, 12.91951], [77.50783, 12.91964], [77.50758, 12.91992], [77.50731, 12.92018], [77.50704, 12.922], [77.50741, 12.92194], [77.50781, 12.9219], [77.50782, 12.9219], [77.50781, 12.9219], [77.50741, 12.92194], [77.50704, 12.922], [77.50556, 12.93203], [77.51277, 12.93754], [77.51276, 12.93741], [77.5128, 12.93735], [77.51276, 12.93741], [77.51277, 12.93754], [77.51552, 12.93964], [77.51701, 12.93636], [77.5167, 12.93634], [77.51655, 12.93632], [77.5167, 12.93634], [77.51701, 12.93636], [77.51872, 12.93259], [77.52148, 12.9326], [77.52008, 12.9542], [77.50484, 12.95936], [77.50247, 12.95609], [77.50253, 12.95619], [77.50271, 12.95651], [77.50253, 12.95619], [77.50247, 12.95609], [77.49809, 12.95005], [77.49791, 12.94991], [77.49809, 12.95005], [77.49481, 12.94551], [77.49002, 12.94798], [77.48999, 12.95275], [77.49774, 12.95891], [77.49841, 12.96703], [77.50436, 12.9691], [77.49844, 12.97474], [77.5045, 12.98282], [77.49928, 12.98984], [77.49163, 12.98964], [77.48619, 12.98185], [77.47535, 12.98658], [77.48474, 12.99223], [77.49127, 12.99118], [77.4953, 13.00116], [77.4891, 13.0056], [77.49031, 13.01531], [77.4943, 13.01472], [77.49874, 13.02238], [77.50555, 13.02426], [77.50533, 13.02844], [77.49739, 13.03456], [77.501, 13.04455], [77.49411, 13.05131], [77.49396, 13.05146], [77.50154, 13.05841], [77.4955, 13.06295], [77.49527, 13.0684], [77.50433, 13.07146], [77.51102, 13.065]], [[77.60386, 12.89731], [77.60217, 12.89525], [77.60444, 12.89584], [77.60386, 12.89731]], [[77.59231, 12.89122], [77.59597, 12.89143], [77.59626, 12.89777], [77.58876, 12.89716], [77.59231, 12.89122]], [[77.58515, 12.87262], [77.58676, 12.87365], [77.59344, 12.87794], [77.59212, 12.87968], [77.58497, 12.87875], [77.58515, 12.87262]], [[77.578, 12.8994], [77.57681, 12.89738], [77.57874, 12.89797], [77.578, 12.8994]], [[77.55405, 12.9889], [77.55277, 12.98706], [77.55498, 12.98722], [77.55405, 12.9889]], [[77.55235, 12.98162], [77.55268, 12.98135], [77.55279, 12.98161], [77.55235, 12.98162]], [[77.51092, 13.00145], [77.50836, 12.98872], [77.5106, 12.97477], [77.51389, 12.9792], [77.52245, 12.97755], [77.52516, 12.97992], [77.52013, 12.98691], [77.52135, 13.00015], [77.51834, 13.00469], [77.51092, 13.00145]], [[77.50757, 13.00743], [77.51404, 13.0064], [77.51554, 13.01191], [77.50912, 13.01224], [77.50757, 13.00743]], [[77.51185, 12.96658], [77.5084, 12.96474], [77.51138, 12.96415], [77.51185, 12.96658]], [[77.62341, 12.88858], [77.62334, 12.88859], [77.62333, 12.8886], [77.62341, 12.88858]], [[77.61825, 12.8796], [77.61824, 12.87959], [77.61827, 12.87966], [77.61825, 12.8796]], [[77.61817, 12.87948], [77.61812, 12.87943], [77.61809, 12.87939], [77.61817, 12.87948]], [[77.61806, 12.87937], [77.61803, 12.87933], [77.61809, 12.87939], [77.61806, 12.87937]], [[77.61759, 12.87679], [77.6176, 12.8767], [77.61759, 12.87681], [77.61759, 12.87679]], [[77.59611, 12.87268], [77.59609, 12.8727], [77.59606, 12.87275], [77.59611, 12.87268]], [[77.59615, 12.87259], [77.59613, 12.87264], [77.59611, 12.87268], [77.59615, 12.87259]], [[77.59123, 12.86227], [77.59118, 12.86229], [77.5912, 12.86228], [77.59123, 12.86227]], [[77.59062, 12.88149], [77.59062, 12.88151], [77.59062, 12.88146], [77.59062, 12.88149]], [[77.59058, 12.86233], [77.5906, 12.86231], [77.59052, 12.86236], [77.59058, 12.86233]], [[77.58883, 12.87265], [77.58879, 12.87266], [77.58866, 12.87269], [77.58883, 12.87265]], [[77.58264, 12.90551], [77.58251, 12.90552], [77.58257, 12.90551], [77.58264, 12.90551]], [[77.58215, 12.90553], [77.58202, 12.90555], [77.58206, 12.90554], [77.58215, 12.90553]], [[77.58134, 12.91063], [77.58129, 12.91063], [77.58125, 12.91063], [77.58134, 12.91063]], [[77.5781, 12.93916], [77.57881, 12.93828], [77.57942, 12.93753], [77.58004, 12.93677], [77.57881, 12.93828], [77.57881, 12.93828], [77.5781, 12.93916]], [[77.57963, 12.87484], [77.57967, 12.87486], [77.57972, 12.87488], [77.57963, 12.87484]], [[77.57962, 12.93305], [77.57962, 12.93305], [77.57961, 12.93261], [77.57962, 12.93305]], [[77.5795, 12.87485], [77.57952, 12.87484], [77.57958, 12.87484], [77.5795, 12.87485]], [[77.57941, 12.87487], [77.57946, 12.87486], [77.57949, 12.87485], [77.57941, 12.87487]], [[77.57896, 12.87509], [77.57898, 12.87508], [77.579, 12.87506], [77.57896, 12.87509]], [[77.57768, 12.93973], [77.5777, 12.93997], [77.57768, 12.93969], [77.57768, 12.93973]], [[77.57774, 12.94031], [77.57776, 12.94052], [77.5777, 12.93997], [77.57774, 12.94031]], [[77.57711, 12.8767], [77.57712, 12.87659], [77.57712, 12.87658], [77.57711, 12.8767]], [[77.57647, 12.87834], [77.57648, 12.87839], [77.57647, 12.87838], [77.57647, 12.87835], [77.57647, 12.87834]], [[77.57629, 12.88007], [77.57631, 12.88002], [77.57633, 12.87998], [77.57629, 12.88007]], [[77.57575, 12.8815], [77.57578, 12.88142], [77.57579, 12.88141], [77.57575, 12.8815]], [[77.57546, 12.90532], [77.57546, 12.90506], [77.57546, 12.90505], [77.57546, 12.90505], [77.57546, 12.90532]], [[77.57547, 12.90504], [77.57547, 12.90504], [77.57546, 12.90505], [77.57547, 12.90504]], [[77.57346, 12.89458], [77.5734, 12.89457], [77.57348, 12.89458], [77.57346, 12.89458]], [[77.57386, 12.93798], [77.57385, 12.93762], [77.57386, 12.93818], [77.57386, 12.93798]], [[77.57383, 12.9363], [77.57383, 12.93628], [77.57384, 12.93684], [77.57383, 12.9363]], [[77.57382, 12.93477], [77.57355, 12.93483], [77.57354, 12.93483], [77.57382, 12.93477]], [[77.57339, 12.9025], [77.57336, 12.90266], [77.57335, 12.90271], [77.57339, 12.9025]], [[77.57327, 12.90647], [77.57328, 12.90631], [77.57328, 12.90633], [77.57327, 12.90647]], [[77.5733, 12.90618], [77.57329, 12.90621], [77.57328, 12.90631], [77.5733, 12.90618]], [[77.57296, 12.93491], [77.57294, 12.93491], [77.57307, 12.9349], [77.57296, 12.93491]], [[77.57296, 12.89997], [77.57297, 12.89999], [77.57298, 12.90003], [77.57291, 12.89983], [77.57296, 12.89997]], [[77.57295, 12.90938], [77.57295, 12.90937], [77.57295, 12.90948], [77.57295, 12.90938]], [[77.57297, 12.89468], [77.57291, 12.89479], [77.5729, 12.8948], [77.57297, 12.89468]], [[77.57115, 12.89716], [77.5712, 12.89722], [77.57129, 12.89735], [77.57115, 12.89716]], [[77.57017, 12.96796], [77.57022, 12.96796], [77.57033, 12.96795], [77.57022, 12.96796], [77.57017, 12.96796]], [[77.56862, 12.89432], [77.56845, 12.89416], [77.56858, 12.89428], [77.56862, 12.89432]], [[77.56811, 12.96698], [77.56809, 12.9673], [77.56812, 12.96686], [77.56811, 12.96698]], [[77.56815, 12.96639], [77.56815, 12.96631], [77.56816, 12.96621], [77.56815, 12.96631], [77.56815, 12.96631], [77.56813, 12.96666], [77.56812, 12.96686], [77.56815, 12.96639]], [[77.56817, 12.96612], [77.56818, 12.96595], [77.56817, 12.96612], [77.56817, 12.96613], [77.56816, 12.96621], [77.56817, 12.96612]], [[77.56744, 12.93188], [77.56748, 12.93191], [77.56745, 12.93189], [77.56744, 12.93188]], [[77.56712, 12.93113], [77.56708, 12.93104], [77.56711, 12.93109], [77.56723, 12.93141], [77.56712, 12.93113]], [[77.56626, 12.96285], [77.56669, 12.96297], [77.56671, 12.96298], [77.56626, 12.96285]], [[77.56539, 12.96258], [77.56557, 12.96264], [77.56572, 12.96268], [77.56557, 12.96264], [77.56539, 12.96258]], [[77.56492, 12.90433], [77.56494, 12.90435], [77.56489, 12.90431], [77.56492, 12.90433]], [[77.56425, 12.94469], [77.56425, 12.9447], [77.56425, 12.94476], [77.56425, 12.94447], [77.56425, 12.94469]], [[77.56422, 12.94681], [77.56423, 12.94663], [77.56423, 12.94665], [77.56422, 12.94681]], [[77.56382, 12.94864], [77.56399, 12.94863], [77.56393, 12.94863], [77.56391, 12.94863], [77.56382, 12.94864]], [[77.56338, 12.99369], [77.56347, 12.99368], [77.56395, 12.99363], [77.56349, 12.99368], [77.56338, 12.99369]], [[77.56344, 12.90309], [77.56353, 12.90317], [77.56352, 12.90316], [77.56344, 12.90309]], [[77.56229, 12.98827], [77.56234, 12.98827], [77.56228, 12.98827], [77.56229, 12.98827]], [[77.56227, 12.95036], [77.56229, 12.95065], [77.56229, 12.95081], [77.56227, 12.95036]], [[77.56163, 12.93044], [77.56161, 12.93044], [77.56179, 12.93053], [77.56167, 12.93046], [77.56163, 12.93044]], [[77.56012, 12.99393], [77.56013, 12.99398], [77.56012, 12.99395], [77.56012, 12.99393]], [[77.55927, 12.97987], [77.55925, 12.97995], [77.55925, 12.97994], [77.55927, 12.97987]], [[77.55766, 12.93336], [77.55766, 12.93336], [77.55793, 12.93351], [77.55766, 12.93336]], [[77.55753, 12.97094], [77.55754, 12.97099], [77.55754, 12.97097], [77.55753, 12.97094]], [[77.55691, 12.96604], [77.55694, 12.96614], [77.55694, 12.96617], [77.55691, 12.96604]], [[77.55526, 12.96842], [77.55534, 12.9686], [77.55543, 12.96881], [77.55558, 12.96918], [77.55526, 12.9684], [77.55526, 12.96842]], [[77.55447, 12.97557], [77.55548, 12.97561], [77.55449, 12.97557], [77.55447, 12.97557]], [[77.5554, 12.92571], [77.55534, 12.92568], [77.55542, 12.92573], [77.5554, 12.92571]], [[77.55533, 12.96444], [77.55533, 12.96443], [77.55526, 12.96448], [77.55512, 12.96436], [77.55526, 12.96448], [77.55533, 12.96444]], [[77.55508, 12.96717], [77.55484, 12.96724], [77.55503, 12.96719], [77.55508, 12.96717]], [[77.55484, 12.90953], [77.55482, 12.90952], [77.55484, 12.90953], [77.55486, 12.90954], [77.55484, 12.90953]], [[77.55332, 12.92396], [77.5533, 12.92397], [77.55366, 12.92385], [77.55332, 12.92396]], [[77.55343, 12.95082], [77.55353, 12.9508], [77.55345, 12.95081], [77.55343, 12.95082]], [[77.55336, 12.96437], [77.5534, 12.96436], [77.55334, 12.96437], [77.55336, 12.96437]], [[77.55225, 12.91167], [77.5523, 12.91168], [77.55236, 12.91169], [77.55225, 12.91167]], [[77.55196, 12.96449], [77.55198, 12.96449], [77.55177, 12.96448], [77.55196, 12.96449]], [[77.55181, 12.95179], [77.55176, 12.95185], [77.55188, 12.9517], [77.55181, 12.95179]], [[77.55083, 12.96304], [77.55105, 12.96378], [77.55083, 12.96304], [77.55079, 12.9629], [77.55083, 12.96304]], [[77.55096, 12.9395], [77.55096, 12.9395], [77.55096, 12.9395], [77.55096, 12.9395], [77.55096, 12.9395]], [[77.5508, 12.96732], [77.55076, 12.96728], [77.55094, 12.96751], [77.5508, 12.96732]], [[77.54979, 12.94349], [77.54984, 12.94338], [77.54984, 12.94337], [77.54979, 12.94349]], [[77.54976, 12.94737], [77.54976, 12.94737], [77.54979, 12.94755], [77.54976, 12.94737]], [[77.54971, 12.94713], [77.54973, 12.94721], [77.54976, 12.94736], [77.54971, 12.94713]], [[77.54869, 12.90639], [77.54869, 12.90638], [77.54865, 12.90628], [77.54869, 12.90639]], [[77.54845, 12.90572], [77.54845, 12.90571], [77.54843, 12.90566], [77.54845, 12.90572]], [[77.54724, 12.95867], [77.54759, 12.95804], [77.54773, 12.95779], [77.54759, 12.95804], [77.54724, 12.95867]], [[77.54717, 12.98468], [77.54714, 12.98469], [77.5468, 12.98475], [77.54717, 12.98468]], [[77.54576, 12.94296], [77.54666, 12.94269], [77.54587, 12.94292], [77.54576, 12.94296]], [[77.54639, 12.99742], [77.54635, 12.99742], [77.54589, 12.99743], [77.54639, 12.99742]], [[77.5446, 12.9851], [77.54524, 12.985], [77.54517, 12.98501], [77.5446, 12.9851]], [[77.54517, 12.99748], [77.54508, 12.99749], [77.54506, 12.99749], [77.54517, 12.99748]], [[77.54483, 12.94318], [77.54495, 12.94317], [77.5448, 12.94319], [77.54483, 12.94318]], [[77.54174, 12.9188], [77.54177, 12.91881], [77.54168, 12.91879], [77.54174, 12.9188]], [[77.54109, 12.91839], [77.5411, 12.9184], [77.5412, 12.91845], [77.54109, 12.91839]], [[77.54097, 12.91837], [77.54101, 12.91838], [77.54109, 12.91839], [77.54097, 12.91837]], [[77.54058, 12.91805], [77.54065, 12.91809], [77.54066, 12.9181], [77.54058, 12.91805]], [[77.52543, 13.04368], [77.52536, 13.04373], [77.52484, 13.04404], [77.52536, 13.04373], [77.52543, 13.04368]], [[77.53948, 12.9435], [77.53947, 12.9435], [77.53997, 12.94349], [77.53948, 12.9435]], [[77.53901, 12.93939], [77.53911, 12.93891], [77.5391, 12.93897], [77.53901, 12.93939]], [[77.53889, 12.93388], [77.53876, 12.93395], [77.53889, 12.93387], [77.53889, 12.93388]], [[77.53877, 12.94124], [77.53878, 12.94111], [77.53878, 12.9411], [77.53877, 12.94124]], [[77.53709, 12.98406], [77.53727, 12.98591], [77.53723, 12.9855], [77.53713, 12.98448], [77.53709, 12.98406]], [[77.53429, 12.93647], [77.5343, 12.93647], [77.5343, 12.93647], [77.53429, 12.93647]], [[77.5341, 12.93621], [77.53391, 12.93598], [77.53366, 12.93508], [77.53391, 12.93598], [77.5341, 12.93621]], [[77.53395, 12.93722], [77.53389, 12.9374], [77.53387, 12.93747], [77.53389, 12.9374], [77.53395, 12.93722]], [[77.53363, 12.93792], [77.53355, 12.93805], [77.53363, 12.93792], [77.53382, 12.93761], [77.53383, 12.93759], [77.53382, 12.93761], [77.53363, 12.93792]], [[77.53379, 12.93331], [77.53376, 12.93341], [77.53377, 12.93337], [77.53378, 12.93334], [77.53379, 12.93331]], [[77.53365, 12.93506], [77.5331, 12.93509], [77.5331, 12.93509], [77.53365, 12.93506], [77.53365, 12.93506]], [[77.53324, 12.93475], [77.53345, 12.93422], [77.53344, 12.9342], [77.53345, 12.93422], [77.53324, 12.93475]], [[77.5333, 12.93411], [77.5333, 12.93411], [77.53332, 12.93413], [77.5333, 12.93411]], [[77.53321, 12.93409], [77.53321, 12.93409], [77.53326, 12.9341], [77.53321, 12.93409]], [[77.53324, 12.93855], [77.53316, 12.93866], [77.53304, 12.93886], [77.53316, 12.93866], [77.53324, 12.93855]], [[77.533, 12.93416], [77.53309, 12.93415], [77.533, 12.93416], [77.53294, 12.93414], [77.53294, 12.93414], [77.533, 12.93416]], [[77.53299, 12.93894], [77.53287, 12.93914], [77.53271, 12.93941], [77.53287, 12.93914], [77.53299, 12.93894]], [[77.53268, 12.93375], [77.53265, 12.93374], [77.53268, 12.93375], [77.53271, 12.93378], [77.53272, 12.93378], [77.53278, 12.93393], [77.53272, 12.93378], [77.53268, 12.93375]], [[77.53256, 12.93965], [77.53258, 12.93962], [77.53227, 12.94013], [77.53188, 12.94075], [77.53116, 12.94201], [77.53115, 12.94204], [77.53116, 12.94201], [77.53188, 12.94075], [77.53227, 12.94013], [77.53256, 12.93965]], [[77.53234, 12.93362], [77.53239, 12.93365], [77.5325, 12.9337], [77.53251, 12.9337], [77.5325, 12.9337], [77.53239, 12.93366], [77.53234, 12.93362]], [[77.53192, 12.93378], [77.53192, 12.93378], [77.53193, 12.93378], [77.53192, 12.93378]], [[77.5319, 12.93388], [77.5319, 12.93391], [77.5319, 12.93392], [77.5319, 12.93391], [77.5319, 12.93388]], [[77.53188, 12.93396], [77.53187, 12.93397], [77.53184, 12.93398], [77.53187, 12.93397], [77.53188, 12.93396]], [[77.53176, 12.934], [77.53173, 12.93401], [77.53172, 12.934], [77.53173, 12.93401], [77.53176, 12.934]], [[77.53165, 12.93393], [77.53165, 12.93393], [77.53165, 12.93393], [77.53165, 12.93393]], [[77.53155, 12.93393], [77.53158, 12.93393], [77.53161, 12.93392], [77.53162, 12.93392], [77.53161, 12.93392], [77.53158, 12.93393], [77.53155, 12.93393]], [[77.53138, 12.93374], [77.53136, 12.93394], [77.53136, 12.93394], [77.53138, 12.93374]], [[77.53021, 12.94353], [77.53042, 12.94336], [77.53045, 12.94332], [77.53042, 12.94336], [77.53021, 12.94353], [77.53021, 12.94353]], [[77.53011, 12.98763], [77.53006, 12.98757], [77.53005, 12.98753], [77.53011, 12.98763]], [[77.53002, 12.94378], [77.52998, 12.94383], [77.52993, 12.94394], [77.52998, 12.94383], [77.53002, 12.94378]], [[77.52977, 12.94422], [77.52963, 12.94445], [77.52957, 12.94454], [77.52963, 12.94445], [77.52977, 12.94422]], [[77.52955, 12.94457], [77.52951, 12.94463], [77.52944, 12.94469], [77.52921, 12.94483], [77.52914, 12.94486], [77.52921, 12.94483], [77.52944, 12.94469], [77.52951, 12.94463], [77.52955, 12.94457]], [[77.52911, 12.98617], [77.5291, 12.98613], [77.52908, 12.98605], [77.52911, 12.98617]], [[77.52831, 12.94515], [77.52857, 12.94507], [77.52879, 12.945], [77.52857, 12.94507], [77.52829, 12.94516], [77.52831, 12.94515]], [[77.52789, 12.94519], [77.52789, 12.94518], [77.52795, 12.94518], [77.52789, 12.94519]], [[77.52783, 12.99968], [77.52782, 12.99961], [77.52783, 12.99968], [77.52784, 12.9999], [77.52783, 12.99968]], [[77.52716, 12.94447], [77.52694, 12.94427], [77.52677, 12.94411], [77.52663, 12.94398], [77.52677, 12.94411], [77.52694, 12.94427], [77.52716, 12.94447]], [[77.52644, 12.94376], [77.52648, 12.9438], [77.52648, 12.94381], [77.52648, 12.9438], [77.52644, 12.94376]], [[77.52617, 12.94336], [77.52627, 12.9435], [77.52617, 12.94336], [77.52611, 12.94326], [77.52572, 12.9427], [77.52601, 12.94312], [77.52611, 12.94326], [77.52617, 12.94336]], [[77.52538, 12.94221], [77.52542, 12.94227], [77.52546, 12.94232], [77.52542, 12.94227], [77.52538, 12.94221]], [[77.52441, 12.92557], [77.52453, 12.92559], [77.52492, 12.92555], [77.52495, 12.92555], [77.52492, 12.92555], [77.52454, 12.92559], [77.52441, 12.92557]], [[77.52435, 12.9406], [77.52444, 12.94074], [77.52458, 12.94095], [77.52461, 12.94099], [77.52471, 12.94117], [77.52483, 12.94136], [77.52474, 12.94121], [77.52471, 12.94117], [77.52461, 12.941], [77.52458, 12.94095], [77.52444, 12.94074], [77.52435, 12.9406]], [[77.52411, 12.9403], [77.52419, 12.9404], [77.52422, 12.94044], [77.52419, 12.9404], [77.52411, 12.9403]], [[77.52288, 12.93899], [77.5232, 12.93929], [77.52335, 12.93947], [77.52345, 12.93958], [77.52363, 12.93979], [77.52345, 12.93958], [77.52335, 12.93947], [77.5232, 12.93929], [77.52288, 12.93899], [77.5228, 12.93894], [77.52288, 12.93899]], [[77.52302, 12.92523], [77.52303, 12.92523], [77.52302, 12.92523], [77.52302, 12.92523], [77.52302, 12.92523]], [[77.52252, 12.95917], [77.52262, 12.95916], [77.52172, 12.95927], [77.52252, 12.95917]], [[77.52223, 12.93858], [77.52232, 12.93864], [77.52239, 12.93868], [77.52232, 12.93864], [77.52223, 12.93858]], [[77.52183, 12.93831], [77.52172, 12.93824], [77.52137, 12.93795], [77.52129, 12.93787], [77.52137, 12.93795], [77.52172, 12.93824], [77.52183, 12.93831]], [[77.52006, 12.92655], [77.51998, 12.92658], [77.51995, 12.92659], [77.51998, 12.92658], [77.52006, 12.92655]], [[77.51973, 12.92659], [77.51963, 12.92659], [77.51962, 12.9266], [77.51963, 12.92659], [77.51973, 12.92659]], [[77.51939, 12.95978], [77.51932, 12.95966], [77.51932, 12.95966], [77.51939, 12.95978]], [[77.51901, 12.92685], [77.51883, 12.92692], [77.51871, 12.92694], [77.51883, 12.92692], [77.51901, 12.92685]], [[77.51847, 12.96534], [77.51846, 12.9653], [77.51847, 12.96534], [77.51844, 12.96546], [77.51844, 12.96546], [77.51844, 12.96546], [77.51847, 12.96534]], [[77.51787, 12.9273], [77.51787, 12.92726], [77.51832, 12.92708], [77.51835, 12.92706], [77.51832, 12.92708], [77.51787, 12.92726], [77.51787, 12.9273]], [[77.51823, 12.96557], [77.51823, 12.96557], [77.51778, 12.9658], [77.51769, 12.96583], [77.51778, 12.9658], [77.51823, 12.96557]], [[77.51822, 12.96459], [77.51822, 12.96459], [77.51822, 12.96459], [77.51822, 12.96459]], [[77.51805, 12.96722], [77.51809, 12.9673], [77.51805, 12.96722], [77.51804, 12.96719], [77.51805, 12.96722]], [[77.51786, 12.96405], [77.51791, 12.9641], [77.51802, 12.96422], [77.51802, 12.96422], [77.51791, 12.9641], [77.51786, 12.96405]], [[77.51788, 12.96696], [77.51786, 12.96694], [77.51788, 12.96696], [77.51788, 12.96696]], [[77.51786, 12.96791], [77.51778, 12.96798], [77.51786, 12.96791], [77.51787, 12.9679], [77.51786, 12.96791]], [[77.51778, 12.96399], [77.5178, 12.96401], [77.51778, 12.96399], [77.5177, 12.96394], [77.51778, 12.96399]], [[77.51777, 12.96976], [77.5178, 12.96977], [77.51777, 12.96976], [77.51777, 12.96976], [77.51777, 12.96976]], [[77.51764, 12.96669], [77.51764, 12.96669], [77.51775, 12.96677], [77.51778, 12.96681], [77.51775, 12.96678], [77.51764, 12.96669]], [[77.51679, 12.97018], [77.51693, 12.97013], [77.51777, 12.96976], [77.517, 12.9701], [77.51717, 12.97006], [77.517, 12.9701], [77.51693, 12.97013], [77.51679, 12.97018], [77.51649, 12.97025], [77.51649, 12.97025], [77.51628, 12.97029], [77.51625, 12.9703], [77.51623, 12.9703], [77.51625, 12.9703], [77.51628, 12.97029], [77.51649, 12.97025], [77.51649, 12.97025], [77.51679, 12.97018]], [[77.51766, 12.96962], [77.51756, 12.96947], [77.5175, 12.96939], [77.51756, 12.96947], [77.51766, 12.96962], [77.51774, 12.96972], [77.51766, 12.96962]], [[77.51767, 12.96185], [77.51773, 12.96193], [77.51767, 12.96185], [77.51759, 12.96182], [77.51767, 12.96185]], [[77.51771, 13.00523], [77.51771, 13.00525], [77.5177, 13.00471], [77.51771, 13.00523]], [[77.51767, 12.92741], [77.51659, 12.92798], [77.51653, 12.92801], [77.51659, 12.92798], [77.51767, 12.92741]], [[77.51761, 12.96292], [77.51757, 12.96301], [77.51761, 12.96292], [77.51765, 12.96277], [77.51761, 12.96292]], [[77.5176, 12.97444], [77.51758, 12.97436], [77.5176, 12.97445], [77.5176, 12.97444]], [[77.51746, 12.96847], [77.51748, 12.96828], [77.51758, 12.96817], [77.51748, 12.96828], [77.51746, 12.96847], [77.51746, 12.96857], [77.51746, 12.96847]], [[77.51753, 12.96663], [77.5174, 12.96648], [77.5174, 12.9664], [77.5174, 12.96648], [77.51753, 12.96663], [77.51753, 12.96663], [77.51753, 12.96663]], [[77.51742, 12.96624], [77.51742, 12.96622], [77.51745, 12.96616], [77.51752, 12.96595], [77.51752, 12.96595], [77.51745, 12.96616], [77.51742, 12.96622], [77.51742, 12.96624]], [[77.51748, 12.9638], [77.51747, 12.9638], [77.51751, 12.96384], [77.51748, 12.9638]], [[77.51748, 12.96912], [77.51747, 12.96911], [77.51748, 12.96914], [77.51749, 12.96916], [77.51748, 12.96914], [77.51748, 12.96912]], [[77.51748, 12.96901], [77.51744, 12.96893], [77.51748, 12.96901], [77.51746, 12.96902], [77.51746, 12.96902], [77.51748, 12.96901]], [[77.51745, 12.96317], [77.51747, 12.96308], [77.51746, 12.96317], [77.51745, 12.96325], [77.51745, 12.9632], [77.51745, 12.96317]], [[77.51747, 12.96909], [77.51747, 12.9691], [77.51747, 12.96909], [77.51747, 12.96905], [77.51747, 12.96909]], [[77.51739, 12.96175], [77.51741, 12.96176], [77.51739, 12.96175], [77.51716, 12.9618], [77.51739, 12.96175]], [[77.51685, 12.96185], [77.51688, 12.96185], [77.51688, 12.96185], [77.51685, 12.96185]], [[77.51641, 12.96189], [77.51645, 12.96189], [77.51641, 12.96189], [77.51639, 12.96189], [77.51641, 12.96189]], [[77.51563, 12.93302], [77.51606, 12.93271], [77.51606, 12.93271], [77.51563, 12.93302], [77.5156, 12.93304], [77.51563, 12.93302]], [[77.51601, 12.96144], [77.51603, 12.96154], [77.51603, 12.96159], [77.51605, 12.96174], [77.51603, 12.96159], [77.51601, 12.96144]], [[77.51603, 12.92833], [77.51568, 12.92857], [77.51519, 12.92907], [77.51568, 12.92857], [77.51603, 12.92833]], [[77.51597, 12.96092], [77.51599, 12.96118], [77.51597, 12.96092], [77.51597, 12.96084], [77.51592, 12.96069], [77.51588, 12.96061], [77.51592, 12.96069], [77.51597, 12.96084], [77.51597, 12.96092]], [[77.51594, 12.97035], [77.51597, 12.97035], [77.51594, 12.97035], [77.51586, 12.97037], [77.51594, 12.97035]], [[77.51592, 12.93623], [77.51592, 12.93623], [77.51594, 12.93623], [77.51592, 12.93623], [77.51592, 12.93623]], [[77.51582, 12.97038], [77.51583, 12.97038], [77.51582, 12.97038], [77.51577, 12.97039], [77.51582, 12.97038]], [[77.51577, 12.96019], [77.51578, 12.96022], [77.51577, 12.96018], [77.51571, 12.96009], [77.51577, 12.96019]], [[77.51552, 12.95973], [77.51552, 12.95973], [77.51552, 12.95975], [77.51557, 12.95985], [77.51552, 12.95975], [77.51552, 12.95973]], [[77.51546, 12.95965], [77.5155, 12.95969], [77.51546, 12.95965], [77.51545, 12.95964], [77.51546, 12.95965]], [[77.51543, 12.97048], [77.51541, 12.97049], [77.51541, 12.97049], [77.51543, 12.97048]], [[77.51488, 12.93607], [77.51498, 12.93609], [77.51542, 12.93615], [77.51497, 12.93609], [77.51488, 12.93607]], [[77.51537, 12.97062], [77.5154, 12.97052], [77.51537, 12.97062], [77.51537, 12.97063], [77.51537, 12.97062]], [[77.51521, 12.93323], [77.51497, 12.9333], [77.51435, 12.93335], [77.51392, 12.93337], [77.51369, 12.9335], [77.51369, 12.9335], [77.51392, 12.93337], [77.51435, 12.93335], [77.51497, 12.9333], [77.51521, 12.93323], [77.51539, 12.93316], [77.51521, 12.93323]], [[77.51536, 12.95957], [77.51537, 12.95958], [77.51536, 12.95957], [77.51533, 12.95955], [77.51536, 12.95957]], [[77.51527, 12.9595], [77.51533, 12.95955], [77.51527, 12.9595], [77.51521, 12.95947], [77.51527, 12.9595]], [[77.51503, 12.97067], [77.51491, 12.97071], [77.51503, 12.97067], [77.51518, 12.97065], [77.51519, 12.97064], [77.51518, 12.97065], [77.51503, 12.97067]], [[77.51517, 12.9313], [77.51511, 12.9312], [77.51509, 12.93116], [77.51506, 12.93105], [77.51509, 12.93116], [77.51511, 12.9312], [77.51517, 12.9313]], [[77.51506, 12.95939], [77.51516, 12.95944], [77.51506, 12.95939], [77.51503, 12.95935], [77.51506, 12.95939]], [[77.51495, 12.95903], [77.51497, 12.95911], [77.51494, 12.95903], [77.51491, 12.95897], [77.51495, 12.95903]], [[77.51476, 12.93015], [77.51469, 12.92996], [77.51455, 12.92954], [77.51488, 12.9293], [77.51455, 12.92954], [77.51469, 12.92996], [77.51476, 12.93015]], [[77.51484, 12.95878], [77.51479, 12.95866], [77.51477, 12.9586], [77.51479, 12.95866], [77.51484, 12.95878], [77.51487, 12.9589], [77.51484, 12.95878]], [[77.51479, 12.95833], [77.51477, 12.95848], [77.51479, 12.95833], [77.51477, 12.95824], [77.51479, 12.95833]], [[77.51464, 12.958], [77.51469, 12.95807], [77.51464, 12.958], [77.51458, 12.95789], [77.51464, 12.958]], [[77.51436, 12.9577], [77.51436, 12.9577], [77.5144, 12.9577], [77.51436, 12.9577]], [[77.51421, 12.95792], [77.51426, 12.9578], [77.51434, 12.95772], [77.51426, 12.9578], [77.51421, 12.95792], [77.51417, 12.95796], [77.5141, 12.958], [77.5141, 12.958], [77.51417, 12.95796], [77.51421, 12.95792]], [[77.51364, 12.93618], [77.51366, 12.93613], [77.51377, 12.93591], [77.51378, 12.93588], [77.51383, 12.93579], [77.51412, 12.93588], [77.51431, 12.93593], [77.51412, 12.93588], [77.51383, 12.93579], [77.51379, 12.93588], [77.51377, 12.93591], [77.51366, 12.93613], [77.51364, 12.93618]], [[77.51286, 12.97178], [77.51294, 12.97173], [77.5143, 12.97097], [77.5143, 12.97097], [77.51294, 12.97173], [77.51286, 12.97178]], [[77.51429, 12.97096], [77.5143, 12.97097], [77.51429, 12.97096], [77.51429, 12.97096]], [[77.51404, 12.95793], [77.51404, 12.95793], [77.51405, 12.95794], [77.51404, 12.95793]], [[77.51391, 12.95796], [77.51396, 12.95793], [77.51391, 12.95797], [77.51389, 12.958], [77.51391, 12.95796]], [[77.51384, 12.95813], [77.51386, 12.95808], [77.51385, 12.95813], [77.51377, 12.95818], [77.51384, 12.95813]], [[77.51356, 12.93641], [77.51354, 12.93647], [77.51345, 12.9366], [77.51344, 12.9366], [77.51345, 12.9366], [77.51354, 12.93647], [77.51356, 12.93641]], [[77.51326, 12.95814], [77.5133, 12.95815], [77.51326, 12.95814], [77.51322, 12.95817], [77.51326, 12.95814]], [[77.51323, 12.93683], [77.51324, 12.93681], [77.51324, 12.9368], [77.51324, 12.93681], [77.51323, 12.93683]], [[77.5131, 12.95828], [77.51316, 12.95823], [77.5131, 12.95828], [77.51308, 12.95833], [77.5131, 12.95828]], [[77.51305, 12.93706], [77.51304, 12.93708], [77.51292, 12.93724], [77.51288, 12.93727], [77.51292, 12.93724], [77.51304, 12.93707], [77.51305, 12.93706]], [[77.51299, 12.95849], [77.51302, 12.95844], [77.51299, 12.95849], [77.51293, 12.95861], [77.51276, 12.95877], [77.51263, 12.95886], [77.51276, 12.95877], [77.51293, 12.95861], [77.51299, 12.95849]], [[77.51279, 12.97178], [77.51279, 12.97173], [77.51279, 12.97173], [77.51279, 12.97178]], [[77.51272, 12.93326], [77.51272, 12.93326], [77.51275, 12.93329], [77.51272, 12.93326]], [[77.5125, 12.95894], [77.51251, 12.95893], [77.5125, 12.95894], [77.51245, 12.959], [77.51236, 12.95911], [77.51219, 12.95917], [77.51236, 12.95911], [77.51245, 12.959], [77.5125, 12.95894]], [[77.51235, 12.97217], [77.51239, 12.97214], [77.51235, 12.97217], [77.51229, 12.97222], [77.51235, 12.97217]], [[77.51222, 12.933], [77.51205, 12.93287], [77.51172, 12.9326], [77.51205, 12.93287], [77.51222, 12.933]], [[77.51216, 12.95919], [77.51216, 12.95918], [77.51216, 12.95918], [77.51216, 12.95919]], [[77.51201, 12.95933], [77.51201, 12.95933], [77.51201, 12.95933], [77.51201, 12.95933]], [[77.512, 12.95848], [77.512, 12.95851], [77.512, 12.95848], [77.512, 12.95845], [77.512, 12.95848]], [[77.51199, 12.95814], [77.51199, 12.95807], [77.51199, 12.95798], [77.51196, 12.95791], [77.51196, 12.95791], [77.51199, 12.95798], [77.51199, 12.95807], [77.51199, 12.95814]], [[77.51199, 12.95859], [77.51197, 12.95861], [77.51199, 12.95859], [77.51199, 12.95856], [77.51199, 12.95859]], [[77.51197, 12.95834], [77.51198, 12.95835], [77.51197, 12.95834], [77.51197, 12.95832], [77.51197, 12.95834]], [[77.51194, 12.95774], [77.51195, 12.95769], [77.51192, 12.95762], [77.51191, 12.95761], [77.51191, 12.95758], [77.51191, 12.95761], [77.51195, 12.95769], [77.51194, 12.95774]], [[77.51183, 12.95938], [77.51188, 12.95936], [77.51184, 12.95938], [77.51181, 12.95938], [77.51183, 12.95938]], [[77.51184, 12.9572], [77.51185, 12.95729], [77.51184, 12.9572], [77.51181, 12.95713], [77.51184, 12.9572]], [[77.51181, 12.95873], [77.5118, 12.95874], [77.51181, 12.95873], [77.51182, 12.95872], [77.51181, 12.95873]], [[77.51182, 12.92032], [77.5118, 12.92013], [77.51173, 12.91984], [77.51173, 12.91984], [77.5118, 12.92013], [77.51182, 12.92031], [77.5118, 12.92044], [77.51177, 12.92052], [77.5118, 12.92044], [77.51182, 12.92032]], [[77.51172, 12.92063], [77.51162, 12.9207], [77.51159, 12.92071], [77.51162, 12.92069], [77.51172, 12.92063], [77.51174, 12.92058], [77.51172, 12.92063]], [[77.51166, 12.95926], [77.51169, 12.9593], [77.51166, 12.95926], [77.51164, 12.95923], [77.51166, 12.95926]], [[77.51169, 12.92224], [77.51169, 12.92219], [77.51169, 12.92224], [77.51166, 12.9224], [77.51169, 12.92224]], [[77.51166, 12.92118], [77.51158, 12.92088], [77.51166, 12.92118], [77.51168, 12.92126], [77.51166, 12.92118]], [[77.51166, 12.95867], [77.51167, 12.95869], [77.51166, 12.95867], [77.51166, 12.95867]], [[77.5116, 12.91981], [77.51162, 12.91982], [77.51167, 12.91983], [77.51162, 12.91982], [77.5116, 12.91981], [77.51121, 12.92], [77.5116, 12.91981]], [[77.51166, 12.92183], [77.51166, 12.92182], [77.51166, 12.92182], [77.51166, 12.92183]], [[77.51156, 12.95888], [77.51156, 12.95895], [77.51156, 12.95888], [77.51159, 12.95879], [77.51162, 12.95871], [77.51163, 12.9587], [77.51162, 12.95871], [77.51159, 12.95879], [77.51156, 12.95888]], [[77.5113, 12.93241], [77.51163, 12.93253], [77.51163, 12.93253], [77.5113, 12.93241], [77.51117, 12.9324], [77.5113, 12.93241]], [[77.51144, 12.92368], [77.51148, 12.92347], [77.51144, 12.92368], [77.51133, 12.9237], [77.51144, 12.92368]], [[77.51102, 12.97316], [77.51064, 12.97345], [77.51048, 12.97357], [77.51028, 12.97368], [77.51048, 12.97357], [77.51064, 12.97345], [77.51102, 12.97316], [77.51109, 12.97311], [77.51102, 12.97316]], [[77.51093, 12.92928], [77.51093, 12.92933], [77.51093, 12.92928], [77.51093, 12.92923], [77.51093, 12.92912], [77.51093, 12.92895], [77.51093, 12.92892], [77.50998, 12.92891], [77.50984, 12.92891], [77.50984, 12.92892], [77.50984, 12.92891], [77.50998, 12.92891], [77.51093, 12.92891], [77.51093, 12.92895], [77.51093, 12.92912], [77.51093, 12.92923], [77.51093, 12.92928]], [[77.51093, 12.92949], [77.51092, 12.92973], [77.51092, 12.92973], [77.51092, 12.92973], [77.51093, 12.92949], [77.51093, 12.92945], [77.51093, 12.92949]], [[77.51093, 12.92942], [77.51093, 12.92941], [77.51093, 12.92942], [77.51093, 12.92944], [77.51093, 12.92942]], [[77.51091, 12.92994], [77.51091, 12.93007], [77.5109, 12.93021], [77.51091, 12.93007], [77.51091, 12.92994], [77.51092, 12.92984], [77.51091, 12.92994]], [[77.5109, 12.93228], [77.51089, 12.93212], [77.5109, 12.93228], [77.51089, 12.93238], [77.51089, 12.93238], [77.5109, 12.93228]], [[77.51089, 12.93029], [77.51089, 12.93028], [77.51089, 12.93029], [77.51086, 12.93056], [77.51083, 12.93076], [77.51083, 12.93076], [77.51083, 12.93076], [77.51086, 12.93056], [77.51089, 12.93029]], [[77.51086, 12.93156], [77.51088, 12.93181], [77.51086, 12.93157], [77.51083, 12.93124], [77.51083, 12.93128], [77.51086, 12.93156]], [[77.51048, 12.92452], [77.51049, 12.92443], [77.51048, 12.92452], [77.51045, 12.92461], [77.51048, 12.92452]], [[77.51047, 12.92421], [77.51045, 12.92411], [77.51043, 12.92385], [77.51043, 12.92385], [77.51045, 12.92411], [77.51047, 12.92421]], [[77.50847, 13.03033], [77.50847, 13.03033], [77.50886, 13.03026], [77.50847, 13.03033]], [[77.51002, 12.97382], [77.50993, 12.97386], [77.50967, 12.97398], [77.50966, 12.97399], [77.50958, 12.97403], [77.50932, 12.97413], [77.50958, 12.97402], [77.50966, 12.97399], [77.50967, 12.97398], [77.50993, 12.97386], [77.51002, 12.97382]], [[77.50984, 12.92893], [77.50984, 12.92901], [77.50984, 12.92893], [77.50984, 12.92893], [77.50984, 12.92893]], [[77.50984, 12.92908], [77.50983, 12.92908], [77.50984, 12.92908], [77.50984, 12.92906], [77.50984, 12.92908]], [[77.50925, 12.92911], [77.50969, 12.92909], [77.50971, 12.92909], [77.50969, 12.92909], [77.50925, 12.92911], [77.50924, 12.92911], [77.50925, 12.92911]], [[77.50929, 12.91966], [77.50898, 12.92], [77.50919, 12.91997], [77.50898, 12.92], [77.50929, 12.91966], [77.50927, 12.91966], [77.50929, 12.91966]], [[77.50918, 12.92911], [77.50917, 12.92911], [77.50918, 12.92911], [77.50919, 12.92911], [77.50918, 12.92911]], [[77.50891, 12.97387], [77.50886, 12.97378], [77.50891, 12.97387], [77.50905, 12.97411], [77.50908, 12.97417], [77.50905, 12.97411], [77.50891, 12.97387]], [[77.50879, 12.92478], [77.50879, 12.92478], [77.50888, 12.92477], [77.50879, 12.92478]], [[77.5086, 12.92914], [77.50858, 12.92914], [77.5086, 12.92913], [77.50886, 12.92912], [77.5086, 12.92914]], [[77.50823, 12.92914], [77.50821, 12.92913], [77.50823, 12.92913], [77.50825, 12.92914], [77.50844, 12.92914], [77.50846, 12.92914], [77.50844, 12.92914], [77.50825, 12.92914], [77.50823, 12.92914]], [[77.50801, 12.97239], [77.50832, 12.9729], [77.50801, 12.97239], [77.50779, 12.97204], [77.50778, 12.97201], [77.50758, 12.97174], [77.50747, 12.97158], [77.50737, 12.97144], [77.50747, 12.97158], [77.50758, 12.97174], [77.50778, 12.97201], [77.50779, 12.97204], [77.50801, 12.97239]], [[77.50812, 12.92911], [77.50811, 12.92911], [77.50803, 12.92909], [77.50798, 12.92908], [77.50797, 12.92908], [77.50798, 12.92908], [77.50801, 12.92909], [77.50803, 12.92909], [77.50811, 12.92911], [77.50812, 12.92911], [77.50816, 12.92912], [77.50812, 12.92911]], [[77.50772, 12.92903], [77.50768, 12.92903], [77.50772, 12.92903], [77.50783, 12.92905], [77.50772, 12.92903]], [[77.50739, 12.92113], [77.50782, 12.9219], [77.50782, 12.9219], [77.50739, 12.92113]], [[77.50756, 12.92902], [77.50757, 12.92902], [77.50756, 12.92902], [77.50756, 12.92902]], [[77.50747, 12.92904], [77.50752, 12.92903], [77.50752, 12.92903], [77.50752, 12.92903], [77.50746, 12.92904], [77.50731, 12.92909], [77.50747, 12.92904]], [[77.50726, 12.92091], [77.50727, 12.92091], [77.50727, 12.92091], [77.50726, 12.92091]], [[77.50685, 12.92925], [77.50685, 12.92925], [77.50685, 12.92925], [77.50686, 12.92925], [77.50685, 12.92925]], [[77.5068, 12.97063], [77.50682, 12.97066], [77.5068, 12.97063], [77.50677, 12.97057], [77.5068, 12.97063]], [[77.50673, 12.92929], [77.50672, 12.9293], [77.50673, 12.92929], [77.50674, 12.92929], [77.50673, 12.92929]], [[77.50672, 12.9293], [77.50672, 12.9293], [77.50672, 12.9293], [77.50672, 12.9293]], [[77.50637, 12.96957], [77.50636, 12.96955], [77.50637, 12.96957], [77.50655, 12.97007], [77.50658, 12.97014], [77.50655, 12.97007], [77.50637, 12.96957]], [[77.50624, 12.92955], [77.50624, 12.92955], [77.50624, 12.92955], [77.50629, 12.92952], [77.50624, 12.92955]], [[77.50614, 12.92957], [77.50606, 12.92958], [77.50614, 12.92957], [77.50617, 12.92957], [77.50618, 12.92957], [77.50619, 12.92956], [77.50618, 12.92957], [77.50617, 12.92957], [77.50614, 12.92957]], [[77.5055, 12.96758], [77.50558, 12.96776], [77.5055, 12.96758], [77.50538, 12.96733], [77.5055, 12.96758]], [[77.50531, 12.96718], [77.50523, 12.96699], [77.50506, 12.96654], [77.50505, 12.96652], [77.50506, 12.96654], [77.50523, 12.96699], [77.50531, 12.96718], [77.50533, 12.96724], [77.50531, 12.96718]], [[77.50508, 12.96356], [77.50504, 12.96312], [77.50503, 12.96305], [77.5049, 12.96257], [77.50503, 12.96305], [77.50504, 12.96312], [77.50508, 12.96356], [77.50502, 12.96379], [77.50508, 12.96356]], [[77.50489, 12.96601], [77.50497, 12.96632], [77.50499, 12.96638], [77.50497, 12.96632], [77.50489, 12.96601], [77.50489, 12.96601]], [[77.50484, 12.96564], [77.50482, 12.96548], [77.50483, 12.96516], [77.50483, 12.9651], [77.50483, 12.96516], [77.50482, 12.96548], [77.50484, 12.96564], [77.50489, 12.96599], [77.50484, 12.96564]], [[77.50486, 12.96446], [77.50486, 12.96447], [77.50486, 12.96446], [77.50487, 12.96442], [77.50486, 12.96446]], [[77.50435, 12.96043], [77.50433, 12.96044], [77.50435, 12.96043], [77.50463, 12.96149], [77.50466, 12.96161], [77.50463, 12.96149], [77.50435, 12.96043]], [[77.50335, 12.95801], [77.5043, 12.96044], [77.5043, 12.96044], [77.50335, 12.95801], [77.50334, 12.95798], [77.50328, 12.95783], [77.50317, 12.95757], [77.50304, 12.95727], [77.50303, 12.95724], [77.50304, 12.95727], [77.50317, 12.95757], [77.50328, 12.95783], [77.50334, 12.95798], [77.50335, 12.95801]], [[77.50272, 12.95654], [77.50272, 12.95654], [77.50294, 12.95704], [77.50296, 12.95708], [77.50294, 12.95704], [77.50272, 12.95654]], [[77.49895, 13.03448], [77.49888, 13.03398], [77.49888, 13.03399], [77.49895, 13.03447], [77.49895, 13.03448]], [[77.49759, 12.94957], [77.49772, 12.94973], [77.49759, 12.94957], [77.49757, 12.94954], [77.49759, 12.94957]]], [[[77.65984, 13.03111], [77.66018, 13.02851], [77.652, 13.02903], [77.6533, 13.03292], [77.65984, 13.03111]]], [[[77.56269, 13.0744], [77.58386, 13.07014], [77.58676, 13.06634], [77.59111, 13.07194], [77.60299, 13.07401], [77.60556, 13.06722], [77.6212, 13.06622], [77.62265, 13.05944], [77.63216, 13.05798], [77.63521, 13.05392], [77.63936, 13.05415], [77.63921, 13.05911], [77.64365, 13.0623], [77.63825, 13.06388], [77.62975, 13.07365], [77.63377, 13.0761], [77.6407, 13.07191], [77.64231, 13.06624], [77.65052, 13.07054], [77.65164, 13.06921], [77.65165, 13.06892], [77.65165, 13.06878], [77.65165, 13.06892], [77.65164, 13.06921], [77.65507, 13.06515], [77.6555, 13.05593], [77.64277, 13.04509], [77.63934, 13.04611], [77.64029, 13.05112], [77.63278, 13.04877], [77.63059, 13.03915], [77.65123, 13.03965], [77.65282, 13.03648], [77.64831, 13.03606], [77.64514, 13.0299], [77.63802, 13.03016], [77.63662, 13.03021], [77.63686, 13.02676], [77.62871, 13.02495], [77.62861, 13.02085], [77.62859, 13.02017], [77.62849, 13.02013], [77.62336, 13.01825], [77.62326, 13.01821], [77.61718, 13.00685], [77.60423, 13.01249], [77.60578, 13.01777], [77.60491, 13.01864], [77.60085, 13.02272], [77.60094, 13.02299], [77.60094, 13.02299], [77.60085, 13.02272], [77.59918, 13.02439], [77.5861, 13.02708], [77.58879, 13.04262], [77.58882, 13.04263], [77.58879, 13.04262], [77.58912, 13.0445], [77.58353, 13.0443], [77.58327, 13.04447], [77.58353, 13.0443], [77.58343, 13.0443], [77.57649, 13.03029], [77.56141, 13.04003], [77.55779, 13.03481], [77.56177, 13.0247], [77.55577, 13.02076], [77.54794, 13.0286], [77.55349, 13.03552], [77.5499, 13.03672], [77.54584, 13.03807], [77.54549, 13.04113], [77.5443, 13.05164], [77.554, 13.04387], [77.55718, 13.04132], [77.57352, 13.06042], [77.56171, 13.07173], [77.55983, 13.05901], [77.54941, 13.05995], [77.5546, 13.06884], [77.5548, 13.06918], [77.55518, 13.06983], [77.55658, 13.07224], [77.55258, 13.07907], [77.55613, 13.08044], [77.56269, 13.0744]], [[77.62798, 13.03388], [77.62585, 13.03201], [77.62808, 13.03227], [77.62798, 13.03388]], [[77.60506, 13.02748], [77.60555, 13.02789], [77.60548, 13.02801], [77.60357, 13.02847], [77.60506, 13.02748]], [[77.65535, 13.05604], [77.65535, 13.05604], [77.65541, 13.05621], [77.65535, 13.05604], [77.65535, 13.05604]], [[77.65197, 13.06393], [77.65201, 13.0632], [77.65201, 13.06302], [77.65201, 13.0632], [77.65197, 13.06393]], [[77.65197, 13.06136], [77.65195, 13.06093], [77.65196, 13.06084], [77.65195, 13.06094], [77.65197, 13.06136]], [[77.65192, 13.06029], [77.65194, 13.06054], [77.65191, 13.06018], [77.65192, 13.06029]], [[77.65192, 13.06458], [77.65189, 13.06496], [77.65188, 13.06507], [77.65189, 13.06496], [77.65192, 13.06463], [77.65192, 13.06458]], [[77.65171, 13.06768], [77.65175, 13.06684], [77.6518, 13.06622], [77.65175, 13.06684], [77.65171, 13.06768]], [[77.65163, 13.05876], [77.65163, 13.05875], [77.65163, 13.05876], [77.65172, 13.05948], [77.65176, 13.05964], [77.65172, 13.05948], [77.65163, 13.05876]], [[77.65161, 13.0587], [77.65161, 13.0587], [77.65128, 13.05877], [77.65161, 13.0587]], [[77.65003, 13.05886], [77.6499, 13.05884], [77.65003, 13.05885], [77.65013, 13.05887], [77.65032, 13.05886], [77.65013, 13.05887], [77.65003, 13.05886]], [[77.64889, 13.0577], [77.64896, 13.05812], [77.64899, 13.05826], [77.64907, 13.05883], [77.6494, 13.05882], [77.64907, 13.05883], [77.64899, 13.05826], [77.64896, 13.05812], [77.64889, 13.05771], [77.64864, 13.05766], [77.64859, 13.05765], [77.64864, 13.05766], [77.64889, 13.0577]], [[77.64807, 13.05761], [77.64848, 13.05763], [77.64849, 13.05763], [77.64807, 13.05761], [77.64803, 13.05761], [77.64807, 13.05761]], [[77.648, 13.05076], [77.64799, 13.05073], [77.64794, 13.05068], [77.64799, 13.05072], [77.648, 13.05076]], [[77.64795, 13.05111], [77.64796, 13.05108], [77.64795, 13.05111], [77.64774, 13.05156], [77.64771, 13.05161], [77.64774, 13.05156], [77.64795, 13.05111]], [[77.64759, 13.05751], [77.64703, 13.05752], [77.64697, 13.05739], [77.64703, 13.05752], [77.64759, 13.05751]], [[77.64732, 13.05427], [77.64733, 13.05467], [77.64732, 13.05427], [77.64732, 13.05427]], [[77.64705, 13.04951], [77.64728, 13.04986], [77.64705, 13.04951], [77.64705, 13.04951]], [[77.64714, 13.05425], [77.64714, 13.05424], [77.64714, 13.05424], [77.64718, 13.05425], [77.64725, 13.05426], [77.64718, 13.05425], [77.64714, 13.05425]], [[77.6472, 13.04948], [77.64715, 13.04949], [77.64721, 13.04947], [77.6472, 13.04948]], [[77.64717, 13.05351], [77.64715, 13.05359], [77.6471, 13.05424], [77.6471, 13.05424], [77.64715, 13.05359], [77.64717, 13.05351]], [[77.64704, 13.05693], [77.64706, 13.05686], [77.64713, 13.05674], [77.64709, 13.0566], [77.64697, 13.05617], [77.64709, 13.0566], [77.64713, 13.05674], [77.64706, 13.05687], [77.64704, 13.05693]], [[77.6471, 13.05565], [77.64708, 13.05571], [77.6471, 13.05565], [77.6471, 13.05565]], [[77.64697, 13.05613], [77.64697, 13.05616], [77.64696, 13.05616], [77.64697, 13.05613]], [[77.62029, 13.02693], [77.6203, 13.02696], [77.62036, 13.02715], [77.62029, 13.02693]], [[77.61903, 13.02077], [77.61902, 13.02063], [77.61901, 13.02057], [77.61903, 13.02077]], [[77.61828, 13.04873], [77.61831, 13.04898], [77.61828, 13.04873], [77.6183, 13.04847], [77.61828, 13.04873]], [[77.61827, 13.04988], [77.61826, 13.04997], [77.61827, 13.04988], [77.61828, 13.04979], [77.61827, 13.04988]], [[77.61812, 13.05059], [77.61804, 13.05073], [77.61804, 13.05073], [77.61812, 13.05059], [77.61819, 13.0504], [77.61812, 13.05059]], [[77.61797, 13.05086], [77.61797, 13.05088], [77.61788, 13.05119], [77.61788, 13.05119], [77.61797, 13.05087], [77.61797, 13.05086]], [[77.61778, 13.05141], [77.61778, 13.05141], [77.61778, 13.05141], [77.61778, 13.05141], [77.61778, 13.05141]], [[77.61778, 13.05142], [77.61778, 13.05142], [77.61715, 13.05142], [77.61685, 13.05142], [77.61668, 13.05147], [77.61685, 13.05142], [77.61715, 13.05142], [77.61778, 13.05142]], [[77.6166, 13.05149], [77.61633, 13.05176], [77.61631, 13.05191], [77.61633, 13.05175], [77.6166, 13.05149], [77.6166, 13.05149]], [[77.61522, 13.04824], [77.61506, 13.04826], [77.61467, 13.04845], [77.61457, 13.04847], [77.61467, 13.04845], [77.61506, 13.04826], [77.61522, 13.04824], [77.6155, 13.04819], [77.61604, 13.04822], [77.61642, 13.04816], [77.61604, 13.04822], [77.6155, 13.04819], [77.61522, 13.04824]], [[77.61603, 13.05212], [77.61597, 13.05213], [77.61603, 13.05212], [77.61606, 13.05211], [77.61603, 13.05212]], [[77.61571, 13.05214], [77.61567, 13.05214], [77.61571, 13.05214], [77.6158, 13.05214], [77.61571, 13.05214]], [[77.61553, 13.05214], [77.61553, 13.05214], [77.61554, 13.05214], [77.61553, 13.05214]], [[77.61525, 13.05227], [77.61504, 13.05236], [77.61525, 13.05227], [77.61535, 13.05221], [77.61525, 13.05227]], [[77.61475, 13.05241], [77.61475, 13.05252], [77.61474, 13.05241], [77.61488, 13.05239], [77.61475, 13.05241]], [[77.61465, 13.05257], [77.61451, 13.05258], [77.61465, 13.05257], [77.61474, 13.05256], [77.61465, 13.05257]], [[77.6144, 13.04845], [77.61444, 13.04846], [77.6144, 13.04845], [77.6142, 13.04837], [77.6144, 13.04845]], [[77.61411, 13.05277], [77.61425, 13.05274], [77.61425, 13.05274], [77.61411, 13.05277]], [[77.61355, 13.04218], [77.61361, 13.04217], [77.61361, 13.04217], [77.61355, 13.04218], [77.61331, 13.04224], [77.61355, 13.04218]], [[77.61343, 13.0426], [77.61339, 13.04263], [77.61343, 13.0426], [77.61346, 13.04256], [77.61343, 13.0426]], [[77.61231, 13.04783], [77.61219, 13.04777], [77.61219, 13.04777], [77.61231, 13.04783], [77.6126, 13.04792], [77.61315, 13.04807], [77.61332, 13.04811], [77.61316, 13.04807], [77.6126, 13.04792], [77.61231, 13.04783]], [[77.61311, 13.0429], [77.61304, 13.04298], [77.61292, 13.04308], [77.61292, 13.04308], [77.61304, 13.04298], [77.61311, 13.0429]], [[77.61282, 13.03246], [77.61282, 13.03246], [77.61282, 13.03246], [77.61257, 13.03276], [77.61282, 13.03246]], [[77.61272, 13.04335], [77.61276, 13.04328], [77.61272, 13.04335], [77.61267, 13.04347], [77.61263, 13.04354], [77.61257, 13.04363], [77.61263, 13.04354], [77.61267, 13.04347], [77.61272, 13.04335]], [[77.61274, 13.02139], [77.61275, 13.0211], [77.61274, 13.02144], [77.61274, 13.02195], [77.61274, 13.02139]], [[77.61255, 13.04366], [77.61247, 13.04377], [77.61242, 13.04391], [77.6124, 13.04399], [77.61242, 13.04391], [77.61247, 13.04377], [77.61255, 13.04366]], [[77.61244, 13.05317], [77.61241, 13.05317], [77.61244, 13.05317], [77.61249, 13.05315], [77.61244, 13.05317]], [[77.61231, 13.04454], [77.61234, 13.04425], [77.61235, 13.04417], [77.61234, 13.04425], [77.61231, 13.04455], [77.61226, 13.04497], [77.61216, 13.04542], [77.61214, 13.04549], [77.61216, 13.04542], [77.61226, 13.04497], [77.61231, 13.04454]], [[77.61209, 13.04571], [77.61208, 13.04575], [77.61209, 13.04571], [77.61211, 13.04566], [77.61209, 13.04571]], [[77.61205, 13.05323], [77.61188, 13.05326], [77.61188, 13.0533], [77.61173, 13.05332], [77.61188, 13.0533], [77.61188, 13.05326], [77.61205, 13.05323]], [[77.612, 13.04595], [77.612, 13.04596], [77.61191, 13.04608], [77.61189, 13.04611], [77.61191, 13.04608], [77.61199, 13.04596], [77.612, 13.04595]], [[77.61145, 13.04708], [77.61153, 13.04717], [77.61171, 13.04734], [77.612, 13.04759], [77.61171, 13.04734], [77.61153, 13.04717], [77.61145, 13.04708]], [[77.61182, 13.04619], [77.61175, 13.04626], [77.61171, 13.04629], [77.61175, 13.04626], [77.61182, 13.04619], [77.61182, 13.04619]], [[77.61175, 13.04119], [77.61177, 13.04128], [77.61175, 13.04119], [77.61174, 13.04114], [77.61175, 13.04119]], [[77.61153, 13.04646], [77.61161, 13.04637], [77.61153, 13.04646], [77.61144, 13.04656], [77.61142, 13.04663], [77.6114, 13.04666], [77.61142, 13.04663], [77.61144, 13.04656], [77.61153, 13.04646]], [[77.61129, 13.03989], [77.61123, 13.03982], [77.6112, 13.03979], [77.61123, 13.03982], [77.61129, 13.03989], [77.61136, 13.03999], [77.6115, 13.04035], [77.61155, 13.04047], [77.6115, 13.04035], [77.61136, 13.03999], [77.61129, 13.03989]], [[77.61137, 13.04678], [77.61136, 13.0468], [77.61137, 13.04692], [77.61139, 13.04698], [77.61137, 13.04692], [77.61136, 13.0468], [77.61137, 13.04678]], [[77.61083, 13.05348], [77.61117, 13.05342], [77.61083, 13.05348], [77.61066, 13.05352], [77.61037, 13.05358], [77.61024, 13.05361], [77.61037, 13.05358], [77.61066, 13.05352], [77.61083, 13.05348]], [[77.61041, 13.03846], [77.61042, 13.03848], [77.61056, 13.03876], [77.61067, 13.03899], [77.61073, 13.03911], [77.61067, 13.03899], [77.61056, 13.03876], [77.61041, 13.03846]], [[77.6103, 13.03823], [77.61028, 13.03821], [77.61028, 13.03821], [77.6103, 13.03823]], [[77.61023, 13.03833], [77.61026, 13.03825], [77.61027, 13.03824], [77.61023, 13.03834], [77.61015, 13.03854], [77.61023, 13.03833]], [[77.60972, 13.03929], [77.60976, 13.03924], [77.60991, 13.03903], [77.60998, 13.03892], [77.60992, 13.03903], [77.60976, 13.03924], [77.60972, 13.03929]], [[77.60908, 13.05387], [77.60911, 13.05386], [77.60949, 13.05378], [77.6098, 13.05371], [77.60949, 13.05378], [77.60911, 13.05386], [77.60908, 13.05387], [77.60898, 13.05394], [77.60858, 13.05398], [77.60856, 13.05398], [77.60858, 13.05398], [77.60898, 13.05394], [77.60908, 13.05387]], [[77.6096, 13.03599], [77.60956, 13.03581], [77.60959, 13.03594], [77.6096, 13.03599]], [[77.60951, 13.01093], [77.60951, 13.01093], [77.60951, 13.01098], [77.60951, 13.01093]], [[77.6091, 13.03995], [77.60915, 13.03992], [77.60929, 13.03979], [77.60931, 13.03977], [77.60929, 13.03979], [77.60915, 13.03992], [77.6091, 13.03995]], [[77.60829, 13.05405], [77.60827, 13.05406], [77.60827, 13.05406], [77.60829, 13.05405], [77.60846, 13.054], [77.60829, 13.05405]], [[77.6077, 13.04075], [77.60779, 13.04072], [77.60823, 13.04053], [77.6084, 13.04044], [77.60823, 13.04053], [77.60779, 13.04072], [77.6077, 13.04075]], [[77.60819, 13.05369], [77.60819, 13.05369], [77.60822, 13.05385], [77.60819, 13.05369]], [[77.6081, 13.0537], [77.60816, 13.05369], [77.6081, 13.0537], [77.6081, 13.0537]], [[77.60805, 13.05343], [77.60802, 13.0532], [77.60806, 13.05343], [77.60809, 13.05366], [77.60805, 13.05343]], [[77.6079, 13.0525], [77.60792, 13.05264], [77.6079, 13.0525], [77.6079, 13.0525]], [[77.6079, 13.05229], [77.60787, 13.05201], [77.6079, 13.05229], [77.60792, 13.05247], [77.6079, 13.05229]], [[77.60779, 13.0513], [77.60779, 13.0513], [77.60765, 13.05137], [77.60743, 13.05147], [77.60739, 13.0515], [77.60743, 13.05147], [77.60765, 13.05137], [77.60779, 13.0513]], [[77.60674, 13.04093], [77.60737, 13.04085], [77.60748, 13.04081], [77.60737, 13.04085], [77.60676, 13.04093], [77.60674, 13.04093]], [[77.60694, 13.03268], [77.60694, 13.03268], [77.60694, 13.03268], [77.60727, 13.03259], [77.60694, 13.03268]], [[77.60722, 13.05163], [77.60712, 13.05177], [77.60712, 13.05177], [77.60722, 13.05163], [77.60725, 13.0516], [77.60722, 13.05163]], [[77.60717, 13.02849], [77.60708, 13.02829], [77.60686, 13.02779], [77.60707, 13.02825], [77.60717, 13.02849]], [[77.60712, 13.05178], [77.60702, 13.05185], [77.60712, 13.05177], [77.60712, 13.05177], [77.60712, 13.05178]], [[77.60702, 13.05186], [77.60702, 13.05186], [77.60681, 13.05237], [77.60621, 13.05263], [77.60609, 13.05267], [77.60621, 13.05263], [77.60681, 13.05237], [77.60702, 13.05186]], [[77.60525, 13.04098], [77.60627, 13.04095], [77.60665, 13.04094], [77.60525, 13.04098], [77.60493, 13.04098], [77.60525, 13.04098]], [[77.60544, 13.05286], [77.60539, 13.05288], [77.60529, 13.05291], [77.60516, 13.05295], [77.60529, 13.05291], [77.60539, 13.05288], [77.60544, 13.05286]], [[77.60435, 13.05321], [77.60434, 13.05322], [77.60435, 13.05321], [77.60468, 13.0531], [77.60435, 13.05321]], [[77.60351, 13.05353], [77.60343, 13.05356], [77.60351, 13.05353], [77.60364, 13.05348], [77.60351, 13.05353]], [[77.60314, 13.05367], [77.60294, 13.05375], [77.6028, 13.0538], [77.60272, 13.05383], [77.6028, 13.0538], [77.60294, 13.05375], [77.60314, 13.05367]], [[77.60169, 13.0411], [77.60209, 13.04109], [77.60276, 13.04106], [77.6017, 13.0411], [77.60156, 13.0411], [77.60169, 13.0411]], [[77.60105, 13.04111], [77.60114, 13.04111], [77.60105, 13.04111], [77.60087, 13.04112], [77.60105, 13.04111]], [[77.60023, 13.04113], [77.60034, 13.04112], [77.60022, 13.04113], [77.59979, 13.04113], [77.60023, 13.04113]], [[77.5995, 13.04115], [77.59971, 13.04114], [77.5995, 13.04115], [77.59944, 13.04115], [77.5995, 13.04115]], [[77.59958, 13.05699], [77.59958, 13.05698], [77.59958, 13.05698], [77.59958, 13.05699]], [[77.59946, 13.05517], [77.59942, 13.05504], [77.59946, 13.05517], [77.59946, 13.05517]], [[77.59941, 13.05518], [77.59933, 13.05521], [77.59928, 13.05523], [77.59927, 13.05523], [77.59928, 13.05523], [77.59933, 13.05521], [77.59941, 13.05518]], [[77.59902, 13.05713], [77.599, 13.05714], [77.59902, 13.05713], [77.5992, 13.05708], [77.59902, 13.05713]], [[77.59738, 13.04122], [77.5966, 13.04124], [77.59635, 13.04124], [77.59564, 13.04127], [77.59635, 13.04124], [77.5966, 13.04124], [77.59738, 13.04122], [77.59815, 13.0412], [77.59844, 13.0412], [77.59883, 13.04118], [77.59844, 13.0412], [77.59815, 13.0412], [77.59738, 13.04122]], [[77.59856, 13.05741], [77.5985, 13.05726], [77.5985, 13.05726], [77.59856, 13.05741]], [[77.59738, 13.05811], [77.59765, 13.05804], [77.59812, 13.05793], [77.59765, 13.05804], [77.59738, 13.05811], [77.59706, 13.05819], [77.59692, 13.05822], [77.59687, 13.05823], [77.59692, 13.05822], [77.59706, 13.05819], [77.59738, 13.05811]], [[77.59649, 13.05833], [77.59643, 13.05834], [77.59649, 13.05833], [77.59656, 13.05831], [77.59649, 13.05833]], [[77.59611, 13.05836], [77.59606, 13.05815], [77.59611, 13.05836], [77.59611, 13.05837], [77.59611, 13.05836]], [[77.59594, 13.05793], [77.59593, 13.05793], [77.59577, 13.05797], [77.59541, 13.05807], [77.59577, 13.05797], [77.59593, 13.05793], [77.59594, 13.05793]], [[77.59487, 13.04125], [77.59503, 13.04127], [77.59506, 13.04128], [77.59521, 13.04127], [77.59506, 13.04128], [77.59503, 13.04127], [77.59487, 13.04125]], [[77.59355, 13.04109], [77.59347, 13.04108], [77.59356, 13.04109], [77.59386, 13.04113], [77.59355, 13.04109]], [[77.59298, 13.05867], [77.59254, 13.05877], [77.59229, 13.05882], [77.59254, 13.05876], [77.59298, 13.05867]], [[77.59075, 13.05952], [77.59095, 13.05935], [77.59122, 13.05917], [77.59136, 13.0591], [77.59122, 13.05917], [77.59095, 13.05935], [77.59075, 13.05952]], [[77.59057, 13.04311], [77.59048, 13.04309], [77.58938, 13.04277], [77.59048, 13.04309], [77.59057, 13.04311], [77.59057, 13.04311]], [[77.5905, 13.04299], [77.59047, 13.04294], [77.59035, 13.04264], [77.59047, 13.04294], [77.5905, 13.04299]], [[77.59012, 13.04195], [77.59004, 13.04168], [77.59012, 13.04195], [77.59014, 13.04204], [77.59022, 13.04228], [77.59014, 13.04204], [77.59012, 13.04195]], [[77.58744, 13.06208], [77.58711, 13.06232], [77.58666, 13.06264], [77.58711, 13.06232], [77.58744, 13.06208]], [[77.58579, 13.06329], [77.58572, 13.06333], [77.58572, 13.06333], [77.58572, 13.06333], [77.58579, 13.06329]], [[77.58571, 13.06335], [77.58568, 13.06336], [77.58562, 13.06341], [77.58568, 13.06336], [77.58571, 13.06335]], [[77.58398, 13.05845], [77.584, 13.0585], [77.584, 13.0585], [77.58398, 13.05845]], [[77.58383, 13.06454], [77.58391, 13.06466], [77.58391, 13.06466], [77.58383, 13.06454]], [[77.58232, 13.05869], [77.58266, 13.05866], [77.58297, 13.05864], [77.58383, 13.05853], [77.58388, 13.05852], [77.58383, 13.05853], [77.58297, 13.05864], [77.58266, 13.05866], [77.58232, 13.05869], [77.58222, 13.0587], [77.58232, 13.05869]], [[77.58382, 13.05806], [77.58374, 13.05788], [77.58358, 13.05748], [77.58374, 13.05788], [77.58382, 13.05806]], [[77.58351, 13.05704], [77.58351, 13.05704], [77.58349, 13.05705], [77.58351, 13.05704]], [[77.58251, 13.05517], [77.58195, 13.05423], [77.58193, 13.05425], [77.58193, 13.05425], [77.58195, 13.05423], [77.58251, 13.05517], [77.58311, 13.05622], [77.58312, 13.05624], [77.58311, 13.05622], [77.58251, 13.05517]], [[77.58266, 13.06302], [77.58276, 13.06315], [77.58302, 13.06348], [77.58308, 13.06356], [77.58302, 13.06349], [77.58276, 13.06315], [77.58266, 13.06302]], [[77.58245, 13.06274], [77.58229, 13.06254], [77.58227, 13.06251], [77.58229, 13.06254], [77.58245, 13.06274]], [[77.58221, 13.06241], [77.58219, 13.06238], [77.58218, 13.06234], [77.58219, 13.06237], [77.58221, 13.06241]], [[77.58132, 13.04596], [77.57999, 13.04698], [77.57955, 13.04729], [77.57952, 13.04731], [77.57955, 13.04729], [77.57999, 13.04698], [77.58081, 13.04635], [77.58132, 13.04596], [77.58217, 13.04522], [77.58221, 13.04519], [77.58217, 13.04522], [77.58132, 13.04596]], [[77.58199, 13.0616], [77.58183, 13.06094], [77.58183, 13.06094], [77.58183, 13.06095], [77.58199, 13.0616], [77.58208, 13.06196], [77.58209, 13.062], [77.58208, 13.06196], [77.58199, 13.0616]], [[77.58179, 13.06082], [77.58176, 13.0607], [77.58173, 13.06064], [77.58176, 13.0607], [77.58179, 13.06082]], [[77.58169, 13.06055], [77.58166, 13.06049], [77.58145, 13.06007], [77.58141, 13.05997], [77.58138, 13.05984], [77.58132, 13.05959], [77.58132, 13.05956], [77.58132, 13.05959], [77.58138, 13.05984], [77.58142, 13.05997], [77.58145, 13.06007], [77.58166, 13.06049], [77.58169, 13.06055]], [[77.58123, 13.05913], [77.58126, 13.05929], [77.58123, 13.05913], [77.58113, 13.05882], [77.58113, 13.05882], [77.58123, 13.05913]], [[77.58116, 13.0545], [77.58111, 13.05451], [77.58106, 13.05453], [77.58111, 13.05451], [77.58116, 13.0545]], [[77.58051, 13.05496], [77.58062, 13.05493], [77.58063, 13.0549], [77.58061, 13.0548], [77.58063, 13.05489], [77.58062, 13.05493], [77.58051, 13.05496]], [[77.58059, 13.0547], [77.58059, 13.05468], [77.5806, 13.05467], [77.5806, 13.05467], [77.5806, 13.05467], [77.58059, 13.05468], [77.58059, 13.0547]], [[77.57886, 13.05458], [77.57926, 13.05522], [77.57968, 13.05513], [77.57927, 13.05522], [77.57926, 13.05522], [77.57886, 13.05458], [77.57886, 13.05458]], [[77.57935, 13.05166], [77.57932, 13.05157], [77.57928, 13.05145], [77.57932, 13.05157], [77.57935, 13.05166]], [[77.57918, 13.05104], [77.57916, 13.05098], [77.57915, 13.05097], [77.57916, 13.05098], [77.57918, 13.05104], [77.57919, 13.05114], [77.5792, 13.05117], [77.57919, 13.05114], [77.57918, 13.05104]], [[77.5792, 13.05443], [77.5792, 13.05443], [77.57896, 13.05453], [77.5792, 13.05443]], [[77.57859, 13.04762], [77.57885, 13.04757], [77.57915, 13.04747], [77.57885, 13.04757], [77.57859, 13.04762]], [[77.57912, 13.05095], [77.57911, 13.05094], [77.57908, 13.05087], [77.57911, 13.05094], [77.57912, 13.05095]], [[77.57908, 13.05087], [77.57902, 13.05075], [77.57898, 13.05066], [77.57902, 13.05075], [77.57908, 13.05087]], [[77.57897, 13.05063], [77.57894, 13.05055], [77.5789, 13.05045], [77.57894, 13.05055], [77.57897, 13.05063]], [[77.57867, 13.04981], [77.57868, 13.04987], [77.5787, 13.04993], [77.57878, 13.05012], [77.5787, 13.04993], [77.57868, 13.04987], [77.57867, 13.04981]], [[77.57862, 13.0527], [77.57833, 13.05285], [77.57833, 13.05285], [77.57862, 13.0527]], [[77.57859, 13.04951], [77.57858, 13.04948], [77.57859, 13.04939], [77.57859, 13.04948], [77.57859, 13.04951]], [[77.57857, 13.04924], [77.57857, 13.04923], [77.57849, 13.04923], [77.57857, 13.04923], [77.57857, 13.04924]], [[77.57842, 13.04923], [77.57832, 13.04925], [77.57824, 13.04926], [77.57832, 13.04925], [77.57842, 13.04923]], [[77.57794, 13.04929], [77.57797, 13.04929], [77.57817, 13.04927], [77.57818, 13.04927], [77.57817, 13.04927], [77.57797, 13.04929], [77.57794, 13.04929]], [[77.57784, 13.04762], [77.57755, 13.0476], [77.57755, 13.0476], [77.57784, 13.04762]], [[77.56508, 13.03814], [77.56487, 13.03842], [77.56502, 13.03822], [77.56508, 13.03814]], [[77.56153, 13.04094], [77.56186, 13.04153], [77.56157, 13.04101], [77.56153, 13.04094]], [[77.55789, 13.0261], [77.55846, 13.02734], [77.5584, 13.02722], [77.55816, 13.02668], [77.55789, 13.0261]]], [[[77.64858, 12.87493], [77.64728, 12.87409], [77.64755, 12.87562], [77.64858, 12.87493]]], [[[77.64686, 12.89384], [77.6471, 12.89434], [77.64747, 12.89381], [77.64874, 12.89198], [77.64635, 12.89282], [77.64686, 12.89384]]], [[[77.64023, 12.87547], [77.64086, 12.87449], [77.63986, 12.87441], [77.64023, 12.87547]]], [[[77.62954, 12.87063], [77.62665, 12.86962], [77.62399, 12.87518], [77.62815, 12.87565], [77.62954, 12.87063]]], [[[77.59548, 13.09895], [77.59346, 13.10137], [77.5937, 13.10175], [77.59761, 13.10226], [77.59548, 13.09895]]], [[[77.59525, 13.08793], [77.59393, 13.08705], [77.59285, 13.08631], [77.59257, 13.08785], [77.59525, 13.08793]]], [[[77.59036, 13.07764], [77.59131, 13.07666], [77.59005, 13.07654], [77.59036, 13.07764]]], [[[77.58529, 12.84628], [77.58261, 12.84383], [77.58315, 12.84698], [77.58529, 12.84628]]], [[[77.58753, 13.08179], [77.58643, 13.07817], [77.58247, 13.08088], [77.5842, 13.08779], [77.58753, 13.08179]]], [[[77.57873, 13.09668], [77.58314, 13.0924], [77.57744, 13.09297], [77.57873, 13.09668]]], [[[77.57318, 13.09733], [77.56336, 13.09884], [77.56458, 13.10469], [77.57222, 13.10523], [77.57318, 13.09733]]], [[[77.56456, 12.86523], [77.56516, 12.86184], [77.5631, 12.86258], [77.56456, 12.86523]]], [[[77.55886, 13.08934], [77.55712, 13.08523], [77.55326, 13.09154], [77.55679, 13.09316], [77.55886, 13.08934]]], [[[77.55075, 13.08357], [77.54917, 13.08154], [77.5449, 13.08312], [77.54749, 13.08587], [77.55075, 13.08357]]], [[[77.54488, 13.08194], [77.54276, 13.08029], [77.54245, 13.08183], [77.54488, 13.08194]]], [[[77.5422, 12.87059], [77.53703, 12.86811], [77.53756, 12.87531], [77.54224, 12.87568], [77.5422, 12.87059]]], [[[77.52816, 13.06593], [77.53021, 13.06168], [77.52649, 13.06399], [77.52816, 13.06593]]], [[[77.51918, 12.90298], [77.52125, 12.90144], [77.51888, 12.90133], [77.51918, 12.90298]]], [[[77.5169, 13.06318], [77.5157, 13.06443], [77.51726, 13.06479], [77.5169, 13.06318]]], [[[77.49606, 12.92531], [77.49731, 12.92269], [77.49357, 12.92336], [77.49606, 12.92531]]], [[[77.4908, 12.92156], [77.48199, 12.91089], [77.48344, 12.91691], [77.48346, 12.9169], [77.48344, 12.91691], [77.48552, 12.92558], [77.48556, 12.9257], [77.48567, 12.926], [77.48567, 12.926], [77.48567, 12.926], [77.48556, 12.9257], [77.48552, 12.92559], [77.48669, 12.93049], [77.48996, 12.93147], [77.4908, 12.92156]], [[77.48728, 12.93051], [77.48728, 12.93052], [77.48728, 12.93051], [77.48726, 12.93045], [77.48728, 12.93051]], [[77.48708, 12.92987], [77.48707, 12.92984], [77.48706, 12.92981], [77.48707, 12.92984], [77.48708, 12.92987], [77.48708, 12.92987], [77.48708, 12.92987]], [[77.48702, 12.92968], [77.48704, 12.92975], [77.48702, 12.92968], [77.48701, 12.92966], [77.48702, 12.92968]], [[77.48694, 12.92943], [77.48697, 12.92951], [77.48694, 12.92943], [77.48694, 12.92943], [77.48694, 12.92943]], [[77.48663, 12.92859], [77.48665, 12.92863], [77.48663, 12.92859], [77.48657, 12.92842], [77.48663, 12.92859]], [[77.48605, 12.92702], [77.48607, 12.92706], [77.48616, 12.92732], [77.48621, 12.92744], [77.48616, 12.92732], [77.48607, 12.92706], [77.48605, 12.92702], [77.48604, 12.92698], [77.48599, 12.92686], [77.48604, 12.92698], [77.48605, 12.92702]], [[77.48592, 12.92667], [77.48593, 12.92669], [77.48592, 12.92667], [77.48589, 12.92657], [77.48592, 12.92667]]]]}}, {"type": "Feature", "properties": {"class": "Low", "value": 1, "color": "#15A34A", "sharePct": 27.65}, "geometry": {"type": "MultiPolygon", "coordinates": [[[[77.77881, 12.97143], [77.77863, 12.97108], [77.77867, 12.97048], [77.77921, 12.97024], [77.78022, 12.97016], [77.78083, 12.97032], [77.78113, 12.97075], [77.78323, 12.9709], [77.78326, 12.97089], [77.78365, 12.97062], [77.78391, 12.96936], [77.78411, 12.969], [77.78427, 12.96765], [77.78418, 12.96679], [77.78408, 12.96656], [77.78395, 12.96654], [77.78133, 12.96687], [77.78122, 12.96696], [77.78054, 12.96712], [77.77988, 12.96715], [77.7797, 12.96708], [77.77853, 12.96723], [77.77866, 12.96772], [77.77745, 12.96822], [77.77731, 12.96817], [77.77722, 12.96813], [77.7772, 12.96801], [77.77718, 12.9679], [77.77648, 12.96776], [77.77609, 12.96742], [77.7751, 12.96688], [77.77483, 12.96667], [77.77459, 12.96651], [77.77437, 12.9665], [77.77403, 12.96638], [77.77386, 12.96625], [77.7735, 12.96609], [77.77329, 12.96606], [77.77318, 12.96604], [77.77312, 12.96603], [77.77309, 12.96603], [77.77211, 12.96587], [77.77198, 12.96592], [77.77149, 12.96536], [77.77123, 12.96505], [77.771, 12.96472], [77.77069, 12.96423], [77.77047, 12.96339], [77.77047, 12.96334], [77.77052, 12.96333], [77.77048, 12.96304], [77.7702, 12.96306], [77.77018, 12.96285], [77.77016, 12.96265], [77.77008, 12.96246], [77.76998, 12.96219], [77.76981, 12.96177], [77.76969, 12.96173], [77.76919, 12.96158], [77.76882, 12.96153], [77.76868, 12.96143], [77.76823, 12.96113], [77.76814, 12.96076], [77.76804, 12.96053], [77.76796, 12.96034], [77.76763, 12.9602], [77.7673, 12.96007], [77.76716, 12.95975], [77.7671, 12.95947], [77.76695, 12.95946], [77.76699, 12.95936], [77.76683, 12.9593], [77.7666, 12.95922], [77.76631, 12.95933], [77.76611, 12.95941], [77.76588, 12.9595], [77.76547, 12.95967], [77.76544, 12.95968], [77.76541, 12.95969], [77.76541, 12.95969], [77.77746, 12.97379], [77.77768, 12.97371], [77.77779, 12.97363], [77.77881, 12.97143]]], [[[77.77616, 12.97965], [77.77631, 12.97948], [77.77643, 12.97937], [77.77653, 12.97932], [77.77662, 12.9791], [77.77698, 12.97874], [77.77716, 12.9785], [77.77741, 12.97837], [77.77779, 12.97859], [77.77836, 12.9786], [77.77839, 12.97858], [77.77843, 12.97856], [77.77852, 12.97813], [77.77856, 12.97801], [77.7787, 12.97757], [77.77869, 12.97692], [77.77862, 12.9768], [77.77852, 12.97664], [77.77824, 12.97622], [77.77804, 12.97621], [77.77466, 12.98011], [77.77616, 12.97965]]], [[[77.77668, 12.97653], [77.77697, 12.9764], [77.7769, 12.9763], [77.77668, 12.97602], [77.77668, 12.97572], [77.77651, 12.97541], [77.77648, 12.97535], [77.77641, 12.97527], [77.77668, 12.97653]]], [[[77.77528, 12.99207], [77.77532, 12.99205], [77.77604, 12.98698], [77.7759, 12.98639], [77.77607, 12.98587], [77.77621, 12.98574], [77.77646, 12.98395], [77.77639, 12.98371], [77.77629, 12.98324], [77.77625, 12.98294], [77.7761, 12.9825], [77.77591, 12.98233], [77.77565, 12.98214], [77.77542, 12.98149], [77.77536, 12.98141], [77.7752, 12.98126], [77.77503, 12.98109], [77.77488, 12.98088], [77.77528, 12.99207]]], [[[77.77556, 13.00342], [77.7755, 13.00333], [77.77524, 13.0031], [77.77505, 13.00302], [77.77488, 13.00615], [77.77502, 13.0061], [77.7751, 13.00609], [77.77535, 13.00609], [77.77547, 13.00608], [77.77568, 13.00602], [77.77574, 13.00599], [77.77581, 13.00592], [77.77585, 13.00588], [77.77587, 13.0058], [77.77589, 13.0057], [77.77589, 13.00549], [77.77586, 13.00541], [77.7758, 13.00529], [77.77578, 13.00524], [77.77573, 13.00513], [77.77567, 13.00471], [77.7757, 13.0042], [77.7757, 13.00408], [77.77556, 13.00342]]], [[[77.77499, 12.99657], [77.77488, 12.99614], [77.77468, 12.99602], [77.77451, 12.9967], [77.77499, 12.99657]]], [[[77.77428, 13.00077], [77.77483, 13.00111], [77.77484, 13.00111], [77.7749, 13.00103], [77.77499, 13.00086], [77.775, 13.00065], [77.77499, 13.00062], [77.77428, 13.00077]]], [[[77.77339, 13.01034], [77.77334, 13.0103], [77.7733, 13.01027], [77.77328, 13.01018], [77.77327, 13.0101], [77.77327, 13.01], [77.77328, 13.00993], [77.77334, 13.00988], [77.77339, 13.00981], [77.7734, 13.00974], [77.76991, 13.00923], [77.76989, 13.00933], [77.76978, 13.00937], [77.76993, 13.00975], [77.77011, 13.01014], [77.77019, 13.01061], [77.77029, 13.01115], [77.77037, 13.01159], [77.77048, 13.01171], [77.77051, 13.01175], [77.77054, 13.01197], [77.77069, 13.01234], [77.77072, 13.01239], [77.77088, 13.01268], [77.77105, 13.01319], [77.77109, 13.01343], [77.77114, 13.01387], [77.77116, 13.01398], [77.77117, 13.01401], [77.77122, 13.0142], [77.77128, 13.01447], [77.77151, 13.0151], [77.7716, 13.01505], [77.77165, 13.01504], [77.77339, 13.01034]]], [[[77.7701, 12.97125], [77.75968, 12.96938], [77.75884, 12.97526], [77.76701, 12.97906], [77.7701, 12.97125]]], [[[77.76486, 12.92944], [77.76465, 12.92877], [77.7633, 12.92856], [77.76235, 12.92839], [77.76232, 12.92838], [77.76229, 12.92838], [77.76192, 12.92824], [77.76133, 12.92793], [77.76053, 12.92771], [77.75998, 12.92752], [77.75933, 12.9273], [77.7584, 12.92701], [77.75794, 12.92683], [77.75699, 12.92645], [77.75665, 12.92634], [77.75657, 12.92632], [77.75654, 12.92632], [77.75592, 12.92615], [77.75534, 12.92602], [77.75519, 12.92597], [77.75469, 12.92583], [77.7546, 12.92581], [77.75429, 12.92577], [77.75348, 12.92559], [77.75287, 12.92543], [77.75222, 12.92526], [77.75212, 12.92481], [77.74633, 12.92022], [77.7461, 12.92014], [77.74581, 12.92002], [77.74569, 12.9199], [77.74556, 12.91923], [77.74554, 12.91909], [77.74546, 12.91881], [77.74543, 12.91854], [77.74539, 12.91806], [77.74537, 12.91759], [77.74528, 12.91692], [77.74518, 12.91616], [77.74501, 12.91531], [77.74482, 12.91429], [77.74473, 12.91372], [77.7439, 12.9138], [77.74318, 12.91384], [77.74299, 12.9139], [77.7425, 12.91404], [77.74236, 12.91406], [77.74207, 12.91424], [77.74178, 12.91426], [77.74151, 12.91438], [77.74116, 12.91448], [77.7408, 12.91455], [77.74062, 12.91451], [77.73984, 12.91445], [77.73911, 12.91433], [77.73895, 12.91433], [77.73885, 12.91433], [77.73862, 12.9143], [77.73774, 12.91462], [77.73751, 12.91472], [77.73735, 12.91464], [77.7373, 12.91372], [77.73434, 12.91384], [77.73436, 12.91418], [77.73428, 12.91413], [77.73267, 12.91418], [77.73207, 12.91392], [77.73206, 12.91393], [77.73141, 12.914], [77.73107, 12.91409], [77.7305, 12.91421], [77.72998, 12.91426], [77.72903, 12.91437], [77.72871, 12.91439], [77.72795, 12.91446], [77.72776, 12.91445], [77.72757, 12.91441], [77.72762, 12.91409], [77.72766, 12.91384], [77.72765, 12.91311], [77.7269, 12.90863], [77.72688, 12.90859], [77.72674, 12.90803], [77.72628, 12.90661], [77.72606, 12.90664], [77.72563, 12.90672], [77.72486, 12.90686], [77.72453, 12.90693], [77.7233, 12.90727], [77.72281, 12.90726], [77.72164, 12.90778], [77.72138, 12.90786], [77.72127, 12.90793], [77.72322, 12.91282], [77.71685, 12.92235], [77.72901, 12.92206], [77.73424, 12.93282], [77.75686, 12.93368], [77.76419, 12.94047], [77.76414, 12.95934], [77.76486, 12.92944]]], [[[77.76457, 13.00343], [77.76406, 13.00388], [77.76412, 13.00408], [77.76467, 13.00389], [77.76457, 13.00343]]], [[[77.7616, 13.00466], [77.76201, 13.0051], [77.76211, 13.00503], [77.7622, 13.00492], [77.76225, 13.00486], [77.76229, 13.0048], [77.76236, 13.00473], [77.7624, 13.00468], [77.76246, 13.00454], [77.76247, 13.00452], [77.7616, 13.00466]]], [[[77.7585, 13.00828], [77.7586, 13.00821], [77.75874, 13.00802], [77.75881, 13.00794], [77.75889, 13.00788], [77.75898, 13.00787], [77.75907, 13.00787], [77.75919, 13.00786], [77.75929, 13.00784], [77.75935, 13.00781], [77.7594, 13.00779], [77.75944, 13.00775], [77.75947, 13.00771], [77.75951, 13.00767], [77.75955, 13.00763], [77.75958, 13.00757], [77.75959, 13.00751], [77.75961, 13.00747], [77.75962, 13.00742], [77.75962, 13.0074], [77.75911, 13.00728], [77.7585, 13.00828]]], [[[77.75627, 13.00989], [77.75644, 13.00978], [77.75671, 13.00956], [77.75689, 13.00938], [77.75507, 13.00951], [77.75508, 13.00957], [77.75627, 13.00989]]], [[[77.75148, 13.01102], [77.7517, 13.0109], [77.75217, 13.01085], [77.75225, 13.01081], [77.75245, 13.01073], [77.75269, 13.01066], [77.75284, 13.01052], [77.75292, 13.01038], [77.75257, 13.01005], [77.75148, 13.01102]]], [[[77.74959, 13.01178], [77.74974, 13.01165], [77.74972, 13.01151], [77.74986, 13.01146], [77.74942, 13.01119], [77.74926, 13.01188], [77.74959, 13.01178]]], [[[77.74957, 13.00576], [77.73342, 13.00673], [77.72821, 13.01032], [77.73623, 13.009], [77.73616, 13.00837], [77.73613, 13.00814], [77.7361, 13.00749], [77.73652, 13.00783], [77.7372, 13.00777], [77.73777, 13.00768], [77.73814, 13.00758], [77.73848, 13.00762], [77.73851, 13.00762], [77.73857, 13.00764], [77.7389, 13.00776], [77.73923, 13.00781], [77.73985, 13.00795], [77.74032, 13.00805], [77.74077, 13.00813], [77.74083, 13.00787], [77.74094, 13.00736], [77.74099, 13.00715], [77.74315, 13.00707], [77.74327, 13.00707], [77.74337, 13.00707], [77.74389, 13.00714], [77.74425, 13.00718], [77.74457, 13.00719], [77.74515, 13.00717], [77.74556, 13.00712], [77.74619, 13.007], [77.74683, 13.00682], [77.74717, 13.00671], [77.74717, 13.00673], [77.74717, 13.00673], [77.7472, 13.00701], [77.74697, 13.0071], [77.74697, 13.0072], [77.74697, 13.0073], [77.74697, 13.00781], [77.74699, 13.0081], [77.74704, 13.00843], [77.74814, 13.01239], [77.74957, 13.00576]], [[77.74925, 13.00611], [77.74911, 13.00616], [77.74925, 13.00611], [77.7493, 13.00611], [77.74925, 13.00611]], [[77.74896, 13.00622], [77.74896, 13.00622], [77.74896, 13.00622], [77.74843, 13.00639], [77.74896, 13.00622], [77.74896, 13.00622]], [[77.74767, 13.00663], [77.74738, 13.00668], [77.74767, 13.00663], [77.74798, 13.00653], [77.74767, 13.00663]]], [[[77.73834, 12.9744], [77.74045, 12.97068], [77.73778, 12.97024], [77.73834, 12.9744]]], [[[77.73241, 12.94552], [77.73058, 12.94676], [77.73238, 12.94719], [77.73241, 12.94552]]], [[[77.70832, 13.02574], [77.70924, 13.02527], [77.7099, 13.02566], [77.71071, 13.02614], [77.71197, 13.02822], [77.71207, 13.02838], [77.71222, 13.02856], [77.71466, 13.03146], [77.71508, 13.03193], [77.71508, 13.03199], [77.71588, 13.03186], [77.71601, 13.03183], [77.71605, 13.03183], [77.71608, 13.03182], [77.71609, 13.03165], [77.71614, 13.03164], [77.71739, 13.03156], [77.71734, 13.0317], [77.71736, 13.03254], [77.72314, 13.03334], [77.72318, 13.03333], [77.72343, 13.03327], [77.72377, 13.03333], [77.72421, 13.03242], [77.72423, 13.0323], [77.72427, 13.0323], [77.72484, 13.03113], [77.72483, 13.03105], [77.72492, 13.03044], [77.72475, 13.02996], [77.72464, 13.02922], [77.72475, 13.02897], [77.72482, 13.02881], [77.72486, 13.02872], [77.725, 13.02834], [77.72511, 13.02784], [77.72512, 13.02778], [77.72525, 13.02702], [77.72518, 13.02649], [77.72518, 13.02639], [77.72517, 13.02579], [77.72568, 13.02576], [77.72561, 13.02572], [77.72736, 13.02331], [77.72932, 13.02037], [77.72944, 13.0202], [77.7299, 13.01969], [77.73006, 13.01873], [77.72977, 13.01759], [77.72946, 13.01658], [77.72938, 13.01632], [77.72938, 13.0163], [77.72916, 13.01564], [77.72914, 13.01559], [77.7291, 13.01546], [77.72906, 13.01537], [77.7288, 13.01476], [77.72866, 13.01445], [77.72842, 13.01326], [77.72828, 13.0118], [77.72823, 13.01153], [77.72335, 13.02007], [77.72481, 13.02357], [77.72044, 13.02376], [77.7186, 13.02971], [77.70944, 13.02488], [77.70215, 13.02511], [77.70354, 13.02582], [77.70384, 13.02589], [77.7041, 13.02595], [77.7044, 13.02601], [77.70446, 13.02602], [77.70518, 13.02615], [77.70545, 13.0262], [77.70594, 13.02628], [77.70596, 13.02629], [77.70701, 13.02607], [77.70733, 13.026], [77.70832, 13.02574]]], [[[77.72539, 12.98062], [77.71802, 12.98016], [77.72058, 12.98627], [77.7247, 12.98604], [77.72539, 12.98062]]], [[[77.71731, 12.90876], [77.71729, 12.90875], [77.71697, 12.90833], [77.71635, 12.90764], [77.71587, 12.90744], [77.7156, 12.90749], [77.71459, 12.90794], [77.71423, 12.90808], [77.71395, 12.90808], [77.71339, 12.90794], [77.71215, 12.9079], [77.71163, 12.90801], [77.71731, 12.90876]]], [[[77.71974, 12.90908], [77.718, 12.90834], [77.71786, 12.90837], [77.71791, 12.90884], [77.71974, 12.90908]]], [[[77.71798, 12.93892], [77.70756, 12.93512], [77.70701, 12.93492], [77.70067, 12.93757], [77.70166, 12.94396], [77.71671, 12.94844], [77.71798, 12.93892]]], [[[77.70476, 12.90323], [77.70741, 12.90442], [77.70709, 12.9033], [77.70688, 12.90209], [77.70476, 12.90323]]], [[[77.70251, 12.90369], [77.7024, 12.90358], [77.7019, 12.90372], [77.70165, 12.90394], [77.70261, 12.90415], [77.70251, 12.90369]]], [[[77.70281, 12.98342], [77.69991, 12.97895], [77.68611, 12.97769], [77.68545, 12.97829], [77.68012, 12.9831], [77.68017, 12.98318], [77.68209, 12.98649], [77.69081, 12.98376], [77.69432, 12.98813], [77.70281, 12.98342]]], [[[77.58284, 13.13839], [77.58286, 13.13828], [77.58292, 13.13813], [77.58293, 13.13811], [77.58311, 13.13767], [77.58319, 13.13747], [77.58339, 13.13695], [77.58346, 13.13678], [77.58361, 13.13646], [77.58371, 13.13581], [77.58372, 13.13577], [77.58372, 13.13574], [77.58383, 13.1353], [77.58403, 13.13519], [77.58409, 13.13452], [77.58423, 13.13425], [77.58434, 13.13404], [77.58447, 13.13386], [77.58454, 13.13376], [77.58456, 13.13373], [77.58457, 13.1337], [77.58478, 13.13326], [77.5849, 13.13309], [77.58519, 13.13282], [77.5856, 13.13269], [77.58589, 13.13277], [77.58582, 13.13303], [77.59203, 13.13315], [77.59442, 13.13294], [77.59653, 13.13278], [77.59802, 13.13233], [77.59811, 13.1323], [77.59966, 13.13177], [77.60101, 13.13333], [77.60758, 13.13346], [77.60757, 13.1334], [77.61041, 13.13331], [77.61201, 13.13324], [77.61386, 13.13164], [77.61456, 13.13129], [77.61493, 13.13112], [77.61521, 13.13101], [77.61571, 13.13098], [77.61697, 13.13101], [77.61853, 13.13095], [77.61857, 13.13095], [77.6189, 13.13095], [77.62151, 13.12995], [77.62192, 13.12975], [77.62306, 13.12916], [77.62503, 13.12816], [77.62598, 13.12753], [77.62618, 13.12752], [77.62638, 13.12745], [77.62666, 13.12736], [77.62824, 13.12683], [77.62917, 13.12651], [77.63048, 13.12604], [77.63058, 13.12585], [77.63143, 13.12455], [77.63183, 13.12392], [77.63225, 13.12325], [77.63269, 13.12258], [77.63276, 13.12248], [77.63279, 13.12242], [77.63325, 13.12171], [77.63354, 13.12126], [77.63443, 13.11989], [77.63456, 13.11967], [77.63513, 13.11882], [77.63565, 13.118], [77.6363, 13.11695], [77.63641, 13.11678], [77.63683, 13.11615], [77.637, 13.1159], [77.6372, 13.1156], [77.63727, 13.11549], [77.6373, 13.11545], [77.63737, 13.11535], [77.63871, 13.11327], [77.6384, 13.1121], [77.63827, 13.11163], [77.63807, 13.11087], [77.63788, 13.10991], [77.63783, 13.10968], [77.63751, 13.10839], [77.63718, 13.10722], [77.63702, 13.10642], [77.63699, 13.10625], [77.63802, 13.1062], [77.63828, 13.10618], [77.63855, 13.10616], [77.63934, 13.10598], [77.63992, 13.10583], [77.64003, 13.10581], [77.64012, 13.10581], [77.64083, 13.10575], [77.64087, 13.10575], [77.6409, 13.10575], [77.64126, 13.10564], [77.6414, 13.10559], [77.64192, 13.10548], [77.64229, 13.10551], [77.64293, 13.10549], [77.64308, 13.10555], [77.64321, 13.10556], [77.6438, 13.10575], [77.64412, 13.1057], [77.64421, 13.10569], [77.64511, 13.10557], [77.64576, 13.10547], [77.64725, 13.10526], [77.64817, 13.10514], [77.64907, 13.10502], [77.64993, 13.10491], [77.65044, 13.10481], [77.65032, 13.1045], [77.64954, 13.10275], [77.64956, 13.10254], [77.64956, 13.10247], [77.64934, 13.10204], [77.64912, 13.10163], [77.64911, 13.10138], [77.64907, 13.10107], [77.64884, 13.10052], [77.64878, 13.10035], [77.64856, 13.09978], [77.6484, 13.09932], [77.64823, 13.09887], [77.64815, 13.09868], [77.64771, 13.09808], [77.64763, 13.09789], [77.64753, 13.09763], [77.64751, 13.09756], [77.6473, 13.0969], [77.6471, 13.09625], [77.64677, 13.09521], [77.64668, 13.09499], [77.64612, 13.09393], [77.6451, 13.09161], [77.64449, 13.09035], [77.64335, 13.08822], [77.64283, 13.08707], [77.64275, 13.08676], [77.64326, 13.08666], [77.64326, 13.08666], [77.64907, 13.08205], [77.64929, 13.08176], [77.64955, 13.0814], [77.64965, 13.08134], [77.64967, 13.08124], [77.64984, 13.08051], [77.64967, 13.08124], [77.64986, 13.0813], [77.65013, 13.08133], [77.65042, 13.08137], [77.65083, 13.08142], [77.65116, 13.08145], [77.65155, 13.08149], [77.65189, 13.08154], [77.65223, 13.08159], [77.65261, 13.08162], [77.65322, 13.08175], [77.65331, 13.08174], [77.65354, 13.08181], [77.65476, 13.08197], [77.65486, 13.08191], [77.65492, 13.08154], [77.655, 13.08102], [77.65503, 13.08085], [77.65508, 13.08062], [77.65517, 13.08021], [77.65527, 13.07975], [77.65536, 13.07932], [77.65542, 13.07905], [77.65551, 13.07864], [77.65552, 13.07861], [77.65558, 13.07834], [77.65568, 13.07784], [77.65581, 13.07718], [77.65598, 13.0767], [77.65627, 13.07588], [77.65634, 13.07543], [77.65643, 13.07486], [77.65643, 13.07482], [77.65643, 13.07486], [77.65653, 13.07485], [77.65725, 13.07377], [77.6578, 13.07304], [77.65843, 13.07151], [77.65867, 13.07095], [77.65886, 13.07048], [77.65887, 13.07043], [77.65914, 13.06974], [77.65973, 13.06804], [77.66015, 13.06773], [77.66073, 13.06768], [77.6609, 13.06763], [77.66711, 13.06451], [77.66715, 13.06395], [77.66792, 13.06449], [77.67451, 13.06506], [77.67452, 13.06506], [77.67509, 13.06484], [77.67528, 13.06486], [77.67591, 13.06493], [77.67598, 13.06494], [77.67606, 13.06496], [77.67633, 13.06506], [77.67654, 13.06505], [77.67672, 13.06509], [77.67693, 13.06506], [77.67717, 13.06496], [77.67709, 13.06477], [77.67696, 13.06447], [77.67683, 13.06404], [77.67667, 13.06359], [77.67686, 13.06353], [77.67684, 13.06326], [77.67684, 13.06291], [77.67694, 13.0629], [77.67733, 13.06284], [77.67761, 13.06279], [77.67765, 13.06278], [77.67765, 13.06278], [77.67861, 13.05356], [77.67845, 13.0527], [77.67837, 13.0524], [77.67838, 13.05235], [77.67836, 13.05235], [77.67838, 13.05235], [77.67855, 13.05236], [77.67866, 13.05236], [77.67876, 13.05236], [77.67884, 13.05235], [77.6846, 13.04627], [77.68476, 13.04581], [77.68494, 13.04527], [77.68495, 13.04517], [77.68493, 13.04477], [77.68486, 13.04402], [77.68487, 13.04342], [77.68488, 13.04291], [77.68484, 13.04277], [77.68478, 13.04241], [77.68468, 13.04175], [77.68466, 13.04163], [77.6846, 13.0414], [77.68464, 13.04109], [77.68462, 13.04095], [77.68464, 13.04092], [77.68459, 13.04086], [77.68454, 13.04072], [77.68447, 13.04053], [77.68446, 13.04043], [77.68448, 13.04021], [77.68449, 13.04016], [77.68439, 13.03969], [77.68429, 13.0394], [77.68426, 13.03899], [77.68424, 13.03876], [77.68415, 13.03824], [77.68405, 13.0377], [77.68403, 13.03762], [77.68391, 13.03733], [77.68393, 13.03714], [77.68393, 13.03699], [77.684, 13.03667], [77.68388, 13.03628], [77.68386, 13.03606], [77.68382, 13.03579], [77.68381, 13.03554], [77.68379, 13.03539], [77.68374, 13.03519], [77.68374, 13.03497], [77.68362, 13.03476], [77.68361, 13.03438], [77.68365, 13.03418], [77.68363, 13.03381], [77.6836, 13.03362], [77.68359, 13.03347], [77.68357, 13.03323], [77.68354, 13.03312], [77.68354, 13.03312], [77.68369, 13.03321], [77.68472, 13.03333], [77.68831, 13.03314], [77.68859, 13.03304], [77.68886, 13.03294], [77.68926, 13.03286], [77.69035, 13.03266], [77.69085, 13.03256], [77.69149, 13.03144], [77.69193, 13.03075], [77.69312, 13.02889], [77.69385, 13.02775], [77.6944, 13.02673], [77.6944, 13.02672], [77.69454, 13.02675], [77.69503, 13.02677], [77.69565, 13.02683], [77.69609, 13.02689], [77.69641, 13.02692], [77.69658, 13.02693], [77.69662, 13.02694], [77.697, 13.02697], [77.69775, 13.02706], [77.69847, 13.02716], [77.69957, 13.0273], [77.69962, 13.0273], [77.70166, 13.02722], [77.70166, 13.02719], [77.67254, 13.02525], [77.66441, 13.03111], [77.65231, 13.0455], [77.65819, 13.05585], [77.65606, 13.0651], [77.65609, 13.06529], [77.65611, 13.06539], [77.65609, 13.06529], [77.65606, 13.0651], [77.65587, 13.06595], [77.63305, 13.08608], [77.62923, 13.08584], [77.62598, 13.07751], [77.60436, 13.07699], [77.59617, 13.09605], [77.60025, 13.10273], [77.60897, 13.1035], [77.60973, 13.11195], [77.59604, 13.10327], [77.58172, 13.11042], [77.5737, 13.10675], [77.56549, 13.10789], [77.5517, 13.09359], [77.55012, 13.08671], [77.54322, 13.0871], [77.53927, 13.08732], [77.53446, 13.08759], [77.53125, 13.07421], [77.52394, 13.07524], [77.52661, 13.0726], [77.52354, 13.06556], [77.52755, 13.05606], [77.52539, 13.05277], [77.51731, 13.0603], [77.51755, 13.0661], [77.51028, 13.0665], [77.5065, 13.07372], [77.50088, 13.07235], [77.50131, 13.07278], [77.50143, 13.07284], [77.50161, 13.07305], [77.50169, 13.07318], [77.50361, 13.07512], [77.50376, 13.07521], [77.50411, 13.07539], [77.50432, 13.07574], [77.50448, 13.076], [77.50451, 13.07604], [77.50524, 13.07678], [77.50533, 13.07682], [77.50546, 13.07693], [77.50572, 13.07702], [77.50601, 13.07742], [77.50633, 13.07761], [77.5066, 13.07776], [77.5069, 13.07789], [77.50737, 13.07795], [77.50748, 13.07791], [77.50771, 13.07782], [77.50804, 13.07779], [77.50936, 13.07737], [77.50936, 13.07737], [77.50936, 13.07722], [77.50937, 13.07719], [77.50942, 13.07717], [77.50944, 13.07715], [77.50948, 13.07712], [77.50951, 13.07706], [77.50956, 13.0769], [77.50957, 13.07685], [77.5096, 13.07683], [77.50964, 13.07682], [77.5098, 13.07679], [77.50988, 13.07678], [77.50994, 13.07674], [77.51, 13.0767], [77.51014, 13.07647], [77.51043, 13.07615], [77.5106, 13.07605], [77.51068, 13.07603], [77.51075, 13.07601], [77.51081, 13.07598], [77.51088, 13.07593], [77.51099, 13.07585], [77.51127, 13.0756], [77.51131, 13.07558], [77.51138, 13.07565], [77.51146, 13.07582], [77.51149, 13.07582], [77.51184, 13.07575], [77.51194, 13.07573], [77.51237, 13.07565], [77.51254, 13.07559], [77.51308, 13.07555], [77.51429, 13.07516], [77.51444, 13.07536], [77.51461, 13.07531], [77.51542, 13.07508], [77.51615, 13.07487], [77.51703, 13.07454], [77.51797, 13.07425], [77.51813, 13.07495], [77.51826, 13.0755], [77.51825, 13.07567], [77.51822, 13.07655], [77.51821, 13.0767], [77.51828, 13.07694], [77.51853, 13.07772], [77.51859, 13.07788], [77.51868, 13.07809], [77.51871, 13.07819], [77.51878, 13.07845], [77.5188, 13.07849], [77.51884, 13.07864], [77.51884, 13.07867], [77.5189, 13.07911], [77.51898, 13.07967], [77.51914, 13.07962], [77.51942, 13.07936], [77.51947, 13.07935], [77.5195, 13.07935], [77.51963, 13.07944], [77.52088, 13.07915], [77.52114, 13.07996], [77.52121, 13.0802], [77.52128, 13.08041], [77.52171, 13.08038], [77.52207, 13.08035], [77.52224, 13.08055], [77.52272, 13.08078], [77.52285, 13.08096], [77.52322, 13.08092], [77.5233, 13.08151], [77.52341, 13.08158], [77.52357, 13.08279], [77.52359, 13.08287], [77.52358, 13.08345], [77.52354, 13.08357], [77.52353, 13.08396], [77.52351, 13.08446], [77.52347, 13.08517], [77.52344, 13.08604], [77.52344, 13.08656], [77.52345, 13.08811], [77.52353, 13.08967], [77.52362, 13.09056], [77.52366, 13.09099], [77.52366, 13.09166], [77.52377, 13.09294], [77.52378, 13.09307], [77.52642, 13.09287], [77.52796, 13.09269], [77.53473, 13.09147], [77.53482, 13.09129], [77.53545, 13.09017], [77.53725, 13.0901], [77.53802, 13.09006], [77.53854, 13.09004], [77.53946, 13.09001], [77.54071, 13.08997], [77.54072, 13.08997], [77.54078, 13.09007], [77.54078, 13.09026], [77.54078, 13.09107], [77.54127, 13.09263], [77.54163, 13.09319], [77.5422, 13.09429], [77.54245, 13.09557], [77.54246, 13.09558], [77.5424, 13.09566], [77.54334, 13.09798], [77.54338, 13.09818], [77.54342, 13.09832], [77.54397, 13.09974], [77.54408, 13.1001], [77.54422, 13.10038], [77.54432, 13.10056], [77.54443, 13.10079], [77.54424, 13.1008], [77.54423, 13.10132], [77.54455, 13.10132], [77.5449, 13.10138], [77.54517, 13.10127], [77.54563, 13.10129], [77.54601, 13.10125], [77.54636, 13.10121], [77.54674, 13.10118], [77.54715, 13.10118], [77.54766, 13.10109], [77.54807, 13.10103], [77.5485, 13.10101], [77.54889, 13.10103], [77.54966, 13.10103], [77.55029, 13.10097], [77.55079, 13.10095], [77.55105, 13.10084], [77.55122, 13.10083], [77.55159, 13.10086], [77.55193, 13.10082], [77.55246, 13.10068], [77.55394, 13.10049], [77.55461, 13.1004], [77.55508, 13.10034], [77.55514, 13.10044], [77.55521, 13.10046], [77.55555, 13.10032], [77.55561, 13.10041], [77.55577, 13.10035], [77.55616, 13.10023], [77.55655, 13.10071], [77.55695, 13.10058], [77.55733, 13.10042], [77.55746, 13.10073], [77.55713, 13.10087], [77.5573, 13.10117], [77.55756, 13.10142], [77.55785, 13.10168], [77.55817, 13.10209], [77.55829, 13.10226], [77.55839, 13.10239], [77.55891, 13.1029], [77.55898, 13.10308], [77.55931, 13.10331], [77.55935, 13.10338], [77.55936, 13.10339], [77.55915, 13.1034], [77.55892, 13.10334], [77.55903, 13.10434], [77.55916, 13.10459], [77.55934, 13.10487], [77.55945, 13.10504], [77.55959, 13.10531], [77.55972, 13.1056], [77.55996, 13.10584], [77.56013, 13.10618], [77.5603, 13.10658], [77.56041, 13.10677], [77.56052, 13.10702], [77.56054, 13.10708], [77.56055, 13.1071], [77.56066, 13.10737], [77.5607, 13.10747], [77.56095, 13.10793], [77.56108, 13.10832], [77.56109, 13.10834], [77.5611, 13.10837], [77.56096, 13.10892], [77.56058, 13.10902], [77.56018, 13.1101], [77.56028, 13.11056], [77.56031, 13.11115], [77.56022, 13.11153], [77.56013, 13.11174], [77.55981, 13.11179], [77.55971, 13.1119], [77.55968, 13.11211], [77.55981, 13.1124], [77.55983, 13.1124], [77.56009, 13.11236], [77.5604, 13.11296], [77.56106, 13.11378], [77.56144, 13.11376], [77.56161, 13.11377], [77.56163, 13.11382], [77.56167, 13.11391], [77.56168, 13.11394], [77.56235, 13.11556], [77.56258, 13.11634], [77.56257, 13.1164], [77.56257, 13.11645], [77.56284, 13.11775], [77.56312, 13.11939], [77.56326, 13.12052], [77.56339, 13.12094], [77.56365, 13.12144], [77.56387, 13.12187], [77.56431, 13.12293], [77.56474, 13.12411], [77.56496, 13.12463], [77.56518, 13.12515], [77.56551, 13.12595], [77.56817, 13.1253], [77.56826, 13.12528], [77.56957, 13.125], [77.56988, 13.12691], [77.56989, 13.12701], [77.5723, 13.13602], [77.57235, 13.13611], [77.57238, 13.13625], [77.57257, 13.13624], [77.57265, 13.13625], [77.57279, 13.13632], [77.5728, 13.13632], [77.57294, 13.13626], [77.57343, 13.13609], [77.57352, 13.13639], [77.57367, 13.13694], [77.57367, 13.13695], [77.57382, 13.13773], [77.57384, 13.13786], [77.57393, 13.13843], [77.57397, 13.13868], [77.574, 13.13907], [77.57399, 13.13952], [77.57396, 13.13964], [77.57393, 13.13973], [77.57401, 13.14049], [77.57404, 13.141], [77.57403, 13.1412], [77.5744, 13.14134], [77.57439, 13.14141], [77.58087, 13.14171], [77.58121, 13.14134], [77.5814, 13.14116], [77.58153, 13.14102], [77.58284, 13.13839]], [[77.6296, 13.10477], [77.62772, 13.1033], [77.62922, 13.10267], [77.6296, 13.10477]], [[77.6145, 13.1276], [77.61405, 13.11991], [77.61964, 13.12195], [77.6145, 13.1276]], [[77.57778, 13.11762], [77.57852, 13.117], [77.57845, 13.11791], [77.57778, 13.11762]], [[77.56823, 13.11516], [77.56945, 13.11603], [77.56937, 13.11613], [77.56716, 13.11643], [77.56823, 13.11516]], [[77.6834, 13.03169], [77.6834, 13.03167], [77.6834, 13.03169], [77.68343, 13.03178], [77.6834, 13.03169]], [[77.68333, 13.03073], [77.68329, 13.03001], [77.68326, 13.02967], [77.68324, 13.02947], [77.68323, 13.02931], [77.68323, 13.02931], [77.68324, 13.02947], [77.68326, 13.02967], [77.68329, 13.03001], [77.68333, 13.03073], [77.68336, 13.03105], [77.68333, 13.03073]], [[77.68329, 13.02613], [77.68329, 13.02615], [77.68329, 13.02612], [77.68329, 13.02613]], [[77.68315, 13.02842], [77.68315, 13.02821], [77.68315, 13.02764], [77.6832, 13.02687], [77.6832, 13.02685], [77.68325, 13.0265], [77.6832, 13.02687], [77.68315, 13.02764], [77.68315, 13.02821], [77.68315, 13.02842], [77.68316, 13.02867], [77.68316, 13.02863], [77.68315, 13.02842]], [[77.6765, 13.05253], [77.6765, 13.05253], [77.67665, 13.0525], [77.6765, 13.05253]], [[77.67599, 13.05254], [77.67617, 13.05254], [77.67644, 13.05253], [77.67617, 13.05254], [77.67599, 13.05254]], [[77.67534, 13.05213], [77.67544, 13.05227], [77.67534, 13.05213], [77.67526, 13.05202], [77.67524, 13.052], [77.67526, 13.05202], [77.67534, 13.05213]], [[77.6751, 13.05183], [77.67513, 13.05187], [77.6751, 13.05183], [77.67484, 13.05154], [77.6748, 13.05149], [77.67484, 13.05154], [77.6751, 13.05183]], [[77.67441, 13.05117], [77.67458, 13.0513], [77.67441, 13.05117], [77.67397, 13.05091], [77.67395, 13.0509], [77.67397, 13.05091], [77.67441, 13.05117]], [[77.6739, 13.05088], [77.67392, 13.05088], [77.67391, 13.05088], [77.67383, 13.05083], [77.67379, 13.0508], [77.67383, 13.05083], [77.6739, 13.05088]], [[77.67245, 13.05112], [77.67243, 13.05113], [77.67245, 13.05112], [77.67298, 13.05079], [77.67318, 13.05079], [77.67378, 13.05079], [77.67378, 13.05079], [77.67318, 13.05079], [77.67298, 13.05079], [77.67245, 13.05112]], [[77.6707, 13.05066], [77.67114, 13.0509], [77.67129, 13.05111], [77.67156, 13.05124], [77.67187, 13.05124], [77.67156, 13.05124], [77.67129, 13.05111], [77.67114, 13.0509], [77.6707, 13.05066]], [[77.66974, 13.05009], [77.67002, 13.0501], [77.67004, 13.05021], [77.67002, 13.0501], [77.66974, 13.05009]], [[77.66871, 13.04993], [77.66808, 13.04993], [77.66796, 13.04993], [77.66808, 13.04993], [77.66924, 13.04993], [77.66871, 13.04993]], [[77.66866, 13.04517], [77.66861, 13.0452], [77.66857, 13.04514], [77.66866, 13.04517]], [[77.66764, 13.04995], [77.66746, 13.04996], [77.66598, 13.05002], [77.66576, 13.05003], [77.66425, 13.05081], [77.66451, 13.0517], [77.66461, 13.05206], [77.66462, 13.05208], [77.66462, 13.05209], [77.66462, 13.05208], [77.66461, 13.05206], [77.66451, 13.0517], [77.66425, 13.05081], [77.66576, 13.05003], [77.66598, 13.05002], [77.66746, 13.04996], [77.66764, 13.04995]], [[77.66712, 13.0638], [77.66639, 13.06224], [77.66637, 13.06219], [77.66624, 13.06193], [77.66639, 13.06223], [77.66712, 13.0638], [77.66713, 13.06382], [77.66712, 13.0638]], [[77.66559, 13.06041], [77.66556, 13.05972], [77.66554, 13.05926], [77.66556, 13.05972], [77.66559, 13.06041]], [[77.66538, 13.05645], [77.66535, 13.05609], [77.66532, 13.05561], [77.66535, 13.05609], [77.66538, 13.05645]], [[77.66493, 13.05368], [77.66488, 13.05341], [77.66493, 13.05368], [77.66526, 13.05478], [77.66526, 13.05482], [77.66526, 13.05478], [77.66493, 13.05368]], [[77.65647, 13.07094], [77.65645, 13.07047], [77.65645, 13.06949], [77.65645, 13.06885], [77.65646, 13.06864], [77.6565, 13.06818], [77.65646, 13.06864], [77.65645, 13.06885], [77.65645, 13.06949], [77.65646, 13.07047], [77.65647, 13.07094], [77.65647, 13.07102], [77.65647, 13.07099], [77.65647, 13.07094]], [[77.65643, 13.07293], [77.65644, 13.07315], [77.65643, 13.07293], [77.65647, 13.07158], [77.65647, 13.07152], [77.65647, 13.07158], [77.65643, 13.07293]], [[77.65635, 13.06696], [77.65636, 13.06708], [77.65644, 13.06746], [77.65636, 13.06708], [77.65635, 13.06696]], [[77.65624, 13.06601], [77.65627, 13.06623], [77.65624, 13.06601], [77.65623, 13.06595], [77.65622, 13.06585], [77.65623, 13.06595], [77.65624, 13.06601]], [[77.6549, 13.04667], [77.6552, 13.0467], [77.65584, 13.0468], [77.6552, 13.0467], [77.6549, 13.04667]], [[77.65563, 13.04804], [77.65564, 13.04805], [77.65563, 13.04804], [77.65563, 13.04804]], [[77.65515, 13.05048], [77.65515, 13.05048], [77.65515, 13.05048], [77.65515, 13.05048]], [[77.65499, 13.04988], [77.65514, 13.05047], [77.65499, 13.04988], [77.65489, 13.04951], [77.65489, 13.04947], [77.65489, 13.04951], [77.65499, 13.04988]], [[77.65512, 13.04808], [77.65512, 13.04808], [77.6551, 13.04815], [77.65512, 13.04808], [77.65512, 13.04808]], [[77.65505, 13.04829], [77.65498, 13.04851], [77.65492, 13.04868], [77.65497, 13.04851], [77.65505, 13.04829]], [[77.65341, 13.04655], [77.65342, 13.04655], [77.65372, 13.04657], [77.65342, 13.04655], [77.65341, 13.04655]], [[77.65308, 13.04655], [77.65335, 13.04655], [77.65337, 13.04655], [77.65335, 13.04655], [77.65308, 13.04655]], [[77.65155, 13.07128], [77.65159, 13.07098], [77.65162, 13.07016], [77.65159, 13.07098], [77.65155, 13.07128]], [[77.65138, 13.0727], [77.65141, 13.07241], [77.65142, 13.0723], [77.65141, 13.07241], [77.65138, 13.0727]], [[77.65121, 13.07426], [77.65117, 13.07479], [77.65111, 13.07518], [77.65117, 13.07479], [77.6512, 13.07441], [77.65121, 13.07426]], [[77.6509, 13.07629], [77.65066, 13.07709], [77.65068, 13.07797], [77.65063, 13.07817], [77.65068, 13.07797], [77.65066, 13.07709], [77.6508, 13.07662], [77.65089, 13.07629], [77.65105, 13.07558], [77.65106, 13.07549], [77.65105, 13.07558], [77.6509, 13.07629]], [[77.59486, 13.10773], [77.59487, 13.10772], [77.59486, 13.10773], [77.5946, 13.10824], [77.59486, 13.10773]], [[77.576, 13.10833], [77.57601, 13.10863], [77.57601, 13.10863], [77.576, 13.10833], [77.576, 13.10833]]], [[[77.69634, 12.9041], [77.69626, 12.90399], [77.69588, 12.90402], [77.69574, 12.90414], [77.69564, 12.90423], [77.69564, 12.90439], [77.69634, 12.9041]]], [[[77.6948, 12.9617], [77.67176, 12.94679], [77.6691, 12.9389], [77.65901, 12.93628], [77.65923, 12.93355], [77.66498, 12.93227], [77.66517, 12.92179], [77.66002, 12.91033], [77.65944, 12.90986], [77.65207, 12.90382], [77.65234, 12.9211], [77.65235, 12.92147], [77.63721, 12.91759], [77.63961, 12.92394], [77.63962, 12.92398], [77.63045, 12.93642], [77.63193, 12.93994], [77.63229, 12.94081], [77.62285, 12.94842], [77.61966, 12.96041], [77.61978, 12.96042], [77.63059, 12.96178], [77.64166, 12.95026], [77.64307, 12.95761], [77.65195, 12.95376], [77.67136, 12.96004], [77.68124, 12.95592], [77.68566, 12.95843], [77.68694, 12.96684], [77.68841, 12.96699], [77.69238, 12.96741], [77.6948, 12.9617]], [[77.65052, 12.94738], [77.65047, 12.94738], [77.65078, 12.9474], [77.65052, 12.94738]], [[77.63615, 12.93441], [77.63568, 12.93495], [77.63568, 12.93495], [77.63615, 12.93441]], [[77.63047, 12.94331], [77.63052, 12.9432], [77.63044, 12.94338], [77.63047, 12.94331]], [[77.62991, 12.94455], [77.63001, 12.94431], [77.62967, 12.94507], [77.62991, 12.94455]], [[77.62355, 12.95074], [77.62372, 12.9507], [77.62417, 12.9506], [77.62358, 12.95073], [77.62355, 12.95074]], [[77.62231, 12.9513], [77.62289, 12.95102], [77.62293, 12.951], [77.62243, 12.95124], [77.62231, 12.9513]]], [[[77.6911, 12.90508], [77.6926, 12.90458], [77.69249, 12.9041], [77.69203, 12.90403], [77.6911, 12.90508]]], [[[77.69087, 13.00497], [77.69077, 13.00048], [77.684, 13.00356], [77.68316, 13.00997], [77.69087, 13.00497]]], [[[77.68622, 12.90259], [77.68742, 12.90343], [77.68758, 12.90334], [77.68745, 12.90245], [77.68728, 12.90236], [77.6871, 12.90236], [77.68622, 12.90259]]], [[[77.68533, 12.90188], [77.68532, 12.90188], [77.68504, 12.90186], [77.68479, 12.90225], [77.68549, 12.90242], [77.68533, 12.90188]]], [[[77.68241, 12.93376], [77.67838, 12.93144], [77.67632, 12.93781], [77.68075, 12.93826], [77.68241, 12.93376]]], [[[77.68053, 12.89842], [77.67978, 12.89776], [77.67959, 12.8976], [77.67885, 12.89657], [77.67846, 12.89591], [77.67805, 12.8953], [77.67749, 12.89469], [77.67724, 12.89429], [77.676, 12.89392], [77.67484, 12.89373], [77.67407, 12.8937], [77.67384, 12.89319], [77.6738, 12.89291], [77.67375, 12.8927], [77.6737, 12.89233], [77.67366, 12.89203], [77.67358, 12.89161], [77.6734, 12.89069], [77.67329, 12.8902], [77.67317, 12.88955], [77.67313, 12.88936], [77.67309, 12.88916], [77.6729, 12.88855], [77.67289, 12.88852], [77.67289, 12.88851], [77.67289, 12.88849], [77.67293, 12.88813], [77.6728, 12.88769], [77.67268, 12.8872], [77.67254, 12.88659], [77.67244, 12.88599], [77.67233, 12.88465], [77.67375, 12.88437], [77.67413, 12.88402], [77.67417, 12.8815], [77.67415, 12.88121], [77.67406, 12.88018], [77.67403, 12.87982], [77.67397, 12.87983], [77.67142, 12.88407], [77.66506, 12.88476], [77.66597, 12.88839], [77.65315, 12.87992], [77.64649, 12.88504], [77.66138, 12.89425], [77.6722, 12.89338], [77.68128, 12.89944], [77.68053, 12.89842]]], [[[77.66688, 12.97399], [77.67993, 12.97128], [77.67913, 12.96625], [77.66519, 12.97064], [77.66678, 12.97401], [77.66688, 12.97399]], [[77.66605, 12.97146], [77.66614, 12.97145], [77.66572, 12.97152], [77.66605, 12.97146]]], [[[77.61655, 12.85786], [77.61896, 12.858], [77.61885, 12.85783], [77.61891, 12.85759], [77.61806, 12.85744], [77.61727, 12.85749], [77.61679, 12.85757], [77.61666, 12.85696], [77.61558, 12.85535], [77.61549, 12.85529], [77.61497, 12.85484], [77.61436, 12.85425], [77.61412, 12.85389], [77.61359, 12.85315], [77.6132, 12.85261], [77.61288, 12.85202], [77.6127, 12.85165], [77.61222, 12.85169], [77.61157, 12.85149], [77.61111, 12.85143], [77.61054, 12.8514], [77.60985, 12.85133], [77.60918, 12.85126], [77.60917, 12.85118], [77.60906, 12.84959], [77.60904, 12.84866], [77.60907, 12.84822], [77.60906, 12.84754], [77.60914, 12.84689], [77.60923, 12.84648], [77.60921, 12.84612], [77.60839, 12.84669], [77.60719, 12.84748], [77.60665, 12.84765], [77.60598, 12.84785], [77.60547, 12.84796], [77.60455, 12.84824], [77.60393, 12.84835], [77.60346, 12.84837], [77.60286, 12.84839], [77.60267, 12.8484], [77.60217, 12.84829], [77.60128, 12.8481], [77.60063, 12.8481], [77.60049, 12.8481], [77.6004, 12.848], [77.60038, 12.84799], [77.59598, 12.84901], [77.59587, 12.84906], [77.60904, 12.85143], [77.61655, 12.85786]]], [[[77.62841, 12.85857], [77.63662, 12.86635], [77.64271, 12.86586], [77.64426, 12.85364], [77.65022, 12.85481], [77.66369, 12.86219], [77.66517, 12.86398], [77.66499, 12.86356], [77.66493, 12.8634], [77.66477, 12.8632], [77.66467, 12.86307], [77.66462, 12.86282], [77.66451, 12.86237], [77.66401, 12.86243], [77.66384, 12.86192], [77.66374, 12.86102], [77.6637, 12.86094], [77.66051, 12.85859], [77.66023, 12.85859], [77.65965, 12.85861], [77.65931, 12.85862], [77.65901, 12.85851], [77.65856, 12.85837], [77.65766, 12.85815], [77.65749, 12.85839], [77.65749, 12.85832], [77.65755, 12.8572], [77.65659, 12.85696], [77.65638, 12.857], [77.65644, 12.8565], [77.6563, 12.85645], [77.65615, 12.85643], [77.65595, 12.85643], [77.65575, 12.85638], [77.65575, 12.85632], [77.6558, 12.85596], [77.65585, 12.85572], [77.65551, 12.85553], [77.65528, 12.85623], [77.65491, 12.85619], [77.65493, 12.85605], [77.65445, 12.85586], [77.65308, 12.85549], [77.65312, 12.85532], [77.65295, 12.8552], [77.6526, 12.85497], [77.65214, 12.85483], [77.65182, 12.85474], [77.65161, 12.85477], [77.65145, 12.85467], [77.65134, 12.85461], [77.65062, 12.85439], [77.65034, 12.85439], [77.65039, 12.85387], [77.64995, 12.85369], [77.64996, 12.85318], [77.65001, 12.85297], [77.65014, 12.85291], [77.65028, 12.85218], [77.65008, 12.8521], [77.6498, 12.85224], [77.64962, 12.85293], [77.64922, 12.85275], [77.64931, 12.85213], [77.64866, 12.85211], [77.64821, 12.85199], [77.64773, 12.85186], [77.64764, 12.8522], [77.64759, 12.85235], [77.64663, 12.85212], [77.64638, 12.85214], [77.6462, 12.8521], [77.64617, 12.8521], [77.64615, 12.85187], [77.64575, 12.8517], [77.6456, 12.85197], [77.64518, 12.85184], [77.64491, 12.85175], [77.64491, 12.85216], [77.64402, 12.85165], [77.64313, 12.85114], [77.64288, 12.85121], [77.6429, 12.8514], [77.64296, 12.85198], [77.64298, 12.85269], [77.64301, 12.85369], [77.64301, 12.85402], [77.64297, 12.85464], [77.6429, 12.85593], [77.64291, 12.85623], [77.64292, 12.857], [77.64292, 12.85705], [77.64289, 12.85829], [77.64287, 12.85895], [77.64284, 12.85943], [77.64283, 12.85949], [77.64259, 12.86033], [77.64253, 12.86051], [77.64247, 12.8607], [77.64225, 12.86135], [77.64201, 12.86232], [77.64187, 12.86301], [77.6418, 12.86361], [77.64179, 12.86365], [77.64173, 12.86367], [77.64148, 12.8637], [77.64126, 12.86427], [77.64122, 12.8644], [77.64133, 12.86505], [77.64094, 12.86505], [77.64052, 12.86505], [77.63949, 12.86496], [77.63884, 12.86491], [77.63869, 12.8643], [77.63861, 12.86394], [77.63845, 12.86331], [77.63739, 12.86289], [77.6368, 12.8631], [77.63643, 12.86313], [77.63577, 12.86297], [77.63524, 12.86296], [77.63475, 12.86275], [77.63462, 12.86268], [77.63456, 12.86266], [77.63454, 12.86264], [77.63453, 12.86261], [77.63418, 12.86214], [77.63425, 12.86192], [77.63323, 12.86165], [77.63301, 12.86159], [77.63294, 12.86157], [77.63224, 12.86125], [77.63219, 12.86123], [77.63173, 12.86088], [77.63164, 12.86079], [77.63147, 12.86069], [77.63133, 12.86058], [77.63117, 12.86048], [77.63107, 12.86034], [77.63083, 12.86013], [77.63064, 12.85993], [77.63039, 12.85858], [77.62989, 12.85799], [77.62906, 12.85691], [77.62728, 12.85706], [77.62683, 12.85717], [77.62645, 12.85738], [77.62635, 12.85744], [77.62548, 12.85755], [77.62456, 12.85764], [77.62364, 12.85774], [77.62271, 12.85783], [77.6214, 12.85794], [77.62028, 12.85794], [77.61972, 12.85797], [77.61951, 12.85802], [77.61947, 12.85803], [77.62841, 12.85857]]], [[[77.66707, 12.86629], [77.66705, 12.8662], [77.667, 12.86621], [77.66707, 12.86629]]], [[[77.67417, 12.87489], [77.67204, 12.87899], [77.67211, 12.87889], [77.67247, 12.87846], [77.67256, 12.87842], [77.67383, 12.87683], [77.67386, 12.87674], [77.67402, 12.8764], [77.67406, 12.87633], [77.67408, 12.87629], [77.67426, 12.87578], [77.67443, 12.87549], [77.67458, 12.87535], [77.67461, 12.87522], [77.67471, 12.87483], [77.6737, 12.87054], [77.67369, 12.87053], [77.6728, 12.86929], [77.67289, 12.86825], [77.67244, 12.8682], [77.67227, 12.8682], [77.67209, 12.86813], [77.67114, 12.86781], [77.67083, 12.86766], [77.67022, 12.86739], [77.66995, 12.86723], [77.66986, 12.86718], [77.66949, 12.86706], [77.66884, 12.86681], [77.66782, 12.86641], [77.66711, 12.86634], [77.67417, 12.87489]]], [[[77.6706, 12.97978], [77.66713, 12.98104], [77.66896, 12.98442], [77.67222, 12.9836], [77.6706, 12.97978]]], [[[77.665, 12.96762], [77.66859, 12.96416], [77.66427, 12.96443], [77.665, 12.96762]]], [[[77.65127, 13.00609], [77.66286, 13.00453], [77.66482, 12.99542], [77.65141, 12.99404], [77.64166, 12.98416], [77.63274, 12.98206], [77.62798, 12.99039], [77.63563, 13.00205], [77.63774, 13.00309], [77.64543, 13.00688], [77.65127, 13.00609]], [[77.63184, 12.9938], [77.63163, 12.99384], [77.63187, 12.9938], [77.63184, 12.9938]], [[77.63128, 12.9939], [77.63127, 12.9939], [77.63128, 12.9939], [77.63128, 12.9939]]], [[[77.66151, 12.98205], [77.65748, 12.98274], [77.65846, 12.98615], [77.66226, 12.98561], [77.66151, 12.98205]]], [[[77.65301, 12.9678], [77.65372, 12.96439], [77.64143, 12.96543], [77.64148, 12.96595], [77.64182, 12.96929], [77.65301, 12.9678]]], [[[77.62982, 12.88698], [77.63656, 12.88324], [77.6284, 12.88263], [77.62982, 12.88698]]], [[[77.62644, 12.9227], [77.6291, 12.91871], [77.62507, 12.91962], [77.62644, 12.9227]]], [[[77.62797, 13.01768], [77.62416, 13.01472], [77.624, 13.01632], [77.6239, 13.01734], [77.62797, 13.01768]]], [[[77.57663, 13.02077], [77.58384, 13.01516], [77.60472, 13.01777], [77.60477, 13.01778], [77.60084, 13.01277], [77.61318, 13.00347], [77.60125, 13.00023], [77.60179, 13.00608], [77.5956, 13.00955], [77.5948, 13.00615], [77.60346, 12.99662], [77.60612, 12.98643], [77.61046, 12.98589], [77.61993, 12.99254], [77.6258, 12.99123], [77.61629, 12.97435], [77.61701, 12.97015], [77.61106, 12.96722], [77.6131, 12.96193], [77.60978, 12.95328], [77.58085, 12.96498], [77.57859, 12.96779], [77.57868, 12.96798], [77.57859, 12.96779], [77.56955, 12.97903], [77.57272, 12.98935], [77.5774, 12.99312], [77.5826, 12.99731], [77.5798, 13.00318], [77.56234, 13.00572], [77.56299, 13.01246], [77.56674, 13.01412], [77.56365, 13.02409], [77.56856, 13.02934], [77.57107, 13.02897], [77.57426, 13.0285], [77.57663, 13.02077]], [[77.60223, 12.9892], [77.60223, 12.9892], [77.60216, 12.98873], [77.60223, 12.9892]], [[77.59448, 13.0015], [77.59438, 13.00176], [77.59466, 13.00098], [77.59448, 13.0015]], [[77.58936, 12.96325], [77.58928, 12.96333], [77.58929, 12.96333], [77.58936, 12.96325]], [[77.58742, 12.96498], [77.58673, 12.96551], [77.58678, 12.96548], [77.58742, 12.96498]], [[77.58425, 12.97054], [77.58444, 12.97036], [77.58413, 12.97064], [77.58425, 12.97054]], [[77.58438, 12.96924], [77.58436, 12.96872], [77.58441, 12.96991], [77.58438, 12.96924]], [[77.57787, 12.98782], [77.57795, 12.98793], [77.57789, 12.98785], [77.57787, 12.98782]]], [[[77.61869, 12.93045], [77.61439, 12.93114], [77.61786, 12.93614], [77.62114, 12.93533], [77.61869, 12.93045]]], [[[77.6179, 12.94049], [77.61727, 12.94148], [77.61733, 12.94148], [77.61827, 12.94155], [77.6179, 12.94049]]], [[[77.61033, 12.9049], [77.61015, 12.90587], [77.61192, 12.9047], [77.61794, 12.90074], [77.6114, 12.89935], [77.61033, 12.9049]]], [[[77.61604, 12.9432], [77.60677, 12.94426], [77.60715, 12.94554], [77.60837, 12.94954], [77.61708, 12.94894], [77.61604, 12.9432]], [[77.60944, 12.94924], [77.60899, 12.94931], [77.60943, 12.94924], [77.60944, 12.94924]]], [[[77.6074, 12.86724], [77.6072, 12.86684], [77.60539, 12.86835], [77.60432, 12.86923], [77.60624, 12.8699], [77.6074, 12.86724]]], [[[77.52642, 12.86196], [77.52183, 12.85933], [77.53227, 12.85895], [77.53887, 12.85104], [77.55509, 12.84816], [77.5606, 12.84135], [77.57652, 12.84065], [77.58594, 12.8358], [77.59461, 12.84664], [77.59458, 12.84652], [77.59452, 12.84633], [77.59442, 12.84579], [77.59439, 12.84561], [77.59435, 12.84463], [77.59255, 12.83652], [77.59232, 12.83606], [77.59179, 12.835], [77.59154, 12.83451], [77.59121, 12.83463], [77.59065, 12.83487], [77.59054, 12.83491], [77.59054, 12.83554], [77.58988, 12.83545], [77.58956, 12.83545], [77.58925, 12.83523], [77.58905, 12.83505], [77.58837, 12.83456], [77.58749, 12.83391], [77.58708, 12.83363], [77.58644, 12.83403], [77.58528, 12.83476], [77.58433, 12.83538], [77.58349, 12.83606], [77.58267, 12.83671], [77.58243, 12.8369], [77.58198, 12.8371], [77.58178, 12.83724], [77.58128, 12.83752], [77.58061, 12.83784], [77.58043, 12.83789], [77.57977, 12.83808], [77.57925, 12.83817], [77.57904, 12.83823], [77.57895, 12.83825], [77.57885, 12.83826], [77.57879, 12.83827], [77.57803, 12.83834], [77.57686, 12.83847], [77.57429, 12.83887], [77.57379, 12.83898], [77.57314, 12.83913], [77.5723, 12.83917], [77.57107, 12.83923], [77.5708, 12.83926], [77.57042, 12.83929], [77.57034, 12.83929], [77.5692, 12.83939], [77.56854, 12.83945], [77.56679, 12.83957], [77.5667, 12.83958], [77.56667, 12.83958], [77.56643, 12.83961], [77.56568, 12.83968], [77.56491, 12.83954], [77.56331, 12.83925], [77.5622, 12.83902], [77.56072, 12.83991], [77.5605, 12.84004], [77.55998, 12.84032], [77.55825, 12.84111], [77.55728, 12.84153], [77.55729, 12.84313], [77.55728, 12.84324], [77.55718, 12.84393], [77.55647, 12.84498], [77.55592, 12.846], [77.55548, 12.84679], [77.55495, 12.84767], [77.55448, 12.84801], [77.55413, 12.84794], [77.55325, 12.84777], [77.55326, 12.84754], [77.55325, 12.84752], [77.55201, 12.8475], [77.55193, 12.84755], [77.55143, 12.84792], [77.5514, 12.84794], [77.55137, 12.84796], [77.55042, 12.84793], [77.55002, 12.84792], [77.54949, 12.8479], [77.54891, 12.84788], [77.5481, 12.84784], [77.54571, 12.84774], [77.54501, 12.8477], [77.54487, 12.84769], [77.54487, 12.8476], [77.54468, 12.84762], [77.54465, 12.8474], [77.54436, 12.84699], [77.5445, 12.84673], [77.54456, 12.8464], [77.54345, 12.84386], [77.54327, 12.84373], [77.54277, 12.84337], [77.54246, 12.84332], [77.54143, 12.84373], [77.54126, 12.84427], [77.54126, 12.84428], [77.54049, 12.84496], [77.53904, 12.84532], [77.53833, 12.8453], [77.53835, 12.84489], [77.5383, 12.84474], [77.53491, 12.84078], [77.53453, 12.84045], [77.53391, 12.83992], [77.53361, 12.83991], [77.53343, 12.8397], [77.53128, 12.84005], [77.53097, 12.84009], [77.52909, 12.84032], [77.52606, 12.84064], [77.52446, 12.84021], [77.52421, 12.84014], [77.52352, 12.83995], [77.52324, 12.84123], [77.52312, 12.8418], [77.52296, 12.84253], [77.52287, 12.84291], [77.52277, 12.8434], [77.5227, 12.84376], [77.52254, 12.84441], [77.5225, 12.84456], [77.52242, 12.84486], [77.52239, 12.84493], [77.52229, 12.84529], [77.52226, 12.84541], [77.5217, 12.84808], [77.52168, 12.84817], [77.52167, 12.8482], [77.52164, 12.84836], [77.52163, 12.84854], [77.5216, 12.84893], [77.52149, 12.84911], [77.52126, 12.84963], [77.52103, 12.85015], [77.521, 12.85024], [77.52086, 12.8506], [77.52017, 12.85237], [77.51985, 12.85321], [77.51895, 12.85676], [77.51884, 12.85777], [77.51875, 12.85842], [77.51864, 12.85927], [77.51858, 12.85972], [77.51854, 12.86004], [77.51852, 12.86018], [77.5185, 12.86039], [77.51846, 12.86069], [77.51842, 12.86108], [77.51841, 12.86115], [77.51843, 12.86118], [77.51891, 12.86165], [77.51945, 12.86204], [77.51955, 12.86212], [77.51957, 12.86231], [77.51959, 12.86249], [77.51972, 12.8637], [77.522, 12.86811], [77.52642, 12.86196]], [[77.54516, 12.84879], [77.5452, 12.84882], [77.54516, 12.84879], [77.54509, 12.84878], [77.545, 12.84875], [77.54516, 12.84879]], [[77.54463, 12.84868], [77.5446, 12.84868], [77.54453, 12.84864], [77.5446, 12.84868], [77.54463, 12.84868]], [[77.54433, 12.84826], [77.54433, 12.84824], [77.54433, 12.84826], [77.54433, 12.84826]], [[77.54432, 12.84845], [77.54432, 12.84852], [77.54432, 12.84852], [77.54432, 12.84845], [77.54432, 12.8484], [77.54432, 12.84845]]], [[[77.56992, 13.09333], [77.58178, 13.09061], [77.57917, 13.07708], [77.57427, 13.07263], [77.5656, 13.07717], [77.56204, 13.08461], [77.56159, 13.09524], [77.56992, 13.09333]]], [[[77.55266, 13.07411], [77.55564, 13.07286], [77.54809, 13.0612], [77.54907, 13.05648], [77.56064, 13.05842], [77.56135, 13.07037], [77.57264, 13.05929], [77.55845, 13.04728], [77.54392, 13.05325], [77.53974, 13.04545], [77.54533, 13.04191], [77.5452, 13.04108], [77.54458, 13.03709], [77.54882, 13.03549], [77.55274, 13.034], [77.5472, 13.03242], [77.53546, 13.02908], [77.53617, 13.03589], [77.53729, 13.04655], [77.52936, 13.05255], [77.53464, 13.05431], [77.53495, 13.05733], [77.53503, 13.05818], [77.5359, 13.06666], [77.54288, 13.06888], [77.54678, 13.07657], [77.55266, 13.07411]]], [[[77.54025, 12.91992], [77.53439, 12.91167], [77.53434, 12.90513], [77.54307, 12.89825], [77.55222, 12.90221], [77.54152, 12.88817], [77.51606, 12.88262], [77.49276, 12.89241], [77.48911, 12.89725], [77.49138, 12.9054], [77.48902, 12.91368], [77.50055, 12.91428], [77.50055, 12.9142], [77.50056, 12.91322], [77.50055, 12.91313], [77.50055, 12.91303], [77.50055, 12.91313], [77.50056, 12.91322], [77.50055, 12.9142], [77.50055, 12.91428], [77.50081, 12.91429], [77.50044, 12.92146], [77.50619, 12.92427], [77.50654, 12.91682], [77.51197, 12.91364], [77.51885, 12.90961], [77.5175, 12.90113], [77.52421, 12.90059], [77.52475, 12.92517], [77.52491, 12.92555], [77.52492, 12.92555], [77.52495, 12.92555], [77.52492, 12.92555], [77.52491, 12.92555], [77.52704, 12.93092], [77.54025, 12.91992]], [[77.49777, 12.9101], [77.49875, 12.90646], [77.49888, 12.90648], [77.50129, 12.90977], [77.49777, 12.9101]], [[77.53854, 12.91941], [77.53855, 12.91937], [77.53856, 12.91933], [77.53858, 12.91929], [77.53854, 12.91941]], [[77.5384, 12.91834], [77.53837, 12.91834], [77.53841, 12.91834], [77.5384, 12.91834]], [[77.53145, 12.92681], [77.53146, 12.92687], [77.53145, 12.92681], [77.53139, 12.9265], [77.53132, 12.92615], [77.53131, 12.92591], [77.53125, 12.92561], [77.53115, 12.9254], [77.53109, 12.92523], [77.53115, 12.9254], [77.53125, 12.92561], [77.53131, 12.92591], [77.53132, 12.92615], [77.53139, 12.9265], [77.53145, 12.92681]], [[77.53041, 12.92396], [77.53041, 12.92396], [77.53051, 12.9241], [77.53076, 12.9245], [77.53083, 12.9246], [77.53076, 12.9245], [77.53051, 12.9241], [77.53041, 12.92396]], [[77.53041, 12.92396], [77.53041, 12.92396], [77.53041, 12.92396], [77.53041, 12.92396]], [[77.53039, 12.92393], [77.53039, 12.92393], [77.53039, 12.92393], [77.53039, 12.92393]], [[77.52962, 12.92325], [77.52949, 12.92316], [77.52948, 12.92309], [77.52949, 12.92316], [77.52962, 12.92325]], [[77.52849, 12.92213], [77.52849, 12.92213], [77.52849, 12.92213], [77.52849, 12.92213], [77.52853, 12.92212], [77.52849, 12.92213], [77.52849, 12.92213]], [[77.5284, 12.92258], [77.52841, 12.92241], [77.52841, 12.9223], [77.52848, 12.92216], [77.52841, 12.9223], [77.52841, 12.92242], [77.5284, 12.92258]], [[77.52775, 12.92331], [77.52794, 12.92324], [77.52813, 12.92317], [77.5282, 12.92313], [77.52813, 12.92317], [77.52794, 12.92324], [77.52775, 12.92331]], [[77.5272, 12.92352], [77.52712, 12.92357], [77.52706, 12.92362], [77.52712, 12.92357], [77.5272, 12.92352]], [[77.52691, 12.92376], [77.52679, 12.92393], [77.52668, 12.92412], [77.52679, 12.92393], [77.52691, 12.92376]], [[77.52626, 12.92485], [77.52621, 12.92496], [77.52621, 12.92496], [77.52626, 12.92485], [77.52632, 12.92474], [77.52642, 12.92457], [77.52632, 12.92474], [77.52626, 12.92485]], [[77.52531, 12.92547], [77.52544, 12.92544], [77.5263, 12.92506], [77.52628, 12.92505], [77.5263, 12.92506], [77.52544, 12.92544], [77.52531, 12.92547]], [[77.51109, 12.90402], [77.51109, 12.90401], [77.51109, 12.90401], [77.51109, 12.90402]], [[77.50519, 12.92301], [77.50519, 12.92301], [77.5052, 12.92298], [77.50519, 12.92301]], [[77.50491, 12.92258], [77.50501, 12.92274], [77.50504, 12.92277], [77.50501, 12.92274], [77.50491, 12.92258], [77.50489, 12.92252], [77.50491, 12.92258]], [[77.50469, 12.92215], [77.50468, 12.92215], [77.50468, 12.92209], [77.50469, 12.92215]], [[77.50456, 12.92137], [77.50456, 12.92137], [77.50454, 12.92131], [77.50456, 12.92137]], [[77.50421, 12.92023], [77.50434, 12.92064], [77.50421, 12.92023], [77.50407, 12.91993], [77.50407, 12.91993], [77.50421, 12.92023]], [[77.50354, 12.91969], [77.50367, 12.91973], [77.50388, 12.91983], [77.50367, 12.91973], [77.50354, 12.91969], [77.50333, 12.91968], [77.50354, 12.91969]], [[77.50275, 12.91947], [77.50265, 12.91942], [77.50275, 12.91947], [77.50285, 12.91955], [77.50275, 12.91947]], [[77.50201, 12.91925], [77.50213, 12.91927], [77.50235, 12.9193], [77.50213, 12.91927], [77.50201, 12.91925], [77.50174, 12.91906], [77.50201, 12.91925]], [[77.50126, 12.91874], [77.50132, 12.91879], [77.50136, 12.91884], [77.50132, 12.91879], [77.50126, 12.91874], [77.50121, 12.9187], [77.50126, 12.91874]], [[77.50053, 12.91268], [77.50052, 12.91262], [77.50053, 12.91268], [77.50053, 12.91269], [77.50053, 12.91268]], [[77.50023, 12.91157], [77.50024, 12.91161], [77.50041, 12.91214], [77.50024, 12.91161], [77.50023, 12.91157], [77.50021, 12.91147], [77.50023, 12.91157]], [[77.49791, 12.90777], [77.49756, 12.90798], [77.49791, 12.90777], [77.49846, 12.90744], [77.49791, 12.90777]], [[77.49713, 12.90821], [77.49722, 12.90818], [77.49736, 12.9081], [77.49722, 12.90818], [77.49713, 12.90821], [77.49696, 12.90824], [77.49713, 12.90821]], [[77.49607, 12.90852], [77.49595, 12.90856], [77.49607, 12.90852], [77.49627, 12.90843], [77.49607, 12.90852]], [[77.49554, 12.90863], [77.49544, 12.90864], [77.49554, 12.90863], [77.49573, 12.9086], [77.49554, 12.90863]], [[77.49498, 12.9087], [77.49523, 12.90867], [77.49529, 12.90866], [77.49523, 12.90867], [77.49498, 12.9087], [77.49481, 12.90877], [77.49498, 12.9087]], [[77.49319, 12.90943], [77.49324, 12.90941], [77.49319, 12.90943], [77.49319, 12.90943]], [[77.49286, 12.90952], [77.49269, 12.90963], [77.49286, 12.90952], [77.49295, 12.90951], [77.49286, 12.90952]], [[77.49235, 12.90975], [77.49236, 12.90975], [77.49248, 12.90972], [77.49236, 12.90975], [77.49236, 12.90975], [77.49231, 12.90973], [77.49235, 12.90975]], [[77.49227, 12.9097], [77.49225, 12.90969], [77.49225, 12.90969], [77.49227, 12.9097]], [[77.49224, 12.90967], [77.4922, 12.9096], [77.49218, 12.90932], [77.49215, 12.90912], [77.49212, 12.90897], [77.49204, 12.90861], [77.49204, 12.90861], [77.49212, 12.90897], [77.49215, 12.90912], [77.49218, 12.90932], [77.4922, 12.9096], [77.49224, 12.90967]], [[77.4919, 12.90822], [77.49183, 12.90805], [77.4919, 12.90822], [77.49204, 12.90861], [77.4919, 12.90822]], [[77.49125, 12.90743], [77.49138, 12.90746], [77.49139, 12.90746], [77.49138, 12.90746], [77.49125, 12.90743], [77.49118, 12.90743], [77.49125, 12.90743]]], [[[77.54636, 12.86697], [77.54689, 12.86119], [77.54347, 12.86254], [77.54636, 12.86697]]], [[[77.52728, 13.02482], [77.52358, 13.02614], [77.52546, 13.02924], [77.529, 13.02784], [77.52728, 13.02482]]], [[[77.49374, 13.06759], [77.49661, 13.05877], [77.49339, 13.05149], [77.49325, 13.05118], [77.49672, 13.04165], [77.49085, 13.03463], [77.49711, 13.03239], [77.49929, 13.02395], [77.49579, 13.01785], [77.49043, 13.01863], [77.47758, 13.00944], [77.47165, 12.99017], [77.47838, 12.97799], [77.48012, 12.96226], [77.48506, 12.9654], [77.49072, 12.96434], [77.49334, 12.97045], [77.49735, 12.96887], [77.49755, 12.96159], [77.48668, 12.94695], [77.49242, 12.94561], [77.4898, 12.93801], [77.49587, 12.93796], [77.49656, 12.94779], [77.50686, 12.95734], [77.51187, 12.95612], [77.51184, 12.95606], [77.51181, 12.956], [77.51184, 12.95606], [77.51187, 12.95612], [77.51899, 12.95439], [77.52195, 12.9395], [77.51452, 12.94086], [77.51452, 12.94087], [77.51452, 12.94086], [77.51452, 12.94086], [77.49893, 12.92806], [77.49523, 12.92942], [77.49525, 12.92954], [77.4953, 12.92957], [77.49525, 12.92954], [77.49523, 12.92942], [77.49418, 12.9298], [77.49399, 12.93007], [77.49418, 12.9298], [77.48633, 12.93268], [77.47726, 12.91738], [77.47852, 12.90835], [77.48669, 12.89602], [77.48311, 12.8921], [77.48464, 12.88611], [77.49646, 12.87483], [77.50503, 12.87767], [77.51163, 12.86957], [77.51923, 12.87265], [77.52289, 12.87137], [77.52222, 12.87102], [77.52204, 12.87113], [77.52087, 12.87182], [77.52027, 12.87218], [77.51944, 12.87179], [77.51858, 12.87092], [77.51729, 12.8696], [77.51685, 12.86917], [77.51544, 12.86788], [77.51467, 12.86793], [77.51333, 12.8681], [77.5132, 12.86813], [77.51261, 12.86824], [77.51241, 12.86827], [77.51206, 12.86819], [77.51147, 12.86832], [77.51127, 12.86849], [77.51069, 12.869], [77.51027, 12.86895], [77.50948, 12.86996], [77.50846, 12.87097], [77.50819, 12.87141], [77.50779, 12.872], [77.50713, 12.87297], [77.50626, 12.87456], [77.50578, 12.8756], [77.50572, 12.87591], [77.50542, 12.87659], [77.50525, 12.87663], [77.5051, 12.87662], [77.50466, 12.87699], [77.50459, 12.87703], [77.50321, 12.87642], [77.50274, 12.87609], [77.50233, 12.87606], [77.50228, 12.87583], [77.50155, 12.87548], [77.50132, 12.87524], [77.50123, 12.87519], [77.5012, 12.87518], [77.50114, 12.87516], [77.50096, 12.87499], [77.50031, 12.87453], [77.50031, 12.8743], [77.49847, 12.87328], [77.49841, 12.87321], [77.49809, 12.87286], [77.49753, 12.87222], [77.49671, 12.87323], [77.49634, 12.87321], [77.49549, 12.87329], [77.49521, 12.8734], [77.49506, 12.87301], [77.49483, 12.87193], [77.49456, 12.87191], [77.49337, 12.8721], [77.49291, 12.87218], [77.49284, 12.87235], [77.49255, 12.87223], [77.49247, 12.87219], [77.49225, 12.87169], [77.48967, 12.87157], [77.48902, 12.87178], [77.48888, 12.87182], [77.48849, 12.87178], [77.48819, 12.87175], [77.48792, 12.87172], [77.48756, 12.87168], [77.48734, 12.87159], [77.48695, 12.87144], [77.48535, 12.87136], [77.48493, 12.8715], [77.48461, 12.8716], [77.48462, 12.87171], [77.48395, 12.8728], [77.48313, 12.8741], [77.48163, 12.87763], [77.48163, 12.87763], [77.48165, 12.87777], [77.48169, 12.878], [77.48108, 12.878], [77.48094, 12.878], [77.47509, 12.87959], [77.47496, 12.87978], [77.47482, 12.88005], [77.47484, 12.88017], [77.47541, 12.88114], [77.47565, 12.88131], [77.47607, 12.88161], [77.47618, 12.88168], [77.47653, 12.882], [77.47693, 12.88237], [77.47735, 12.88275], [77.47755, 12.88301], [77.47794, 12.88339], [77.47826, 12.88379], [77.47851, 12.88411], [77.47871, 12.88428], [77.4789, 12.88445], [77.47898, 12.88462], [77.47902, 12.88468], [77.47901, 12.88474], [77.47901, 12.88482], [77.47896, 12.88499], [77.47888, 12.88524], [77.4789, 12.8853], [77.4789, 12.88556], [77.47888, 12.88562], [77.47884, 12.8857], [77.4788, 12.88576], [77.47875, 12.88582], [77.47874, 12.8859], [77.47873, 12.88598], [77.47874, 12.88606], [77.47877, 12.88612], [77.47886, 12.88617], [77.47894, 12.88621], [77.47911, 12.88623], [77.47934, 12.88623], [77.4795, 12.88618], [77.47978, 12.88609], [77.48014, 12.88595], [77.48057, 12.88594], [77.4807, 12.88595], [77.48076, 12.88595], [77.48092, 12.88596], [77.48113, 12.88595], [77.48145, 12.8859], [77.48181, 12.88585], [77.48197, 12.88582], [77.48208, 12.88576], [77.48249, 12.88575], [77.48263, 12.88576], [77.48285, 12.88595], [77.48293, 12.88609], [77.48297, 12.88629], [77.48297, 12.8864], [77.48287, 12.88666], [77.48271, 12.8871], [77.48251, 12.88755], [77.48246, 12.88778], [77.48238, 12.88812], [77.48224, 12.88878], [77.48201, 12.8893], [77.48184, 12.88956], [77.48173, 12.88963], [77.48159, 12.88976], [77.4814, 12.88994], [77.48134, 12.89003], [77.48125, 12.89008], [77.48113, 12.89013], [77.48105, 12.89015], [77.481, 12.89015], [77.48079, 12.89015], [77.4807, 12.89012], [77.48056, 12.89008], [77.48047, 12.89003], [77.48034, 12.88998], [77.48022, 12.88989], [77.47999, 12.88976], [77.47968, 12.8897], [77.47955, 12.8897], [77.47942, 12.88971], [77.47931, 12.88979], [77.47927, 12.89], [77.47926, 12.89027], [77.47927, 12.89068], [77.47922, 12.89125], [77.47922, 12.89129], [77.47921, 12.89147], [77.4792, 12.89172], [77.4792, 12.89176], [77.4792, 12.89181], [77.47921, 12.89186], [77.4792, 12.89191], [77.47918, 12.89196], [77.47909, 12.89214], [77.47907, 12.89217], [77.47904, 12.8922], [77.47901, 12.89223], [77.47894, 12.89226], [77.4789, 12.89229], [77.47885, 12.89232], [77.47881, 12.89235], [77.47877, 12.89238], [77.47874, 12.8924], [77.4787, 12.89243], [77.47867, 12.89246], [77.47862, 12.89252], [77.47856, 12.89254], [77.47852, 12.89257], [77.47848, 12.89259], [77.47843, 12.89262], [77.47839, 12.89264], [77.47835, 12.89266], [77.47831, 12.89268], [77.47827, 12.8927], [77.47823, 12.89274], [77.47818, 12.89278], [77.47813, 12.89281], [77.4781, 12.89284], [77.47801, 12.89288], [77.47783, 12.89302], [77.47779, 12.89306], [77.47772, 12.89321], [77.47759, 12.89337], [77.4775, 12.89345], [77.47744, 12.89351], [77.4774, 12.89356], [77.4773, 12.8937], [77.47721, 12.89384], [77.47716, 12.89392], [77.47708, 12.89402], [77.47705, 12.89409], [77.47702, 12.89415], [77.47699, 12.89421], [77.47695, 12.89426], [77.47686, 12.89434], [77.47679, 12.89443], [77.47674, 12.89447], [77.47664, 12.8945], [77.47657, 12.89447], [77.47642, 12.89444], [77.47622, 12.89432], [77.47615, 12.89427], [77.47602, 12.89422], [77.47586, 12.8942], [77.47574, 12.89421], [77.47566, 12.89423], [77.47558, 12.89428], [77.47552, 12.89434], [77.47551, 12.89437], [77.47644, 12.89599], [77.47658, 12.89607], [77.47733, 12.8965], [77.47711, 12.89665], [77.47669, 12.897], [77.47544, 12.89766], [77.47517, 12.89785], [77.47469, 12.89813], [77.47411, 12.89831], [77.47336, 12.8984], [77.47247, 12.89695], [77.4724, 12.89682], [77.47131, 12.89548], [77.47022, 12.8941], [77.46958, 12.89249], [77.46938, 12.89192], [77.46878, 12.8899], [77.46877, 12.88985], [77.46816, 12.88878], [77.4678, 12.88932], [77.4668, 12.89055], [77.46586, 12.89181], [77.4658, 12.8919], [77.46504, 12.893], [77.46432, 12.89413], [77.46331, 12.8956], [77.46217, 12.89729], [77.46225, 12.89735], [77.46223, 12.89737], [77.4621, 12.89756], [77.46203, 12.89767], [77.46195, 12.89785], [77.46182, 12.89813], [77.46154, 12.89872], [77.46101, 12.89858], [77.46068, 12.89905], [77.46068, 12.89933], [77.46071, 12.90003], [77.46032, 12.90019], [77.46028, 12.90021], [77.4602, 12.90039], [77.46016, 12.90163], [77.46013, 12.90304], [77.46014, 12.90411], [77.46013, 12.90477], [77.46005, 12.90507], [77.46032, 12.90661], [77.46079, 12.90658], [77.46223, 12.90644], [77.46372, 12.90648], [77.46508, 12.90659], [77.46667, 12.90688], [77.46668, 12.90736], [77.46663, 12.90788], [77.46802, 12.91211], [77.46819, 12.91229], [77.4687, 12.91303], [77.46897, 12.91341], [77.46925, 12.91399], [77.46944, 12.91436], [77.47003, 12.91513], [77.47021, 12.91588], [77.47044, 12.91676], [77.47065, 12.9176], [77.47084, 12.91834], [77.4709, 12.91857], [77.4715, 12.92036], [77.47177, 12.92122], [77.47205, 12.92217], [77.4722, 12.92262], [77.47243, 12.92348], [77.47259, 12.9241], [77.47276, 12.92475], [77.4729, 12.92536], [77.47314, 12.92646], [77.47319, 12.92666], [77.47482, 12.92668], [77.47589, 12.9267], [77.4774, 12.92647], [77.47823, 12.92629], [77.4796, 12.92592], [77.47961, 12.92594], [77.47965, 12.92605], [77.47962, 12.92613], [77.47962, 12.92622], [77.4797, 12.92631], [77.47973, 12.9264], [77.47971, 12.92646], [77.47962, 12.92649], [77.48041, 12.92759], [77.48087, 12.92743], [77.48099, 12.92741], [77.48118, 12.92775], [77.48123, 12.92791], [77.48124, 12.928], [77.48134, 12.92807], [77.48146, 12.92813], [77.48165, 12.92838], [77.48183, 12.9288], [77.48192, 12.92891], [77.48204, 12.92895], [77.48222, 12.92895], [77.48232, 12.92896], [77.48252, 12.92927], [77.4826, 12.92951], [77.48267, 12.92973], [77.48287, 12.93014], [77.48297, 12.93032], [77.48312, 12.93044], [77.4832, 12.9306], [77.48323, 12.93069], [77.4832, 12.93088], [77.48308, 12.93107], [77.48302, 12.93117], [77.48298, 12.93119], [77.48309, 12.93135], [77.48322, 12.93135], [77.48332, 12.93134], [77.48347, 12.93156], [77.48347, 12.93184], [77.48332, 12.93212], [77.48323, 12.93222], [77.48332, 12.93279], [77.48335, 12.93282], [77.48339, 12.93287], [77.48348, 12.9329], [77.48353, 12.93292], [77.48357, 12.93325], [77.48356, 12.9333], [77.48352, 12.93342], [77.48363, 12.93364], [77.48362, 12.93394], [77.48365, 12.93398], [77.48371, 12.93408], [77.48378, 12.9342], [77.48381, 12.93424], [77.48382, 12.93433], [77.48393, 12.9349], [77.48404, 12.93527], [77.48412, 12.93581], [77.4841, 12.93587], [77.48413, 12.93616], [77.48404, 12.93624], [77.48416, 12.93648], [77.48414, 12.9366], [77.48415, 12.93671], [77.48418, 12.93689], [77.48418, 12.93689], [77.48384, 12.93696], [77.48307, 12.93707], [77.48247, 12.93715], [77.47532, 12.93944], [77.47519, 12.93955], [77.47502, 12.93969], [77.47496, 12.93974], [77.47474, 12.93991], [77.47446, 12.94002], [77.47388, 12.94022], [77.47363, 12.94024], [77.47325, 12.94033], [77.47372, 12.94114], [77.47378, 12.94127], [77.47398, 12.94166], [77.47423, 12.94212], [77.47432, 12.94234], [77.47454, 12.94297], [77.47474, 12.94342], [77.47481, 12.94398], [77.47484, 12.94424], [77.47492, 12.94465], [77.47493, 12.94473], [77.47507, 12.94547], [77.47516, 12.94568], [77.47536, 12.94638], [77.47554, 12.94699], [77.47582, 12.94763], [77.47628, 12.94882], [77.47613, 12.9489], [77.47578, 12.949], [77.47552, 12.94912], [77.47518, 12.94911], [77.47494, 12.94913], [77.47419, 12.9492], [77.4737, 12.94921], [77.47306, 12.94933], [77.47273, 12.94927], [77.47243, 12.94955], [77.47106, 12.94959], [77.47109, 12.95018], [77.4713, 12.95074], [77.47167, 12.95076], [77.47214, 12.95087], [77.47225, 12.95107], [77.47237, 12.95132], [77.47251, 12.9516], [77.47251, 12.95181], [77.47182, 12.95212], [77.47408, 12.95817], [77.47418, 12.95836], [77.47426, 12.95849], [77.47471, 12.95947], [77.47511, 12.9601], [77.47528, 12.96039], [77.47441, 12.96156], [77.47424, 12.96178], [77.47372, 12.96251], [77.47353, 12.96279], [77.47291, 12.96359], [77.47228, 12.96367], [77.47249, 12.96432], [77.4726, 12.96468], [77.473, 12.96587], [77.47318, 12.9664], [77.47349, 12.96699], [77.47327, 12.9671], [77.47393, 12.96812], [77.47414, 12.96851], [77.47453, 12.96921], [77.4748, 12.96959], [77.47502, 12.97004], [77.47503, 12.97032], [77.47504, 12.97071], [77.47507, 12.97159], [77.47507, 12.97173], [77.47508, 12.97221], [77.47509, 12.97294], [77.47508, 12.97297], [77.47508, 12.97299], [77.47496, 12.97376], [77.47492, 12.97398], [77.47486, 12.97435], [77.47484, 12.97567], [77.47454, 12.97779], [77.47443, 12.97862], [77.4743, 12.97959], [77.47427, 12.97978], [77.47404, 12.98062], [77.474, 12.98097], [77.47396, 12.98112], [77.47394, 12.98122], [77.47384, 12.98173], [77.47379, 12.98222], [77.47373, 12.98248], [77.47345, 12.98332], [77.47332, 12.98359], [77.47328, 12.98366], [77.47327, 12.98368], [77.47306, 12.984], [77.4723, 12.9848], [77.47226, 12.98485], [77.47169, 12.98512], [77.47086, 12.98572], [77.47037, 12.98599], [77.4698, 12.9863], [77.4693, 12.98645], [77.46855, 12.98697], [77.46868, 12.98722], [77.46911, 12.98802], [77.46931, 12.98841], [77.46993, 12.98963], [77.47, 12.98978], [77.47006, 12.98987], [77.47009, 12.98992], [77.47036, 12.99065], [77.47055, 12.99141], [77.47071, 12.9919], [77.47082, 12.99224], [77.4711, 12.9933], [77.47133, 12.99386], [77.47123, 12.99424], [77.47125, 12.9946], [77.4713, 12.9947], [77.47166, 12.99541], [77.47175, 12.99546], [77.47181, 12.99549], [77.47245, 12.99681], [77.47288, 12.99673], [77.47305, 12.99731], [77.47317, 12.99749], [77.47328, 12.99788], [77.47349, 12.9986], [77.47357, 12.99887], [77.4742, 12.99922], [77.47435, 12.99985], [77.47453, 13.0006], [77.47478, 13.00075], [77.47485, 13.00111], [77.47527, 13.00256], [77.47542, 13.00339], [77.47527, 13.00341], [77.47519, 13.00343], [77.47518, 13.004], [77.47517, 13.00437], [77.475, 13.00486], [77.47501, 13.00489], [77.47523, 13.0057], [77.47536, 13.00628], [77.4754, 13.00645], [77.47489, 13.00659], [77.47458, 13.00671], [77.47422, 13.00688], [77.47417, 13.00689], [77.47646, 13.01439], [77.47695, 13.01487], [77.47698, 13.01502], [77.47709, 13.01551], [77.47712, 13.01565], [77.47713, 13.01575], [77.47716, 13.01605], [77.47736, 13.01696], [77.47747, 13.0173], [77.47812, 13.01851], [77.47837, 13.01907], [77.47839, 13.0192], [77.47869, 13.02081], [77.47896, 13.02201], [77.47896, 13.02202], [77.47866, 13.0221], [77.47841, 13.02329], [77.47841, 13.02379], [77.47844, 13.02436], [77.47868, 13.02625], [77.47875, 13.02649], [77.47911, 13.02771], [77.47961, 13.02927], [77.47903, 13.02977], [77.47848, 13.03022], [77.47819, 13.03049], [77.47786, 13.03076], [77.47765, 13.03093], [77.47729, 13.03117], [77.47702, 13.03147], [77.47694, 13.03154], [77.47722, 13.03207], [77.47765, 13.03287], [77.47789, 13.03333], [77.47824, 13.03398], [77.47827, 13.03403], [77.47852, 13.03445], [77.47874, 13.03483], [77.47884, 13.03507], [77.47939, 13.03541], [77.4799, 13.03572], [77.47996, 13.03624], [77.48, 13.03662], [77.48002, 13.037], [77.48187, 13.03976], [77.48217, 13.03988], [77.48257, 13.04058], [77.48222, 13.04083], [77.48192, 13.04109], [77.48191, 13.0411], [77.48147, 13.04242], [77.48146, 13.04273], [77.48135, 13.04291], [77.4813, 13.04294], [77.47984, 13.04739], [77.47987, 13.04749], [77.48, 13.04794], [77.48002, 13.0481], [77.4855, 13.0469], [77.48611, 13.04665], [77.48621, 13.04659], [77.48624, 13.04657], [77.48751, 13.04625], [77.48772, 13.0462], [77.48894, 13.04586], [77.48912, 13.04581], [77.48927, 13.04576], [77.4897, 13.04562], [77.49047, 13.04526], [77.49099, 13.04507], [77.49173, 13.04727], [77.49203, 13.04809], [77.4921, 13.04892], [77.49217, 13.05019], [77.49218, 13.05037], [77.4922, 13.05065], [77.49221, 13.05068], [77.49247, 13.05157], [77.49248, 13.05219], [77.49248, 13.05245], [77.49246, 13.05278], [77.49242, 13.05335], [77.49234, 13.05462], [77.49222, 13.05483], [77.49161, 13.05586], [77.49189, 13.05971], [77.49197, 13.05993], [77.49198, 13.05994], [77.49201, 13.06003], [77.49231, 13.06086], [77.4926, 13.06166], [77.49266, 13.06183], [77.49272, 13.06213], [77.49306, 13.06212], [77.49299, 13.06258], [77.49298, 13.06261], [77.4929, 13.0629], [77.49285, 13.06338], [77.49276, 13.06378], [77.49274, 13.06551], [77.49273, 13.06662], [77.4928, 13.06775], [77.49283, 13.06819], [77.49294, 13.06992], [77.49303, 13.0711], [77.49304, 13.07122], [77.49311, 13.07209], [77.49414, 13.07204], [77.49507, 13.07199], [77.49605, 13.07195], [77.49721, 13.07195], [77.49757, 13.07196], [77.49859, 13.07197], [77.49924, 13.07196], [77.49932, 13.07194], [77.49374, 13.06759]], [[77.51699, 12.94439], [77.51698, 12.9443], [77.51694, 12.94423], [77.51698, 12.9443], [77.51699, 12.94439], [77.517, 12.94444], [77.51699, 12.94439]], [[77.51698, 12.94461], [77.51694, 12.94468], [77.51698, 12.94461], [77.517, 12.94455], [77.51698, 12.94461]], [[77.5169, 12.94414], [77.5168, 12.94407], [77.5166, 12.9441], [77.5168, 12.94407], [77.51687, 12.94412], [77.5169, 12.94414], [77.51694, 12.94422], [77.5169, 12.94414]], [[77.51677, 12.94494], [77.5167, 12.94498], [77.51677, 12.94494], [77.51678, 12.94492], [77.51677, 12.94494]], [[77.51639, 12.94411], [77.51644, 12.94409], [77.5166, 12.9441], [77.5166, 12.9441], [77.51644, 12.94409], [77.51639, 12.94411], [77.51639, 12.94411]], [[77.51635, 12.94522], [77.51631, 12.94525], [77.51635, 12.94522], [77.51635, 12.94522], [77.51635, 12.94522]], [[77.51603, 12.94384], [77.51604, 12.94388], [77.51614, 12.94398], [77.51622, 12.94406], [77.51614, 12.94398], [77.51604, 12.94388], [77.51603, 12.94384]], [[77.51606, 12.94549], [77.51598, 12.94558], [77.51606, 12.94549], [77.51612, 12.94543], [77.51606, 12.94549]], [[77.51589, 12.94338], [77.51588, 12.94331], [77.51589, 12.94323], [77.51588, 12.9433], [77.51589, 12.94338]], [[77.51586, 12.9427], [77.51586, 12.94276], [77.51585, 12.94286], [77.51587, 12.94301], [77.51585, 12.94286], [77.51586, 12.94276], [77.51586, 12.9427]], [[77.51577, 12.94248], [77.51572, 12.94237], [77.51571, 12.94236], [77.51572, 12.94237], [77.51577, 12.94248], [77.51583, 12.94257], [77.51584, 12.94259], [77.51583, 12.94257], [77.51577, 12.94248]], [[77.51561, 12.94217], [77.51562, 12.94217], [77.51562, 12.94217], [77.51561, 12.94217]], [[77.51538, 12.94207], [77.51544, 12.9421], [77.51547, 12.94211], [77.51551, 12.94213], [77.51547, 12.94211], [77.51538, 12.94207], [77.51528, 12.94207], [77.51511, 12.94209], [77.51501, 12.94207], [77.51495, 12.94205], [77.5149, 12.94207], [77.51487, 12.94209], [77.5149, 12.94207], [77.51495, 12.94205], [77.51501, 12.94207], [77.51511, 12.94209], [77.51528, 12.94207], [77.51538, 12.94207]], [[77.51513, 12.94668], [77.5151, 12.94671], [77.51513, 12.94668], [77.51514, 12.94667], [77.51513, 12.94668]], [[77.51501, 12.94683], [77.51498, 12.94683], [77.51501, 12.94682], [77.51502, 12.94681], [77.51501, 12.94683]], [[77.51491, 12.94686], [77.51489, 12.94689], [77.51481, 12.94698], [77.51481, 12.94698], [77.51489, 12.94688], [77.51491, 12.94686]], [[77.5147, 12.94703], [77.51466, 12.94704], [77.5147, 12.94703], [77.51478, 12.94699], [77.5147, 12.94703]], [[77.51466, 12.94124], [77.51468, 12.94127], [77.51472, 12.94132], [77.51472, 12.94138], [77.51472, 12.94132], [77.51468, 12.94127], [77.51466, 12.94124]], [[77.51464, 12.94184], [77.51466, 12.94172], [77.5147, 12.94164], [77.51471, 12.94154], [77.51471, 12.94152], [77.51471, 12.94154], [77.5147, 12.94164], [77.51466, 12.94172], [77.51464, 12.94184], [77.51465, 12.94201], [77.51464, 12.94184]], [[77.51464, 12.94115], [77.51463, 12.9411], [77.51463, 12.94107], [77.51463, 12.9411], [77.51464, 12.94115]], [[77.51442, 12.94716], [77.51434, 12.9472], [77.51442, 12.94716], [77.51445, 12.94713], [77.51442, 12.94716]], [[77.51383, 12.94744], [77.51376, 12.94747], [77.51383, 12.94744], [77.51393, 12.94741], [77.51402, 12.94735], [77.51412, 12.94729], [77.51402, 12.94735], [77.51393, 12.94741], [77.51383, 12.94744]], [[77.51327, 12.94766], [77.5132, 12.94771], [77.51327, 12.94765], [77.51339, 12.94765], [77.51347, 12.9476], [77.51347, 12.9476], [77.51339, 12.94765], [77.51327, 12.94766]], [[77.51319, 12.94771], [77.51319, 12.94771], [77.51314, 12.94771], [77.51312, 12.94774], [77.51314, 12.94771], [77.51319, 12.94771]], [[77.51287, 12.94783], [77.51277, 12.94788], [77.51287, 12.94783], [77.51295, 12.94781], [77.51287, 12.94783]], [[77.51283, 12.94842], [77.51284, 12.94832], [77.5128, 12.94826], [77.51284, 12.94832], [77.51283, 12.94842], [77.51277, 12.94854], [77.51283, 12.94842]], [[77.51274, 12.94814], [77.51274, 12.94814], [77.51275, 12.94816], [77.51274, 12.94814]], [[77.51272, 12.94791], [77.51272, 12.94791], [77.51271, 12.94794], [77.51272, 12.94791]], [[77.51213, 12.95476], [77.51215, 12.9549], [77.51215, 12.95504], [77.51211, 12.95504], [77.51215, 12.95504], [77.51215, 12.9549], [77.51213, 12.95476], [77.51219, 12.95466], [77.51218, 12.95465], [77.51219, 12.95466], [77.51213, 12.95476]], [[77.51194, 12.95514], [77.5119, 12.95523], [77.51194, 12.95514], [77.51197, 12.95511], [77.51194, 12.95514]], [[77.51184, 12.95535], [77.51178, 12.95545], [77.51184, 12.95534], [77.51186, 12.95531], [77.51184, 12.95535]], [[77.51183, 12.94928], [77.51181, 12.94929], [77.51183, 12.94928], [77.51185, 12.94926], [77.51183, 12.94928]], [[77.5117, 12.94936], [77.51154, 12.94952], [77.51145, 12.94966], [77.51142, 12.9497], [77.51145, 12.94966], [77.51154, 12.94952], [77.5117, 12.94936], [77.51176, 12.94932], [77.51178, 12.94931], [77.51176, 12.94932], [77.5117, 12.94936]], [[77.51174, 12.95579], [77.51174, 12.95579], [77.51174, 12.9558], [77.51174, 12.95579]], [[77.51154, 12.95394], [77.51154, 12.95394], [77.51169, 12.95411], [77.51171, 12.95412], [77.51169, 12.95411], [77.51154, 12.95394]], [[77.51143, 12.95388], [77.5115, 12.95392], [77.51143, 12.95388], [77.51138, 12.95386], [77.51143, 12.95388]], [[77.51144, 12.95195], [77.51136, 12.9522], [77.51144, 12.95195], [77.51146, 12.9518], [77.51144, 12.95195]], [[77.51137, 12.95156], [77.51137, 12.95147], [77.51135, 12.95145], [77.51137, 12.95147], [77.51137, 12.95156], [77.5114, 12.95158], [77.51137, 12.95156]], [[77.51131, 12.94981], [77.51127, 12.94982], [77.51131, 12.94981], [77.51139, 12.94975], [77.51131, 12.94981]], [[77.51136, 12.95221], [77.51136, 12.95221], [77.51125, 12.95243], [77.51124, 12.95248], [77.51126, 12.95243], [77.51136, 12.95221]], [[77.5113, 12.95137], [77.51133, 12.95142], [77.5113, 12.95137], [77.5113, 12.95135], [77.5113, 12.95137]], [[77.51124, 12.95128], [77.51127, 12.9513], [77.51124, 12.95128], [77.51121, 12.95124], [77.51124, 12.95128]], [[77.51119, 12.95274], [77.51118, 12.9528], [77.51119, 12.95274], [77.51121, 12.95262], [77.51119, 12.95274]], [[77.51119, 12.95334], [77.51118, 12.95325], [77.51118, 12.95315], [77.51118, 12.95325], [77.51119, 12.95334], [77.51119, 12.9534], [77.51119, 12.95334]], [[77.51113, 12.95108], [77.51115, 12.95112], [77.51113, 12.95108], [77.51112, 12.95103], [77.51113, 12.95108]], [[77.51108, 12.95083], [77.51109, 12.95087], [77.51108, 12.95083], [77.51108, 12.9507], [77.51107, 12.95049], [77.51105, 12.95038], [77.51107, 12.95049], [77.51108, 12.9507], [77.51108, 12.95083]], [[77.50008, 12.93537], [77.49971, 12.93549], [77.49941, 12.93559], [77.49971, 12.93549], [77.50008, 12.93537], [77.49993, 12.93453], [77.49986, 12.93417], [77.49993, 12.93453], [77.50008, 12.93537]], [[77.49976, 12.93371], [77.49983, 12.93405], [77.49976, 12.93371], [77.49955, 12.93245], [77.49938, 12.93188], [77.49938, 12.93187], [77.49955, 12.93245], [77.49976, 12.93371]], [[77.49968, 12.93803], [77.49968, 12.93803], [77.49953, 12.93814], [77.49949, 12.93824], [77.4994, 12.93841], [77.49934, 12.93846], [77.49824, 12.93923], [77.49799, 12.9394], [77.49824, 12.93923], [77.49934, 12.93846], [77.4994, 12.93841], [77.49948, 12.93824], [77.49953, 12.93814], [77.49968, 12.93803]], [[77.49965, 12.94456], [77.49948, 12.94379], [77.49942, 12.94381], [77.49942, 12.94381], [77.49948, 12.94379], [77.49965, 12.94456], [77.49965, 12.94456]], [[77.49947, 12.94614], [77.49951, 12.94631], [77.49953, 12.94638], [77.49951, 12.94631], [77.49947, 12.94614]], [[77.49936, 12.93188], [77.49936, 12.93188], [77.49935, 12.93187], [77.49936, 12.93188]], [[77.49926, 12.93624], [77.49914, 12.93571], [77.49914, 12.93571], [77.49926, 12.93623], [77.49931, 12.93645], [77.49926, 12.93624]], [[77.49922, 12.9312], [77.49923, 12.93127], [77.4993, 12.9316], [77.49923, 12.93127], [77.49922, 12.9312]], [[77.49918, 12.93101], [77.49918, 12.931], [77.49916, 12.93087], [77.49915, 12.93081], [77.49916, 12.93087], [77.49918, 12.931], [77.49918, 12.93101]], [[77.49863, 12.93091], [77.49883, 12.93087], [77.49914, 12.9308], [77.49914, 12.9308], [77.49883, 12.93087], [77.49862, 12.93091], [77.49806, 12.93105], [77.49776, 12.93112], [77.49806, 12.93105], [77.49863, 12.93091]], [[77.4989, 12.94663], [77.49895, 12.94662], [77.4989, 12.94663], [77.4989, 12.94663]], [[77.4989, 12.94663], [77.49891, 12.94665], [77.49891, 12.94666], [77.49891, 12.94665], [77.4989, 12.94663]], [[77.49887, 12.94669], [77.49884, 12.9467], [77.49874, 12.94672], [77.49884, 12.9467], [77.49887, 12.94669]], [[77.49853, 12.94682], [77.49851, 12.94682], [77.49846, 12.94683], [77.49818, 12.94687], [77.49846, 12.94683], [77.49851, 12.94682], [77.49853, 12.94682], [77.49854, 12.94676], [77.49854, 12.94676], [77.49853, 12.94682]], [[77.49794, 12.93943], [77.49745, 12.93977], [77.49741, 12.9398], [77.49745, 12.93977], [77.49794, 12.93943]], [[77.49773, 12.94692], [77.49773, 12.94693], [77.49773, 12.94693], [77.49773, 12.94692], [77.49735, 12.94696], [77.49773, 12.94692]], [[77.49758, 12.94093], [77.49758, 12.94093], [77.49761, 12.941], [77.49759, 12.94094], [77.49758, 12.94093]], [[77.49744, 12.94064], [77.49746, 12.94068], [77.49749, 12.94073], [77.49746, 12.94068], [77.49744, 12.94064]], [[77.4972, 12.93994], [77.49719, 12.94], [77.49719, 12.94005], [77.49728, 12.94026], [77.49728, 12.94027], [77.49728, 12.94026], [77.49719, 12.94005], [77.49719, 12.94], [77.4972, 12.93994], [77.49723, 12.93993], [77.4972, 12.93994]], [[77.49716, 12.93127], [77.49672, 12.93138], [77.49672, 12.93137], [77.49716, 12.93127], [77.49716, 12.93127], [77.49716, 12.93127]], [[77.49692, 12.94792], [77.49693, 12.94794], [77.49692, 12.94792], [77.49691, 12.94788], [77.49692, 12.94792]], [[77.49669, 12.93138], [77.49672, 12.93135], [77.49672, 12.93136], [77.49672, 12.93135], [77.49669, 12.93138]], [[77.49666, 12.94721], [77.49656, 12.94706], [77.49666, 12.94721], [77.49667, 12.94721], [77.49666, 12.94721]], [[77.49575, 12.92973], [77.49576, 12.92976], [77.49575, 12.92973], [77.49543, 12.92981], [77.49543, 12.92974], [77.49543, 12.92981], [77.49575, 12.92973]], [[77.49292, 12.93173], [77.4931, 12.93149], [77.49348, 12.93089], [77.49359, 12.93066], [77.4936, 12.93065], [77.49359, 12.93066], [77.49348, 12.93089], [77.4931, 12.93149], [77.49292, 12.93173]], [[77.49243, 12.93191], [77.49255, 12.93191], [77.4928, 12.93188], [77.4928, 12.93188], [77.49255, 12.93191], [77.49243, 12.93191], [77.49229, 12.93192], [77.49243, 12.93191]], [[77.49151, 12.932], [77.49186, 12.93194], [77.49192, 12.93194], [77.49186, 12.93194], [77.49151, 12.932]], [[77.49137, 12.93339], [77.49138, 12.93335], [77.49139, 12.9333], [77.49138, 12.93335], [77.49137, 12.93339]], [[77.49136, 12.93255], [77.49136, 12.93205], [77.49137, 12.93203], [77.49137, 12.93203], [77.49136, 12.93205], [77.49136, 12.93255], [77.49137, 12.93274], [77.49136, 12.93255]], [[77.49136, 12.93345], [77.49136, 12.93345], [77.49129, 12.93333], [77.49122, 12.93324], [77.49107, 12.93304], [77.49105, 12.93301], [77.49098, 12.93291], [77.49094, 12.93285], [77.49086, 12.93275], [77.49081, 12.93269], [77.49086, 12.93275], [77.49094, 12.93285], [77.49098, 12.93291], [77.49105, 12.93301], [77.49107, 12.93304], [77.49122, 12.93324], [77.49129, 12.93333], [77.49136, 12.93345]], [[77.4904, 12.9323], [77.49046, 12.9323], [77.49051, 12.93232], [77.49051, 12.93232], [77.49046, 12.9323], [77.4904, 12.9323], [77.49039, 12.9323], [77.4904, 12.9323]], [[77.49005, 12.9324], [77.49023, 12.93233], [77.49029, 12.9323], [77.49033, 12.9323], [77.49034, 12.9323], [77.49033, 12.9323], [77.49029, 12.93231], [77.49023, 12.93233], [77.49005, 12.9324]], [[77.48933, 12.93263], [77.48938, 12.93261], [77.48945, 12.93259], [77.48939, 12.93261], [77.48933, 12.93263]], [[77.48899, 12.93272], [77.48911, 12.93269], [77.48899, 12.93272], [77.48894, 12.93273], [77.48892, 12.93274], [77.48895, 12.93273], [77.48899, 12.93272]], [[77.48879, 12.93277], [77.48887, 12.93275], [77.48879, 12.93277], [77.48842, 12.93285], [77.48841, 12.93285], [77.48842, 12.93285], [77.48879, 12.93277]], [[77.48838, 12.93285], [77.48839, 12.93285], [77.48838, 12.93286], [77.48835, 12.93285], [77.48833, 12.93285], [77.48835, 12.93285], [77.48838, 12.93285]], [[77.48822, 12.93284], [77.48823, 12.93284], [77.48822, 12.93284], [77.48817, 12.93282], [77.48814, 12.93281], [77.48811, 12.93279], [77.48808, 12.93277], [77.48806, 12.93275], [77.48805, 12.93275], [77.48806, 12.93275], [77.48808, 12.93277], [77.48811, 12.93279], [77.48814, 12.93281], [77.48817, 12.93282], [77.48822, 12.93284]], [[77.48799, 12.93268], [77.48799, 12.93268], [77.48799, 12.93268], [77.48798, 12.93268], [77.48799, 12.93268]], [[77.48794, 12.93259], [77.48794, 12.9326], [77.48794, 12.93259], [77.48793, 12.93258], [77.48794, 12.93259]], [[77.4879, 12.93253], [77.4879, 12.93253], [77.4879, 12.93253], [77.4879, 12.93253]]], [[[77.52391, 12.9815], [77.52337, 12.97861], [77.51521, 12.98082], [77.51569, 12.98543], [77.52391, 12.9815]]], [[[77.52164, 12.99229], [77.51147, 12.98297], [77.51143, 13.00044], [77.51827, 13.00328], [77.52164, 12.99229]]], [[[77.51457, 13.06249], [77.51329, 13.06131], [77.51292, 13.06284], [77.51457, 13.06249]]], [[[77.51342, 13.00715], [77.50828, 13.00801], [77.50826, 13.00845], [77.51219, 13.01195], [77.51342, 13.00715]]], [[[77.50011, 12.97218], [77.50249, 12.96846], [77.49762, 12.96885], [77.50011, 12.97218]]]]}}]}