{"type": "FeatureCollection", "features": [{"type": "Feature", "properties": {"name": "Atturu", "lowPct": 59.1, "modPct": 29.8, "highPct": 11.0, "meanStress": 1.519, "dominant": "Low", "infra": "Recharge Wells"}, "geometry": {"type": "Polygon", "coordinates": [[[77.56007, 13.088], [77.56307, 13.08619], [77.56033, 13.08402], [77.55891, 13.08496], [77.55872, 13.08472], [77.55561, 13.08606], [77.55207, 13.08438], [77.5501, 13.08216], [77.54901, 13.08206], [77.5486, 13.0817], [77.54723, 13.08194], [77.5475, 13.08322], [77.54639, 13.08339], [77.54643, 13.08355], [77.54519, 13.08353], [77.54526, 13.08527], [77.54243, 13.08794], [77.54078, 13.09007], [77.54077, 13.09188], [77.5422, 13.09429], [77.5424, 13.09566], [77.54443, 13.10079], [77.54424, 13.1008], [77.54423, 13.10132], [77.55079, 13.10095], [77.55616, 13.10023], [77.55655, 13.10071], [77.55733, 13.10042], [77.55746, 13.10073], [77.55713, 13.10087], [77.5573, 13.10117], [77.55936, 13.10339], [77.55892, 13.10334], [77.55903, 13.10434], [77.5611, 13.10837], [77.56096, 13.10892], [77.56005, 13.10931], [77.56031, 13.11115], [77.56013, 13.11174], [77.55981, 13.11179], [77.55968, 13.11211], [77.55981, 13.1124], [77.56009, 13.11236], [77.56106, 13.11378], [77.56168, 13.11394], [77.56269, 13.11635], [77.56339, 13.12094], [77.56551, 13.12595], [77.56957, 13.125], [77.57085, 13.13101], [77.57586, 13.12221], [77.57941, 13.11383], [77.57965, 13.11185], [77.58076, 13.10843], [77.57973, 13.10833], [77.57971, 13.10861], [77.57881, 13.10906], [77.57611, 13.10911], [77.57597, 13.1078], [77.57356, 13.10852], [77.57334, 13.10786], [77.57094, 13.10783], [77.56993, 13.10375], [77.56999, 13.10085], [77.56691, 13.10066], [77.56709, 13.09783], [77.56433, 13.09758], [77.56285, 13.09778], [77.56151, 13.0952], [77.56007, 13.088]]]}}, {"type": "Feature", "properties": {"name": "Chikkasandra", "lowPct": 16.6, "modPct": 33.7, "highPct": 49.7, "meanStress": 2.331, "dominant": "High", "infra": "Community Water Storage Tanks"}, "geometry": {"type": "Polygon", "coordinates": [[[77.5, 13.05821], [77.49835, 13.0571], [77.49645, 13.05715], [77.49522, 13.05797], [77.49383, 13.05855], [77.49201, 13.06003], [77.49272, 13.06213], [77.49306, 13.06212], [77.49276, 13.06378], [77.49273, 13.06662], [77.49311, 13.07209], [77.49945, 13.07189], [77.50143, 13.07284], [77.50271, 13.07465], [77.50411, 13.07539], [77.50462, 13.07621], [77.51077, 13.06985], [77.51239, 13.0689], [77.51581, 13.06758], [77.5158, 13.06625], [77.51655, 13.06516], [77.5179, 13.06471], [77.51792, 13.06299], [77.52007, 13.06029], [77.52015, 13.05917], [77.51973, 13.05911], [77.5182, 13.06019], [77.51398, 13.0612], [77.51205, 13.05984], [77.51144, 13.05996], [77.51119, 13.0588], [77.50791, 13.05949], [77.50941, 13.05716], [77.50725, 13.05681], [77.5073, 13.05665], [77.50617, 13.05639], [77.50226, 13.05707], [77.50235, 13.05758], [77.50177, 13.05769], [77.5018, 13.05799], [77.5, 13.05821]]]}}, {"type": "Feature", "properties": {"name": "Kammagondanahalli", "lowPct": 57.3, "modPct": 40.2, "highPct": 2.6, "meanStress": 1.453, "dominant": "Low", "infra": "Recharge Wells"}, "geometry": {"type": "Polygon", "coordinates": [[[77.52801, 13.06276], [77.51239, 13.0689], [77.51122, 13.06954], [77.51, 13.07051], [77.50462, 13.07621], [77.50601, 13.07742], [77.5069, 13.07789], [77.50861, 13.07772], [77.50896, 13.07798], [77.50957, 13.07685], [77.51131, 13.07558], [77.51146, 13.07582], [77.51429, 13.07516], [77.51444, 13.07536], [77.51797, 13.07425], [77.51826, 13.0755], [77.51821, 13.0767], [77.51898, 13.07967], [77.51942, 13.07936], [77.52088, 13.07915], [77.52128, 13.08041], [77.52207, 13.08035], [77.52285, 13.08096], [77.52322, 13.08092], [77.52359, 13.08287], [77.52345, 13.08811], [77.52378, 13.09307], [77.53439, 13.09214], [77.53545, 13.09017], [77.54072, 13.08997], [77.53909, 13.08701], [77.53795, 13.08576], [77.53688, 13.08379], [77.53507, 13.0838], [77.53172, 13.08307], [77.53084, 13.08281], [77.52995, 13.08213], [77.52942, 13.07902], [77.52953, 13.07877], [77.5303, 13.0786], [77.53041, 13.0779], [77.53078, 13.07787], [77.53096, 13.0763], [77.53112, 13.07586], [77.53152, 13.07561], [77.53125, 13.07392], [77.53138, 13.07319], [77.53183, 13.07248], [77.53098, 13.06977], [77.53212, 13.06905], [77.53396, 13.06732], [77.53394, 13.06603], [77.53473, 13.06374], [77.5352, 13.06325], [77.53385, 13.06005], [77.53547, 13.05767], [77.53491, 13.05753], [77.53523, 13.05662], [77.5351, 13.05593], [77.5353, 13.05483], [77.53295, 13.05483], [77.53199, 13.05832], [77.53137, 13.05968], [77.53021, 13.06113], [77.52801, 13.06276]]]}}, {"type": "Feature", "properties": {"name": "Mallasandra", "lowPct": 17.8, "modPct": 58.1, "highPct": 24.1, "meanStress": 2.063, "dominant": "Moderate", "infra": "Recharge Wells"}, "geometry": {"type": "Polygon", "coordinates": [[[77.51447, 13.04761], [77.51157, 13.04871], [77.51179, 13.04922], [77.51148, 13.04926], [77.51239, 13.05289], [77.51142, 13.05378], [77.50791, 13.05949], [77.51119, 13.0588], [77.51144, 13.05996], [77.51194, 13.05979], [77.51424, 13.06123], [77.51782, 13.06033], [77.51961, 13.05917], [77.52013, 13.05914], [77.52007, 13.06029], [77.51792, 13.06299], [77.5179, 13.06471], [77.51655, 13.06516], [77.5158, 13.06625], [77.51581, 13.06758], [77.52801, 13.06276], [77.52976, 13.06155], [77.53137, 13.05968], [77.53221, 13.05775], [77.53295, 13.05483], [77.53142, 13.05452], [77.53053, 13.05315], [77.52881, 13.05187], [77.52684, 13.05114], [77.52397, 13.04917], [77.5222, 13.04591], [77.51831, 13.04864], [77.5172, 13.04736], [77.51613, 13.04703], [77.51587, 13.04792], [77.51467, 13.04829], [77.51447, 13.04761]]]}}, {"type": "Feature", "properties": {"name": "Bagalakunte", "lowPct": 9.7, "modPct": 13.6, "highPct": 76.8, "meanStress": 2.671, "dominant": "High", "infra": "Community Water Storage Tanks"}, "geometry": {"type": "Polygon", "coordinates": [[[77.49729, 13.05061], [77.49247, 13.05157], [77.49234, 13.05462], [77.491, 13.05697], [77.49201, 13.06003], [77.49383, 13.05855], [77.49647, 13.05714], [77.49866, 13.05718], [77.5, 13.05821], [77.5018, 13.05799], [77.50177, 13.05769], [77.50235, 13.05758], [77.50226, 13.05707], [77.5059, 13.05639], [77.50935, 13.05713], [77.51148, 13.05369], [77.51239, 13.05289], [77.51183, 13.05062], [77.50781, 13.05158], [77.50766, 13.05122], [77.50695, 13.0512], [77.50607, 13.0487], [77.5047, 13.04901], [77.50453, 13.04837], [77.50174, 13.04903], [77.50116, 13.04738], [77.49665, 13.04896], [77.49729, 13.05061]]]}}, {"type": "Feature", "properties": {"name": "T Dasarahalli", "lowPct": 0.0, "modPct": 0.0, "highPct": 100.0, "meanStress": 3.0, "dominant": "High", "infra": "Community Water Storage Tanks"}, "geometry": {"type": "Polygon", "coordinates": [[[77.51042, 13.04401], [77.50842, 13.04506], [77.50116, 13.04738], [77.50174, 13.04903], [77.50453, 13.04837], [77.50471, 13.04901], [77.50607, 13.0487], [77.50695, 13.0512], [77.50766, 13.05122], [77.50781, 13.05158], [77.51161, 13.05077], [77.51181, 13.05062], [77.51148, 13.04926], [77.51179, 13.04922], [77.51157, 13.04871], [77.51313, 13.04807], [77.51447, 13.04761], [77.51467, 13.04829], [77.51587, 13.04792], [77.51613, 13.04703], [77.5172, 13.04736], [77.51831, 13.04864], [77.5222, 13.04591], [77.51844, 13.03989], [77.51628, 13.04179], [77.51042, 13.04401]]]}}, {"type": "Feature", "properties": {"name": "Peenya", "lowPct": 16.2, "modPct": 75.2, "highPct": 8.6, "meanStress": 1.923, "dominant": "Moderate", "infra": "Community Water Storage Tanks"}, "geometry": {"type": "Polygon", "coordinates": [[[77.52183, 13.02362], [77.51788, 13.03313], [77.51784, 13.03388], [77.51833, 13.03612], [77.51828, 13.03897], [77.5185, 13.04015], [77.52219, 13.0459], [77.53121, 13.0396], [77.53293, 13.03812], [77.54075, 13.0325], [77.54195, 13.03831], [77.54295, 13.03929], [77.54484, 13.03698], [77.54769, 13.03148], [77.55058, 13.02507], [77.55128, 13.02531], [77.55155, 13.02477], [77.55239, 13.02408], [77.55415, 13.02408], [77.55422, 13.02389], [77.55506, 13.0241], [77.55628, 13.0251], [77.55669, 13.0247], [77.55748, 13.02489], [77.55549, 13.01984], [77.55434, 13.01982], [77.55389, 13.01919], [77.55586, 13.01581], [77.5542, 13.0152], [77.55402, 13.01488], [77.5541, 13.01566], [77.55387, 13.0159], [77.55338, 13.01848], [77.55206, 13.0213], [77.55105, 13.0226], [77.54848, 13.02396], [77.54148, 13.02805], [77.53721, 13.03042], [77.53411, 13.02499], [77.53108, 13.02669], [77.52846, 13.021], [77.5235, 13.02267], [77.52183, 13.02362]], [[77.54075, 13.0325], [77.54075, 13.03249], [77.5407, 13.03226], [77.54075, 13.0325]]]}}, {"type": "Feature", "properties": {"name": "Nalagadarenahalli", "lowPct": 0.0, "modPct": 17.3, "highPct": 82.7, "meanStress": 2.827, "dominant": "High", "infra": "Community Water Storage Tanks"}, "geometry": {"type": "Polygon", "coordinates": [[[77.50358, 13.03159], [77.49632, 13.02825], [77.49728, 13.03179], [77.49819, 13.03266], [77.4993, 13.035], [77.49823, 13.0353], [77.49834, 13.03606], [77.49816, 13.03608], [77.49826, 13.03646], [77.49794, 13.03652], [77.49805, 13.03716], [77.49753, 13.03725], [77.49738, 13.03793], [77.49686, 13.03799], [77.49615, 13.03947], [77.49629, 13.04181], [77.49803, 13.04223], [77.49807, 13.04265], [77.49801, 13.04391], [77.49575, 13.04446], [77.49618, 13.04618], [77.49635, 13.04906], [77.50842, 13.04506], [77.51162, 13.04341], [77.51466, 13.04239], [77.51273, 13.03394], [77.51291, 13.03147], [77.51051, 13.03201], [77.51026, 13.02996], [77.50545, 13.0313], [77.50358, 13.03159]]]}}, {"type": "Feature", "properties": {"name": "Chokkasandra", "lowPct": 0.0, "modPct": 14.7, "highPct": 85.3, "meanStress": 2.853, "dominant": "High", "infra": "Community Water Storage Tanks"}, "geometry": {"type": "Polygon", "coordinates": [[[77.51459, 13.02645], [77.51539, 13.0308], [77.5129, 13.03142], [77.51267, 13.03343], [77.51309, 13.036], [77.51466, 13.04239], [77.51656, 13.04163], [77.51844, 13.03989], [77.51833, 13.03612], [77.51784, 13.03388], [77.51788, 13.03313], [77.52148, 13.02407], [77.52183, 13.02362], [77.5235, 13.02267], [77.52679, 13.02152], [77.52199, 13.01824], [77.5222, 13.01585], [77.523, 13.01289], [77.5214, 13.01246], [77.52122, 13.01264], [77.51991, 13.01256], [77.51971, 13.01412], [77.51646, 13.01488], [77.51657, 13.01546], [77.51434, 13.0157], [77.51384, 13.01713], [77.51399, 13.01769], [77.51504, 13.01806], [77.51664, 13.02095], [77.51683, 13.02174], [77.51675, 13.0227], [77.51459, 13.02645]]]}}, {"type": "Feature", "properties": {"name": "Ganga Nagar", "lowPct": 0.3, "modPct": 81.7, "highPct": 18.0, "meanStress": 2.178, "dominant": "Moderate", "infra": "Community Water Storage Tanks"}, "geometry": {"type": "Polygon", "coordinates": [[[77.59146, 13.01603], [77.59034, 13.0169], [77.58803, 13.01682], [77.5878, 13.01828], [77.58752, 13.01866], [77.58682, 13.01897], [77.58556, 13.01865], [77.58393, 13.0193], [77.58392, 13.01969], [77.58567, 13.02696], [77.58884, 13.02623], [77.59147, 13.02669], [77.59189, 13.02885], [77.59368, 13.0285], [77.59357, 13.02796], [77.59533, 13.02763], [77.59475, 13.02469], [77.593, 13.02496], [77.59225, 13.01869], [77.59146, 13.01603]]]}}, {"type": "Feature", "properties": {"name": "Peenya Industrial Area", "lowPct": 5.6, "modPct": 15.1, "highPct": 79.3, "meanStress": 2.738, "dominant": "High", "infra": "Community Water Storage Tanks"}, "geometry": {"type": "Polygon", "coordinates": [[[77.50139, 13.00362], [77.49968, 13.00401], [77.49951, 13.00345], [77.49757, 13.00386], [77.49797, 13.00769], [77.4984, 13.00905], [77.49922, 13.00857], [77.49995, 13.00935], [77.49973, 13.01028], [77.49976, 13.01157], [77.49999, 13.01188], [77.49968, 13.01293], [77.49976, 13.01353], [77.49912, 13.01394], [77.49756, 13.01777], [77.49576, 13.01823], [77.49512, 13.01998], [77.49459, 13.02034], [77.49444, 13.02017], [77.49399, 13.02033], [77.49356, 13.02115], [77.49361, 13.02162], [77.49422, 13.02204], [77.49512, 13.02358], [77.49632, 13.02825], [77.49729, 13.02881], [77.50067, 13.03002], [77.50358, 13.03159], [77.50545, 13.0313], [77.51026, 13.02996], [77.51051, 13.03201], [77.51539, 13.0308], [77.51457, 13.02644], [77.51675, 13.0227], [77.51678, 13.02132], [77.51596, 13.01958], [77.51496, 13.01794], [77.51351, 13.01757], [77.51165, 13.01656], [77.5105, 13.01432], [77.50853, 13.01168], [77.50694, 13.01095], [77.50623, 13.00989], [77.50372, 13.00967], [77.50361, 13.00863], [77.50338, 13.00872], [77.50336, 13.00841], [77.50432, 13.00815], [77.50375, 13.00654], [77.50304, 13.00685], [77.50282, 13.00619], [77.50256, 13.00517], [77.50322, 13.00504], [77.50318, 13.00433], [77.50161, 13.0045], [77.50139, 13.00362]]]}}, {"type": "Feature", "properties": {"name": "Rajagopal Nagar", "lowPct": 16.0, "modPct": 28.4, "highPct": 55.6, "meanStress": 2.396, "dominant": "High", "infra": "Community Water Storage Tanks"}, "geometry": {"type": "Polygon", "coordinates": [[[77.51413, 13.00714], [77.50623, 13.00989], [77.50694, 13.01095], [77.50853, 13.01168], [77.5105, 13.01432], [77.51165, 13.01656], [77.51223, 13.01697], [77.51399, 13.01769], [77.51384, 13.01713], [77.51434, 13.0157], [77.51657, 13.01546], [77.51646, 13.01488], [77.51971, 13.01412], [77.51991, 13.01256], [77.51855, 13.01267], [77.51914, 13.01051], [77.51817, 13.00891], [77.51731, 13.00826], [77.51751, 13.0071], [77.51413, 13.00714]]]}}, {"type": "Feature", "properties": {"name": "Hebbala", "lowPct": 0.0, "modPct": 0.4, "highPct": 99.6, "meanStress": 2.996, "dominant": "High", "infra": "Community Water Storage Tanks"}, "geometry": {"type": "Polygon", "coordinates": [[[77.59533, 13.02763], [77.59357, 13.02796], [77.59368, 13.0285], [77.59189, 13.02885], [77.59147, 13.02669], [77.58884, 13.02623], [77.58567, 13.02696], [77.58824, 13.0333], [77.58917, 13.03624], [77.5899, 13.04163], [77.59267, 13.04106], [77.59503, 13.04127], [77.59447, 13.03929], [77.59449, 13.03855], [77.59544, 13.03868], [77.59557, 13.03803], [77.5966, 13.0381], [77.59678, 13.0375], [77.59657, 13.03635], [77.59726, 13.03621], [77.59677, 13.034], [77.59654, 13.03401], [77.59645, 13.02984], [77.59607, 13.02984], [77.59584, 13.02833], [77.59548, 13.02839], [77.59533, 13.02763]], [[77.59646, 13.03241], [77.59645, 13.0324], [77.59643, 13.03238], [77.59646, 13.03241]]]}}, {"type": "Feature", "properties": {"name": "Hegganahalli", "lowPct": 20.6, "modPct": 26.4, "highPct": 53.0, "meanStress": 2.323, "dominant": "High", "infra": "Community Water Storage Tanks"}, "geometry": {"type": "Polygon", "coordinates": [[[77.50664, 13.00139], [77.50392, 13.00158], [77.50397, 13.00245], [77.50131, 13.00328], [77.50161, 13.0045], [77.50318, 13.00433], [77.50322, 13.00504], [77.50256, 13.00517], [77.50282, 13.00619], [77.50304, 13.00685], [77.50375, 13.00654], [77.50432, 13.00815], [77.50336, 13.00841], [77.50338, 13.00872], [77.50361, 13.00863], [77.50372, 13.00967], [77.50634, 13.00987], [77.50821, 13.00905], [77.51413, 13.00714], [77.51732, 13.00717], [77.51751, 13.0071], [77.51735, 13.00647], [77.5177, 13.00612], [77.51774, 13.00379], [77.51831, 13.00283], [77.51793, 13.00214], [77.51796, 13.00099], [77.51845, 13.00003], [77.51913, 13.0], [77.51937, 12.99886], [77.51886, 12.99856], [77.51887, 12.99768], [77.51907, 12.99742], [77.51836, 12.99712], [77.51744, 12.99715], [77.51745, 12.9985], [77.5177, 12.99868], [77.5163, 12.9989], [77.51544, 12.99934], [77.51515, 12.99972], [77.51519, 13.00027], [77.51479, 13.00058], [77.51409, 13.00016], [77.5133, 13.0001], [77.51279, 12.99795], [77.51065, 12.99839], [77.51037, 12.99749], [77.50883, 12.99789], [77.50604, 12.99889], [77.50664, 13.00139]]]}}, {"type": "Feature", "properties": {"name": "Sunkadakatte", "lowPct": 0.0, "modPct": 5.3, "highPct": 94.7, "meanStress": 2.947, "dominant": "High", "infra": "Community Water Storage Tanks"}, "geometry": {"type": "Polygon", "coordinates": [[[77.49993, 12.98892], [77.49699, 12.98857], [77.49694, 12.9895], [77.49829, 12.9905], [77.49839, 12.99096], [77.49952, 12.99157], [77.50071, 12.99588], [77.50097, 12.99585], [77.50148, 12.99689], [77.49979, 12.998], [77.49995, 12.99853], [77.49868, 12.99876], [77.49884, 12.99906], [77.4954, 13.00014], [77.49506, 13.0005], [77.49323, 13.00075], [77.49447, 13.00231], [77.49479, 13.00222], [77.49562, 13.00437], [77.49951, 13.00345], [77.49968, 13.00401], [77.50139, 13.00362], [77.50131, 13.00328], [77.50397, 13.00245], [77.50392, 13.00158], [77.50457, 13.00145], [77.50456, 13.00171], [77.5049, 13.00169], [77.50664, 13.00139], [77.50509, 12.99548], [77.50481, 12.99516], [77.50408, 12.99522], [77.50404, 12.99499], [77.50447, 12.99428], [77.50474, 12.99131], [77.50572, 12.98967], [77.50478, 12.99015], [77.50382, 12.99025], [77.49993, 12.98892]]]}}, {"type": "Feature", "properties": {"name": "Dodda Bidarakallu", "lowPct": 75.2, "modPct": 22.7, "highPct": 2.1, "meanStress": 1.269, "dominant": "Low", "infra": "Recharge Wells"}, "geometry": {"type": "Polygon", "coordinates": [[[77.47772, 13.00345], [77.47518, 13.004], [77.475, 13.00486], [77.4754, 13.00645], [77.47284, 13.00727], [77.47312, 13.00883], [77.47344, 13.00876], [77.47399, 13.00965], [77.4749, 13.01161], [77.47526, 13.01311], [77.47695, 13.01487], [77.47747, 13.0173], [77.47837, 13.01907], [77.47896, 13.02202], [77.47844, 13.02216], [77.47844, 13.02436], [77.47868, 13.02625], [77.47961, 13.02927], [77.47694, 13.03154], [77.47884, 13.03507], [77.4799, 13.03572], [77.48005, 13.03791], [77.48075, 13.0385], [77.48134, 13.03956], [77.48217, 13.03988], [77.48257, 13.04058], [77.48166, 13.04118], [77.48135, 13.04291], [77.48003, 13.04335], [77.47957, 13.04435], [77.47982, 13.04579], [77.47953, 13.04639], [77.48008, 13.04851], [77.48254, 13.04802], [77.49099, 13.04507], [77.49203, 13.04809], [77.49247, 13.05157], [77.49729, 13.05061], [77.49665, 13.04896], [77.49635, 13.04906], [77.49618, 13.04618], [77.49575, 13.04446], [77.49801, 13.04391], [77.49807, 13.04253], [77.49803, 13.04223], [77.49629, 13.04181], [77.49611, 13.03975], [77.49686, 13.03799], [77.49738, 13.03793], [77.49753, 13.03725], [77.49805, 13.03716], [77.49794, 13.03652], [77.49826, 13.03646], [77.49816, 13.03608], [77.49834, 13.03606], [77.49823, 13.0353], [77.4993, 13.035], [77.49819, 13.03266], [77.49728, 13.03179], [77.49512, 13.02358], [77.49422, 13.02204], [77.49361, 13.02162], [77.49356, 13.02115], [77.49393, 13.02045], [77.4937, 13.01953], [77.49277, 13.0198], [77.49272, 13.01962], [77.48987, 13.01987], [77.49009, 13.01789], [77.48994, 13.01782], [77.49079, 13.01403], [77.48867, 13.01361], [77.48838, 13.01437], [77.48745, 13.01491], [77.48434, 13.01563], [77.48415, 13.01559], [77.48317, 13.01294], [77.48293, 13.00959], [77.48362, 13.00904], [77.48372, 13.00867], [77.48488, 13.00797], [77.4858, 13.00689], [77.48651, 13.00556], [77.48776, 13.00418], [77.48831, 13.00182], [77.48586, 13.00273], [77.48567, 13.00193], [77.48015, 13.00285], [77.48007, 13.00331], [77.47772, 13.00345]]]}}, {"type": "Feature", "properties": {"name": "Nagadevanahalli", "lowPct": 59.1, "modPct": 39.7, "highPct": 1.2, "meanStress": 1.421, "dominant": "Low", "infra": "Recharge Wells"}, "geometry": {"type": "Polygon", "coordinates": [[[77.4928, 12.93188], [77.49137, 12.93203], [77.49136, 12.93345], [77.49033, 12.9323], [77.48842, 12.93285], [77.48806, 12.93275], [77.48815, 12.93304], [77.48791, 12.93339], [77.48382, 12.93433], [77.48418, 12.93689], [77.47836, 12.93756], [77.47627, 12.93831], [77.4764, 12.93862], [77.47474, 12.93991], [77.47325, 12.94033], [77.47474, 12.94342], [77.47493, 12.94473], [77.47536, 12.94417], [77.47636, 12.94367], [77.47644, 12.94298], [77.47711, 12.94269], [77.47904, 12.94257], [77.47915, 12.94211], [77.48327, 12.94204], [77.48341, 12.94423], [77.48381, 12.94486], [77.48349, 12.94538], [77.48409, 12.94663], [77.48444, 12.94915], [77.48484, 12.9498], [77.48505, 12.95143], [77.48608, 12.95121], [77.48857, 12.9495], [77.4889, 12.94948], [77.48861, 12.94906], [77.4906, 12.94735], [77.49072, 12.94759], [77.49338, 12.94766], [77.49673, 12.94729], [77.49656, 12.94706], [77.49955, 12.94646], [77.49916, 12.94474], [77.49965, 12.94456], [77.49948, 12.94379], [77.49776, 12.94132], [77.49719, 12.94005], [77.49968, 12.93803], [77.49914, 12.93571], [77.50008, 12.93537], [77.49914, 12.9308], [77.49665, 12.93142], [77.49626, 12.9311], [77.49575, 12.92973], [77.49543, 12.92981], [77.49525, 12.92954], [77.49521, 12.9293], [77.49553, 12.92913], [77.49533, 12.92879], [77.49484, 12.92889], [77.4928, 12.93188]]]}}, {"type": "Feature", "properties": {"name": "Lingadheeranahalli", "lowPct": 4.6, "modPct": 63.8, "highPct": 31.6, "meanStress": 2.27, "dominant": "Moderate", "infra": "Recharge Wells"}, "geometry": {"type": "Polygon", "coordinates": [[[77.48195, 12.98513], [77.47865, 12.98587], [77.47006, 12.98987], [77.47133, 12.99386], [77.47125, 12.9946], [77.47245, 12.99681], [77.47288, 12.99673], [77.47357, 12.99887], [77.4742, 12.99922], [77.47527, 13.00256], [77.47542, 13.00339], [77.47519, 13.00343], [77.47518, 13.004], [77.47702, 13.00378], [77.47772, 13.00345], [77.48007, 13.00331], [77.48015, 13.00285], [77.48316, 13.00223], [77.48567, 13.00193], [77.48586, 13.00273], [77.48831, 13.00182], [77.48776, 13.00418], [77.48651, 13.00556], [77.4858, 13.00689], [77.48488, 13.00797], [77.48372, 13.00867], [77.48362, 13.00904], [77.48293, 13.00959], [77.48332, 13.01345], [77.48415, 13.01559], [77.48434, 13.01563], [77.48745, 13.01491], [77.48838, 13.01437], [77.48867, 13.01361], [77.49079, 13.01403], [77.48994, 13.01782], [77.49009, 13.01789], [77.48987, 13.01987], [77.49272, 13.01962], [77.49277, 13.0198], [77.4937, 13.01953], [77.49393, 13.02045], [77.49444, 13.02017], [77.4949, 13.02023], [77.49576, 13.01823], [77.49756, 13.01777], [77.49912, 13.01394], [77.49976, 13.01353], [77.49968, 13.01293], [77.49999, 13.01188], [77.49976, 13.01157], [77.49973, 13.01028], [77.49995, 13.00935], [77.49922, 13.00857], [77.4984, 13.00905], [77.49797, 13.00769], [77.49757, 13.00386], [77.49562, 13.00437], [77.49479, 13.00222], [77.49447, 13.00231], [77.49323, 13.00075], [77.4922, 13.00084], [77.4914, 12.99958], [77.48861, 12.99792], [77.48571, 12.99736], [77.48559, 12.99631], [77.48682, 12.99627], [77.48607, 12.99236], [77.4854, 12.99253], [77.4852, 12.99209], [77.48482, 12.98687], [77.4851, 12.98529], [77.48375, 12.98497], [77.48195, 12.98513]]]}}, {"type": "Feature", "properties": {"name": "Herohalli", "lowPct": 0.1, "modPct": 71.3, "highPct": 28.6, "meanStress": 2.286, "dominant": "Moderate", "infra": "Recharge Wells"}, "geometry": {"type": "Polygon", "coordinates": [[[77.48552, 12.96773], [77.48528, 12.96849], [77.48427, 12.9698], [77.4837, 12.97031], [77.48216, 12.971], [77.48378, 12.97545], [77.48502, 12.98087], [77.48635, 12.98469], [77.48632, 12.98565], [77.4851, 12.98529], [77.48482, 12.98674], [77.4852, 12.99209], [77.4854, 12.99253], [77.48607, 12.99236], [77.48682, 12.99627], [77.48559, 12.99631], [77.48571, 12.99736], [77.48861, 12.99792], [77.4914, 12.99958], [77.4922, 13.00084], [77.49506, 13.0005], [77.4954, 13.00014], [77.49884, 12.99906], [77.49868, 12.99876], [77.49905, 12.99857], [77.49911, 12.99877], [77.49995, 12.99853], [77.49979, 12.998], [77.50148, 12.99689], [77.50097, 12.99585], [77.50071, 12.99588], [77.49952, 12.99157], [77.49839, 12.99096], [77.49829, 12.9905], [77.49694, 12.9895], [77.49699, 12.98857], [77.49755, 12.98871], [77.49588, 12.98645], [77.49563, 12.9853], [77.49394, 12.98164], [77.4932, 12.97925], [77.49399, 12.97624], [77.49532, 12.97602], [77.49445, 12.97327], [77.49465, 12.9715], [77.4952, 12.97136], [77.49553, 12.97091], [77.49546, 12.97034], [77.49661, 12.97012], [77.49455, 12.97044], [77.49178, 12.97], [77.48888, 12.97102], [77.48835, 12.96765], [77.48552, 12.96773]]]}}, {"type": "Feature", "properties": {"name": "Ullalu", "lowPct": 68.2, "modPct": 30.4, "highPct": 1.4, "meanStress": 1.332, "dominant": "Low", "infra": "Recharge Wells"}, "geometry": {"type": "Polygon", "coordinates": [[[77.47904, 12.94257], [77.47741, 12.94262], [77.47644, 12.94298], [77.47636, 12.94367], [77.47536, 12.94417], [77.47493, 12.94473], [77.47628, 12.94882], [77.47552, 12.94912], [77.47106, 12.94959], [77.47112, 12.95072], [77.47214, 12.95087], [77.47251, 12.9516], [77.47251, 12.95181], [77.47148, 12.95227], [77.472, 12.95504], [77.4735, 12.95711], [77.47528, 12.96039], [77.47291, 12.96359], [77.47228, 12.96367], [77.47349, 12.96699], [77.47327, 12.9671], [77.47502, 12.97004], [77.47509, 12.97294], [77.4743, 12.97959], [77.47345, 12.98332], [77.47226, 12.98485], [77.4698, 12.9863], [77.46841, 12.98671], [77.47006, 12.98987], [77.4795, 12.98564], [77.48375, 12.98497], [77.48632, 12.98565], [77.48635, 12.98469], [77.48502, 12.98087], [77.48378, 12.97545], [77.48216, 12.971], [77.4837, 12.97031], [77.48427, 12.9698], [77.48528, 12.96849], [77.48552, 12.96773], [77.48835, 12.96765], [77.48888, 12.97102], [77.492, 12.96998], [77.49455, 12.97044], [77.49658, 12.97004], [77.49816, 12.97022], [77.49839, 12.97014], [77.49801, 12.96978], [77.49851, 12.96957], [77.49678, 12.96771], [77.49699, 12.96728], [77.49632, 12.96558], [77.49645, 12.96512], [77.49688, 12.96504], [77.49693, 12.96465], [77.49597, 12.96394], [77.49518, 12.9622], [77.49325, 12.96281], [77.49256, 12.96278], [77.49244, 12.96128], [77.49219, 12.96075], [77.4882, 12.9611], [77.48813, 12.96079], [77.48653, 12.96148], [77.4864, 12.96083], [77.48551, 12.95923], [77.48544, 12.95856], [77.48469, 12.95758], [77.48481, 12.95719], [77.48441, 12.95691], [77.48451, 12.95545], [77.48562, 12.95496], [77.48563, 12.95347], [77.48513, 12.9527], [77.48484, 12.9498], [77.48444, 12.94915], [77.48409, 12.94663], [77.48349, 12.94538], [77.48381, 12.94486], [77.48341, 12.94423], [77.48327, 12.94204], [77.47915, 12.94211], [77.47904, 12.94257]]]}}, {"type": "Feature", "properties": {"name": "Yeshwanthpura", "lowPct": 7.3, "modPct": 15.6, "highPct": 77.2, "meanStress": 2.699, "dominant": "High", "infra": "Community Water Storage Tanks"}, "geometry": {"type": "Polygon", "coordinates": [[[77.54722, 13.03361], [77.54673, 13.03331], [77.54484, 13.03698], [77.54295, 13.03929], [77.54488, 13.04102], [77.55496, 13.0441], [77.5569, 13.04386], [77.5571, 13.04267], [77.55739, 13.04277], [77.55814, 13.04233], [77.55923, 13.04153], [77.5598, 13.04048], [77.56064, 13.04045], [77.56096, 13.04], [77.55944, 13.03893], [77.5573, 13.03858], [77.55758, 13.03611], [77.55738, 13.03468], [77.55998, 13.03093], [77.5584, 13.02722], [77.5571, 13.02773], [77.5562, 13.02774], [77.55617, 13.02865], [77.55575, 13.02875], [77.55471, 13.03128], [77.55361, 13.03128], [77.55367, 13.0323], [77.55412, 13.0329], [77.55324, 13.03687], [77.55346, 13.03867], [77.55269, 13.03876], [77.5522, 13.03888], [77.55005, 13.0397], [77.55026, 13.0393], [77.54971, 13.03691], [77.54995, 13.03682], [77.54722, 13.03361]], [[77.55341, 13.03873], [77.55341, 13.03873], [77.55341, 13.03867], [77.55341, 13.03873]]]}}, {"type": "Feature", "properties": {"name": "Bande Mutt", "lowPct": 68.0, "modPct": 29.4, "highPct": 2.6, "meanStress": 1.345, "dominant": "Low", "infra": "Recharge Wells"}, "geometry": {"type": "Polygon", "coordinates": [[[77.47733, 12.8965], [77.47469, 12.89813], [77.47336, 12.8984], [77.4724, 12.89682], [77.47022, 12.8941], [77.46837, 12.88848], [77.46217, 12.89729], [77.46154, 12.89872], [77.46068, 12.8985], [77.46071, 12.90003], [77.4602, 12.90039], [77.46005, 12.90507], [77.46032, 12.90661], [77.46372, 12.90648], [77.46667, 12.90688], [77.4665, 12.91015], [77.47003, 12.91513], [77.47319, 12.92666], [77.47589, 12.9267], [77.4796, 12.92592], [77.47973, 12.9264], [77.47912, 12.92723], [77.48026, 12.92764], [77.48099, 12.92741], [77.48192, 12.92891], [77.48232, 12.92896], [77.48312, 12.93044], [77.4832, 12.93088], [77.48289, 12.93126], [77.48332, 12.93134], [77.48347, 12.93184], [77.48307, 12.93268], [77.48353, 12.93292], [77.48382, 12.93433], [77.48791, 12.93339], [77.48815, 12.93304], [77.48694, 12.92943], [77.4823, 12.91673], [77.48309, 12.91652], [77.48329, 12.91696], [77.48353, 12.91687], [77.48221, 12.91357], [77.48194, 12.912], [77.48114, 12.91085], [77.48011, 12.91057], [77.48023, 12.90972], [77.48208, 12.91043], [77.48416, 12.91038], [77.48446, 12.91067], [77.48516, 12.91283], [77.48686, 12.91002], [77.48709, 12.90895], [77.48477, 12.90838], [77.48453, 12.90709], [77.48493, 12.90682], [77.48665, 12.90654], [77.48708, 12.90622], [77.48705, 12.90564], [77.48658, 12.90477], [77.48496, 12.90439], [77.48341, 12.90315], [77.4826, 12.90347], [77.48274, 12.9052], [77.48169, 12.90583], [77.48, 12.90597], [77.47877, 12.90569], [77.47862, 12.90491], [77.47992, 12.90065], [77.47879, 12.89958], [77.47888, 12.89708], [77.47733, 12.8965]]]}}, {"type": "Feature", "properties": {"name": "Jalahalli", "lowPct": 38.4, "modPct": 40.2, "highPct": 21.4, "meanStress": 1.829, "dominant": "Moderate", "infra": "Recharge Wells"}, "geometry": {"type": "Polygon", "coordinates": [[[77.54488, 13.04102], [77.54195, 13.03831], [77.54075, 13.0325], [77.53293, 13.03812], [77.53121, 13.0396], [77.52219, 13.0459], [77.52397, 13.04917], [77.52684, 13.05114], [77.52881, 13.05187], [77.53053, 13.05315], [77.53128, 13.05443], [77.53176, 13.05467], [77.53484, 13.05488], [77.53916, 13.05432], [77.54253, 13.05492], [77.54471, 13.05495], [77.54679, 13.05673], [77.55098, 13.05324], [77.55393, 13.04942], [77.55666, 13.04523], [77.5569, 13.04386], [77.55496, 13.0441], [77.54488, 13.04102]]]}}, {"type": "Feature", "properties": {"name": "Shakthi Ganapathi Nagar", "lowPct": 0.0, "modPct": 45.4, "highPct": 54.6, "meanStress": 2.546, "dominant": "High", "infra": "Community Water Storage Tanks"}, "geometry": {"type": "Polygon", "coordinates": [[[77.53596, 12.9966], [77.53532, 12.99655], [77.53531, 12.99702], [77.53684, 12.99733], [77.53695, 12.99698], [77.54041, 12.99689], [77.53845, 12.99158], [77.53165, 12.99258], [77.5316, 12.99213], [77.52695, 12.99303], [77.52673, 12.99266], [77.52435, 12.99322], [77.52418, 12.99279], [77.52296, 12.99309], [77.52305, 12.9941], [77.52363, 12.99557], [77.5244, 12.99617], [77.52497, 12.99773], [77.52524, 12.99793], [77.52557, 12.99783], [77.52542, 12.99746], [77.52847, 12.99664], [77.5281, 12.99488], [77.52946, 12.99433], [77.52954, 12.99453], [77.53013, 12.9943], [77.53062, 12.99604], [77.53215, 12.99559], [77.53234, 12.99616], [77.5335, 12.99583], [77.53347, 12.99523], [77.53544, 12.99485], [77.53596, 12.9966]]]}}, {"type": "Feature", "properties": {"name": "Kengeri", "lowPct": 12.1, "modPct": 71.0, "highPct": 16.8, "meanStress": 2.047, "dominant": "Moderate", "infra": "Recharge Wells"}, "geometry": {"type": "MultiPolygon", "coordinates": [[[[77.48185, 12.91176], [77.48221, 12.91357], [77.48353, 12.91687], [77.48329, 12.91696], [77.48309, 12.91652], [77.4823, 12.91673], [77.4879, 12.93253], [77.48817, 12.93282], [77.49046, 12.9323], [77.49136, 12.93345], [77.49137, 12.93203], [77.4928, 12.93188], [77.49484, 12.92889], [77.49532, 12.92879], [77.49553, 12.92914], [77.49521, 12.9293], [77.49525, 12.92954], [77.49543, 12.92981], [77.49575, 12.92973], [77.49647, 12.93132], [77.49863, 12.93091], [77.49867, 12.92737], [77.49921, 12.92524], [77.5028, 12.92813], [77.50407, 12.92713], [77.5052, 12.92539], [77.51043, 12.92465], [77.51043, 12.92385], [77.51144, 12.92368], [77.51172, 12.91984], [77.511, 12.92011], [77.51076, 12.9198], [77.50898, 12.92], [77.50929, 12.91966], [77.50809, 12.91935], [77.50689, 12.92061], [77.50782, 12.9219], [77.50666, 12.92211], [77.50519, 12.92301], [77.50468, 12.92215], [77.50407, 12.91993], [77.50201, 12.91925], [77.49987, 12.91792], [77.50055, 12.91509], [77.50053, 12.91274], [77.4991, 12.90711], [77.49722, 12.90818], [77.49498, 12.9087], [77.49236, 12.90975], [77.4919, 12.90822], [77.49142, 12.90747], [77.48956, 12.90747], [77.4879, 12.90788], [77.48722, 12.90846], [77.48686, 12.91002], [77.48516, 12.91283], [77.48434, 12.91047], [77.48208, 12.91043], [77.48023, 12.90972], [77.48011, 12.91057], [77.48114, 12.91085], [77.48185, 12.91176]]], [[[77.51089, 12.93248], [77.51093, 12.92891], [77.50851, 12.92914], [77.50756, 12.92902], [77.5054, 12.92971], [77.50646, 12.93126], [77.50896, 12.9331], [77.51089, 12.93248]]]]}}, {"type": "Feature", "properties": {"name": "Hemmigepura", "lowPct": 44.5, "modPct": 53.1, "highPct": 2.3, "meanStress": 1.578, "dominant": "Moderate", "infra": "Recharge Wells"}, "geometry": {"type": "Polygon", "coordinates": [[[77.50228, 12.87583], [77.50031, 12.87453], [77.50031, 12.8743], [77.49847, 12.87328], [77.49753, 12.87222], [77.49671, 12.87323], [77.49521, 12.8734], [77.49483, 12.87193], [77.49291, 12.87218], [77.49284, 12.87235], [77.49247, 12.87219], [77.49182, 12.87075], [77.48888, 12.87182], [77.48756, 12.87168], [77.4862, 12.87117], [77.48461, 12.8716], [77.48311, 12.87412], [77.48267, 12.87393], [77.48109, 12.87411], [77.48169, 12.878], [77.47865, 12.87807], [77.47822, 12.8779], [77.47583, 12.87843], [77.47482, 12.88005], [77.47516, 12.88095], [77.47735, 12.88275], [77.4789, 12.88445], [77.47877, 12.88612], [77.47934, 12.88623], [77.48014, 12.88595], [77.48249, 12.88575], [77.48297, 12.88629], [77.48184, 12.88956], [77.48105, 12.89015], [77.47999, 12.88976], [77.47931, 12.88979], [77.47907, 12.89217], [77.47783, 12.89302], [77.47674, 12.89447], [77.47574, 12.89421], [77.47546, 12.89462], [77.47611, 12.8958], [77.47888, 12.89708], [77.47879, 12.89958], [77.47994, 12.90088], [77.47862, 12.90491], [77.47858, 12.90547], [77.479, 12.90584], [77.48128, 12.90595], [77.48254, 12.90534], [77.48283, 12.90494], [77.4826, 12.90347], [77.48341, 12.90315], [77.48496, 12.90439], [77.48658, 12.90477], [77.48705, 12.90564], [77.48708, 12.90622], [77.48665, 12.90654], [77.48493, 12.90682], [77.48453, 12.90709], [77.48477, 12.90838], [77.48709, 12.90895], [77.48732, 12.90832], [77.4879, 12.90788], [77.48956, 12.90746], [77.49125, 12.90743], [77.49176, 12.9079], [77.49236, 12.90975], [77.49498, 12.9087], [77.49722, 12.90818], [77.4991, 12.90711], [77.50053, 12.91274], [77.50055, 12.91509], [77.49987, 12.91792], [77.50201, 12.91925], [77.50407, 12.91993], [77.50469, 12.92215], [77.50519, 12.92301], [77.50666, 12.92211], [77.50782, 12.9219], [77.50689, 12.92061], [77.50809, 12.91935], [77.50929, 12.91966], [77.50898, 12.92], [77.51076, 12.9198], [77.511, 12.92011], [77.5116, 12.91981], [77.51162, 12.91815], [77.51256, 12.91625], [77.51227, 12.91594], [77.51197, 12.91366], [77.5128, 12.91094], [77.51249, 12.91081], [77.51232, 12.91011], [77.51105, 12.9085], [77.51116, 12.90804], [77.51043, 12.90724], [77.51157, 12.90609], [77.51179, 12.90557], [77.51109, 12.90402], [77.51134, 12.90276], [77.51097, 12.90259], [77.51161, 12.90214], [77.51415, 12.90206], [77.51422, 12.90155], [77.51335, 12.9011], [77.51263, 12.90025], [77.51366, 12.89904], [77.51374, 12.89861], [77.51347, 12.89813], [77.51417, 12.89724], [77.51453, 12.89556], [77.5145, 12.89528], [77.5141, 12.89507], [77.51439, 12.89422], [77.51396, 12.89298], [77.51523, 12.89295], [77.51524, 12.89257], [77.51576, 12.89241], [77.51563, 12.89328], [77.51588, 12.89381], [77.5162, 12.89145], [77.51572, 12.89006], [77.51665, 12.88738], [77.51903, 12.88319], [77.52233, 12.88363], [77.52791, 12.88397], [77.5316, 12.8852], [77.53258, 12.8853], [77.53584, 12.88461], [77.53756, 12.88328], [77.53752, 12.88026], [77.53906, 12.8799], [77.53993, 12.8801], [77.54201, 12.87944], [77.54371, 12.87919], [77.5455, 12.8835], [77.5469, 12.88455], [77.5478, 12.88391], [77.54773, 12.88344], [77.54834, 12.88337], [77.54827, 12.88272], [77.54914, 12.88272], [77.54918, 12.88163], [77.55089, 12.88112], [77.55145, 12.8792], [77.5512, 12.87732], [77.5514, 12.87682], [77.552, 12.87681], [77.55202, 12.87661], [77.55166, 12.87651], [77.55154, 12.87536], [77.55092, 12.87534], [77.55105, 12.8749], [77.55085, 12.87419], [77.55107, 12.87375], [77.55091, 12.87283], [77.55002, 12.87167], [77.54997, 12.87013], [77.55041, 12.8695], [77.55054, 12.86844], [77.55013, 12.86756], [77.54826, 12.86693], [77.54822, 12.86579], [77.54792, 12.86511], [77.54831, 12.86439], [77.54794, 12.86373], [77.54643, 12.86271], [77.54612, 12.86134], [77.54578, 12.86111], [77.54497, 12.85929], [77.5452, 12.85878], [77.54573, 12.85924], [77.54639, 12.85828], [77.54592, 12.85655], [77.54645, 12.85545], [77.5458, 12.85451], [77.54582, 12.8529], [77.54551, 12.85273], [77.54522, 12.85161], [77.54481, 12.85129], [77.54483, 12.85092], [77.54557, 12.85047], [77.54566, 12.84969], [77.54515, 12.8493], [77.5452, 12.84882], [77.54432, 12.84852], [77.54437, 12.84807], [77.54487, 12.8476], [77.54468, 12.84762], [77.54436, 12.84699], [77.54458, 12.84631], [77.54431, 12.84437], [77.54277, 12.84337], [77.54168, 12.84332], [77.54127, 12.84429], [77.54049, 12.84496], [77.53833, 12.8453], [77.53757, 12.84174], [77.53511, 12.84095], [77.53343, 12.8397], [77.52606, 12.84064], [77.52352, 12.83995], [77.5216, 12.84893], [77.51915, 12.855], [77.51841, 12.86117], [77.51955, 12.86212], [77.52022, 12.86634], [77.52298, 12.87057], [77.52027, 12.87218], [77.51944, 12.87179], [77.51544, 12.86788], [77.51241, 12.86827], [77.51172, 12.86811], [77.51069, 12.869], [77.51027, 12.86895], [77.50846, 12.87097], [77.50626, 12.87456], [77.50542, 12.87659], [77.50459, 12.87703], [77.50233, 12.87606], [77.50228, 12.87583]], [[77.52305, 12.87052], [77.52319, 12.87047], [77.52318, 12.87047], [77.52305, 12.87052]]]}}, {"type": "Feature", "properties": {"name": "Jp Park", "lowPct": 17.5, "modPct": 22.2, "highPct": 60.2, "meanStress": 2.427, "dominant": "High", "infra": "Community Water Storage Tanks"}, "geometry": {"type": "Polygon", "coordinates": [[[77.55155, 13.02477], [77.55128, 13.02531], [77.55058, 13.02507], [77.54673, 13.03331], [77.54971, 13.03634], [77.55026, 13.0393], [77.55005, 13.0397], [77.5522, 13.03888], [77.55346, 13.03867], [77.55324, 13.03687], [77.55412, 13.0329], [77.55367, 13.0323], [77.55361, 13.03128], [77.55471, 13.03128], [77.55575, 13.02875], [77.55617, 13.02865], [77.5562, 13.02774], [77.5571, 13.02773], [77.5584, 13.02722], [77.55748, 13.02489], [77.55669, 13.0247], [77.55628, 13.0251], [77.55506, 13.0241], [77.55422, 13.02389], [77.55415, 13.02408], [77.55239, 13.02408], [77.55155, 13.02477]]]}}, {"type": "Feature", "properties": {"name": "Kottegepalya", "lowPct": 39.1, "modPct": 40.1, "highPct": 20.8, "meanStress": 1.817, "dominant": "Moderate", "infra": "Recharge Wells"}, "geometry": {"type": "Polygon", "coordinates": [[[77.5128, 12.97182], [77.51048, 12.97357], [77.5091, 12.97422], [77.50999, 12.97661], [77.51098, 12.98053], [77.51106, 12.98272], [77.51074, 12.9846], [77.51183, 12.98645], [77.51228, 12.9879], [77.51128, 12.98829], [77.51157, 12.99027], [77.51122, 12.99039], [77.51126, 12.99225], [77.511, 12.99336], [77.51139, 12.99555], [77.51021, 12.99592], [77.51035, 12.99659], [77.50884, 12.99698], [77.50909, 12.99781], [77.51037, 12.99749], [77.51065, 12.99839], [77.51279, 12.99795], [77.5133, 13.0001], [77.51409, 13.00016], [77.51461, 13.00058], [77.51519, 13.00027], [77.51515, 12.99972], [77.51544, 12.99934], [77.5163, 12.9989], [77.5177, 12.99868], [77.51745, 12.9985], [77.51744, 12.99715], [77.51883, 12.99727], [77.51907, 12.99742], [77.51887, 12.99768], [77.51887, 12.9986], [77.51937, 12.99886], [77.51913, 13.0], [77.51845, 13.00003], [77.51822, 13.00032], [77.51796, 13.00099], [77.51794, 13.00218], [77.51989, 13.00232], [77.52017, 13.00338], [77.52099, 13.00329], [77.52102, 13.00355], [77.52137, 13.00351], [77.52076, 13.00007], [77.52177, 12.99989], [77.5217, 12.99757], [77.52599, 12.99854], [77.52628, 12.99787], [77.52524, 12.99793], [77.52497, 12.99773], [77.52459, 12.99644], [77.52363, 12.99557], [77.52305, 12.9941], [77.52298, 12.9931], [77.52239, 12.99232], [77.52171, 12.99214], [77.52006, 12.98777], [77.52035, 12.98703], [77.51981, 12.98626], [77.51976, 12.98514], [77.51931, 12.98396], [77.51824, 12.98247], [77.51896, 12.98056], [77.5194, 12.9803], [77.51973, 12.97959], [77.51906, 12.9786], [77.51844, 12.97653], [77.5186, 12.97551], [77.51782, 12.97513], [77.51732, 12.97358], [77.51739, 12.97312], [77.51779, 12.97317], [77.51817, 12.97276], [77.51788, 12.97206], [77.51854, 12.97091], [77.51846, 12.97054], [77.51799, 12.96989], [77.517, 12.9701], [77.51465, 12.97078], [77.5128, 12.97182]]]}}, {"type": "Feature", "properties": {"name": "Vrisabhavathi Nagar", "lowPct": 0.0, "modPct": 3.5, "highPct": 96.5, "meanStress": 2.965, "dominant": "High", "infra": "Community Water Storage Tanks"}, "geometry": {"type": "Polygon", "coordinates": [[[77.52379, 12.98501], [77.52233, 12.98601], [77.52031, 12.9869], [77.52008, 12.9875], [77.52073, 12.98989], [77.52171, 12.99214], [77.52239, 12.99232], [77.52296, 12.99309], [77.52418, 12.99279], [77.52435, 12.99322], [77.52673, 12.99266], [77.52694, 12.993], [77.5316, 12.99213], [77.53133, 12.99], [77.53062, 12.98834], [77.52911, 12.98617], [77.52874, 12.98383], [77.52626, 12.98593], [77.52379, 12.98501]]]}}, {"type": "Feature", "properties": {"name": "Kushal Nagar", "lowPct": 0.0, "modPct": 0.0, "highPct": 100.0, "meanStress": 3.0, "dominant": "High", "infra": "Community Water Storage Tanks"}, "geometry": {"type": "Polygon", "coordinates": [[[77.6132, 13.00841], [77.61352, 13.01086], [77.61344, 13.01357], [77.61319, 13.01635], [77.61272, 13.01845], [77.61276, 13.02039], [77.61382, 13.02019], [77.61407, 13.02065], [77.61455, 13.02082], [77.61543, 13.02052], [77.61737, 13.02037], [77.61785, 13.02111], [77.61911, 13.0213], [77.61892, 13.01956], [77.61818, 13.01697], [77.61617, 13.01204], [77.61487, 13.01016], [77.6132, 13.00841]]]}}, {"type": "Feature", "properties": {"name": "Srigandhadakaval", "lowPct": 0.2, "modPct": 47.2, "highPct": 52.6, "meanStress": 2.524, "dominant": "High", "infra": "Community Water Storage Tanks"}, "geometry": {"type": "Polygon", "coordinates": [[[77.49659, 12.97012], [77.49546, 12.97034], [77.49553, 12.97091], [77.4952, 12.97136], [77.49465, 12.9715], [77.49445, 12.97327], [77.49532, 12.97602], [77.49399, 12.97624], [77.4932, 12.97925], [77.49394, 12.98164], [77.49563, 12.9853], [77.49588, 12.98645], [77.49755, 12.98871], [77.49993, 12.98892], [77.50382, 12.99025], [77.50478, 12.99015], [77.50572, 12.98967], [77.50474, 12.99131], [77.50447, 12.99428], [77.50408, 12.99465], [77.50408, 12.99522], [77.505, 12.9953], [77.50604, 12.99889], [77.50909, 12.99781], [77.50884, 12.99698], [77.51035, 12.99659], [77.51021, 12.99592], [77.51139, 12.99555], [77.511, 12.99336], [77.51126, 12.99225], [77.51122, 12.99039], [77.51157, 12.99027], [77.51128, 12.98829], [77.51228, 12.9879], [77.51183, 12.98645], [77.51074, 12.9846], [77.51106, 12.98272], [77.51098, 12.98053], [77.50999, 12.97661], [77.50916, 12.97436], [77.50779, 12.97204], [77.50628, 12.97257], [77.50697, 12.97589], [77.50379, 12.97703], [77.50325, 12.97562], [77.50391, 12.97521], [77.50302, 12.97449], [77.5007, 12.97541], [77.50205, 12.97972], [77.49959, 12.98066], [77.49778, 12.97595], [77.49659, 12.97012]]]}}, {"type": "Feature", "properties": {"name": "Mattikere", "lowPct": 0.0, "modPct": 50.7, "highPct": 49.3, "meanStress": 2.493, "dominant": "Moderate", "infra": "Community Water Storage Tanks"}, "geometry": {"type": "Polygon", "coordinates": [[[77.56228, 13.03087], [77.56166, 13.02866], [77.55738, 13.03468], [77.55758, 13.03611], [77.5573, 13.03858], [77.55877, 13.03868], [77.56008, 13.03922], [77.56106, 13.0401], [77.56211, 13.04198], [77.56599, 13.037], [77.56857, 13.03409], [77.56751, 13.03403], [77.56732, 13.03239], [77.56399, 13.0327], [77.56386, 13.03191], [77.563, 13.032], [77.56296, 13.03078], [77.56228, 13.03087]]]}}, {"type": "Feature", "properties": {"name": "Malleswaram", "lowPct": 0.0, "modPct": 92.8, "highPct": 7.2, "meanStress": 2.072, "dominant": "Moderate", "infra": "Community Water Storage Tanks"}, "geometry": {"type": "Polygon", "coordinates": [[[77.56256, 13.02013], [77.56062, 13.01708], [77.55766, 13.01883], [77.55647, 13.01651], [77.55586, 13.01581], [77.55389, 13.01919], [77.55434, 13.01982], [77.55549, 13.01984], [77.55997, 13.03093], [77.56199, 13.02809], [77.56188, 13.02632], [77.56266, 13.0244], [77.56322, 13.02196], [77.56256, 13.02013]]]}}, {"type": "Feature", "properties": {"name": "Malathalli", "lowPct": 23.2, "modPct": 22.8, "highPct": 54.0, "meanStress": 2.308, "dominant": "High", "infra": "Community Water Storage Tanks"}, "geometry": {"type": "Polygon", "coordinates": [[[77.49673, 12.94729], [77.49267, 12.94771], [77.49072, 12.94759], [77.4906, 12.94735], [77.48861, 12.94906], [77.4889, 12.94948], [77.48857, 12.9495], [77.48608, 12.95121], [77.48494, 12.95142], [77.48513, 12.9527], [77.48563, 12.95347], [77.48562, 12.95496], [77.48451, 12.95545], [77.48441, 12.95691], [77.48481, 12.95719], [77.48469, 12.95758], [77.48544, 12.95856], [77.48551, 12.95923], [77.4864, 12.96083], [77.48653, 12.96148], [77.48813, 12.96079], [77.4882, 12.9611], [77.49219, 12.96075], [77.49244, 12.96128], [77.49256, 12.96278], [77.49325, 12.96281], [77.49518, 12.9622], [77.49597, 12.96394], [77.49639, 12.96438], [77.4968, 12.96439], [77.49693, 12.96493], [77.49645, 12.96512], [77.49632, 12.96558], [77.49699, 12.96728], [77.49678, 12.96771], [77.49851, 12.96957], [77.49801, 12.96978], [77.49839, 12.97014], [77.49816, 12.97022], [77.49659, 12.97012], [77.49778, 12.97595], [77.49959, 12.98066], [77.50205, 12.97972], [77.5007, 12.97541], [77.50302, 12.97449], [77.50391, 12.97521], [77.50325, 12.97562], [77.50379, 12.97703], [77.50697, 12.97589], [77.50628, 12.97257], [77.50779, 12.97204], [77.50671, 12.97044], [77.50497, 12.96632], [77.50483, 12.96516], [77.50504, 12.96312], [77.50435, 12.96043], [77.50272, 12.95654], [77.50031, 12.9532], [77.49983, 12.95238], [77.49943, 12.95093], [77.49777, 12.94981], [77.49727, 12.9491], [77.49673, 12.94729]]]}}, {"type": "Feature", "properties": {"name": "Jnana Bharathi Ward", "lowPct": 36.2, "modPct": 22.5, "highPct": 41.3, "meanStress": 2.052, "dominant": "High", "infra": "Recharge Wells"}, "geometry": {"type": "MultiPolygon", "coordinates": [[[[77.50896, 12.9331], [77.50634, 12.93115], [77.50553, 12.92979], [77.50357, 12.92903], [77.50252, 12.92778], [77.49921, 12.92524], [77.49867, 12.92737], [77.49863, 12.93091], [77.49914, 12.9308], [77.50008, 12.93537], [77.49914, 12.93571], [77.49968, 12.93803], [77.49719, 12.94], [77.49776, 12.94132], [77.49948, 12.94379], [77.49965, 12.94456], [77.49916, 12.94474], [77.49955, 12.94646], [77.49853, 12.94682], [77.49656, 12.94706], [77.49727, 12.9491], [77.49777, 12.94981], [77.49943, 12.95093], [77.50031, 12.9532], [77.50272, 12.95654], [77.50435, 12.96043], [77.50504, 12.96312], [77.50483, 12.96516], [77.50497, 12.96632], [77.50683, 12.97069], [77.5091, 12.97422], [77.51048, 12.97357], [77.51279, 12.97173], [77.51465, 12.97078], [77.51777, 12.96976], [77.51744, 12.96931], [77.51748, 12.96828], [77.51815, 12.96747], [77.51739, 12.96629], [77.51752, 12.96595], [77.51847, 12.96534], [77.51802, 12.96422], [77.51748, 12.9638], [77.51776, 12.96196], [77.51739, 12.96175], [77.51606, 12.9618], [77.51577, 12.96018], [77.51498, 12.95931], [77.51448, 12.95771], [77.51373, 12.95821], [77.51326, 12.95814], [77.51201, 12.95933], [77.51176, 12.95937], [77.51156, 12.959], [77.51162, 12.95871], [77.512, 12.95854], [77.51179, 12.9571], [77.51205, 12.95655], [77.51172, 12.95561], [77.51219, 12.95466], [77.51122, 12.95365], [77.51146, 12.9517], [77.51113, 12.95108], [77.51106, 12.95004], [77.51274, 12.94858], [77.51272, 12.94791], [77.51501, 12.94683], [77.51701, 12.94449], [77.5169, 12.94414], [77.51604, 12.94388], [77.51562, 12.94217], [77.51466, 12.94206], [77.51472, 12.94132], [77.51445, 12.94058], [77.51467, 12.9402], [77.5146, 12.93969], [77.51388, 12.93874], [77.51272, 12.93821], [77.51276, 12.93741], [77.51383, 12.93579], [77.5167, 12.93634], [77.51842, 12.93639], [77.52035, 12.93699], [77.5232, 12.93929], [77.52432, 12.94056], [77.52654, 12.94389], [77.52789, 12.94519], [77.52956, 12.94456], [77.53382, 12.93761], [77.5343, 12.93647], [77.53365, 12.93506], [77.5331, 12.93509], [77.53343, 12.93419], [77.53294, 12.93414], [77.53234, 12.93362], [77.53181, 12.93399], [77.53136, 12.93394], [77.53178, 12.92806], [77.5314, 12.92786], [77.53145, 12.92681], [77.53091, 12.92471], [77.52949, 12.92316], [77.52916, 12.92198], [77.52849, 12.92213], [77.52825, 12.9231], [77.52696, 12.9237], [77.5263, 12.92506], [77.52454, 12.92559], [77.52302, 12.92523], [77.52249, 12.92564], [77.51787, 12.92726], [77.51568, 12.92857], [77.51455, 12.92954], [77.51511, 12.9312], [77.51606, 12.93271], [77.51551, 12.9331], [77.51332, 12.93357], [77.5113, 12.93241], [77.50896, 12.9331]]], [[[77.51777, 12.96976], [77.517, 12.9701], [77.51799, 12.96989], [77.51777, 12.96976]]]]}}, {"type": "Feature", "properties": {"name": "Rajarajeshwari Nagar", "lowPct": 37.4, "modPct": 29.1, "highPct": 33.5, "meanStress": 1.961, "dominant": "Low", "infra": "Community Water Storage Tanks"}, "geometry": {"type": "Polygon", "coordinates": [[[77.51438, 12.89414], [77.5141, 12.89507], [77.5145, 12.89528], [77.51453, 12.89556], [77.51417, 12.89724], [77.51347, 12.89813], [77.51372, 12.89889], [77.51263, 12.90025], [77.51335, 12.9011], [77.51422, 12.90155], [77.5142, 12.90192], [77.51405, 12.90209], [77.51161, 12.90214], [77.511, 12.90251], [77.51134, 12.90276], [77.51107, 12.90374], [77.51118, 12.90443], [77.51179, 12.90557], [77.51157, 12.90609], [77.51043, 12.90724], [77.51116, 12.90804], [77.51105, 12.9085], [77.51232, 12.91011], [77.51249, 12.91081], [77.5128, 12.91094], [77.51197, 12.91366], [77.51227, 12.91594], [77.51256, 12.91625], [77.51162, 12.91815], [77.51149, 12.91928], [77.51182, 12.92031], [77.51154, 12.92073], [77.51171, 12.92203], [77.51144, 12.92368], [77.51043, 12.92385], [77.51043, 12.92465], [77.5052, 12.92539], [77.50407, 12.92713], [77.5028, 12.92813], [77.50357, 12.92903], [77.50541, 12.92972], [77.50756, 12.92902], [77.50851, 12.92914], [77.51093, 12.92891], [77.51089, 12.93238], [77.51163, 12.93253], [77.51315, 12.93354], [77.51497, 12.9333], [77.51606, 12.93271], [77.51511, 12.9312], [77.51455, 12.92954], [77.51568, 12.92857], [77.51787, 12.92726], [77.52249, 12.92564], [77.52302, 12.92523], [77.52453, 12.92559], [77.5263, 12.92506], [77.52695, 12.9237], [77.52825, 12.92311], [77.52849, 12.92213], [77.52916, 12.92198], [77.52949, 12.92316], [77.5309, 12.92471], [77.53131, 12.92591], [77.53143, 12.92787], [77.53178, 12.92806], [77.53136, 12.93394], [77.53181, 12.93399], [77.53229, 12.93361], [77.533, 12.93416], [77.53351, 12.93416], [77.53382, 12.93325], [77.53415, 12.93301], [77.53424, 12.93041], [77.53505, 12.92923], [77.53488, 12.92807], [77.53507, 12.92732], [77.53689, 12.92676], [77.53665, 12.92565], [77.53674, 12.92368], [77.53729, 12.9234], [77.53781, 12.92362], [77.53887, 12.92473], [77.54025, 12.92414], [77.54029, 12.92347], [77.53989, 12.92225], [77.53931, 12.92187], [77.53856, 12.91964], [77.53875, 12.91858], [77.53836, 12.9181], [77.53643, 12.91925], [77.53443, 12.91836], [77.53178, 12.91779], [77.53109, 12.9131], [77.5295, 12.90992], [77.52587, 12.9043], [77.52589, 12.90405], [77.52856, 12.90499], [77.528, 12.90204], [77.52634, 12.90238], [77.52594, 12.90068], [77.52432, 12.89747], [77.52316, 12.89767], [77.52239, 12.89737], [77.52128, 12.89786], [77.52088, 12.89756], [77.52045, 12.89678], [77.5208, 12.8961], [77.52104, 12.89469], [77.5209, 12.89361], [77.51982, 12.89306], [77.51887, 12.89292], [77.5185, 12.89339], [77.51723, 12.89318], [77.51659, 12.89371], [77.51589, 12.89382], [77.51563, 12.89328], [77.51574, 12.8924], [77.51524, 12.89257], [77.51523, 12.89295], [77.51396, 12.89298], [77.51438, 12.89414]]]}}, {"type": "Feature", "properties": {"name": "Shankar Matt", "lowPct": 0.0, "modPct": 62.0, "highPct": 38.0, "meanStress": 2.38, "dominant": "Moderate", "infra": "Community Water Storage Tanks"}, "geometry": {"type": "Polygon", "coordinates": [[[77.53695, 12.99698], [77.53684, 12.99733], [77.53531, 12.99702], [77.53532, 12.99655], [77.53596, 12.9966], [77.53544, 12.99485], [77.53347, 12.99523], [77.5335, 12.99583], [77.53234, 12.99616], [77.53215, 12.99559], [77.53062, 12.99604], [77.53013, 12.9943], [77.52954, 12.99453], [77.52946, 12.99433], [77.5281, 12.99488], [77.52847, 12.99664], [77.5254, 12.99748], [77.52557, 12.99783], [77.52628, 12.99787], [77.52599, 12.99854], [77.5282, 12.99909], [77.52845, 12.99886], [77.52853, 12.99929], [77.53662, 13.00123], [77.53666, 13.00103], [77.53577, 13.0008], [77.53794, 13.00016], [77.53995, 12.99986], [77.54114, 12.99932], [77.54041, 12.99689], [77.53695, 12.99698]]]}}, {"type": "Feature", "properties": {"name": "Muneshwara Nagar", "lowPct": 0.0, "modPct": 0.0, "highPct": 100.0, "meanStress": 3.0, "dominant": "High", "infra": "Community Water Storage Tanks"}, "geometry": {"type": "Polygon", "coordinates": [[[77.60952, 13.0108], [77.61009, 13.01191], [77.61001, 13.01289], [77.60919, 13.01509], [77.60853, 13.0151], [77.6085, 13.01624], [77.60765, 13.01648], [77.60748, 13.01717], [77.60784, 13.01949], [77.61017, 13.01863], [77.6115, 13.02002], [77.61209, 13.02152], [77.61274, 13.02139], [77.61272, 13.01845], [77.61319, 13.01635], [77.61344, 13.01357], [77.61336, 13.00968], [77.60962, 13.01052], [77.60952, 13.0108]]]}}, {"type": "Feature", "properties": {"name": "Aramane Nagara", "lowPct": 77.7, "modPct": 22.3, "highPct": 0.0, "meanStress": 1.223, "dominant": "Low", "infra": "Recharge Wells"}, "geometry": {"type": "Polygon", "coordinates": [[[77.58402, 13.00299], [77.5834, 13.00371], [77.5788, 13.00637], [77.57857, 13.00532], [77.57686, 13.00535], [77.57593, 13.00536], [77.57564, 13.00536], [77.57561, 13.00329], [77.57462, 13.00319], [77.57339, 13.00322], [77.57318, 13.00536], [77.56925, 13.00545], [77.56914, 13.0117], [77.56895, 13.01219], [77.56062, 13.01708], [77.56143, 13.01869], [77.56256, 13.02013], [77.56321, 13.02158], [77.56266, 13.0244], [77.56188, 13.02632], [77.56199, 13.02809], [77.56166, 13.02866], [77.56228, 13.03087], [77.56296, 13.03078], [77.563, 13.032], [77.56386, 13.03191], [77.56399, 13.0327], [77.56732, 13.03239], [77.56751, 13.03403], [77.56857, 13.03409], [77.56999, 13.032], [77.57125, 13.02846], [77.57768, 13.02726], [77.57773, 13.02689], [77.58009, 13.02654], [77.58128, 13.02521], [77.58274, 13.02455], [77.58466, 13.02291], [77.58397, 13.02039], [77.58397, 13.01451], [77.58652, 13.01433], [77.5878, 13.01379], [77.5917, 13.00842], [77.59326, 13.00565], [77.59566, 12.99775], [77.59625, 12.99497], [77.59612, 12.99471], [77.59418, 12.99546], [77.58968, 12.99533], [77.58949, 12.9957], [77.58655, 12.9975], [77.58436, 12.99783], [77.58402, 13.00299]]]}}, {"type": "Feature", "properties": {"name": "Rajamahal Guttahalli", "lowPct": 32.4, "modPct": 67.6, "highPct": 0.0, "meanStress": 1.676, "dominant": "Moderate", "infra": "Community Water Storage Tanks"}, "geometry": {"type": "Polygon", "coordinates": [[[77.583, 12.99925], [77.58084, 12.99724], [77.57832, 12.9975], [77.57834, 12.99916], [77.57691, 12.99892], [77.57397, 12.99891], [77.5738, 13.00096], [77.57258, 13.001], [77.57256, 13.00186], [77.57511, 13.00183], [77.5751, 13.00227], [77.57436, 13.00229], [77.57435, 13.00278], [77.57463, 13.00278], [77.57462, 13.00328], [77.57561, 13.00329], [77.57564, 13.00536], [77.57857, 13.00532], [77.5788, 13.00637], [77.5834, 13.00371], [77.58402, 13.00301], [77.58419, 12.99946], [77.583, 12.99925]]]}}, {"type": "Feature", "properties": {"name": "Gayithri Nagar", "lowPct": 0.0, "modPct": 99.2, "highPct": 0.8, "meanStress": 2.008, "dominant": "Moderate", "infra": "Community Water Storage Tanks"}, "geometry": {"type": "Polygon", "coordinates": [[[77.56057, 12.99718], [77.55599, 12.99865], [77.55308, 12.99818], [77.5527, 12.99936], [77.55324, 13.00188], [77.56054, 13.00049], [77.56014, 12.99895], [77.56096, 12.99866], [77.56414, 12.99814], [77.56433, 12.99896], [77.56833, 12.99337], [77.56012, 12.99393], [77.56038, 12.99458], [77.55915, 12.99499], [77.55985, 12.99667], [77.56057, 12.99718]]]}}, {"type": "Feature", "properties": {"name": "Radhakrishna Temple Ward", "lowPct": 1.1, "modPct": 23.7, "highPct": 75.1, "meanStress": 2.74, "dominant": "High", "infra": "Community Water Storage Tanks"}, "geometry": {"type": "Polygon", "coordinates": [[[77.56999, 13.032], [77.56787, 13.03498], [77.56599, 13.037], [77.56211, 13.04198], [77.56415, 13.04559], [77.56536, 13.04636], [77.57017, 13.04708], [77.57584, 13.04743], [77.57457, 13.04437], [77.57374, 13.04359], [77.57287, 13.04207], [77.57272, 13.0412], [77.5741, 13.03934], [77.57435, 13.03761], [77.57609, 13.03331], [77.57775, 13.03037], [77.57897, 13.02879], [77.5801, 13.02651], [77.57773, 13.02689], [77.57768, 13.02726], [77.57125, 13.02846], [77.56999, 13.032]]]}}, {"type": "Feature", "properties": {"name": "Chamundi Nagara", "lowPct": 1.4, "modPct": 30.5, "highPct": 68.1, "meanStress": 2.666, "dominant": "High", "infra": "Community Water Storage Tanks"}, "geometry": {"type": "Polygon", "coordinates": [[[77.59284, 13.01581], [77.59263, 13.01506], [77.59144, 13.01574], [77.59235, 13.01914], [77.593, 13.02496], [77.59475, 13.02469], [77.59548, 13.02839], [77.59584, 13.02833], [77.59607, 13.02984], [77.59645, 13.02984], [77.59652, 13.03007], [77.59646, 13.03241], [77.59765, 13.03253], [77.59879, 13.03319], [77.60038, 13.03329], [77.60181, 13.03416], [77.60208, 13.03495], [77.60253, 13.03505], [77.6022, 13.03338], [77.60156, 13.0334], [77.60153, 13.03262], [77.60018, 13.03274], [77.60029, 13.0311], [77.59969, 13.03019], [77.59939, 13.0287], [77.60009, 13.0267], [77.60066, 13.02627], [77.60043, 13.02558], [77.59812, 13.02545], [77.59803, 13.02492], [77.59711, 13.02497], [77.59683, 13.02343], [77.59626, 13.0236], [77.59616, 13.02323], [77.59453, 13.02369], [77.59363, 13.02043], [77.59443, 13.02022], [77.59394, 13.01874], [77.59477, 13.01852], [77.59455, 13.0178], [77.59501, 13.0174], [77.59512, 13.01667], [77.59483, 13.01659], [77.5946, 13.0159], [77.59284, 13.01581]]]}}, {"type": "Feature", "properties": {"name": "Jayachamarajendra  Nagar", "lowPct": 48.7, "modPct": 48.4, "highPct": 3.0, "meanStress": 1.543, "dominant": "Low", "infra": "Recharge Wells"}, "geometry": {"type": "Polygon", "coordinates": [[[77.59475, 13.00923], [77.59333, 13.00559], [77.5917, 13.00842], [77.5878, 13.01379], [77.58652, 13.01433], [77.58397, 13.01451], [77.58393, 13.0193], [77.58568, 13.01862], [77.58703, 13.01892], [77.58774, 13.01845], [77.58803, 13.01682], [77.59069, 13.01678], [77.59129, 13.01634], [77.5915, 13.01554], [77.59263, 13.01506], [77.59284, 13.01581], [77.5946, 13.0159], [77.59483, 13.01659], [77.59512, 13.01667], [77.59501, 13.0174], [77.59455, 13.0178], [77.59477, 13.01852], [77.59394, 13.01874], [77.59443, 13.02022], [77.59363, 13.02043], [77.59453, 13.02369], [77.59616, 13.02323], [77.59626, 13.0236], [77.59683, 13.02343], [77.59711, 13.02497], [77.59803, 13.02492], [77.59812, 13.02545], [77.60043, 13.02558], [77.60045, 13.02474], [77.5999, 13.02351], [77.60094, 13.02299], [77.59974, 13.01971], [77.59846, 13.01789], [77.59768, 13.01622], [77.59764, 13.01558], [77.59585, 13.01265], [77.59539, 13.01138], [77.5958, 13.01122], [77.59499, 13.0091], [77.59475, 13.00923]]]}}, {"type": "Feature", "properties": {"name": "Kaval Bairasandra", "lowPct": 0.0, "modPct": 0.0, "highPct": 100.0, "meanStress": 3.0, "dominant": "High", "infra": "Community Water Storage Tanks"}, "geometry": {"type": "Polygon", "coordinates": [[[77.60598, 13.01969], [77.60402, 13.02007], [77.6048, 13.02146], [77.60275, 13.02194], [77.5999, 13.02351], [77.60043, 13.02467], [77.60043, 13.0257], [77.60067, 13.02622], [77.60009, 13.0267], [77.5997, 13.02786], [77.60429, 13.02742], [77.60645, 13.02685], [77.60807, 13.03007], [77.61028, 13.03821], [77.61077, 13.03613], [77.61156, 13.03411], [77.61576, 13.0288], [77.61616, 13.028], [77.61347, 13.02566], [77.61254, 13.02353], [77.61274, 13.02139], [77.61209, 13.02152], [77.6115, 13.02002], [77.61017, 13.01863], [77.60739, 13.01977], [77.60598, 13.01969]]]}}, {"type": "Feature", "properties": {"name": "Sagayarapuram", "lowPct": 2.6, "modPct": 86.9, "highPct": 10.5, "meanStress": 2.08, "dominant": "Moderate", "infra": "Community Water Storage Tanks"}, "geometry": {"type": "Polygon", "coordinates": [[[77.61482, 13.00216], [77.61215, 13.0016], [77.61201, 13.00187], [77.61257, 13.00689], [77.6132, 13.00841], [77.61534, 13.01076], [77.61857, 13.0094], [77.61908, 13.00891], [77.62013, 13.00909], [77.62095, 13.00966], [77.62179, 13.00869], [77.62266, 13.00827], [77.62061, 13.00571], [77.61955, 13.00377], [77.61968, 13.00315], [77.62074, 13.00229], [77.62035, 13.00135], [77.62018, 12.99996], [77.61865, 13.00111], [77.61642, 13.002], [77.61482, 13.00216]]]}}, {"type": "Feature", "properties": {"name": "Pulikeshinagar", "lowPct": 19.5, "modPct": 80.5, "highPct": 0.0, "meanStress": 1.805, "dominant": "Moderate", "infra": "Community Water Storage Tanks"}, "geometry": {"type": "Polygon", "coordinates": [[[77.60716, 12.99032], [77.60536, 12.99015], [77.60498, 12.99135], [77.60387, 12.99273], [77.60286, 12.9924], [77.60182, 12.99248], [77.59659, 12.99444], [77.60068, 12.9957], [77.60563, 12.99424], [77.60877, 12.99897], [77.60685, 12.99949], [77.60647, 12.99782], [77.60509, 12.99779], [77.6046, 12.99867], [77.60185, 12.99988], [77.60152, 13.00144], [77.60244, 13.00139], [77.60428, 13.00432], [77.6109, 13.00189], [77.61119, 13.00209], [77.61185, 13.00195], [77.61215, 13.0016], [77.61482, 13.00216], [77.61707, 13.00183], [77.61865, 13.00111], [77.62018, 12.99996], [77.61898, 12.99877], [77.61794, 12.99828], [77.61678, 12.99575], [77.6176, 12.99509], [77.61936, 12.99169], [77.61955, 12.98986], [77.61931, 12.9872], [77.61386, 12.99065], [77.61116, 12.99175], [77.60882, 12.99346], [77.6074, 12.99348], [77.60716, 12.99032]]]}}, {"type": "Feature", "properties": {"name": "Challakere", "lowPct": 0.0, "modPct": 84.6, "highPct": 15.4, "meanStress": 2.154, "dominant": "Moderate", "infra": "Community Water Storage Tanks"}, "geometry": {"type": "Polygon", "coordinates": [[[77.66171, 13.01641], [77.63965, 13.02588], [77.63582, 13.02663], [77.63272, 13.02777], [77.6335, 13.02869], [77.63635, 13.0278], [77.63761, 13.02799], [77.63792, 13.03002], [77.6394, 13.03138], [77.63985, 13.03258], [77.6418, 13.03539], [77.64216, 13.03569], [77.6424, 13.03514], [77.64271, 13.03508], [77.64318, 13.03533], [77.64323, 13.03591], [77.64494, 13.03588], [77.64442, 13.03623], [77.64377, 13.03897], [77.64237, 13.03898], [77.64146, 13.03951], [77.64133, 13.04249], [77.63926, 13.04331], [77.63801, 13.04322], [77.63729, 13.04281], [77.6371, 13.04468], [77.63833, 13.05006], [77.63814, 13.0501], [77.63843, 13.05155], [77.63778, 13.05181], [77.63807, 13.05354], [77.64368, 13.04497], [77.6435, 13.04469], [77.66136, 13.02267], [77.66218, 13.02123], [77.6627, 13.01955], [77.66318, 13.01298], [77.66228, 13.0132], [77.66209, 13.01573], [77.66171, 13.01641]]]}}, {"type": "Feature", "properties": {"name": "Vijinapura", "lowPct": 0.7, "modPct": 90.7, "highPct": 8.6, "meanStress": 2.078, "dominant": "Moderate", "infra": "Community Water Storage Tanks"}, "geometry": {"type": "Polygon", "coordinates": [[[77.66416, 12.99448], [77.66279, 12.99676], [77.66407, 12.99748], [77.66359, 12.99826], [77.66319, 13.00456], [77.66257, 13.00819], [77.6623, 13.01239], [77.66228, 13.0132], [77.66318, 13.01298], [77.66276, 13.01915], [77.66553, 13.01857], [77.66573, 13.01945], [77.66936, 13.0185], [77.66896, 13.01674], [77.67099, 13.01775], [77.6712, 13.01711], [77.67067, 13.01371], [77.67198, 13.01364], [77.67197, 13.01326], [77.67305, 13.01321], [77.67312, 13.01148], [77.67423, 13.01147], [77.67386, 13.00945], [77.67306, 13.0097], [77.67273, 13.00858], [77.67241, 13.00713], [77.67294, 13.00716], [77.67296, 13.00688], [77.67071, 13.0069], [77.67077, 13.00587], [77.67022, 13.00458], [77.67122, 13.00442], [77.67158, 13.00253], [77.67604, 13.0022], [77.67623, 13.00211], [77.67643, 13.0007], [77.67737, 13.00069], [77.66416, 12.99448]]]}}, {"type": "Feature", "properties": {"name": "Kacharkanahalli", "lowPct": 3.6, "modPct": 80.7, "highPct": 15.7, "meanStress": 2.121, "dominant": "Moderate", "infra": "Community Water Storage Tanks"}, "geometry": {"type": "Polygon", "coordinates": [[[77.63693, 13.01968], [77.63537, 13.01272], [77.63085, 13.01296], [77.62787, 13.01252], [77.62616, 13.01304], [77.62588, 13.01253], [77.62504, 13.01284], [77.62524, 13.0133], [77.62417, 13.01393], [77.62203, 13.01457], [77.623, 13.01681], [77.62412, 13.01626], [77.62495, 13.01777], [77.62524, 13.01707], [77.62512, 13.01664], [77.62771, 13.01548], [77.62863, 13.0211], [77.62953, 13.02339], [77.62707, 13.02334], [77.62791, 13.02585], [77.63053, 13.0254], [77.63126, 13.02669], [77.63276, 13.02775], [77.63582, 13.02663], [77.63994, 13.02577], [77.63987, 13.02486], [77.64034, 13.02466], [77.64009, 13.02177], [77.63958, 13.02194], [77.63954, 13.02119], [77.63706, 13.0216], [77.63693, 13.01968]]]}}, {"type": "Feature", "properties": {"name": "Devasandra", "lowPct": 7.6, "modPct": 59.9, "highPct": 32.5, "meanStress": 2.249, "dominant": "Moderate", "infra": "Community Water Storage Tanks"}, "geometry": {"type": "Polygon", "coordinates": [[[77.67555, 12.99147], [77.67629, 12.99126], [77.67657, 12.99253], [77.67591, 12.99262], [77.67578, 12.99316], [77.6771, 12.99494], [77.67747, 12.99633], [77.67807, 12.99714], [77.67794, 12.99763], [77.67676, 12.99838], [77.67665, 13.00028], [77.68717, 13.00628], [77.68999, 13.00761], [77.69317, 13.00824], [77.69585, 13.00835], [77.70019, 13.00618], [77.69995, 13.00552], [77.70004, 13.00488], [77.69941, 12.99979], [77.70424, 12.99953], [77.70405, 12.99832], [77.70301, 12.99703], [77.70276, 12.99634], [77.70261, 12.99581], [77.70283, 12.99569], [77.70277, 12.99519], [77.70225, 12.9938], [77.69801, 12.99502], [77.69497, 12.9956], [77.69067, 12.99726], [77.68881, 12.99242], [77.68746, 12.9912], [77.68715, 12.9905], [77.6851, 12.99142], [77.68381, 12.99156], [77.68373, 12.99266], [77.68229, 12.99269], [77.68162, 12.99166], [77.68028, 12.99191], [77.6799, 12.99023], [77.67786, 12.99035], [77.67741, 12.99013], [77.67571, 12.99034], [77.67581, 12.99106], [77.67548, 12.99117], [77.67555, 12.99147]]]}}, {"type": "Feature", "properties": {"name": "Horamavu", "lowPct": 34.0, "modPct": 48.9, "highPct": 17.0, "meanStress": 1.83, "dominant": "Moderate", "infra": "Rainwater Harvesting Structures"}, "geometry": {"type": "Polygon", "coordinates": [[[77.66122, 13.02286], [77.64348, 13.04473], [77.64368, 13.04497], [77.63807, 13.05354], [77.63834, 13.05453], [77.63815, 13.05464], [77.63836, 13.0575], [77.63816, 13.05992], [77.63836, 13.06365], [77.6387, 13.06654], [77.63953, 13.06969], [77.63949, 13.07494], [77.63831, 13.07516], [77.63956, 13.07667], [77.64097, 13.07696], [77.64215, 13.07783], [77.64455, 13.08232], [77.64552, 13.08339], [77.6466, 13.08515], [77.64965, 13.08134], [77.65068, 13.07797], [77.65159, 13.07098], [77.65201, 13.0632], [77.65196, 13.06075], [77.65161, 13.0587], [77.64907, 13.05883], [77.64889, 13.05771], [77.64703, 13.05752], [77.64691, 13.05727], [77.64713, 13.05674], [77.64696, 13.05616], [77.6471, 13.05565], [77.64728, 13.0557], [77.64733, 13.05506], [77.64732, 13.05427], [77.6471, 13.05424], [77.64725, 13.05273], [77.64802, 13.05092], [77.64705, 13.04951], [77.64742, 13.04941], [77.64724, 13.04822], [77.64998, 13.04773], [77.65217, 13.04708], [77.65287, 13.04656], [77.65614, 13.04684], [77.6561, 13.0481], [77.65512, 13.04808], [77.65485, 13.04889], [77.65553, 13.05266], [77.65552, 13.05507], [77.65513, 13.05515], [77.65552, 13.05653], [77.65538, 13.05754], [77.6559, 13.06406], [77.65652, 13.06782], [77.65653, 13.07485], [77.6578, 13.07304], [77.65973, 13.06804], [77.66015, 13.06773], [77.6636, 13.06698], [77.66702, 13.0659], [77.66715, 13.06392], [77.6656, 13.06064], [77.66526, 13.05478], [77.66425, 13.05081], [77.66576, 13.05003], [77.66932, 13.04993], [77.67002, 13.0501], [77.67156, 13.05124], [77.67236, 13.05115], [77.67224, 13.05099], [77.67171, 13.05114], [77.66995, 13.04906], [77.66904, 13.04557], [77.66857, 13.04514], [77.66843, 13.04275], [77.6682, 13.04274], [77.66842, 13.04144], [77.66793, 13.03788], [77.67064, 13.03734], [77.67076, 13.0369], [77.67005, 13.03535], [77.67096, 13.03509], [77.66954, 13.02953], [77.66944, 13.02733], [77.67024, 13.02735], [77.67052, 13.02539], [77.67128, 13.02536], [77.67115, 13.02382], [77.6728, 13.02325], [77.67194, 13.02155], [77.67444, 13.01994], [77.67206, 13.01831], [77.66896, 13.01674], [77.66936, 13.0185], [77.66573, 13.01945], [77.66553, 13.01857], [77.66276, 13.01915], [77.66218, 13.02123], [77.66122, 13.02286]]]}}, {"type": "Feature", "properties": {"name": "Kammanahalli", "lowPct": 0.0, "modPct": 100.0, "highPct": 0.0, "meanStress": 2.0, "dominant": "Moderate", "infra": "Community Water Storage Tanks"}, "geometry": {"type": "Polygon", "coordinates": [[[77.63995, 13.00975], [77.63866, 13.00961], [77.63878, 13.01121], [77.63521, 13.01179], [77.63693, 13.01968], [77.63706, 13.0216], [77.63954, 13.02119], [77.63958, 13.02194], [77.64009, 13.02177], [77.64034, 13.02466], [77.63987, 13.02486], [77.63994, 13.02577], [77.64521, 13.02347], [77.64474, 13.01404], [77.64578, 13.01098], [77.64308, 13.00895], [77.64285, 13.00622], [77.63807, 13.00544], [77.64047, 13.00721], [77.63995, 13.00975]]]}}, {"type": "Feature", "properties": {"name": "A. Narayanapura", "lowPct": 22.0, "modPct": 39.5, "highPct": 38.4, "meanStress": 2.164, "dominant": "Moderate", "infra": "Community Water Storage Tanks"}, "geometry": {"type": "Polygon", "coordinates": [[[77.67337, 12.98639], [77.67171, 12.98588], [77.66948, 12.98612], [77.66797, 12.98549], [77.66782, 12.98587], [77.66753, 12.98594], [77.66741, 12.98867], [77.66763, 12.98953], [77.66816, 12.98984], [77.66836, 12.9902], [77.66626, 12.99158], [77.66416, 12.99448], [77.67665, 13.00028], [77.67676, 12.99838], [77.67794, 12.99763], [77.67807, 12.99714], [77.67747, 12.99633], [77.6771, 12.99494], [77.67578, 12.99316], [77.67591, 12.99262], [77.6766, 12.99241], [77.67629, 12.99126], [77.67555, 12.99147], [77.67548, 12.99117], [77.67581, 12.99106], [77.67571, 12.99034], [77.67741, 12.99013], [77.67786, 12.99035], [77.6799, 12.99023], [77.68028, 12.99191], [77.68162, 12.99166], [77.68229, 12.99269], [77.68373, 12.99266], [77.68381, 12.99156], [77.6851, 12.99142], [77.68715, 12.9905], [77.68746, 12.9912], [77.68852, 12.99204], [77.69089, 12.99156], [77.69349, 12.99042], [77.69556, 12.99028], [77.69585, 12.98392], [77.6957, 12.98247], [77.69518, 12.98112], [77.69437, 12.98157], [77.6935, 12.98158], [77.69332, 12.98187], [77.69223, 12.98186], [77.6916, 12.98154], [77.69018, 12.9818], [77.68882, 12.97851], [77.67976, 12.98374], [77.67859, 12.98408], [77.67492, 12.98637], [77.67337, 12.98639]]]}}, {"type": "Feature", "properties": {"name": "Banasavadi", "lowPct": 0.3, "modPct": 99.7, "highPct": 0.0, "meanStress": 1.997, "dominant": "Moderate", "infra": "Community Water Storage Tanks"}, "geometry": {"type": "Polygon", "coordinates": [[[77.64553, 13.00639], [77.64285, 13.00622], [77.64308, 13.00895], [77.64578, 13.01098], [77.64474, 13.01404], [77.64521, 13.02347], [77.66194, 13.0162], [77.66233, 13.01241], [77.65813, 13.01045], [77.6562, 13.00907], [77.65288, 13.00582], [77.65126, 13.00608], [77.65157, 13.00669], [77.64974, 13.00746], [77.64798, 13.00753], [77.6467, 13.00799], [77.64553, 13.00639]]]}}, {"type": "Feature", "properties": {"name": "Hennur", "lowPct": 0.0, "modPct": 23.0, "highPct": 77.0, "meanStress": 2.77, "dominant": "High", "infra": "Community Water Storage Tanks"}, "geometry": {"type": "Polygon", "coordinates": [[[77.63053, 13.0254], [77.62029, 13.02693], [77.62089, 13.02992], [77.62297, 13.035], [77.62364, 13.03884], [77.62436, 13.04018], [77.62486, 13.04183], [77.62627, 13.04421], [77.62749, 13.04551], [77.62785, 13.04519], [77.62808, 13.04438], [77.62867, 13.04403], [77.62813, 13.04331], [77.6285, 13.04292], [77.6286, 13.04234], [77.62924, 13.04258], [77.6297, 13.04222], [77.63034, 13.04263], [77.63104, 13.04251], [77.63154, 13.04292], [77.63237, 13.0421], [77.63346, 13.04183], [77.63364, 13.0426], [77.63464, 13.04258], [77.63527, 13.04106], [77.63596, 13.04072], [77.63674, 13.04103], [77.63655, 13.04211], [77.63672, 13.04241], [77.63801, 13.04322], [77.63938, 13.04329], [77.64133, 13.04249], [77.64146, 13.03951], [77.64237, 13.03898], [77.64377, 13.03897], [77.64442, 13.03623], [77.64494, 13.03588], [77.64323, 13.03591], [77.64318, 13.03533], [77.64271, 13.03508], [77.6424, 13.03514], [77.64216, 13.03569], [77.6418, 13.03539], [77.63985, 13.03258], [77.6394, 13.03138], [77.63792, 13.03002], [77.63761, 13.02799], [77.63635, 13.0278], [77.6335, 13.02869], [77.63269, 13.02765], [77.63224, 13.02753], [77.63126, 13.02669], [77.63053, 13.0254]]]}}, {"type": "Feature", "properties": {"name": "Hal Airport", "lowPct": 46.6, "modPct": 53.4, "highPct": 0.0, "meanStress": 1.534, "dominant": "Moderate", "infra": "Rainwater Harvesting Structures"}, "geometry": {"type": "Polygon", "coordinates": [[[77.66348, 12.95892], [77.66089, 12.95925], [77.65966, 12.95906], [77.65979, 12.96022], [77.66016, 12.96087], [77.65977, 12.96103], [77.65997, 12.96169], [77.66082, 12.96161], [77.66095, 12.96221], [77.66145, 12.96214], [77.66171, 12.9629], [77.66179, 12.96427], [77.66109, 12.96415], [77.66055, 12.96496], [77.661, 12.96518], [77.66107, 12.96545], [77.66156, 12.96553], [77.66196, 12.96631], [77.66165, 12.9668], [77.65846, 12.96719], [77.65795, 12.96817], [77.65727, 12.96824], [77.6577, 12.97071], [77.65873, 12.97125], [77.65864, 12.97145], [77.66152, 12.97162], [77.66157, 12.97198], [77.66306, 12.97154], [77.66534, 12.97184], [77.66605, 12.97146], [77.66553, 12.96876], [77.66559, 12.96898], [77.66752, 12.96856], [77.66811, 12.96839], [77.66799, 12.96796], [77.67003, 12.96763], [77.66974, 12.96609], [77.67025, 12.96612], [77.67032, 12.96437], [77.67074, 12.96439], [77.67075, 12.9634], [77.67153, 12.96341], [77.67163, 12.96426], [77.67546, 12.96482], [77.67741, 12.96462], [77.67845, 12.9651], [77.68039, 12.96432], [77.68213, 12.96411], [77.68303, 12.96604], [77.68262, 12.96718], [77.68596, 12.9671], [77.68714, 12.96729], [77.68718, 12.96696], [77.68843, 12.96675], [77.68887, 12.96232], [77.68935, 12.96217], [77.68961, 12.96144], [77.68924, 12.96], [77.68964, 12.95542], [77.68753, 12.95506], [77.68934, 12.9532], [77.68949, 12.95114], [77.68933, 12.95001], [77.68867, 12.94929], [77.68751, 12.94902], [77.67946, 12.94819], [77.67523, 12.94866], [77.67298, 12.9481], [77.67295, 12.9479], [77.6709, 12.94785], [77.67088, 12.94712], [77.66923, 12.94708], [77.66831, 12.94689], [77.66839, 12.94651], [77.66655, 12.94637], [77.66656, 12.94609], [77.66475, 12.94587], [77.66416, 12.94445], [77.66254, 12.94449], [77.66248, 12.94665], [77.65996, 12.94756], [77.65577, 12.94736], [77.65465, 12.9477], [77.64982, 12.94733], [77.64928, 12.94748], [77.64904, 12.9481], [77.64926, 12.94907], [77.65054, 12.95064], [77.6523, 12.95184], [77.65252, 12.95252], [77.65873, 12.95294], [77.66098, 12.95287], [77.66099, 12.95433], [77.66237, 12.95424], [77.6624, 12.95478], [77.66178, 12.95495], [77.66182, 12.95539], [77.66085, 12.95542], [77.66091, 12.95567], [77.66337, 12.95572], [77.66303, 12.95683], [77.66348, 12.95892]]]}}, {"type": "Feature", "properties": {"name": "Hbr Layout", "lowPct": 4.3, "modPct": 7.9, "highPct": 87.9, "meanStress": 2.836, "dominant": "High", "infra": "Community Water Storage Tanks"}, "geometry": {"type": "Polygon", "coordinates": [[[77.61425, 13.02077], [77.61382, 13.02019], [77.61276, 13.02039], [77.61256, 13.02361], [77.61355, 13.02578], [77.61612, 13.02784], [77.61566, 13.02873], [77.61588, 13.02889], [77.61691, 13.02792], [77.61774, 13.0277], [77.61903, 13.02784], [77.61891, 13.02851], [77.62075, 13.02925], [77.62029, 13.02693], [77.62791, 13.02585], [77.62707, 13.02334], [77.62953, 13.02339], [77.62863, 13.0211], [77.62771, 13.01548], [77.62512, 13.01664], [77.62524, 13.01707], [77.625, 13.01782], [77.62412, 13.01626], [77.623, 13.01681], [77.6235, 13.01975], [77.62267, 13.01989], [77.62267, 13.01989], [77.62238, 13.01993], [77.62229, 13.01924], [77.61982, 13.0196], [77.61972, 13.0191], [77.61884, 13.01928], [77.61911, 13.0213], [77.61785, 13.02111], [77.61722, 13.02035], [77.61425, 13.02077]]]}}, {"type": "Feature", "properties": {"name": "Nagavara", "lowPct": 0.0, "modPct": 0.0, "highPct": 100.0, "meanStress": 3.0, "dominant": "High", "infra": "Community Water Storage Tanks"}, "geometry": {"type": "Polygon", "coordinates": [[[77.61576, 13.0288], [77.61185, 13.03366], [77.61077, 13.03613], [77.61028, 13.03821], [77.61136, 13.03999], [77.612, 13.04253], [77.61387, 13.0421], [77.61594, 13.0412], [77.61735, 13.04089], [77.61848, 13.04096], [77.62025, 13.04001], [77.62005, 13.03914], [77.62139, 13.03878], [77.62147, 13.03925], [77.62186, 13.03918], [77.62184, 13.03858], [77.62251, 13.03851], [77.6225, 13.03832], [77.62353, 13.03832], [77.62297, 13.035], [77.62075, 13.02925], [77.61891, 13.02851], [77.61903, 13.02784], [77.61774, 13.0277], [77.61691, 13.02792], [77.61576, 13.0288]]]}}, {"type": "Feature", "properties": {"name": "Kadugondanahalli", "lowPct": 0.0, "modPct": 9.8, "highPct": 90.2, "meanStress": 2.902, "dominant": "High", "infra": "Community Water Storage Tanks"}, "geometry": {"type": "Polygon", "coordinates": [[[77.61864, 13.00934], [77.61534, 13.01076], [77.61617, 13.01204], [77.61755, 13.01536], [77.61884, 13.01928], [77.61972, 13.0191], [77.61982, 13.0196], [77.62229, 13.01924], [77.62238, 13.01993], [77.6235, 13.01975], [77.62309, 13.01708], [77.6207, 13.01149], [77.62065, 13.01058], [77.62095, 13.00966], [77.61953, 13.00896], [77.61908, 13.00891], [77.61864, 13.00934]]]}}, {"type": "Feature", "properties": {"name": "Subbayyanapalya", "lowPct": 0.0, "modPct": 100.0, "highPct": 0.0, "meanStress": 2.0, "dominant": "Moderate", "infra": "Community Water Storage Tanks"}, "geometry": {"type": "Polygon", "coordinates": [[[77.63313, 13.00427], [77.6291, 13.00564], [77.63001, 13.00754], [77.6313, 13.00753], [77.63243, 13.00838], [77.63259, 13.0098], [77.63242, 13.01294], [77.63537, 13.01272], [77.63521, 13.01179], [77.63878, 13.01121], [77.63869, 13.00952], [77.63995, 13.00975], [77.64047, 13.00721], [77.63759, 13.00517], [77.63665, 13.00423], [77.63492, 13.00397], [77.63313, 13.00427]]]}}, {"type": "Feature", "properties": {"name": "Lingarajapura", "lowPct": 0.0, "modPct": 97.9, "highPct": 2.1, "meanStress": 2.021, "dominant": "Moderate", "infra": "Community Water Storage Tanks"}, "geometry": {"type": "Polygon", "coordinates": [[[77.62494, 13.00455], [77.62382, 13.00173], [77.62113, 13.00335], [77.61963, 13.00396], [77.62061, 13.00571], [77.62266, 13.00827], [77.62179, 13.00869], [77.62115, 13.00933], [77.62065, 13.01058], [77.62085, 13.01194], [77.62203, 13.01457], [77.62417, 13.01393], [77.62524, 13.0133], [77.62504, 13.01284], [77.62588, 13.01253], [77.62616, 13.01304], [77.62787, 13.01252], [77.63001, 13.0129], [77.63242, 13.01294], [77.63258, 13.00965], [77.63236, 13.00826], [77.63123, 13.00751], [77.63001, 13.00754], [77.6291, 13.00564], [77.62753, 13.00627], [77.62668, 13.00412], [77.62494, 13.00455]]]}}, {"type": "Feature", "properties": {"name": "Maruthi Seva Nagar", "lowPct": 30.9, "modPct": 69.1, "highPct": 0.0, "meanStress": 1.691, "dominant": "Moderate", "infra": "Community Water Storage Tanks"}, "geometry": {"type": "Polygon", "coordinates": [[[77.62915, 12.99447], [77.62623, 12.99519], [77.62462, 12.99605], [77.62018, 12.99996], [77.62035, 13.00135], [77.62074, 13.00229], [77.61968, 13.00315], [77.61963, 13.00396], [77.62113, 13.00335], [77.62382, 13.00173], [77.62494, 13.00455], [77.62668, 13.00412], [77.62753, 13.00627], [77.63137, 13.00472], [77.63371, 13.00412], [77.63492, 13.00397], [77.63665, 13.00423], [77.63634, 13.00388], [77.63857, 13.00263], [77.64058, 12.99892], [77.64272, 12.9958], [77.64132, 12.99578], [77.64123, 12.99539], [77.64066, 12.99568], [77.64045, 12.99487], [77.63794, 12.9951], [77.63796, 12.99382], [77.63789, 12.99364], [77.63747, 12.99367], [77.63734, 12.99268], [77.62889, 12.99419], [77.62915, 12.99447]]]}}, {"type": "Feature", "properties": {"name": "Okalipuram", "lowPct": 0.0, "modPct": 95.3, "highPct": 4.7, "meanStress": 2.047, "dominant": "Moderate", "infra": "Community Water Storage Tanks"}, "geometry": {"type": "Polygon", "coordinates": [[[77.56227, 12.97733], [77.56053, 12.97725], [77.55925, 12.97995], [77.56076, 12.98046], [77.56118, 12.98176], [77.56173, 12.98192], [77.56079, 12.98669], [77.56185, 12.9872], [77.56145, 12.98828], [77.56396, 12.98818], [77.56399, 12.98836], [77.5651, 12.9883], [77.56511, 12.98854], [77.56793, 12.9884], [77.56815, 12.98244], [77.56632, 12.98181], [77.56452, 12.98177], [77.56442, 12.97937], [77.56488, 12.97772], [77.56461, 12.97631], [77.56227, 12.97733]]]}}, {"type": "Feature", "properties": {"name": "Dodda Nekkundi", "lowPct": 10.0, "modPct": 79.9, "highPct": 10.1, "meanStress": 2.002, "dominant": "Moderate", "infra": "Rainwater Harvesting Structures"}, "geometry": {"type": "Polygon", "coordinates": [[[77.69926, 12.95708], [77.68964, 12.95542], [77.68924, 12.96], [77.68961, 12.96144], [77.68935, 12.96217], [77.68887, 12.96232], [77.6884, 12.96701], [77.68779, 12.96727], [77.68781, 12.96907], [77.68637, 12.9697], [77.68646, 12.97021], [77.68609, 12.9703], [77.68682, 12.97322], [77.6859, 12.97395], [77.68574, 12.97465], [77.6843, 12.9755], [77.684, 12.97595], [77.6849, 12.97803], [77.68563, 12.97838], [77.68681, 12.97951], [77.68882, 12.97851], [77.69018, 12.9818], [77.6916, 12.98154], [77.69223, 12.98186], [77.69332, 12.98187], [77.69849, 12.97336], [77.70005, 12.97245], [77.70312, 12.97352], [77.70393, 12.97448], [77.70719, 12.9743], [77.70763, 12.97304], [77.70695, 12.96988], [77.70656, 12.96921], [77.70495, 12.96834], [77.70342, 12.96689], [77.70419, 12.96005], [77.70491, 12.95664], [77.69926, 12.95708]]]}}, {"type": "Feature", "properties": {"name": "Chickpete", "lowPct": 67.7, "modPct": 32.3, "highPct": 0.0, "meanStress": 1.323, "dominant": "Low", "infra": "Community Water Storage Tanks"}, "geometry": {"type": "Polygon", "coordinates": [[[77.57805, 12.96674], [77.57185, 12.9699], [77.57024, 12.97009], [77.57032, 12.97296], [77.57173, 12.97294], [77.57236, 12.97253], [77.5726, 12.97298], [77.57451, 12.97234], [77.57485, 12.97306], [77.57678, 12.97189], [77.57828, 12.97429], [77.58109, 12.97307], [77.58287, 12.97184], [77.58279, 12.97032], [77.58298, 12.97013], [77.5813, 12.96651], [77.57868, 12.96798], [77.57805, 12.96674]]]}}, {"type": "Feature", "properties": {"name": "Cox Town", "lowPct": 60.4, "modPct": 39.6, "highPct": 0.0, "meanStress": 1.396, "dominant": "Low", "infra": "Recharge Wells"}, "geometry": {"type": "Polygon", "coordinates": [[[77.64243, 12.98474], [77.63652, 12.98262], [77.63256, 12.9822], [77.63165, 12.9817], [77.63031, 12.98148], [77.62634, 12.98205], [77.62293, 12.98174], [77.62249, 12.98411], [77.62255, 12.98769], [77.61931, 12.9872], [77.61955, 12.98986], [77.61936, 12.99169], [77.6176, 12.99509], [77.61678, 12.99575], [77.61794, 12.99828], [77.61898, 12.99877], [77.62018, 12.99996], [77.62462, 12.99605], [77.62623, 12.99519], [77.62915, 12.99447], [77.62889, 12.99419], [77.63734, 12.99268], [77.63747, 12.99367], [77.63789, 12.99364], [77.63796, 12.99382], [77.63794, 12.9951], [77.64045, 12.99487], [77.64066, 12.99568], [77.64123, 12.99539], [77.64132, 12.99578], [77.64272, 12.9958], [77.64058, 12.99892], [77.63857, 13.00263], [77.63634, 13.00388], [77.63671, 13.00428], [77.63849, 13.00459], [77.64056, 13.00349], [77.64079, 13.00291], [77.64228, 13.00127], [77.64499, 12.99668], [77.64563, 12.99513], [77.6457, 12.99421], [77.64675, 12.99177], [77.64742, 12.99112], [77.64822, 12.99077], [77.64333, 12.99162], [77.64348, 12.99138], [77.64243, 12.98474]]]}}, {"type": "Feature", "properties": {"name": "Hoysala Nagar", "lowPct": 0.4, "modPct": 99.6, "highPct": 0.0, "meanStress": 1.996, "dominant": "Moderate", "infra": "Community Water Storage Tanks"}, "geometry": {"type": "Polygon", "coordinates": [[[77.63179, 12.97637], [77.62814, 12.97831], [77.62629, 12.97867], [77.62644, 12.97941], [77.62569, 12.97948], [77.62588, 12.98026], [77.6255, 12.98032], [77.62557, 12.98077], [77.62431, 12.9809], [77.62456, 12.98189], [77.62667, 12.98203], [77.62966, 12.98148], [77.63165, 12.9817], [77.63256, 12.9822], [77.63708, 12.98277], [77.64512, 12.98575], [77.64662, 12.97865], [77.64697, 12.97309], [77.64744, 12.97045], [77.64123, 12.97022], [77.64095, 12.9761], [77.63569, 12.97598], [77.63558, 12.97535], [77.6334, 12.9759], [77.63353, 12.97474], [77.63302, 12.97377], [77.63273, 12.97504], [77.63179, 12.97637]]]}}, {"type": "Feature", "properties": {"name": "Jeevanbhima Nagar", "lowPct": 32.8, "modPct": 67.2, "highPct": 0.0, "meanStress": 1.672, "dominant": "Moderate", "infra": "Community Water Storage Tanks"}, "geometry": {"type": "Polygon", "coordinates": [[[77.65534, 12.95936], [77.64167, 12.96057], [77.64123, 12.97022], [77.64744, 12.97045], [77.64776, 12.96887], [77.6537, 12.9678], [77.66165, 12.9668], [77.66196, 12.96631], [77.66156, 12.96553], [77.66107, 12.96545], [77.661, 12.96518], [77.66055, 12.96496], [77.66109, 12.96415], [77.66072, 12.96318], [77.6599, 12.96332], [77.6567, 12.96302], [77.65575, 12.96136], [77.65534, 12.95936]]]}}, {"type": "Feature", "properties": {"name": "Mudalapalya", "lowPct": 0.0, "modPct": 0.0, "highPct": 100.0, "meanStress": 3.0, "dominant": "High", "infra": "Community Water Storage Tanks"}, "geometry": {"type": "Polygon", "coordinates": [[[77.5195, 12.96975], [77.5182, 12.97019], [77.51854, 12.97072], [77.51791, 12.97189], [77.51817, 12.97276], [77.5173, 12.97336], [77.51782, 12.97513], [77.5186, 12.97551], [77.51844, 12.97653], [77.51871, 12.97733], [77.52175, 12.9767], [77.52656, 12.97626], [77.52649, 12.97476], [77.52518, 12.97491], [77.52468, 12.97327], [77.52456, 12.97279], [77.5253, 12.97264], [77.52459, 12.96912], [77.5241, 12.968], [77.52118, 12.9686], [77.52125, 12.96911], [77.51946, 12.96954], [77.5195, 12.96975]]]}}, {"type": "Feature", "properties": {"name": "Konena Agrahara", "lowPct": 37.3, "modPct": 62.7, "highPct": 0.0, "meanStress": 1.627, "dominant": "Moderate", "infra": "Community Water Storage Tanks"}, "geometry": {"type": "Polygon", "coordinates": [[[77.6523, 12.95184], [77.65054, 12.95064], [77.64926, 12.94907], [77.64905, 12.9479], [77.64937, 12.9474], [77.64903, 12.94601], [77.64777, 12.94717], [77.64653, 12.94787], [77.64504, 12.95], [77.64425, 12.95333], [77.64251, 12.95396], [77.64077, 12.95329], [77.64129, 12.9547], [77.64333, 12.95466], [77.64374, 12.95637], [77.64331, 12.95789], [77.64375, 12.95791], [77.64306, 12.95835], [77.64241, 12.96052], [77.65083, 12.95959], [77.65534, 12.95936], [77.65575, 12.96136], [77.6567, 12.96302], [77.6599, 12.96332], [77.66072, 12.96318], [77.66109, 12.96415], [77.66179, 12.96427], [77.66145, 12.96214], [77.66095, 12.96221], [77.66082, 12.96161], [77.65997, 12.96169], [77.65977, 12.96103], [77.66016, 12.96087], [77.65979, 12.96022], [77.65966, 12.95906], [77.66114, 12.95924], [77.66358, 12.95889], [77.66303, 12.95683], [77.66337, 12.95572], [77.66097, 12.95569], [77.66086, 12.95546], [77.66182, 12.95539], [77.66178, 12.95495], [77.66239, 12.95492], [77.66237, 12.95424], [77.66099, 12.95433], [77.66098, 12.95287], [77.65873, 12.95294], [77.65252, 12.95252], [77.6523, 12.95184]]]}}, {"type": "Feature", "properties": {"name": "Ramaswamypalya", "lowPct": 43.4, "modPct": 56.6, "highPct": 0.0, "meanStress": 1.566, "dominant": "Moderate", "infra": "Community Water Storage Tanks"}, "geometry": {"type": "Polygon", "coordinates": [[[77.59701, 13.00297], [77.59333, 13.00559], [77.59577, 13.01122], [77.60524, 13.00667], [77.6038, 13.00432], [77.60387, 13.00353], [77.60233, 13.00132], [77.60101, 13.00152], [77.59948, 13.0011], [77.59914, 13.0018], [77.59701, 13.00297]]]}}, {"type": "Feature", "properties": {"name": "Vasanthnagar", "lowPct": 80.6, "modPct": 19.4, "highPct": 0.0, "meanStress": 1.194, "dominant": "Low", "infra": "Recharge Wells"}, "geometry": {"type": "Polygon", "coordinates": [[[77.58687, 12.98172], [77.58445, 12.97793], [77.58109, 12.9801], [77.57725, 12.98067], [77.57671, 12.98134], [77.57658, 12.98207], [77.57695, 12.98316], [77.57759, 12.98365], [77.57479, 12.98414], [77.5761, 12.9853], [77.5799, 12.99099], [77.57757, 12.99174], [77.57795, 12.99209], [77.57711, 12.99366], [77.57923, 12.99546], [77.583, 12.99925], [77.58419, 12.99946], [77.58436, 12.99783], [77.58655, 12.9975], [77.58949, 12.9957], [77.58968, 12.99533], [77.59418, 12.99546], [77.5961, 12.99469], [77.59625, 12.99497], [77.59566, 12.99775], [77.59326, 13.00565], [77.59641, 13.00326], [77.59914, 13.0018], [77.59948, 13.0011], [77.60101, 13.00152], [77.60152, 13.00144], [77.60185, 12.99988], [77.6046, 12.99867], [77.60509, 12.99779], [77.60647, 12.99782], [77.60685, 12.99949], [77.60877, 12.99897], [77.60563, 12.99424], [77.60068, 12.9957], [77.59658, 12.99454], [77.60182, 12.99248], [77.60286, 12.9924], [77.60387, 12.99273], [77.60498, 12.99135], [77.60536, 12.99015], [77.60388, 12.99004], [77.604, 12.9872], [77.60301, 12.9883], [77.6028, 12.9865], [77.60195, 12.98653], [77.60223, 12.9892], [77.60149, 12.98998], [77.59963, 12.99048], [77.59724, 12.98433], [77.59289, 12.9897], [77.58965, 12.98597], [77.58904, 12.98653], [77.58892, 12.9864], [77.58687, 12.98172]]]}}, {"type": "Feature", "properties": {"name": "Bharathi Nagar", "lowPct": 21.8, "modPct": 78.2, "highPct": 0.0, "meanStress": 1.782, "dominant": "Moderate", "infra": "Community Water Storage Tanks"}, "geometry": {"type": "Polygon", "coordinates": [[[77.60875, 12.98787], [77.60709, 12.98821], [77.60727, 12.99302], [77.60754, 12.99354], [77.60882, 12.99346], [77.61116, 12.99175], [77.61305, 12.99108], [77.6173, 12.98862], [77.6147, 12.98479], [77.61326, 12.98554], [77.61319, 12.98536], [77.61191, 12.98593], [77.61186, 12.98577], [77.61106, 12.98598], [77.61057, 12.98488], [77.61012, 12.98554], [77.60916, 12.98573], [77.60838, 12.9864], [77.60875, 12.98787]]]}}, {"type": "Feature", "properties": {"name": "Ulsoor", "lowPct": 60.5, "modPct": 39.5, "highPct": 0.0, "meanStress": 1.395, "dominant": "Low", "infra": "Community Water Storage Tanks"}, "geometry": {"type": "Polygon", "coordinates": [[[77.6199, 12.97274], [77.61932, 12.97248], [77.61385, 12.97373], [77.61543, 12.97894], [77.61097, 12.98067], [77.61461, 12.98466], [77.6173, 12.98862], [77.61908, 12.98718], [77.62255, 12.98769], [77.62249, 12.98411], [77.62293, 12.98174], [77.62456, 12.98189], [77.62431, 12.9809], [77.62557, 12.98077], [77.6255, 12.98032], [77.62588, 12.98026], [77.62569, 12.97948], [77.62644, 12.97941], [77.62629, 12.97867], [77.6285, 12.97813], [77.62732, 12.97746], [77.62664, 12.97619], [77.62457, 12.9746], [77.62163, 12.97283], [77.6199, 12.97274]]]}}, {"type": "Feature", "properties": {"name": "Dattatreya Temple", "lowPct": 0.0, "modPct": 100.0, "highPct": 0.0, "meanStress": 2.0, "dominant": "Moderate", "infra": "Community Water Storage Tanks"}, "geometry": {"type": "Polygon", "coordinates": [[[77.57278, 12.99351], [77.56833, 12.99337], [77.5661, 12.99661], [77.56679, 12.99686], [77.57146, 12.99686], [77.5713, 13.00332], [77.57217, 13.00337], [77.57258, 13.001], [77.5738, 13.00096], [77.57397, 12.99891], [77.57691, 12.99892], [77.57834, 12.99916], [77.57832, 12.9975], [77.58084, 12.99724], [77.57548, 12.99191], [77.57417, 12.99281], [77.57397, 12.99384], [77.57278, 12.99351]]]}}, {"type": "Feature", "properties": {"name": "Gandhinagar", "lowPct": 81.9, "modPct": 18.1, "highPct": 0.0, "meanStress": 1.181, "dominant": "Low", "infra": "Recharge Wells"}, "geometry": {"type": "Polygon", "coordinates": [[[77.57031, 12.97137], [77.56863, 12.97177], [77.56975, 12.97457], [77.5709, 12.97465], [77.57109, 12.97945], [77.57086, 12.98044], [77.57026, 12.98119], [77.57271, 12.98341], [77.57219, 12.98516], [77.57229, 12.98798], [77.57157, 12.99107], [77.57152, 12.9934], [77.57397, 12.99384], [77.57417, 12.99281], [77.57548, 12.99191], [77.57711, 12.99366], [77.57795, 12.99209], [77.57757, 12.99174], [77.5799, 12.99099], [77.5761, 12.9853], [77.57479, 12.98414], [77.57759, 12.98365], [77.57695, 12.98316], [77.57658, 12.98207], [77.57671, 12.98134], [77.57725, 12.98067], [77.58109, 12.9801], [77.58445, 12.97793], [77.58106, 12.973], [77.57828, 12.97429], [77.57678, 12.97189], [77.57485, 12.97306], [77.57451, 12.97234], [77.5726, 12.97298], [77.57236, 12.97253], [77.57173, 12.97294], [77.57032, 12.97296], [77.57031, 12.97137]]]}}, {"type": "Feature", "properties": {"name": "Subhash Nagar", "lowPct": 8.0, "modPct": 89.2, "highPct": 2.8, "meanStress": 1.948, "dominant": "Moderate", "infra": "Community Water Storage Tanks"}, "geometry": {"type": "Polygon", "coordinates": [[[77.56597, 12.97457], [77.56444, 12.97586], [77.56488, 12.97772], [77.56442, 12.97937], [77.56451, 12.98168], [77.56463, 12.98187], [77.56632, 12.98181], [77.56815, 12.98244], [77.56781, 12.99338], [77.56931, 12.99324], [77.57152, 12.9934], [77.57157, 12.99107], [77.57229, 12.98798], [77.57219, 12.98516], [77.57271, 12.98341], [77.57026, 12.98119], [77.57086, 12.98044], [77.57109, 12.97945], [77.5709, 12.97465], [77.56987, 12.97465], [77.56964, 12.9744], [77.56824, 12.97059], [77.56806, 12.9688], [77.56725, 12.96904], [77.56712, 12.97019], [77.56663, 12.97057], [77.56691, 12.97151], [77.56597, 12.97457]]]}}, {"type": "Feature", "properties": {"name": "Binnipete", "lowPct": 0.0, "modPct": 2.0, "highPct": 98.0, "meanStress": 2.98, "dominant": "High", "infra": "Community Water Storage Tanks"}, "geometry": {"type": "Polygon", "coordinates": [[[77.55694, 12.96614], [77.55677, 12.96665], [77.55587, 12.96719], [77.55534, 12.9671], [77.5548, 12.96735], [77.55558, 12.96918], [77.55711, 12.96938], [77.55798, 12.97302], [77.5579, 12.97374], [77.55871, 12.97574], [77.55449, 12.97557], [77.55545, 12.97748], [77.55735, 12.97852], [77.55894, 12.97889], [77.55925, 12.97994], [77.56053, 12.97725], [77.56227, 12.97733], [77.56461, 12.97631], [77.56424, 12.97572], [77.56276, 12.97563], [77.56268, 12.97366], [77.5616, 12.97368], [77.56157, 12.97233], [77.56089, 12.97206], [77.56075, 12.96966], [77.56033, 12.96838], [77.56121, 12.96757], [77.56222, 12.96716], [77.56329, 12.9674], [77.56426, 12.96824], [77.56183, 12.9647], [77.56111, 12.96494], [77.56063, 12.96599], [77.55974, 12.96656], [77.55884, 12.96476], [77.55694, 12.96614]]]}}, {"type": "Feature", "properties": {"name": "Cottonpete", "lowPct": 0.0, "modPct": 26.0, "highPct": 74.0, "meanStress": 2.74, "dominant": "High", "infra": "Community Water Storage Tanks"}, "geometry": {"type": "Polygon", "coordinates": [[[77.56121, 12.96757], [77.56033, 12.96838], [77.56075, 12.96966], [77.56089, 12.97206], [77.56157, 12.97233], [77.5616, 12.97368], [77.56268, 12.97366], [77.56276, 12.97563], [77.56444, 12.97586], [77.5661, 12.97437], [77.56691, 12.97151], [77.56663, 12.97057], [77.56712, 12.97019], [77.56707, 12.9694], [77.56741, 12.9689], [77.56806, 12.9688], [77.56814, 12.97018], [77.56863, 12.97177], [77.57031, 12.97137], [77.57024, 12.97009], [77.57185, 12.9699], [77.5749, 12.96836], [77.57386, 12.96639], [77.57033, 12.96795], [77.56808, 12.9682], [77.56787, 12.96821], [77.56794, 12.96718], [77.56774, 12.96719], [77.56775, 12.96698], [77.56643, 12.96715], [77.56626, 12.96674], [77.56549, 12.96674], [77.5652, 12.96775], [77.56409, 12.96829], [77.56297, 12.96725], [77.56203, 12.96719], [77.56121, 12.96757]]]}}, {"type": "Feature", "properties": {"name": "Nagarabhavi", "lowPct": 42.7, "modPct": 13.5, "highPct": 43.7, "meanStress": 2.01, "dominant": "High", "infra": "Recharge Wells"}, "geometry": {"type": "Polygon", "coordinates": [[[77.52162, 12.94786], [77.52137, 12.94455], [77.52079, 12.94478], [77.52046, 12.94561], [77.51859, 12.94594], [77.5183, 12.94407], [77.51886, 12.94374], [77.51878, 12.94306], [77.5186, 12.94309], [77.51693, 12.94401], [77.51701, 12.94449], [77.51677, 12.94494], [77.51501, 12.94683], [77.51272, 12.94791], [77.51274, 12.94858], [77.51106, 12.95004], [77.51113, 12.95108], [77.51146, 12.9517], [77.51122, 12.95365], [77.51219, 12.95466], [77.51172, 12.95555], [77.51205, 12.95655], [77.51179, 12.9571], [77.51201, 12.95841], [77.51162, 12.95871], [77.51161, 12.95919], [77.51201, 12.95933], [77.51326, 12.95814], [77.51373, 12.95821], [77.51448, 12.95771], [77.51498, 12.95931], [77.51577, 12.96019], [77.51606, 12.9618], [77.51739, 12.96175], [77.51776, 12.96196], [77.51747, 12.9638], [77.51802, 12.96422], [77.51847, 12.96534], [77.51752, 12.96595], [77.51739, 12.96629], [77.51814, 12.96747], [77.51748, 12.96828], [77.51744, 12.96931], [77.5182, 12.97019], [77.51952, 12.96988], [77.51946, 12.96954], [77.52125, 12.96911], [77.52118, 12.9686], [77.5241, 12.968], [77.52348, 12.96623], [77.52469, 12.96603], [77.52474, 12.96618], [77.52566, 12.96589], [77.52558, 12.96562], [77.52682, 12.96531], [77.52686, 12.96466], [77.52643, 12.96446], [77.52673, 12.96364], [77.52671, 12.96199], [77.5263, 12.96201], [77.5263, 12.96222], [77.52395, 12.96168], [77.52328, 12.96173], [77.52316, 12.96224], [77.52197, 12.96174], [77.52064, 12.96179], [77.52032, 12.96049], [77.51939, 12.95978], [77.51889, 12.95863], [77.51879, 12.9582], [77.51944, 12.95709], [77.51951, 12.95449], [77.52014, 12.95253], [77.52213, 12.94984], [77.52162, 12.94786]]]}}, {"type": "Feature", "properties": {"name": "Kempapura Agrahara", "lowPct": 0.0, "modPct": 0.0, "highPct": 100.0, "meanStress": 3.0, "dominant": "High", "infra": "Community Water Storage Tanks"}, "geometry": {"type": "Polygon", "coordinates": [[[77.55871, 12.97574], [77.5579, 12.97374], [77.55798, 12.97302], [77.55711, 12.96938], [77.5545, 12.96889], [77.55418, 12.96911], [77.55426, 12.96964], [77.55192, 12.97036], [77.55306, 12.97166], [77.55447, 12.97557], [77.55871, 12.97574]]]}}, {"type": "Feature", "properties": {"name": "Rayapuram", "lowPct": 0.0, "modPct": 0.0, "highPct": 100.0, "meanStress": 3.0, "dominant": "High", "infra": "Community Water Storage Tanks"}, "geometry": {"type": "Polygon", "coordinates": [[[77.55461, 12.96422], [77.55147, 12.96439], [77.55184, 12.96631], [77.55076, 12.96659], [77.55073, 12.96622], [77.55006, 12.96639], [77.55159, 12.96805], [77.55558, 12.96918], [77.55484, 12.96724], [77.55587, 12.96719], [77.55677, 12.96665], [77.55691, 12.96603], [77.55815, 12.96539], [77.55772, 12.9636], [77.55695, 12.96393], [77.55681, 12.96352], [77.55743, 12.96331], [77.5573, 12.96257], [77.55539, 12.96303], [77.55519, 12.96341], [77.55526, 12.96448], [77.55461, 12.96422]]]}}, {"type": "Feature", "properties": {"name": "New Guddadahalli", "lowPct": 0.0, "modPct": 0.0, "highPct": 100.0, "meanStress": 3.0, "dominant": "High", "infra": "Community Water Storage Tanks"}, "geometry": {"type": "Polygon", "coordinates": [[[77.54551, 12.95139], [77.54526, 12.95088], [77.54379, 12.95176], [77.54277, 12.95164], [77.54207, 12.95273], [77.54129, 12.95314], [77.54171, 12.95428], [77.54159, 12.95521], [77.54189, 12.95584], [77.54335, 12.95705], [77.54371, 12.95773], [77.54364, 12.95846], [77.54221, 12.95875], [77.541, 12.96008], [77.54231, 12.96194], [77.54403, 12.96108], [77.54596, 12.96102], [77.54958, 12.95471], [77.54935, 12.95473], [77.54912, 12.95235], [77.5495, 12.95228], [77.5493, 12.95133], [77.5487, 12.95128], [77.54848, 12.95178], [77.54776, 12.95197], [77.54633, 12.95185], [77.54551, 12.95139]]]}}, {"type": "Feature", "properties": {"name": "Gali Anjaneya Temple Ward", "lowPct": 0.0, "modPct": 0.0, "highPct": 100.0, "meanStress": 3.0, "dominant": "High", "infra": "Community Water Storage Tanks"}, "geometry": {"type": "Polygon", "coordinates": [[[77.54363, 12.95741], [77.54159, 12.95521], [77.54171, 12.95428], [77.54129, 12.95314], [77.54169, 12.95305], [77.54116, 12.95247], [77.53751, 12.95035], [77.53665, 12.95316], [77.53476, 12.95517], [77.534, 12.95763], [77.5357, 12.9586], [77.53652, 12.95966], [77.53703, 12.95951], [77.53714, 12.95996], [77.53838, 12.95873], [77.53911, 12.96073], [77.54069, 12.95967], [77.541, 12.96008], [77.54221, 12.95875], [77.54364, 12.95846], [77.54363, 12.95741]]]}}, {"type": "Feature", "properties": {"name": "Devaraj Urs Nagar", "lowPct": 0.0, "modPct": 0.0, "highPct": 100.0, "meanStress": 3.0, "dominant": "High", "infra": "Community Water Storage Tanks"}, "geometry": {"type": "Polygon", "coordinates": [[[77.55526, 12.96448], [77.5553, 12.96321], [77.5571, 12.96044], [77.55631, 12.9599], [77.55489, 12.95831], [77.5512, 12.95709], [77.54841, 12.95657], [77.54574, 12.9614], [77.5488, 12.96085], [77.54929, 12.96229], [77.54957, 12.962], [77.54972, 12.96234], [77.55058, 12.96212], [77.55114, 12.96408], [77.55153, 12.96444], [77.55461, 12.96422], [77.55526, 12.96448]], [[77.54712, 12.95891], [77.54721, 12.95873], [77.54721, 12.95873], [77.54712, 12.95891]]]}}, {"type": "Feature", "properties": {"name": "Attiguppe", "lowPct": 0.0, "modPct": 0.0, "highPct": 100.0, "meanStress": 3.0, "dominant": "High", "infra": "Community Water Storage Tanks"}, "geometry": {"type": "Polygon", "coordinates": [[[77.53463, 12.95314], [77.53122, 12.95196], [77.52981, 12.9511], [77.52711, 12.94725], [77.52638, 12.94581], [77.52734, 12.95296], [77.52863, 12.95682], [77.52774, 12.95756], [77.52527, 12.95873], [77.51932, 12.95966], [77.52027, 12.96041], [77.52064, 12.96179], [77.52197, 12.96174], [77.52316, 12.96224], [77.52328, 12.96173], [77.52395, 12.96168], [77.5263, 12.96222], [77.5263, 12.96201], [77.52671, 12.96199], [77.52673, 12.96364], [77.52643, 12.9646], [77.5295, 12.96494], [77.53039, 12.9647], [77.53038, 12.96364], [77.52962, 12.96055], [77.53153, 12.95992], [77.53301, 12.96004], [77.53441, 12.95672], [77.53476, 12.95517], [77.53582, 12.95404], [77.53463, 12.95314]]]}}, {"type": "Feature", "properties": {"name": "Deepanjali Nagar", "lowPct": 0.0, "modPct": 0.0, "highPct": 100.0, "meanStress": 3.0, "dominant": "High", "infra": "Community Water Storage Tanks"}, "geometry": {"type": "Polygon", "coordinates": [[[77.54058, 12.93761], [77.53925, 12.93366], [77.53451, 12.93627], [77.52951, 12.94463], [77.52789, 12.94519], [77.52792, 12.94548], [77.52639, 12.94581], [77.52711, 12.94725], [77.52981, 12.9511], [77.53122, 12.95196], [77.53417, 12.95291], [77.53582, 12.95404], [77.53665, 12.95316], [77.53751, 12.95035], [77.54002, 12.95173], [77.54058, 12.95089], [77.54063, 12.95043], [77.54117, 12.95023], [77.54039, 12.94582], [77.53994, 12.94569], [77.5401, 12.9453], [77.53937, 12.94531], [77.53948, 12.9435], [77.53865, 12.94352], [77.53892, 12.93982], [77.53933, 12.93794], [77.54058, 12.93761]]]}}, {"type": "Feature", "properties": {"name": "Avalahalli", "lowPct": 0.0, "modPct": 0.0, "highPct": 100.0, "meanStress": 3.0, "dominant": "High", "infra": "Community Water Storage Tanks"}, "geometry": {"type": "Polygon", "coordinates": [[[77.54946, 12.94499], [77.54979, 12.94349], [77.55028, 12.94291], [77.55, 12.94215], [77.54758, 12.94249], [77.54495, 12.94317], [77.53948, 12.9435], [77.53937, 12.94531], [77.5401, 12.9453], [77.53994, 12.94569], [77.54039, 12.94582], [77.54117, 12.95023], [77.54063, 12.95043], [77.54058, 12.95089], [77.54002, 12.95173], [77.54153, 12.95287], [77.54207, 12.95273], [77.54277, 12.95164], [77.54379, 12.95176], [77.54526, 12.95088], [77.54551, 12.95139], [77.54609, 12.95175], [77.54776, 12.95197], [77.54848, 12.95178], [77.5487, 12.95128], [77.5493, 12.95133], [77.55001, 12.95093], [77.54999, 12.9494], [77.54955, 12.9478], [77.54982, 12.94772], [77.54946, 12.94499]]]}}, {"type": "Feature", "properties": {"name": "Chalavadipalya", "lowPct": 0.0, "modPct": 0.0, "highPct": 100.0, "meanStress": 3.0, "dominant": "High", "infra": "Community Water Storage Tanks"}, "geometry": {"type": "Polygon", "coordinates": [[[77.55769, 12.96079], [77.5571, 12.96044], [77.55542, 12.96301], [77.5573, 12.96257], [77.55743, 12.96331], [77.55681, 12.96352], [77.55695, 12.96393], [77.55772, 12.9636], [77.55815, 12.96539], [77.55884, 12.96476], [77.55974, 12.96656], [77.56063, 12.96599], [77.56111, 12.96494], [77.56183, 12.9647], [77.56426, 12.96824], [77.5652, 12.96775], [77.56549, 12.96674], [77.56626, 12.96674], [77.56643, 12.96715], [77.56775, 12.96698], [77.56774, 12.96719], [77.56794, 12.96718], [77.56787, 12.96821], [77.56808, 12.9682], [77.56828, 12.96362], [77.56278, 12.96169], [77.56023, 12.96143], [77.55769, 12.96079]]]}}, {"type": "Feature", "properties": {"name": "K R Market", "lowPct": 0.0, "modPct": 63.1, "highPct": 36.9, "meanStress": 2.369, "dominant": "Moderate", "infra": "Community Water Storage Tanks"}, "geometry": {"type": "Polygon", "coordinates": [[[77.56207, 12.96157], [77.56828, 12.96362], [77.56808, 12.96819], [77.57033, 12.96795], [77.57386, 12.96639], [77.57488, 12.96835], [77.57805, 12.96674], [77.57617, 12.96255], [77.57518, 12.96135], [77.5745, 12.95974], [77.57173, 12.96056], [77.56074, 12.96027], [77.56072, 12.9615], [77.56207, 12.96157]]]}}, {"type": "Feature", "properties": {"name": "Chamrajapet", "lowPct": 0.0, "modPct": 5.2, "highPct": 94.8, "meanStress": 2.948, "dominant": "High", "infra": "Community Water Storage Tanks"}, "geometry": {"type": "Polygon", "coordinates": [[[77.55799, 12.95588], [77.55666, 12.95549], [77.55639, 12.95648], [77.55538, 12.95624], [77.55585, 12.95828], [77.55533, 12.95877], [77.55631, 12.9599], [77.55806, 12.96094], [77.56072, 12.9615], [77.56074, 12.96027], [77.57173, 12.96056], [77.5745, 12.95974], [77.57374, 12.95758], [77.57338, 12.95727], [77.56335, 12.95699], [77.56343, 12.95395], [77.5623, 12.95341], [77.5612, 12.95334], [77.55981, 12.95368], [77.55848, 12.95318], [77.55799, 12.95588]], [[77.56335, 12.95699], [77.56335, 12.95699], [77.56335, 12.95699], [77.56335, 12.95699]]]}}, {"type": "Feature", "properties": {"name": "Azad Nagar", "lowPct": 0.0, "modPct": 0.0, "highPct": 100.0, "meanStress": 3.0, "dominant": "High", "infra": "Community Water Storage Tanks"}, "geometry": {"type": "Polygon", "coordinates": [[[77.55277, 12.95056], [77.55158, 12.95207], [77.54912, 12.95235], [77.54935, 12.95473], [77.54958, 12.95471], [77.54841, 12.95657], [77.55244, 12.95745], [77.55489, 12.95831], [77.55533, 12.95877], [77.55585, 12.95828], [77.55538, 12.95624], [77.55639, 12.95648], [77.55666, 12.95549], [77.55765, 12.95562], [77.55799, 12.95588], [77.55848, 12.95313], [77.55653, 12.95326], [77.55565, 12.95166], [77.55714, 12.95118], [77.55807, 12.95014], [77.55677, 12.94997], [77.55499, 12.95056], [77.5548, 12.94979], [77.55395, 12.95073], [77.5532, 12.95083], [77.55277, 12.95056]]]}}, {"type": "Feature", "properties": {"name": "Kudlu", "lowPct": 29.3, "modPct": 70.5, "highPct": 0.2, "meanStress": 1.709, "dominant": "Moderate", "infra": "Recharge Wells"}, "geometry": {"type": "Polygon", "coordinates": [[[77.65565, 12.8831], [77.65493, 12.88038], [77.65298, 12.88112], [77.65226, 12.88186], [77.65015, 12.88266], [77.64841, 12.8837], [77.64489, 12.88662], [77.64426, 12.88782], [77.64348, 12.88788], [77.64387, 12.89136], [77.64459, 12.89167], [77.64897, 12.891], [77.65023, 12.89323], [77.65261, 12.8947], [77.65422, 12.89448], [77.65592, 12.89387], [77.66022, 12.89479], [77.66543, 12.89423], [77.6738, 12.89291], [77.67233, 12.88465], [77.66782, 12.88558], [77.66818, 12.88359], [77.66593, 12.88422], [77.66249, 12.88446], [77.66053, 12.88418], [77.6565, 12.88494], [77.65565, 12.8831]]]}}, {"type": "Feature", "properties": {"name": "Dharmaraya Swamy Temple", "lowPct": 30.5, "modPct": 69.5, "highPct": 0.0, "meanStress": 1.695, "dominant": "Moderate", "infra": "Community Water Storage Tanks"}, "geometry": {"type": "Polygon", "coordinates": [[[77.58159, 12.96473], [77.57986, 12.96495], [77.57761, 12.96583], [77.57868, 12.96798], [77.5813, 12.96651], [77.58298, 12.97013], [77.58279, 12.97032], [77.58287, 12.97184], [77.58445, 12.97036], [77.58436, 12.9687], [77.58529, 12.96774], [77.58744, 12.96681], [77.58662, 12.96577], [77.58673, 12.96551], [77.58957, 12.96302], [77.5903, 12.96269], [77.59352, 12.96218], [77.59482, 12.96233], [77.59452, 12.96202], [77.59056, 12.95154], [77.58714, 12.95272], [77.58539, 12.95415], [77.58677, 12.95906], [77.5853, 12.9594], [77.58353, 12.96032], [77.58529, 12.96377], [77.584, 12.96389], [77.58408, 12.96477], [77.58159, 12.96473]]]}}, {"type": "Feature", "properties": {"name": "Silver Jublee Park", "lowPct": 3.9, "modPct": 92.7, "highPct": 3.4, "meanStress": 1.995, "dominant": "Moderate", "infra": "Community Water Storage Tanks"}, "geometry": {"type": "Polygon", "coordinates": [[[77.57602, 12.95298], [77.5737, 12.95318], [77.57368, 12.95729], [77.57353, 12.95736], [77.57518, 12.96135], [77.57617, 12.96255], [77.57763, 12.96587], [77.5802, 12.96488], [77.58197, 12.96467], [77.58408, 12.96477], [77.584, 12.96389], [77.58529, 12.96377], [77.58353, 12.96032], [77.5853, 12.9594], [77.58677, 12.95906], [77.58626, 12.95777], [77.58549, 12.95406], [77.58334, 12.95466], [77.57978, 12.95521], [77.57706, 12.95265], [77.57602, 12.95298]]]}}, {"type": "Feature", "properties": {"name": "Sunkenahalli", "lowPct": 0.0, "modPct": 0.1, "highPct": 99.9, "meanStress": 2.999, "dominant": "High", "infra": "Community Water Storage Tanks"}, "geometry": {"type": "Polygon", "coordinates": [[[77.56608, 12.94012], [77.56591, 12.93933], [77.56397, 12.9393], [77.56498, 12.94101], [77.5651, 12.94175], [77.5643, 12.94174], [77.56424, 12.94852], [77.56283, 12.94911], [77.56219, 12.94887], [77.5615, 12.94926], [77.56227, 12.95036], [77.56229, 12.95081], [77.56179, 12.95165], [77.56169, 12.95337], [77.5623, 12.95341], [77.56343, 12.95395], [77.56335, 12.95699], [77.57353, 12.95736], [77.57368, 12.95729], [77.5737, 12.95318], [77.57643, 12.95287], [77.57661, 12.9527], [77.57648, 12.95206], [77.57683, 12.95181], [77.57684, 12.9406], [77.57384, 12.94063], [77.57378, 12.94368], [77.56783, 12.9436], [77.56784, 12.9428], [77.56685, 12.94153], [77.56665, 12.94018], [77.56608, 12.94012]]]}}, {"type": "Feature", "properties": {"name": "Lakkasandra", "lowPct": 0.3, "modPct": 99.7, "highPct": 0.0, "meanStress": 1.997, "dominant": "Moderate", "infra": "Community Water Storage Tanks"}, "geometry": {"type": "Polygon", "coordinates": [[[77.60619, 12.9365], [77.59938, 12.93761], [77.59847, 12.9384], [77.59766, 12.93995], [77.59726, 12.94319], [77.60263, 12.94214], [77.60284, 12.9441], [77.60243, 12.94736], [77.60344, 12.95051], [77.60569, 12.95012], [77.60806, 12.94247], [77.61382, 12.93167], [77.60799, 12.93588], [77.60619, 12.9365]]]}}, {"type": "Feature", "properties": {"name": "Vishveshwara Puram", "lowPct": 0.0, "modPct": 61.8, "highPct": 38.2, "meanStress": 2.382, "dominant": "Moderate", "infra": "Community Water Storage Tanks"}, "geometry": {"type": "Polygon", "coordinates": [[[77.58004, 12.93677], [77.57768, 12.93969], [77.57776, 12.9406], [77.57684, 12.9406], [77.57683, 12.95181], [77.57648, 12.95206], [77.57653, 12.95265], [77.57706, 12.95265], [77.57978, 12.95521], [77.58334, 12.95466], [77.58549, 12.95406], [77.58714, 12.95272], [77.59177, 12.95104], [77.59291, 12.94998], [77.5935, 12.94874], [77.59081, 12.94733], [77.58988, 12.94638], [77.58796, 12.94615], [77.58909, 12.94345], [77.59126, 12.94244], [77.59366, 12.94176], [77.59254, 12.94046], [77.5927, 12.93621], [77.59104, 12.93667], [77.59056, 12.93613], [77.59012, 12.93632], [77.58994, 12.9355], [77.58913, 12.93581], [77.5877, 12.93517], [77.58627, 12.9364], [77.58573, 12.9366], [77.58004, 12.93677]], [[77.58511, 12.93663], [77.58508, 12.93663], [77.58511, 12.93663], [77.58511, 12.93663]], [[77.58596, 12.9366], [77.58596, 12.9366], [77.58592, 12.93656], [77.58596, 12.9366]]]}}, {"type": "Feature", "properties": {"name": "Ashok Nagar", "lowPct": 87.4, "modPct": 12.6, "highPct": 0.0, "meanStress": 1.126, "dominant": "Low", "infra": "Recharge Wells"}, "geometry": {"type": "Polygon", "coordinates": [[[77.60593, 12.9572], [77.60435, 12.95761], [77.60462, 12.95865], [77.60397, 12.95914], [77.60188, 12.95995], [77.59919, 12.96155], [77.59732, 12.96208], [77.59493, 12.9624], [77.59626, 12.96361], [77.59691, 12.96483], [77.59594, 12.96513], [77.59516, 12.96628], [77.59395, 12.97202], [77.59505, 12.97344], [77.59932, 12.97666], [77.59751, 12.98054], [77.59776, 12.98075], [77.61439, 12.9753], [77.61385, 12.97373], [77.61949, 12.97238], [77.61952, 12.97157], [77.61424, 12.96846], [77.61224, 12.9682], [77.61099, 12.96713], [77.60878, 12.96665], [77.6126, 12.96167], [77.61474, 12.96146], [77.61619, 12.96158], [77.61631, 12.96138], [77.61676, 12.95702], [77.61437, 12.95726], [77.61419, 12.955], [77.61371, 12.95358], [77.61242, 12.95413], [77.61252, 12.9536], [77.61207, 12.95244], [77.61136, 12.9516], [77.6083, 12.95198], [77.60761, 12.95151], [77.60514, 12.95197], [77.60537, 12.95465], [77.60593, 12.9572]]]}}, {"type": "Feature", "properties": {"name": "Hombegowda Nagar", "lowPct": 0.0, "modPct": 93.8, "highPct": 6.2, "meanStress": 2.062, "dominant": "Moderate", "infra": "Community Water Storage Tanks"}, "geometry": {"type": "Polygon", "coordinates": [[[77.59557, 12.94594], [77.59449, 12.94433], [77.59411, 12.94422], [77.59227, 12.94419], [77.59256, 12.94555], [77.59156, 12.94633], [77.59058, 12.94413], [77.59029, 12.94427], [77.59036, 12.94444], [77.58948, 12.94477], [77.58929, 12.94429], [77.58874, 12.94431], [77.58796, 12.94615], [77.58988, 12.94638], [77.59081, 12.94733], [77.5935, 12.94874], [77.59286, 12.95003], [77.59177, 12.95104], [77.59055, 12.95153], [77.59223, 12.95604], [77.60024, 12.94978], [77.60346, 12.95055], [77.60243, 12.94736], [77.60284, 12.9441], [77.60263, 12.94214], [77.59726, 12.94319], [77.59696, 12.94479], [77.59557, 12.94594]]]}}, {"type": "Feature", "properties": {"name": "B Venkata Reddy Nagar", "lowPct": 0.0, "modPct": 99.8, "highPct": 0.2, "meanStress": 2.002, "dominant": "Moderate", "infra": "Community Water Storage Tanks"}, "geometry": {"type": "Polygon", "coordinates": [[[77.59246, 12.94563], [77.59227, 12.94419], [77.59449, 12.94433], [77.59557, 12.94594], [77.59672, 12.9451], [77.59705, 12.9444], [77.59766, 12.93995], [77.59807, 12.93904], [77.59938, 12.93761], [77.6017, 12.93709], [77.6007, 12.93152], [77.6005, 12.92829], [77.5925, 12.92847], [77.59273, 12.93528], [77.59254, 12.94046], [77.59366, 12.94176], [77.59126, 12.94244], [77.58909, 12.94345], [77.58874, 12.94431], [77.58929, 12.94429], [77.58948, 12.94477], [77.59036, 12.94444], [77.59029, 12.94427], [77.59058, 12.94413], [77.59156, 12.94633], [77.59246, 12.94563]], [[77.59058, 12.94412], [77.59058, 12.94412], [77.59058, 12.94413], [77.59058, 12.94412]]]}}, {"type": "Feature", "properties": {"name": "Shanthi Nagar", "lowPct": 49.9, "modPct": 50.1, "highPct": 0.0, "meanStress": 1.501, "dominant": "Moderate", "infra": "Community Water Storage Tanks"}, "geometry": {"type": "Polygon", "coordinates": [[[77.60048, 12.94973], [77.59223, 12.95605], [77.59452, 12.96202], [77.59493, 12.9624], [77.59732, 12.96208], [77.59919, 12.96155], [77.60188, 12.95995], [77.60397, 12.95914], [77.60462, 12.95865], [77.60435, 12.95761], [77.60593, 12.9572], [77.60537, 12.95465], [77.60515, 12.95229], [77.60569, 12.95012], [77.60346, 12.95055], [77.60048, 12.94973]]]}}, {"type": "Feature", "properties": {"name": "Nilasandra", "lowPct": 0.6, "modPct": 99.4, "highPct": 0.0, "meanStress": 1.994, "dominant": "Moderate", "infra": "Community Water Storage Tanks"}, "geometry": {"type": "Polygon", "coordinates": [[[77.6083, 12.95198], [77.61136, 12.9516], [77.61186, 12.95205], [77.61252, 12.9536], [77.61242, 12.95413], [77.61371, 12.95358], [77.61407, 12.95504], [77.61763, 12.95361], [77.61798, 12.95271], [77.61891, 12.95227], [77.61835, 12.95197], [77.61737, 12.95062], [77.61535, 12.95084], [77.61133, 12.94977], [77.61121, 12.94938], [77.61089, 12.94931], [77.60574, 12.94997], [77.60514, 12.95197], [77.60761, 12.95151], [77.6083, 12.95198]]]}}, {"type": "Feature", "properties": {"name": "Vannarpet", "lowPct": 14.1, "modPct": 85.9, "highPct": 0.0, "meanStress": 1.859, "dominant": "Moderate", "infra": "Community Water Storage Tanks"}, "geometry": {"type": "Polygon", "coordinates": [[[77.62021, 12.95232], [77.61419, 12.955], [77.61421, 12.95546], [77.61437, 12.95726], [77.61676, 12.95702], [77.61624, 12.96152], [77.6126, 12.96167], [77.60878, 12.96665], [77.61099, 12.96713], [77.61224, 12.9682], [77.61424, 12.96846], [77.61952, 12.97157], [77.61997, 12.96823], [77.62052, 12.96667], [77.61962, 12.96549], [77.61767, 12.96532], [77.62032, 12.95913], [77.6212, 12.95762], [77.62021, 12.95232]]]}}, {"type": "Feature", "properties": {"name": "Jogupalya", "lowPct": 0.0, "modPct": 100.0, "highPct": 0.0, "meanStress": 2.0, "dominant": "Moderate", "infra": "Community Water Storage Tanks"}, "geometry": {"type": "Polygon", "coordinates": [[[77.62505, 12.966], [77.62221, 12.96719], [77.62052, 12.96667], [77.61997, 12.96823], [77.61953, 12.97222], [77.61932, 12.97248], [77.6199, 12.97274], [77.62163, 12.97283], [77.62457, 12.9746], [77.62664, 12.97619], [77.62732, 12.97746], [77.6285, 12.97813], [77.63179, 12.97637], [77.63273, 12.97504], [77.63392, 12.97082], [77.63276, 12.97043], [77.63321, 12.96918], [77.63303, 12.9688], [77.63383, 12.96543], [77.63363, 12.96544], [77.63363, 12.96462], [77.63428, 12.96462], [77.63431, 12.96163], [77.63207, 12.96116], [77.62824, 12.96236], [77.62637, 12.96349], [77.62505, 12.966]]]}}, {"type": "Feature", "properties": {"name": "Domlur", "lowPct": 2.8, "modPct": 97.2, "highPct": 0.0, "meanStress": 1.972, "dominant": "Moderate", "infra": "Community Water Storage Tanks"}, "geometry": {"type": "Polygon", "coordinates": [[[77.63638, 12.95632], [77.63472, 12.96115], [77.63427, 12.96168], [77.63428, 12.96462], [77.63363, 12.96462], [77.63363, 12.96544], [77.63383, 12.96543], [77.63303, 12.9688], [77.63321, 12.96918], [77.63276, 12.97043], [77.63392, 12.97082], [77.63302, 12.97377], [77.63353, 12.97474], [77.6334, 12.9759], [77.63558, 12.97535], [77.63569, 12.97598], [77.64095, 12.9761], [77.64167, 12.96057], [77.64241, 12.96052], [77.64306, 12.95835], [77.64375, 12.95791], [77.64331, 12.95789], [77.64374, 12.95637], [77.64333, 12.95466], [77.64129, 12.9547], [77.6411, 12.95392], [77.63974, 12.95153], [77.63654, 12.95536], [77.63608, 12.95632], [77.63638, 12.95632]]]}}, {"type": "Feature", "properties": {"name": "Jakkasandra", "lowPct": 2.5, "modPct": 97.5, "highPct": 0.0, "meanStress": 1.975, "dominant": "Moderate", "infra": "Community Water Storage Tanks"}, "geometry": {"type": "Polygon", "coordinates": [[[77.63817, 12.91595], [77.62851, 12.9168], [77.62564, 12.91765], [77.62265, 12.91728], [77.61478, 12.92989], [77.62904, 12.92416], [77.63677, 12.92534], [77.63992, 12.92383], [77.63845, 12.92039], [77.63817, 12.91595]]]}}, {"type": "Feature", "properties": {"name": "Hosakerehalli", "lowPct": 0.0, "modPct": 1.5, "highPct": 98.5, "meanStress": 2.985, "dominant": "High", "infra": "Community Water Storage Tanks"}, "geometry": {"type": "Polygon", "coordinates": [[[77.53749, 12.92348], [77.5369, 12.92351], [77.53668, 12.92397], [77.53665, 12.92565], [77.53689, 12.92676], [77.53507, 12.92732], [77.53488, 12.92807], [77.53505, 12.92923], [77.53417, 12.93069], [77.53415, 12.93301], [77.53382, 12.93325], [77.5331, 12.93509], [77.53365, 12.93506], [77.5343, 12.93647], [77.54108, 12.9324], [77.54623, 12.92807], [77.54575, 12.92723], [77.54541, 12.92727], [77.54479, 12.92586], [77.54432, 12.92604], [77.54357, 12.92385], [77.54348, 12.92203], [77.54296, 12.92071], [77.54047, 12.92168], [77.54004, 12.91999], [77.53889, 12.92026], [77.53931, 12.92187], [77.53983, 12.92213], [77.54024, 12.92324], [77.54025, 12.92414], [77.53887, 12.92473], [77.53749, 12.92348]]]}}, {"type": "Feature", "properties": {"name": "Subrahmanyapura", "lowPct": 57.8, "modPct": 25.4, "highPct": 16.8, "meanStress": 1.59, "dominant": "Low", "infra": "Recharge Wells"}, "geometry": {"type": "Polygon", "coordinates": [[[77.5455, 12.8835], [77.54371, 12.87919], [77.54201, 12.87944], [77.53993, 12.8801], [77.53906, 12.8799], [77.53752, 12.88026], [77.53756, 12.88328], [77.53584, 12.88461], [77.53258, 12.8853], [77.5316, 12.8852], [77.52791, 12.88397], [77.52233, 12.88363], [77.51903, 12.88319], [77.51665, 12.88738], [77.51572, 12.89006], [77.5162, 12.89145], [77.51588, 12.89381], [77.51659, 12.89371], [77.51723, 12.89318], [77.5185, 12.89339], [77.51887, 12.89292], [77.51982, 12.89306], [77.5209, 12.89361], [77.52104, 12.89469], [77.5208, 12.8961], [77.52045, 12.89678], [77.52088, 12.89756], [77.52128, 12.89786], [77.52239, 12.89737], [77.52316, 12.89767], [77.52432, 12.89747], [77.52594, 12.90068], [77.52634, 12.90238], [77.528, 12.90204], [77.52856, 12.90499], [77.52589, 12.90405], [77.52587, 12.9043], [77.5295, 12.90992], [77.53109, 12.9131], [77.53178, 12.91779], [77.53443, 12.91836], [77.53643, 12.91925], [77.53931, 12.91752], [77.54199, 12.9188], [77.54192, 12.91635], [77.54161, 12.91526], [77.54061, 12.91279], [77.5396, 12.9122], [77.53926, 12.9102], [77.53825, 12.90845], [77.53884, 12.9086], [77.5408, 12.90747], [77.54153, 12.90678], [77.54174, 12.90592], [77.5427, 12.9058], [77.54304, 12.90552], [77.54454, 12.90352], [77.54372, 12.90001], [77.54399, 12.89676], [77.54381, 12.89564], [77.54336, 12.89498], [77.54367, 12.89198], [77.54433, 12.89078], [77.54404, 12.88999], [77.54361, 12.89011], [77.5435, 12.88976], [77.54535, 12.88886], [77.54521, 12.88613], [77.54553, 12.8861], [77.54584, 12.88726], [77.54675, 12.88701], [77.54679, 12.88679], [77.54777, 12.88716], [77.54825, 12.88784], [77.54967, 12.8875], [77.55316, 12.88749], [77.55395, 12.8873], [77.55557, 12.8863], [77.55622, 12.88913], [77.55733, 12.88876], [77.55802, 12.8901], [77.55934, 12.88933], [77.55973, 12.89027], [77.56039, 12.89012], [77.56272, 12.88898], [77.5603, 12.88605], [77.55949, 12.88557], [77.55877, 12.8847], [77.55734, 12.8838], [77.5568, 12.88222], [77.55673, 12.88117], [77.55553, 12.87814], [77.55508, 12.87787], [77.55345, 12.87777], [77.55263, 12.87677], [77.55249, 12.87592], [77.55154, 12.87536], [77.55166, 12.87651], [77.55202, 12.87661], [77.552, 12.87681], [77.5514, 12.87682], [77.5512, 12.87732], [77.55145, 12.8792], [77.55089, 12.88112], [77.54918, 12.88163], [77.54914, 12.88272], [77.54827, 12.88272], [77.54834, 12.88337], [77.54773, 12.88344], [77.5478, 12.88391], [77.54728, 12.88438], [77.54662, 12.88449], [77.5455, 12.8835]]]}}, {"type": "Feature", "properties": {"name": "Vasanthpura", "lowPct": 12.8, "modPct": 35.8, "highPct": 51.4, "meanStress": 2.386, "dominant": "High", "infra": "Community Water Storage Tanks"}, "geometry": {"type": "Polygon", "coordinates": [[[77.54676, 12.88679], [77.54675, 12.88701], [77.54584, 12.88726], [77.54553, 12.8861], [77.54521, 12.88613], [77.54535, 12.88886], [77.5435, 12.88976], [77.54361, 12.89011], [77.54404, 12.88999], [77.54433, 12.89078], [77.54367, 12.89198], [77.54336, 12.89498], [77.54381, 12.89564], [77.54399, 12.89676], [77.54372, 12.90001], [77.54444, 12.90255], [77.54455, 12.90347], [77.54428, 12.90401], [77.54605, 12.90359], [77.54831, 12.90364], [77.5484, 12.90345], [77.54909, 12.90392], [77.54907, 12.90421], [77.55032, 12.90398], [77.55025, 12.90447], [77.55089, 12.90435], [77.55103, 12.90392], [77.55146, 12.90365], [77.55242, 12.90382], [77.55343, 12.90335], [77.55496, 12.90341], [77.55623, 12.90303], [77.55623, 12.90257], [77.55651, 12.9025], [77.55565, 12.89856], [77.55583, 12.89819], [77.55561, 12.89797], [77.55587, 12.89755], [77.55538, 12.89695], [77.55592, 12.89628], [77.55682, 12.8957], [77.55833, 12.89499], [77.55846, 12.89531], [77.55895, 12.89518], [77.55911, 12.89433], [77.55954, 12.89416], [77.55971, 12.89413], [77.55993, 12.8959], [77.56124, 12.89924], [77.56222, 12.8985], [77.56299, 12.8987], [77.56301, 12.89842], [77.56468, 12.89874], [77.56684, 12.89865], [77.56753, 12.89835], [77.56662, 12.89574], [77.5691, 12.89482], [77.56272, 12.88898], [77.56039, 12.89012], [77.55973, 12.89027], [77.55934, 12.88933], [77.55802, 12.8901], [77.55733, 12.88876], [77.55622, 12.88913], [77.55557, 12.8863], [77.55382, 12.88734], [77.55266, 12.88755], [77.54967, 12.8875], [77.54879, 12.88784], [77.54825, 12.88784], [77.54777, 12.88716], [77.54676, 12.88679]]]}}, {"type": "Feature", "properties": {"name": "Konanakunte", "lowPct": 0.0, "modPct": 60.6, "highPct": 39.4, "meanStress": 2.394, "dominant": "Moderate", "infra": "Community Water Storage Tanks"}, "geometry": {"type": "Polygon", "coordinates": [[[77.5584, 12.87017], [77.55835, 12.86984], [77.556, 12.87014], [77.55635, 12.87086], [77.55709, 12.87148], [77.55893, 12.87386], [77.55964, 12.87432], [77.55977, 12.87476], [77.55811, 12.87529], [77.5568, 12.87472], [77.55444, 12.87529], [77.55446, 12.87549], [77.55249, 12.87592], [77.55263, 12.87677], [77.55351, 12.8778], [77.55508, 12.87787], [77.55567, 12.87831], [77.55678, 12.88134], [77.5568, 12.88222], [77.55734, 12.8838], [77.55877, 12.8847], [77.55949, 12.88557], [77.5603, 12.88605], [77.56165, 12.88747], [77.56242, 12.88872], [77.56841, 12.89412], [77.57188, 12.89426], [77.57188, 12.89449], [77.5729, 12.8948], [77.57366, 12.89348], [77.57432, 12.89372], [77.57419, 12.89287], [77.5749, 12.89268], [77.57494, 12.89288], [77.57557, 12.89288], [77.57572, 12.89146], [77.57504, 12.89066], [77.57499, 12.88922], [77.57403, 12.88729], [77.57313, 12.88735], [77.57322, 12.888], [77.57099, 12.88844], [77.57026, 12.88453], [77.56745, 12.879], [77.56763, 12.8789], [77.56686, 12.87652], [77.56661, 12.87286], [77.56605, 12.87003], [77.56623, 12.86912], [77.56578, 12.86778], [77.56182, 12.8685], [77.56203, 12.8695], [77.5584, 12.87017]]]}}, {"type": "Feature", "properties": {"name": "Rbi Layout", "lowPct": 0.0, "modPct": 11.9, "highPct": 88.1, "meanStress": 2.881, "dominant": "High", "infra": "Community Water Storage Tanks"}, "geometry": {"type": "Polygon", "coordinates": [[[77.57654, 12.87806], [77.57636, 12.87989], [77.57554, 12.88213], [77.57557, 12.88357], [77.57434, 12.8836], [77.57433, 12.8831], [77.56993, 12.88368], [77.5704, 12.88497], [77.57099, 12.88844], [77.57322, 12.888], [77.57313, 12.88735], [77.57403, 12.88729], [77.57499, 12.88922], [77.57504, 12.89066], [77.57572, 12.89146], [77.57557, 12.89288], [77.57494, 12.89288], [77.5749, 12.89268], [77.57419, 12.89287], [77.57432, 12.89372], [77.57366, 12.89348], [77.57332, 12.89398], [77.57329, 12.89425], [77.57353, 12.89435], [77.5734, 12.89457], [77.5743, 12.8946], [77.57515, 12.89497], [77.57923, 12.89725], [77.57945, 12.89689], [77.57985, 12.89712], [77.57953, 12.89669], [77.5809, 12.89211], [77.58181, 12.89217], [77.58186, 12.89128], [77.58252, 12.89051], [77.58624, 12.88932], [77.5918, 12.8883], [77.59163, 12.88586], [77.59057, 12.8827], [77.59061, 12.88131], [77.59019, 12.87918], [77.5896, 12.87784], [77.58959, 12.87693], [77.58624, 12.87446], [77.58608, 12.87404], [77.58756, 12.87306], [77.58883, 12.87265], [77.58889, 12.86984], [77.58773, 12.86939], [77.58496, 12.87051], [77.58318, 12.8706], [77.58418, 12.87433], [77.58399, 12.87706], [77.58236, 12.87735], [77.58187, 12.87645], [77.58165, 12.87534], [77.57958, 12.87484], [77.57896, 12.87509], [77.57811, 12.87611], [77.57737, 12.87605], [77.5771, 12.87711], [77.57654, 12.87806]]]}}, {"type": "Feature", "properties": {"name": "Hosa Road", "lowPct": 0.7, "modPct": 88.2, "highPct": 11.0, "meanStress": 2.103, "dominant": "Moderate", "infra": "Community Water Storage Tanks"}, "geometry": {"type": "Polygon", "coordinates": [[[77.64893, 12.87037], [77.64105, 12.87199], [77.64024, 12.8725], [77.64004, 12.87354], [77.64016, 12.87444], [77.6397, 12.87602], [77.63696, 12.87996], [77.63756, 12.8837], [77.63825, 12.8837], [77.63955, 12.88671], [77.6411, 12.88714], [77.63804, 12.89216], [77.64108, 12.89319], [77.64127, 12.89391], [77.64277, 12.89396], [77.64298, 12.89429], [77.64488, 12.89426], [77.64481, 12.89393], [77.65026, 12.89344], [77.64897, 12.891], [77.64459, 12.89167], [77.64387, 12.89136], [77.64348, 12.88788], [77.64426, 12.88782], [77.64489, 12.88662], [77.64841, 12.8837], [77.65015, 12.88266], [77.65226, 12.88186], [77.65298, 12.88112], [77.65493, 12.88038], [77.65462, 12.87558], [77.65399, 12.87355], [77.65549, 12.87286], [77.65706, 12.87127], [77.65767, 12.87111], [77.65767, 12.86898], [77.65714, 12.86897], [77.65712, 12.86959], [77.65664, 12.86958], [77.65664, 12.86902], [77.65545, 12.86906], [77.65548, 12.86975], [77.65319, 12.86954], [77.65063, 12.8704], [77.64893, 12.87037]]]}}, {"type": "Feature", "properties": {"name": "Anjanapura", "lowPct": 3.1, "modPct": 82.4, "highPct": 14.5, "meanStress": 2.114, "dominant": "Moderate", "infra": "Rainwater Harvesting Structures"}, "geometry": {"type": "Polygon", "coordinates": [[[77.56642, 12.84778], [77.56559, 12.84779], [77.56427, 12.84324], [77.56265, 12.84097], [77.56131, 12.8399], [77.56093, 12.84009], [77.56072, 12.83991], [77.55728, 12.84153], [77.55718, 12.84393], [77.55495, 12.84767], [77.55448, 12.84801], [77.55325, 12.84777], [77.55303, 12.84714], [77.55137, 12.84796], [77.54478, 12.84769], [77.54437, 12.84807], [77.54432, 12.84852], [77.5452, 12.84882], [77.54515, 12.8493], [77.54563, 12.84963], [77.54567, 12.84991], [77.54555, 12.85049], [77.54483, 12.85092], [77.54481, 12.85129], [77.54522, 12.85161], [77.54551, 12.85273], [77.54582, 12.8529], [77.5458, 12.85451], [77.54645, 12.85545], [77.54592, 12.85655], [77.54639, 12.85828], [77.54573, 12.85924], [77.54516, 12.85879], [77.54505, 12.85963], [77.5456, 12.86037], [77.54578, 12.86111], [77.54612, 12.86134], [77.54643, 12.86271], [77.54794, 12.86373], [77.54831, 12.86439], [77.54792, 12.86511], [77.54822, 12.86579], [77.54826, 12.86693], [77.55013, 12.86756], [77.55049, 12.86828], [77.55041, 12.8695], [77.54997, 12.87013], [77.54999, 12.87124], [77.55002, 12.87167], [77.55091, 12.87283], [77.55107, 12.87375], [77.55085, 12.87419], [77.55105, 12.8749], [77.55092, 12.87534], [77.55154, 12.87536], [77.55248, 12.87592], [77.5568, 12.87472], [77.55811, 12.87529], [77.55977, 12.87476], [77.55964, 12.87432], [77.55893, 12.87386], [77.55709, 12.87148], [77.55635, 12.87086], [77.556, 12.87014], [77.55835, 12.86984], [77.5584, 12.87017], [77.56203, 12.8695], [77.56182, 12.8685], [77.56578, 12.86778], [77.56623, 12.86912], [77.56605, 12.87003], [77.56661, 12.87286], [77.56686, 12.87652], [77.56763, 12.8789], [77.56745, 12.879], [77.56993, 12.88368], [77.57433, 12.8831], [77.57434, 12.8836], [77.57557, 12.88357], [77.57556, 12.88202], [77.57636, 12.87989], [77.57653, 12.87799], [77.5771, 12.87711], [77.57737, 12.87605], [77.57811, 12.87611], [77.57896, 12.87509], [77.5795, 12.87485], [77.58145, 12.8753], [77.58163, 12.87504], [77.58097, 12.8741], [77.58055, 12.87404], [77.57955, 12.87188], [77.57918, 12.8718], [77.57921, 12.87111], [77.57965, 12.87115], [77.57964, 12.87011], [77.58069, 12.87009], [77.58059, 12.86787], [77.58187, 12.86768], [77.58187, 12.86747], [77.58131, 12.86729], [77.5809, 12.86574], [77.57966, 12.86557], [77.58032, 12.86338], [77.5801, 12.86111], [77.58013, 12.8602], [77.58009, 12.85973], [77.57998, 12.85839], [77.57998, 12.85831], [77.57998, 12.85831], [77.58009, 12.85614], [77.58048, 12.8552], [77.57972, 12.85359], [77.57275, 12.85519], [77.57188, 12.84856], [77.56645, 12.84808], [77.56642, 12.84778]], [[77.57987, 12.85835], [77.57998, 12.85831], [77.57998, 12.85831], [77.57987, 12.85835]]]}}, {"type": "Feature", "properties": {"name": "Gottigere", "lowPct": 4.3, "modPct": 65.3, "highPct": 30.4, "meanStress": 2.262, "dominant": "Moderate", "infra": "Rainwater Harvesting Structures"}, "geometry": {"type": "Polygon", "coordinates": [[[77.58162, 12.84074], [77.57879, 12.83827], [77.57314, 12.83913], [77.56568, 12.83968], [77.5622, 12.83902], [77.56072, 12.83991], [77.56093, 12.84009], [77.5615, 12.83993], [77.56213, 12.84072], [77.56238, 12.8407], [77.56427, 12.84324], [77.56559, 12.84779], [77.56642, 12.84778], [77.56645, 12.84808], [77.57188, 12.84856], [77.57275, 12.85519], [77.57972, 12.85359], [77.58058, 12.85513], [77.58015, 12.8558], [77.57998, 12.85831], [77.58032, 12.86338], [77.57966, 12.86557], [77.5809, 12.86574], [77.58131, 12.86729], [77.58187, 12.86747], [77.58187, 12.86768], [77.58059, 12.86787], [77.58069, 12.87009], [77.57964, 12.87011], [77.57965, 12.87115], [77.57921, 12.87111], [77.57918, 12.8718], [77.57955, 12.87188], [77.58055, 12.87404], [77.58097, 12.8741], [77.58113, 12.87458], [77.58158, 12.87473], [77.58145, 12.8753], [77.58165, 12.87534], [77.58187, 12.87645], [77.58236, 12.87735], [77.58399, 12.87706], [77.58418, 12.87433], [77.58318, 12.8706], [77.58496, 12.87051], [77.58773, 12.86939], [77.58799, 12.86947], [77.58781, 12.86929], [77.59036, 12.87053], [77.59266, 12.8721], [77.59295, 12.87272], [77.59419, 12.87297], [77.59042, 12.86242], [77.59403, 12.86188], [77.59402, 12.86056], [77.59339, 12.85947], [77.59279, 12.8576], [77.59209, 12.85405], [77.59039, 12.85049], [77.5902, 12.85011], [77.58942, 12.85008], [77.58885, 12.84873], [77.58832, 12.84902], [77.58823, 12.84881], [77.58831, 12.84901], [77.58812, 12.84374], [77.58857, 12.84146], [77.58751, 12.84164], [77.58669, 12.84214], [77.58471, 12.84426], [77.58336, 12.84445], [77.5827, 12.84392], [77.58188, 12.84264], [77.58162, 12.84074]], [[77.59367, 12.86059], [77.59367, 12.86059], [77.59367, 12.86059], [77.59367, 12.86059]]]}}, {"type": "Feature", "properties": {"name": "Naganathapura", "lowPct": 7.3, "modPct": 67.0, "highPct": 25.8, "meanStress": 2.185, "dominant": "Moderate", "infra": "Rainwater Harvesting Structures"}, "geometry": {"type": "Polygon", "coordinates": [[[77.65581, 12.85886], [77.64847, 12.86223], [77.64872, 12.86289], [77.65095, 12.86466], [77.65215, 12.86647], [77.65333, 12.86954], [77.65548, 12.86975], [77.65545, 12.86906], [77.65636, 12.869], [77.65664, 12.86902], [77.65664, 12.86958], [77.65712, 12.86959], [77.65714, 12.86897], [77.65767, 12.86898], [77.65767, 12.87111], [77.65706, 12.87127], [77.65549, 12.87286], [77.65399, 12.87355], [77.65462, 12.87558], [77.65493, 12.88038], [77.65565, 12.8831], [77.6565, 12.88494], [77.66053, 12.88418], [77.66249, 12.88446], [77.66593, 12.88422], [77.66818, 12.88359], [77.66782, 12.88558], [77.67375, 12.88437], [77.67434, 12.88383], [77.67403, 12.87982], [77.67104, 12.8803], [77.67247, 12.87846], [77.67324, 12.87805], [77.67458, 12.87535], [77.67529, 12.87263], [77.6728, 12.86929], [77.67289, 12.86825], [77.67114, 12.86781], [77.66782, 12.86641], [77.66656, 12.86622], [77.66467, 12.86307], [77.66451, 12.86237], [77.66401, 12.86243], [77.66357, 12.86068], [77.66115, 12.85877], [77.65931, 12.85862], [77.65766, 12.85815], [77.65749, 12.85839], [77.65581, 12.85886]]]}}, {"type": "Feature", "properties": {"name": "Gharebhavipalya", "lowPct": 0.0, "modPct": 41.6, "highPct": 58.4, "meanStress": 2.584, "dominant": "High", "infra": "Community Water Storage Tanks"}, "geometry": {"type": "Polygon", "coordinates": [[[77.6193, 12.8882], [77.61598, 12.88855], [77.61568, 12.88897], [77.61623, 12.88982], [77.61623, 12.89085], [77.61586, 12.89084], [77.61605, 12.89325], [77.61981, 12.8927], [77.62007, 12.89402], [77.6227, 12.89401], [77.62274, 12.89461], [77.62307, 12.89432], [77.62559, 12.89369], [77.62951, 12.8937], [77.62989, 12.89525], [77.63076, 12.89528], [77.63052, 12.89634], [77.63083, 12.89638], [77.63141, 12.8972], [77.63184, 12.89928], [77.63161, 12.90069], [77.63251, 12.90111], [77.6411, 12.88714], [77.63955, 12.88671], [77.63893, 12.88522], [77.63821, 12.88542], [77.63831, 12.88577], [77.63684, 12.88637], [77.63517, 12.88782], [77.63495, 12.88776], [77.6352, 12.88638], [77.63233, 12.8861], [77.63147, 12.88926], [77.63287, 12.88941], [77.6328, 12.89241], [77.63022, 12.89276], [77.62987, 12.89207], [77.62943, 12.89176], [77.62925, 12.89086], [77.62861, 12.89013], [77.62858, 12.88809], [77.62147, 12.88886], [77.62138, 12.8886], [77.6199, 12.88887], [77.6193, 12.8882]]]}}, {"type": "Feature", "properties": {"name": "Ibluru", "lowPct": 34.6, "modPct": 54.9, "highPct": 10.5, "meanStress": 1.758, "dominant": "Moderate", "infra": "Community Water Storage Tanks"}, "geometry": {"type": "Polygon", "coordinates": [[[77.65026, 12.89344], [77.64481, 12.89393], [77.64539, 12.8967], [77.64502, 12.89897], [77.64547, 12.90029], [77.64342, 12.90067], [77.64363, 12.9025], [77.64097, 12.90422], [77.64121, 12.90549], [77.64877, 12.9038], [77.64868, 12.90352], [77.65035, 12.90373], [77.65091, 12.90459], [77.65179, 12.90853], [77.64924, 12.90873], [77.64891, 12.91249], [77.64916, 12.91948], [77.65156, 12.9197], [77.6515, 12.921], [77.6515, 12.9212], [77.6536, 12.92096], [77.65361, 12.92045], [77.65466, 12.92045], [77.66035, 12.91634], [77.66222, 12.91879], [77.66279, 12.9212], [77.66116, 12.92161], [77.66247, 12.92614], [77.66327, 12.92763], [77.66329, 12.92823], [77.66376, 12.92804], [77.66493, 12.92814], [77.66586, 12.93035], [77.6664, 12.93101], [77.66803, 12.93124], [77.66769, 12.92879], [77.66846, 12.92871], [77.6689, 12.92715], [77.66877, 12.92332], [77.6682, 12.92324], [77.66779, 12.92156], [77.66662, 12.92098], [77.66518, 12.92107], [77.66211, 12.91756], [77.66139, 12.91557], [77.66042, 12.91497], [77.66085, 12.91369], [77.66009, 12.91107], [77.66013, 12.91013], [77.65893, 12.90957], [77.65709, 12.90968], [77.65659, 12.9092], [77.65454, 12.90178], [77.65462, 12.90072], [77.65684, 12.90024], [77.65669, 12.89848], [77.65623, 12.89762], [77.65561, 12.8978], [77.65547, 12.8969], [77.6548, 12.89701], [77.65439, 12.89654], [77.6539, 12.89569], [77.65379, 12.89455], [77.65261, 12.8947], [77.65027, 12.89326], [77.65026, 12.89344]]]}}, {"type": "Feature", "properties": {"name": "Thanisandra", "lowPct": 0.0, "modPct": 25.9, "highPct": 74.1, "meanStress": 2.741, "dominant": "High", "infra": "Community Water Storage Tanks"}, "geometry": {"type": "Polygon", "coordinates": [[[77.63717, 13.04511], [77.63729, 13.04281], [77.63656, 13.04213], [77.63674, 13.04103], [77.63596, 13.04072], [77.63527, 13.04106], [77.63464, 13.04258], [77.63364, 13.0426], [77.63346, 13.04183], [77.63237, 13.0421], [77.63154, 13.04292], [77.63104, 13.04251], [77.63034, 13.04263], [77.6297, 13.04222], [77.62924, 13.04258], [77.6286, 13.04234], [77.6285, 13.04292], [77.62813, 13.04331], [77.62867, 13.04403], [77.62808, 13.04438], [77.62785, 13.04519], [77.62749, 13.04551], [77.6256, 13.0432], [77.62353, 13.03832], [77.6225, 13.03832], [77.62251, 13.03851], [77.62184, 13.03858], [77.62186, 13.03918], [77.62147, 13.03925], [77.62139, 13.03878], [77.62005, 13.03914], [77.62025, 13.04001], [77.61848, 13.04096], [77.61735, 13.04089], [77.61594, 13.0412], [77.61361, 13.04217], [77.61247, 13.04377], [77.61209, 13.04571], [77.61144, 13.04656], [77.6114, 13.04702], [77.61231, 13.04783], [77.61451, 13.04848], [77.6155, 13.04819], [77.61825, 13.04797], [77.61834, 13.04933], [77.61788, 13.05119], [77.61793, 13.05276], [77.61817, 13.05368], [77.61862, 13.05434], [77.61666, 13.0544], [77.61619, 13.05461], [77.61532, 13.05701], [77.61469, 13.05751], [77.61433, 13.05942], [77.61368, 13.06052], [77.61219, 13.06175], [77.61082, 13.06253], [77.60922, 13.06308], [77.60964, 13.06568], [77.61157, 13.06559], [77.6116, 13.06793], [77.61309, 13.06774], [77.61359, 13.06734], [77.61437, 13.06555], [77.61509, 13.06568], [77.61602, 13.06259], [77.61714, 13.06263], [77.62057, 13.06297], [77.62059, 13.06332], [77.6218, 13.06336], [77.62238, 13.0643], [77.62457, 13.06671], [77.63558, 13.05712], [77.63626, 13.05643], [77.6378, 13.05401], [77.63807, 13.05354], [77.6378, 13.05166], [77.63843, 13.05155], [77.63814, 13.0501], [77.63833, 13.05006], [77.63717, 13.04511]]]}}, {"type": "Feature", "properties": {"name": "Sanjaya Nagar", "lowPct": 0.0, "modPct": 54.6, "highPct": 45.4, "meanStress": 2.454, "dominant": "Moderate", "infra": "Community Water Storage Tanks"}, "geometry": {"type": "Polygon", "coordinates": [[[77.57558, 13.03442], [77.57418, 13.03818], [77.5741, 13.03934], [77.57272, 13.0412], [77.57287, 13.04207], [77.57374, 13.04359], [77.57457, 13.04437], [77.57584, 13.04743], [77.57824, 13.04765], [77.5793, 13.04742], [77.58237, 13.04504], [77.58568, 13.0431], [77.58856, 13.04258], [77.59057, 13.04311], [77.5898, 13.0412], [77.58917, 13.03624], [77.58824, 13.0333], [77.58593, 13.02793], [77.58462, 13.02294], [77.58274, 13.02455], [77.58128, 13.02521], [77.58009, 13.02654], [77.57897, 13.02879], [77.57775, 13.03037], [77.57558, 13.03442]]]}}, {"type": "Feature", "properties": {"name": "Kodigehalli", "lowPct": 7.9, "modPct": 6.9, "highPct": 85.2, "meanStress": 2.772, "dominant": "High", "infra": "Community Water Storage Tanks"}, "geometry": {"type": "Polygon", "coordinates": [[[77.57886, 13.05458], [77.5792, 13.05443], [77.57833, 13.05285], [77.5796, 13.05221], [77.57858, 13.04925], [77.57788, 13.04931], [77.57755, 13.0476], [77.56613, 13.0466], [77.56415, 13.04559], [77.57054, 13.0568], [77.5696, 13.05771], [77.56931, 13.05926], [77.56778, 13.05982], [77.5676, 13.06019], [77.56655, 13.06098], [77.56749, 13.06265], [77.57101, 13.06314], [77.57145, 13.06383], [77.57416, 13.06181], [77.57759, 13.06409], [77.57806, 13.06371], [77.57753, 13.06334], [77.57745, 13.0629], [77.57853, 13.06261], [77.57849, 13.06175], [77.58181, 13.0609], [77.58113, 13.05882], [77.584, 13.0585], [77.58351, 13.05704], [77.58195, 13.05423], [77.58062, 13.05466], [77.58062, 13.05493], [77.57926, 13.05522], [77.57886, 13.05458]]]}}, {"type": "Feature", "properties": {"name": "Hebbal Kempapura", "lowPct": 0.0, "modPct": 1.9, "highPct": 98.1, "meanStress": 2.981, "dominant": "High", "infra": "Community Water Storage Tanks"}, "geometry": {"type": "MultiPolygon", "coordinates": [[[[77.612, 13.04253], [77.6115, 13.04035], [77.61028, 13.03821], [77.60944, 13.03965], [77.60823, 13.04053], [77.60737, 13.04085], [77.59542, 13.04127], [77.59267, 13.04106], [77.59002, 13.04161], [77.59057, 13.04311], [77.5884, 13.04258], [77.5855, 13.04316], [77.58237, 13.04504], [77.57955, 13.04729], [77.57847, 13.04764], [77.57755, 13.0476], [77.57788, 13.04931], [77.57858, 13.04925], [77.57959, 13.05221], [77.57833, 13.05285], [77.5792, 13.05443], [77.57886, 13.05457], [77.57926, 13.05522], [77.58062, 13.05493], [77.58062, 13.05466], [77.58195, 13.05423], [77.58351, 13.05704], [77.584, 13.0585], [77.58113, 13.05882], [77.58229, 13.06254], [77.58392, 13.06466], [77.59122, 13.05917], [77.59593, 13.05793], [77.59617, 13.0584], [77.59869, 13.05779], [77.5985, 13.05726], [77.59958, 13.05698], [77.59932, 13.05475], [77.60228, 13.054], [77.60621, 13.05263], [77.60681, 13.05237], [77.60722, 13.05163], [77.60779, 13.0513], [77.60827, 13.05406], [77.61425, 13.05274], [77.61553, 13.05214], [77.61629, 13.05207], [77.6166, 13.05149], [77.61789, 13.05141], [77.61834, 13.04933], [77.61825, 13.04796], [77.6155, 13.04819], [77.61451, 13.04848], [77.61231, 13.04783], [77.6114, 13.04702], [77.61144, 13.04656], [77.61209, 13.04571], [77.61247, 13.04377], [77.61361, 13.04217], [77.612, 13.04253]]], [[[77.57886, 13.05457], [77.57886, 13.05457], [77.57886, 13.05457], [77.57886, 13.05457]]]]}}, {"type": "Feature", "properties": {"name": "Garudachar Palya", "lowPct": 15.1, "modPct": 84.1, "highPct": 0.8, "meanStress": 1.858, "dominant": "Moderate", "infra": "Rainwater Harvesting Structures"}, "geometry": {"type": "Polygon", "coordinates": [[[77.70719, 12.9743], [77.70384, 12.97446], [77.70312, 12.97352], [77.70014, 12.97244], [77.69849, 12.97336], [77.6935, 12.98158], [77.69437, 12.98157], [77.69518, 12.98112], [77.69567, 12.98235], [77.69585, 12.98392], [77.69556, 12.99028], [77.69349, 12.99042], [77.69089, 12.99156], [77.68851, 12.99205], [77.69067, 12.99726], [77.69497, 12.9956], [77.69801, 12.99502], [77.69985, 12.99439], [77.7023, 12.99378], [77.70277, 12.99519], [77.70283, 12.99569], [77.70261, 12.99581], [77.70276, 12.99634], [77.70301, 12.99703], [77.70405, 12.99832], [77.70424, 12.99953], [77.70817, 12.99886], [77.71439, 12.99726], [77.71352, 12.9956], [77.71358, 12.99436], [77.71314, 12.99363], [77.71241, 12.99315], [77.71124, 12.99294], [77.71105, 12.99271], [77.71429, 12.99176], [77.71587, 12.99212], [77.71336, 12.98992], [77.70925, 12.9874], [77.70845, 12.98576], [77.70828, 12.98486], [77.70865, 12.98162], [77.71178, 12.97229], [77.71159, 12.97201], [77.70937, 12.97323], [77.70761, 12.97284], [77.70719, 12.9743]]]}}, {"type": "Feature", "properties": {"name": "Ramamurthy Nagar", "lowPct": 0.6, "modPct": 24.0, "highPct": 75.4, "meanStress": 2.748, "dominant": "High", "infra": "Community Water Storage Tanks"}, "geometry": {"type": "Polygon", "coordinates": [[[77.682, 13.0142], [77.68266, 13.01402], [77.68265, 13.01127], [77.68067, 13.01105], [77.68223, 13.00979], [77.68505, 13.00509], [77.67737, 13.00069], [77.67643, 13.0007], [77.67623, 13.00211], [77.67604, 13.0022], [77.67158, 13.00253], [77.67122, 13.00442], [77.67022, 13.00458], [77.67077, 13.00587], [77.67071, 13.0069], [77.67296, 13.00688], [77.67294, 13.00716], [77.67241, 13.00713], [77.67273, 13.00858], [77.67306, 13.0097], [77.67386, 13.00945], [77.67423, 13.01147], [77.67312, 13.01148], [77.67305, 13.01321], [77.67197, 13.01326], [77.67198, 13.01364], [77.67067, 13.01371], [77.6712, 13.01711], [77.67099, 13.01775], [77.67186, 13.01821], [77.67333, 13.01774], [77.67295, 13.01688], [77.67318, 13.0168], [77.67302, 13.01643], [77.67431, 13.01586], [77.67451, 13.01528], [77.67505, 13.01478], [77.67521, 13.01544], [77.67852, 13.0147], [77.6815, 13.01485], [77.682, 13.0142]]]}}, {"type": "Feature", "properties": {"name": "Govindaraja Nagar", "lowPct": 0.0, "modPct": 8.8, "highPct": 91.2, "meanStress": 2.912, "dominant": "High", "infra": "Community Water Storage Tanks"}, "geometry": {"type": "Polygon", "coordinates": [[[77.53747, 12.97567], [77.53314, 12.97591], [77.53489, 12.98137], [77.53679, 12.98065], [77.53715, 12.98158], [77.53727, 12.98271], [77.53705, 12.98347], [77.53751, 12.98792], [77.54034, 12.98665], [77.54009, 12.98478], [77.54037, 12.983], [77.53826, 12.98309], [77.5386, 12.98206], [77.5413, 12.98156], [77.54108, 12.97883], [77.54411, 12.97822], [77.54556, 12.97763], [77.54715, 12.97642], [77.54836, 12.97507], [77.54774, 12.97429], [77.54366, 12.97412], [77.53859, 12.9729], [77.53682, 12.97362], [77.53747, 12.97567]]]}}, {"type": "Feature", "properties": {"name": "Kalkere", "lowPct": 62.0, "modPct": 27.7, "highPct": 10.3, "meanStress": 1.482, "dominant": "Low", "infra": "Rainwater Harvesting Structures"}, "geometry": {"type": "Polygon", "coordinates": [[[77.68266, 13.01402], [77.68184, 13.01422], [77.6815, 13.01485], [77.67852, 13.0147], [77.67521, 13.01544], [77.67505, 13.01478], [77.67451, 13.01528], [77.67431, 13.01586], [77.67302, 13.01643], [77.67318, 13.0168], [77.67295, 13.01688], [77.67333, 13.01774], [77.67186, 13.01821], [77.67444, 13.01994], [77.67194, 13.02155], [77.67263, 13.02251], [77.6728, 13.02325], [77.67116, 13.02381], [77.67128, 13.02536], [77.67052, 13.02539], [77.67024, 13.02735], [77.66944, 13.02733], [77.66954, 13.02953], [77.67096, 13.03509], [77.67005, 13.03535], [77.67076, 13.0369], [77.67064, 13.03734], [77.66793, 13.03788], [77.66842, 13.04144], [77.6682, 13.04274], [77.66843, 13.04275], [77.66857, 13.04514], [77.66904, 13.04557], [77.66995, 13.04906], [77.67109, 13.05053], [77.67178, 13.05117], [77.67224, 13.05099], [77.67236, 13.05115], [77.67298, 13.05079], [77.67378, 13.05079], [77.67469, 13.05137], [77.67565, 13.05255], [77.67994, 13.05241], [77.68106, 13.05173], [77.68334, 13.04995], [77.68494, 13.04527], [77.68464, 13.04092], [77.68362, 13.03476], [77.68316, 13.02878], [77.6832, 13.02687], [77.68383, 13.0229], [77.68859, 13.02198], [77.69094, 13.02389], [77.69211, 13.02411], [77.69206, 13.02266], [77.69289, 13.02261], [77.69308, 13.02215], [77.69568, 13.02105], [77.69562, 13.02023], [77.6958, 13.01995], [77.69687, 13.01999], [77.69704, 13.01981], [77.69689, 13.01846], [77.69552, 13.01645], [77.69296, 13.01555], [77.69278, 13.01554], [77.69253, 13.01629], [77.68608, 13.01559], [77.6857, 13.01499], [77.68542, 13.01519], [77.68511, 13.01461], [77.68266, 13.01402]]]}}, {"type": "Feature", "properties": {"name": "Vijayanagar", "lowPct": 0.0, "modPct": 0.0, "highPct": 100.0, "meanStress": 3.0, "dominant": "High", "infra": "Community Water Storage Tanks"}, "geometry": {"type": "Polygon", "coordinates": [[[77.54217, 12.97063], [77.53782, 12.97212], [77.53834, 12.97274], [77.53915, 12.97314], [77.54366, 12.97412], [77.54774, 12.97429], [77.54836, 12.97507], [77.54961, 12.97397], [77.55063, 12.97371], [77.55296, 12.97537], [77.55447, 12.97557], [77.55298, 12.97151], [77.55152, 12.96992], [77.55047, 12.96949], [77.5495, 12.96822], [77.5493, 12.96832], [77.54986, 12.96944], [77.54949, 12.96921], [77.54872, 12.96959], [77.5474, 12.96959], [77.54753, 12.96998], [77.54624, 12.97041], [77.54638, 12.97074], [77.54263, 12.97201], [77.54217, 12.97063]]]}}, {"type": "Feature", "properties": {"name": "Sampangiram Nagar", "lowPct": 100.0, "modPct": 0.0, "highPct": 0.0, "meanStress": 1.0, "dominant": "Low", "infra": "Recharge Wells"}, "geometry": {"type": "Polygon", "coordinates": [[[77.58957, 12.96302], [77.58673, 12.96551], [77.58662, 12.96577], [77.58744, 12.96681], [77.58529, 12.96774], [77.58436, 12.9687], [77.58445, 12.97036], [77.58267, 12.97203], [77.58109, 12.97307], [77.58689, 12.98174], [77.58904, 12.98653], [77.58965, 12.98597], [77.59289, 12.9897], [77.59724, 12.98433], [77.59963, 12.99048], [77.60149, 12.98998], [77.60223, 12.9892], [77.60195, 12.98653], [77.60293, 12.98654], [77.60289, 12.98618], [77.6036, 12.9861], [77.6036, 12.98514], [77.60175, 12.98466], [77.60368, 12.98412], [77.6033, 12.98221], [77.60772, 12.98084], [77.60668, 12.97782], [77.59776, 12.98075], [77.59751, 12.98054], [77.59932, 12.97666], [77.59505, 12.97344], [77.59395, 12.97202], [77.59516, 12.96628], [77.59594, 12.96513], [77.59692, 12.96485], [77.59686, 12.9647], [77.59599, 12.96328], [77.59445, 12.96223], [77.59287, 12.96227], [77.5903, 12.96269], [77.58957, 12.96302]]]}}, {"type": "Feature", "properties": {"name": "Shivaji Nagar", "lowPct": 86.7, "modPct": 13.3, "highPct": 0.0, "meanStress": 1.133, "dominant": "Low", "infra": "Recharge Wells"}, "geometry": {"type": "Polygon", "coordinates": [[[77.60207, 12.98445], [77.60183, 12.98477], [77.6036, 12.98514], [77.6036, 12.9861], [77.60289, 12.98618], [77.60281, 12.98678], [77.60301, 12.9883], [77.604, 12.9872], [77.60388, 12.99004], [77.60716, 12.99032], [77.60709, 12.98821], [77.60875, 12.98787], [77.60838, 12.9864], [77.60894, 12.98586], [77.61007, 12.98557], [77.61057, 12.98488], [77.61106, 12.98598], [77.61186, 12.98577], [77.61191, 12.98593], [77.61319, 12.98536], [77.61326, 12.98554], [77.6147, 12.98479], [77.61097, 12.98067], [77.61543, 12.97894], [77.61439, 12.9753], [77.60668, 12.97782], [77.60772, 12.98084], [77.6033, 12.98221], [77.60368, 12.98412], [77.60207, 12.98445]]]}}, {"type": "Feature", "properties": {"name": "Subramanya Nagar", "lowPct": 0.0, "modPct": 100.0, "highPct": 0.0, "meanStress": 2.0, "dominant": "Moderate", "infra": "Community Water Storage Tanks"}, "geometry": {"type": "Polygon", "coordinates": [[[77.55718, 13.00723], [77.55995, 13.00591], [77.56025, 13.00732], [77.56153, 13.00383], [77.56433, 12.99896], [77.56414, 12.99814], [77.56014, 12.99895], [77.56054, 13.00049], [77.55324, 13.00188], [77.55429, 13.00617], [77.55445, 13.0077], [77.55718, 13.00723]]]}}, {"type": "Feature", "properties": {"name": "Kadu Malleshwar Ward", "lowPct": 22.2, "modPct": 77.8, "highPct": 0.0, "meanStress": 1.778, "dominant": "Moderate", "infra": "Community Water Storage Tanks"}, "geometry": {"type": "Polygon", "coordinates": [[[77.55995, 13.00591], [77.55718, 13.00723], [77.55445, 13.0077], [77.55446, 13.01241], [77.55402, 13.01488], [77.5542, 13.0152], [77.55606, 13.01596], [77.55766, 13.01883], [77.56895, 13.01219], [77.56914, 13.0117], [77.56925, 13.00545], [77.57318, 13.00536], [77.57339, 13.00322], [77.57464, 13.00318], [77.57463, 13.00278], [77.57435, 13.00278], [77.57436, 13.00229], [77.5751, 13.00227], [77.57511, 13.00183], [77.57228, 13.00186], [77.57217, 13.00337], [77.5713, 13.00332], [77.57146, 12.99686], [77.56679, 12.99686], [77.56611, 12.99661], [77.56448, 12.99866], [77.56153, 13.00383], [77.56025, 13.00732], [77.55995, 13.00591]]]}}, {"type": "Feature", "properties": {"name": "Agaram", "lowPct": 88.3, "modPct": 11.7, "highPct": 0.0, "meanStress": 1.117, "dominant": "Low", "infra": "Recharge Wells"}, "geometry": {"type": "Polygon", "coordinates": [[[77.61932, 12.94745], [77.61669, 12.94926], [77.61166, 12.94931], [77.61104, 12.94897], [77.60579, 12.9498], [77.60574, 12.94997], [77.61109, 12.94932], [77.61133, 12.94977], [77.61535, 12.95084], [77.61737, 12.95062], [77.61835, 12.95197], [77.61891, 12.95227], [77.61798, 12.95271], [77.61781, 12.9535], [77.62021, 12.95232], [77.6212, 12.95762], [77.62032, 12.95913], [77.61767, 12.96532], [77.61962, 12.96549], [77.62042, 12.96663], [77.62149, 12.96712], [77.62284, 12.96707], [77.62497, 12.96611], [77.62637, 12.96349], [77.62824, 12.96236], [77.63207, 12.96116], [77.63431, 12.96163], [77.63472, 12.96115], [77.63654, 12.95536], [77.64061, 12.95046], [77.64207, 12.94943], [77.64507, 12.94668], [77.64746, 12.94497], [77.64755, 12.94447], [77.64733, 12.94428], [77.64782, 12.9438], [77.6544, 12.94025], [77.65743, 12.94011], [77.65806, 12.93985], [77.65814, 12.9379], [77.65891, 12.93792], [77.65891, 12.9383], [77.66043, 12.93827], [77.66056, 12.93803], [77.65934, 12.93755], [77.65716, 12.93605], [77.65502, 12.93497], [77.65912, 12.92942], [77.66108, 12.92983], [77.66182, 12.92896], [77.66329, 12.92823], [77.66327, 12.92763], [77.66247, 12.92614], [77.66116, 12.92161], [77.66279, 12.9212], [77.662, 12.91826], [77.66035, 12.91634], [77.65466, 12.92045], [77.65361, 12.92045], [77.6536, 12.92096], [77.6515, 12.92118], [77.65174, 12.92422], [77.64919, 12.92469], [77.64517, 12.92446], [77.64124, 12.92337], [77.63929, 12.92406], [77.63917, 12.92584], [77.63974, 12.92603], [77.6411, 12.92597], [77.64132, 12.92616], [77.64187, 12.92821], [77.6419, 12.92926], [77.63958, 12.92969], [77.63952, 12.93056], [77.63881, 12.9309], [77.63717, 12.93325], [77.63311, 12.93759], [77.62967, 12.94507], [77.62728, 12.94907], [77.62592, 12.95015], [77.62333, 12.95081], [77.6215, 12.95166], [77.61932, 12.94745]]]}}, {"type": "Feature", "properties": {"name": "Dayananda Nagar", "lowPct": 0.0, "modPct": 6.2, "highPct": 93.8, "meanStress": 2.938, "dominant": "High", "infra": "Community Water Storage Tanks"}, "geometry": {"type": "Polygon", "coordinates": [[[77.5651, 12.9883], [77.56196, 12.98829], [77.5621, 12.99021], [77.56162, 12.99024], [77.56053, 12.99197], [77.56011, 12.99189], [77.55983, 12.99286], [77.55687, 12.99241], [77.55513, 12.99492], [77.55797, 12.99468], [77.55808, 12.99535], [77.55877, 12.9953], [77.56038, 12.99458], [77.56012, 12.99393], [77.56781, 12.99338], [77.56793, 12.9884], [77.56511, 12.98854], [77.5651, 12.9883]]]}}, {"type": "Feature", "properties": {"name": "Kogilu", "lowPct": 88.1, "modPct": 11.9, "highPct": 0.0, "meanStress": 1.119, "dominant": "Low", "infra": "Recharge Wells"}, "geometry": {"type": "Polygon", "coordinates": [[[77.64215, 13.07783], [77.64097, 13.07696], [77.63956, 13.07667], [77.63831, 13.07516], [77.63682, 13.07548], [77.63376, 13.07705], [77.63376, 13.07654], [77.62937, 13.07897], [77.6273, 13.07961], [77.62499, 13.0814], [77.62507, 13.08229], [77.62327, 13.08289], [77.62368, 13.08294], [77.62361, 13.0847], [77.62411, 13.08712], [77.62372, 13.08776], [77.62383, 13.088], [77.62343, 13.08793], [77.62286, 13.08854], [77.62162, 13.08863], [77.61932, 13.08805], [77.61905, 13.08836], [77.61816, 13.08821], [77.61669, 13.08772], [77.61499, 13.0875], [77.61411, 13.08665], [77.61282, 13.08665], [77.61243, 13.08768], [77.61165, 13.08835], [77.60998, 13.09063], [77.60812, 13.09435], [77.60786, 13.09445], [77.6081, 13.09445], [77.60745, 13.09614], [77.60731, 13.09764], [77.60801, 13.09943], [77.60829, 13.102], [77.60893, 13.10205], [77.60862, 13.10454], [77.60896, 13.10454], [77.60876, 13.10757], [77.60932, 13.10763], [77.60987, 13.10815], [77.60971, 13.1105], [77.6103, 13.11107], [77.61161, 13.11405], [77.61218, 13.1174], [77.61186, 13.1175], [77.61186, 13.11868], [77.61221, 13.12097], [77.61571, 13.13098], [77.61954, 13.13096], [77.62598, 13.12753], [77.63048, 13.12604], [77.63871, 13.11327], [77.63699, 13.10625], [77.64192, 13.10548], [77.6438, 13.10575], [77.65044, 13.10481], [77.64815, 13.09868], [77.64753, 13.09763], [77.64673, 13.09509], [77.64275, 13.08676], [77.64613, 13.08634], [77.64652, 13.08615], [77.6466, 13.08515], [77.64552, 13.08339], [77.64455, 13.08232], [77.64215, 13.07783]]]}}, {"type": "Feature", "properties": {"name": "Uttarahalli", "lowPct": 0.0, "modPct": 0.0, "highPct": 100.0, "meanStress": 3.0, "dominant": "High", "infra": "Community Water Storage Tanks"}, "geometry": {"type": "Polygon", "coordinates": [[[77.54424, 12.90406], [77.5427, 12.9058], [77.54174, 12.90592], [77.54142, 12.90694], [77.54053, 12.90767], [77.53884, 12.9086], [77.53825, 12.90845], [77.53926, 12.9102], [77.5396, 12.9122], [77.54061, 12.91279], [77.54161, 12.91526], [77.54192, 12.91635], [77.54193, 12.91822], [77.54317, 12.91764], [77.5447, 12.91752], [77.54476, 12.91829], [77.54672, 12.91803], [77.54684, 12.91833], [77.54862, 12.91803], [77.54846, 12.91717], [77.5481, 12.91716], [77.54804, 12.91649], [77.5506, 12.91578], [77.55051, 12.91532], [77.55209, 12.91502], [77.55364, 12.91436], [77.55209, 12.91161], [77.55273, 12.91171], [77.55426, 12.91131], [77.55479, 12.91157], [77.55582, 12.91146], [77.55489, 12.90957], [77.55467, 12.90953], [77.55356, 12.90633], [77.55194, 12.90704], [77.54928, 12.90777], [77.54837, 12.90547], [77.54831, 12.90364], [77.54605, 12.90359], [77.54424, 12.90406]]]}}, {"type": "Feature", "properties": {"name": "Hampi Nagar", "lowPct": 0.0, "modPct": 0.0, "highPct": 100.0, "meanStress": 3.0, "dominant": "High", "infra": "Community Water Storage Tanks"}, "geometry": {"type": "Polygon", "coordinates": [[[77.54233, 12.96731], [77.54535, 12.96627], [77.54463, 12.96427], [77.54386, 12.96399], [77.54442, 12.96328], [77.54553, 12.96269], [77.54517, 12.96224], [77.54596, 12.96102], [77.54403, 12.96108], [77.54231, 12.96194], [77.54069, 12.95967], [77.53911, 12.96073], [77.53838, 12.95873], [77.53714, 12.95996], [77.53703, 12.95951], [77.53652, 12.95966], [77.5357, 12.9586], [77.534, 12.95763], [77.53301, 12.96004], [77.53153, 12.95992], [77.52962, 12.96055], [77.53038, 12.96364], [77.53039, 12.9647], [77.53311, 12.96475], [77.53469, 12.96438], [77.53666, 12.96877], [77.54233, 12.96731]]]}}, {"type": "Feature", "properties": {"name": "Padarayanapura", "lowPct": 0.0, "modPct": 0.0, "highPct": 100.0, "meanStress": 3.0, "dominant": "High", "infra": "Community Water Storage Tanks"}, "geometry": {"type": "Polygon", "coordinates": [[[77.5488, 12.96085], [77.54574, 12.9614], [77.54517, 12.96224], [77.54553, 12.96269], [77.54442, 12.96328], [77.54386, 12.96399], [77.54477, 12.96429], [77.54637, 12.9643], [77.54779, 12.96479], [77.55006, 12.96639], [77.55073, 12.96622], [77.55076, 12.96659], [77.55184, 12.96631], [77.55147, 12.96439], [77.55114, 12.96408], [77.55058, 12.96212], [77.54972, 12.96234], [77.54957, 12.962], [77.54929, 12.96229], [77.5488, 12.96085]]]}}, {"type": "Feature", "properties": {"name": "Hosahalli", "lowPct": 0.0, "modPct": 0.0, "highPct": 100.0, "meanStress": 3.0, "dominant": "High", "infra": "Community Water Storage Tanks"}, "geometry": {"type": "Polygon", "coordinates": [[[77.55159, 12.96805], [77.55006, 12.96639], [77.54779, 12.96479], [77.54637, 12.9643], [77.54463, 12.96427], [77.54535, 12.96627], [77.54233, 12.96731], [77.53666, 12.96877], [77.53782, 12.9721], [77.54217, 12.97063], [77.54263, 12.97201], [77.54638, 12.97074], [77.54624, 12.97041], [77.54753, 12.96998], [77.5474, 12.96959], [77.54872, 12.96959], [77.54949, 12.96921], [77.54986, 12.96944], [77.5493, 12.96832], [77.5495, 12.96822], [77.55047, 12.96949], [77.55152, 12.96992], [77.55192, 12.97036], [77.55426, 12.96964], [77.55418, 12.96911], [77.5545, 12.96889], [77.55159, 12.96805]], [[77.54697, 12.96671], [77.54697, 12.96671], [77.54697, 12.96671], [77.54697, 12.96671]]]}}, {"type": "Feature", "properties": {"name": "Sarakki", "lowPct": 0.0, "modPct": 50.4, "highPct": 49.6, "meanStress": 2.496, "dominant": "Moderate", "infra": "Community Water Storage Tanks"}, "geometry": {"type": "Polygon", "coordinates": [[[77.59023, 12.90571], [77.59005, 12.9048], [77.58812, 12.90508], [77.58805, 12.90555], [77.58645, 12.90558], [77.58644, 12.90464], [77.58497, 12.90466], [77.58495, 12.90517], [77.58173, 12.90557], [77.58175, 12.90374], [77.5803, 12.90413], [77.5803, 12.90436], [77.57967, 12.90454], [77.57969, 12.90471], [77.57866, 12.90495], [77.5787, 12.90537], [77.57691, 12.90532], [77.57724, 12.90387], [77.577, 12.90383], [77.57546, 12.90505], [77.57549, 12.90646], [77.57326, 12.90648], [77.57291, 12.91143], [77.58098, 12.91065], [77.5857, 12.91048], [77.5858, 12.91701], [77.59162, 12.91685], [77.59133, 12.91025], [77.59326, 12.91014], [77.59322, 12.90741], [77.59363, 12.9074], [77.59362, 12.90626], [77.59343, 12.90626], [77.59341, 12.90527], [77.59023, 12.90571]]]}}, {"type": "Feature", "properties": {"name": "Jayanagar East", "lowPct": 0.0, "modPct": 100.0, "highPct": 0.0, "meanStress": 2.0, "dominant": "Moderate", "infra": "Community Water Storage Tanks"}, "geometry": {"type": "Polygon", "coordinates": [[[77.60803, 12.92003], [77.60723, 12.91655], [77.59325, 12.91681], [77.59331, 12.91892], [77.59258, 12.91893], [77.59291, 12.92007], [77.59328, 12.92052], [77.60011, 12.9205], [77.60012, 12.92085], [77.60222, 12.92096], [77.60239, 12.92137], [77.60325, 12.92141], [77.60389, 12.92138], [77.60472, 12.92048], [77.60524, 12.92049], [77.60531, 12.9207], [77.60575, 12.92059], [77.6065, 12.92319], [77.60729, 12.92297], [77.60789, 12.92483], [77.60853, 12.92482], [77.60873, 12.92388], [77.60842, 12.92375], [77.60887, 12.92288], [77.60885, 12.92231], [77.60803, 12.92003]]]}}, {"type": "Feature", "properties": {"name": "Adugodi", "lowPct": 57.5, "modPct": 42.5, "highPct": 0.0, "meanStress": 1.425, "dominant": "Low", "infra": "Community Water Storage Tanks"}, "geometry": {"type": "Polygon", "coordinates": [[[77.62312, 12.93309], [77.62093, 12.92751], [77.61478, 12.92989], [77.60856, 12.94134], [77.60579, 12.9498], [77.61104, 12.94897], [77.61166, 12.94931], [77.61686, 12.94925], [77.61816, 12.94829], [77.61694, 12.94496], [77.61773, 12.94464], [77.61745, 12.94359], [77.61729, 12.9411], [77.61844, 12.94092], [77.61868, 12.9413], [77.62023, 12.94048], [77.62168, 12.93912], [77.62223, 12.93961], [77.6254, 12.93599], [77.62419, 12.93505], [77.62312, 12.93309]]]}}, {"type": "Feature", "properties": {"name": "Koramangala", "lowPct": 15.3, "modPct": 84.0, "highPct": 0.6, "meanStress": 1.853, "dominant": "Moderate", "infra": "Community Water Storage Tanks"}, "geometry": {"type": "Polygon", "coordinates": [[[77.6411, 12.92597], [77.63917, 12.92584], [77.63928, 12.92414], [77.63677, 12.92534], [77.62904, 12.92416], [77.62093, 12.92751], [77.62383, 12.93456], [77.6254, 12.93599], [77.62223, 12.93961], [77.62168, 12.93912], [77.62023, 12.94048], [77.61868, 12.9413], [77.61844, 12.94092], [77.61729, 12.9411], [77.61745, 12.94359], [77.61773, 12.94464], [77.61694, 12.94496], [77.6177, 12.94726], [77.61973, 12.94622], [77.61994, 12.94679], [77.62001, 12.9466], [77.62144, 12.9474], [77.62099, 12.94808], [77.62222, 12.94887], [77.6237, 12.9473], [77.624, 12.9459], [77.62522, 12.94523], [77.62596, 12.94445], [77.62614, 12.94179], [77.6269, 12.94138], [77.62694, 12.94081], [77.62757, 12.93998], [77.62783, 12.9392], [77.62846, 12.93884], [77.62888, 12.93758], [77.62908, 12.93763], [77.62979, 12.93607], [77.63013, 12.93481], [77.63336, 12.93164], [77.63363, 12.93325], [77.63417, 12.93431], [77.63481, 12.93478], [77.63568, 12.93495], [77.63881, 12.9309], [77.63952, 12.93056], [77.63958, 12.92969], [77.6419, 12.92926], [77.64187, 12.92821], [77.64132, 12.92616], [77.6411, 12.92597]]]}}, {"type": "Feature", "properties": {"name": "Ejipura", "lowPct": 33.4, "modPct": 64.0, "highPct": 2.6, "meanStress": 1.693, "dominant": "Moderate", "infra": "Community Water Storage Tanks"}, "geometry": {"type": "Polygon", "coordinates": [[[77.62911, 12.94616], [77.6333, 12.93734], [77.63568, 12.93495], [77.63481, 12.93478], [77.63417, 12.93431], [77.63363, 12.93325], [77.63336, 12.93164], [77.63013, 12.93481], [77.62979, 12.93607], [77.62908, 12.93763], [77.62888, 12.93758], [77.62846, 12.93884], [77.62783, 12.9392], [77.62757, 12.93998], [77.62694, 12.94081], [77.6269, 12.94138], [77.62614, 12.94179], [77.62596, 12.94445], [77.62522, 12.94523], [77.624, 12.9459], [77.6237, 12.9473], [77.62222, 12.94887], [77.62099, 12.94808], [77.62144, 12.9474], [77.62001, 12.9466], [77.61994, 12.94679], [77.61973, 12.94622], [77.6177, 12.94726], [77.61791, 12.94793], [77.61816, 12.94829], [77.61932, 12.94745], [77.6215, 12.95166], [77.62333, 12.95081], [77.62619, 12.94998], [77.62751, 12.9488], [77.62911, 12.94616]]]}}, {"type": "Feature", "properties": {"name": "Jaraganahalli", "lowPct": 0.0, "modPct": 12.8, "highPct": 87.2, "meanStress": 2.872, "dominant": "High", "infra": "Community Water Storage Tanks"}, "geometry": {"type": "Polygon", "coordinates": [[[77.57343, 12.90197], [77.5732, 12.90375], [77.57326, 12.90648], [77.57549, 12.90646], [77.57546, 12.90505], [77.577, 12.90383], [77.57724, 12.90387], [77.57691, 12.90532], [77.5787, 12.90537], [77.57866, 12.90495], [77.57969, 12.90471], [77.57967, 12.90454], [77.5803, 12.90436], [77.5803, 12.90413], [77.58175, 12.90374], [77.58173, 12.90557], [77.58495, 12.90517], [77.58497, 12.90463], [77.5839, 12.90298], [77.58266, 12.90182], [77.58161, 12.90128], [77.58191, 12.89841], [77.58268, 12.89814], [77.58183, 12.89645], [77.58181, 12.89217], [77.5809, 12.89211], [77.57953, 12.89669], [77.57985, 12.89712], [77.57945, 12.89689], [77.57923, 12.89725], [77.57515, 12.89497], [77.5743, 12.8946], [77.5734, 12.89457], [77.57353, 12.89435], [77.57328, 12.89425], [77.5729, 12.8948], [77.57188, 12.89449], [77.57188, 12.89426], [77.56841, 12.89412], [77.57115, 12.89716], [77.57264, 12.8992], [77.57343, 12.90197]]]}}, {"type": "Feature", "properties": {"name": "Puttenahalli", "lowPct": 0.0, "modPct": 8.2, "highPct": 91.8, "meanStress": 2.918, "dominant": "High", "infra": "Community Water Storage Tanks"}, "geometry": {"type": "Polygon", "coordinates": [[[77.59301, 12.88711], [77.59174, 12.88728], [77.5918, 12.8883], [77.58546, 12.88952], [77.58259, 12.89046], [77.58186, 12.89128], [77.58177, 12.89599], [77.58198, 12.89697], [77.58268, 12.89814], [77.58191, 12.89841], [77.58162, 12.90133], [77.58266, 12.90182], [77.58374, 12.90282], [77.58497, 12.90466], [77.58644, 12.90464], [77.58645, 12.90558], [77.58805, 12.90555], [77.58812, 12.90508], [77.59005, 12.9048], [77.59023, 12.90571], [77.59227, 12.90535], [77.59217, 12.9045], [77.59182, 12.90451], [77.59177, 12.90393], [77.59215, 12.89977], [77.59131, 12.89936], [77.59147, 12.89802], [77.59005, 12.89756], [77.58984, 12.89407], [77.59012, 12.89227], [77.59208, 12.89148], [77.59157, 12.88986], [77.59368, 12.88938], [77.59301, 12.88711]]]}}, {"type": "Feature", "properties": {"name": "Bilekhalli", "lowPct": 0.0, "modPct": 32.4, "highPct": 67.6, "meanStress": 2.676, "dominant": "High", "infra": "Community Water Storage Tanks"}, "geometry": {"type": "Polygon", "coordinates": [[[77.6032, 12.88726], [77.60296, 12.88656], [77.59912, 12.8874], [77.59903, 12.88703], [77.597, 12.88746], [77.59692, 12.88714], [77.59301, 12.88711], [77.59368, 12.88938], [77.59157, 12.88986], [77.59208, 12.89148], [77.59012, 12.89227], [77.58984, 12.89407], [77.58989, 12.89583], [77.59006, 12.89585], [77.59005, 12.89756], [77.59147, 12.89802], [77.59131, 12.89936], [77.59215, 12.89977], [77.59177, 12.90393], [77.59182, 12.90451], [77.59217, 12.9045], [77.59227, 12.90535], [77.59341, 12.90527], [77.59356, 12.90557], [77.59399, 12.90266], [77.59664, 12.90246], [77.59947, 12.9011], [77.59894, 12.9035], [77.59942, 12.90387], [77.60146, 12.90351], [77.60185, 12.90513], [77.60173, 12.9058], [77.6005, 12.90724], [77.60023, 12.90853], [77.60402, 12.9087], [77.60385, 12.90581], [77.60625, 12.90563], [77.60839, 12.9059], [77.60946, 12.90541], [77.60905, 12.90453], [77.60882, 12.90162], [77.60782, 12.90168], [77.60778, 12.90138], [77.60608, 12.9016], [77.60621, 12.90058], [77.60501, 12.90047], [77.60481, 12.89955], [77.60806, 12.89622], [77.60635, 12.89124], [77.60815, 12.89162], [77.60843, 12.88835], [77.60598, 12.88897], [77.60583, 12.88811], [77.60654, 12.88797], [77.60623, 12.88666], [77.60383, 12.88723], [77.6032, 12.88726]]]}}, {"type": "Feature", "properties": {"name": "Hulimavu", "lowPct": 0.8, "modPct": 25.4, "highPct": 73.8, "meanStress": 2.73, "dominant": "High", "infra": "Community Water Storage Tanks"}, "geometry": {"type": "Polygon", "coordinates": [[[77.61804, 12.87783], [77.61757, 12.87717], [77.6177, 12.87643], [77.61753, 12.87606], [77.61602, 12.87626], [77.61492, 12.87626], [77.61534, 12.87308], [77.61528, 12.87162], [77.61499, 12.87113], [77.61358, 12.8713], [77.6128, 12.86541], [77.61146, 12.86614], [77.61114, 12.86665], [77.61111, 12.86742], [77.61033, 12.86752], [77.61027, 12.86688], [77.60838, 12.867], [77.60808, 12.86813], [77.60802, 12.86967], [77.60643, 12.86991], [77.6052, 12.86812], [77.60486, 12.867], [77.60466, 12.86703], [77.60429, 12.86478], [77.60351, 12.86466], [77.60354, 12.86523], [77.60263, 12.86665], [77.60148, 12.86677], [77.60154, 12.86629], [77.59954, 12.86632], [77.59903, 12.86673], [77.59806, 12.86677], [77.59757, 12.86886], [77.59678, 12.87028], [77.59615, 12.87259], [77.59577, 12.87293], [77.59426, 12.87315], [77.59396, 12.87285], [77.59295, 12.87272], [77.59266, 12.8721], [77.59036, 12.87053], [77.58889, 12.86984], [77.58883, 12.87265], [77.58756, 12.87306], [77.58608, 12.87404], [77.58624, 12.87446], [77.58959, 12.87693], [77.5896, 12.87784], [77.59019, 12.87918], [77.59061, 12.88131], [77.59057, 12.8827], [77.5913, 12.8845], [77.59174, 12.88728], [77.59355, 12.88705], [77.59692, 12.88714], [77.597, 12.88746], [77.59903, 12.88703], [77.59912, 12.8874], [77.60296, 12.88656], [77.6032, 12.88726], [77.60623, 12.88666], [77.60654, 12.88797], [77.60583, 12.88811], [77.60598, 12.88897], [77.60908, 12.88829], [77.60921, 12.88678], [77.61044, 12.88683], [77.61008, 12.88449], [77.61515, 12.88333], [77.61471, 12.8816], [77.61494, 12.88129], [77.61585, 12.88107], [77.61666, 12.88122], [77.61737, 12.88097], [77.61762, 12.88169], [77.61871, 12.88123], [77.61823, 12.87956], [77.61792, 12.87926], [77.61788, 12.87897], [77.61832, 12.87891], [77.61804, 12.87783]], [[77.60059, 12.86634], [77.60063, 12.86646], [77.60063, 12.86646], [77.60059, 12.86634]]]}}, {"type": "Feature", "properties": {"name": "Kodichikkanahalli", "lowPct": 3.7, "modPct": 79.4, "highPct": 16.9, "meanStress": 2.132, "dominant": "Moderate", "infra": "Community Water Storage Tanks"}, "geometry": {"type": "Polygon", "coordinates": [[[77.6193, 12.8882], [77.61821, 12.88475], [77.61785, 12.88475], [77.61772, 12.88205], [77.61737, 12.88097], [77.61666, 12.88122], [77.61585, 12.88107], [77.61494, 12.88129], [77.61471, 12.8816], [77.61515, 12.88333], [77.61008, 12.88449], [77.61044, 12.88683], [77.60921, 12.88678], [77.60914, 12.88825], [77.60843, 12.88835], [77.60815, 12.89162], [77.60635, 12.89124], [77.60806, 12.89622], [77.60481, 12.89955], [77.60501, 12.90047], [77.60621, 12.90058], [77.60608, 12.9016], [77.60778, 12.90138], [77.60782, 12.90168], [77.60882, 12.90162], [77.60905, 12.90296], [77.60886, 12.90304], [77.60895, 12.90391], [77.60927, 12.90503], [77.61264, 12.90461], [77.61489, 12.90847], [77.61656, 12.91532], [77.61673, 12.91482], [77.61894, 12.91284], [77.61957, 12.91254], [77.62104, 12.9127], [77.62122, 12.91252], [77.62092, 12.91093], [77.62057, 12.91061], [77.62045, 12.91001], [77.62071, 12.90798], [77.62003, 12.90723], [77.62154, 12.90674], [77.62134, 12.90468], [77.62024, 12.9049], [77.62003, 12.90359], [77.61945, 12.90233], [77.61923, 12.90243], [77.61905, 12.90211], [77.61857, 12.90088], [77.61993, 12.90076], [77.6197, 12.89828], [77.62141, 12.89768], [77.62122, 12.89697], [77.62051, 12.89563], [77.61981, 12.8927], [77.616, 12.89318], [77.61586, 12.89084], [77.61623, 12.89085], [77.61623, 12.88982], [77.61568, 12.88897], [77.61598, 12.88855], [77.6193, 12.8882]], [[77.61239, 12.88399], [77.61239, 12.88399], [77.61239, 12.88399], [77.61239, 12.88399]]]}}, {"type": "Feature", "properties": {"name": "Hongasandra", "lowPct": 0.0, "modPct": 0.0, "highPct": 100.0, "meanStress": 3.0, "dominant": "High", "infra": "Community Water Storage Tanks"}, "geometry": {"type": "Polygon", "coordinates": [[[77.6227, 12.89401], [77.62007, 12.89402], [77.62051, 12.89563], [77.62102, 12.89654], [77.62337, 12.89644], [77.62537, 12.90337], [77.62656, 12.90371], [77.62722, 12.90346], [77.6274, 12.90432], [77.62931, 12.9039], [77.62926, 12.9036], [77.63109, 12.90342], [77.63251, 12.90111], [77.63161, 12.90069], [77.63184, 12.89928], [77.63141, 12.8972], [77.63083, 12.89638], [77.63052, 12.89634], [77.63076, 12.89528], [77.62989, 12.89525], [77.62951, 12.8937], [77.62559, 12.89369], [77.62307, 12.89432], [77.62274, 12.89461], [77.6227, 12.89401]]]}}, {"type": "Feature", "properties": {"name": "Bommanahalli", "lowPct": 0.0, "modPct": 64.7, "highPct": 35.3, "meanStress": 2.353, "dominant": "Moderate", "infra": "Community Water Storage Tanks"}, "geometry": {"type": "Polygon", "coordinates": [[[77.62337, 12.89644], [77.62102, 12.89654], [77.62141, 12.89768], [77.6197, 12.89829], [77.61993, 12.90076], [77.61857, 12.90088], [77.61905, 12.90211], [77.61923, 12.90243], [77.61945, 12.90233], [77.62003, 12.90359], [77.62024, 12.9049], [77.62134, 12.90468], [77.62154, 12.90674], [77.62003, 12.90723], [77.62071, 12.90798], [77.62043, 12.90916], [77.62049, 12.91027], [77.62099, 12.91117], [77.62122, 12.91252], [77.62104, 12.9127], [77.62146, 12.91321], [77.62091, 12.91363], [77.62215, 12.91447], [77.62218, 12.91636], [77.62264, 12.9173], [77.63109, 12.90342], [77.62926, 12.9036], [77.62931, 12.9039], [77.62862, 12.90402], [77.62832, 12.90411], [77.6274, 12.90432], [77.6274, 12.90432], [77.62722, 12.90346], [77.62656, 12.90371], [77.62537, 12.90337], [77.62337, 12.89644]]]}}, {"type": "Feature", "properties": {"name": "Chowdeswari Ward", "lowPct": 31.7, "modPct": 62.1, "highPct": 6.2, "meanStress": 1.744, "dominant": "Moderate", "infra": "Community Water Storage Tanks"}, "geometry": {"type": "Polygon", "coordinates": [[[77.56691, 13.10066], [77.56999, 13.10085], [77.56993, 13.10375], [77.57096, 13.10785], [77.57334, 13.10786], [77.57356, 13.10852], [77.57597, 13.1078], [77.57611, 13.10911], [77.57881, 13.10906], [77.57971, 13.10861], [77.57973, 13.10833], [77.58076, 13.10843], [77.57954, 13.11227], [77.57944, 13.11371], [77.57988, 13.11396], [77.58016, 13.11385], [77.58037, 13.11311], [77.58119, 13.11266], [77.58678, 13.11379], [77.58764, 13.11243], [77.5896, 13.1126], [77.59066, 13.11224], [77.59113, 13.11185], [77.5912, 13.11145], [77.59267, 13.11063], [77.59345, 13.10993], [77.59518, 13.10705], [77.59576, 13.10484], [77.59625, 13.10432], [77.5968, 13.10423], [77.5972, 13.10369], [77.59665, 13.10344], [77.59476, 13.10363], [77.59467, 13.10233], [77.59334, 13.10197], [77.59362, 13.10143], [77.59451, 13.10124], [77.59339, 13.09951], [77.59243, 13.09711], [77.58651, 13.10207], [77.57649, 13.0992], [77.57032, 13.09806], [77.56709, 13.09783], [77.56691, 13.10066]]]}}, {"type": "Feature", "properties": {"name": "Yelahanka Satellite Town", "lowPct": 10.5, "modPct": 79.4, "highPct": 10.1, "meanStress": 1.996, "dominant": "Moderate", "infra": "Recharge Wells"}, "geometry": {"type": "Polygon", "coordinates": [[[77.58446, 13.08363], [77.57917, 13.08514], [77.58021, 13.08909], [77.57417, 13.09044], [77.57029, 13.09231], [77.56954, 13.09438], [77.56993, 13.09806], [77.57649, 13.0992], [77.58651, 13.10207], [77.59243, 13.09711], [77.59373, 13.10005], [77.59579, 13.09554], [77.59616, 13.09427], [77.59637, 13.09268], [77.59623, 13.09111], [77.5948, 13.08722], [77.59397, 13.08738], [77.59372, 13.08465], [77.59009, 13.07607], [77.58291, 13.07818], [77.58446, 13.08363]]]}}, {"type": "Feature", "properties": {"name": "Kempegowda Ward", "lowPct": 88.5, "modPct": 11.5, "highPct": 0.0, "meanStress": 1.116, "dominant": "Low", "infra": "Recharge Wells"}, "geometry": {"type": "Polygon", "coordinates": [[[77.60757, 13.1334], [77.61201, 13.13324], [77.61386, 13.13164], [77.61571, 13.13098], [77.61221, 13.12097], [77.61186, 13.11868], [77.61186, 13.1175], [77.61218, 13.1174], [77.61161, 13.11405], [77.6103, 13.11107], [77.60971, 13.1105], [77.60987, 13.10815], [77.60932, 13.10763], [77.60876, 13.10757], [77.60896, 13.10454], [77.60862, 13.10454], [77.60893, 13.10205], [77.60829, 13.102], [77.60801, 13.09943], [77.60731, 13.09764], [77.60745, 13.09614], [77.6081, 13.09445], [77.60602, 13.09406], [77.60598, 13.09345], [77.60664, 13.092], [77.6065, 13.09189], [77.60681, 13.09125], [77.60709, 13.09128], [77.60804, 13.08837], [77.60702, 13.08819], [77.60214, 13.08591], [77.5948, 13.08722], [77.59605, 13.09034], [77.59631, 13.09324], [77.59579, 13.09554], [77.59373, 13.10005], [77.59451, 13.10124], [77.59362, 13.10143], [77.59334, 13.10197], [77.59467, 13.10233], [77.59476, 13.10363], [77.59665, 13.10344], [77.5972, 13.10369], [77.5968, 13.10423], [77.59625, 13.10432], [77.59576, 13.10484], [77.59518, 13.10705], [77.59345, 13.10993], [77.59267, 13.11063], [77.5912, 13.11145], [77.59113, 13.11185], [77.59066, 13.11224], [77.5896, 13.1126], [77.58764, 13.11243], [77.58678, 13.11379], [77.5813, 13.11264], [77.58037, 13.11311], [77.58016, 13.11385], [77.57988, 13.11396], [77.57944, 13.11371], [77.57531, 13.12335], [77.57085, 13.13101], [77.57191, 13.13597], [77.57223, 13.1359], [77.57238, 13.13625], [77.57279, 13.13632], [77.57343, 13.13609], [77.57397, 13.13868], [77.57403, 13.1412], [77.5744, 13.14134], [77.57425, 13.14156], [77.58, 13.14266], [77.58238, 13.1402], [77.58409, 13.13452], [77.5849, 13.13309], [77.5856, 13.13269], [77.58589, 13.13277], [77.58575, 13.1333], [77.59117, 13.13323], [77.59653, 13.13278], [77.59966, 13.13177], [77.60182, 13.13415], [77.60452, 13.13416], [77.6045, 13.13386], [77.60761, 13.13382], [77.60757, 13.1334]]]}}, {"type": "Feature", "properties": {"name": "Manorayanapalya", "lowPct": 0.0, "modPct": 0.0, "highPct": 100.0, "meanStress": 3.0, "dominant": "High", "infra": "Community Water Storage Tanks"}, "geometry": {"type": "Polygon", "coordinates": [[[77.60807, 13.03007], [77.60645, 13.02685], [77.60429, 13.02742], [77.5997, 13.02786], [77.59939, 13.0287], [77.59969, 13.03019], [77.60029, 13.0311], [77.60018, 13.03274], [77.60153, 13.03262], [77.60156, 13.0334], [77.6022, 13.03338], [77.60253, 13.03505], [77.60208, 13.03495], [77.60181, 13.03416], [77.60038, 13.03329], [77.59867, 13.03315], [77.59877, 13.03415], [77.59943, 13.03397], [77.59954, 13.0352], [77.59907, 13.03529], [77.59925, 13.03623], [77.59989, 13.03622], [77.59996, 13.0368], [77.60163, 13.03705], [77.60302, 13.03632], [77.60483, 13.03597], [77.60462, 13.03481], [77.60477, 13.03274], [77.60652, 13.03278], [77.60863, 13.03224], [77.60807, 13.03007]]]}}, {"type": "Feature", "properties": {"name": "Byatarayanapura", "lowPct": 35.4, "modPct": 34.9, "highPct": 29.7, "meanStress": 1.944, "dominant": "Low", "infra": "Recharge Wells"}, "geometry": {"type": "Polygon", "coordinates": [[[77.56058, 13.06885], [77.56228, 13.06913], [77.56258, 13.071], [77.56379, 13.07359], [77.56386, 13.07447], [77.565, 13.07543], [77.56565, 13.07645], [77.56394, 13.07712], [77.564, 13.07806], [77.56258, 13.07985], [77.56478, 13.08417], [77.56425, 13.08454], [77.56307, 13.08619], [77.56007, 13.088], [77.56151, 13.0952], [77.56285, 13.09778], [77.56433, 13.09758], [77.56993, 13.09806], [77.56954, 13.09438], [77.57029, 13.09231], [77.57417, 13.09044], [77.58021, 13.08909], [77.57917, 13.08514], [77.58446, 13.08363], [77.58291, 13.07818], [77.59009, 13.07607], [77.59361, 13.08439], [77.59319, 13.08169], [77.59267, 13.07466], [77.59345, 13.05843], [77.59122, 13.05917], [77.58391, 13.06466], [77.58223, 13.06244], [77.58181, 13.0609], [77.57849, 13.06175], [77.57853, 13.06261], [77.57745, 13.0629], [77.57753, 13.06334], [77.57806, 13.06371], [77.57759, 13.06409], [77.57416, 13.06181], [77.57145, 13.06383], [77.57111, 13.06317], [77.56848, 13.06287], [77.56841, 13.06309], [77.56613, 13.06392], [77.56635, 13.06452], [77.56572, 13.06454], [77.56359, 13.06868], [77.56058, 13.06885]]]}}, {"type": "Feature", "properties": {"name": "Kuvempu Nagar", "lowPct": 46.5, "modPct": 43.6, "highPct": 9.9, "meanStress": 1.633, "dominant": "Low", "infra": "Recharge Wells"}, "geometry": {"type": "Polygon", "coordinates": [[[77.54816, 13.05933], [77.54799, 13.05565], [77.54679, 13.05673], [77.54471, 13.05495], [77.54253, 13.05492], [77.53896, 13.05432], [77.5353, 13.05483], [77.5351, 13.05593], [77.53523, 13.05662], [77.53491, 13.05753], [77.53547, 13.05767], [77.53385, 13.06005], [77.5352, 13.06325], [77.53473, 13.06374], [77.53394, 13.06603], [77.53396, 13.06732], [77.53212, 13.06905], [77.53098, 13.06977], [77.53183, 13.07248], [77.53138, 13.07319], [77.53127, 13.07456], [77.53152, 13.07561], [77.53112, 13.07586], [77.53096, 13.0763], [77.53078, 13.07787], [77.53041, 13.0779], [77.5303, 13.0786], [77.52944, 13.07888], [77.52995, 13.08213], [77.53084, 13.08281], [77.53172, 13.08307], [77.53507, 13.0838], [77.53688, 13.08379], [77.53795, 13.08576], [77.53909, 13.08701], [77.54078, 13.09007], [77.54243, 13.08794], [77.54526, 13.08527], [77.54519, 13.08353], [77.54643, 13.08355], [77.54639, 13.08339], [77.5475, 13.08322], [77.54723, 13.08194], [77.5486, 13.0817], [77.54901, 13.08206], [77.5501, 13.08216], [77.55207, 13.08438], [77.55561, 13.08606], [77.55807, 13.08496], [77.55776, 13.08415], [77.55833, 13.08394], [77.55663, 13.08259], [77.55688, 13.08165], [77.5561, 13.08103], [77.55346, 13.08194], [77.55332, 13.0805], [77.55242, 13.07843], [77.55407, 13.07758], [77.55384, 13.07717], [77.55411, 13.07699], [77.55352, 13.07611], [77.55155, 13.07156], [77.55526, 13.06986], [77.55463, 13.06885], [77.55425, 13.06866], [77.55327, 13.06669], [77.553, 13.06652], [77.55198, 13.06264], [77.55119, 13.06214], [77.54932, 13.06252], [77.54899, 13.06162], [77.54918, 13.06158], [77.54899, 13.06047], [77.54847, 13.06051], [77.54844, 13.05935], [77.54816, 13.05933]], [[77.53175, 13.07182], [77.53187, 13.07184], [77.53187, 13.07184], [77.53175, 13.07182]]]}}, {"type": "Feature", "properties": {"name": "Vidyaranyapura", "lowPct": 7.3, "modPct": 41.2, "highPct": 51.5, "meanStress": 2.442, "dominant": "High", "infra": "Community Water Storage Tanks"}, "geometry": {"type": "Polygon", "coordinates": [[[77.55221, 13.06385], [77.55304, 13.06651], [77.55425, 13.06866], [77.55463, 13.06885], [77.55526, 13.06986], [77.55155, 13.07156], [77.55352, 13.07611], [77.55411, 13.07699], [77.55384, 13.07717], [77.55407, 13.07758], [77.55242, 13.07843], [77.55332, 13.0805], [77.55346, 13.08194], [77.5561, 13.08103], [77.55688, 13.08165], [77.55663, 13.08259], [77.55833, 13.08394], [77.55776, 13.08415], [77.55807, 13.08496], [77.55872, 13.08472], [77.55891, 13.08496], [77.56033, 13.08402], [77.56306, 13.08619], [77.56479, 13.08412], [77.56258, 13.07985], [77.564, 13.07806], [77.56394, 13.07712], [77.56565, 13.07645], [77.565, 13.07543], [77.56386, 13.07447], [77.56379, 13.07359], [77.56258, 13.071], [77.56228, 13.06913], [77.56051, 13.06882], [77.55986, 13.06525], [77.55927, 13.06401], [77.55861, 13.06365], [77.55616, 13.06338], [77.55539, 13.06357], [77.55517, 13.06303], [77.55357, 13.06317], [77.55221, 13.06385]]]}}, {"type": "Feature", "properties": {"name": "Dodda Bommasandra", "lowPct": 50.3, "modPct": 27.4, "highPct": 22.3, "meanStress": 1.719, "dominant": "Low", "infra": "Recharge Wells"}, "geometry": {"type": "Polygon", "coordinates": [[[77.56371, 13.06852], [77.56572, 13.06454], [77.56635, 13.06452], [77.56613, 13.06392], [77.56849, 13.06298], [77.56749, 13.06265], [77.56655, 13.06098], [77.5676, 13.06019], [77.56778, 13.05982], [77.56931, 13.05926], [77.5696, 13.05771], [77.57054, 13.0568], [77.56096, 13.04], [77.56064, 13.04045], [77.5598, 13.04048], [77.55923, 13.04153], [77.55814, 13.04233], [77.55739, 13.04277], [77.5571, 13.04267], [77.55666, 13.04523], [77.55393, 13.04942], [77.55098, 13.05324], [77.54799, 13.05565], [77.54816, 13.05933], [77.54844, 13.05935], [77.54847, 13.06051], [77.54899, 13.06047], [77.54918, 13.06158], [77.54899, 13.06162], [77.54932, 13.06252], [77.55134, 13.06217], [77.55198, 13.06264], [77.55221, 13.06385], [77.55357, 13.06317], [77.55517, 13.06303], [77.55539, 13.06357], [77.55616, 13.06338], [77.55861, 13.06365], [77.55927, 13.06401], [77.55986, 13.06525], [77.56051, 13.06882], [77.56316, 13.06881], [77.56371, 13.06852]]]}}, {"type": "Feature", "properties": {"name": "Amrutahalli", "lowPct": 0.0, "modPct": 0.5, "highPct": 99.5, "meanStress": 2.995, "dominant": "High", "infra": "Community Water Storage Tanks"}, "geometry": {"type": "Polygon", "coordinates": [[[77.59869, 13.05779], [77.59617, 13.0584], [77.59593, 13.05793], [77.59345, 13.05843], [77.59271, 13.07344], [77.59745, 13.07271], [77.60135, 13.07297], [77.60409, 13.0726], [77.60344, 13.06878], [77.60426, 13.06848], [77.60389, 13.06449], [77.60776, 13.0648], [77.60943, 13.06417], [77.60922, 13.06308], [77.61082, 13.06253], [77.61219, 13.06175], [77.61368, 13.06052], [77.61433, 13.05942], [77.61469, 13.05751], [77.61532, 13.05701], [77.61619, 13.05461], [77.61666, 13.0544], [77.61862, 13.05434], [77.61796, 13.05295], [77.61789, 13.05141], [77.6166, 13.05149], [77.61629, 13.05207], [77.61554, 13.05214], [77.61425, 13.05274], [77.60827, 13.05406], [77.60779, 13.0513], [77.60722, 13.05163], [77.60681, 13.05237], [77.60621, 13.05263], [77.60228, 13.054], [77.59932, 13.05475], [77.59958, 13.05698], [77.5985, 13.05726], [77.59869, 13.05779]]]}}, {"type": "Feature", "properties": {"name": "Vishwanath Nagenahalli", "lowPct": 0.0, "modPct": 0.0, "highPct": 100.0, "meanStress": 3.0, "dominant": "High", "infra": "Community Water Storage Tanks"}, "geometry": {"type": "Polygon", "coordinates": [[[77.60863, 13.03224], [77.60652, 13.03278], [77.60477, 13.03274], [77.60462, 13.03481], [77.60483, 13.03597], [77.60302, 13.03632], [77.60163, 13.03705], [77.59996, 13.0368], [77.59989, 13.03622], [77.59925, 13.03623], [77.59907, 13.03529], [77.59954, 13.0352], [77.59943, 13.03397], [77.59877, 13.03415], [77.59867, 13.03315], [77.59765, 13.03253], [77.59646, 13.03241], [77.59654, 13.03401], [77.59677, 13.034], [77.59726, 13.03621], [77.59657, 13.03635], [77.59678, 13.0375], [77.5966, 13.0381], [77.59557, 13.03803], [77.59544, 13.03868], [77.59449, 13.03855], [77.59447, 13.03929], [77.59503, 13.04127], [77.60673, 13.04094], [77.60779, 13.04072], [77.60884, 13.04017], [77.60966, 13.03938], [77.61028, 13.03821], [77.60863, 13.03224]]]}}, {"type": "Feature", "properties": {"name": "Rajiv Nagar", "lowPct": 0.0, "modPct": 99.9, "highPct": 0.1, "meanStress": 2.001, "dominant": "Moderate", "infra": "Community Water Storage Tanks"}, "geometry": {"type": "Polygon", "coordinates": [[[77.53981, 13.01904], [77.54426, 13.02637], [77.55105, 13.0226], [77.55152, 13.02216], [77.55279, 13.01988], [77.5471, 13.01734], [77.54743, 13.01659], [77.54697, 13.01434], [77.54481, 13.01337], [77.5452, 13.01256], [77.54278, 13.01187], [77.54143, 13.01258], [77.54023, 13.01254], [77.53975, 13.01243], [77.53865, 13.01149], [77.53794, 13.01156], [77.53743, 13.01236], [77.53852, 13.01378], [77.53719, 13.01431], [77.5362, 13.01397], [77.53725, 13.0168], [77.53737, 13.01724], [77.53718, 13.01762], [77.53784, 13.01878], [77.53808, 13.02], [77.53981, 13.01904]]]}}, {"type": "Feature", "properties": {"name": "Jakkuru", "lowPct": 29.5, "modPct": 51.1, "highPct": 19.4, "meanStress": 1.898, "dominant": "Moderate", "infra": "Recharge Wells"}, "geometry": {"type": "Polygon", "coordinates": [[[77.62937, 13.07897], [77.63376, 13.07654], [77.63376, 13.07705], [77.63682, 13.07548], [77.63949, 13.07494], [77.63953, 13.06969], [77.6387, 13.06654], [77.6382, 13.06153], [77.63836, 13.0575], [77.63815, 13.05464], [77.63834, 13.05453], [77.63807, 13.05354], [77.63626, 13.05643], [77.63558, 13.05712], [77.62457, 13.06671], [77.62238, 13.0643], [77.6218, 13.06336], [77.62059, 13.06332], [77.62057, 13.06297], [77.61602, 13.06259], [77.61509, 13.06568], [77.61437, 13.06555], [77.61372, 13.06711], [77.61325, 13.06765], [77.6116, 13.06793], [77.61157, 13.06559], [77.60964, 13.06568], [77.60943, 13.06417], [77.60776, 13.0648], [77.60389, 13.06449], [77.60426, 13.06848], [77.60344, 13.06878], [77.60409, 13.0726], [77.60135, 13.07297], [77.59745, 13.07271], [77.59271, 13.07344], [77.59319, 13.08169], [77.59348, 13.08269], [77.59397, 13.08738], [77.60214, 13.08591], [77.60702, 13.08819], [77.60804, 13.08837], [77.60709, 13.09128], [77.60672, 13.09138], [77.60598, 13.09345], [77.6061, 13.09411], [77.60753, 13.09442], [77.60812, 13.09435], [77.6094, 13.09158], [77.61165, 13.08835], [77.61254, 13.08752], [77.61286, 13.0865], [77.61282, 13.08665], [77.61431, 13.08673], [77.61499, 13.0875], [77.61669, 13.08772], [77.61816, 13.08821], [77.61911, 13.08831], [77.61932, 13.08805], [77.62162, 13.08863], [77.62286, 13.08854], [77.62343, 13.08793], [77.62383, 13.088], [77.62372, 13.08776], [77.62411, 13.08712], [77.62361, 13.0847], [77.62369, 13.08299], [77.62327, 13.08289], [77.62507, 13.08229], [77.62499, 13.0814], [77.6273, 13.07961], [77.62937, 13.07897]]]}}, {"type": "Feature", "properties": {"name": "K R Puram", "lowPct": 3.2, "modPct": 60.9, "highPct": 35.9, "meanStress": 2.326, "dominant": "Moderate", "infra": "Recharge Wells"}, "geometry": {"type": "Polygon", "coordinates": [[[77.70168, 13.00809], [77.70153, 13.00728], [77.70089, 13.00748], [77.70049, 13.00607], [77.69907, 13.0066], [77.69585, 13.00835], [77.692, 13.00805], [77.68951, 13.00743], [77.68505, 13.00509], [77.68223, 13.00979], [77.68067, 13.01118], [77.6817, 13.01107], [77.68265, 13.01127], [77.68265, 13.01402], [77.68511, 13.01461], [77.68542, 13.01519], [77.6857, 13.01499], [77.68608, 13.01559], [77.69253, 13.01629], [77.69278, 13.01554], [77.69296, 13.01555], [77.69552, 13.01645], [77.69537, 13.01615], [77.69619, 13.01767], [77.69689, 13.01846], [77.69704, 13.01981], [77.69687, 13.01999], [77.6958, 13.01995], [77.69562, 13.02023], [77.69568, 13.02105], [77.69308, 13.02215], [77.69289, 13.02261], [77.69206, 13.02266], [77.69211, 13.02411], [77.69094, 13.02389], [77.6944, 13.02672], [77.7017, 13.02744], [77.70127, 13.02497], [77.70328, 13.02575], [77.70596, 13.02629], [77.708, 13.02588], [77.70746, 13.02458], [77.7072, 13.02443], [77.70837, 13.02386], [77.70843, 13.02248], [77.70963, 13.02235], [77.70945, 13.01992], [77.71359, 13.02243], [77.71448, 13.02133], [77.71504, 13.02112], [77.71481, 13.02064], [77.71206, 13.01801], [77.7114, 13.0152], [77.71084, 13.01475], [77.71085, 13.01437], [77.70959, 13.0141], [77.71006, 13.0108], [77.70985, 13.00971], [77.7059, 13.01035], [77.70245, 13.01036], [77.70224, 13.01054], [77.70186, 13.00806], [77.70168, 13.00809]]]}}, {"type": "Feature", "properties": {"name": "Basavanapura", "lowPct": 16.1, "modPct": 60.5, "highPct": 23.3, "meanStress": 2.072, "dominant": "Moderate", "infra": "Rainwater Harvesting Structures"}, "geometry": {"type": "Polygon", "coordinates": [[[77.70713, 13.00431], [77.70587, 12.99931], [77.69941, 12.99979], [77.70004, 13.00488], [77.69995, 13.00552], [77.70019, 13.00618], [77.70049, 13.00607], [77.70089, 13.00748], [77.70153, 13.00728], [77.70168, 13.00809], [77.70186, 13.00806], [77.70224, 13.01054], [77.70245, 13.01036], [77.7059, 13.01035], [77.70985, 13.00971], [77.71006, 13.0108], [77.70959, 13.0141], [77.71085, 13.01437], [77.71084, 13.01475], [77.7114, 13.0152], [77.71206, 13.01801], [77.71481, 13.02064], [77.71504, 13.02112], [77.71448, 13.02133], [77.71359, 13.02243], [77.70945, 13.01992], [77.70963, 13.02235], [77.70843, 13.02248], [77.70837, 13.02386], [77.7072, 13.02443], [77.70746, 13.02458], [77.708, 13.02588], [77.70924, 13.02527], [77.71071, 13.02614], [77.71207, 13.02838], [77.71508, 13.03199], [77.71608, 13.03182], [77.71609, 13.03165], [77.71739, 13.03156], [77.71737, 13.03292], [77.71958, 13.03337], [77.72152, 13.03412], [77.72163, 13.03372], [77.72343, 13.03327], [77.72407, 13.03332], [77.72423, 13.0323], [77.72488, 13.03203], [77.72492, 13.03044], [77.72464, 13.02922], [77.72525, 13.02702], [77.72517, 13.02579], [77.72568, 13.02576], [77.7299, 13.01969], [77.73006, 13.01873], [77.72866, 13.01445], [77.72801, 13.01048], [77.72619, 13.0102], [77.7197, 13.01009], [77.71896, 13.00613], [77.71829, 13.00455], [77.71585, 13.00444], [77.71355, 13.00464], [77.71031, 13.00428], [77.70713, 13.00431]]]}}, {"type": "Feature", "properties": {"name": "Byrathi", "lowPct": 32.3, "modPct": 51.1, "highPct": 16.7, "meanStress": 1.844, "dominant": "Moderate", "infra": "Rainwater Harvesting Structures"}, "geometry": {"type": "MultiPolygon", "coordinates": [[[[77.68877, 13.02211], [77.68383, 13.0229], [77.68315, 13.02764], [77.68369, 13.03321], [77.68688, 13.03348], [77.69085, 13.03256], [77.6944, 13.02673], [77.68877, 13.02211]]], [[[77.6559, 13.06406], [77.65513, 13.05515], [77.65552, 13.05507], [77.65553, 13.05266], [77.65485, 13.04889], [77.65512, 13.04808], [77.6561, 13.0481], [77.65614, 13.04684], [77.65287, 13.04656], [77.65217, 13.04708], [77.64998, 13.04773], [77.64724, 13.04822], [77.64742, 13.04941], [77.64705, 13.04951], [77.64802, 13.05092], [77.64725, 13.05273], [77.6471, 13.05424], [77.64732, 13.05428], [77.64733, 13.05506], [77.64728, 13.0557], [77.6471, 13.05565], [77.64696, 13.05616], [77.64713, 13.05674], [77.64691, 13.05727], [77.64703, 13.05752], [77.64889, 13.05771], [77.64907, 13.05883], [77.65161, 13.0587], [77.65196, 13.06075], [77.65159, 13.07098], [77.65117, 13.07479], [77.65068, 13.07797], [77.64967, 13.08124], [77.65476, 13.08197], [77.65627, 13.07588], [77.65647, 13.07386], [77.65652, 13.06782], [77.6559, 13.06406]]], [[[77.6789, 13.05522], [77.67838, 13.05235], [77.67565, 13.05255], [77.67469, 13.05137], [77.67378, 13.05079], [77.67298, 13.05079], [77.6721, 13.05124], [77.67156, 13.05124], [77.67002, 13.0501], [77.66932, 13.04993], [77.66576, 13.05003], [77.66425, 13.05081], [77.66526, 13.05478], [77.6656, 13.06064], [77.66715, 13.06395], [77.67005, 13.06596], [77.67241, 13.06561], [77.67509, 13.06484], [77.67672, 13.06509], [77.67717, 13.06496], [77.67667, 13.06358], [77.67686, 13.06353], [77.67684, 13.06291], [77.67899, 13.06286], [77.67951, 13.06195], [77.67929, 13.06052], [77.67944, 13.05858], [77.67896, 13.05782], [77.67943, 13.05577], [77.6789, 13.05522]]], [[[77.72023, 12.99576], [77.70587, 12.99931], [77.70713, 13.00431], [77.71031, 13.00428], [77.71355, 13.00464], [77.71585, 13.00444], [77.71829, 13.00455], [77.71896, 13.00613], [77.7197, 13.01009], [77.72619, 13.0102], [77.73141, 13.01082], [77.73284, 13.01077], [77.73389, 13.01012], [77.73567, 13.01093], [77.73623, 13.01076], [77.7361, 13.00749], [77.73652, 13.00783], [77.73814, 13.00758], [77.74077, 13.00813], [77.74099, 13.00715], [77.74515, 13.00717], [77.74925, 13.00611], [77.75036, 13.00655], [77.75153, 13.00615], [77.75353, 13.00454], [77.7542, 13.00454], [77.75511, 13.00529], [77.75701, 13.00414], [77.75852, 12.9966], [77.74581, 12.99851], [77.74287, 12.99864], [77.72543, 12.99545], [77.72331, 12.9954], [77.72023, 12.99576]]]]}}, {"type": "Feature", "properties": {"name": "Kadugodi", "lowPct": 9.8, "modPct": 34.5, "highPct": 55.7, "meanStress": 2.459, "dominant": "High", "infra": "Rainwater Harvesting Structures"}, "geometry": {"type": "Polygon", "coordinates": [[[77.75709, 12.95911], [77.75452, 12.95811], [77.7541, 12.96028], [77.75439, 12.96136], [77.75476, 12.96169], [77.75502, 12.96443], [77.75635, 12.96519], [77.75656, 12.96559], [77.75645, 12.96621], [77.75587, 12.96677], [77.75603, 12.9685], [77.75783, 12.96781], [77.7622, 12.96676], [77.76334, 12.96674], [77.7642, 12.9672], [77.7633, 12.9673], [77.76342, 12.96937], [77.76368, 12.97012], [77.76275, 12.97118], [77.76252, 12.97221], [77.76332, 12.97508], [77.76379, 12.9754], [77.7653, 12.97944], [77.76157, 12.97971], [77.75765, 12.97967], [77.75817, 12.98245], [77.75607, 12.9828], [77.75432, 12.98353], [77.7525, 12.98379], [77.7549, 12.98973], [77.75739, 12.99306], [77.7585, 12.99647], [77.75824, 12.9983], [77.75701, 13.00414], [77.75511, 13.00529], [77.7542, 13.00454], [77.75354, 13.00454], [77.75094, 13.00644], [77.75036, 13.00655], [77.74925, 13.00611], [77.74717, 13.00673], [77.7472, 13.00701], [77.74697, 13.0071], [77.74693, 13.01044], [77.74736, 13.01163], [77.74783, 13.01157], [77.74797, 13.01262], [77.74932, 13.012], [77.74972, 13.01151], [77.75269, 13.01066], [77.75443, 13.00892], [77.75478, 13.00881], [77.7554, 13.01034], [77.75889, 13.00788], [77.75944, 13.00775], [77.75964, 13.00698], [77.75941, 13.0059], [77.76076, 13.00491], [77.76199, 13.00512], [77.76347, 13.00285], [77.76383, 13.00311], [77.76412, 13.00408], [77.76742, 13.00325], [77.7687, 13.00269], [77.76926, 13.00398], [77.76966, 13.00591], [77.7697, 13.00886], [77.76993, 13.00914], [77.76978, 13.00937], [77.77151, 13.0151], [77.77311, 13.01464], [77.7731, 13.01377], [77.77343, 13.01348], [77.77444, 13.01339], [77.77386, 13.01248], [77.77371, 13.01125], [77.774, 13.01065], [77.77328, 13.01018], [77.77343, 13.00966], [77.77316, 13.0091], [77.77346, 13.00784], [77.77341, 13.00626], [77.77389, 13.00617], [77.77442, 13.00644], [77.77574, 13.00599], [77.77589, 13.0057], [77.7755, 13.00333], [77.77477, 13.00288], [77.7735, 13.00316], [77.77265, 13.00292], [77.77246, 13.00259], [77.77286, 13.00194], [77.77366, 13.00188], [77.77382, 13.00125], [77.77476, 13.00115], [77.77499, 13.00086], [77.77483, 12.99971], [77.77511, 12.99705], [77.77418, 12.992], [77.77521, 12.9921], [77.77611, 12.99153], [77.776, 12.99066], [77.7765, 12.98832], [77.77594, 12.98829], [77.77615, 12.98792], [77.7759, 12.98639], [77.77607, 12.98587], [77.77715, 12.98516], [77.77658, 12.98486], [77.7761, 12.9825], [77.77565, 12.98214], [77.77472, 12.98052], [77.77591, 12.97993], [77.77741, 12.97837], [77.77843, 12.97856], [77.77883, 12.97716], [77.77824, 12.97622], [77.77767, 12.97618], [77.77726, 12.97654], [77.77698, 12.97641], [77.77616, 12.97497], [77.77687, 12.974], [77.77815, 12.9734], [77.77924, 12.97224], [77.77863, 12.97108], [77.77867, 12.97048], [77.78022, 12.97016], [77.78083, 12.97032], [77.78115, 12.97077], [77.78286, 12.97099], [77.78365, 12.97062], [77.78391, 12.96936], [77.78436, 12.96856], [77.78418, 12.96679], [77.78408, 12.96656], [77.78185, 12.96613], [77.78122, 12.96696], [77.78054, 12.96712], [77.7786, 12.96676], [77.77866, 12.96772], [77.77745, 12.96822], [77.77459, 12.96651], [77.7735, 12.96609], [77.77198, 12.96592], [77.77069, 12.96423], [77.77048, 12.96304], [77.7702, 12.96306], [77.77018, 12.96285], [77.76897, 12.96337], [77.7687, 12.96309], [77.76659, 12.96413], [77.76573, 12.96418], [77.76102, 12.96195], [77.75984, 12.96071], [77.75709, 12.95911]]]}}, {"type": "Feature", "properties": {"name": "Devara Jeevanahalli", "lowPct": 3.3, "modPct": 30.3, "highPct": 66.4, "meanStress": 2.631, "dominant": "High", "infra": "Community Water Storage Tanks"}, "geometry": {"type": "Polygon", "coordinates": [[[77.60599, 13.01969], [77.60739, 13.01977], [77.60783, 13.01952], [77.60748, 13.01717], [77.60765, 13.01648], [77.6085, 13.01624], [77.60853, 13.0151], [77.60919, 13.01509], [77.61001, 13.01289], [77.61009, 13.01191], [77.60951, 13.01093], [77.60739, 13.01123], [77.60496, 13.01224], [77.604, 13.01236], [77.60364, 13.01292], [77.60302, 13.0132], [77.60281, 13.01265], [77.60163, 13.01282], [77.60205, 13.01448], [77.6023, 13.01494], [77.60259, 13.01483], [77.60321, 13.01615], [77.60366, 13.01649], [77.60316, 13.01671], [77.60329, 13.01712], [77.60466, 13.01751], [77.60497, 13.01906], [77.6045, 13.01939], [77.60454, 13.01998], [77.60599, 13.01969]]]}}, {"type": "Feature", "properties": {"name": "S K Garden", "lowPct": 62.7, "modPct": 28.4, "highPct": 8.9, "meanStress": 1.462, "dominant": "Low", "infra": "Recharge Wells"}, "geometry": {"type": "Polygon", "coordinates": [[[77.61244, 13.00631], [77.6121, 13.00189], [77.61119, 13.00209], [77.6109, 13.00189], [77.60428, 13.00432], [77.60387, 13.00353], [77.6038, 13.00432], [77.60524, 13.00667], [77.59539, 13.01138], [77.59585, 13.01265], [77.59764, 13.01558], [77.59768, 13.01622], [77.59846, 13.01789], [77.59974, 13.01971], [77.60094, 13.02299], [77.60275, 13.02194], [77.6048, 13.02146], [77.60402, 13.02007], [77.60454, 13.01998], [77.6045, 13.01939], [77.60497, 13.01906], [77.60466, 13.01751], [77.60329, 13.01712], [77.60316, 13.01671], [77.60366, 13.01649], [77.60321, 13.01615], [77.60259, 13.01483], [77.6023, 13.01494], [77.60205, 13.01448], [77.60163, 13.01282], [77.60281, 13.01265], [77.60302, 13.0132], [77.60364, 13.01292], [77.604, 13.01236], [77.60496, 13.01224], [77.60739, 13.01123], [77.60951, 13.01093], [77.60962, 13.01052], [77.61335, 13.00969], [77.6132, 13.00841], [77.61244, 13.00631]]]}}, {"type": "Feature", "properties": {"name": "Laxmidevi Nagar", "lowPct": 1.3, "modPct": 49.2, "highPct": 49.5, "meanStress": 2.482, "dominant": "High", "infra": "Community Water Storage Tanks"}, "geometry": {"type": "Polygon", "coordinates": [[[77.53411, 13.02499], [77.53722, 13.03041], [77.54426, 13.02637], [77.53981, 13.01904], [77.53523, 13.02162], [77.53263, 13.02215], [77.53184, 13.01851], [77.53065, 13.01467], [77.52884, 13.01184], [77.52764, 13.01068], [77.52666, 13.0118], [77.52705, 13.01233], [77.52678, 13.01246], [77.52676, 13.01284], [77.5269, 13.01345], [77.52835, 13.01544], [77.52743, 13.01561], [77.52757, 13.01749], [77.52668, 13.01747], [77.52659, 13.01816], [77.52534, 13.02051], [77.52679, 13.02152], [77.52846, 13.021], [77.53108, 13.02669], [77.53411, 13.02499]]]}}, {"type": "Feature", "properties": {"name": "Chowdeshwari Nagar", "lowPct": 0.0, "modPct": 41.1, "highPct": 58.9, "meanStress": 2.589, "dominant": "High", "infra": "Community Water Storage Tanks"}, "geometry": {"type": "Polygon", "coordinates": [[[77.5217, 12.99757], [77.52177, 12.99989], [77.52076, 13.00007], [77.52137, 13.00351], [77.52102, 13.00355], [77.52099, 13.00329], [77.52017, 13.00338], [77.51989, 13.00232], [77.51798, 13.00227], [77.51831, 13.00287], [77.51774, 13.00379], [77.5177, 13.00612], [77.51733, 13.00654], [77.51751, 13.00714], [77.5173, 13.0082], [77.52156, 13.00725], [77.52169, 13.00777], [77.52323, 13.00748], [77.52317, 13.00701], [77.52479, 13.00666], [77.52539, 13.0066], [77.52546, 13.00686], [77.52676, 13.0066], [77.52682, 13.00892], [77.5277, 13.01064], [77.52797, 13.00976], [77.52868, 13.00902], [77.53027, 13.00882], [77.53046, 13.0083], [77.53005, 13.00736], [77.52961, 13.00427], [77.52898, 13.00342], [77.52918, 13.00228], [77.52783, 13.00136], [77.52781, 12.99941], [77.5282, 12.99909], [77.5217, 12.99757]]]}}, {"type": "Feature", "properties": {"name": "Laggere", "lowPct": 0.0, "modPct": 0.0, "highPct": 100.0, "meanStress": 3.0, "dominant": "High", "infra": "Community Water Storage Tanks"}, "geometry": {"type": "Polygon", "coordinates": [[[77.52156, 13.00725], [77.5173, 13.00822], [77.51817, 13.00891], [77.51913, 13.01049], [77.51855, 13.01267], [77.52048, 13.01247], [77.52122, 13.01264], [77.5214, 13.01246], [77.52302, 13.01291], [77.5222, 13.01585], [77.52199, 13.01824], [77.52534, 13.02051], [77.52659, 13.01816], [77.52668, 13.01747], [77.52757, 13.01749], [77.52743, 13.01561], [77.52835, 13.01544], [77.5269, 13.01345], [77.52676, 13.01284], [77.52678, 13.01246], [77.52705, 13.01233], [77.52666, 13.0118], [77.5277, 13.01064], [77.52682, 13.00892], [77.52676, 13.0066], [77.52546, 13.00686], [77.52539, 13.0066], [77.52479, 13.00666], [77.52317, 13.00701], [77.52323, 13.00748], [77.52169, 13.00777], [77.52156, 13.00725]]]}}, {"type": "Feature", "properties": {"name": "Dr. Puneet Rajkumar", "lowPct": 0.0, "modPct": 33.5, "highPct": 66.5, "meanStress": 2.665, "dominant": "High", "infra": "Community Water Storage Tanks"}, "geometry": {"type": "Polygon", "coordinates": [[[77.53065, 13.01467], [77.53263, 13.02215], [77.53523, 13.02162], [77.53808, 13.02], [77.53784, 13.01878], [77.53718, 13.01762], [77.53737, 13.01724], [77.53725, 13.0168], [77.5362, 13.01397], [77.53719, 13.01431], [77.53852, 13.01378], [77.53743, 13.01236], [77.53789, 13.01176], [77.5379, 13.01102], [77.53762, 13.01057], [77.53707, 13.01034], [77.53617, 13.01051], [77.53491, 13.00834], [77.53416, 13.00871], [77.53384, 13.00824], [77.53355, 13.00859], [77.53317, 13.00803], [77.53151, 13.00875], [77.53077, 13.00996], [77.53051, 13.0109], [77.52918, 13.01151], [77.52907, 13.01215], [77.53065, 13.01467]]]}}, {"type": "Feature", "properties": {"name": "Nagapura", "lowPct": 0.0, "modPct": 89.5, "highPct": 10.5, "meanStress": 2.105, "dominant": "Moderate", "infra": "Community Water Storage Tanks"}, "geometry": {"type": "Polygon", "coordinates": [[[77.55308, 12.99818], [77.55047, 12.9976], [77.54506, 12.99749], [77.54022, 12.99978], [77.53577, 13.0008], [77.5407, 13.00245], [77.54167, 13.00863], [77.54307, 13.00833], [77.54312, 13.00863], [77.54675, 13.00801], [77.54724, 13.01058], [77.54646, 13.01077], [77.5468, 13.01301], [77.54751, 13.01299], [77.5475, 13.01354], [77.54786, 13.01376], [77.54842, 13.01491], [77.54725, 13.01577], [77.54743, 13.01659], [77.5471, 13.01734], [77.55279, 13.01988], [77.55338, 13.01848], [77.55387, 13.0159], [77.5541, 13.01566], [77.55407, 13.01388], [77.55446, 13.01241], [77.55449, 13.00807], [77.55429, 13.00617], [77.5527, 12.99936], [77.55308, 12.99818]]]}}, {"type": "Feature", "properties": {"name": "Mahalakshmipuram", "lowPct": 0.0, "modPct": 63.5, "highPct": 36.5, "meanStress": 2.365, "dominant": "Moderate", "infra": "Community Water Storage Tanks"}, "geometry": {"type": "Polygon", "coordinates": [[[77.54167, 13.00863], [77.5407, 13.00245], [77.53945, 13.0019], [77.53662, 13.00123], [77.53609, 13.00283], [77.53287, 13.00562], [77.53363, 13.00653], [77.53498, 13.00751], [77.53567, 13.00705], [77.53613, 13.00753], [77.53745, 13.00648], [77.53786, 13.0067], [77.53741, 13.00703], [77.53903, 13.00673], [77.53946, 13.00987], [77.53914, 13.00991], [77.53918, 13.01015], [77.5399, 13.01112], [77.54021, 13.01221], [77.53992, 13.01224], [77.53987, 13.01247], [77.54143, 13.01258], [77.54278, 13.01187], [77.5452, 13.01256], [77.54481, 13.01337], [77.54697, 13.01434], [77.54725, 13.01577], [77.54842, 13.01491], [77.54786, 13.01376], [77.5475, 13.01354], [77.54751, 13.01299], [77.5468, 13.01301], [77.54646, 13.01077], [77.54724, 13.01058], [77.54675, 13.00801], [77.54312, 13.00863], [77.54307, 13.00833], [77.54167, 13.00863]]]}}, {"type": "Feature", "properties": {"name": "Nalvadi Krishna Raja Wadiyar", "lowPct": 0.0, "modPct": 14.7, "highPct": 85.3, "meanStress": 2.853, "dominant": "High", "infra": "Community Water Storage Tanks"}, "geometry": {"type": "Polygon", "coordinates": [[[77.53662, 13.00123], [77.52853, 12.99929], [77.52845, 12.99886], [77.52781, 12.99941], [77.52783, 13.00136], [77.52918, 13.00228], [77.52898, 13.00342], [77.52961, 13.00427], [77.5301, 13.00757], [77.53046, 13.00808], [77.5303, 13.00881], [77.52868, 13.00902], [77.52797, 13.00976], [77.52764, 13.01068], [77.52907, 13.01215], [77.52918, 13.01151], [77.53051, 13.0109], [77.53077, 13.00996], [77.53151, 13.00875], [77.53317, 13.00803], [77.53355, 13.00859], [77.53384, 13.00824], [77.53416, 13.00871], [77.53491, 13.00834], [77.53617, 13.01051], [77.53734, 13.01043], [77.53776, 13.01074], [77.53794, 13.01156], [77.53865, 13.01149], [77.53984, 13.01248], [77.53992, 13.01224], [77.5402, 13.01229], [77.5399, 13.01112], [77.53918, 13.01015], [77.53914, 13.00991], [77.53946, 13.00987], [77.53903, 13.00673], [77.53741, 13.00703], [77.53786, 13.0067], [77.53745, 13.00648], [77.53613, 13.00753], [77.53567, 13.00705], [77.53498, 13.00751], [77.53363, 13.00653], [77.53287, 13.00562], [77.53609, 13.00283], [77.53662, 13.00123]]]}}, {"type": "Feature", "properties": {"name": "Benniganahalli", "lowPct": 74.1, "modPct": 25.9, "highPct": 0.0, "meanStress": 1.259, "dominant": "Low", "infra": "Recharge Wells"}, "geometry": {"type": "Polygon", "coordinates": [[[77.64675, 12.99177], [77.64499, 12.99668], [77.64228, 13.00127], [77.64079, 13.00291], [77.64056, 13.00349], [77.63849, 13.00459], [77.63671, 13.00428], [77.63807, 13.00544], [77.64109, 13.00605], [77.64553, 13.00639], [77.6467, 13.00799], [77.64798, 13.00753], [77.64974, 13.00746], [77.65157, 13.00669], [77.65126, 13.00608], [77.65288, 13.00582], [77.6562, 13.00907], [77.65813, 13.01045], [77.6623, 13.01239], [77.66257, 13.00819], [77.66319, 13.00456], [77.66359, 12.99826], [77.66407, 12.99748], [77.65423, 12.99189], [77.65129, 12.9909], [77.64822, 12.99077], [77.64742, 12.99112], [77.64675, 12.99177]]]}}, {"type": "Feature", "properties": {"name": "C V Raman Nagar", "lowPct": 8.3, "modPct": 91.4, "highPct": 0.3, "meanStress": 1.921, "dominant": "Moderate", "infra": "Community Water Storage Tanks"}, "geometry": {"type": "Polygon", "coordinates": [[[77.65837, 12.98139], [77.653, 12.97937], [77.65312, 12.97925], [77.65272, 12.97905], [77.65085, 12.98112], [77.64842, 12.98519], [77.64793, 12.98685], [77.64243, 12.98474], [77.64348, 12.99138], [77.64333, 12.99162], [77.64674, 12.99089], [77.64947, 12.99074], [77.65129, 12.9909], [77.65423, 12.99189], [77.66279, 12.99675], [77.66553, 12.99238], [77.66691, 12.99105], [77.66836, 12.99019], [77.66763, 12.98953], [77.66741, 12.98867], [77.66753, 12.98594], [77.66782, 12.98587], [77.66797, 12.98549], [77.66689, 12.98505], [77.66621, 12.98209], [77.66573, 12.98206], [77.66526, 12.98266], [77.66439, 12.98267], [77.66441, 12.9833], [77.664, 12.98369], [77.6636, 12.98374], [77.6629, 12.98324], [77.66228, 12.98318], [77.66142, 12.98344], [77.66095, 12.98411], [77.66016, 12.98406], [77.65869, 12.98319], [77.65837, 12.98139]]]}}, {"type": "Feature", "properties": {"name": "Chikkalsandra", "lowPct": 0.3, "modPct": 5.0, "highPct": 94.7, "meanStress": 2.944, "dominant": "High", "infra": "Community Water Storage Tanks"}, "geometry": {"type": "Polygon", "coordinates": [[[77.54177, 12.91881], [77.53931, 12.91752], [77.53836, 12.91809], [77.53878, 12.91865], [77.53854, 12.91948], [77.53889, 12.92026], [77.54004, 12.91999], [77.54047, 12.92168], [77.54296, 12.92071], [77.54348, 12.92203], [77.54357, 12.92385], [77.54432, 12.92604], [77.54479, 12.92586], [77.54541, 12.92727], [77.54575, 12.92723], [77.54623, 12.92807], [77.54871, 12.92615], [77.55206, 12.92436], [77.55013, 12.92063], [77.55027, 12.91948], [77.54983, 12.9179], [77.55056, 12.91773], [77.55061, 12.91673], [77.55092, 12.91647], [77.5506, 12.91578], [77.54804, 12.91649], [77.5481, 12.91716], [77.54846, 12.91717], [77.54862, 12.91803], [77.54684, 12.91833], [77.54672, 12.91803], [77.54476, 12.91829], [77.5447, 12.91752], [77.54317, 12.91764], [77.54193, 12.91822], [77.54199, 12.9188], [77.54177, 12.91881]]]}}, {"type": "Feature", "properties": {"name": "Hsr Layout", "lowPct": 15.8, "modPct": 82.5, "highPct": 1.7, "meanStress": 1.86, "dominant": "Moderate", "infra": "Community Water Storage Tanks"}, "geometry": {"type": "Polygon", "coordinates": [[[77.63834, 12.91983], [77.63886, 12.92165], [77.63992, 12.92383], [77.64137, 12.92338], [77.64489, 12.92442], [77.64886, 12.92469], [77.65174, 12.92422], [77.65148, 12.92275], [77.65156, 12.9197], [77.64916, 12.91948], [77.64891, 12.91249], [77.64924, 12.90873], [77.65179, 12.90853], [77.65091, 12.90459], [77.65035, 12.90373], [77.64868, 12.90352], [77.64877, 12.9038], [77.64793, 12.90384], [77.64771, 12.90408], [77.64121, 12.90549], [77.63893, 12.90573], [77.63507, 12.90733], [77.63296, 12.90668], [77.62931, 12.9063], [77.62265, 12.91728], [77.62564, 12.91765], [77.62851, 12.9168], [77.63817, 12.91595], [77.63834, 12.91983]]]}}, {"type": "Feature", "properties": {"name": "Mangammanapalya", "lowPct": 0.0, "modPct": 29.0, "highPct": 71.0, "meanStress": 2.71, "dominant": "High", "infra": "Community Water Storage Tanks"}, "geometry": {"type": "Polygon", "coordinates": [[[77.64298, 12.89429], [77.64277, 12.89396], [77.64127, 12.89391], [77.64108, 12.89319], [77.63804, 12.89216], [77.62931, 12.9063], [77.63296, 12.90668], [77.63507, 12.90733], [77.63893, 12.90573], [77.64119, 12.90541], [77.64097, 12.90422], [77.64363, 12.9025], [77.64342, 12.90067], [77.64547, 12.90029], [77.64502, 12.89897], [77.64539, 12.8967], [77.64488, 12.89426], [77.64298, 12.89429]]]}}, {"type": "Feature", "properties": {"name": "Begur", "lowPct": 11.5, "modPct": 83.7, "highPct": 4.8, "meanStress": 1.933, "dominant": "Moderate", "infra": "Rainwater Harvesting Structures"}, "geometry": {"type": "Polygon", "coordinates": [[[77.64045, 12.87234], [77.64246, 12.87161], [77.64884, 12.87038], [77.65063, 12.8704], [77.65333, 12.86954], [77.65215, 12.86647], [77.65095, 12.86466], [77.64872, 12.86289], [77.64847, 12.86223], [77.65581, 12.85886], [77.65749, 12.85832], [77.65755, 12.8572], [77.65638, 12.857], [77.65644, 12.8565], [77.65575, 12.85638], [77.65585, 12.85572], [77.65551, 12.85553], [77.65528, 12.85623], [77.65491, 12.85619], [77.65308, 12.85549], [77.6526, 12.85497], [77.65034, 12.85439], [77.65039, 12.85387], [77.64995, 12.85369], [77.65028, 12.85218], [77.6498, 12.85224], [77.64962, 12.85293], [77.64922, 12.85275], [77.64931, 12.85213], [77.64773, 12.85186], [77.64759, 12.85235], [77.64617, 12.8521], [77.64575, 12.8517], [77.6456, 12.85197], [77.64491, 12.85175], [77.64491, 12.85216], [77.64313, 12.85114], [77.64288, 12.85121], [77.64284, 12.85943], [77.64179, 12.86365], [77.64148, 12.8637], [77.64122, 12.8644], [77.64133, 12.86505], [77.63884, 12.86491], [77.63845, 12.86331], [77.63739, 12.86289], [77.63643, 12.86313], [77.63524, 12.86296], [77.63454, 12.86264], [77.63425, 12.86192], [77.63224, 12.86125], [77.62868, 12.86655], [77.62754, 12.86945], [77.62517, 12.87347], [77.62401, 12.87332], [77.62366, 12.87356], [77.624, 12.87387], [77.62428, 12.87582], [77.62479, 12.87588], [77.62472, 12.87726], [77.62575, 12.87706], [77.62552, 12.87785], [77.6247, 12.87843], [77.62458, 12.88092], [77.62332, 12.88127], [77.62343, 12.8824], [77.62299, 12.88304], [77.6221, 12.88361], [77.62178, 12.8851], [77.6219, 12.88629], [77.61866, 12.88647], [77.61931, 12.88821], [77.6199, 12.88887], [77.62138, 12.8886], [77.62147, 12.88886], [77.62858, 12.88809], [77.62861, 12.89013], [77.62925, 12.89086], [77.62943, 12.89176], [77.62987, 12.89207], [77.63022, 12.89276], [77.6328, 12.89241], [77.63287, 12.88941], [77.63147, 12.88926], [77.63233, 12.8861], [77.6352, 12.88638], [77.63495, 12.88776], [77.63517, 12.88782], [77.63684, 12.88637], [77.63831, 12.88577], [77.63821, 12.88542], [77.63893, 12.88522], [77.63825, 12.8837], [77.63756, 12.8837], [77.63696, 12.87996], [77.6397, 12.87602], [77.64016, 12.87444], [77.6401, 12.87307], [77.64045, 12.87234]]]}}, {"type": "Feature", "properties": {"name": "Suddagunte Palya", "lowPct": 0.0, "modPct": 100.0, "highPct": 0.0, "meanStress": 2.0, "dominant": "Moderate", "infra": "Community Water Storage Tanks"}, "geometry": {"type": "Polygon", "coordinates": [[[77.61606, 12.92783], [77.61457, 12.92348], [77.61405, 12.9234], [77.6134, 12.92382], [77.6103, 12.92488], [77.60905, 12.92505], [77.6084, 12.92476], [77.60793, 12.92482], [77.60688, 12.92503], [77.60696, 12.92546], [77.60619, 12.92562], [77.60494, 12.92514], [77.6051, 12.92595], [77.60442, 12.92631], [77.60467, 12.92701], [77.60436, 12.92731], [77.60444, 12.92751], [77.60474, 12.92743], [77.60492, 12.92804], [77.60329, 12.92799], [77.60131, 12.92693], [77.60111, 12.92661], [77.60043, 12.92661], [77.6007, 12.93152], [77.60169, 12.93706], [77.60651, 12.93642], [77.60799, 12.93588], [77.61059, 12.93411], [77.61365, 12.93172], [77.61606, 12.92783]]]}}, {"type": "Feature", "properties": {"name": "Kalena Agrahara", "lowPct": 8.0, "modPct": 79.7, "highPct": 12.4, "meanStress": 2.044, "dominant": "Moderate", "infra": "Rainwater Harvesting Structures"}, "geometry": {"type": "Polygon", "coordinates": [[[77.60917, 12.85118], [77.60906, 12.84754], [77.60932, 12.84605], [77.60719, 12.84748], [77.60455, 12.84824], [77.60267, 12.8484], [77.6002, 12.84794], [77.59778, 12.84833], [77.59562, 12.84916], [77.59452, 12.84633], [77.59385, 12.84045], [77.59285, 12.83712], [77.59154, 12.83451], [77.59054, 12.83491], [77.59054, 12.83554], [77.58956, 12.83545], [77.58708, 12.83363], [77.58243, 12.8369], [77.58061, 12.83784], [77.57879, 12.83827], [77.58052, 12.83999], [77.58162, 12.84074], [77.58188, 12.84264], [77.5827, 12.84392], [77.58336, 12.84445], [77.58471, 12.84426], [77.58669, 12.84214], [77.58751, 12.84164], [77.58857, 12.84146], [77.58812, 12.84374], [77.58831, 12.84901], [77.58885, 12.84873], [77.58942, 12.85008], [77.5902, 12.85011], [77.59039, 12.85049], [77.59209, 12.85405], [77.59279, 12.8576], [77.59339, 12.85947], [77.59399, 12.8604], [77.59403, 12.86188], [77.59052, 12.86236], [77.59426, 12.87315], [77.59568, 12.87296], [77.59611, 12.87268], [77.59678, 12.87028], [77.59757, 12.86886], [77.59806, 12.86677], [77.59903, 12.86673], [77.59954, 12.86632], [77.60154, 12.86629], [77.60148, 12.86677], [77.60263, 12.86665], [77.60354, 12.86523], [77.60351, 12.86466], [77.60429, 12.86478], [77.60466, 12.86703], [77.60486, 12.867], [77.6052, 12.86812], [77.60642, 12.8699], [77.60714, 12.86993], [77.60802, 12.86967], [77.60808, 12.86813], [77.60838, 12.867], [77.61027, 12.86688], [77.61033, 12.86752], [77.61111, 12.86742], [77.61114, 12.86665], [77.61146, 12.86614], [77.6128, 12.86541], [77.61358, 12.8713], [77.61499, 12.87113], [77.61528, 12.87162], [77.61534, 12.87308], [77.61492, 12.87626], [77.61753, 12.87606], [77.61768, 12.87637], [77.61757, 12.87717], [77.61804, 12.8778], [77.61832, 12.87891], [77.61788, 12.87897], [77.61792, 12.87926], [77.61823, 12.87956], [77.61871, 12.88123], [77.61762, 12.88169], [77.61785, 12.88475], [77.61821, 12.88475], [77.61866, 12.88647], [77.6219, 12.88629], [77.62178, 12.8851], [77.6221, 12.88361], [77.62299, 12.88304], [77.62343, 12.8824], [77.62332, 12.88127], [77.62458, 12.88092], [77.6247, 12.87843], [77.62552, 12.87785], [77.62575, 12.87706], [77.62472, 12.87726], [77.62479, 12.87588], [77.62428, 12.87582], [77.624, 12.87387], [77.62366, 12.87356], [77.62401, 12.87332], [77.62517, 12.87347], [77.62754, 12.86945], [77.62868, 12.86655], [77.63224, 12.86125], [77.63064, 12.85993], [77.63039, 12.85858], [77.62906, 12.85691], [77.62728, 12.85706], [77.62548, 12.85755], [77.61904, 12.85814], [77.61891, 12.85759], [77.61679, 12.85757], [77.6164, 12.85583], [77.61436, 12.85425], [77.6127, 12.85165], [77.60917, 12.85118]]]}}, {"type": "Feature", "properties": {"name": "Btm Layout", "lowPct": 5.7, "modPct": 94.3, "highPct": 0.0, "meanStress": 1.943, "dominant": "Moderate", "infra": "Community Water Storage Tanks"}, "geometry": {"type": "Polygon", "coordinates": [[[77.60402, 12.9087], [77.60023, 12.90853], [77.59993, 12.9117], [77.60156, 12.91185], [77.6039, 12.91166], [77.60391, 12.9115], [77.60683, 12.91172], [77.60687, 12.9111], [77.60827, 12.91112], [77.60802, 12.90942], [77.6102, 12.90913], [77.60997, 12.90969], [77.61005, 12.914], [77.61083, 12.91401], [77.61084, 12.91436], [77.61231, 12.91408], [77.61239, 12.91444], [77.61392, 12.91391], [77.6138, 12.91244], [77.61487, 12.91228], [77.61455, 12.91076], [77.61552, 12.91047], [77.61489, 12.90847], [77.61264, 12.90461], [77.60931, 12.90503], [77.60946, 12.90541], [77.60839, 12.9059], [77.60625, 12.90563], [77.60385, 12.90581], [77.60402, 12.9087]]]}}, {"type": "Feature", "properties": {"name": "Someswara Temple Ward", "lowPct": 0.0, "modPct": 100.0, "highPct": 0.0, "meanStress": 2.0, "dominant": "Moderate", "infra": "Community Water Storage Tanks"}, "geometry": {"type": "Polygon", "coordinates": [[[77.61656, 12.91532], [77.61552, 12.91047], [77.61455, 12.91076], [77.61487, 12.91228], [77.6138, 12.91244], [77.61392, 12.91391], [77.61239, 12.91444], [77.61231, 12.91408], [77.61084, 12.91436], [77.61083, 12.91401], [77.61005, 12.914], [77.60997, 12.90969], [77.6102, 12.90913], [77.60802, 12.90942], [77.60827, 12.91112], [77.60687, 12.9111], [77.60683, 12.91172], [77.60391, 12.9115], [77.6039, 12.91166], [77.60156, 12.91185], [77.59993, 12.9117], [77.59999, 12.91673], [77.60723, 12.91655], [77.60803, 12.92003], [77.60882, 12.91984], [77.60915, 12.92152], [77.61074, 12.92092], [77.61029, 12.91975], [77.61564, 12.91942], [77.61707, 12.91936], [77.61832, 12.92109], [77.62136, 12.91924], [77.62264, 12.9173], [77.62218, 12.91636], [77.62215, 12.91447], [77.62091, 12.91363], [77.62146, 12.91321], [77.62104, 12.9127], [77.61957, 12.91254], [77.61869, 12.91304], [77.61673, 12.91482], [77.61656, 12.91532]]]}}, {"type": "Feature", "properties": {"name": "Madivala", "lowPct": 0.0, "modPct": 100.0, "highPct": 0.0, "meanStress": 2.0, "dominant": "Moderate", "infra": "Community Water Storage Tanks"}, "geometry": {"type": "Polygon", "coordinates": [[[77.60805, 12.92005], [77.6089, 12.92271], [77.60842, 12.92375], [77.60873, 12.92388], [77.60853, 12.92482], [77.60905, 12.92505], [77.6103, 12.92488], [77.6134, 12.92382], [77.61385, 12.92344], [77.61457, 12.92348], [77.61606, 12.92783], [77.62136, 12.91924], [77.61832, 12.92109], [77.61707, 12.91936], [77.61029, 12.91975], [77.61074, 12.92092], [77.60926, 12.92152], [77.6089, 12.9208], [77.60882, 12.91984], [77.60805, 12.92005]]]}}, {"type": "Feature", "properties": {"name": "J P Nagar", "lowPct": 0.0, "modPct": 98.9, "highPct": 1.1, "meanStress": 2.011, "dominant": "Moderate", "infra": "Community Water Storage Tanks"}, "geometry": {"type": "Polygon", "coordinates": [[[77.6005, 12.90724], [77.60173, 12.9058], [77.60185, 12.90513], [77.60146, 12.90351], [77.59942, 12.90387], [77.59894, 12.9035], [77.59948, 12.90111], [77.59664, 12.90246], [77.59399, 12.90266], [77.59376, 12.9049], [77.59342, 12.90557], [77.59363, 12.9074], [77.59322, 12.90741], [77.59326, 12.91014], [77.59133, 12.91025], [77.59162, 12.91685], [77.5858, 12.91701], [77.58587, 12.92166], [77.59342, 12.92158], [77.59341, 12.92052], [77.59291, 12.92007], [77.59258, 12.91893], [77.59331, 12.91892], [77.59325, 12.91681], [77.59999, 12.91673], [77.59992, 12.91187], [77.6005, 12.90724]]]}}, {"type": "Feature", "properties": {"name": "Dr. Raj Kumar Agrahara Dasarahalli", "lowPct": 0.0, "modPct": 8.7, "highPct": 91.3, "meanStress": 2.913, "dominant": "High", "infra": "Community Water Storage Tanks"}, "geometry": {"type": "Polygon", "coordinates": [[[77.54961, 12.97397], [77.54715, 12.97642], [77.54556, 12.97763], [77.54411, 12.97822], [77.54108, 12.97883], [77.5413, 12.98156], [77.5386, 12.98206], [77.53826, 12.98309], [77.54037, 12.983], [77.54009, 12.98478], [77.54034, 12.98665], [77.54199, 12.98585], [77.54436, 12.98515], [77.54908, 12.98442], [77.54902, 12.98081], [77.55385, 12.98062], [77.55374, 12.97984], [77.55527, 12.98012], [77.55455, 12.97733], [77.55516, 12.97703], [77.55449, 12.97557], [77.55296, 12.97537], [77.55047, 12.97369], [77.54961, 12.97397]]]}}, {"type": "Feature", "properties": {"name": "Marenahalli", "lowPct": 0.0, "modPct": 0.0, "highPct": 100.0, "meanStress": 3.0, "dominant": "High", "infra": "Community Water Storage Tanks"}, "geometry": {"type": "Polygon", "coordinates": [[[77.52764, 12.97544], [77.52756, 12.9763], [77.52455, 12.97641], [77.52454, 12.97692], [77.52679, 12.97799], [77.52687, 12.97762], [77.52788, 12.97799], [77.53122, 12.97786], [77.53128, 12.9784], [77.53174, 12.97836], [77.53376, 12.97792], [77.53314, 12.97591], [77.53551, 12.97559], [77.53747, 12.97567], [77.53682, 12.97362], [77.53859, 12.9729], [77.53782, 12.97212], [77.53618, 12.96748], [77.53291, 12.96847], [77.53134, 12.9685], [77.52983, 12.96894], [77.52968, 12.96816], [77.52866, 12.96819], [77.52879, 12.96984], [77.5278, 12.97044], [77.52875, 12.97285], [77.52891, 12.97511], [77.52764, 12.97544]]]}}, {"type": "Feature", "properties": {"name": "Gavi Gangadhareshwara", "lowPct": 0.0, "modPct": 0.0, "highPct": 100.0, "meanStress": 3.0, "dominant": "High", "infra": "Community Water Storage Tanks"}, "geometry": {"type": "Polygon", "coordinates": [[[77.55728, 12.95106], [77.55565, 12.95166], [77.55653, 12.95326], [77.55848, 12.95313], [77.55981, 12.95368], [77.56169, 12.95337], [77.56179, 12.95165], [77.56229, 12.95081], [77.56227, 12.95036], [77.5615, 12.94926], [77.56219, 12.94887], [77.56283, 12.94911], [77.56424, 12.94852], [77.56426, 12.94419], [77.56317, 12.94385], [77.56316, 12.94416], [77.56118, 12.94413], [77.56114, 12.94476], [77.5557, 12.94429], [77.55571, 12.94538], [77.55488, 12.9454], [77.55488, 12.94567], [77.55384, 12.94586], [77.55305, 12.94585], [77.55294, 12.94711], [77.55424, 12.9472], [77.55443, 12.94834], [77.55277, 12.95056], [77.5532, 12.95083], [77.55395, 12.95073], [77.5548, 12.94979], [77.55499, 12.95056], [77.55677, 12.94997], [77.55807, 12.95014], [77.55728, 12.95106]]]}}, {"type": "Feature", "properties": {"name": "Maruthi Mandir Ward", "lowPct": 0.0, "modPct": 0.0, "highPct": 100.0, "meanStress": 3.0, "dominant": "High", "infra": "Community Water Storage Tanks"}, "geometry": {"type": "Polygon", "coordinates": [[[77.5295, 12.96494], [77.52686, 12.96466], [77.52682, 12.96531], [77.52558, 12.96562], [77.52566, 12.96589], [77.52348, 12.96623], [77.52449, 12.96878], [77.525, 12.97078], [77.5253, 12.97264], [77.52456, 12.97279], [77.52518, 12.97491], [77.52649, 12.97476], [77.52656, 12.97626], [77.52756, 12.9763], [77.52755, 12.9754], [77.52891, 12.97511], [77.52875, 12.97285], [77.5278, 12.97044], [77.52879, 12.96984], [77.52866, 12.96819], [77.52968, 12.96816], [77.52983, 12.96894], [77.53134, 12.9685], [77.53291, 12.96847], [77.53618, 12.96748], [77.53469, 12.96438], [77.53311, 12.96475], [77.53063, 12.96463], [77.5295, 12.96494]]]}}, {"type": "Feature", "properties": {"name": "Chandralayout", "lowPct": 0.0, "modPct": 4.1, "highPct": 95.9, "meanStress": 2.959, "dominant": "High", "infra": "Community Water Storage Tanks"}, "geometry": {"type": "Polygon", "coordinates": [[[77.52734, 12.95296], [77.5269, 12.95044], [77.52497, 12.95073], [77.52506, 12.94932], [77.52451, 12.94937], [77.52393, 12.94772], [77.52245, 12.9494], [77.52001, 12.95293], [77.51951, 12.95449], [77.51944, 12.95709], [77.51879, 12.9582], [77.51932, 12.95966], [77.52527, 12.95873], [77.52841, 12.95708], [77.52863, 12.95682], [77.52734, 12.95296]]]}}, {"type": "Feature", "properties": {"name": "Nayandahalli", "lowPct": 19.3, "modPct": 29.8, "highPct": 50.8, "meanStress": 2.315, "dominant": "High", "infra": "Community Water Storage Tanks"}, "geometry": {"type": "Polygon", "coordinates": [[[77.5232, 12.93929], [77.52036, 12.93699], [77.51896, 12.9365], [77.5167, 12.93634], [77.51383, 12.93579], [77.51276, 12.93741], [77.51272, 12.93821], [77.51388, 12.93874], [77.5146, 12.93968], [77.51467, 12.9402], [77.51445, 12.94058], [77.51472, 12.94132], [77.51466, 12.94206], [77.51562, 12.94217], [77.51625, 12.94409], [77.51687, 12.94412], [77.51729, 12.9437], [77.51878, 12.94306], [77.51886, 12.94374], [77.5183, 12.94407], [77.51859, 12.94594], [77.52046, 12.94561], [77.52079, 12.94478], [77.52137, 12.94455], [77.52162, 12.94786], [77.52213, 12.94984], [77.52393, 12.94772], [77.52451, 12.94937], [77.52506, 12.94932], [77.52497, 12.95073], [77.5269, 12.95044], [77.52638, 12.94581], [77.52802, 12.94532], [77.52654, 12.94389], [77.52432, 12.94056], [77.5232, 12.93929]]]}}, {"type": "Feature", "properties": {"name": "Kamakshipalya", "lowPct": 0.0, "modPct": 31.4, "highPct": 68.6, "meanStress": 2.686, "dominant": "High", "infra": "Community Water Storage Tanks"}, "geometry": {"type": "Polygon", "coordinates": [[[77.53751, 12.98792], [77.53705, 12.98347], [77.53724, 12.98212], [77.53679, 12.98065], [77.5338, 12.98177], [77.5314, 12.98211], [77.53095, 12.98241], [77.53036, 12.98336], [77.52874, 12.98383], [77.52911, 12.98617], [77.53062, 12.98834], [77.53133, 12.99], [77.53165, 12.99258], [77.54286, 12.99098], [77.54203, 12.98584], [77.53751, 12.98792]]]}}, {"type": "Feature", "properties": {"name": "Dodda Ganapati", "lowPct": 0.0, "modPct": 0.0, "highPct": 100.0, "meanStress": 3.0, "dominant": "High", "infra": "Community Water Storage Tanks"}, "geometry": {"type": "Polygon", "coordinates": [[[77.5626, 12.93716], [77.56064, 12.9353], [77.55964, 12.93642], [77.55794, 12.93764], [77.55646, 12.93823], [77.55499, 12.93843], [77.55512, 12.93966], [77.55474, 12.93969], [77.55498, 12.94181], [77.5527, 12.94194], [77.55294, 12.94381], [77.55362, 12.94379], [77.55369, 12.94415], [77.56114, 12.94476], [77.56118, 12.94413], [77.56316, 12.94416], [77.56317, 12.94385], [77.56426, 12.94419], [77.5643, 12.94174], [77.5651, 12.94175], [77.56498, 12.94101], [77.56397, 12.9393], [77.56434, 12.9393], [77.56591, 12.93933], [77.56608, 12.94012], [77.56665, 12.94018], [77.56685, 12.94153], [77.56784, 12.9428], [77.56783, 12.9436], [77.57378, 12.94368], [77.57382, 12.93477], [77.57167, 12.93496], [77.57169, 12.93524], [77.57012, 12.93551], [77.57026, 12.93694], [77.56557, 12.93685], [77.56559, 12.93642], [77.56527, 12.93642], [77.56532, 12.93585], [77.56502, 12.93562], [77.56362, 12.93588], [77.56384, 12.93664], [77.5626, 12.93716]]]}}, {"type": "Feature", "properties": {"name": "Vidyapeeta Ward", "lowPct": 0.0, "modPct": 0.0, "highPct": 100.0, "meanStress": 3.0, "dominant": "High", "infra": "Community Water Storage Tanks"}, "geometry": {"type": "Polygon", "coordinates": [[[77.56815, 12.93374], [77.56668, 12.92995], [77.56253, 12.93071], [77.56097, 12.92999], [77.55929, 12.93178], [77.55985, 12.93212], [77.56036, 12.93454], [77.55925, 12.93422], [77.55603, 12.93237], [77.55566, 12.93251], [77.55605, 12.93362], [77.55516, 12.93396], [77.5568, 12.93812], [77.55883, 12.93704], [77.56064, 12.9353], [77.5626, 12.93716], [77.56384, 12.93664], [77.56362, 12.93588], [77.56486, 12.93562], [77.5653, 12.93583], [77.56527, 12.93642], [77.56559, 12.93642], [77.56557, 12.93685], [77.57026, 12.93694], [77.57012, 12.93551], [77.57169, 12.93524], [77.57151, 12.93337], [77.56928, 12.93385], [77.5692, 12.93357], [77.56815, 12.93374]]]}}, {"type": "Feature", "properties": {"name": "Swamy Vivekananda", "lowPct": 0.0, "modPct": 0.0, "highPct": 100.0, "meanStress": 3.0, "dominant": "High", "infra": "Community Water Storage Tanks"}, "geometry": {"type": "Polygon", "coordinates": [[[77.55073, 12.93484], [77.5508, 12.93457], [77.55034, 12.93416], [77.54964, 12.93511], [77.54855, 12.93572], [77.54816, 12.9352], [77.54765, 12.93553], [77.54687, 12.93459], [77.54439, 12.93588], [77.54458, 12.93725], [77.54342, 12.93749], [77.54345, 12.93725], [77.54119, 12.93802], [77.54069, 12.93792], [77.54058, 12.93761], [77.53934, 12.93791], [77.53892, 12.93982], [77.53865, 12.94352], [77.54495, 12.94317], [77.54873, 12.94227], [77.54855, 12.94155], [77.54928, 12.94141], [77.54915, 12.9408], [77.55001, 12.94063], [77.54988, 12.9401], [77.55106, 12.93984], [77.55077, 12.93876], [77.55147, 12.93906], [77.5521, 12.93893], [77.55263, 12.94194], [77.55498, 12.94181], [77.55474, 12.93969], [77.55512, 12.93966], [77.55499, 12.93843], [77.5568, 12.93812], [77.55516, 12.93396], [77.55605, 12.93362], [77.55566, 12.93251], [77.55333, 12.93347], [77.55268, 12.93328], [77.55152, 12.93443], [77.55073, 12.93484]]]}}, {"type": "Feature", "properties": {"name": "Katriguppe", "lowPct": 0.0, "modPct": 0.0, "highPct": 100.0, "meanStress": 3.0, "dominant": "High", "infra": "Community Water Storage Tanks"}, "geometry": {"type": "Polygon", "coordinates": [[[77.55914, 12.9282], [77.55492, 12.9252], [77.55447, 12.92359], [77.55144, 12.9246], [77.54871, 12.92615], [77.54248, 12.93138], [77.53925, 12.93366], [77.54069, 12.93792], [77.54119, 12.93802], [77.54345, 12.93725], [77.54342, 12.93749], [77.54458, 12.93725], [77.54439, 12.93588], [77.54687, 12.93459], [77.54765, 12.93553], [77.54816, 12.9352], [77.54855, 12.93572], [77.54964, 12.93511], [77.55034, 12.93416], [77.5508, 12.93457], [77.55073, 12.93484], [77.551, 12.93482], [77.55268, 12.93328], [77.55333, 12.93347], [77.55603, 12.93237], [77.55925, 12.93422], [77.56036, 12.93454], [77.55985, 12.93212], [77.55929, 12.93178], [77.56097, 12.92999], [77.56019, 12.92945], [77.55914, 12.9282]]]}}, {"type": "Feature", "properties": {"name": "Srinagar", "lowPct": 0.0, "modPct": 0.0, "highPct": 100.0, "meanStress": 3.0, "dominant": "High", "infra": "Community Water Storage Tanks"}, "geometry": {"type": "Polygon", "coordinates": [[[77.55294, 12.94381], [77.5521, 12.93893], [77.55147, 12.93906], [77.55077, 12.93876], [77.55106, 12.93984], [77.54988, 12.9401], [77.55001, 12.94063], [77.54915, 12.9408], [77.54928, 12.94141], [77.54855, 12.94155], [77.54873, 12.94227], [77.55, 12.94215], [77.55029, 12.94283], [77.54979, 12.94349], [77.54945, 12.94505], [77.54982, 12.94772], [77.54955, 12.9478], [77.55007, 12.95019], [77.55003, 12.95091], [77.5493, 12.95133], [77.5495, 12.95228], [77.55158, 12.95207], [77.55443, 12.94834], [77.55424, 12.9472], [77.55294, 12.94711], [77.55305, 12.94585], [77.55384, 12.94586], [77.55488, 12.94567], [77.55488, 12.9454], [77.55571, 12.94538], [77.5557, 12.94429], [77.55369, 12.94415], [77.55362, 12.94379], [77.55294, 12.94381]]]}}, {"type": "Feature", "properties": {"name": "Shakambari Nagar", "lowPct": 0.0, "modPct": 81.3, "highPct": 18.7, "meanStress": 2.187, "dominant": "Moderate", "infra": "Community Water Storage Tanks"}, "geometry": {"type": "Polygon", "coordinates": [[[77.5857, 12.91048], [77.57291, 12.91143], [77.57345, 12.9143], [77.57351, 12.91783], [77.5744, 12.92084], [77.57356, 12.92103], [77.57359, 12.92356], [77.5797, 12.92344], [77.57962, 12.93305], [77.58612, 12.93288], [77.58944, 12.9325], [77.58797, 12.93051], [77.58391, 12.93075], [77.58385, 12.92864], [77.58727, 12.92854], [77.58773, 12.92787], [77.58894, 12.92768], [77.58955, 12.92709], [77.58954, 12.92489], [77.59152, 12.92487], [77.59151, 12.92161], [77.58587, 12.92166], [77.5857, 12.91048]]]}}, {"type": "Feature", "properties": {"name": "Gurappanapalya", "lowPct": 0.0, "modPct": 100.0, "highPct": 0.0, "meanStress": 2.0, "dominant": "Moderate", "infra": "Community Water Storage Tanks"}, "geometry": {"type": "Polygon", "coordinates": [[[77.60011, 12.9205], [77.59341, 12.92052], [77.59342, 12.92158], [77.59151, 12.92161], [77.59154, 12.92704], [77.59713, 12.92689], [77.59706, 12.92448], [77.60214, 12.9239], [77.60197, 12.92262], [77.60391, 12.92261], [77.60407, 12.92425], [77.60359, 12.92424], [77.6036, 12.92479], [77.60284, 12.9247], [77.603, 12.92602], [77.60112, 12.92663], [77.60131, 12.92693], [77.60329, 12.92799], [77.60492, 12.92804], [77.60474, 12.92743], [77.60444, 12.92751], [77.60436, 12.92731], [77.60467, 12.92701], [77.60442, 12.92631], [77.6051, 12.92595], [77.60494, 12.92514], [77.60619, 12.92562], [77.60696, 12.92546], [77.60688, 12.92503], [77.60789, 12.92483], [77.60729, 12.92297], [77.6065, 12.92319], [77.60575, 12.92059], [77.60531, 12.9207], [77.60524, 12.92049], [77.60472, 12.92048], [77.60389, 12.92138], [77.60281, 12.92141], [77.60239, 12.92137], [77.60222, 12.92096], [77.60012, 12.92085], [77.60011, 12.9205]]]}}, {"type": "Feature", "properties": {"name": "Byrasandra", "lowPct": 0.0, "modPct": 90.2, "highPct": 9.8, "meanStress": 2.098, "dominant": "Moderate", "infra": "Community Water Storage Tanks"}, "geometry": {"type": "Polygon", "coordinates": [[[77.60391, 12.92261], [77.60197, 12.92262], [77.60214, 12.9239], [77.59706, 12.92448], [77.59713, 12.92689], [77.59154, 12.92704], [77.59152, 12.92487], [77.58954, 12.92489], [77.58955, 12.92709], [77.5891, 12.92759], [77.58791, 12.92778], [77.58711, 12.92859], [77.58385, 12.92864], [77.58391, 12.93075], [77.58797, 12.93051], [77.58944, 12.9325], [77.58484, 12.93289], [77.58491, 12.93663], [77.58627, 12.9364], [77.58782, 12.93516], [77.58913, 12.93581], [77.58994, 12.9355], [77.59012, 12.93632], [77.59056, 12.93613], [77.59104, 12.93667], [77.5927, 12.93621], [77.5925, 12.92847], [77.6005, 12.92829], [77.60043, 12.92661], [77.60112, 12.92663], [77.603, 12.92602], [77.60284, 12.9247], [77.6036, 12.92479], [77.60359, 12.92424], [77.60407, 12.92425], [77.60391, 12.92261]]]}}, {"type": "Feature", "properties": {"name": "Shivanagara", "lowPct": 0.0, "modPct": 80.9, "highPct": 19.1, "meanStress": 2.191, "dominant": "Moderate", "infra": "Community Water Storage Tanks"}, "geometry": {"type": "Polygon", "coordinates": [[[77.55425, 12.98593], [77.55385, 12.98062], [77.54902, 12.98081], [77.54908, 12.98442], [77.54517, 12.98501], [77.54562, 12.98927], [77.54924, 12.98808], [77.54944, 12.98876], [77.54831, 12.98984], [77.54846, 12.99153], [77.54771, 12.99138], [77.54782, 12.99343], [77.55108, 12.99346], [77.55097, 12.99139], [77.55064, 12.99009], [77.55605, 12.98986], [77.55588, 12.98587], [77.55425, 12.98593]]]}}, {"type": "Feature", "properties": {"name": "Rajaji Nagar", "lowPct": 0.0, "modPct": 24.6, "highPct": 75.4, "meanStress": 2.754, "dominant": "High", "infra": "Community Water Storage Tanks"}, "geometry": {"type": "Polygon", "coordinates": [[[77.55605, 12.98986], [77.55064, 12.99009], [77.55097, 12.99139], [77.55108, 12.99346], [77.54576, 12.99337], [77.54579, 12.99456], [77.54284, 12.99518], [77.54285, 12.99638], [77.54125, 12.99735], [77.5404, 12.99687], [77.54116, 12.99938], [77.543, 12.99832], [77.54539, 12.99745], [77.55047, 12.9976], [77.55599, 12.99865], [77.55785, 12.99824], [77.56057, 12.99718], [77.55985, 12.99667], [77.5592, 12.99522], [77.55808, 12.99535], [77.55797, 12.99468], [77.55513, 12.99492], [77.55792, 12.99101], [77.55605, 12.98986]]]}}, {"type": "Feature", "properties": {"name": "Sriramamandir", "lowPct": 0.0, "modPct": 20.7, "highPct": 79.3, "meanStress": 2.793, "dominant": "High", "infra": "Community Water Storage Tanks"}, "geometry": {"type": "Polygon", "coordinates": [[[77.56035, 12.98023], [77.55925, 12.97995], [77.55894, 12.97889], [77.55812, 12.97883], [77.55666, 12.97822], [77.55545, 12.97748], [77.55516, 12.97703], [77.55456, 12.97731], [77.55527, 12.98012], [77.55374, 12.97984], [77.55425, 12.98593], [77.55588, 12.98587], [77.55605, 12.98986], [77.55792, 12.99101], [77.55687, 12.99241], [77.55704, 12.99249], [77.55983, 12.99286], [77.56011, 12.99189], [77.56053, 12.99197], [77.56162, 12.99024], [77.5621, 12.99021], [77.56196, 12.98829], [77.56145, 12.98828], [77.56185, 12.9872], [77.56079, 12.98669], [77.56173, 12.98192], [77.56118, 12.98176], [77.56084, 12.98058], [77.56035, 12.98023]]]}}, {"type": "Feature", "properties": {"name": "Basaveshwara Nagar", "lowPct": 0.0, "modPct": 96.4, "highPct": 3.6, "meanStress": 2.036, "dominant": "Moderate", "infra": "Community Water Storage Tanks"}, "geometry": {"type": "Polygon", "coordinates": [[[77.54576, 12.99337], [77.54782, 12.99343], [77.54771, 12.99138], [77.54846, 12.99153], [77.54831, 12.98984], [77.54944, 12.98876], [77.54924, 12.98808], [77.54562, 12.98927], [77.54517, 12.98501], [77.54203, 12.98584], [77.54286, 12.99098], [77.53845, 12.99158], [77.5404, 12.99687], [77.54125, 12.99735], [77.54285, 12.99638], [77.54284, 12.99518], [77.54579, 12.99456], [77.54576, 12.99337]]]}}, {"type": "Feature", "properties": {"name": "Devagiri Temple Ward", "lowPct": 0.0, "modPct": 65.3, "highPct": 34.7, "meanStress": 2.347, "dominant": "Moderate", "infra": "Community Water Storage Tanks"}, "geometry": {"type": "Polygon", "coordinates": [[[77.5744, 12.92084], [77.57351, 12.91783], [77.57353, 12.91698], [77.57289, 12.91663], [77.5704, 12.91634], [77.56998, 12.91565], [77.56957, 12.9155], [77.56886, 12.91697], [77.56833, 12.91701], [77.5682, 12.91603], [77.5661, 12.91628], [77.56601, 12.91607], [77.56549, 12.91648], [77.56495, 12.91648], [77.56358, 12.91925], [77.5622, 12.92025], [77.56185, 12.92108], [77.56248, 12.92091], [77.56261, 12.92062], [77.56289, 12.92162], [77.56251, 12.92174], [77.56259, 12.92203], [77.56332, 12.92177], [77.56357, 12.92295], [77.56307, 12.92311], [77.56372, 12.92597], [77.56546, 12.92576], [77.56563, 12.92656], [77.56813, 12.92608], [77.56826, 12.92685], [77.57007, 12.92613], [77.57047, 12.92532], [77.57048, 12.92456], [77.57359, 12.92404], [77.57356, 12.92103], [77.5744, 12.92084]]]}}, {"type": "Feature", "properties": {"name": "Yelchenahalli", "lowPct": 0.0, "modPct": 0.0, "highPct": 100.0, "meanStress": 3.0, "dominant": "High", "infra": "Community Water Storage Tanks"}, "geometry": {"type": "Polygon", "coordinates": [[[77.56468, 12.89874], [77.56301, 12.89842], [77.56299, 12.8987], [77.56211, 12.89854], [77.56009, 12.90032], [77.57021, 12.90869], [77.57195, 12.90672], [77.57326, 12.90648], [77.5732, 12.90375], [77.57342, 12.90184], [77.57284, 12.89961], [77.57115, 12.89716], [77.5691, 12.89482], [77.56662, 12.89574], [77.56753, 12.89835], [77.56684, 12.89865], [77.56468, 12.89874]]]}}, {"type": "Feature", "properties": {"name": "Hudi", "lowPct": 1.3, "modPct": 41.7, "highPct": 57.0, "meanStress": 2.557, "dominant": "High", "infra": "Rainwater Harvesting Structures"}, "geometry": {"type": "Polygon", "coordinates": [[[77.72619, 12.97118], [77.72528, 12.96854], [77.72454, 12.96868], [77.72445, 12.96691], [77.72222, 12.967], [77.72172, 12.96712], [77.72136, 12.96758], [77.7204, 12.96753], [77.71947, 12.96657], [77.71875, 12.96661], [77.71873, 12.9657], [77.71838, 12.96546], [77.71815, 12.96646], [77.71721, 12.96718], [77.71631, 12.96753], [77.71413, 12.96768], [77.7137, 12.96795], [77.71222, 12.97112], [77.70865, 12.98162], [77.70828, 12.98486], [77.70845, 12.98576], [77.70925, 12.9874], [77.71336, 12.98992], [77.71587, 12.99212], [77.71429, 12.99176], [77.71107, 12.99271], [77.71314, 12.99363], [77.71358, 12.99436], [77.71355, 12.99538], [77.71389, 12.99546], [77.71352, 12.9956], [77.71425, 12.99714], [77.72167, 12.99549], [77.72543, 12.99545], [77.74287, 12.99864], [77.74581, 12.99851], [77.75851, 12.99652], [77.75739, 12.99306], [77.7549, 12.98973], [77.7525, 12.98379], [77.75069, 12.97515], [77.74936, 12.97475], [77.74903, 12.97434], [77.74665, 12.97449], [77.74616, 12.97533], [77.74571, 12.97552], [77.74464, 12.97568], [77.74357, 12.97546], [77.74251, 12.9757], [77.7398, 12.97645], [77.73953, 12.97704], [77.73648, 12.97798], [77.73579, 12.97634], [77.73402, 12.97614], [77.73395, 12.97591], [77.72714, 12.97642], [77.72681, 12.97107], [77.72619, 12.97118]]]}}, {"type": "Feature", "properties": {"name": "Vijnana Nagar", "lowPct": 32.3, "modPct": 67.7, "highPct": 0.0, "meanStress": 1.677, "dominant": "Moderate", "infra": "Community Water Storage Tanks"}, "geometry": {"type": "Polygon", "coordinates": [[[77.67075, 12.9634], [77.67074, 12.96439], [77.67032, 12.96437], [77.67025, 12.96612], [77.66974, 12.96609], [77.67003, 12.96763], [77.66799, 12.96796], [77.66811, 12.96839], [77.66556, 12.96899], [77.66605, 12.97146], [77.66649, 12.97187], [77.66657, 12.97245], [77.66696, 12.97262], [77.66666, 12.97301], [77.66691, 12.9743], [77.66661, 12.97443], [77.66652, 12.97533], [77.66731, 12.97557], [77.66874, 12.97543], [77.67449, 12.97349], [77.67812, 12.97271], [77.6793, 12.97616], [77.67951, 12.97905], [77.68042, 12.9825], [77.67976, 12.98374], [77.6872, 12.97949], [77.68681, 12.97951], [77.68563, 12.97838], [77.6849, 12.97803], [77.684, 12.97595], [77.6843, 12.9755], [77.68574, 12.97465], [77.6859, 12.97395], [77.68682, 12.97322], [77.68609, 12.9703], [77.68646, 12.97021], [77.68637, 12.9697], [77.68781, 12.96907], [77.68779, 12.96727], [77.6884, 12.96701], [77.68843, 12.96675], [77.68718, 12.96696], [77.68714, 12.96729], [77.68596, 12.9671], [77.68262, 12.96718], [77.68303, 12.96604], [77.68213, 12.96411], [77.68039, 12.96432], [77.67845, 12.9651], [77.67741, 12.96462], [77.67546, 12.96482], [77.67163, 12.96426], [77.67153, 12.96341], [77.67075, 12.9634]]]}}, {"type": "Feature", "properties": {"name": "White Field", "lowPct": 0.0, "modPct": 9.8, "highPct": 90.2, "meanStress": 2.902, "dominant": "High", "infra": "Rainwater Harvesting Structures"}, "geometry": {"type": "Polygon", "coordinates": [[[77.74296, 12.95408], [77.74163, 12.95321], [77.73956, 12.95282], [77.73772, 12.95209], [77.73748, 12.95177], [77.73762, 12.95114], [77.73666, 12.95088], [77.73508, 12.94986], [77.73314, 12.94937], [77.73319, 12.94882], [77.73211, 12.9482], [77.73209, 12.95128], [77.73168, 12.9527], [77.73096, 12.95286], [77.73074, 12.95322], [77.73097, 12.95624], [77.73295, 12.96208], [77.73312, 12.96351], [77.73089, 12.96373], [77.73064, 12.96447], [77.73108, 12.96795], [77.7318, 12.96937], [77.73224, 12.96969], [77.73085, 12.97082], [77.72686, 12.9716], [77.72714, 12.97642], [77.73395, 12.97591], [77.73402, 12.97614], [77.73579, 12.97634], [77.73648, 12.97798], [77.73953, 12.97704], [77.7398, 12.97645], [77.74357, 12.97546], [77.74523, 12.97567], [77.74616, 12.97533], [77.74665, 12.97449], [77.74903, 12.97434], [77.74936, 12.97475], [77.75069, 12.97515], [77.7525, 12.98379], [77.75432, 12.98353], [77.75607, 12.9828], [77.75817, 12.98245], [77.75765, 12.97967], [77.76157, 12.97971], [77.7653, 12.97944], [77.76379, 12.9754], [77.76332, 12.97508], [77.76252, 12.97221], [77.76275, 12.97118], [77.76368, 12.97012], [77.76342, 12.96937], [77.7633, 12.9673], [77.7642, 12.9672], [77.76334, 12.96674], [77.7622, 12.96676], [77.75783, 12.96781], [77.75603, 12.9685], [77.75587, 12.96677], [77.75645, 12.96621], [77.75656, 12.96559], [77.75635, 12.96519], [77.75502, 12.96443], [77.75476, 12.96169], [77.75408, 12.96063], [77.75446, 12.95818], [77.75409, 12.95805], [77.75449, 12.95806], [77.75019, 12.95584], [77.7478, 12.95573], [77.74764, 12.95631], [77.74644, 12.95714], [77.74523, 12.95662], [77.74438, 12.95666], [77.74296, 12.95408]]]}}, {"type": "Feature", "properties": {"name": "Kaggadasanapura", "lowPct": 8.9, "modPct": 91.1, "highPct": 0.0, "meanStress": 1.911, "dominant": "Moderate", "infra": "Community Water Storage Tanks"}, "geometry": {"type": "Polygon", "coordinates": [[[77.67269, 12.97407], [77.66885, 12.9754], [77.66731, 12.97557], [77.66761, 12.97558], [77.66777, 12.97766], [77.66615, 12.97758], [77.6687, 12.97952], [77.67025, 12.98011], [77.66894, 12.98055], [77.66907, 12.98229], [77.66628, 12.98242], [77.66689, 12.98505], [77.66888, 12.98598], [77.6698, 12.98616], [77.67171, 12.98588], [77.67293, 12.98637], [77.67492, 12.98637], [77.67859, 12.98408], [77.67984, 12.98357], [77.68044, 12.98276], [77.67951, 12.97905], [77.67938, 12.97651], [77.67812, 12.97271], [77.67269, 12.97407]]]}}, {"type": "Feature", "properties": {"name": "Aecs Layout", "lowPct": 0.2, "modPct": 50.4, "highPct": 49.4, "meanStress": 2.492, "dominant": "Moderate", "infra": "Rainwater Harvesting Structures"}, "geometry": {"type": "Polygon", "coordinates": [[[77.73074, 12.95322], [77.73096, 12.95286], [77.73168, 12.9527], [77.73209, 12.95128], [77.73211, 12.9482], [77.73092, 12.94808], [77.72982, 12.94751], [77.72878, 12.94756], [77.72878, 12.94704], [77.72692, 12.94689], [77.72573, 12.94617], [77.72544, 12.94641], [77.72511, 12.94622], [77.72509, 12.94645], [77.72479, 12.94638], [77.72359, 12.94564], [77.72317, 12.94465], [77.72173, 12.94439], [77.72089, 12.94333], [77.71994, 12.94321], [77.71829, 12.94258], [77.7168, 12.94461], [77.71809, 12.94531], [77.71797, 12.94909], [77.71746, 12.95128], [77.7173, 12.95577], [77.70491, 12.95661], [77.70419, 12.96005], [77.70342, 12.96689], [77.70495, 12.96834], [77.70656, 12.96921], [77.70695, 12.96988], [77.70761, 12.97284], [77.70937, 12.97323], [77.71159, 12.97201], [77.71178, 12.97229], [77.7137, 12.96795], [77.71413, 12.96768], [77.71631, 12.96753], [77.71721, 12.96718], [77.71815, 12.96646], [77.71838, 12.96546], [77.71873, 12.9657], [77.71875, 12.96661], [77.71947, 12.96657], [77.7204, 12.96753], [77.72136, 12.96758], [77.72172, 12.96712], [77.72222, 12.967], [77.72445, 12.96691], [77.72454, 12.96868], [77.72528, 12.96854], [77.7258, 12.97051], [77.72619, 12.97118], [77.72681, 12.97107], [77.72686, 12.9716], [77.73085, 12.97082], [77.73224, 12.96969], [77.7318, 12.96937], [77.73108, 12.96795], [77.73066, 12.96404], [77.73089, 12.96373], [77.73312, 12.96351], [77.73295, 12.96208], [77.73097, 12.95624], [77.73074, 12.95322]]]}}, {"type": "Feature", "properties": {"name": "New Tippasandara", "lowPct": 3.6, "modPct": 96.4, "highPct": 0.0, "meanStress": 1.964, "dominant": "Moderate", "infra": "Community Water Storage Tanks"}, "geometry": {"type": "Polygon", "coordinates": [[[77.65846, 12.96719], [77.64776, 12.96887], [77.64699, 12.9729], [77.64662, 12.97865], [77.64512, 12.98575], [77.64805, 12.98677], [77.64842, 12.98519], [77.65056, 12.98159], [77.65272, 12.97905], [77.65312, 12.97925], [77.653, 12.97937], [77.65834, 12.98137], [77.65869, 12.98319], [77.66016, 12.98406], [77.66095, 12.98411], [77.66142, 12.98344], [77.66228, 12.98318], [77.6629, 12.98324], [77.6636, 12.98374], [77.664, 12.98369], [77.66441, 12.9833], [77.66436, 12.9827], [77.66526, 12.98266], [77.66573, 12.98206], [77.66621, 12.98209], [77.66627, 12.98228], [77.66907, 12.98229], [77.66894, 12.98055], [77.66993, 12.98034], [77.67026, 12.98001], [77.6687, 12.97952], [77.66615, 12.97758], [77.66777, 12.97766], [77.66778, 12.97669], [77.66761, 12.97558], [77.66652, 12.97533], [77.66661, 12.97443], [77.66691, 12.9743], [77.66666, 12.97301], [77.66696, 12.97262], [77.66657, 12.97245], [77.66616, 12.97145], [77.66553, 12.97158], [77.66534, 12.97184], [77.66306, 12.97154], [77.66157, 12.97198], [77.66152, 12.97162], [77.65864, 12.97145], [77.65873, 12.97125], [77.6577, 12.97071], [77.65727, 12.96824], [77.65795, 12.96817], [77.65846, 12.96719]]]}}, {"type": "Feature", "properties": {"name": "Bellanduru", "lowPct": 1.3, "modPct": 51.4, "highPct": 47.3, "meanStress": 2.459, "dominant": "Moderate", "infra": "Rainwater Harvesting Structures"}, "geometry": {"type": "Polygon", "coordinates": [[[77.68582, 12.92388], [77.68544, 12.91871], [77.68257, 12.9196], [77.68234, 12.92006], [77.68077, 12.91992], [77.67814, 12.92052], [77.67728, 12.92093], [77.67687, 12.92076], [77.67778, 12.91933], [77.67802, 12.91748], [77.67852, 12.91743], [77.67861, 12.91688], [77.67869, 12.91531], [77.67808, 12.91536], [77.67762, 12.91396], [77.68282, 12.91144], [77.68882, 12.90905], [77.69878, 12.90629], [77.70285, 12.90404], [77.7024, 12.90358], [77.69785, 12.90454], [77.69766, 12.90418], [77.69626, 12.90399], [77.69339, 12.90449], [77.69281, 12.90414], [77.69153, 12.90398], [77.69093, 12.90553], [77.68826, 12.90549], [77.68812, 12.90613], [77.68775, 12.90644], [77.68685, 12.90645], [77.68731, 12.90473], [77.68578, 12.90443], [77.68632, 12.90388], [77.68758, 12.90334], [77.68745, 12.90245], [77.68616, 12.90237], [77.68553, 12.90218], [77.68532, 12.90188], [77.68245, 12.90143], [77.68222, 12.90087], [77.68228, 12.89996], [77.67959, 12.8976], [77.67724, 12.89429], [77.67407, 12.8937], [77.6738, 12.89291], [77.66543, 12.89423], [77.66022, 12.89479], [77.65592, 12.89387], [77.65379, 12.89455], [77.6539, 12.89569], [77.65439, 12.89654], [77.6548, 12.89701], [77.65547, 12.8969], [77.65561, 12.8978], [77.65623, 12.89762], [77.65678, 12.89876], [77.65673, 12.90039], [77.65462, 12.90072], [77.65454, 12.90178], [77.65657, 12.90917], [77.65709, 12.90968], [77.65893, 12.90957], [77.66013, 12.91013], [77.66009, 12.91107], [77.66085, 12.91369], [77.66042, 12.91497], [77.66139, 12.91557], [77.66211, 12.91756], [77.66518, 12.92107], [77.66662, 12.92098], [77.66779, 12.92156], [77.6682, 12.92324], [77.66877, 12.92332], [77.6689, 12.92715], [77.66846, 12.92871], [77.66769, 12.92879], [77.66803, 12.93124], [77.66892, 12.93088], [77.67254, 12.93098], [77.67587, 12.93198], [77.67621, 12.93184], [77.67603, 12.93139], [77.67653, 12.93122], [77.67695, 12.93151], [77.67799, 12.93071], [77.67847, 12.93061], [77.67892, 12.9298], [77.68284, 12.93041], [77.683, 12.93141], [77.68343, 12.93168], [77.68475, 12.93175], [77.68668, 12.93143], [77.68456, 12.9298], [77.6846, 12.92789], [77.68544, 12.92732], [77.68565, 12.92691], [77.68582, 12.92388]]]}}, {"type": "Feature", "properties": {"name": "Varthuru", "lowPct": 26.6, "modPct": 50.1, "highPct": 23.3, "meanStress": 1.966, "dominant": "Moderate", "infra": "Rainwater Harvesting Structures"}, "geometry": {"type": "Polygon", "coordinates": [[[77.70835, 12.90815], [77.70687, 12.90203], [77.69878, 12.90629], [77.68882, 12.90905], [77.68452, 12.91074], [77.67762, 12.91396], [77.67808, 12.91536], [77.67869, 12.91531], [77.67861, 12.91688], [77.67852, 12.91743], [77.67802, 12.91748], [77.67778, 12.91933], [77.67687, 12.92076], [77.67728, 12.92093], [77.67814, 12.92052], [77.68077, 12.91992], [77.68234, 12.92006], [77.68257, 12.9196], [77.68821, 12.91784], [77.68828, 12.91747], [77.68894, 12.91714], [77.68901, 12.91966], [77.69666, 12.91941], [77.69903, 12.9167], [77.69864, 12.91537], [77.69847, 12.91272], [77.69788, 12.91106], [77.70165, 12.90975], [77.70223, 12.91128], [77.70193, 12.91141], [77.702, 12.91164], [77.70136, 12.91184], [77.70146, 12.9122], [77.70087, 12.91239], [77.70208, 12.91522], [77.70507, 12.91845], [77.70786, 12.93061], [77.70788, 12.93283], [77.7065, 12.94206], [77.7073, 12.94182], [77.70742, 12.94111], [77.70773, 12.94098], [77.70818, 12.94166], [77.71032, 12.94206], [77.7107, 12.94153], [77.71203, 12.94124], [77.71355, 12.94163], [77.71414, 12.94149], [77.71436, 12.94178], [77.71601, 12.94217], [77.71665, 12.942], [77.71806, 12.94238], [77.71994, 12.94321], [77.72089, 12.94333], [77.72173, 12.94439], [77.72317, 12.94465], [77.72359, 12.94564], [77.72479, 12.94638], [77.72509, 12.94645], [77.72511, 12.94622], [77.72544, 12.94641], [77.72573, 12.94617], [77.72692, 12.94689], [77.72878, 12.94704], [77.72878, 12.94756], [77.72982, 12.94751], [77.73092, 12.94808], [77.73239, 12.94826], [77.73286, 12.94848], [77.7329, 12.9488], [77.73319, 12.94882], [77.73314, 12.94937], [77.73508, 12.94986], [77.73666, 12.95088], [77.73762, 12.95114], [77.73748, 12.95177], [77.73772, 12.95209], [77.73956, 12.95282], [77.74163, 12.95321], [77.74296, 12.95408], [77.74438, 12.95666], [77.74526, 12.95656], [77.74644, 12.95714], [77.74764, 12.95631], [77.7478, 12.95573], [77.75032, 12.95587], [77.75449, 12.95813], [77.75721, 12.95911], [77.75984, 12.96071], [77.76102, 12.96195], [77.76573, 12.96418], [77.76659, 12.96413], [77.7687, 12.96309], [77.76897, 12.96337], [77.77018, 12.96285], [77.76981, 12.96177], [77.76882, 12.96153], [77.76823, 12.96113], [77.76796, 12.96034], [77.7673, 12.96007], [77.76699, 12.95936], [77.7666, 12.95922], [77.76488, 12.9599], [77.76442, 12.95877], [77.76456, 12.95191], [77.76492, 12.95108], [77.76552, 12.94659], [77.76525, 12.94266], [77.76551, 12.93702], [77.76634, 12.93502], [77.76569, 12.93338], [77.76559, 12.9318], [77.76465, 12.92877], [77.76229, 12.92838], [77.75665, 12.92634], [77.75222, 12.92526], [77.75138, 12.92208], [77.74569, 12.9199], [77.74473, 12.91372], [77.74318, 12.91384], [77.7408, 12.91455], [77.73862, 12.9143], [77.73751, 12.91472], [77.73728, 12.9135], [77.73445, 12.9132], [77.73436, 12.91418], [77.73267, 12.91418], [77.73207, 12.91392], [77.72757, 12.91441], [77.72761, 12.91089], [77.72628, 12.90661], [77.72281, 12.90726], [77.72076, 12.90822], [77.72075, 12.90889], [77.71967, 12.90875], [77.7197, 12.90813], [77.71921, 12.90814], [77.71786, 12.90837], [77.71791, 12.90887], [77.71764, 12.90897], [77.71612, 12.90739], [77.71423, 12.90808], [77.7113, 12.90786], [77.70835, 12.90815]]]}}, {"type": "Feature", "properties": {"name": "Kaveripura", "lowPct": 20.1, "modPct": 21.7, "highPct": 58.2, "meanStress": 2.381, "dominant": "High", "infra": "Community Water Storage Tanks"}, "geometry": {"type": "Polygon", "coordinates": [[[77.51888, 12.98073], [77.51824, 12.98247], [77.51931, 12.98396], [77.5198, 12.98529], [77.51981, 12.98626], [77.52031, 12.9869], [77.52233, 12.98601], [77.5237, 12.98501], [77.52539, 12.98547], [77.52594, 12.98594], [77.52641, 12.98589], [77.52852, 12.9839], [77.52987, 12.98362], [77.53057, 12.9832], [77.53095, 12.98241], [77.5314, 12.98211], [77.53308, 12.98194], [77.53489, 12.98137], [77.53376, 12.97792], [77.53128, 12.9784], [77.53122, 12.97786], [77.52788, 12.97799], [77.52687, 12.97762], [77.52679, 12.97799], [77.52454, 12.97692], [77.52455, 12.97641], [77.51871, 12.97733], [77.51906, 12.9786], [77.51973, 12.97959], [77.5194, 12.9803], [77.51888, 12.98073]]]}}, {"type": "Feature", "properties": {"name": "Marathahalli", "lowPct": 39.8, "modPct": 48.8, "highPct": 11.4, "meanStress": 1.716, "dominant": "Moderate", "infra": "Rainwater Harvesting Structures"}, "geometry": {"type": "Polygon", "coordinates": [[[77.68295, 12.93129], [77.68284, 12.93041], [77.67892, 12.9298], [77.67844, 12.93067], [77.67799, 12.93071], [77.67695, 12.93151], [77.67653, 12.93122], [77.67603, 12.93139], [77.67621, 12.93184], [77.67587, 12.93198], [77.67254, 12.93098], [77.66892, 12.93088], [77.66835, 12.93119], [77.66692, 12.9312], [77.6664, 12.93101], [77.66586, 12.93035], [77.66511, 12.92836], [77.66459, 12.92805], [77.66376, 12.92804], [77.66302, 12.92833], [77.66182, 12.92896], [77.66108, 12.92983], [77.65912, 12.92942], [77.65502, 12.93497], [77.65716, 12.93605], [77.65934, 12.93755], [77.66056, 12.93803], [77.66043, 12.93827], [77.65891, 12.9383], [77.65891, 12.93792], [77.65814, 12.9379], [77.65806, 12.93985], [77.65743, 12.94011], [77.6544, 12.94025], [77.64916, 12.94293], [77.64733, 12.94428], [77.64755, 12.94447], [77.64746, 12.94497], [77.64507, 12.94668], [77.64207, 12.94943], [77.64061, 12.95046], [77.63974, 12.95153], [77.64077, 12.95329], [77.64251, 12.95396], [77.64425, 12.95333], [77.6445, 12.95172], [77.6454, 12.9494], [77.64653, 12.94787], [77.64777, 12.94717], [77.64903, 12.94601], [77.64937, 12.9474], [77.65465, 12.9477], [77.65577, 12.94736], [77.65996, 12.94756], [77.66248, 12.94665], [77.66254, 12.94449], [77.66416, 12.94445], [77.66475, 12.94587], [77.66656, 12.94609], [77.66655, 12.94637], [77.66839, 12.94651], [77.66831, 12.94689], [77.66923, 12.94708], [77.67088, 12.94712], [77.6709, 12.94785], [77.67295, 12.9479], [77.67298, 12.9481], [77.67523, 12.94866], [77.6782, 12.94821], [77.68005, 12.94821], [77.68867, 12.94929], [77.68941, 12.9503], [77.68939, 12.95304], [77.68753, 12.95506], [77.6988, 12.95705], [77.70491, 12.95664], [77.70533, 12.95226], [77.70428, 12.95232], [77.70391, 12.95172], [77.69998, 12.95257], [77.69913, 12.94819], [77.69755, 12.94353], [77.69503, 12.93919], [77.68668, 12.93143], [77.68405, 12.93174], [77.68323, 12.9316], [77.68295, 12.93129]]]}}, {"type": "Feature", "properties": {"name": "Yediyur", "lowPct": 0.0, "modPct": 0.0, "highPct": 100.0, "meanStress": 3.0, "dominant": "High", "infra": "Community Water Storage Tanks"}, "geometry": {"type": "Polygon", "coordinates": [[[77.58004, 12.93677], [77.58491, 12.93663], [77.58486, 12.9329], [77.57962, 12.93305], [77.5797, 12.92344], [77.57359, 12.92356], [77.57359, 12.92404], [77.57048, 12.92456], [77.57031, 12.92581], [77.56954, 12.92644], [77.56826, 12.92685], [77.56813, 12.92608], [77.5673, 12.92624], [77.56796, 12.92852], [77.56806, 12.92997], [77.56938, 12.92994], [77.57107, 12.93199], [77.57139, 12.93272], [77.57167, 12.93496], [77.57382, 12.93477], [77.57384, 12.94063], [77.57776, 12.9406], [77.57768, 12.93969], [77.58004, 12.93677]]]}}, {"type": "Feature", "properties": {"name": "Munekollal", "lowPct": 12.5, "modPct": 51.3, "highPct": 36.2, "meanStress": 2.237, "dominant": "Moderate", "infra": "Rainwater Harvesting Structures"}, "geometry": {"type": "Polygon", "coordinates": [[[77.68901, 12.91966], [77.68894, 12.91714], [77.68828, 12.91747], [77.68821, 12.91784], [77.68544, 12.91871], [77.68579, 12.92514], [77.68558, 12.92712], [77.6846, 12.92789], [77.68456, 12.9298], [77.68882, 12.93334], [77.69503, 12.93919], [77.69755, 12.94353], [77.69913, 12.94819], [77.69998, 12.95257], [77.70391, 12.95172], [77.70428, 12.95232], [77.70533, 12.95226], [77.70491, 12.95661], [77.7173, 12.95577], [77.71746, 12.95128], [77.71797, 12.94909], [77.71809, 12.94531], [77.7168, 12.94461], [77.71829, 12.94258], [77.71678, 12.94202], [77.71601, 12.94217], [77.71436, 12.94178], [77.71414, 12.94149], [77.71355, 12.94163], [77.71203, 12.94124], [77.7107, 12.94153], [77.71032, 12.94206], [77.70818, 12.94166], [77.70773, 12.94098], [77.70742, 12.94111], [77.7073, 12.94182], [77.7065, 12.94206], [77.70788, 12.93283], [77.70786, 12.93061], [77.70507, 12.91845], [77.70208, 12.91522], [77.70087, 12.91239], [77.70146, 12.9122], [77.70136, 12.91184], [77.702, 12.91164], [77.70193, 12.91141], [77.70223, 12.91128], [77.70165, 12.90975], [77.69788, 12.91106], [77.69847, 12.91272], [77.69864, 12.91537], [77.69903, 12.9167], [77.69666, 12.91941], [77.68901, 12.91966]]]}}, {"type": "Feature", "properties": {"name": "Ganesh Mandir Ward", "lowPct": 0.0, "modPct": 3.0, "highPct": 97.0, "meanStress": 2.97, "dominant": "High", "infra": "Community Water Storage Tanks"}, "geometry": {"type": "Polygon", "coordinates": [[[77.56668, 12.92995], [77.56815, 12.93374], [77.5692, 12.93357], [77.56928, 12.93385], [77.57151, 12.93337], [77.57107, 12.93199], [77.56938, 12.92994], [77.56806, 12.92997], [77.56796, 12.92852], [77.5673, 12.92624], [77.56563, 12.92656], [77.56546, 12.92576], [77.56372, 12.92597], [77.56307, 12.92311], [77.56357, 12.92295], [77.56332, 12.92177], [77.56259, 12.92203], [77.56251, 12.92174], [77.56289, 12.92162], [77.56261, 12.92062], [77.56248, 12.92091], [77.56185, 12.92108], [77.5622, 12.92025], [77.56303, 12.91971], [77.56195, 12.91644], [77.55964, 12.91688], [77.55733, 12.91781], [77.55243, 12.91918], [77.55218, 12.9188], [77.55023, 12.91926], [77.55013, 12.92063], [77.55206, 12.92436], [77.55447, 12.92359], [77.55514, 12.92551], [77.55621, 12.92641], [77.55914, 12.9282], [77.56019, 12.92945], [77.56148, 12.93036], [77.56253, 12.93071], [77.56668, 12.92995]]]}}, {"type": "Feature", "properties": {"name": "Banashankari Temple Ward", "lowPct": 0.0, "modPct": 84.7, "highPct": 15.3, "meanStress": 2.153, "dominant": "Moderate", "infra": "Community Water Storage Tanks"}, "geometry": {"type": "Polygon", "coordinates": [[[77.56733, 12.91226], [77.56675, 12.90946], [77.56442, 12.90944], [77.56438, 12.91064], [77.56479, 12.91303], [77.56598, 12.91291], [77.56617, 12.91366], [77.56495, 12.91648], [77.56549, 12.91648], [77.56601, 12.91607], [77.5661, 12.91628], [77.5682, 12.91603], [77.56833, 12.91701], [77.56886, 12.91697], [77.56957, 12.9155], [77.56998, 12.91565], [77.5704, 12.91634], [77.57289, 12.91663], [77.57353, 12.91698], [77.57345, 12.9143], [77.57291, 12.91165], [77.57326, 12.90647], [77.57181, 12.90683], [77.56733, 12.91226]]]}}, {"type": "Feature", "properties": {"name": "Kumaraswamy Layout", "lowPct": 0.0, "modPct": 15.1, "highPct": 84.9, "meanStress": 2.849, "dominant": "High", "infra": "Community Water Storage Tanks"}, "geometry": {"type": "Polygon", "coordinates": [[[77.56124, 12.89924], [77.55993, 12.8959], [77.55971, 12.89413], [77.55911, 12.89433], [77.55895, 12.89518], [77.55846, 12.89531], [77.55833, 12.89499], [77.55682, 12.8957], [77.55592, 12.89628], [77.55538, 12.89695], [77.55587, 12.89755], [77.55561, 12.89797], [77.55583, 12.89819], [77.55565, 12.89856], [77.55651, 12.9025], [77.55623, 12.90257], [77.55692, 12.90456], [77.56215, 12.90878], [77.56012, 12.90988], [77.5605, 12.90999], [77.56159, 12.91106], [77.56199, 12.91112], [77.56211, 12.91211], [77.56171, 12.91216], [77.56184, 12.91307], [77.55973, 12.91334], [77.55986, 12.91371], [77.5596, 12.91376], [77.56086, 12.9149], [77.56202, 12.91654], [77.56303, 12.91971], [77.56428, 12.91811], [77.56617, 12.91366], [77.56598, 12.91291], [77.56479, 12.91303], [77.56438, 12.91064], [77.56442, 12.90944], [77.5668, 12.9095], [77.56733, 12.91226], [77.57021, 12.90869], [77.56009, 12.90032], [77.56124, 12.89924]]]}}, {"type": "Feature", "properties": {"name": "Padmanabha Nagar", "lowPct": 0.0, "modPct": 8.5, "highPct": 91.5, "meanStress": 2.915, "dominant": "High", "infra": "Community Water Storage Tanks"}, "geometry": {"type": "Polygon", "coordinates": [[[77.55103, 12.90392], [77.55089, 12.90435], [77.55025, 12.90447], [77.55032, 12.90398], [77.54907, 12.90421], [77.54909, 12.90392], [77.5484, 12.90345], [77.54837, 12.90547], [77.54928, 12.90777], [77.55194, 12.90704], [77.55356, 12.90633], [77.55467, 12.90953], [77.55489, 12.90957], [77.55582, 12.91146], [77.55479, 12.91157], [77.55426, 12.91131], [77.55273, 12.91171], [77.55209, 12.91161], [77.55364, 12.91436], [77.55209, 12.91502], [77.55051, 12.91532], [77.55092, 12.91647], [77.55061, 12.91673], [77.55056, 12.91773], [77.54983, 12.9179], [77.55007, 12.91929], [77.55218, 12.9188], [77.55243, 12.91918], [77.55733, 12.91781], [77.55964, 12.91688], [77.56195, 12.91644], [77.56086, 12.9149], [77.5596, 12.91376], [77.55986, 12.91371], [77.55973, 12.91334], [77.56184, 12.91307], [77.56171, 12.91216], [77.56211, 12.91211], [77.56199, 12.91112], [77.56159, 12.91106], [77.5605, 12.90999], [77.56012, 12.90988], [77.56215, 12.90878], [77.55695, 12.90459], [77.55636, 12.90293], [77.55496, 12.90341], [77.55343, 12.90335], [77.55242, 12.90382], [77.55183, 12.90357], [77.55103, 12.90392]]]}}]}