{"type": "FeatureCollection", "features": [{"type": "Feature", "properties": {}, "geometry": {"type": "LineString", "coordinates": [[77.51105, 12.99725], [77.51105, 12.99711]]}}, {"type": "Feature", "properties": {}, "geometry": {"type": "LineString", "coordinates": [[77.51105, 12.99708], [77.51094, 12.99708]]}}, {"type": "Feature", "properties": {}, "geometry": {"type": "LineString", "coordinates": [[77.64846, 12.8747], [77.64936, 12.87494]]}}, {"type": "Feature", "properties": {}, "geometry": {"type": "LineString", "coordinates": [[77.64936, 12.87494], [77.64911, 12.87525]]}}, {"type": "Feature", "properties": {}, "geometry": {"type": "LineString", "coordinates": [[77.64936, 12.87494], [77.6496, 12.87469]]}}, {"type": "Feature", "properties": {}, "geometry": {"type": "LineString", "coordinates": [[77.64928, 12.87494], [77.64846, 12.8747]]}}, {"type": "Feature", "properties": {}, "geometry": {"type": "LineString", "coordinates": [[77.50612, 12.94208], [77.50163, 12.94864], [77.50037, 12.95164], [77.50311, 12.95661], [77.50311, 12.95707], [77.50451, 12.96047], [77.50914, 12.96102], [77.50995, 12.96288], [77.51106, 12.96245], [77.51129, 12.96357], [77.50958, 12.96563], [77.50982, 12.96763], [77.51184, 12.97261], [77.5143, 12.971], [77.51505, 12.97367], [77.51506, 12.97497], [77.51646, 12.97802], [77.51698, 12.97988]]}}, {"type": "Feature", "properties": {}, "geometry": {"type": "LineString", "coordinates": [[77.51837, 12.93648], [77.5169, 12.93653], [77.51375, 12.93594]]}}, {"type": "Feature", "properties": {}, "geometry": {"type": "LineString", "coordinates": [[77.51375, 12.93594], [77.51334, 12.93586], [77.51199, 12.93738], [77.50989, 12.93842]]}}, {"type": "Feature", "properties": {}, "geometry": {"type": "LineString", "coordinates": [[77.50989, 12.93842], [77.50814, 12.93964], [77.50612, 12.94208]]}}, {"type": "Feature", "properties": {}, "geometry": {"type": "LineString", "coordinates": [[77.50428, 12.94464], [77.50251, 12.94384], [77.50194, 12.94385], [77.49964, 12.94449]]}}, {"type": "Feature", "properties": {}, "geometry": {"type": "LineString", "coordinates": [[77.49964, 12.94449], [77.49589, 12.94553]]}}, {"type": "Feature", "properties": {}, "geometry": {"type": "LineString", "coordinates": [[77.51698, 12.97988], [77.51765, 12.9823], [77.51892, 12.98423], [77.51919, 12.98623], [77.51956, 12.98718], [77.51938, 12.98732], [77.52127, 12.99311], [77.5238, 12.99812], [77.52103, 12.99754], [77.51364, 12.99438], [77.51378, 12.99776], [77.51163, 12.99813], [77.51141, 12.99732], [77.51116, 12.99732]]}}, {"type": "Feature", "properties": {}, "geometry": {"type": "LineString", "coordinates": [[77.51243, 12.9807], [77.51198, 12.97951], [77.51073, 12.97984]]}}, {"type": "Feature", "properties": {}, "geometry": {"type": "LineString", "coordinates": [[77.51116, 12.99732], [77.50905, 12.99787], [77.50904, 12.99783]]}}, {"type": "Feature", "properties": {}, "geometry": {"type": "LineString", "coordinates": [[77.50904, 12.99783], [77.50893, 12.99742], [77.50722, 12.99807], [77.50719, 12.99831], [77.50425, 12.99897], [77.50471, 13.00171], [77.5044, 13.00312], [77.50506, 13.0047], [77.50574, 13.00836]]}}, {"type": "Feature", "properties": {}, "geometry": {"type": "LineString", "coordinates": [[77.51664, 13.02092], [77.51666, 13.02099]]}}, {"type": "Feature", "properties": {}, "geometry": {"type": "LineString", "coordinates": [[77.51666, 13.02099], [77.51679, 13.02135]]}}, {"type": "Feature", "properties": {}, "geometry": {"type": "LineString", "coordinates": [[77.51679, 13.02135], [77.5169, 13.02169], [77.51684, 13.02285], [77.52079, 13.02584]]}}, {"type": "Feature", "properties": {}, "geometry": {"type": "LineString", "coordinates": [[77.52079, 13.02584], [77.52089, 13.02591], [77.51791, 13.03326], [77.51841, 13.03646]]}}, {"type": "Feature", "properties": {}, "geometry": {"type": "LineString", "coordinates": [[77.51848, 13.04005], [77.52198, 13.04561]]}}, {"type": "Feature", "properties": {}, "geometry": {"type": "LineString", "coordinates": [[77.51841, 13.03646], [77.51841, 13.04015]]}}, {"type": "Feature", "properties": {}, "geometry": {"type": "LineString", "coordinates": [[77.51116, 12.99732], [77.51144, 12.99718], [77.51167, 12.99802], [77.51371, 12.99769], [77.5136, 12.99424]]}}, {"type": "Feature", "properties": {}, "geometry": {"type": "LineString", "coordinates": [[77.51342, 12.91548], [77.51353, 12.91924], [77.51434, 12.92117], [77.51446, 12.92212], [77.51411, 12.92336], [77.51457, 12.9261], [77.51427, 12.92877], [77.51459, 12.92964]]}}, {"type": "Feature", "properties": {}, "geometry": {"type": "LineString", "coordinates": [[77.51459, 12.92965], [77.51527, 12.93151], [77.51796, 12.93518], [77.51834, 12.93639]]}}, {"type": "Feature", "properties": {}, "geometry": {"type": "LineString", "coordinates": [[77.51834, 12.93639], [77.51837, 12.93648]]}}, {"type": "Feature", "properties": {}, "geometry": {"type": "LineString", "coordinates": [[77.5042, 12.91469], [77.50592, 12.91499], [77.50698, 12.91304], [77.50827, 12.9163], [77.51095, 12.91571]]}}, {"type": "Feature", "properties": {}, "geometry": {"type": "LineString", "coordinates": [[77.51095, 12.91571], [77.51342, 12.91548]]}}, {"type": "Feature", "properties": {}, "geometry": {"type": "LineString", "coordinates": [[77.51823, 13.04019], [77.51727, 13.04101]]}}, {"type": "Feature", "properties": {}, "geometry": {"type": "LineString", "coordinates": [[77.50574, 13.00836], [77.50614, 13.00989]]}}, {"type": "Feature", "properties": {}, "geometry": {"type": "LineString", "coordinates": [[77.50614, 13.00989], [77.50615, 13.00994], [77.50688, 13.01095], [77.50843, 13.0116], [77.50883, 13.01199], [77.51043, 13.01415], [77.51171, 13.0166], [77.51266, 13.01714]]}}, {"type": "Feature", "properties": {}, "geometry": {"type": "LineString", "coordinates": [[77.51266, 13.01714], [77.51337, 13.01754], [77.51506, 13.01801], [77.51664, 13.02092]]}}, {"type": "Feature", "properties": {}, "geometry": {"type": "LineString", "coordinates": [[77.54107, 13.08315], [77.5405, 13.08329], [77.54017, 13.08277]]}}, {"type": "Feature", "properties": {}, "geometry": {"type": "LineString", "coordinates": [[77.54017, 13.08277], [77.5407, 13.08206], [77.53957, 13.08038], [77.53838, 13.07965], [77.53859, 13.07919], [77.53836, 13.07765], [77.53878, 13.07662], [77.53987, 13.07517], [77.54181, 13.07494], [77.5418, 13.07385], [77.54139, 13.0728], [77.5415, 13.06875], [77.5411, 13.06826], [77.54184, 13.0673], [77.54316, 13.06307]]}}, {"type": "Feature", "properties": {}, "geometry": {"type": "LineString", "coordinates": [[77.54449, 13.05936], [77.54355, 13.05916], [77.54383, 13.05792], [77.54184, 13.05664], [77.5434, 13.05497], [77.54318, 13.05494]]}}, {"type": "Feature", "properties": {}, "geometry": {"type": "LineString", "coordinates": [[77.54318, 13.05494], [77.53923, 13.05431], [77.53914, 13.05432]]}}, {"type": "Feature", "properties": {}, "geometry": {"type": "LineString", "coordinates": [[77.53914, 13.05432], [77.5353, 13.05485]]}}, {"type": "Feature", "properties": {}, "geometry": {"type": "LineString", "coordinates": [[77.5353, 13.05485], [77.53514, 13.05487], [77.53277, 13.05483]]}}, {"type": "Feature", "properties": {}, "geometry": {"type": "LineString", "coordinates": [[77.54316, 13.06307], [77.54485, 13.05942], [77.54449, 13.05936]]}}, {"type": "Feature", "properties": {}, "geometry": {"type": "LineString", "coordinates": [[77.55916, 13.0899], [77.55873, 13.08983], [77.55867, 13.09149], [77.5612, 13.09389]]}}, {"type": "Feature", "properties": {}, "geometry": {"type": "LineString", "coordinates": [[77.5612, 13.09389], [77.56128, 13.09396], [77.5618, 13.0955], [77.56301, 13.09767], [77.56394, 13.09752], [77.56994, 13.09798]]}}, {"type": "Feature", "properties": {}, "geometry": {"type": "LineString", "coordinates": [[77.56994, 13.09798], [77.57044, 13.09802], [77.57415, 13.09865], [77.58657, 13.10212], [77.58678, 13.10194]]}}, {"type": "Feature", "properties": {}, "geometry": {"type": "LineString", "coordinates": [[77.58678, 13.10194], [77.59255, 13.09738], [77.59292, 13.09836], [77.59439, 13.09771], [77.59509, 13.09602], [77.59735, 13.09919]]}}, {"type": "Feature", "properties": {}, "geometry": {"type": "LineString", "coordinates": [[77.49324, 12.94626], [77.49253, 12.94345]]}}, {"type": "Feature", "properties": {}, "geometry": {"type": "LineString", "coordinates": [[77.49589, 12.94553], [77.49324, 12.94626]]}}, {"type": "Feature", "properties": {}, "geometry": {"type": "LineString", "coordinates": [[77.50485, 13.06203], [77.506, 13.06244]]}}, {"type": "Feature", "properties": {}, "geometry": {"type": "LineString", "coordinates": [[77.5054, 13.06347], [77.50667, 13.06138]]}}, {"type": "Feature", "properties": {}, "geometry": {"type": "LineString", "coordinates": [[77.568, 12.90555], [77.5672, 12.90489], [77.56691, 12.90416], [77.56741, 12.90401]]}}, {"type": "Feature", "properties": {}, "geometry": {"type": "LineString", "coordinates": [[77.56957, 12.90519], [77.56947, 12.9054]]}}, {"type": "Feature", "properties": {}, "geometry": {"type": "LineString", "coordinates": [[77.75857, 12.99643], [77.7575, 12.99313], [77.75513, 12.99006], [77.75274, 12.98425]]}}, {"type": "Feature", "properties": {}, "geometry": {"type": "LineString", "coordinates": [[77.75274, 12.98425], [77.75077, 12.97516], [77.74972, 12.96806], [77.74775, 12.96136], [77.74595, 12.9579]]}}, {"type": "Feature", "properties": {}, "geometry": {"type": "LineString", "coordinates": [[77.74595, 12.9579], [77.74569, 12.95733], [77.74486, 12.95675], [77.74354, 12.95704], [77.73665, 12.95711], [77.73112, 12.95622], [77.72796, 12.95601], [77.71676, 12.95584]]}}, {"type": "Feature", "properties": {}, "geometry": {"type": "LineString", "coordinates": [[77.50452, 13.06207], [77.50467, 13.06203]]}}, {"type": "Feature", "properties": {}, "geometry": {"type": "LineString", "coordinates": [[77.6945, 12.96786], [77.69339, 12.96809], [77.69306, 12.96661], [77.69188, 12.96402], [77.6903, 12.96368], [77.69081, 12.96093]]}}, {"type": "Feature", "properties": {}, "geometry": {"type": "LineString", "coordinates": [[77.69081, 12.96093], [77.69176, 12.95607]]}}, {"type": "Feature", "properties": {}, "geometry": {"type": "LineString", "coordinates": [[77.55632, 13.0862], [77.55652, 13.08461]]}}, {"type": "Feature", "properties": {}, "geometry": {"type": "LineString", "coordinates": [[77.59757, 13.09954], [77.59892, 13.10175]]}}, {"type": "Feature", "properties": {}, "geometry": {"type": "LineString", "coordinates": [[77.63499, 12.90742], [77.63452, 12.90728]]}}, {"type": "Feature", "properties": {}, "geometry": {"type": "LineString", "coordinates": [[77.68847, 12.9541], [77.68922, 12.95339], [77.68945, 12.95162], [77.68933, 12.95011], [77.6886, 12.94938], [77.68066, 12.94862]]}}, {"type": "Feature", "properties": {}, "geometry": {"type": "LineString", "coordinates": [[77.49924, 12.90717], [77.50066, 12.91279], [77.50069, 12.91536], [77.50031, 12.91673]]}}, {"type": "Feature", "properties": {}, "geometry": {"type": "LineString", "coordinates": [[77.50069, 12.91521], [77.50083, 12.91521]]}}, {"type": "Feature", "properties": {}, "geometry": {"type": "LineString", "coordinates": [[77.59742, 13.09933], [77.59757, 13.09954]]}}, {"type": "Feature", "properties": {}, "geometry": {"type": "LineString", "coordinates": [[77.59646, 13.09991], [77.59731, 13.09916], [77.59742, 13.09933]]}}, {"type": "Feature", "properties": {}, "geometry": {"type": "LineString", "coordinates": [[77.66865, 12.96602], [77.66867, 12.96429], [77.66817, 12.96117]]}}, {"type": "Feature", "properties": {}, "geometry": {"type": "LineString", "coordinates": [[77.67474, 13.00889], [77.67533, 13.00997], [77.67567, 13.01137]]}}, {"type": "Feature", "properties": {}, "geometry": {"type": "LineString", "coordinates": [[77.67501, 13.00346], [77.67498, 13.00389]]}}, {"type": "Feature", "properties": {}, "geometry": {"type": "LineString", "coordinates": [[77.67497, 13.00346], [77.6749, 13.00346]]}}, {"type": "Feature", "properties": {}, "geometry": {"type": "LineString", "coordinates": [[77.7101, 12.97692], [77.71107, 12.97702]]}}, {"type": "Feature", "properties": {}, "geometry": {"type": "LineString", "coordinates": [[77.71104, 12.97712], [77.71104, 12.97702]]}}, {"type": "Feature", "properties": {}, "geometry": {"type": "LineString", "coordinates": [[77.71104, 12.97712], [77.71107, 12.97702]]}}, {"type": "Feature", "properties": {}, "geometry": {"type": "LineString", "coordinates": [[77.67429, 13.0072], [77.67492, 13.00515]]}}, {"type": "Feature", "properties": {}, "geometry": {"type": "LineString", "coordinates": [[77.67429, 13.0072], [77.67474, 13.00889]]}}, {"type": "Feature", "properties": {}, "geometry": {"type": "LineString", "coordinates": [[77.69666, 13.0183], [77.69549, 13.01617], [77.69551, 13.01497], [77.69507, 13.0135], [77.69682, 13.01313], [77.69678, 13.01235], [77.69591, 13.01162]]}}, {"type": "Feature", "properties": {}, "geometry": {"type": "LineString", "coordinates": [[77.70048, 13.00612], [77.69901, 13.0067]]}}, {"type": "Feature", "properties": {}, "geometry": {"type": "LineString", "coordinates": [[77.69901, 13.0067], [77.69801, 13.00727]]}}, {"type": "Feature", "properties": {}, "geometry": {"type": "LineString", "coordinates": [[77.67718, 12.99496], [77.67688, 12.99459]]}}, {"type": "Feature", "properties": {}, "geometry": {"type": "LineString", "coordinates": [[77.67688, 12.99459], [77.67638, 12.99395], [77.67522, 12.99343]]}}, {"type": "Feature", "properties": {}, "geometry": {"type": "LineString", "coordinates": [[77.70451, 13.01748], [77.70386, 13.01717], [77.70286, 13.01721], [77.70157, 13.01733], [77.70161, 13.01754], [77.69957, 13.01792]]}}, {"type": "Feature", "properties": {}, "geometry": {"type": "LineString", "coordinates": [[77.67861, 13.01458], [77.67869, 13.01173]]}}, {"type": "Feature", "properties": {}, "geometry": {"type": "LineString", "coordinates": [[77.69794, 13.01347], [77.69798, 13.01375]]}}, {"type": "Feature", "properties": {}, "geometry": {"type": "LineString", "coordinates": [[77.69591, 13.01162], [77.69494, 13.00854]]}}, {"type": "Feature", "properties": {}, "geometry": {"type": "LineString", "coordinates": [[77.67822, 13.01853], [77.67863, 13.01616], [77.67861, 13.01458]]}}, {"type": "Feature", "properties": {}, "geometry": {"type": "LineString", "coordinates": [[77.69666, 13.0183], [77.69953, 13.01792]]}}, {"type": "Feature", "properties": {}, "geometry": {"type": "LineString", "coordinates": [[77.55441, 12.86409], [77.55472, 12.86606], [77.55568, 12.86911]]}}, {"type": "Feature", "properties": {}, "geometry": {"type": "LineString", "coordinates": [[77.51101, 12.90407], [77.51245, 12.90409], [77.51993, 12.90261], [77.52288, 12.90318]]}}, {"type": "Feature", "properties": {}, "geometry": {"type": "LineString", "coordinates": [[77.52288, 12.90318], [77.525, 12.90375]]}}, {"type": "Feature", "properties": {}, "geometry": {"type": "LineString", "coordinates": [[77.51238, 12.90409], [77.5124, 12.90652], [77.51209, 12.90733], [77.51206, 12.90831], [77.51315, 12.90922], [77.51352, 12.91027], [77.51365, 12.9134], [77.51347, 12.91611]]}}, {"type": "Feature", "properties": {}, "geometry": {"type": "LineString", "coordinates": [[77.70182, 12.994], [77.70179, 12.99392]]}}, {"type": "Feature", "properties": {}, "geometry": {"type": "LineString", "coordinates": [[77.70179, 12.99392], [77.70171, 12.99372]]}}, {"type": "Feature", "properties": {}, "geometry": {"type": "LineString", "coordinates": [[77.60538, 12.91672], [77.60538, 12.91662]]}}, {"type": "Feature", "properties": {}, "geometry": {"type": "LineString", "coordinates": [[77.51243, 12.9807], [77.51622, 12.98007]]}}, {"type": "Feature", "properties": {}, "geometry": {"type": "LineString", "coordinates": [[77.67718, 12.99496], [77.6794, 12.99476], [77.67946, 12.99332]]}}, {"type": "Feature", "properties": {}, "geometry": {"type": "LineString", "coordinates": [[77.50777, 13.04888], [77.50807, 13.04726], [77.50734, 13.04547]]}}, {"type": "Feature", "properties": {}, "geometry": {"type": "LineString", "coordinates": [[77.56308, 12.87361], [77.5634, 12.87357]]}}, {"type": "Feature", "properties": {}, "geometry": {"type": "LineString", "coordinates": [[77.56308, 12.87361], [77.56279, 12.87369]]}}, {"type": "Feature", "properties": {}, "geometry": {"type": "LineString", "coordinates": [[77.67093, 13.01156], [77.67258, 13.01151]]}}, {"type": "Feature", "properties": {}, "geometry": {"type": "LineString", "coordinates": [[77.67369, 13.01146], [77.67585, 13.01134], [77.67876, 13.01173], [77.68172, 13.01068], [77.68305, 13.01063], [77.68474, 13.01107], [77.68589, 13.0106], [77.68809, 13.01202], [77.68939, 13.01246], [77.69189, 13.01163], [77.6918, 13.00983]]}}, {"type": "Feature", "properties": {}, "geometry": {"type": "LineString", "coordinates": [[77.6918, 13.00983], [77.69305, 13.00982], [77.69301, 13.0094], [77.69506, 13.00906], [77.69487, 13.0085]]}}, {"type": "Feature", "properties": {}, "geometry": {"type": "LineString", "coordinates": [[77.69577, 13.00839], [77.6978, 13.00738]]}}, {"type": "Feature", "properties": {}, "geometry": {"type": "LineString", "coordinates": [[77.6978, 13.00738], [77.69801, 13.00727]]}}, {"type": "Feature", "properties": {}, "geometry": {"type": "LineString", "coordinates": [[77.6624, 13.00887], [77.66303, 13.0045], [77.66331, 13.00045], [77.66331, 12.99989], [77.66266, 12.99958], [77.66333, 12.99834], [77.66289, 12.99792], [77.66289, 12.99761], [77.66324, 12.99704], [77.66302, 12.9969], [77.66302, 12.99689]]}}, {"type": "Feature", "properties": {}, "geometry": {"type": "LineString", "coordinates": [[77.66302, 12.99689], [77.66433, 12.99471]]}}, {"type": "Feature", "properties": {}, "geometry": {"type": "LineString", "coordinates": [[77.67546, 12.96493], [77.67269, 12.9646]]}}, {"type": "Feature", "properties": {}, "geometry": {"type": "LineString", "coordinates": [[77.67269, 12.9646], [77.67172, 12.9644], [77.67149, 12.96339], [77.67055, 12.96237], [77.66987, 12.96228], [77.66986, 12.96199], [77.66839, 12.96219]]}}, {"type": "Feature", "properties": {}, "geometry": {"type": "LineString", "coordinates": [[77.52142, 13.00395], [77.52031, 12.99716]]}}, {"type": "Feature", "properties": {}, "geometry": {"type": "LineString", "coordinates": [[77.66645, 13.00499], [77.66422, 13.00484], [77.66419, 13.00505]]}}, {"type": "Feature", "properties": {}, "geometry": {"type": "LineString", "coordinates": [[77.66645, 13.00499], [77.66803, 13.01198], [77.66986, 13.01172]]}}, {"type": "Feature", "properties": {}, "geometry": {"type": "LineString", "coordinates": [[77.5165, 13.04999], [77.5222, 13.04592]]}}, {"type": "Feature", "properties": {}, "geometry": {"type": "LineString", "coordinates": [[77.51638, 13.02036], [77.51799, 13.01974], [77.51885, 13.01977]]}}, {"type": "Feature", "properties": {}, "geometry": {"type": "LineString", "coordinates": [[77.52013, 12.99699], [77.51274, 12.99393], [77.5081, 12.99281]]}}, {"type": "Feature", "properties": {}, "geometry": {"type": "LineString", "coordinates": [[77.68021, 12.98335], [77.68056, 12.98286], [77.67951, 12.97854], [77.67949, 12.97646], [77.67823, 12.97285], [77.68188, 12.97179], [77.68194, 12.97084], [77.68268, 12.96925], [77.68273, 12.96735], [77.68278, 12.96718]]}}, {"type": "Feature", "properties": {}, "geometry": {"type": "LineString", "coordinates": [[77.68278, 12.96718], [77.68311, 12.96598], [77.68227, 12.96419], [77.68215, 12.9642]]}}, {"type": "Feature", "properties": {}, "geometry": {"type": "LineString", "coordinates": [[77.68215, 12.9642], [77.68072, 12.96435], [77.67851, 12.96525], [77.67743, 12.96473], [77.67546, 12.96493]]}}, {"type": "Feature", "properties": {}, "geometry": {"type": "LineString", "coordinates": [[77.70153, 12.95748], [77.7017, 12.95948]]}}, {"type": "Feature", "properties": {}, "geometry": {"type": "LineString", "coordinates": [[77.67686, 12.99855], [77.67674, 12.99853]]}}, {"type": "Feature", "properties": {}, "geometry": {"type": "LineString", "coordinates": [[77.67674, 12.99853], [77.67664, 12.99852], [77.67644, 12.99996]]}}, {"type": "Feature", "properties": {}, "geometry": {"type": "LineString", "coordinates": [[77.67644, 12.99989], [77.6765, 12.99856], [77.67617, 12.99831], [77.67616, 12.99715], [77.67546, 12.99544], [77.67522, 12.99343]]}}, {"type": "Feature", "properties": {}, "geometry": {"type": "LineString", "coordinates": [[77.67519, 12.99393], [77.67286, 12.99395], [77.67273, 12.99487]]}}, {"type": "Feature", "properties": {}, "geometry": {"type": "LineString", "coordinates": [[77.69487, 13.00857], [77.69494, 13.00854]]}}, {"type": "Feature", "properties": {}, "geometry": {"type": "LineString", "coordinates": [[77.63532, 12.9046], [77.636, 12.90463]]}}, {"type": "Feature", "properties": {}, "geometry": {"type": "LineString", "coordinates": [[77.70048, 13.00612], [77.70055, 13.00612]]}}, {"type": "Feature", "properties": {}, "geometry": {"type": "LineString", "coordinates": [[77.57183, 12.89812], [77.57016, 12.89617]]}}, {"type": "Feature", "properties": {}, "geometry": {"type": "LineString", "coordinates": [[77.62919, 12.89439], [77.63155, 12.89384]]}}, {"type": "Feature", "properties": {}, "geometry": {"type": "LineString", "coordinates": [[77.64846, 12.8747], [77.64396, 12.87379]]}}, {"type": "Feature", "properties": {}, "geometry": {"type": "LineString", "coordinates": [[77.64396, 12.87379], [77.64289, 12.87373], [77.64045, 12.87436], [77.64006, 12.87454], [77.63982, 12.87514], [77.63953, 12.87479]]}}, {"type": "Feature", "properties": {}, "geometry": {"type": "LineString", "coordinates": [[77.6496, 12.87469], [77.64982, 12.87433]]}}, {"type": "Feature", "properties": {}, "geometry": {"type": "LineString", "coordinates": [[77.64982, 12.87433], [77.65109, 12.87288], [77.65174, 12.8728]]}}, {"type": "Feature", "properties": {}, "geometry": {"type": "LineString", "coordinates": [[77.63499, 12.90742], [77.63903, 12.90587], [77.64259, 12.90337]]}}, {"type": "Feature", "properties": {}, "geometry": {"type": "LineString", "coordinates": [[77.63906, 12.90579], [77.64014, 12.90571]]}}, {"type": "Feature", "properties": {}, "geometry": {"type": "LineString", "coordinates": [[77.63592, 12.9072], [77.6355, 12.9046]]}}, {"type": "Feature", "properties": {}, "geometry": {"type": "LineString", "coordinates": [[77.63871, 12.90601], [77.63871, 12.90604]]}}, {"type": "Feature", "properties": {}, "geometry": {"type": "LineString", "coordinates": [[77.63917, 12.90562], [77.63864, 12.90312], [77.63916, 12.90101], [77.63907, 12.89974]]}}, {"type": "Feature", "properties": {}, "geometry": {"type": "LineString", "coordinates": [[77.60234, 12.88259], [77.60248, 12.88206], [77.60221, 12.88048], [77.60404, 12.88007], [77.60344, 12.87751]]}}, {"type": "Feature", "properties": {}, "geometry": {"type": "LineString", "coordinates": [[77.59701, 12.88711], [77.59826, 12.89068]]}}, {"type": "Feature", "properties": {}, "geometry": {"type": "LineString", "coordinates": [[77.60589, 12.89627], [77.60429, 12.89038], [77.60399, 12.88975], [77.60338, 12.88937], [77.60327, 12.88895]]}}, {"type": "Feature", "properties": {}, "geometry": {"type": "LineString", "coordinates": [[77.62117, 13.03023], [77.62195, 13.03198]]}}, {"type": "Feature", "properties": {}, "geometry": {"type": "LineString", "coordinates": [[77.64569, 12.90133], [77.64704, 12.90026], [77.64743, 12.89945], [77.64875, 12.89947], [77.64886, 12.89971]]}}, {"type": "Feature", "properties": {}, "geometry": {"type": "LineString", "coordinates": [[77.60234, 12.88259], [77.60234, 12.88558], [77.60249, 12.88617], [77.60292, 12.88642], [77.60314, 12.88698], [77.60327, 12.88895]]}}, {"type": "Feature", "properties": {}, "geometry": {"type": "LineString", "coordinates": [[77.60644, 13.03488], [77.60224, 13.03524]]}}, {"type": "Feature", "properties": {}, "geometry": {"type": "LineString", "coordinates": [[77.6359, 13.01449], [77.63739, 13.02274], [77.63717, 13.02605]]}}, {"type": "Feature", "properties": {}, "geometry": {"type": "LineString", "coordinates": [[77.63615, 13.004], [77.63607, 13.00622], [77.63572, 13.0071], [77.63511, 13.01119], [77.63569, 13.0146]]}}, {"type": "Feature", "properties": {}, "geometry": {"type": "LineString", "coordinates": [[77.63569, 13.0146], [77.63916, 13.01421]]}}, {"type": "Feature", "properties": {}, "geometry": {"type": "LineString", "coordinates": [[77.63916, 13.01421], [77.63938, 13.01431], [77.63947, 13.01593]]}}, {"type": "Feature", "properties": {}, "geometry": {"type": "LineString", "coordinates": [[77.5514, 13.05788], [77.55156, 13.05978], [77.55135, 13.06028]]}}, {"type": "Feature", "properties": {}, "geometry": {"type": "LineString", "coordinates": [[77.6149, 13.01027], [77.61618, 13.01216], [77.61779, 13.01601], [77.61883, 13.01927], [77.619, 13.02131]]}}, {"type": "Feature", "properties": {}, "geometry": {"type": "LineString", "coordinates": [[77.60479, 13.03226], [77.60684, 13.03196]]}}, {"type": "Feature", "properties": {}, "geometry": {"type": "LineString", "coordinates": [[77.60684, 13.03196], [77.60842, 13.03154]]}}, {"type": "Feature", "properties": {}, "geometry": {"type": "LineString", "coordinates": [[77.60842, 13.03154], [77.60848, 13.03152]]}}, {"type": "Feature", "properties": {}, "geometry": {"type": "LineString", "coordinates": [[77.60479, 13.03226], [77.60182, 13.03271]]}}, {"type": "Feature", "properties": {}, "geometry": {"type": "LineString", "coordinates": [[77.59167, 13.04066], [77.59096, 13.04127], [77.58996, 13.04135]]}}, {"type": "Feature", "properties": {}, "geometry": {"type": "LineString", "coordinates": [[77.59629, 13.03931], [77.59439, 13.03993], [77.59203, 13.0403], [77.59167, 13.04066]]}}, {"type": "Feature", "properties": {}, "geometry": {"type": "LineString", "coordinates": [[77.65547, 13.01246], [77.65608, 13.01242], [77.65611, 13.0115], [77.65716, 13.01223], [77.65824, 13.01052]]}}, {"type": "Feature", "properties": {}, "geometry": {"type": "LineString", "coordinates": [[77.65824, 13.01052], [77.65825, 13.0105], [77.66161, 13.01194], [77.66149, 13.01113], [77.66224, 13.01095], [77.6624, 13.00887]]}}, {"type": "Feature", "properties": {}, "geometry": {"type": "LineString", "coordinates": [[77.60597, 13.05195], [77.60604, 13.05227], [77.60433, 13.05278], [77.60441, 13.05319]]}}, {"type": "Feature", "properties": {}, "geometry": {"type": "LineString", "coordinates": [[77.60441, 13.05319], [77.60486, 13.05552]]}}, {"type": "Feature", "properties": {}, "geometry": {"type": "LineString", "coordinates": [[77.55135, 13.06028], [77.55191, 13.06178], [77.55203, 13.06344], [77.55292, 13.06649], [77.55303, 13.06666], [77.55323, 13.06663]]}}, {"type": "Feature", "properties": {}, "geometry": {"type": "LineString", "coordinates": [[77.55323, 13.06663], [77.5535, 13.06659]]}}, {"type": "Feature", "properties": {}, "geometry": {"type": "LineString", "coordinates": [[77.59316, 13.0626], [77.59112, 13.06357], [77.58998, 13.06387], [77.58693, 13.06383], [77.58723, 13.06223]]}}, {"type": "Feature", "properties": {}, "geometry": {"type": "LineString", "coordinates": [[77.58723, 13.06223], [77.58733, 13.06168]]}}, {"type": "Feature", "properties": {}, "geometry": {"type": "LineString", "coordinates": [[77.59359, 13.06295], [77.59296, 13.07418], [77.59433, 13.09187]]}}, {"type": "Feature", "properties": {}, "geometry": {"type": "LineString", "coordinates": [[77.59362, 13.0551], [77.59357, 13.05764]]}}, {"type": "Feature", "properties": {}, "geometry": {"type": "LineString", "coordinates": [[77.5932, 13.0632], [77.59323, 13.06271]]}}, {"type": "Feature", "properties": {}, "geometry": {"type": "LineString", "coordinates": [[77.60618, 13.05199], [77.60662, 13.05205]]}}, {"type": "Feature", "properties": {}, "geometry": {"type": "LineString", "coordinates": [[77.57602, 12.87619], [77.57598, 12.87542]]}}, {"type": "Feature", "properties": {}, "geometry": {"type": "LineString", "coordinates": [[77.71724, 12.99694], [77.71731, 12.99641]]}}, {"type": "Feature", "properties": {}, "geometry": {"type": "LineString", "coordinates": [[77.63165, 12.89373], [77.63155, 12.89384]]}}, {"type": "Feature", "properties": {}, "geometry": {"type": "LineString", "coordinates": [[77.67686, 12.99855], [77.67825, 12.99752], [77.67802, 12.99678], [77.67759, 12.99636], [77.67721, 12.99493], [77.67929, 12.99473], [77.67942, 12.99318], [77.68046, 12.99303], [77.67955, 12.98867], [77.67883, 12.98843], [77.67948, 12.98533], [77.6794, 12.98428], [77.68036, 12.98363]]}}, {"type": "Feature", "properties": {}, "geometry": {"type": "LineString", "coordinates": [[77.68036, 12.98363], [77.68021, 12.98335]]}}, {"type": "Feature", "properties": {}, "geometry": {"type": "LineString", "coordinates": [[77.57606, 12.87634], [77.57717, 12.87657], [77.57714, 12.87713], [77.57654, 12.87813]]}}, {"type": "Feature", "properties": {}, "geometry": {"type": "LineString", "coordinates": [[77.57209, 12.892], [77.57203, 12.89306]]}}, {"type": "Feature", "properties": {}, "geometry": {"type": "LineString", "coordinates": [[77.57203, 12.89306], [77.57204, 12.89358]]}}, {"type": "Feature", "properties": {}, "geometry": {"type": "LineString", "coordinates": [[77.57606, 12.87634], [77.57602, 12.87619]]}}, {"type": "Feature", "properties": {}, "geometry": {"type": "LineString", "coordinates": [[77.58186, 12.89324], [77.58195, 12.89144]]}}, {"type": "Feature", "properties": {}, "geometry": {"type": "LineString", "coordinates": [[77.71475, 12.9559], [77.71511, 12.9559]]}}, {"type": "Feature", "properties": {}, "geometry": {"type": "LineString", "coordinates": [[77.71479, 12.9559], [77.7149, 12.95618]]}}, {"type": "Feature", "properties": {}, "geometry": {"type": "LineString", "coordinates": [[77.6809, 13.00038], [77.68086, 13.00038]]}}, {"type": "Feature", "properties": {}, "geometry": {"type": "LineString", "coordinates": [[77.6809, 13.00041], [77.6809, 13.00038]]}}, {"type": "Feature", "properties": {}, "geometry": {"type": "LineString", "coordinates": [[77.59505, 12.87485], [77.59725, 12.8763], [77.5988, 12.87625], [77.60163, 12.87668], [77.6024, 12.87773], [77.60695, 12.87694], [77.60712, 12.87652], [77.60881, 12.87679], [77.60956, 12.87636], [77.61007, 12.87688], [77.61328, 12.87607], [77.61612, 12.87622]]}}, {"type": "Feature", "properties": {}, "geometry": {"type": "LineString", "coordinates": [[77.6204, 12.89486], [77.62217, 12.89956], [77.62345, 12.90134]]}}, {"type": "Feature", "properties": {}, "geometry": {"type": "LineString", "coordinates": [[77.62217, 12.89945], [77.62289, 12.8992], [77.623, 12.89941], [77.62439, 12.89908], [77.62658, 12.89895], [77.62669, 12.89934], [77.63113, 12.89859]]}}, {"type": "Feature", "properties": {}, "geometry": {"type": "LineString", "coordinates": [[77.5948, 12.87478], [77.59701, 12.88711]]}}, {"type": "Feature", "properties": {}, "geometry": {"type": "LineString", "coordinates": [[77.58906, 12.87128], [77.59, 12.87159], [77.5899, 12.87296], [77.58951, 12.87286], [77.58933, 12.87335], [77.58984, 12.8737], [77.59258, 12.87508], [77.59505, 12.87485]]}}, {"type": "Feature", "properties": {}, "geometry": {"type": "LineString", "coordinates": [[77.57209, 12.892], [77.57628, 12.8915], [77.58052, 12.8922], [77.58196, 12.89222]]}}, {"type": "Feature", "properties": {}, "geometry": {"type": "LineString", "coordinates": [[77.57717, 12.87657], [77.57724, 12.87646]]}}, {"type": "Feature", "properties": {}, "geometry": {"type": "LineString", "coordinates": [[77.51841, 13.03614], [77.51833, 13.03885], [77.51852, 13.03997]]}}, {"type": "Feature", "properties": {}, "geometry": {"type": "LineString", "coordinates": [[77.51852, 13.03997], [77.51823, 13.04019]]}}, {"type": "Feature", "properties": {}, "geometry": {"type": "LineString", "coordinates": [[77.51836, 13.0392], [77.51747, 13.03925], [77.51744, 13.0402]]}}, {"type": "Feature", "properties": {}, "geometry": {"type": "LineString", "coordinates": [[77.51037, 13.04417], [77.51635, 13.042], [77.51841, 13.04015]]}}, {"type": "Feature", "properties": {}, "geometry": {"type": "LineString", "coordinates": [[77.50709, 13.04554], [77.50812, 13.04528], [77.51037, 13.04417]]}}, {"type": "Feature", "properties": {}, "geometry": {"type": "LineString", "coordinates": [[77.69501, 13.00843], [77.69577, 13.00839]]}}, {"type": "Feature", "properties": {}, "geometry": {"type": "LineString", "coordinates": [[77.73537, 12.98767], [77.72706, 12.98906], [77.7251, 12.98992], [77.7217, 12.99098], [77.71967, 12.99213], [77.71802, 12.99221]]}}, {"type": "Feature", "properties": {}, "geometry": {"type": "LineString", "coordinates": [[77.75857, 12.99643], [77.75844, 12.99725]]}}, {"type": "Feature", "properties": {}, "geometry": {"type": "LineString", "coordinates": [[77.75843, 12.99725], [77.7581, 12.99929]]}}, {"type": "Feature", "properties": {}, "geometry": {"type": "LineString", "coordinates": [[77.71802, 12.99221], [77.71651, 12.99226], [77.71432, 12.9918], [77.71099, 12.99278], [77.70486, 12.99306], [77.69813, 12.99503], [77.69545, 12.99544], [77.69481, 12.99568]]}}, {"type": "Feature", "properties": {}, "geometry": {"type": "LineString", "coordinates": [[77.69481, 12.99568], [77.69127, 12.99703], [77.68898, 12.99815], [77.68742, 12.99964], [77.6866, 13.00011], [77.68082, 13.00041]]}}, {"type": "Feature", "properties": {}, "geometry": {"type": "LineString", "coordinates": [[77.70593, 12.99294], [77.70832, 12.9851], [77.70834, 12.98341]]}}, {"type": "Feature", "properties": {}, "geometry": {"type": "LineString", "coordinates": [[77.71107, 12.97698], [77.71035, 12.97681], [77.71374, 12.96816], [77.71424, 12.96783], [77.71642, 12.9676], [77.71739, 12.96713], [77.71806, 12.96663], [77.71841, 12.96585], [77.71826, 12.96487], [77.71687, 12.96246], [77.71638, 12.96014], [77.71479, 12.95593]]}}, {"type": "Feature", "properties": {}, "geometry": {"type": "LineString", "coordinates": [[77.71676, 12.95584], [77.71511, 12.9559]]}}, {"type": "Feature", "properties": {}, "geometry": {"type": "LineString", "coordinates": [[77.71479, 12.95593], [77.70491, 12.95668]]}}, {"type": "Feature", "properties": {}, "geometry": {"type": "LineString", "coordinates": [[77.70491, 12.95668], [77.69909, 12.95712], [77.69714, 12.95677]]}}, {"type": "Feature", "properties": {}, "geometry": {"type": "LineString", "coordinates": [[77.69714, 12.95677], [77.68755, 12.95502], [77.6804, 12.95443], [77.67294, 12.95774], [77.66706, 12.95815], [77.66498, 12.9586]]}}, {"type": "Feature", "properties": {}, "geometry": {"type": "LineString", "coordinates": [[77.69487, 13.0085], [77.69501, 13.00843]]}}, {"type": "Feature", "properties": {}, "geometry": {"type": "LineString", "coordinates": [[77.61773, 12.87596], [77.61836, 12.87732], [77.61918, 12.8776], [77.61933, 12.87795], [77.62112, 12.87775], [77.62251, 12.87721], [77.62549, 12.87711], [77.62571, 12.87714], [77.62543, 12.87806], [77.62711, 12.87787], [77.632, 12.87863]]}}, {"type": "Feature", "properties": {}, "geometry": {"type": "LineString", "coordinates": [[77.61612, 12.87622], [77.61623, 12.87664]]}}, {"type": "Feature", "properties": {}, "geometry": {"type": "LineString", "coordinates": [[77.61623, 12.87664], [77.61658, 12.8791], [77.61733, 12.88099]]}}, {"type": "Feature", "properties": {}, "geometry": {"type": "LineString", "coordinates": [[77.61733, 12.88099], [77.61769, 12.8819], [77.61773, 12.88317], [77.61816, 12.88475]]}}, {"type": "Feature", "properties": {}, "geometry": {"type": "LineString", "coordinates": [[77.61816, 12.88475], [77.61874, 12.88689], [77.61922, 12.88819], [77.62002, 12.8892], [77.62018, 12.89068]]}}, {"type": "Feature", "properties": {}, "geometry": {"type": "LineString", "coordinates": [[77.62018, 12.89068], [77.62012, 12.89159], [77.61976, 12.8917], [77.6201, 12.8937]]}}, {"type": "Feature", "properties": {}, "geometry": {"type": "LineString", "coordinates": [[77.6201, 12.8937], [77.6204, 12.89486]]}}, {"type": "Feature", "properties": {}, "geometry": {"type": "LineString", "coordinates": [[77.62345, 12.90134], [77.62429, 12.90302], [77.62501, 12.90326], [77.62512, 12.90379], [77.62408, 12.90394], [77.62416, 12.90426], [77.62391, 12.90443], [77.62262, 12.90466]]}}, {"type": "Feature", "properties": {}, "geometry": {"type": "LineString", "coordinates": [[77.59826, 12.89068], [77.60098, 12.89995], [77.60122, 12.90213]]}}, {"type": "Feature", "properties": {}, "geometry": {"type": "LineString", "coordinates": [[77.632, 12.87863], [77.6325, 12.87866], [77.63276, 12.87929], [77.63535, 12.87979], [77.63771, 12.87903], [77.63976, 12.87623], [77.64007, 12.87521], [77.63982, 12.87514]]}}, {"type": "Feature", "properties": {}, "geometry": {"type": "LineString", "coordinates": [[77.74082, 12.98744], [77.73537, 12.98767]]}}, {"type": "Feature", "properties": {}, "geometry": {"type": "LineString", "coordinates": [[77.74082, 12.98744], [77.74058, 12.98494], [77.74387, 12.98367], [77.74905, 12.98235], [77.75038, 12.98227], [77.75206, 12.98165]]}}, {"type": "Feature", "properties": {}, "geometry": {"type": "LineString", "coordinates": [[77.62355, 13.04111], [77.62435, 13.04016]]}}, {"type": "Feature", "properties": {}, "geometry": {"type": "LineString", "coordinates": [[77.62435, 13.04016], [77.62607, 13.03813], [77.6276, 13.03717], [77.62827, 13.03635], [77.63108, 13.03069], [77.62951, 13.02807], [77.63177, 13.0272], [77.63278, 13.02768], [77.63467, 13.02689], [77.6346, 13.02675]]}}, {"type": "Feature", "properties": {}, "geometry": {"type": "LineString", "coordinates": [[77.63449, 13.02679], [77.6347, 13.02671]]}}, {"type": "Feature", "properties": {}, "geometry": {"type": "LineString", "coordinates": [[77.51073, 12.97984], [77.50519, 12.98144], [77.50504, 12.98084], [77.50303, 12.98118], [77.50314, 12.98156], [77.5026, 12.9816], [77.50205, 12.97978], [77.49797, 12.9813], [77.49781, 12.97964], [77.49731, 12.97986], [77.49727, 12.97958], [77.49702, 12.97962]]}}, {"type": "Feature", "properties": {}, "geometry": {"type": "LineString", "coordinates": [[77.49702, 12.97962], [77.49695, 12.97934], [77.4972, 12.97926]]}}, {"type": "Feature", "properties": {}, "geometry": {"type": "LineString", "coordinates": [[77.49702, 12.97962], [77.49727, 12.97951], [77.49719, 12.97874], [77.49894, 12.97816]]}}, {"type": "Feature", "properties": {}, "geometry": {"type": "LineString", "coordinates": [[77.51622, 12.98007], [77.51626, 12.98003]]}}, {"type": "Feature", "properties": {}, "geometry": {"type": "LineString", "coordinates": [[77.51626, 12.98003], [77.51644, 12.97957]]}}, {"type": "Feature", "properties": {}, "geometry": {"type": "LineString", "coordinates": [[77.51644, 12.97957], [77.51676, 12.97999]]}}, {"type": "Feature", "properties": {}, "geometry": {"type": "LineString", "coordinates": [[77.51622, 12.98007], [77.51676, 12.97999]]}}, {"type": "Feature", "properties": {}, "geometry": {"type": "LineString", "coordinates": [[77.51676, 12.97999], [77.51698, 12.97995]]}}, {"type": "Feature", "properties": {}, "geometry": {"type": "LineString", "coordinates": [[77.58906, 12.87128], [77.58907, 12.87227], [77.5888, 12.87229]]}}, {"type": "Feature", "properties": {}, "geometry": {"type": "LineString", "coordinates": [[77.5888, 12.87229], [77.5867, 12.87243], [77.58686, 12.87357]]}}, {"type": "Feature", "properties": {}, "geometry": {"type": "LineString", "coordinates": [[77.58686, 12.87357], [77.58686, 12.87359], [77.58621, 12.87396]]}}, {"type": "Feature", "properties": {}, "geometry": {"type": "LineString", "coordinates": [[77.58621, 12.87396], [77.58618, 12.87398], [77.5846, 12.874]]}}, {"type": "Feature", "properties": {}, "geometry": {"type": "LineString", "coordinates": [[77.49253, 12.94345], [77.49135, 12.94377], [77.49073, 12.94206], [77.49055, 12.94213], [77.49009, 12.93886], [77.48962, 12.93897], [77.48814, 12.93469], [77.48791, 12.93325], [77.48816, 12.93307], [77.48809, 12.93283]]}}, {"type": "Feature", "properties": {}, "geometry": {"type": "LineString", "coordinates": [[77.48809, 12.93283], [77.48768, 12.93195], [77.48771, 12.93194]]}}, {"type": "Feature", "properties": {}, "geometry": {"type": "LineString", "coordinates": [[77.48771, 12.93194], [77.48847, 12.93173]]}}, {"type": "Feature", "properties": {}, "geometry": {"type": "LineString", "coordinates": [[77.48847, 12.93173], [77.48886, 12.93159], [77.48715, 12.92516], [77.48557, 12.92572]]}}, {"type": "Feature", "properties": {}, "geometry": {"type": "LineString", "coordinates": [[77.48557, 12.92572], [77.48354, 12.92643], [77.47963, 12.91591], [77.47894, 12.91078], [77.47846, 12.90958]]}}, {"type": "Feature", "properties": {}, "geometry": {"type": "LineString", "coordinates": [[77.48244, 12.92359], [77.48369, 12.92315]]}}, {"type": "Feature", "properties": {}, "geometry": {"type": "LineString", "coordinates": [[77.61612, 12.87622], [77.61773, 12.87599]]}}, {"type": "Feature", "properties": {}, "geometry": {"type": "LineString", "coordinates": [[77.67616, 12.99733], [77.67821, 12.99724]]}}, {"type": "Feature", "properties": {}, "geometry": {"type": "LineString", "coordinates": [[77.68082, 13.00041], [77.6809, 13.00041]]}}, {"type": "Feature", "properties": {}, "geometry": {"type": "LineString", "coordinates": [[77.68079, 13.00041], [77.68072, 13.00041]]}}, {"type": "Feature", "properties": {}, "geometry": {"type": "LineString", "coordinates": [[77.68082, 13.00041], [77.68079, 13.00041]]}}, {"type": "Feature", "properties": {}, "geometry": {"type": "LineString", "coordinates": [[77.70834, 12.98341], [77.70882, 12.98105], [77.7101, 12.97692]]}}, {"type": "Feature", "properties": {}, "geometry": {"type": "LineString", "coordinates": [[77.71104, 12.97712], [77.71107, 12.97698]]}}, {"type": "Feature", "properties": {}, "geometry": {"type": "LineString", "coordinates": [[77.54907, 13.04415], [77.54899, 13.04393], [77.54932, 13.04383], [77.54894, 13.04232], [77.55337, 13.04375]]}}, {"type": "Feature", "properties": {}, "geometry": {"type": "LineString", "coordinates": [[77.6135, 13.00659], [77.61383, 13.00739], [77.61315, 13.00768], [77.61366, 13.00849], [77.61338, 13.00867], [77.6149, 13.01027]]}}, {"type": "Feature", "properties": {}, "geometry": {"type": "LineString", "coordinates": [[77.61264, 13.00691], [77.61432, 13.00626]]}}, {"type": "Feature", "properties": {}, "geometry": {"type": "LineString", "coordinates": [[77.53496, 13.01525], [77.53528, 13.01546]]}}, {"type": "Feature", "properties": {}, "geometry": {"type": "LineString", "coordinates": [[77.53495, 13.01522], [77.53459, 13.0148]]}}, {"type": "Feature", "properties": {}, "geometry": {"type": "LineString", "coordinates": [[77.54894, 13.04232], [77.54892, 13.04038]]}}, {"type": "Feature", "properties": {}, "geometry": {"type": "LineString", "coordinates": [[77.54914, 13.0439], [77.5491, 13.04414]]}}, {"type": "Feature", "properties": {}, "geometry": {"type": "LineString", "coordinates": [[77.68798, 12.95512], [77.68769, 12.95491], [77.68847, 12.9541]]}}, {"type": "Feature", "properties": {}, "geometry": {"type": "LineString", "coordinates": [[77.66419, 13.00505], [77.66314, 13.00488]]}}, {"type": "Feature", "properties": {}, "geometry": {"type": "LineString", "coordinates": [[77.66314, 13.00488], [77.66297, 13.00485]]}}, {"type": "Feature", "properties": {}, "geometry": {"type": "LineString", "coordinates": [[77.66777, 13.01086], [77.66705, 13.01104]]}}, {"type": "Feature", "properties": {}, "geometry": {"type": "LineString", "coordinates": [[77.66705, 13.01104], [77.66709, 13.01136], [77.66752, 13.01128], [77.66756, 13.0116], [77.66792, 13.01156]]}}, {"type": "Feature", "properties": {}, "geometry": {"type": "LineString", "coordinates": [[77.66705, 13.01104], [77.66705, 13.01136], [77.66691, 13.01122]]}}, {"type": "Feature", "properties": {}, "geometry": {"type": "LineString", "coordinates": [[77.66705, 13.01104], [77.66787, 13.01082], [77.66648, 13.00496]]}}, {"type": "Feature", "properties": {}, "geometry": {"type": "LineString", "coordinates": [[77.66986, 13.01172], [77.67093, 13.01156]]}}, {"type": "Feature", "properties": {}, "geometry": {"type": "LineString", "coordinates": [[77.67258, 13.01151], [77.67323, 13.01148]]}}, {"type": "Feature", "properties": {}, "geometry": {"type": "LineString", "coordinates": [[77.67323, 13.01148], [77.67369, 13.01146]]}}, {"type": "Feature", "properties": {}, "geometry": {"type": "LineString", "coordinates": [[77.51115, 12.9969], [77.51089, 12.99585], [77.51376, 12.99505], [77.51371, 12.9942], [77.52027, 12.99706], [77.52078, 13.00121], [77.52154, 13.00493], [77.52153, 13.00746], [77.52202, 13.00999], [77.52196, 13.01094], [77.52654, 13.01016], [77.52665, 13.00984], [77.52711, 13.00963], [77.52696, 13.00921], [77.52857, 13.00835], [77.52908, 13.00894], [77.53026, 13.00875], [77.5303, 13.00917], [77.53051, 13.00914], [77.53036, 13.01121], [77.53057, 13.01139], [77.53178, 13.01032], [77.53269, 13.01116], [77.53316, 13.01119], [77.53353, 13.01298], [77.53473, 13.01473], [77.53517, 13.01493], [77.53499, 13.01522]]}}, {"type": "Feature", "properties": {}, "geometry": {"type": "LineString", "coordinates": [[77.53495, 13.01522], [77.5352, 13.015]]}}, {"type": "Feature", "properties": {}, "geometry": {"type": "LineString", "coordinates": [[77.51346, 12.9942], [77.51346, 12.99413]]}}, {"type": "Feature", "properties": {}, "geometry": {"type": "LineString", "coordinates": [[77.51191, 12.99728], [77.51191, 12.99721]]}}, {"type": "Feature", "properties": {}, "geometry": {"type": "LineString", "coordinates": [[77.54903, 13.04418], [77.54946, 13.04414], [77.54976, 13.04523], [77.54919, 13.04538], [77.54983, 13.04808], [77.55064, 13.05015], [77.55117, 13.0532]]}}, {"type": "Feature", "properties": {}, "geometry": {"type": "LineString", "coordinates": [[77.54903, 13.0407], [77.54971, 13.04034]]}}, {"type": "Feature", "properties": {}, "geometry": {"type": "LineString", "coordinates": [[77.54903, 13.04418], [77.5491, 13.04418]]}}, {"type": "Feature", "properties": {}, "geometry": {"type": "LineString", "coordinates": [[77.55121, 13.0532], [77.55117, 13.0532]]}}, {"type": "Feature", "properties": {}, "geometry": {"type": "LineString", "coordinates": [[77.51105, 12.99732], [77.5108, 12.99764]]}}, {"type": "Feature", "properties": {}, "geometry": {"type": "LineString", "coordinates": [[77.51123, 12.99729], [77.5108, 12.99764]]}}, {"type": "Feature", "properties": {}, "geometry": {"type": "LineString", "coordinates": [[77.5108, 12.99764], [77.51087, 12.99736]]}}, {"type": "Feature", "properties": {}, "geometry": {"type": "LineString", "coordinates": [[77.51087, 12.99736], [77.51112, 12.99718], [77.51134, 12.99732]]}}, {"type": "Feature", "properties": {}, "geometry": {"type": "LineString", "coordinates": [[77.5108, 12.99764], [77.51077, 12.99743]]}}, {"type": "Feature", "properties": {}, "geometry": {"type": "LineString", "coordinates": [[77.5108, 12.99764], [77.51077, 12.99778]]}}, {"type": "Feature", "properties": {}, "geometry": {"type": "LineString", "coordinates": [[77.51346, 12.9942], [77.51388, 12.99716], [77.51191, 12.99728], [77.51188, 12.9976], [77.51166, 12.99753]]}}, {"type": "Feature", "properties": {}, "geometry": {"type": "LineString", "coordinates": [[77.50425, 12.99862], [77.50657, 12.99818], [77.50904, 12.99731], [77.50893, 12.99699], [77.5104, 12.99656], [77.51158, 12.99654], [77.51159, 12.99707]]}}, {"type": "Feature", "properties": {}, "geometry": {"type": "LineString", "coordinates": [[77.50425, 12.99862], [77.50474, 13.00143], [77.50447, 13.00319], [77.5051, 13.00474], [77.5057, 13.00804]]}}, {"type": "Feature", "properties": {}, "geometry": {"type": "LineString", "coordinates": [[77.5057, 13.00804], [77.50619, 13.00986], [77.50622, 13.0099]]}}, {"type": "Feature", "properties": {}, "geometry": {"type": "LineString", "coordinates": [[77.50622, 13.0099], [77.50641, 13.01017]]}}, {"type": "Feature", "properties": {}, "geometry": {"type": "LineString", "coordinates": [[77.50641, 13.01017], [77.50695, 13.01091], [77.50879, 13.01192], [77.51054, 13.01426], [77.51157, 13.01632], [77.51247, 13.01702], [77.51283, 13.01714]]}}, {"type": "Feature", "properties": {}, "geometry": {"type": "LineString", "coordinates": [[77.51283, 13.01714], [77.51308, 13.01723]]}}, {"type": "Feature", "properties": {}, "geometry": {"type": "LineString", "coordinates": [[77.51308, 13.01723], [77.51499, 13.01787], [77.51645, 13.02039]]}}, {"type": "Feature", "properties": {}, "geometry": {"type": "LineString", "coordinates": [[77.51645, 13.02039], [77.51693, 13.02166], [77.51691, 13.02282], [77.51875, 13.02396], [77.5207, 13.02567], [77.51766, 13.03316], [77.51775, 13.03491], [77.51812, 13.03618]]}}, {"type": "Feature", "properties": {}, "geometry": {"type": "LineString", "coordinates": [[77.51852, 13.04008], [77.52224, 13.04585]]}}, {"type": "Feature", "properties": {}, "geometry": {"type": "LineString", "coordinates": [[77.51812, 13.03618], [77.51815, 13.03959], [77.51834, 13.04019], [77.51852, 13.04008]]}}, {"type": "Feature", "properties": {}, "geometry": {"type": "LineString", "coordinates": [[77.51834, 13.04019], [77.51823, 13.04026]]}}, {"type": "Feature", "properties": {}, "geometry": {"type": "LineString", "coordinates": [[77.51823, 13.04026], [77.51624, 13.042], [77.51209, 13.04345]]}}, {"type": "Feature", "properties": {}, "geometry": {"type": "LineString", "coordinates": [[77.5222, 13.04582], [77.52188, 13.04607]]}}, {"type": "Feature", "properties": {}, "geometry": {"type": "LineString", "coordinates": [[77.51634, 13.02018], [77.51663, 13.02011]]}}, {"type": "Feature", "properties": {}, "geometry": {"type": "LineString", "coordinates": [[77.58722, 13.0615], [77.58106, 13.06596], [77.58168, 13.06641], [77.58125, 13.06674], [77.58103, 13.0666], [77.58007, 13.06763], [77.58124, 13.06983], [77.57931, 13.07048], [77.57791, 13.07064], [77.5771, 13.07128], [77.57445, 13.07205], [77.57165, 13.07211], [77.57155, 13.07299]]}}, {"type": "Feature", "properties": {}, "geometry": {"type": "LineString", "coordinates": [[77.59382, 13.05742], [77.59153, 13.0578], [77.59171, 13.05829], [77.58722, 13.0615]]}}, {"type": "Feature", "properties": {}, "geometry": {"type": "LineString", "coordinates": [[77.57155, 13.07299], [77.57166, 13.07362], [77.57019, 13.07392], [77.57006, 13.07469], [77.5663, 13.07568], [77.56509, 13.07668]]}}, {"type": "Feature", "properties": {}, "geometry": {"type": "LineString", "coordinates": [[77.56509, 13.07668], [77.56431, 13.07732], [77.56442, 13.07823], [77.5625, 13.07952], [77.56254, 13.08022], [77.56463, 13.08407], [77.56286, 13.08624], [77.55997, 13.08796], [77.55926, 13.08874], [77.55919, 13.08969]]}}, {"type": "Feature", "properties": {}, "geometry": {"type": "LineString", "coordinates": [[77.59382, 13.05742], [77.5937, 13.05574], [77.59531, 13.05554]]}}, {"type": "Feature", "properties": {}, "geometry": {"type": "LineString", "coordinates": [[77.59531, 13.05554], [77.59728, 13.05528], [77.59757, 13.0557], [77.598, 13.05573], [77.59915, 13.05519]]}}, {"type": "Feature", "properties": {}, "geometry": {"type": "LineString", "coordinates": [[77.59915, 13.05519], [77.59943, 13.05508]]}}, {"type": "Feature", "properties": {}, "geometry": {"type": "LineString", "coordinates": [[77.59943, 13.05508], [77.59979, 13.05494], [77.60252, 13.05505], [77.60292, 13.05529], [77.61031, 13.05536], [77.61151, 13.05626], [77.61191, 13.05418], [77.61187, 13.0533]]}}, {"type": "Feature", "properties": {}, "geometry": {"type": "LineString", "coordinates": [[77.61187, 13.0533], [77.61172, 13.04957], [77.61214, 13.04781], [77.61145, 13.04725], [77.61137, 13.04694], [77.61137, 13.04694]]}}, {"type": "Feature", "properties": {}, "geometry": {"type": "LineString", "coordinates": [[77.61137, 13.04694], [77.61143, 13.04658]]}}, {"type": "Feature", "properties": {}, "geometry": {"type": "LineString", "coordinates": [[77.61143, 13.04658], [77.61144, 13.04655], [77.6115, 13.0465]]}}, {"type": "Feature", "properties": {}, "geometry": {"type": "LineString", "coordinates": [[77.6115, 13.04649], [77.6119, 13.04612], [77.61191, 13.04608]]}}, {"type": "Feature", "properties": {}, "geometry": {"type": "LineString", "coordinates": [[77.61191, 13.04608], [77.61228, 13.04418], [77.6127, 13.04323], [77.61341, 13.04248], [77.61687, 13.04118], [77.61853, 13.04116], [77.61859, 13.04085], [77.62301, 13.04098], [77.62351, 13.0408], [77.62419, 13.04009], [77.6243, 13.0404]]}}, {"type": "Feature", "properties": {}, "geometry": {"type": "LineString", "coordinates": [[77.55514, 13.07917], [77.55393, 13.077], [77.55668, 13.07602], [77.55595, 13.07445], [77.55716, 13.07394], [77.55518, 13.06983]]}}, {"type": "Feature", "properties": {}, "geometry": {"type": "LineString", "coordinates": [[77.55518, 13.06983], [77.55313, 13.06557]]}}, {"type": "Feature", "properties": {}, "geometry": {"type": "LineString", "coordinates": [[77.55499, 13.07942], [77.55514, 13.07917]]}}, {"type": "Feature", "properties": {}, "geometry": {"type": "LineString", "coordinates": [[77.54082, 13.08308], [77.54085, 13.0829], [77.54239, 13.08292], [77.54354, 13.08266], [77.54476, 13.08286], [77.5482, 13.08177], [77.54848, 13.08149], [77.55067, 13.08122], [77.55499, 13.07942]]}}, {"type": "Feature", "properties": {}, "geometry": {"type": "LineString", "coordinates": [[77.59312, 13.0626], [77.59362, 13.06246], [77.59359, 13.06299]]}}, {"type": "Feature", "properties": {}, "geometry": {"type": "LineString", "coordinates": [[77.58698, 13.05894], [77.5878, 13.05854]]}}, {"type": "Feature", "properties": {}, "geometry": {"type": "LineString", "coordinates": [[77.58744, 13.06136], [77.58791, 13.05879], [77.58706, 13.05908]]}}, {"type": "Feature", "properties": {}, "geometry": {"type": "LineString", "coordinates": [[77.59323, 13.06271], [77.59332, 13.06102], [77.59372, 13.06105], [77.59362, 13.06246]]}}, {"type": "Feature", "properties": {}, "geometry": {"type": "LineString", "coordinates": [[77.59362, 13.06246], [77.59359, 13.06295]]}}, {"type": "Feature", "properties": {}, "geometry": {"type": "LineString", "coordinates": [[77.65427, 12.95944], [77.65419, 12.95909]]}}, {"type": "Feature", "properties": {}, "geometry": {"type": "LineString", "coordinates": [[77.47519, 12.97156], [77.47584, 12.97151], [77.47547, 12.96986], [77.47758, 12.96939], [77.47746, 12.96886], [77.48133, 12.96805], [77.47971, 12.96328], [77.47944, 12.96208], [77.4793, 12.95874], [77.47748, 12.95186]]}}, {"type": "Feature", "properties": {}, "geometry": {"type": "LineString", "coordinates": [[77.48324, 12.94716], [77.4816, 12.9476], [77.48174, 12.95168], [77.47748, 12.95186]]}}, {"type": "Feature", "properties": {}, "geometry": {"type": "LineString", "coordinates": [[77.68794, 12.99805], [77.68783, 12.99805]]}}, {"type": "Feature", "properties": {}, "geometry": {"type": "LineString", "coordinates": [[77.68855, 12.9984], [77.68877, 12.99847]]}}, {"type": "Feature", "properties": {}, "geometry": {"type": "LineString", "coordinates": [[77.51557, 12.9939], [77.51505, 12.99486]]}}, {"type": "Feature", "properties": {}, "geometry": {"type": "LineString", "coordinates": [[77.48635, 12.9857], [77.48603, 12.98581], [77.48593, 12.98616]]}}, {"type": "Feature", "properties": {}, "geometry": {"type": "LineString", "coordinates": [[77.68855, 12.9984], [77.68717, 12.99693]]}}, {"type": "Feature", "properties": {}, "geometry": {"type": "LineString", "coordinates": [[77.48635, 12.9857], [77.48645, 12.98482], [77.48497, 12.98044]]}}, {"type": "Feature", "properties": {}, "geometry": {"type": "LineString", "coordinates": [[77.48497, 12.98044], [77.48719, 12.97961], [77.48704, 12.97894], [77.48757, 12.97781], [77.48755, 12.97629], [77.48816, 12.97625], [77.48828, 12.97713]]}}, {"type": "Feature", "properties": {}, "geometry": {"type": "LineString", "coordinates": [[77.48828, 12.97713], [77.48846, 12.97766]]}}, {"type": "Feature", "properties": {}, "geometry": {"type": "LineString", "coordinates": [[77.48755, 12.97629], [77.48804, 12.97467], [77.48777, 12.97295], [77.48815, 12.97133], [77.48354, 12.97313], [77.4823, 12.97107], [77.48151, 12.96812]]}}, {"type": "Feature", "properties": {}, "geometry": {"type": "LineString", "coordinates": [[77.48151, 12.96812], [77.47992, 12.96328], [77.47944, 12.95849], [77.47866, 12.95505], [77.47766, 12.95204], [77.47788, 12.94904], [77.47969, 12.94009], [77.4791, 12.93784], [77.47889, 12.9375]]}}, {"type": "Feature", "properties": {}, "geometry": {"type": "LineString", "coordinates": [[77.48151, 12.96812], [77.48126, 12.96819]]}}, {"type": "Feature", "properties": {}, "geometry": {"type": "LineString", "coordinates": [[77.48126, 12.96819], [77.47757, 12.96896], [77.4781, 12.97139], [77.47507, 12.97162]]}}, {"type": "Feature", "properties": {}, "geometry": {"type": "LineString", "coordinates": [[77.52623, 12.90416], [77.52889, 12.90516], [77.52964, 12.90508], [77.53107, 12.9044]]}}, {"type": "Feature", "properties": {}, "geometry": {"type": "LineString", "coordinates": [[77.53107, 12.9044], [77.53168, 12.90457], [77.53252, 12.90537], [77.5335, 12.90733]]}}, {"type": "Feature", "properties": {}, "geometry": {"type": "LineString", "coordinates": [[77.5335, 12.90733], [77.53412, 12.90814], [77.53491, 12.90781], [77.53527, 12.90862], [77.53588, 12.90829], [77.53621, 12.90857]]}}, {"type": "Feature", "properties": {}, "geometry": {"type": "LineString", "coordinates": [[77.53624, 12.90854], [77.53548, 12.90763], [77.53562, 12.90756]]}}, {"type": "Feature", "properties": {}, "geometry": {"type": "LineString", "coordinates": [[77.52407, 12.90355], [77.52277, 12.90325]]}}, {"type": "Feature", "properties": {}, "geometry": {"type": "LineString", "coordinates": [[77.47748, 12.95186], [77.47733, 12.95123]]}}, {"type": "Feature", "properties": {}, "geometry": {"type": "LineString", "coordinates": [[77.47733, 12.95123], [77.47725, 12.95038], [77.47773, 12.94844]]}}, {"type": "Feature", "properties": {}, "geometry": {"type": "LineString", "coordinates": [[77.47539, 12.9699], [77.47518, 12.96997], [77.47552, 12.97152], [77.47523, 12.97152]]}}, {"type": "Feature", "properties": {}, "geometry": {"type": "LineString", "coordinates": [[77.47512, 12.9711], [77.47519, 12.97156]]}}, {"type": "Feature", "properties": {}, "geometry": {"type": "LineString", "coordinates": [[77.47523, 12.97152], [77.47515, 12.97106]]}}, {"type": "Feature", "properties": {}, "geometry": {"type": "LineString", "coordinates": [[77.69776, 13.00738], [77.70234, 13.00526], [77.70337, 13.00518], [77.70645, 13.0043], [77.70713, 13.0043]]}}, {"type": "Feature", "properties": {}, "geometry": {"type": "LineString", "coordinates": [[77.70713, 13.0043], [77.70739, 13.0043]]}}, {"type": "Feature", "properties": {}, "geometry": {"type": "LineString", "coordinates": [[77.70739, 13.0043], [77.7105, 13.00429]]}}, {"type": "Feature", "properties": {}, "geometry": {"type": "LineString", "coordinates": [[77.7105, 13.00429], [77.71058, 13.00429], [77.7107, 13.0043]]}}, {"type": "Feature", "properties": {}, "geometry": {"type": "LineString", "coordinates": [[77.7107, 13.0043], [77.71376, 13.00462]]}}, {"type": "Feature", "properties": {}, "geometry": {"type": "LineString", "coordinates": [[77.71376, 13.00462], [77.71392, 13.00464], [77.71628, 13.00446]]}}, {"type": "Feature", "properties": {}, "geometry": {"type": "LineString", "coordinates": [[77.71628, 13.00446], [77.71661, 13.00444], [77.7175, 13.00767], [77.71772, 13.00773], [77.71801, 13.01107], [77.71827, 13.01163], [77.71727, 13.01274], [77.71706, 13.01633], [77.72037, 13.01671], [77.72011, 13.01995], [77.72069, 13.02005], [77.72102, 13.02068], [77.72068, 13.02287], [77.72095, 13.02375], [77.72109, 13.0267], [77.72044, 13.02632]]}}, {"type": "Feature", "properties": {}, "geometry": {"type": "LineString", "coordinates": [[77.60789, 13.11183], [77.60812, 13.11267]]}}, {"type": "Feature", "properties": {}, "geometry": {"type": "LineString", "coordinates": [[77.60796, 13.11204], [77.60808, 13.11285]]}}, {"type": "Feature", "properties": {}, "geometry": {"type": "LineString", "coordinates": [[77.48643, 12.89255], [77.48698, 12.89729], [77.48677, 12.89779], [77.48761, 12.89943], [77.48769, 12.90035], [77.48735, 12.90211], [77.48799, 12.90474], [77.48839, 12.90506], [77.48847, 12.90625], [77.48891, 12.90755], [77.48845, 12.90773]]}}, {"type": "Feature", "properties": {}, "geometry": {"type": "LineString", "coordinates": [[77.48845, 12.90773], [77.48766, 12.90805], [77.48717, 12.90862], [77.48693, 12.91], [77.4852, 12.91272], [77.4856, 12.91325], [77.48521, 12.91364], [77.48514, 12.91413], [77.48099, 12.91582], [77.48074, 12.91519], [77.47967, 12.91622], [77.47911, 12.91743], [77.47719, 12.91949], [77.4762, 12.9209], [77.47589, 12.92189], [77.47339, 12.92308], [77.47265, 12.92428], [77.47339, 12.92663], [77.4734, 12.92667]]}}, {"type": "Feature", "properties": {}, "geometry": {"type": "LineString", "coordinates": [[77.4788, 12.93751], [77.47888, 12.93763], [77.4794, 12.93935], [77.47955, 12.9403], [77.47777, 12.94855], [77.47744, 12.95176], [77.47923, 12.95892], [77.47929, 12.96124]]}}, {"type": "Feature", "properties": {}, "geometry": {"type": "LineString", "coordinates": [[77.53709, 12.87496], [77.53598, 12.87521], [77.53448, 12.876], [77.5329, 12.87626], [77.52896, 12.8763], [77.52692, 12.8772], [77.52475, 12.87543], [77.52303, 12.87558], [77.52028, 12.87663], [77.51979, 12.8779], [77.51739, 12.87782], [77.51417, 12.87908], [77.51249, 12.87931], [77.50743, 12.8795], [77.50611, 12.88032], [77.50249, 12.88359]]}}, {"type": "Feature", "properties": {}, "geometry": {"type": "LineString", "coordinates": [[77.53752, 12.87541], [77.53614, 12.87391]]}}, {"type": "Feature", "properties": {}, "geometry": {"type": "LineString", "coordinates": [[77.50249, 12.88359], [77.49964, 12.88616], [77.49236, 12.88964], [77.48907, 12.89069], [77.48825, 12.89147], [77.48643, 12.89255]]}}, {"type": "Feature", "properties": {}, "geometry": {"type": "LineString", "coordinates": [[77.51008, 12.99311], [77.51335, 12.99389], [77.51357, 12.99417], [77.5202, 12.99695], [77.52153, 13.00479], [77.52156, 13.00725], [77.52214, 13.01136], [77.52193, 13.01189], [77.52115, 13.01268], [77.52035, 13.01546], [77.5201, 13.01867], [77.52061, 13.01993], [77.52231, 13.0215], [77.5242, 13.01983], [77.5268, 13.02138], [77.52837, 13.02095], [77.53358, 13.03219]]}}, {"type": "Feature", "properties": {}, "geometry": {"type": "LineString", "coordinates": [[77.53358, 13.03219], [77.5351, 13.03665], [77.53514, 13.03667]]}}, {"type": "Feature", "properties": {}, "geometry": {"type": "LineString", "coordinates": [[77.53514, 13.03667], [77.53781, 13.03834], [77.53954, 13.04223], [77.5398, 13.04308], [77.53962, 13.04375], [77.54111, 13.04535], [77.54126, 13.04602], [77.5425, 13.04798], [77.54259, 13.0491]]}}, {"type": "Feature", "properties": {}, "geometry": {"type": "LineString", "coordinates": [[77.54259, 13.0491], [77.55012, 13.04889], [77.55053, 13.05004], [77.55096, 13.05314], [77.55153, 13.05968]]}}, {"type": "Feature", "properties": {}, "geometry": {"type": "LineString", "coordinates": [[77.47929, 12.96124], [77.47941, 12.96261], [77.4813, 12.96819], [77.48109, 12.96861], [77.48127, 12.96903], [77.48163, 12.969], [77.48255, 12.97141], [77.48236, 12.97155]]}}, {"type": "Feature", "properties": {}, "geometry": {"type": "LineString", "coordinates": [[77.48236, 12.97155], [77.48234, 12.97156], [77.48374, 12.97545], [77.48494, 12.98079], [77.48627, 12.98465], [77.48624, 12.98546], [77.48582, 12.98592], [77.49042, 12.98689], [77.50497, 12.99189], [77.51008, 12.99311]]}}, {"type": "Feature", "properties": {}, "geometry": {"type": "LineString", "coordinates": [[77.55153, 13.05968], [77.55132, 13.06021], [77.55183, 13.06175], [77.55222, 13.06449], [77.55301, 13.06652]]}}, {"type": "Feature", "properties": {}, "geometry": {"type": "LineString", "coordinates": [[77.55301, 13.06652], [77.55307, 13.06666], [77.55322, 13.06662]]}}, {"type": "Feature", "properties": {}, "geometry": {"type": "LineString", "coordinates": [[77.55322, 13.06662], [77.55353, 13.06655], [77.55463, 13.06885]]}}, {"type": "Feature", "properties": {}, "geometry": {"type": "LineString", "coordinates": [[77.55463, 13.06885], [77.55764, 13.07517], [77.56036, 13.08408], [77.56307, 13.08631], [77.56004, 13.0881], [77.55988, 13.09024], [77.55923, 13.09022]]}}, {"type": "Feature", "properties": {}, "geometry": {"type": "LineString", "coordinates": [[77.58506, 13.10164], [77.58559, 13.10093], [77.58605, 13.10079], [77.58699, 13.10106], [77.58671, 13.10134]]}}, {"type": "Feature", "properties": {}, "geometry": {"type": "LineString", "coordinates": [[77.61011, 13.10452], [77.61036, 13.10452]]}}, {"type": "Feature", "properties": {}, "geometry": {"type": "LineString", "coordinates": [[77.63095, 13.1023], [77.61833, 13.10416], [77.61675, 13.10417], [77.61646, 13.10351], [77.61191, 13.1045], [77.61036, 13.10452]]}}, {"type": "Feature", "properties": {}, "geometry": {"type": "LineString", "coordinates": [[77.60505, 13.10443], [77.60502, 13.1052], [77.60796, 13.11204]]}}, {"type": "Feature", "properties": {}, "geometry": {"type": "LineString", "coordinates": [[77.60059, 13.10346], [77.6044, 13.1044], [77.61011, 13.10452]]}}, {"type": "Feature", "properties": {}, "geometry": {"type": "LineString", "coordinates": [[77.58514, 12.87396], [77.58491, 12.87192], [77.58548, 12.87177], [77.58536, 12.87044]]}}, {"type": "Feature", "properties": {}, "geometry": {"type": "LineString", "coordinates": [[77.58339, 12.87067], [77.58269, 12.86596], [77.58201, 12.86614]]}}, {"type": "Feature", "properties": {}, "geometry": {"type": "LineString", "coordinates": [[77.58536, 12.87044], [77.58339, 12.87067]]}}, {"type": "Feature", "properties": {}, "geometry": {"type": "LineString", "coordinates": [[77.60191, 13.10633], [77.60476, 13.11087]]}}, {"type": "Feature", "properties": {}, "geometry": {"type": "LineString", "coordinates": [[77.60483, 13.11098], [77.60571, 13.11248], [77.60703, 13.11208], [77.60776, 13.11348]]}}, {"type": "Feature", "properties": {}, "geometry": {"type": "LineString", "coordinates": [[77.60121, 13.1051], [77.60184, 13.10622]]}}, {"type": "Feature", "properties": {}, "geometry": {"type": "LineString", "coordinates": [[77.6007, 13.10395], [77.60118, 13.10503]]}}, {"type": "Feature", "properties": {}, "geometry": {"type": "LineString", "coordinates": [[77.59988, 13.10117], [77.59921, 13.09865], [77.59762, 13.09434]]}}, {"type": "Feature", "properties": {}, "geometry": {"type": "LineString", "coordinates": [[77.60052, 13.10363], [77.59995, 13.10142]]}}, {"type": "Feature", "properties": {}, "geometry": {"type": "LineString", "coordinates": [[77.59734, 13.09483], [77.59778, 13.09602], [77.59746, 13.09613], [77.59765, 13.09719], [77.59625, 13.09741]]}}, {"type": "Feature", "properties": {}, "geometry": {"type": "LineString", "coordinates": [[77.59625, 13.09741], [77.59529, 13.09791]]}}, {"type": "Feature", "properties": {}, "geometry": {"type": "LineString", "coordinates": [[77.59734, 13.09483], [77.59734, 13.0948]]}}, {"type": "Feature", "properties": {}, "geometry": {"type": "LineString", "coordinates": [[77.60044, 13.10339], [77.60059, 13.10346]]}}, {"type": "Feature", "properties": {}, "geometry": {"type": "LineString", "coordinates": [[77.72051, 13.02628], [77.72051, 13.02635]]}}, {"type": "Feature", "properties": {}, "geometry": {"type": "LineString", "coordinates": [[77.6395, 12.92655], [77.64081, 12.92904]]}}, {"type": "Feature", "properties": {}, "geometry": {"type": "LineString", "coordinates": [[77.63868, 12.92445], [77.63903, 12.9267]]}}, {"type": "Feature", "properties": {}, "geometry": {"type": "LineString", "coordinates": [[77.64081, 12.92904], [77.63788, 12.9303]]}}, {"type": "Feature", "properties": {}, "geometry": {"type": "LineString", "coordinates": [[77.63847, 12.93152], [77.63928, 12.93313]]}}, {"type": "Feature", "properties": {}, "geometry": {"type": "LineString", "coordinates": [[77.63928, 12.93313], [77.64204, 12.93617], [77.63676, 12.93935]]}}, {"type": "Feature", "properties": {}, "geometry": {"type": "LineString", "coordinates": [[77.63676, 12.93935], [77.64031, 12.94569]]}}, {"type": "Feature", "properties": {}, "geometry": {"type": "LineString", "coordinates": [[77.64188, 12.94528], [77.64038, 12.94583]]}}, {"type": "Feature", "properties": {}, "geometry": {"type": "LineString", "coordinates": [[77.63903, 12.9267], [77.6395, 12.92655]]}}, {"type": "Feature", "properties": {}, "geometry": {"type": "LineString", "coordinates": [[77.63788, 12.9303], [77.63842, 12.93142]]}}, {"type": "Feature", "properties": {}, "geometry": {"type": "LineString", "coordinates": [[77.63842, 12.93142], [77.63847, 12.93152]]}}, {"type": "Feature", "properties": {}, "geometry": {"type": "LineString", "coordinates": [[77.64031, 12.94569], [77.64188, 12.94511]]}}, {"type": "Feature", "properties": {}, "geometry": {"type": "LineString", "coordinates": [[77.64188, 12.94511], [77.64188, 12.94528]]}}, {"type": "Feature", "properties": {}, "geometry": {"type": "LineString", "coordinates": [[77.64038, 12.94583], [77.64046, 12.94614]]}}, {"type": "Feature", "properties": {}, "geometry": {"type": "LineString", "coordinates": [[77.48769, 12.97559], [77.4879, 12.97492], [77.48776, 12.97253]]}}, {"type": "Feature", "properties": {}, "geometry": {"type": "LineString", "coordinates": [[77.48776, 12.97253], [77.48804, 12.97101]]}}, {"type": "Feature", "properties": {}, "geometry": {"type": "LineString", "coordinates": [[77.4906, 12.97665], [77.48949, 12.9767], [77.48957, 12.97758], [77.48904, 12.97765]]}}, {"type": "Feature", "properties": {}, "geometry": {"type": "LineString", "coordinates": [[77.48815, 12.96763], [77.48777, 12.96911], [77.48804, 12.97101]]}}, {"type": "Feature", "properties": {}, "geometry": {"type": "LineString", "coordinates": [[77.48815, 12.96763], [77.48777, 12.96626]]}}, {"type": "Feature", "properties": {}, "geometry": {"type": "LineString", "coordinates": [[77.64124, 12.94536], [77.64126, 12.94445]]}}, {"type": "Feature", "properties": {}, "geometry": {"type": "LineString", "coordinates": [[77.51109, 12.99715], [77.5104, 12.99328], [77.50608, 12.99234], [77.49863, 12.98981]]}}, {"type": "Feature", "properties": {}, "geometry": {"type": "LineString", "coordinates": [[77.49939, 12.99008], [77.4993, 12.99262], [77.50016, 12.99549]]}}, {"type": "Feature", "properties": {}, "geometry": {"type": "LineString", "coordinates": [[77.50031, 12.99613], [77.49902, 12.99663]]}}, {"type": "Feature", "properties": {}, "geometry": {"type": "LineString", "coordinates": [[77.62867, 13.05387], [77.62864, 13.05377]]}}, {"type": "Feature", "properties": {}, "geometry": {"type": "LineString", "coordinates": [[77.62917, 13.05372], [77.62867, 13.05387]]}}, {"type": "Feature", "properties": {}, "geometry": {"type": "LineString", "coordinates": [[77.62867, 13.05387], [77.62871, 13.05391]]}}, {"type": "Feature", "properties": {}, "geometry": {"type": "LineString", "coordinates": [[77.63129, 13.05303], [77.62964, 13.05358]]}}, {"type": "Feature", "properties": {}, "geometry": {"type": "LineString", "coordinates": [[77.55561, 13.08652], [77.55414, 13.08668]]}}, {"type": "Feature", "properties": {}, "geometry": {"type": "LineString", "coordinates": [[77.55568, 13.08648], [77.55561, 13.08652]]}}, {"type": "Feature", "properties": {}, "geometry": {"type": "LineString", "coordinates": [[77.55568, 13.08645], [77.55557, 13.08603], [77.55506, 13.08582]]}}, {"type": "Feature", "properties": {}, "geometry": {"type": "LineString", "coordinates": [[77.55566, 13.08807], [77.55568, 13.08645]]}}, {"type": "Feature", "properties": {}, "geometry": {"type": "LineString", "coordinates": [[77.62233, 13.05823], [77.62208, 13.05837]]}}, {"type": "Feature", "properties": {}, "geometry": {"type": "LineString", "coordinates": [[77.64683, 13.02311], [77.64647, 13.02329]]}}, {"type": "Feature", "properties": {}, "geometry": {"type": "LineString", "coordinates": [[77.63468, 13.10258], [77.63414, 13.10561]]}}, {"type": "Feature", "properties": {}, "geometry": {"type": "LineString", "coordinates": [[77.63493, 13.10177], [77.63475, 13.1024]]}}, {"type": "Feature", "properties": {}, "geometry": {"type": "LineString", "coordinates": [[77.63589, 13.10151], [77.63493, 13.10177]]}}, {"type": "Feature", "properties": {}, "geometry": {"type": "LineString", "coordinates": [[77.63411, 13.10575], [77.63356, 13.10879], [77.6338, 13.11054]]}}, {"type": "Feature", "properties": {}, "geometry": {"type": "LineString", "coordinates": [[77.6338, 13.11054], [77.63369, 13.11061]]}}, {"type": "Feature", "properties": {}, "geometry": {"type": "LineString", "coordinates": [[77.63407, 13.10586], [77.63353, 13.10879], [77.63365, 13.10988]]}}, {"type": "Feature", "properties": {}, "geometry": {"type": "LineString", "coordinates": [[77.6338, 13.11072], [77.63417, 13.11163]]}}, {"type": "Feature", "properties": {}, "geometry": {"type": "LineString", "coordinates": [[77.63365, 13.10988], [77.63376, 13.11054]]}}, {"type": "Feature", "properties": {}, "geometry": {"type": "LineString", "coordinates": [[77.62838, 13.06309], [77.62831, 13.06316]]}}, {"type": "Feature", "properties": {}, "geometry": {"type": "LineString", "coordinates": [[77.62955, 13.06192], [77.62951, 13.06196]]}}, {"type": "Feature", "properties": {}, "geometry": {"type": "LineString", "coordinates": [[77.629, 13.06087], [77.62922, 13.06136]]}}, {"type": "Feature", "properties": {}, "geometry": {"type": "LineString", "coordinates": [[77.62831, 13.06316], [77.62813, 13.06331]]}}, {"type": "Feature", "properties": {}, "geometry": {"type": "LineString", "coordinates": [[77.62827, 13.06306], [77.62823, 13.06295]]}}, {"type": "Feature", "properties": {}, "geometry": {"type": "LineString", "coordinates": [[77.62831, 13.06316], [77.62827, 13.06306]]}}, {"type": "Feature", "properties": {}, "geometry": {"type": "LineString", "coordinates": [[77.62951, 13.06196], [77.62948, 13.06192]]}}, {"type": "Feature", "properties": {}, "geometry": {"type": "LineString", "coordinates": [[77.63362, 13.0667], [77.6336, 13.06473]]}}, {"type": "Feature", "properties": {}, "geometry": {"type": "LineString", "coordinates": [[77.6332, 13.07427], [77.63279, 13.07308]]}}, {"type": "Feature", "properties": {}, "geometry": {"type": "LineString", "coordinates": [[77.63363, 13.07423], [77.6332, 13.07427]]}}, {"type": "Feature", "properties": {}, "geometry": {"type": "LineString", "coordinates": [[77.63366, 13.07419], [77.63363, 13.07423]]}}, {"type": "Feature", "properties": {}, "geometry": {"type": "LineString", "coordinates": [[77.62167, 13.12154], [77.62512, 13.12168]]}}, {"type": "Feature", "properties": {}, "geometry": {"type": "LineString", "coordinates": [[77.61944, 13.12135], [77.62092, 13.12151]]}}, {"type": "Feature", "properties": {}, "geometry": {"type": "LineString", "coordinates": [[77.61883, 13.12129], [77.61847, 13.12126]]}}, {"type": "Feature", "properties": {}, "geometry": {"type": "LineString", "coordinates": [[77.61944, 13.12135], [77.61883, 13.12129]]}}, {"type": "Feature", "properties": {}, "geometry": {"type": "LineString", "coordinates": [[77.63065, 13.12191], [77.63094, 13.12155]]}}, {"type": "Feature", "properties": {}, "geometry": {"type": "LineString", "coordinates": [[77.62602, 13.12178], [77.63044, 13.12212], [77.63065, 13.12191]]}}, {"type": "Feature", "properties": {}, "geometry": {"type": "LineString", "coordinates": [[77.65464, 13.03559], [77.65491, 13.03664]]}}, {"type": "Feature", "properties": {}, "geometry": {"type": "LineString", "coordinates": [[77.65438, 13.03422], [77.65464, 13.03559]]}}, {"type": "Feature", "properties": {}, "geometry": {"type": "LineString", "coordinates": [[77.58037, 13.13058], [77.57984, 13.13167]]}}, {"type": "Feature", "properties": {}, "geometry": {"type": "LineString", "coordinates": [[77.57603, 13.13129], [77.57661, 13.13118]]}}, {"type": "Feature", "properties": {}, "geometry": {"type": "LineString", "coordinates": [[77.576, 13.13129], [77.57535, 13.13119]]}}, {"type": "Feature", "properties": {}, "geometry": {"type": "LineString", "coordinates": [[77.55734, 13.09069], [77.55701, 13.09048]]}}, {"type": "Feature", "properties": {}, "geometry": {"type": "LineString", "coordinates": [[77.55662, 13.09066], [77.55638, 13.09204], [77.55596, 13.09264]]}}, {"type": "Feature", "properties": {}, "geometry": {"type": "LineString", "coordinates": [[77.55546, 13.09293], [77.55596, 13.09264]]}}, {"type": "Feature", "properties": {}, "geometry": {"type": "LineString", "coordinates": [[77.55535, 13.093], [77.55546, 13.09293]]}}, {"type": "Feature", "properties": {}, "geometry": {"type": "LineString", "coordinates": [[77.55489, 13.09367], [77.55461, 13.0941]]}}, {"type": "Feature", "properties": {}, "geometry": {"type": "LineString", "coordinates": [[77.55535, 13.093], [77.55489, 13.09367]]}}, {"type": "Feature", "properties": {}, "geometry": {"type": "LineString", "coordinates": [[77.63381, 13.07757], [77.63412, 13.08014]]}}, {"type": "Feature", "properties": {}, "geometry": {"type": "LineString", "coordinates": [[77.6342, 13.08056], [77.63485, 13.0847]]}}, {"type": "Feature", "properties": {}, "geometry": {"type": "LineString", "coordinates": [[77.63373, 13.07757], [77.63381, 13.0782]]}}, {"type": "Feature", "properties": {}, "geometry": {"type": "LineString", "coordinates": [[77.63393, 13.07926], [77.63381, 13.0782]]}}, {"type": "Feature", "properties": {}, "geometry": {"type": "LineString", "coordinates": [[77.63393, 13.07933], [77.63409, 13.08014]]}}, {"type": "Feature", "properties": {}, "geometry": {"type": "LineString", "coordinates": [[77.63413, 13.08059], [77.63416, 13.08084]]}}, {"type": "Feature", "properties": {}, "geometry": {"type": "LineString", "coordinates": [[77.63416, 13.08084], [77.63466, 13.0839]]}}, {"type": "Feature", "properties": {}, "geometry": {"type": "LineString", "coordinates": [[77.63466, 13.0839], [77.63478, 13.0846]]}}, {"type": "Feature", "properties": {}, "geometry": {"type": "LineString", "coordinates": [[77.63478, 13.0846], [77.63478, 13.0847]]}}, {"type": "Feature", "properties": {}, "geometry": {"type": "LineString", "coordinates": [[77.55687, 13.09034], [77.55628, 13.08951]]}}, {"type": "Feature", "properties": {}, "geometry": {"type": "LineString", "coordinates": [[77.55628, 13.08951], [77.55577, 13.08867]]}}, {"type": "Feature", "properties": {}, "geometry": {"type": "LineString", "coordinates": [[77.55577, 13.08867], [77.55566, 13.08807]]}}, {"type": "Feature", "properties": {}, "geometry": {"type": "LineString", "coordinates": [[77.64683, 13.02311], [77.64805, 13.0226]]}}, {"type": "Feature", "properties": {}, "geometry": {"type": "LineString", "coordinates": [[77.64337, 13.02465], [77.64344, 13.02504]]}}, {"type": "Feature", "properties": {}, "geometry": {"type": "LineString", "coordinates": [[77.64119, 13.02563], [77.64112, 13.02566]]}}, {"type": "Feature", "properties": {}, "geometry": {"type": "LineString", "coordinates": [[77.64337, 13.02465], [77.64312, 13.02476]]}}, {"type": "Feature", "properties": {}, "geometry": {"type": "LineString", "coordinates": [[77.64683, 13.02311], [77.64687, 13.02321]]}}, {"type": "Feature", "properties": {}, "geometry": {"type": "LineString", "coordinates": [[77.6504, 13.02156], [77.6507, 13.02219]]}}, {"type": "Feature", "properties": {}, "geometry": {"type": "LineString", "coordinates": [[77.64337, 13.02469], [77.64383, 13.02447]]}}, {"type": "Feature", "properties": {}, "geometry": {"type": "LineString", "coordinates": [[77.63586, 13.09166], [77.63602, 13.09651], [77.63572, 13.09877], [77.6351, 13.10106]]}}, {"type": "Feature", "properties": {}, "geometry": {"type": "LineString", "coordinates": [[77.57018, 13.11449], [77.57044, 13.11449]]}}, {"type": "Feature", "properties": {}, "geometry": {"type": "LineString", "coordinates": [[77.56975, 13.11446], [77.56939, 13.11443]]}}, {"type": "Feature", "properties": {}, "geometry": {"type": "LineString", "coordinates": [[77.56825, 13.11441], [77.56596, 13.11524], [77.56566, 13.11426]]}}, {"type": "Feature", "properties": {}, "geometry": {"type": "LineString", "coordinates": [[77.56571, 13.10834], [77.56539, 13.10891]]}}, {"type": "Feature", "properties": {}, "geometry": {"type": "LineString", "coordinates": [[77.5704, 13.11453], [77.56975, 13.11446]]}}, {"type": "Feature", "properties": {}, "geometry": {"type": "LineString", "coordinates": [[77.63279, 13.05946], [77.63285, 13.05872]]}}, {"type": "Feature", "properties": {}, "geometry": {"type": "LineString", "coordinates": [[77.64198, 13.06946], [77.6419, 13.06918]]}}, {"type": "Feature", "properties": {}, "geometry": {"type": "LineString", "coordinates": [[77.65051, 13.03792], [77.65341, 13.03768]]}}, {"type": "Feature", "properties": {}, "geometry": {"type": "LineString", "coordinates": [[77.64112, 13.02566], [77.64062, 13.02588]]}}, {"type": "Feature", "properties": {}, "geometry": {"type": "LineString", "coordinates": [[77.63818, 13.02643], [77.63764, 13.02654]]}}, {"type": "Feature", "properties": {}, "geometry": {"type": "LineString", "coordinates": [[77.57197, 13.13031], [77.57373, 13.13121], [77.5751, 13.13116]]}}, {"type": "Feature", "properties": {}, "geometry": {"type": "LineString", "coordinates": [[77.57157, 13.1301], [77.57197, 13.13031]]}}, {"type": "Feature", "properties": {}, "geometry": {"type": "LineString", "coordinates": [[77.65349, 13.03152], [77.65334, 13.03099]]}}, {"type": "Feature", "properties": {}, "geometry": {"type": "LineString", "coordinates": [[77.62167, 13.12154], [77.62092, 13.12151]]}}, {"type": "Feature", "properties": {}, "geometry": {"type": "LineString", "coordinates": [[77.61743, 13.12116], [77.61844, 13.12126]]}}, {"type": "Feature", "properties": {}, "geometry": {"type": "LineString", "coordinates": [[77.6253, 13.12171], [77.62591, 13.12174]]}}, {"type": "Feature", "properties": {}, "geometry": {"type": "LineString", "coordinates": [[77.6253, 13.12171], [77.62512, 13.12168]]}}, {"type": "Feature", "properties": {}, "geometry": {"type": "LineString", "coordinates": [[77.49902, 12.99663], [77.49827, 12.99695]]}}, {"type": "Feature", "properties": {}, "geometry": {"type": "LineString", "coordinates": [[77.50016, 12.99549], [77.50031, 12.99602]]}}, {"type": "Feature", "properties": {}, "geometry": {"type": "LineString", "coordinates": [[77.50031, 12.99602], [77.50034, 12.99609]]}}, {"type": "Feature", "properties": {}, "geometry": {"type": "LineString", "coordinates": [[77.50031, 12.99613], [77.50034, 12.99609]]}}, {"type": "Feature", "properties": {}, "geometry": {"type": "LineString", "coordinates": [[77.49827, 12.99695], [77.49781, 12.99706]]}}, {"type": "Feature", "properties": {}, "geometry": {"type": "LineString", "coordinates": [[77.49781, 12.99706], [77.4973, 12.9964]]}}, {"type": "Feature", "properties": {}, "geometry": {"type": "LineString", "coordinates": [[77.4973, 12.9964], [77.49693, 12.99591]]}}, {"type": "Feature", "properties": {}, "geometry": {"type": "LineString", "coordinates": [[77.49693, 12.99591], [77.49618, 12.99631]]}}, {"type": "Feature", "properties": {}, "geometry": {"type": "LineString", "coordinates": [[77.49618, 12.99631], [77.49586, 12.99578]]}}, {"type": "Feature", "properties": {}, "geometry": {"type": "LineString", "coordinates": [[77.48949, 12.99802], [77.49046, 12.99802]]}}, {"type": "Feature", "properties": {}, "geometry": {"type": "LineString", "coordinates": [[77.48981, 12.99809], [77.48981, 12.9982]]}}, {"type": "Feature", "properties": {}, "geometry": {"type": "LineString", "coordinates": [[77.48981, 12.9982], [77.48985, 12.99851]]}}, {"type": "Feature", "properties": {}, "geometry": {"type": "LineString", "coordinates": [[77.48949, 12.99802], [77.48977, 12.997], [77.48961, 12.99602]]}}, {"type": "Feature", "properties": {}, "geometry": {"type": "LineString", "coordinates": [[77.48961, 12.99602], [77.48939, 12.99518]]}}, {"type": "Feature", "properties": {}, "geometry": {"type": "LineString", "coordinates": [[77.48939, 12.99518], [77.4888, 12.9937]]}}, {"type": "Feature", "properties": {}, "geometry": {"type": "LineString", "coordinates": [[77.48763, 12.99157], [77.48674, 12.99175]]}}, {"type": "Feature", "properties": {}, "geometry": {"type": "LineString", "coordinates": [[77.48674, 12.99175], [77.48623, 12.99186]]}}, {"type": "Feature", "properties": {}, "geometry": {"type": "LineString", "coordinates": [[77.48623, 12.99186], [77.4852, 12.99215]]}}, {"type": "Feature", "properties": {}, "geometry": {"type": "LineString", "coordinates": [[77.48523, 12.99215], [77.48512, 12.99163]]}}, {"type": "Feature", "properties": {}, "geometry": {"type": "LineString", "coordinates": [[77.48512, 12.99163], [77.48513, 12.98874]]}}, {"type": "Feature", "properties": {}, "geometry": {"type": "LineString", "coordinates": [[77.49863, 12.98981], [77.49103, 12.98717]]}}, {"type": "Feature", "properties": {}, "geometry": {"type": "LineString", "coordinates": [[77.49265, 12.98772], [77.49278, 12.98955], [77.4925, 12.99008], [77.48909, 12.99078], [77.4873, 12.99044], [77.48749, 12.99143], [77.48828, 12.99237], [77.48946, 12.99532], [77.48973, 12.997], [77.48963, 12.99778], [77.48872, 12.99969], [77.48828, 13.0024]]}}, {"type": "Feature", "properties": {}, "geometry": {"type": "LineString", "coordinates": [[77.63613, 12.96149], [77.63613, 12.96156]]}}, {"type": "Feature", "properties": {}, "geometry": {"type": "LineString", "coordinates": [[77.53642, 12.86905], [77.53416, 12.86911]]}}, {"type": "Feature", "properties": {}, "geometry": {"type": "LineString", "coordinates": [[77.53642, 12.86905], [77.53864, 12.87199], [77.53936, 12.87244]]}}, {"type": "Feature", "properties": {}, "geometry": {"type": "LineString", "coordinates": [[77.62475, 12.8818], [77.62458, 12.87958], [77.62397, 12.87952], [77.62393, 12.87913], [77.62039, 12.87941], [77.62019, 12.8779], [77.61919, 12.87798], [77.61908, 12.87756], [77.61818, 12.87736], [77.61762, 12.87599], [77.61691, 12.87607], [77.61663, 12.87312]]}}, {"type": "Feature", "properties": {}, "geometry": {"type": "LineString", "coordinates": [[77.61663, 12.87312], [77.61614, 12.86784], [77.61668, 12.86777], [77.61712, 12.8685], [77.61962, 12.86806], [77.61947, 12.86728], [77.62058, 12.8671], [77.61956, 12.86584], [77.61656, 12.86372]]}}, {"type": "Feature", "properties": {}, "geometry": {"type": "LineString", "coordinates": [[77.59955, 12.85928], [77.59855, 12.85933], [77.59833, 12.85905], [77.59518, 12.8595], [77.59453, 12.85859], [77.59249, 12.85911], [77.59241, 12.85872], [77.59033, 12.85895], [77.58904, 12.85851]]}}, {"type": "Feature", "properties": {}, "geometry": {"type": "LineString", "coordinates": [[77.59976, 12.86167], [77.59955, 12.85928]]}}, {"type": "Feature", "properties": {}, "geometry": {"type": "LineString", "coordinates": [[77.67285, 12.89208], [77.67357, 12.89204], [77.67372, 12.8925]]}}, {"type": "Feature", "properties": {}, "geometry": {"type": "LineString", "coordinates": [[77.67413, 12.8937], [77.67535, 12.8973], [77.67572, 12.9025], [77.67819, 12.90177], [77.67868, 12.90363], [77.68011, 12.90351], [77.68019, 12.90443], [77.68195, 12.90434], [77.68212, 12.90705], [77.68264, 12.9088], [77.68372, 12.90861], [77.68445, 12.91077]]}}, {"type": "Feature", "properties": {}, "geometry": {"type": "LineString", "coordinates": [[77.68445, 12.91077], [77.68446, 12.91079]]}}, {"type": "Feature", "properties": {}, "geometry": {"type": "LineString", "coordinates": [[77.68446, 12.91079], [77.6851, 12.91053]]}}, {"type": "Feature", "properties": {}, "geometry": {"type": "LineString", "coordinates": [[77.6855, 12.9113], [77.68642, 12.91316], [77.68735, 12.91266], [77.68793, 12.91325], [77.68804, 12.91392], [77.68861, 12.91377], [77.68892, 12.91514], [77.68917, 12.91531], [77.69631, 12.91605], [77.69868, 12.9155]]}}, {"type": "Feature", "properties": {}, "geometry": {"type": "LineString", "coordinates": [[77.67405, 12.89376], [77.6714, 12.89371], [77.6717, 12.89501], [77.67102, 12.89505], [77.66941, 12.89595], [77.66817, 12.89716], [77.66718, 12.89861], [77.66708, 12.89921], [77.6669, 12.89921], [77.66703, 12.90087], [77.66606, 12.90084], [77.66588, 12.90102], [77.66611, 12.90292], [77.66637, 12.90341], [77.66602, 12.90418], [77.66618, 12.90538], [77.66579, 12.90609], [77.66592, 12.90784], [77.66552, 12.90788], [77.66564, 12.90887], [77.6659, 12.90967], [77.6671, 12.91146], [77.667, 12.91163], [77.66861, 12.91517], [77.66747, 12.91568], [77.66754, 12.91589], [77.66872, 12.91869], [77.66951, 12.91851], [77.67013, 12.91955]]}}, {"type": "Feature", "properties": {}, "geometry": {"type": "LineString", "coordinates": [[77.67013, 12.91955], [77.6709, 12.92095], [77.67173, 12.92158], [77.6725, 12.92291], [77.674, 12.92275], [77.67405, 12.92381], [77.67383, 12.92374], [77.67377, 12.9243]]}}, {"type": "Feature", "properties": {}, "geometry": {"type": "LineString", "coordinates": [[77.65248, 12.88173], [77.65187, 12.88233], [77.65133, 12.88199], [77.64933, 12.88264], [77.64984, 12.88302], [77.64962, 12.88324], [77.6493, 12.88299], [77.64873, 12.88363]]}}, {"type": "Feature", "properties": {}, "geometry": {"type": "LineString", "coordinates": [[77.64873, 12.88363], [77.64859, 12.88371], [77.64884, 12.88384], [77.64904, 12.88592]]}}, {"type": "Feature", "properties": {}, "geometry": {"type": "LineString", "coordinates": [[77.6855, 12.9113], [77.6851, 12.91053]]}}, {"type": "Feature", "properties": {}, "geometry": {"type": "LineString", "coordinates": [[77.59976, 12.86167], [77.59994, 12.86171]]}}, {"type": "Feature", "properties": {}, "geometry": {"type": "LineString", "coordinates": [[77.59976, 12.86167], [77.59994, 12.86171]]}}, {"type": "Feature", "properties": {}, "geometry": {"type": "LineString", "coordinates": [[77.62475, 12.8818], [77.62475, 12.88205]]}}, {"type": "Feature", "properties": {}, "geometry": {"type": "LineString", "coordinates": [[77.58904, 12.85851], [77.58897, 12.85851]]}}, {"type": "Feature", "properties": {}, "geometry": {"type": "LineString", "coordinates": [[77.59994, 12.86171], [77.60624, 12.86094], [77.60627, 12.8601], [77.61125, 12.85955], [77.61106, 12.85875], [77.61185, 12.85867]]}}, {"type": "Feature", "properties": {}, "geometry": {"type": "LineString", "coordinates": [[77.61656, 12.86372], [77.61638, 12.86362]]}}, {"type": "Feature", "properties": {}, "geometry": {"type": "LineString", "coordinates": [[77.61638, 12.86362], [77.61497, 12.86265]]}}, {"type": "Feature", "properties": {}, "geometry": {"type": "LineString", "coordinates": [[77.61469, 12.86237], [77.61313, 12.86108], [77.61185, 12.85867]]}}, {"type": "Feature", "properties": {}, "geometry": {"type": "LineString", "coordinates": [[77.61469, 12.86237], [77.61497, 12.86265]]}}, {"type": "Feature", "properties": {}, "geometry": {"type": "LineString", "coordinates": [[77.65248, 12.88173], [77.65356, 12.88278]]}}, {"type": "Feature", "properties": {}, "geometry": {"type": "LineString", "coordinates": [[77.67377, 12.9243], [77.67334, 12.92462]]}}, {"type": "Feature", "properties": {}, "geometry": {"type": "LineString", "coordinates": [[77.6856, 12.91021], [77.68913, 12.90884], [77.69547, 12.90719]]}}, {"type": "Feature", "properties": {}, "geometry": {"type": "LineString", "coordinates": [[77.68521, 12.91039], [77.68521, 12.91036]]}}, {"type": "Feature", "properties": {}, "geometry": {"type": "LineString", "coordinates": [[77.68521, 12.91036], [77.6856, 12.91021]]}}, {"type": "Feature", "properties": {}, "geometry": {"type": "LineString", "coordinates": [[77.69868, 12.9155], [77.69847, 12.91279], [77.69791, 12.91107]]}}, {"type": "Feature", "properties": {}, "geometry": {"type": "LineString", "coordinates": [[77.69902, 12.91067], [77.69939, 12.91144], [77.70099, 12.91079], [77.70144, 12.91219]]}}, {"type": "Feature", "properties": {}, "geometry": {"type": "LineString", "coordinates": [[77.69848, 12.91082], [77.69914, 12.91225]]}}, {"type": "Feature", "properties": {}, "geometry": {"type": "LineString", "coordinates": [[77.69855, 12.91085], [77.69896, 12.91176]]}}, {"type": "Feature", "properties": {}, "geometry": {"type": "LineString", "coordinates": [[77.6981, 12.91564], [77.6966, 12.91601], [77.69322, 12.91559]]}}, {"type": "Feature", "properties": {}, "geometry": {"type": "LineString", "coordinates": [[77.69868, 12.9155], [77.69901, 12.91662], [77.69699, 12.91889]]}}, {"type": "Feature", "properties": {}, "geometry": {"type": "LineString", "coordinates": [[77.69848, 12.91082], [77.7017, 12.90969], [77.70184, 12.90994], [77.70471, 12.90906]]}}, {"type": "Feature", "properties": {}, "geometry": {"type": "LineString", "coordinates": [[77.69909, 12.91067], [77.7017, 12.90973], [77.70262, 12.91173]]}}, {"type": "Feature", "properties": {}, "geometry": {"type": "LineString", "coordinates": [[77.69855, 12.91085], [77.69909, 12.91067]]}}, {"type": "Feature", "properties": {}, "geometry": {"type": "LineString", "coordinates": [[77.65484, 12.86816], [77.65366, 12.86961]]}}, {"type": "Feature", "properties": {}, "geometry": {"type": "LineString", "coordinates": [[77.65366, 12.86961], [77.65357, 12.86972]]}}, {"type": "Feature", "properties": {}, "geometry": {"type": "LineString", "coordinates": [[77.65403, 12.87232], [77.65405, 12.87095], [77.6544, 12.8707], [77.65842, 12.87037]]}}, {"type": "Feature", "properties": {}, "geometry": {"type": "LineString", "coordinates": [[77.65407, 12.87327], [77.65403, 12.87232]]}}, {"type": "Feature", "properties": {}, "geometry": {"type": "LineString", "coordinates": [[77.65343, 12.87], [77.65346, 12.8699]]}}, {"type": "Feature", "properties": {}, "geometry": {"type": "LineString", "coordinates": [[77.6552, 12.88118], [77.65481, 12.87801]]}}, {"type": "Feature", "properties": {}, "geometry": {"type": "LineString", "coordinates": [[77.65481, 12.878], [77.6548, 12.87794]]}}, {"type": "Feature", "properties": {}, "geometry": {"type": "LineString", "coordinates": [[77.66757, 12.87408], [77.66843, 12.8745]]}}, {"type": "Feature", "properties": {}, "geometry": {"type": "LineString", "coordinates": [[77.66119, 12.87133], [77.66757, 12.87408]]}}, {"type": "Feature", "properties": {}, "geometry": {"type": "LineString", "coordinates": [[77.66757, 12.87408], [77.66757, 12.87405]]}}, {"type": "Feature", "properties": {}, "geometry": {"type": "LineString", "coordinates": [[77.66843, 12.8745], [77.66847, 12.87446]]}}, {"type": "Feature", "properties": {}, "geometry": {"type": "LineString", "coordinates": [[77.58911, 12.85861], [77.58911, 12.85865]]}}, {"type": "Feature", "properties": {}, "geometry": {"type": "LineString", "coordinates": [[77.58911, 12.85861], [77.58911, 12.85858]]}}, {"type": "Feature", "properties": {}, "geometry": {"type": "LineString", "coordinates": [[77.58907, 12.85854], [77.58911, 12.85861]]}}, {"type": "Feature", "properties": {}, "geometry": {"type": "LineString", "coordinates": [[77.59972, 12.86181], [77.59984, 12.8629], [77.5996, 12.86358]]}}, {"type": "Feature", "properties": {}, "geometry": {"type": "LineString", "coordinates": [[77.66703, 12.91473], [77.66633, 12.91333], [77.66557, 12.9126]]}}, {"type": "Feature", "properties": {}, "geometry": {"type": "LineString", "coordinates": [[77.68521, 12.91036], [77.68442, 12.91054]]}}, {"type": "Feature", "properties": {}, "geometry": {"type": "LineString", "coordinates": [[77.67572, 12.90254], [77.67592, 12.90412]]}}, {"type": "Feature", "properties": {}, "geometry": {"type": "LineString", "coordinates": [[77.67592, 12.90412], [77.67566, 12.90711], [77.67585, 12.90785]]}}, {"type": "Feature", "properties": {}, "geometry": {"type": "LineString", "coordinates": [[77.67576, 12.90247], [77.67579, 12.90243]]}}, {"type": "Feature", "properties": {}, "geometry": {"type": "LineString", "coordinates": [[77.67626, 12.90929], [77.67633, 12.90886], [77.67585, 12.90785]]}}, {"type": "Feature", "properties": {}, "geometry": {"type": "LineString", "coordinates": [[77.66707, 12.9148], [77.66754, 12.9156]]}}, {"type": "Feature", "properties": {}, "geometry": {"type": "LineString", "coordinates": [[77.67569, 12.90247], [77.67576, 12.90247]]}}, {"type": "Feature", "properties": {}, "geometry": {"type": "LineString", "coordinates": [[77.6524, 12.88173], [77.65374, 12.87883]]}}, {"type": "Feature", "properties": {}, "geometry": {"type": "LineString", "coordinates": [[77.58911, 12.85861], [77.58911, 12.85865]]}}, {"type": "Feature", "properties": {}, "geometry": {"type": "LineString", "coordinates": [[77.58911, 12.85861], [77.58911, 12.85858]]}}, {"type": "Feature", "properties": {}, "geometry": {"type": "LineString", "coordinates": [[77.66955, 12.91868], [77.67051, 12.91828]]}}, {"type": "Feature", "properties": {}, "geometry": {"type": "LineString", "coordinates": [[77.69667, 12.91932], [77.69551, 12.92116], [77.6948, 12.9249], [77.69471, 12.92722]]}}, {"type": "Feature", "properties": {}, "geometry": {"type": "LineString", "coordinates": [[77.65335, 12.86962], [77.65332, 12.86951]]}}, {"type": "Feature", "properties": {}, "geometry": {"type": "LineString", "coordinates": [[77.70563, 12.90863], [77.70563, 12.90867]]}}, {"type": "Feature", "properties": {}, "geometry": {"type": "LineString", "coordinates": [[77.69547, 12.90719], [77.69883, 12.90617], [77.70284, 12.90404]]}}, {"type": "Feature", "properties": {}, "geometry": {"type": "LineString", "coordinates": [[77.70322, 12.90383], [77.70379, 12.90353]]}}, {"type": "Feature", "properties": {}, "geometry": {"type": "LineString", "coordinates": [[77.70403, 12.90344], [77.7051, 12.90621]]}}, {"type": "Feature", "properties": {}, "geometry": {"type": "LineString", "coordinates": [[77.65254, 12.88127], [77.6523, 12.88198], [77.6518, 12.88241]]}}, {"type": "Feature", "properties": {}, "geometry": {"type": "LineString", "coordinates": [[77.65276, 12.86822], [77.64956, 12.86754], [77.64763, 12.86749], [77.64723, 12.8669], [77.64658, 12.86705]]}}, {"type": "Feature", "properties": {}, "geometry": {"type": "LineString", "coordinates": [[77.64293, 12.86736], [77.64171, 12.86738]]}}, {"type": "Feature", "properties": {}, "geometry": {"type": "LineString", "coordinates": [[77.64293, 12.86736], [77.64637, 12.86712]]}}, {"type": "Feature", "properties": {}, "geometry": {"type": "LineString", "coordinates": [[77.64658, 12.86705], [77.64637, 12.86712]]}}, {"type": "Feature", "properties": {}, "geometry": {"type": "LineString", "coordinates": [[77.65276, 12.86822], [77.6525, 12.86737]]}}, {"type": "Feature", "properties": {}, "geometry": {"type": "LineString", "coordinates": [[77.6547, 12.8683], [77.65506, 12.86788]]}}, {"type": "Feature", "properties": {}, "geometry": {"type": "LineString", "coordinates": [[77.67579, 12.90243], [77.67583, 12.90243]]}}, {"type": "Feature", "properties": {}, "geometry": {"type": "LineString", "coordinates": [[77.67579, 12.90243], [77.67583, 12.9025]]}}, {"type": "Feature", "properties": {}, "geometry": {"type": "LineString", "coordinates": [[77.67583, 12.9025], [77.67572, 12.90254]]}}, {"type": "Feature", "properties": {}, "geometry": {"type": "LineString", "coordinates": [[77.70471, 12.90906], [77.7057, 12.9086]]}}, {"type": "Feature", "properties": {}, "geometry": {"type": "LineString", "coordinates": [[77.65506, 12.86788], [77.6547, 12.86795], [77.65488, 12.86774]]}}, {"type": "Feature", "properties": {}, "geometry": {"type": "LineString", "coordinates": [[77.65499, 12.86517], [77.65544, 12.86699]]}}, {"type": "Feature", "properties": {}, "geometry": {"type": "LineString", "coordinates": [[77.705, 12.91005], [77.7054, 12.90994], [77.70532, 12.90969]]}}, {"type": "Feature", "properties": {}, "geometry": {"type": "LineString", "coordinates": [[77.70471, 12.90906], [77.70493, 12.90987]]}}, {"type": "Feature", "properties": {}, "geometry": {"type": "LineString", "coordinates": [[77.70493, 12.90987], [77.705, 12.91005]]}}, {"type": "Feature", "properties": {}, "geometry": {"type": "LineString", "coordinates": [[77.70575, 12.90255], [77.70578, 12.90261], [77.70403, 12.90344]]}}, {"type": "Feature", "properties": {}, "geometry": {"type": "LineString", "coordinates": [[77.66779, 12.91553], [77.66772, 12.91553]]}}, {"type": "Feature", "properties": {}, "geometry": {"type": "LineString", "coordinates": [[77.6525, 12.86737], [77.65064, 12.86444]]}}, {"type": "Feature", "properties": {}, "geometry": {"type": "LineString", "coordinates": [[77.65064, 12.86444], [77.64967, 12.86364]]}}, {"type": "Feature", "properties": {}, "geometry": {"type": "LineString", "coordinates": [[77.64967, 12.86364], [77.64912, 12.86318]]}}, {"type": "Feature", "properties": {}, "geometry": {"type": "LineString", "coordinates": [[77.65276, 12.86822], [77.65332, 12.86951]]}}, {"type": "Feature", "properties": {}, "geometry": {"type": "LineString", "coordinates": [[77.65357, 12.86972], [77.65346, 12.8699]]}}, {"type": "Feature", "properties": {}, "geometry": {"type": "LineString", "coordinates": [[77.65325, 12.87022], [77.653, 12.87004], [77.65335, 12.86962]]}}, {"type": "Feature", "properties": {}, "geometry": {"type": "LineString", "coordinates": [[77.65343, 12.87], [77.65325, 12.87022]]}}, {"type": "Feature", "properties": {}, "geometry": {"type": "LineString", "coordinates": [[77.65325, 12.87022], [77.65251, 12.87121]]}}, {"type": "Feature", "properties": {}, "geometry": {"type": "LineString", "coordinates": [[77.67402, 12.89379], [77.67402, 12.89376]]}}, {"type": "Feature", "properties": {}, "geometry": {"type": "LineString", "coordinates": [[77.66119, 12.87133], [77.66105, 12.8714]]}}, {"type": "Feature", "properties": {}, "geometry": {"type": "LineString", "coordinates": [[77.66105, 12.8714], [77.65842, 12.87037]]}}, {"type": "Feature", "properties": {}, "geometry": {"type": "LineString", "coordinates": [[77.6548, 12.87794], [77.6548, 12.87785]]}}, {"type": "Feature", "properties": {}, "geometry": {"type": "LineString", "coordinates": [[77.6548, 12.87784], [77.65474, 12.87544], [77.65407, 12.87327]]}}, {"type": "Feature", "properties": {}, "geometry": {"type": "LineString", "coordinates": [[77.69699, 12.91889], [77.69667, 12.91932]]}}, {"type": "Feature", "properties": {}, "geometry": {"type": "LineString", "coordinates": [[77.65856, 12.87027], [77.66009, 12.86944]]}}, {"type": "Feature", "properties": {}, "geometry": {"type": "LineString", "coordinates": [[77.67124, 12.8757], [77.67143, 12.8764]]}}, {"type": "Feature", "properties": {}, "geometry": {"type": "LineString", "coordinates": [[77.67143, 12.8764], [77.67188, 12.87851]]}}, {"type": "Feature", "properties": {}, "geometry": {"type": "LineString", "coordinates": [[77.66847, 12.87446], [77.66925, 12.87431], [77.66925, 12.87403], [77.67033, 12.87388]]}}, {"type": "Feature", "properties": {}, "geometry": {"type": "LineString", "coordinates": [[77.66757, 12.87405], [77.66749, 12.87366], [77.66767, 12.87362], [77.66718, 12.87166]]}}, {"type": "Feature", "properties": {}, "geometry": {"type": "LineString", "coordinates": [[77.67033, 12.87388], [77.67033, 12.87384]]}}, {"type": "Feature", "properties": {}, "geometry": {"type": "LineString", "coordinates": [[77.67033, 12.87384], [77.67033, 12.87381]]}}, {"type": "Feature", "properties": {}, "geometry": {"type": "LineString", "coordinates": [[77.59972, 12.86171], [77.59972, 12.86181]]}}, {"type": "Feature", "properties": {}, "geometry": {"type": "LineString", "coordinates": [[77.62475, 12.88205], [77.62496, 12.88451]]}}, {"type": "Feature", "properties": {}, "geometry": {"type": "LineString", "coordinates": [[77.62499, 12.88458], [77.62529, 12.88556]]}}, {"type": "Feature", "properties": {}, "geometry": {"type": "LineString", "coordinates": [[77.6256, 12.88791], [77.62675, 12.8878]]}}, {"type": "Feature", "properties": {}, "geometry": {"type": "LineString", "coordinates": [[77.61774, 12.87638], [77.61766, 12.87638]]}}, {"type": "Feature", "properties": {}, "geometry": {"type": "LineString", "coordinates": [[77.62442, 12.87058], [77.62451, 12.87209], [77.62509, 12.87346]]}}, {"type": "Feature", "properties": {}, "geometry": {"type": "LineString", "coordinates": [[77.62402, 12.87033], [77.62442, 12.87058]]}}, {"type": "Feature", "properties": {}, "geometry": {"type": "LineString", "coordinates": [[77.62927, 12.88144], [77.63306, 12.88098]]}}, {"type": "Feature", "properties": {}, "geometry": {"type": "LineString", "coordinates": [[77.62479, 12.88201], [77.6293, 12.88144]]}}, {"type": "Feature", "properties": {}, "geometry": {"type": "LineString", "coordinates": [[77.63306, 12.88098], [77.63336, 12.88228]]}}, {"type": "Feature", "properties": {}, "geometry": {"type": "LineString", "coordinates": [[77.63336, 12.88228], [77.63383, 12.88262], [77.63518, 12.88465], [77.63513, 12.88673]]}}, {"type": "Feature", "properties": {}, "geometry": {"type": "LineString", "coordinates": [[77.64171, 12.86738], [77.64013, 12.86704], [77.63428, 12.86742]]}}, {"type": "Feature", "properties": {}, "geometry": {"type": "LineString", "coordinates": [[77.63428, 12.86742], [77.63483, 12.87111]]}}, {"type": "Feature", "properties": {}, "geometry": {"type": "LineString", "coordinates": [[77.63483, 12.87118], [77.63483, 12.87111]]}}, {"type": "Feature", "properties": {}, "geometry": {"type": "LineString", "coordinates": [[77.63483, 12.87118], [77.6349, 12.87118]]}}, {"type": "Feature", "properties": {}, "geometry": {"type": "LineString", "coordinates": [[77.62475, 12.88201], [77.62479, 12.88201]]}}, {"type": "Feature", "properties": {}, "geometry": {"type": "LineString", "coordinates": [[77.62513, 12.87349], [77.62509, 12.87346]]}}, {"type": "Feature", "properties": {}, "geometry": {"type": "LineString", "coordinates": [[77.62529, 12.88556], [77.62537, 12.88595]]}}, {"type": "Feature", "properties": {}, "geometry": {"type": "LineString", "coordinates": [[77.62537, 12.88595], [77.6256, 12.88791]]}}, {"type": "Feature", "properties": {}, "geometry": {"type": "LineString", "coordinates": [[77.62499, 12.88458], [77.62496, 12.88451]]}}, {"type": "Feature", "properties": {}, "geometry": {"type": "LineString", "coordinates": [[77.6349, 12.87118], [77.63834, 12.87075], [77.6388, 12.87423]]}}, {"type": "Feature", "properties": {}, "geometry": {"type": "LineString", "coordinates": [[77.62062, 12.86724], [77.62065, 12.86734]]}}, {"type": "Feature", "properties": {}, "geometry": {"type": "LineString", "coordinates": [[77.62467, 12.88088], [77.6246, 12.88092]]}}, {"type": "Feature", "properties": {}, "geometry": {"type": "LineString", "coordinates": [[77.65619, 12.88701], [77.65615, 12.88683]]}}, {"type": "Feature", "properties": {}, "geometry": {"type": "LineString", "coordinates": [[77.65623, 12.88701], [77.6563, 12.88736]]}}, {"type": "Feature", "properties": {}, "geometry": {"type": "LineString", "coordinates": [[77.6563, 12.88736], [77.65685, 12.88834], [77.65689, 12.8889]]}}, {"type": "Feature", "properties": {}, "geometry": {"type": "LineString", "coordinates": [[77.64958, 12.8895], [77.64962, 12.88992], [77.64902, 12.89106]]}}, {"type": "Feature", "properties": {}, "geometry": {"type": "LineString", "coordinates": [[77.64902, 12.89106], [77.64924, 12.89144]]}}, {"type": "Feature", "properties": {}, "geometry": {"type": "LineString", "coordinates": [[77.65363, 12.88221], [77.65254, 12.88127]]}}, {"type": "Feature", "properties": {}, "geometry": {"type": "LineString", "coordinates": [[77.65221, 12.88395], [77.65214, 12.88402]]}}, {"type": "Feature", "properties": {}, "geometry": {"type": "LineString", "coordinates": [[77.65214, 12.88402], [77.65164, 12.88445]]}}, {"type": "Feature", "properties": {}, "geometry": {"type": "LineString", "coordinates": [[77.65164, 12.88445], [77.65107, 12.88491]]}}, {"type": "Feature", "properties": {}, "geometry": {"type": "LineString", "coordinates": [[77.65227, 12.88226], [77.65339, 12.88348], [77.65321, 12.88352]]}}, {"type": "Feature", "properties": {}, "geometry": {"type": "LineString", "coordinates": [[77.64931, 12.88412], [77.64944, 12.88605]]}}, {"type": "Feature", "properties": {}, "geometry": {"type": "LineString", "coordinates": [[77.6518, 12.88241], [77.64987, 12.88302], [77.64937, 12.88359], [77.64931, 12.88412]]}}, {"type": "Feature", "properties": {}, "geometry": {"type": "LineString", "coordinates": [[77.64907, 12.88852], [77.64911, 12.88951]]}}, {"type": "Feature", "properties": {}, "geometry": {"type": "LineString", "coordinates": [[77.64944, 12.88605], [77.64944, 12.88676]]}}, {"type": "Feature", "properties": {}, "geometry": {"type": "LineString", "coordinates": [[77.64944, 12.88676], [77.6496, 12.88771], [77.64907, 12.88852]]}}, {"type": "Feature", "properties": {}, "geometry": {"type": "LineString", "coordinates": [[77.64926, 12.88943], [77.64954, 12.88933], [77.64958, 12.8895]]}}, {"type": "Feature", "properties": {}, "geometry": {"type": "LineString", "coordinates": [[77.67136, 12.89368], [77.66968, 12.89405]]}}, {"type": "Feature", "properties": {}, "geometry": {"type": "LineString", "coordinates": [[77.65623, 12.88701], [77.65619, 12.88701]]}}, {"type": "Feature", "properties": {}, "geometry": {"type": "LineString", "coordinates": [[77.67341, 12.89373], [77.67402, 12.89379]]}}, {"type": "Feature", "properties": {}, "geometry": {"type": "LineString", "coordinates": [[77.66972, 12.89408], [77.6698, 12.89493]]}}, {"type": "Feature", "properties": {}, "geometry": {"type": "LineString", "coordinates": [[77.6698, 12.89493], [77.66905, 12.89525]]}}, {"type": "Feature", "properties": {}, "geometry": {"type": "LineString", "coordinates": [[77.67051, 12.91828], [77.67173, 12.92154]]}}, {"type": "Feature", "properties": {}, "geometry": {"type": "LineString", "coordinates": [[77.67173, 12.92154], [77.67195, 12.9221]]}}, {"type": "Feature", "properties": {}, "geometry": {"type": "LineString", "coordinates": [[77.65615, 12.88683], [77.65615, 12.88673]]}}, {"type": "Feature", "properties": {}, "geometry": {"type": "LineString", "coordinates": [[77.65254, 12.88127], [77.65374, 12.87887], [77.6541, 12.87911], [77.65435, 12.87879], [77.65492, 12.87928]]}}, {"type": "Feature", "properties": {}, "geometry": {"type": "LineString", "coordinates": [[77.67341, 12.89373], [77.67136, 12.89368]]}}, {"type": "Feature", "properties": {}, "geometry": {"type": "LineString", "coordinates": [[77.67402, 12.89379], [77.67402, 12.89376]]}}, {"type": "Feature", "properties": {}, "geometry": {"type": "LineString", "coordinates": [[77.66969, 12.91893], [77.66969, 12.91886]]}}, {"type": "Feature", "properties": {}, "geometry": {"type": "LineString", "coordinates": [[77.66969, 12.91886], [77.66958, 12.91868]]}}, {"type": "Feature", "properties": {}, "geometry": {"type": "LineString", "coordinates": [[77.65221, 12.88395], [77.653, 12.88363]]}}, {"type": "Feature", "properties": {}, "geometry": {"type": "LineString", "coordinates": [[77.65321, 12.88352], [77.653, 12.88363]]}}, {"type": "Feature", "properties": {}, "geometry": {"type": "LineString", "coordinates": [[77.65227, 12.88226], [77.65212, 12.88212]]}}, {"type": "Feature", "properties": {}, "geometry": {"type": "LineString", "coordinates": [[77.65237, 12.88173], [77.6524, 12.88173]]}}, {"type": "Feature", "properties": {}, "geometry": {"type": "LineString", "coordinates": [[77.66968, 12.89405], [77.66968, 12.89408]]}}, {"type": "Feature", "properties": {}, "geometry": {"type": "LineString", "coordinates": [[77.65615, 12.88673], [77.65564, 12.88289], [77.6552, 12.88118]]}}, {"type": "Feature", "properties": {}, "geometry": {"type": "LineString", "coordinates": [[77.65488, 12.86774], [77.65544, 12.86699]]}}, {"type": "Feature", "properties": {}, "geometry": {"type": "LineString", "coordinates": [[77.67195, 12.9221], [77.67213, 12.92235]]}}, {"type": "Feature", "properties": {}, "geometry": {"type": "LineString", "coordinates": [[77.70581, 12.90884], [77.70623, 12.91032], [77.70674, 12.91115], [77.70721, 12.91178], [77.70786, 12.91216], [77.71264, 12.91289], [77.71449, 12.91209]]}}, {"type": "Feature", "properties": {}, "geometry": {"type": "LineString", "coordinates": [[77.69896, 12.91176], [77.69918, 12.91225]]}}, {"type": "Feature", "properties": {}, "geometry": {"type": "LineString", "coordinates": [[77.6523, 12.87146], [77.6512, 12.87284]]}}, {"type": "Feature", "properties": {}, "geometry": {"type": "LineString", "coordinates": [[77.65124, 12.87309], [77.6515, 12.87407]]}}, {"type": "Feature", "properties": {}, "geometry": {"type": "LineString", "coordinates": [[77.65161, 12.87417], [77.6542, 12.87552]]}}, {"type": "Feature", "properties": {}, "geometry": {"type": "LineString", "coordinates": [[77.65428, 12.87584], [77.65432, 12.87654]]}}, {"type": "Feature", "properties": {}, "geometry": {"type": "LineString", "coordinates": [[77.65374, 12.87883], [77.65395, 12.87834], [77.65312, 12.87785], [77.654, 12.8764], [77.65432, 12.87654]]}}, {"type": "Feature", "properties": {}, "geometry": {"type": "LineString", "coordinates": [[77.6542, 12.87552], [77.65428, 12.87584]]}}, {"type": "Feature", "properties": {}, "geometry": {"type": "LineString", "coordinates": [[77.62044, 12.86717], [77.62172, 12.86941], [77.62308, 12.86975], [77.62406, 12.87037]]}}, {"type": "Feature", "properties": {}, "geometry": {"type": "LineString", "coordinates": [[77.61712, 12.87603], [77.61709, 12.87603]]}}, {"type": "Feature", "properties": {}, "geometry": {"type": "LineString", "coordinates": [[77.66754, 12.9156], [77.66772, 12.91553]]}}, {"type": "Feature", "properties": {}, "geometry": {"type": "LineString", "coordinates": [[77.66703, 12.91473], [77.66707, 12.9148]]}}, {"type": "Feature", "properties": {}, "geometry": {"type": "LineString", "coordinates": [[77.69791, 12.91107], [77.69848, 12.91082]]}}, {"type": "Feature", "properties": {}, "geometry": {"type": "LineString", "coordinates": [[77.64912, 12.86318], [77.64865, 12.8628], [77.64751, 12.85933]]}}, {"type": "Feature", "properties": {}, "geometry": {"type": "LineString", "coordinates": [[77.70532, 12.90969], [77.70581, 12.90884]]}}, {"type": "Feature", "properties": {}, "geometry": {"type": "LineString", "coordinates": [[77.65856, 12.87027], [77.65849, 12.87041]]}}, {"type": "Feature", "properties": {}, "geometry": {"type": "LineString", "coordinates": [[77.69471, 12.92718], [77.69475, 12.92718]]}}, {"type": "Feature", "properties": {}, "geometry": {"type": "LineString", "coordinates": [[77.66843, 12.8745], [77.67124, 12.8757]]}}, {"type": "Feature", "properties": {}, "geometry": {"type": "LineString", "coordinates": [[77.7057, 12.9086], [77.70548, 12.90754]]}}, {"type": "Feature", "properties": {}, "geometry": {"type": "LineString", "coordinates": [[77.6981, 12.91564], [77.69857, 12.9155]]}}, {"type": "Feature", "properties": {}, "geometry": {"type": "LineString", "coordinates": [[77.70548, 12.90754], [77.70533, 12.90688]]}}, {"type": "Feature", "properties": {}, "geometry": {"type": "LineString", "coordinates": [[77.70533, 12.90688], [77.7051, 12.90621]]}}, {"type": "Feature", "properties": {}, "geometry": {"type": "LineString", "coordinates": [[77.6515, 12.87407], [77.65161, 12.87417]]}}, {"type": "Feature", "properties": {}, "geometry": {"type": "LineString", "coordinates": [[77.6523, 12.87146], [77.6524, 12.87135]]}}, {"type": "Feature", "properties": {}, "geometry": {"type": "LineString", "coordinates": [[77.65251, 12.87121], [77.6524, 12.87132]]}}, {"type": "Feature", "properties": {}, "geometry": {"type": "LineString", "coordinates": [[77.6524, 12.87135], [77.65291, 12.8717]]}}, {"type": "Feature", "properties": {}, "geometry": {"type": "LineString", "coordinates": [[77.6524, 12.87132], [77.65294, 12.87166]]}}, {"type": "Feature", "properties": {}, "geometry": {"type": "LineString", "coordinates": [[77.55081, 12.88422], [77.55204, 12.88466]]}}, {"type": "Feature", "properties": {}, "geometry": {"type": "LineString", "coordinates": [[77.55204, 12.88466], [77.55207, 12.8847]]}}, {"type": "Feature", "properties": {}, "geometry": {"type": "LineString", "coordinates": [[77.55204, 12.88466], [77.55204, 12.8847]]}}, {"type": "Feature", "properties": {}, "geometry": {"type": "LineString", "coordinates": [[77.55204, 12.8847], [77.55176, 12.88579]]}}, {"type": "Feature", "properties": {}, "geometry": {"type": "LineString", "coordinates": [[77.55207, 12.8847], [77.55675, 12.88592]]}}, {"type": "Feature", "properties": {}, "geometry": {"type": "LineString", "coordinates": [[77.5545, 12.88373], [77.55231, 12.88371], [77.55106, 12.88404]]}}, {"type": "Feature", "properties": {}, "geometry": {"type": "LineString", "coordinates": [[77.5545, 12.88373], [77.55465, 12.88372]]}}, {"type": "Feature", "properties": {}, "geometry": {"type": "LineString", "coordinates": [[77.55106, 12.88404], [77.55815, 12.88626]]}}, {"type": "Feature", "properties": {}, "geometry": {"type": "LineString", "coordinates": [[77.58824, 12.84764], [77.58823, 12.84669]]}}, {"type": "Feature", "properties": {}, "geometry": {"type": "LineString", "coordinates": [[77.58844, 12.85281], [77.58826, 12.84954]]}}, {"type": "Feature", "properties": {}, "geometry": {"type": "LineString", "coordinates": [[77.58911, 12.85865], [77.5904, 12.86191]]}}, {"type": "Feature", "properties": {}, "geometry": {"type": "LineString", "coordinates": [[77.58911, 12.85861], [77.58911, 12.85865]]}}, {"type": "Feature", "properties": {}, "geometry": {"type": "LineString", "coordinates": [[77.59262, 12.86832], [77.59202, 12.86657]]}}, {"type": "Feature", "properties": {}, "geometry": {"type": "LineString", "coordinates": [[77.59202, 12.86657], [77.59166, 12.86548]]}}, {"type": "Feature", "properties": {}, "geometry": {"type": "LineString", "coordinates": [[77.59166, 12.86548], [77.59151, 12.86513]]}}, {"type": "Feature", "properties": {}, "geometry": {"type": "LineString", "coordinates": [[77.59151, 12.86513], [77.59143, 12.86485]]}}, {"type": "Feature", "properties": {}, "geometry": {"type": "LineString", "coordinates": [[77.59143, 12.86485], [77.59055, 12.86243]]}}, {"type": "Feature", "properties": {}, "geometry": {"type": "LineString", "coordinates": [[77.54049, 12.87415], [77.5383, 12.87463]]}}, {"type": "Feature", "properties": {}, "geometry": {"type": "LineString", "coordinates": [[77.5383, 12.87463], [77.53795, 12.87474]]}}, {"type": "Feature", "properties": {}, "geometry": {"type": "LineString", "coordinates": [[77.58294, 12.84417], [77.58268, 12.84386]]}}, {"type": "Feature", "properties": {}, "geometry": {"type": "LineString", "coordinates": [[77.56212, 12.85698], [77.5637, 12.85654], [77.5661, 12.85662], [77.5792, 12.85375], [77.58199, 12.85288], [77.58446, 12.85275], [77.58492, 12.85531], [77.58513, 12.85555], [77.58496, 12.85577], [77.5853, 12.85773]]}}, {"type": "Feature", "properties": {}, "geometry": {"type": "LineString", "coordinates": [[77.5852, 12.85555], [77.58524, 12.85559]]}}, {"type": "Feature", "properties": {}, "geometry": {"type": "LineString", "coordinates": [[77.58517, 12.85555], [77.5852, 12.85555]]}}, {"type": "Feature", "properties": {}, "geometry": {"type": "LineString", "coordinates": [[77.58911, 12.85861], [77.58911, 12.85865]]}}, {"type": "Feature", "properties": {}, "geometry": {"type": "LineString", "coordinates": [[77.58825, 12.84782], [77.58606, 12.84791], [77.58395, 12.84884]]}}, {"type": "Feature", "properties": {}, "geometry": {"type": "LineString", "coordinates": [[77.58849, 12.85777], [77.58821, 12.85837], [77.5876, 12.85859], [77.58765, 12.85954], [77.5869, 12.86025], [77.5854, 12.86083], [77.58554, 12.85991], [77.58519, 12.85791]]}}, {"type": "Feature", "properties": {}, "geometry": {"type": "LineString", "coordinates": [[77.54049, 12.87415], [77.54088, 12.874]]}}, {"type": "Feature", "properties": {}, "geometry": {"type": "LineString", "coordinates": [[77.54074, 12.8739], [77.53936, 12.87244]]}}, {"type": "Feature", "properties": {}, "geometry": {"type": "LineString", "coordinates": [[77.53682, 12.86936], [77.53812, 12.87069], [77.53936, 12.87244]]}}, {"type": "Feature", "properties": {}, "geometry": {"type": "LineString", "coordinates": [[77.58815, 12.84588], [77.58802, 12.84367]]}}, {"type": "Feature", "properties": {}, "geometry": {"type": "LineString", "coordinates": [[77.58802, 12.84367], [77.58784, 12.84363], [77.58794, 12.84254], [77.5884, 12.84215], [77.58854, 12.84134]]}}, {"type": "Feature", "properties": {}, "geometry": {"type": "LineString", "coordinates": [[77.58844, 12.85281], [77.58892, 12.85721]]}}, {"type": "Feature", "properties": {}, "geometry": {"type": "LineString", "coordinates": [[77.5904, 12.86191], [77.59053, 12.86235]]}}, {"type": "Feature", "properties": {}, "geometry": {"type": "LineString", "coordinates": [[77.59053, 12.86235], [77.59055, 12.86243]]}}, {"type": "Feature", "properties": {}, "geometry": {"type": "LineString", "coordinates": [[77.56212, 12.85698], [77.55951, 12.85788], [77.55784, 12.85895], [77.55932, 12.86049], [77.5563, 12.8634], [77.5543, 12.86395], [77.5545, 12.86567], [77.55594, 12.87013], [77.55637, 12.87088]]}}, {"type": "Feature", "properties": {}, "geometry": {"type": "LineString", "coordinates": [[77.55637, 12.87088], [77.55642, 12.87097], [77.5579, 12.87236], [77.55883, 12.87372]]}}, {"type": "Feature", "properties": {}, "geometry": {"type": "LineString", "coordinates": [[77.55883, 12.87372], [77.55914, 12.87418], [77.55934, 12.87424]]}}, {"type": "Feature", "properties": {}, "geometry": {"type": "LineString", "coordinates": [[77.55934, 12.87424], [77.55954, 12.87431]]}}, {"type": "Feature", "properties": {}, "geometry": {"type": "LineString", "coordinates": [[77.55954, 12.87431], [77.55957, 12.87432], [77.55994, 12.87509], [77.54854, 12.88326]]}}, {"type": "Feature", "properties": {}, "geometry": {"type": "LineString", "coordinates": [[77.54854, 12.88326], [77.54772, 12.88319], [77.54703, 12.88267], [77.54538, 12.87878]]}}, {"type": "Feature", "properties": {}, "geometry": {"type": "LineString", "coordinates": [[77.54538, 12.87878], [77.54475, 12.87682], [77.54391, 12.87573], [77.5434, 12.87525], [77.54074, 12.8739]]}}, {"type": "Feature", "properties": {}, "geometry": {"type": "LineString", "coordinates": [[77.54858, 12.88326], [77.54851, 12.88357], [77.55085, 12.88429]]}}, {"type": "Feature", "properties": {}, "geometry": {"type": "LineString", "coordinates": [[77.56245, 12.87144], [77.56267, 12.8726]]}}, {"type": "Feature", "properties": {}, "geometry": {"type": "LineString", "coordinates": [[77.56267, 12.8726], [77.56294, 12.87368]]}}, {"type": "Feature", "properties": {}, "geometry": {"type": "LineString", "coordinates": [[77.58826, 12.84954], [77.58825, 12.84887]]}}, {"type": "Feature", "properties": {}, "geometry": {"type": "LineString", "coordinates": [[77.58825, 12.84887], [77.58824, 12.84764]]}}, {"type": "Feature", "properties": {}, "geometry": {"type": "LineString", "coordinates": [[77.58836, 12.84141], [77.5885, 12.84141]]}}, {"type": "Feature", "properties": {}, "geometry": {"type": "LineString", "coordinates": [[77.58836, 12.84141], [77.58686, 12.84195], [77.58469, 12.84423], [77.58323, 12.84438]]}}, {"type": "Feature", "properties": {}, "geometry": {"type": "LineString", "coordinates": [[77.58323, 12.84438], [77.58297, 12.84421]]}}, {"type": "Feature", "properties": {}, "geometry": {"type": "LineString", "coordinates": [[77.58297, 12.84421], [77.58294, 12.84417]]}}, {"type": "Feature", "properties": {}, "geometry": {"type": "LineString", "coordinates": [[77.55106, 12.88404], [77.54865, 12.88325]]}}, {"type": "Feature", "properties": {}, "geometry": {"type": "LineString", "coordinates": [[77.5494, 12.88268], [77.54865, 12.88325]]}}, {"type": "Feature", "properties": {}, "geometry": {"type": "LineString", "coordinates": [[77.5495, 12.88261], [77.5494, 12.88268]]}}, {"type": "Feature", "properties": {}, "geometry": {"type": "LineString", "coordinates": [[77.58849, 12.85777], [77.58867, 12.85745], [77.58892, 12.85756]]}}, {"type": "Feature", "properties": {}, "geometry": {"type": "LineString", "coordinates": [[77.5853, 12.85773], [77.5853, 12.85791]]}}, {"type": "Feature", "properties": {}, "geometry": {"type": "LineString", "coordinates": [[77.58517, 12.85555], [77.58499, 12.85545]]}}, {"type": "Feature", "properties": {}, "geometry": {"type": "LineString", "coordinates": [[77.54865, 12.88318], [77.54865, 12.88322]]}}, {"type": "Feature", "properties": {}, "geometry": {"type": "LineString", "coordinates": [[77.58881, 12.85745], [77.58892, 12.85721]]}}, {"type": "Feature", "properties": {}, "geometry": {"type": "LineString", "coordinates": [[77.58904, 12.85851], [77.58897, 12.85851]]}}, {"type": "Feature", "properties": {}, "geometry": {"type": "LineString", "coordinates": [[77.58823, 12.84669], [77.58819, 12.84634]]}}, {"type": "Feature", "properties": {}, "geometry": {"type": "LineString", "coordinates": [[77.58819, 12.84634], [77.58815, 12.84588]]}}, {"type": "Feature", "properties": {}, "geometry": {"type": "LineString", "coordinates": [[77.53486, 12.98126], [77.5335, 12.98183], [77.5315, 12.98209]]}}, {"type": "Feature", "properties": {}, "geometry": {"type": "LineString", "coordinates": [[77.5315, 12.98209], [77.53139, 12.9821], [77.53093, 12.98239], [77.53057, 12.9832], [77.52954, 12.9837], [77.5285, 12.98389], [77.52676, 12.98563], [77.5259, 12.98588]]}}, {"type": "Feature", "properties": {}, "geometry": {"type": "LineString", "coordinates": [[77.53319, 12.97596], [77.53491, 12.97566], [77.53696, 12.97568], [77.53636, 12.97382]]}}, {"type": "Feature", "properties": {}, "geometry": {"type": "LineString", "coordinates": [[77.63619, 13.00414], [77.63637, 13.00428]]}}, {"type": "Feature", "properties": {}, "geometry": {"type": "LineString", "coordinates": [[77.59636, 12.99413], [77.59772, 12.99359], [77.59864, 12.99291], [77.60086, 12.99211], [77.60225, 12.99189], [77.60423, 12.99222], [77.6055, 12.99354]]}}, {"type": "Feature", "properties": {}, "geometry": {"type": "LineString", "coordinates": [[77.59498, 12.99263], [77.59636, 12.99413]]}}, {"type": "Feature", "properties": {}, "geometry": {"type": "LineString", "coordinates": [[77.6055, 12.99354], [77.60554, 12.99351]]}}, {"type": "Feature", "properties": {}, "geometry": {"type": "LineString", "coordinates": [[77.59454, 12.99214], [77.59498, 12.99263]]}}, {"type": "Feature", "properties": {}, "geometry": {"type": "LineString", "coordinates": [[77.58469, 12.98369], [77.58495, 12.98368]]}}, {"type": "Feature", "properties": {}, "geometry": {"type": "LineString", "coordinates": [[77.58495, 12.98368], [77.58498, 12.98368]]}}, {"type": "Feature", "properties": {}, "geometry": {"type": "LineString", "coordinates": [[77.58498, 12.98368], [77.58512, 12.98368]]}}, {"type": "Feature", "properties": {}, "geometry": {"type": "LineString", "coordinates": [[77.5853, 12.98368], [77.58534, 12.98368]]}}, {"type": "Feature", "properties": {}, "geometry": {"type": "LineString", "coordinates": [[77.58512, 12.98368], [77.5853, 12.98368]]}}, {"type": "Feature", "properties": {}, "geometry": {"type": "LineString", "coordinates": [[77.58527, 12.98354], [77.58537, 12.98354]]}}, {"type": "Feature", "properties": {}, "geometry": {"type": "LineString", "coordinates": [[77.58114, 12.97327], [77.5795, 12.97389]]}}, {"type": "Feature", "properties": {}, "geometry": {"type": "LineString", "coordinates": [[77.58118, 12.97327], [77.58114, 12.97327]]}}, {"type": "Feature", "properties": {}, "geometry": {"type": "LineString", "coordinates": [[77.58761, 12.96691], [77.58691, 12.96558]]}}, {"type": "Feature", "properties": {}, "geometry": {"type": "LineString", "coordinates": [[77.58691, 12.96558], [77.58712, 12.9654]]}}, {"type": "Feature", "properties": {}, "geometry": {"type": "LineString", "coordinates": [[77.58712, 12.9654], [77.58869, 12.96405]]}}, {"type": "Feature", "properties": {}, "geometry": {"type": "LineString", "coordinates": [[77.58869, 12.96405], [77.58926, 12.96348]]}}, {"type": "Feature", "properties": {}, "geometry": {"type": "LineString", "coordinates": [[77.58891, 12.96767], [77.58891, 12.96763]]}}, {"type": "Feature", "properties": {}, "geometry": {"type": "LineString", "coordinates": [[77.58891, 12.96763], [77.58891, 12.9676]]}}, {"type": "Feature", "properties": {}, "geometry": {"type": "LineString", "coordinates": [[77.58891, 12.9676], [77.58894, 12.96746]]}}, {"type": "Feature", "properties": {}, "geometry": {"type": "LineString", "coordinates": [[77.58894, 12.96746], [77.58894, 12.96739]]}}, {"type": "Feature", "properties": {}, "geometry": {"type": "LineString", "coordinates": [[77.58894, 12.96739], [77.58918, 12.96675]]}}, {"type": "Feature", "properties": {}, "geometry": {"type": "LineString", "coordinates": [[77.58918, 12.96675], [77.58929, 12.96654]]}}, {"type": "Feature", "properties": {}, "geometry": {"type": "LineString", "coordinates": [[77.58929, 12.96654], [77.58968, 12.96583]]}}, {"type": "Feature", "properties": {}, "geometry": {"type": "LineString", "coordinates": [[77.58968, 12.96583], [77.58968, 12.9658]]}}, {"type": "Feature", "properties": {}, "geometry": {"type": "LineString", "coordinates": [[77.58968, 12.9658], [77.58978, 12.96548]]}}, {"type": "Feature", "properties": {}, "geometry": {"type": "LineString", "coordinates": [[77.58978, 12.96548], [77.58974, 12.96534]]}}, {"type": "Feature", "properties": {}, "geometry": {"type": "LineString", "coordinates": [[77.58974, 12.96534], [77.58971, 12.96527]]}}, {"type": "Feature", "properties": {}, "geometry": {"type": "LineString", "coordinates": [[77.58971, 12.96527], [77.58971, 12.96516]]}}, {"type": "Feature", "properties": {}, "geometry": {"type": "LineString", "coordinates": [[77.58971, 12.96516], [77.58967, 12.96509]]}}, {"type": "Feature", "properties": {}, "geometry": {"type": "LineString", "coordinates": [[77.58967, 12.96509], [77.58967, 12.96506]]}}, {"type": "Feature", "properties": {}, "geometry": {"type": "LineString", "coordinates": [[77.58967, 12.96506], [77.58967, 12.96499]]}}, {"type": "Feature", "properties": {}, "geometry": {"type": "LineString", "coordinates": [[77.58967, 12.96499], [77.58929, 12.96341]]}}, {"type": "Feature", "properties": {}, "geometry": {"type": "LineString", "coordinates": [[77.58929, 12.96341], [77.58929, 12.96337]]}}, {"type": "Feature", "properties": {}, "geometry": {"type": "LineString", "coordinates": [[77.58793, 12.98394], [77.58804, 12.98425]]}}, {"type": "Feature", "properties": {}, "geometry": {"type": "LineString", "coordinates": [[77.58804, 12.98425], [77.588, 12.98425]]}}, {"type": "Feature", "properties": {}, "geometry": {"type": "LineString", "coordinates": [[77.588, 12.98425], [77.58797, 12.98425]]}}, {"type": "Feature", "properties": {}, "geometry": {"type": "LineString", "coordinates": [[77.58797, 12.98425], [77.58793, 12.98425]]}}, {"type": "Feature", "properties": {}, "geometry": {"type": "LineString", "coordinates": [[77.58793, 12.98425], [77.58768, 12.98418]]}}, {"type": "Feature", "properties": {}, "geometry": {"type": "LineString", "coordinates": [[77.58768, 12.98418], [77.58761, 12.98415]]}}, {"type": "Feature", "properties": {}, "geometry": {"type": "LineString", "coordinates": [[77.58761, 12.98415], [77.5875, 12.98412]]}}, {"type": "Feature", "properties": {}, "geometry": {"type": "LineString", "coordinates": [[77.5875, 12.98412], [77.58635, 12.98381]]}}, {"type": "Feature", "properties": {}, "geometry": {"type": "LineString", "coordinates": [[77.58774, 12.98355], [77.58793, 12.98394]]}}, {"type": "Feature", "properties": {}, "geometry": {"type": "LineString", "coordinates": [[77.58767, 12.98348], [77.58774, 12.98355]]}}, {"type": "Feature", "properties": {}, "geometry": {"type": "LineString", "coordinates": [[77.588, 12.98439], [77.588, 12.98436]]}}, {"type": "Feature", "properties": {}, "geometry": {"type": "LineString", "coordinates": [[77.588, 12.98436], [77.58797, 12.98429]]}}, {"type": "Feature", "properties": {}, "geometry": {"type": "LineString", "coordinates": [[77.58797, 12.98429], [77.58793, 12.98425]]}}, {"type": "Feature", "properties": {}, "geometry": {"type": "LineString", "coordinates": [[77.58793, 12.98425], [77.58782, 12.98401]]}}, {"type": "Feature", "properties": {}, "geometry": {"type": "LineString", "coordinates": [[77.58782, 12.98401], [77.58778, 12.9839]]}}, {"type": "Feature", "properties": {}, "geometry": {"type": "LineString", "coordinates": [[77.58778, 12.9839], [77.58764, 12.98366]]}}, {"type": "Feature", "properties": {}, "geometry": {"type": "LineString", "coordinates": [[77.58764, 12.98366], [77.58668, 12.98184]]}}, {"type": "Feature", "properties": {}, "geometry": {"type": "LineString", "coordinates": [[77.58668, 12.98184], [77.58643, 12.98145]]}}, {"type": "Feature", "properties": {}, "geometry": {"type": "LineString", "coordinates": [[77.58643, 12.98145], [77.58566, 12.98033]]}}, {"type": "Feature", "properties": {}, "geometry": {"type": "LineString", "coordinates": [[77.58566, 12.98033], [77.58566, 12.9803]]}}, {"type": "Feature", "properties": {}, "geometry": {"type": "LineString", "coordinates": [[77.58566, 12.9803], [77.58523, 12.97967]]}}, {"type": "Feature", "properties": {}, "geometry": {"type": "LineString", "coordinates": [[77.58523, 12.97967], [77.58475, 12.9789]]}}, {"type": "Feature", "properties": {}, "geometry": {"type": "LineString", "coordinates": [[77.58475, 12.9789], [77.58461, 12.97859]]}}, {"type": "Feature", "properties": {}, "geometry": {"type": "LineString", "coordinates": [[77.58679, 12.98208], [77.58701, 12.9824]]}}, {"type": "Feature", "properties": {}, "geometry": {"type": "LineString", "coordinates": [[77.58986, 12.9874], [77.59016, 12.98796], [77.59001, 12.98803]]}}, {"type": "Feature", "properties": {}, "geometry": {"type": "LineString", "coordinates": [[77.58983, 12.9873], [77.58986, 12.9874]]}}, {"type": "Feature", "properties": {}, "geometry": {"type": "LineString", "coordinates": [[77.58533, 12.98298], [77.58519, 12.98298]]}}, {"type": "Feature", "properties": {}, "geometry": {"type": "LineString", "coordinates": [[77.58537, 12.98294], [77.58533, 12.98298]]}}, {"type": "Feature", "properties": {}, "geometry": {"type": "LineString", "coordinates": [[77.58532, 12.98217], [77.58537, 12.98294]]}}, {"type": "Feature", "properties": {}, "geometry": {"type": "LineString", "coordinates": [[77.58528, 12.98104], [77.58532, 12.98217]]}}, {"type": "Feature", "properties": {}, "geometry": {"type": "LineString", "coordinates": [[77.58528, 12.98094], [77.58528, 12.98104]]}}, {"type": "Feature", "properties": {}, "geometry": {"type": "LineString", "coordinates": [[77.58527, 12.9808], [77.58528, 12.98094]]}}, {"type": "Feature", "properties": {}, "geometry": {"type": "LineString", "coordinates": [[77.58566, 12.98037], [77.58527, 12.9808]]}}, {"type": "Feature", "properties": {}, "geometry": {"type": "LineString", "coordinates": [[77.58566, 12.98033], [77.58566, 12.98037]]}}, {"type": "Feature", "properties": {}, "geometry": {"type": "LineString", "coordinates": [[77.5857, 12.9803], [77.58566, 12.98033]]}}, {"type": "Feature", "properties": {}, "geometry": {"type": "LineString", "coordinates": [[77.58574, 12.9803], [77.5857, 12.9803]]}}, {"type": "Feature", "properties": {}, "geometry": {"type": "LineString", "coordinates": [[77.58577, 12.9803], [77.58574, 12.9803]]}}, {"type": "Feature", "properties": {}, "geometry": {"type": "LineString", "coordinates": [[77.58581, 12.98026], [77.58577, 12.9803]]}}, {"type": "Feature", "properties": {}, "geometry": {"type": "LineString", "coordinates": [[77.58566, 12.98002], [77.58581, 12.98026]]}}, {"type": "Feature", "properties": {}, "geometry": {"type": "LineString", "coordinates": [[77.58537, 12.9796], [77.58566, 12.98002]]}}, {"type": "Feature", "properties": {}, "geometry": {"type": "LineString", "coordinates": [[77.5853, 12.97942], [77.58537, 12.9796]]}}, {"type": "Feature", "properties": {}, "geometry": {"type": "LineString", "coordinates": [[77.58515, 12.97918], [77.5853, 12.97942]]}}, {"type": "Feature", "properties": {}, "geometry": {"type": "LineString", "coordinates": [[77.58592, 12.97706], [77.58456, 12.97806], [77.58515, 12.97918]]}}, {"type": "Feature", "properties": {}, "geometry": {"type": "LineString", "coordinates": [[77.58613, 12.97695], [77.58592, 12.97706]]}}, {"type": "Feature", "properties": {}, "geometry": {"type": "LineString", "coordinates": [[77.58688, 12.97649], [77.58613, 12.97695]]}}, {"type": "Feature", "properties": {}, "geometry": {"type": "LineString", "coordinates": [[77.5872, 12.97599], [77.58688, 12.97649]]}}, {"type": "Feature", "properties": {}, "geometry": {"type": "LineString", "coordinates": [[77.58723, 12.97578], [77.5872, 12.97599]]}}, {"type": "Feature", "properties": {}, "geometry": {"type": "LineString", "coordinates": [[77.58712, 12.97546], [77.58723, 12.97578]]}}, {"type": "Feature", "properties": {}, "geometry": {"type": "LineString", "coordinates": [[77.58697, 12.97511], [77.58712, 12.97546]]}}, {"type": "Feature", "properties": {}, "geometry": {"type": "LineString", "coordinates": [[77.58679, 12.97459], [77.58697, 12.97511]]}}, {"type": "Feature", "properties": {}, "geometry": {"type": "LineString", "coordinates": [[77.58671, 12.97434], [77.58679, 12.97459]]}}, {"type": "Feature", "properties": {}, "geometry": {"type": "LineString", "coordinates": [[77.58674, 12.97357], [77.58671, 12.97434]]}}, {"type": "Feature", "properties": {}, "geometry": {"type": "LineString", "coordinates": [[77.58694, 12.97219], [77.58674, 12.97357]]}}, {"type": "Feature", "properties": {}, "geometry": {"type": "LineString", "coordinates": [[77.58694, 12.97209], [77.58694, 12.97219]]}}, {"type": "Feature", "properties": {}, "geometry": {"type": "LineString", "coordinates": [[77.58701, 12.97166], [77.58694, 12.97209]]}}, {"type": "Feature", "properties": {}, "geometry": {"type": "LineString", "coordinates": [[77.58701, 12.97163], [77.58701, 12.97166]]}}, {"type": "Feature", "properties": {}, "geometry": {"type": "LineString", "coordinates": [[77.58704, 12.97149], [77.58701, 12.97163]]}}, {"type": "Feature", "properties": {}, "geometry": {"type": "LineString", "coordinates": [[77.58708, 12.97114], [77.58704, 12.97149]]}}, {"type": "Feature", "properties": {}, "geometry": {"type": "LineString", "coordinates": [[77.58747, 12.96793], [77.58708, 12.97114]]}}, {"type": "Feature", "properties": {}, "geometry": {"type": "LineString", "coordinates": [[77.58164, 12.97291], [77.58121, 12.97316]]}}, {"type": "Feature", "properties": {}, "geometry": {"type": "LineString", "coordinates": [[77.58175, 12.97284], [77.58164, 12.97291]]}}, {"type": "Feature", "properties": {}, "geometry": {"type": "LineString", "coordinates": [[77.58292, 12.97177], [77.58175, 12.97284]]}}, {"type": "Feature", "properties": {}, "geometry": {"type": "LineString", "coordinates": [[77.58296, 12.97177], [77.58292, 12.97177]]}}, {"type": "Feature", "properties": {}, "geometry": {"type": "LineString", "coordinates": [[77.58747, 12.96782], [77.58726, 12.96779], [77.58296, 12.97177]]}}, {"type": "Feature", "properties": {}, "geometry": {"type": "LineString", "coordinates": [[77.58837, 12.96771], [77.58747, 12.96782]]}}, {"type": "Feature", "properties": {}, "geometry": {"type": "LineString", "coordinates": [[77.58869, 12.96764], [77.58837, 12.96771]]}}, {"type": "Feature", "properties": {}, "geometry": {"type": "LineString", "coordinates": [[77.58747, 12.96793], [77.58747, 12.96786]]}}, {"type": "Feature", "properties": {}, "geometry": {"type": "LineString", "coordinates": [[77.58747, 12.96786], [77.58747, 12.96782]]}}, {"type": "Feature", "properties": {}, "geometry": {"type": "LineString", "coordinates": [[77.58747, 12.96782], [77.58761, 12.96698]]}}, {"type": "Feature", "properties": {}, "geometry": {"type": "LineString", "coordinates": [[77.58761, 12.96698], [77.58761, 12.96694]]}}, {"type": "Feature", "properties": {}, "geometry": {"type": "LineString", "coordinates": [[77.58761, 12.96694], [77.58761, 12.96691]]}}, {"type": "Feature", "properties": {}, "geometry": {"type": "LineString", "coordinates": [[77.58761, 12.96691], [77.5867, 12.966]]}}, {"type": "Feature", "properties": {}, "geometry": {"type": "LineString", "coordinates": [[77.5867, 12.966], [77.58656, 12.9659]]}}, {"type": "Feature", "properties": {}, "geometry": {"type": "LineString", "coordinates": [[77.57264, 12.9805], [77.57257, 12.98046]]}}, {"type": "Feature", "properties": {}, "geometry": {"type": "LineString", "coordinates": [[77.57257, 12.98046], [77.57253, 12.98046]]}}, {"type": "Feature", "properties": {}, "geometry": {"type": "LineString", "coordinates": [[77.58903, 12.98653], [77.58899, 12.98646]]}}, {"type": "Feature", "properties": {}, "geometry": {"type": "LineString", "coordinates": [[77.58899, 12.98646], [77.58804, 12.98432]]}}, {"type": "Feature", "properties": {}, "geometry": {"type": "LineString", "coordinates": [[77.58804, 12.98432], [77.588, 12.98432]]}}, {"type": "Feature", "properties": {}, "geometry": {"type": "LineString", "coordinates": [[77.588, 12.98432], [77.58797, 12.98429]]}}, {"type": "Feature", "properties": {}, "geometry": {"type": "LineString", "coordinates": [[77.58797, 12.98429], [77.58768, 12.98422]]}}, {"type": "Feature", "properties": {}, "geometry": {"type": "LineString", "coordinates": [[77.58768, 12.98422], [77.58761, 12.98422]]}}, {"type": "Feature", "properties": {}, "geometry": {"type": "LineString", "coordinates": [[77.58761, 12.98422], [77.58743, 12.98419]]}}, {"type": "Feature", "properties": {}, "geometry": {"type": "LineString", "coordinates": [[77.58743, 12.98419], [77.58537, 12.9835]]}}, {"type": "Feature", "properties": {}, "geometry": {"type": "LineString", "coordinates": [[77.58537, 12.9835], [77.5853, 12.9835]]}}, {"type": "Feature", "properties": {}, "geometry": {"type": "LineString", "coordinates": [[77.58462, 12.98376], [77.58459, 12.98376]]}}, {"type": "Feature", "properties": {}, "geometry": {"type": "LineString", "coordinates": [[77.58459, 12.98376], [77.58462, 12.98376]]}}, {"type": "Feature", "properties": {}, "geometry": {"type": "LineString", "coordinates": [[77.58462, 12.98376], [77.58462, 12.98372]]}}, {"type": "Feature", "properties": {}, "geometry": {"type": "LineString", "coordinates": [[77.58462, 12.98372], [77.58462, 12.98369]]}}, {"type": "Feature", "properties": {}, "geometry": {"type": "LineString", "coordinates": [[77.58462, 12.98369], [77.58469, 12.98362]]}}, {"type": "Feature", "properties": {}, "geometry": {"type": "LineString", "coordinates": [[77.58469, 12.98362], [77.58473, 12.98362]]}}, {"type": "Feature", "properties": {}, "geometry": {"type": "LineString", "coordinates": [[77.57469, 12.98072], [77.57472, 12.98072]]}}, {"type": "Feature", "properties": {}, "geometry": {"type": "LineString", "coordinates": [[77.57472, 12.98072], [77.57476, 12.98072]]}}, {"type": "Feature", "properties": {}, "geometry": {"type": "LineString", "coordinates": [[77.57494, 12.98072], [77.57705, 12.98063]]}}, {"type": "Feature", "properties": {}, "geometry": {"type": "LineString", "coordinates": [[77.5749, 12.98072], [77.57494, 12.98072]]}}, {"type": "Feature", "properties": {}, "geometry": {"type": "LineString", "coordinates": [[77.57476, 12.98072], [77.5749, 12.98072]]}}, {"type": "Feature", "properties": {}, "geometry": {"type": "LineString", "coordinates": [[77.57264, 12.9805], [77.57469, 12.98072]]}}, {"type": "Feature", "properties": {}, "geometry": {"type": "LineString", "coordinates": [[77.57705, 12.98063], [77.58007, 12.98035], [77.58136, 12.98006], [77.58171, 12.97978]]}}, {"type": "Feature", "properties": {}, "geometry": {"type": "LineString", "coordinates": [[77.57257, 12.9805], [77.57264, 12.9805]]}}, {"type": "Feature", "properties": {}, "geometry": {"type": "LineString", "coordinates": [[77.58171, 12.97978], [77.58178, 12.9797]]}}, {"type": "Feature", "properties": {}, "geometry": {"type": "LineString", "coordinates": [[77.58178, 12.9797], [77.58189, 12.97963]]}}, {"type": "Feature", "properties": {}, "geometry": {"type": "LineString", "coordinates": [[77.58189, 12.97963], [77.58232, 12.97935]]}}, {"type": "Feature", "properties": {}, "geometry": {"type": "LineString", "coordinates": [[77.58232, 12.97935], [77.58421, 12.9781]]}}, {"type": "Feature", "properties": {}, "geometry": {"type": "LineString", "coordinates": [[77.58421, 12.9781], [77.58428, 12.97806]]}}, {"type": "Feature", "properties": {}, "geometry": {"type": "LineString", "coordinates": [[77.58428, 12.97806], [77.58428, 12.97803]]}}, {"type": "Feature", "properties": {}, "geometry": {"type": "LineString", "coordinates": [[77.58428, 12.97803], [77.58431, 12.97802]]}}, {"type": "Feature", "properties": {}, "geometry": {"type": "LineString", "coordinates": [[77.58431, 12.97802], [77.58435, 12.97802]]}}, {"type": "Feature", "properties": {}, "geometry": {"type": "LineString", "coordinates": [[77.58435, 12.97802], [77.58438, 12.97799]]}}, {"type": "Feature", "properties": {}, "geometry": {"type": "LineString", "coordinates": [[77.58871, 12.99044], [77.58868, 12.99058]]}}, {"type": "Feature", "properties": {}, "geometry": {"type": "LineString", "coordinates": [[77.58897, 12.98766], [77.58871, 12.99044]]}}, {"type": "Feature", "properties": {}, "geometry": {"type": "LineString", "coordinates": [[77.58897, 12.98762], [77.58897, 12.98766]]}}, {"type": "Feature", "properties": {}, "geometry": {"type": "LineString", "coordinates": [[77.58904, 12.98748], [77.58897, 12.98762]]}}, {"type": "Feature", "properties": {}, "geometry": {"type": "LineString", "coordinates": [[77.59791, 12.98085], [77.59791, 12.98092]]}}, {"type": "Feature", "properties": {}, "geometry": {"type": "LineString", "coordinates": [[77.59787, 12.98078], [77.59791, 12.98085]]}}, {"type": "Feature", "properties": {}, "geometry": {"type": "LineString", "coordinates": [[77.59787, 12.98074], [77.59787, 12.98078]]}}, {"type": "Feature", "properties": {}, "geometry": {"type": "LineString", "coordinates": [[77.58847, 12.98478], [77.58858, 12.9847]]}}, {"type": "Feature", "properties": {}, "geometry": {"type": "LineString", "coordinates": [[77.58858, 12.9847], [77.58869, 12.98467]]}}, {"type": "Feature", "properties": {}, "geometry": {"type": "LineString", "coordinates": [[77.58869, 12.98467], [77.58872, 12.98467]]}}, {"type": "Feature", "properties": {}, "geometry": {"type": "LineString", "coordinates": [[77.58872, 12.98467], [77.58994, 12.98413]]}}, {"type": "Feature", "properties": {}, "geometry": {"type": "LineString", "coordinates": [[77.58994, 12.98413], [77.59194, 12.98323]]}}, {"type": "Feature", "properties": {}, "geometry": {"type": "LineString", "coordinates": [[77.59194, 12.98323], [77.59254, 12.98273]]}}, {"type": "Feature", "properties": {}, "geometry": {"type": "LineString", "coordinates": [[77.59254, 12.98273], [77.59436, 12.98194]]}}, {"type": "Feature", "properties": {}, "geometry": {"type": "LineString", "coordinates": [[77.59436, 12.98194], [77.59497, 12.98172]]}}, {"type": "Feature", "properties": {}, "geometry": {"type": "LineString", "coordinates": [[77.59497, 12.98172], [77.59562, 12.9815]]}}, {"type": "Feature", "properties": {}, "geometry": {"type": "LineString", "coordinates": [[77.59562, 12.9815], [77.59587, 12.98143]]}}, {"type": "Feature", "properties": {}, "geometry": {"type": "LineString", "coordinates": [[77.59587, 12.98143], [77.59733, 12.98096]]}}, {"type": "Feature", "properties": {}, "geometry": {"type": "LineString", "coordinates": [[77.59733, 12.98096], [77.59744, 12.98092]]}}, {"type": "Feature", "properties": {}, "geometry": {"type": "LineString", "coordinates": [[77.59744, 12.98092], [77.59758, 12.98088]]}}, {"type": "Feature", "properties": {}, "geometry": {"type": "LineString", "coordinates": [[77.59758, 12.98088], [77.59762, 12.98088]]}}, {"type": "Feature", "properties": {}, "geometry": {"type": "LineString", "coordinates": [[77.59762, 12.98088], [77.59765, 12.98085]]}}, {"type": "Feature", "properties": {}, "geometry": {"type": "LineString", "coordinates": [[77.59765, 12.98085], [77.59787, 12.98078]]}}, {"type": "Feature", "properties": {}, "geometry": {"type": "LineString", "coordinates": [[77.59787, 12.98078], [77.59926, 12.98034]]}}, {"type": "Feature", "properties": {}, "geometry": {"type": "LineString", "coordinates": [[77.59926, 12.98034], [77.60173, 12.97958]]}}, {"type": "Feature", "properties": {}, "geometry": {"type": "LineString", "coordinates": [[77.60173, 12.97958], [77.60234, 12.97936]]}}, {"type": "Feature", "properties": {}, "geometry": {"type": "LineString", "coordinates": [[77.60234, 12.97936], [77.60341, 12.979]]}}, {"type": "Feature", "properties": {}, "geometry": {"type": "LineString", "coordinates": [[77.60341, 12.979], [77.60863, 12.97729]]}}, {"type": "Feature", "properties": {}, "geometry": {"type": "LineString", "coordinates": [[77.60863, 12.97729], [77.61439, 12.97537]]}}, {"type": "Feature", "properties": {}, "geometry": {"type": "LineString", "coordinates": [[77.61439, 12.97537], [77.61443, 12.97537]]}}, {"type": "Feature", "properties": {}, "geometry": {"type": "LineString", "coordinates": [[77.5884, 12.98481], [77.58847, 12.98478]]}}, {"type": "Feature", "properties": {}, "geometry": {"type": "LineString", "coordinates": [[77.61443, 12.97544], [77.61439, 12.9754]]}}, {"type": "Feature", "properties": {}, "geometry": {"type": "LineString", "coordinates": [[77.61439, 12.9754], [77.61439, 12.97537]]}}, {"type": "Feature", "properties": {}, "geometry": {"type": "LineString", "coordinates": [[77.59727, 12.98152], [77.59852, 12.98109]]}}, {"type": "Feature", "properties": {}, "geometry": {"type": "LineString", "coordinates": [[77.59852, 12.98109], [77.59852, 12.9808]]}}, {"type": "Feature", "properties": {}, "geometry": {"type": "LineString", "coordinates": [[77.59852, 12.9808], [77.60098, 12.97997]]}}, {"type": "Feature", "properties": {}, "geometry": {"type": "LineString", "coordinates": [[77.60098, 12.97997], [77.60134, 12.97983]]}}, {"type": "Feature", "properties": {}, "geometry": {"type": "LineString", "coordinates": [[77.59727, 12.98159], [77.59727, 12.98156]]}}, {"type": "Feature", "properties": {}, "geometry": {"type": "LineString", "coordinates": [[77.59727, 12.98156], [77.59727, 12.98152]]}}, {"type": "Feature", "properties": {}, "geometry": {"type": "LineString", "coordinates": [[77.58929, 12.96334], [77.58929, 12.96337]]}}, {"type": "Feature", "properties": {}, "geometry": {"type": "LineString", "coordinates": [[77.58958, 12.96305], [77.58929, 12.96334]]}}, {"type": "Feature", "properties": {}, "geometry": {"type": "LineString", "coordinates": [[77.58961, 12.96295], [77.58958, 12.96305]]}}, {"type": "Feature", "properties": {}, "geometry": {"type": "LineString", "coordinates": [[77.58819, 12.96088], [77.58971, 12.96245], [77.58961, 12.96295]]}}, {"type": "Feature", "properties": {}, "geometry": {"type": "LineString", "coordinates": [[77.58684, 12.9591], [77.58819, 12.96088]]}}, {"type": "Feature", "properties": {}, "geometry": {"type": "LineString", "coordinates": [[77.60341, 12.97903], [77.60345, 12.97903]]}}, {"type": "Feature", "properties": {}, "geometry": {"type": "LineString", "coordinates": [[77.60345, 12.97903], [77.60867, 12.97732]]}}, {"type": "Feature", "properties": {}, "geometry": {"type": "LineString", "coordinates": [[77.60867, 12.97732], [77.60888, 12.97722]]}}, {"type": "Feature", "properties": {}, "geometry": {"type": "LineString", "coordinates": [[77.60888, 12.97722], [77.61443, 12.97544]]}}, {"type": "Feature", "properties": {}, "geometry": {"type": "LineString", "coordinates": [[77.61443, 12.97544], [77.61443, 12.9754]]}}, {"type": "Feature", "properties": {}, "geometry": {"type": "LineString", "coordinates": [[77.57576, 12.96991], [77.57576, 12.96988]]}}, {"type": "Feature", "properties": {}, "geometry": {"type": "LineString", "coordinates": [[77.57576, 12.96988], [77.57561, 12.96963]]}}, {"type": "Feature", "properties": {}, "geometry": {"type": "LineString", "coordinates": [[77.57561, 12.96963], [77.57492, 12.96837]]}}, {"type": "Feature", "properties": {}, "geometry": {"type": "LineString", "coordinates": [[77.57492, 12.96837], [77.57466, 12.96788]]}}, {"type": "Feature", "properties": {}, "geometry": {"type": "LineString", "coordinates": [[77.57466, 12.96788], [77.57393, 12.96641]]}}, {"type": "Feature", "properties": {}, "geometry": {"type": "LineString", "coordinates": [[77.57393, 12.96641], [77.57382, 12.96613]]}}, {"type": "Feature", "properties": {}, "geometry": {"type": "LineString", "coordinates": [[77.57382, 12.96613], [77.57381, 12.96511]]}}, {"type": "Feature", "properties": {}, "geometry": {"type": "LineString", "coordinates": [[77.57381, 12.96511], [77.57381, 12.96507]]}}, {"type": "Feature", "properties": {}, "geometry": {"type": "LineString", "coordinates": [[77.57381, 12.96507], [77.57377, 12.96465]]}}, {"type": "Feature", "properties": {}, "geometry": {"type": "LineString", "coordinates": [[77.60892, 12.97729], [77.60345, 12.9791]]}}, {"type": "Feature", "properties": {}, "geometry": {"type": "LineString", "coordinates": [[77.61446, 12.97547], [77.60892, 12.97729]]}}, {"type": "Feature", "properties": {}, "geometry": {"type": "LineString", "coordinates": [[77.58978, 12.98628], [77.58974, 12.98631]]}}, {"type": "Feature", "properties": {}, "geometry": {"type": "LineString", "coordinates": [[77.57058, 12.97876], [77.57065, 12.97876]]}}, {"type": "Feature", "properties": {}, "geometry": {"type": "LineString", "coordinates": [[77.58519, 12.98298], [77.58532, 12.98217]]}}, {"type": "Feature", "properties": {}, "geometry": {"type": "LineString", "coordinates": [[77.58532, 12.98217], [77.58524, 12.98108]]}}, {"type": "Feature", "properties": {}, "geometry": {"type": "LineString", "coordinates": [[77.58524, 12.98108], [77.58524, 12.98094]]}}, {"type": "Feature", "properties": {}, "geometry": {"type": "LineString", "coordinates": [[77.58524, 12.98094], [77.58524, 12.9808]]}}, {"type": "Feature", "properties": {}, "geometry": {"type": "LineString", "coordinates": [[77.58524, 12.9808], [77.58563, 12.9803]]}}, {"type": "Feature", "properties": {}, "geometry": {"type": "LineString", "coordinates": [[77.58563, 12.9803], [77.58566, 12.9803]]}}, {"type": "Feature", "properties": {}, "geometry": {"type": "LineString", "coordinates": [[77.58566, 12.9803], [77.58566, 12.98026]]}}, {"type": "Feature", "properties": {}, "geometry": {"type": "LineString", "coordinates": [[77.58566, 12.98026], [77.58566, 12.98023]]}}, {"type": "Feature", "properties": {}, "geometry": {"type": "LineString", "coordinates": [[77.58566, 12.98023], [77.5857, 12.98023]]}}, {"type": "Feature", "properties": {}, "geometry": {"type": "LineString", "coordinates": [[77.5857, 12.98023], [77.58573, 12.98019]]}}, {"type": "Feature", "properties": {}, "geometry": {"type": "LineString", "coordinates": [[77.58573, 12.98019], [77.58537, 12.9796]]}}, {"type": "Feature", "properties": {}, "geometry": {"type": "LineString", "coordinates": [[77.58537, 12.9796], [77.58511, 12.97918]]}}, {"type": "Feature", "properties": {}, "geometry": {"type": "LineString", "coordinates": [[77.58511, 12.97918], [77.58449, 12.97806]]}}, {"type": "Feature", "properties": {}, "geometry": {"type": "LineString", "coordinates": [[77.58449, 12.97806], [77.58445, 12.97792]]}}, {"type": "Feature", "properties": {}, "geometry": {"type": "LineString", "coordinates": [[77.58445, 12.97792], [77.58438, 12.97799]]}}, {"type": "Feature", "properties": {}, "geometry": {"type": "LineString", "coordinates": [[77.56804, 12.96893], [77.5675, 12.96901]]}}, {"type": "Feature", "properties": {}, "geometry": {"type": "LineString", "coordinates": [[77.60969, 12.9928], [77.60976, 12.9928]]}}, {"type": "Feature", "properties": {}, "geometry": {"type": "LineString", "coordinates": [[77.60976, 12.9928], [77.61105, 12.99187]]}}, {"type": "Feature", "properties": {}, "geometry": {"type": "LineString", "coordinates": [[77.61105, 12.99187], [77.6123, 12.99143]]}}, {"type": "Feature", "properties": {}, "geometry": {"type": "LineString", "coordinates": [[77.58487, 12.98298], [77.58487, 12.98302]]}}, {"type": "Feature", "properties": {}, "geometry": {"type": "LineString", "coordinates": [[77.58486, 12.98281], [77.58487, 12.98298]]}}, {"type": "Feature", "properties": {}, "geometry": {"type": "LineString", "coordinates": [[77.58476, 12.97985], [77.58486, 12.98281]]}}, {"type": "Feature", "properties": {}, "geometry": {"type": "LineString", "coordinates": [[77.58475, 12.97901], [77.58476, 12.97985]]}}, {"type": "Feature", "properties": {}, "geometry": {"type": "LineString", "coordinates": [[77.58475, 12.9789], [77.58475, 12.97901]]}}, {"type": "Feature", "properties": {}, "geometry": {"type": "LineString", "coordinates": [[77.58479, 12.97879], [77.58475, 12.9789]]}}, {"type": "Feature", "properties": {}, "geometry": {"type": "LineString", "coordinates": [[77.58442, 12.97813], [77.58479, 12.97879]]}}, {"type": "Feature", "properties": {}, "geometry": {"type": "LineString", "coordinates": [[77.58435, 12.97806], [77.58442, 12.97813]]}}, {"type": "Feature", "properties": {}, "geometry": {"type": "LineString", "coordinates": [[77.58428, 12.97803], [77.58435, 12.97806]]}}, {"type": "Feature", "properties": {}, "geometry": {"type": "LineString", "coordinates": [[77.5842, 12.97785], [77.58428, 12.97803]]}}, {"type": "Feature", "properties": {}, "geometry": {"type": "LineString", "coordinates": [[77.5842, 12.97781], [77.5842, 12.97785]]}}, {"type": "Feature", "properties": {}, "geometry": {"type": "LineString", "coordinates": [[77.5842, 12.97778], [77.5842, 12.97781]]}}, {"type": "Feature", "properties": {}, "geometry": {"type": "LineString", "coordinates": [[77.5842, 12.97771], [77.5842, 12.97778]]}}, {"type": "Feature", "properties": {}, "geometry": {"type": "LineString", "coordinates": [[77.58387, 12.97715], [77.5842, 12.97771]]}}, {"type": "Feature", "properties": {}, "geometry": {"type": "LineString", "coordinates": [[77.58387, 12.97711], [77.58387, 12.97715]]}}, {"type": "Feature", "properties": {}, "geometry": {"type": "LineString", "coordinates": [[77.58121, 12.97334], [77.58387, 12.97711]]}}, {"type": "Feature", "properties": {}, "geometry": {"type": "LineString", "coordinates": [[77.58118, 12.97327], [77.58121, 12.97334]]}}, {"type": "Feature", "properties": {}, "geometry": {"type": "LineString", "coordinates": [[77.58508, 12.98298], [77.58515, 12.98298]]}}, {"type": "Feature", "properties": {}, "geometry": {"type": "LineString", "coordinates": [[77.58494, 12.98298], [77.58508, 12.98298]]}}, {"type": "Feature", "properties": {}, "geometry": {"type": "LineString", "coordinates": [[77.58487, 12.98298], [77.58494, 12.98298]]}}, {"type": "Feature", "properties": {}, "geometry": {"type": "LineString", "coordinates": [[77.58462, 12.98369], [77.58459, 12.98362]]}}, {"type": "Feature", "properties": {}, "geometry": {"type": "LineString", "coordinates": [[77.58903, 12.98649], [77.58899, 12.98646]]}}, {"type": "Feature", "properties": {}, "geometry": {"type": "LineString", "coordinates": [[77.58899, 12.98646], [77.5884, 12.98481]]}}, {"type": "Feature", "properties": {}, "geometry": {"type": "LineString", "coordinates": [[77.5884, 12.98481], [77.58804, 12.98425]]}}, {"type": "Feature", "properties": {}, "geometry": {"type": "LineString", "coordinates": [[77.58804, 12.98425], [77.58793, 12.98408]]}}, {"type": "Feature", "properties": {}, "geometry": {"type": "LineString", "coordinates": [[77.58793, 12.98408], [77.58786, 12.98401]]}}, {"type": "Feature", "properties": {}, "geometry": {"type": "LineString", "coordinates": [[77.58786, 12.98401], [77.58767, 12.98359]]}}, {"type": "Feature", "properties": {}, "geometry": {"type": "LineString", "coordinates": [[77.58767, 12.98359], [77.58752, 12.98327]]}}, {"type": "Feature", "properties": {}, "geometry": {"type": "LineString", "coordinates": [[77.58752, 12.98327], [77.58705, 12.98219]]}}, {"type": "Feature", "properties": {}, "geometry": {"type": "LineString", "coordinates": [[77.58705, 12.98219], [77.58679, 12.9818]]}}, {"type": "Feature", "properties": {}, "geometry": {"type": "LineString", "coordinates": [[77.58679, 12.9818], [77.58676, 12.98177]]}}, {"type": "Feature", "properties": {}, "geometry": {"type": "LineString", "coordinates": [[77.58676, 12.98177], [77.58654, 12.98142]]}}, {"type": "Feature", "properties": {}, "geometry": {"type": "LineString", "coordinates": [[77.58654, 12.98142], [77.58603, 12.98072]]}}, {"type": "Feature", "properties": {}, "geometry": {"type": "LineString", "coordinates": [[77.58603, 12.98072], [77.58595, 12.98058]]}}, {"type": "Feature", "properties": {}, "geometry": {"type": "LineString", "coordinates": [[77.58595, 12.98058], [77.58574, 12.9803]]}}, {"type": "Feature", "properties": {}, "geometry": {"type": "LineString", "coordinates": [[77.58574, 12.9803], [77.5857, 12.98023]]}}, {"type": "Feature", "properties": {}, "geometry": {"type": "LineString", "coordinates": [[77.5857, 12.98023], [77.5853, 12.97963]]}}, {"type": "Feature", "properties": {}, "geometry": {"type": "LineString", "coordinates": [[77.5853, 12.97963], [77.58501, 12.97914]]}}, {"type": "Feature", "properties": {}, "geometry": {"type": "LineString", "coordinates": [[77.58501, 12.97914], [77.58438, 12.97799]]}}, {"type": "Feature", "properties": {}, "geometry": {"type": "LineString", "coordinates": [[77.58438, 12.97799], [77.58435, 12.97792]]}}, {"type": "Feature", "properties": {}, "geometry": {"type": "LineString", "coordinates": [[77.58435, 12.97792], [77.5842, 12.97771]]}}, {"type": "Feature", "properties": {}, "geometry": {"type": "LineString", "coordinates": [[77.5842, 12.97771], [77.58387, 12.97715]]}}, {"type": "Feature", "properties": {}, "geometry": {"type": "LineString", "coordinates": [[77.58387, 12.97715], [77.58387, 12.97711]]}}, {"type": "Feature", "properties": {}, "geometry": {"type": "LineString", "coordinates": [[77.58387, 12.97711], [77.58121, 12.97338]]}}, {"type": "Feature", "properties": {}, "geometry": {"type": "LineString", "coordinates": [[77.58121, 12.97338], [77.58121, 12.97334]]}}, {"type": "Feature", "properties": {}, "geometry": {"type": "LineString", "coordinates": [[77.58121, 12.97334], [77.58114, 12.97327]]}}, {"type": "Feature", "properties": {}, "geometry": {"type": "LineString", "coordinates": [[77.58114, 12.97327], [77.58121, 12.97316]]}}, {"type": "Feature", "properties": {}, "geometry": {"type": "LineString", "coordinates": [[77.58933, 12.98737], [77.58925, 12.98741]]}}, {"type": "Feature", "properties": {}, "geometry": {"type": "LineString", "coordinates": [[77.5899, 12.98737], [77.59023, 12.988], [77.59005, 12.98807]]}}, {"type": "Feature", "properties": {}, "geometry": {"type": "LineString", "coordinates": [[77.58986, 12.9873], [77.5899, 12.98737]]}}, {"type": "Feature", "properties": {}, "geometry": {"type": "LineString", "coordinates": [[77.5899, 12.98726], [77.58986, 12.9873]]}}, {"type": "Feature", "properties": {}, "geometry": {"type": "LineString", "coordinates": [[77.5904, 12.98708], [77.5899, 12.98726]]}}, {"type": "Feature", "properties": {}, "geometry": {"type": "LineString", "coordinates": [[77.59051, 12.98704], [77.5904, 12.98708]]}}, {"type": "Feature", "properties": {}, "geometry": {"type": "LineString", "coordinates": [[77.59058, 12.98701], [77.59051, 12.98704]]}}, {"type": "Feature", "properties": {}, "geometry": {"type": "LineString", "coordinates": [[77.59065, 12.98697], [77.59058, 12.98701]]}}, {"type": "Feature", "properties": {}, "geometry": {"type": "LineString", "coordinates": [[77.59154, 12.9865], [77.59065, 12.98697]]}}, {"type": "Feature", "properties": {}, "geometry": {"type": "LineString", "coordinates": [[77.59157, 12.98594], [77.59154, 12.9865]]}}, {"type": "Feature", "properties": {}, "geometry": {"type": "LineString", "coordinates": [[77.59255, 12.98305], [77.59259, 12.98407], [77.5917, 12.98464], [77.59157, 12.98594]]}}, {"type": "Feature", "properties": {}, "geometry": {"type": "LineString", "coordinates": [[77.59254, 12.9828], [77.59255, 12.98305]]}}, {"type": "Feature", "properties": {}, "geometry": {"type": "LineString", "coordinates": [[77.59254, 12.98276], [77.59254, 12.9828]]}}, {"type": "Feature", "properties": {}, "geometry": {"type": "LineString", "coordinates": [[77.59254, 12.98273], [77.59254, 12.98276]]}}, {"type": "Feature", "properties": {}, "geometry": {"type": "LineString", "coordinates": [[77.59254, 12.98269], [77.59254, 12.98273]]}}, {"type": "Feature", "properties": {}, "geometry": {"type": "LineString", "coordinates": [[77.58914, 12.9872], [77.58918, 12.98727]]}}, {"type": "Feature", "properties": {}, "geometry": {"type": "LineString", "coordinates": [[77.58903, 12.98653], [77.58914, 12.9872]]}}, {"type": "Feature", "properties": {}, "geometry": {"type": "LineString", "coordinates": [[77.58894, 12.96739], [77.58912, 12.96753]]}}, {"type": "Feature", "properties": {}, "geometry": {"type": "LineString", "coordinates": [[77.58887, 12.96728], [77.58894, 12.96739]]}}, {"type": "Feature", "properties": {}, "geometry": {"type": "LineString", "coordinates": [[77.58847, 12.96669], [77.58832, 12.96683], [77.58887, 12.96728]]}}, {"type": "Feature", "properties": {}, "geometry": {"type": "LineString", "coordinates": [[77.58465, 12.98302], [77.58476, 12.98302]]}}, {"type": "Feature", "properties": {}, "geometry": {"type": "LineString", "coordinates": [[77.58476, 12.98302], [77.58479, 12.98302]]}}, {"type": "Feature", "properties": {}, "geometry": {"type": "LineString", "coordinates": [[77.58479, 12.98302], [77.58483, 12.98302]]}}, {"type": "Feature", "properties": {}, "geometry": {"type": "LineString", "coordinates": [[77.58501, 12.98301], [77.58508, 12.98301]]}}, {"type": "Feature", "properties": {}, "geometry": {"type": "LineString", "coordinates": [[77.58487, 12.98302], [77.58501, 12.98301]]}}, {"type": "Feature", "properties": {}, "geometry": {"type": "LineString", "coordinates": [[77.58483, 12.98302], [77.58487, 12.98302]]}}, {"type": "Feature", "properties": {}, "geometry": {"type": "LineString", "coordinates": [[77.58498, 12.98368], [77.58498, 12.98361]]}}, {"type": "Feature", "properties": {}, "geometry": {"type": "LineString", "coordinates": [[77.58512, 12.98301], [77.58515, 12.98301]]}}, {"type": "Feature", "properties": {}, "geometry": {"type": "LineString", "coordinates": [[77.58515, 12.98301], [77.58533, 12.98301]]}}, {"type": "Feature", "properties": {}, "geometry": {"type": "LineString", "coordinates": [[77.60867, 12.97732], [77.60345, 12.97907]]}}, {"type": "Feature", "properties": {}, "geometry": {"type": "LineString", "coordinates": [[77.60863, 12.97729], [77.60867, 12.97732]]}}, {"type": "Feature", "properties": {}, "geometry": {"type": "LineString", "coordinates": [[77.60815, 12.97585], [77.60863, 12.97729]]}}, {"type": "Feature", "properties": {}, "geometry": {"type": "LineString", "coordinates": [[77.60804, 12.97554], [77.60815, 12.97585]]}}, {"type": "Feature", "properties": {}, "geometry": {"type": "LineString", "coordinates": [[77.58827, 12.99632], [77.58827, 12.99633]]}}, {"type": "Feature", "properties": {}, "geometry": {"type": "LineString", "coordinates": [[77.58827, 12.99633], [77.58831, 12.99646]]}}, {"type": "Feature", "properties": {}, "geometry": {"type": "LineString", "coordinates": [[77.58884, 12.996], [77.58827, 12.99632]]}}, {"type": "Feature", "properties": {}, "geometry": {"type": "LineString", "coordinates": [[77.58909, 12.99585], [77.58884, 12.996]]}}, {"type": "Feature", "properties": {}, "geometry": {"type": "LineString", "coordinates": [[77.58898, 12.99526], [77.58909, 12.99585]]}}, {"type": "Feature", "properties": {}, "geometry": {"type": "LineString", "coordinates": [[77.58861, 12.9941], [77.58898, 12.99526]]}}, {"type": "Feature", "properties": {}, "geometry": {"type": "LineString", "coordinates": [[77.58864, 12.9941], [77.58861, 12.9941]]}}, {"type": "Feature", "properties": {}, "geometry": {"type": "LineString", "coordinates": [[77.58871, 12.99406], [77.58864, 12.9941]]}}, {"type": "Feature", "properties": {}, "geometry": {"type": "LineString", "coordinates": [[77.58889, 12.99399], [77.58871, 12.99406]]}}, {"type": "Feature", "properties": {}, "geometry": {"type": "LineString", "coordinates": [[77.58903, 12.99392], [77.58889, 12.99399]]}}, {"type": "Feature", "properties": {}, "geometry": {"type": "LineString", "coordinates": [[77.58889, 12.99346], [77.58903, 12.99392]]}}, {"type": "Feature", "properties": {}, "geometry": {"type": "LineString", "coordinates": [[77.58885, 12.99332], [77.58889, 12.99346]]}}, {"type": "Feature", "properties": {}, "geometry": {"type": "LineString", "coordinates": [[77.58881, 12.99325], [77.58885, 12.99332]]}}, {"type": "Feature", "properties": {}, "geometry": {"type": "LineString", "coordinates": [[77.5886, 12.99055], [77.58851, 12.99171], [77.58881, 12.99325]]}}, {"type": "Feature", "properties": {}, "geometry": {"type": "LineString", "coordinates": [[77.58864, 12.9904], [77.5886, 12.99055]]}}, {"type": "Feature", "properties": {}, "geometry": {"type": "LineString", "coordinates": [[77.58867, 12.99005], [77.58864, 12.9904]]}}, {"type": "Feature", "properties": {}, "geometry": {"type": "LineString", "coordinates": [[77.58893, 12.98716], [77.58867, 12.99005]]}}, {"type": "Feature", "properties": {}, "geometry": {"type": "LineString", "coordinates": [[77.58893, 12.98709], [77.58893, 12.98716]]}}, {"type": "Feature", "properties": {}, "geometry": {"type": "LineString", "coordinates": [[77.58893, 12.98685], [77.58893, 12.98709]]}}, {"type": "Feature", "properties": {}, "geometry": {"type": "LineString", "coordinates": [[77.58892, 12.98681], [77.58893, 12.98685]]}}, {"type": "Feature", "properties": {}, "geometry": {"type": "LineString", "coordinates": [[77.58889, 12.98678], [77.58892, 12.98681]]}}, {"type": "Feature", "properties": {}, "geometry": {"type": "LineString", "coordinates": [[77.58889, 12.98664], [77.58889, 12.98678]]}}, {"type": "Feature", "properties": {}, "geometry": {"type": "LineString", "coordinates": [[77.58754, 12.98447], [77.58815, 12.98474], [77.58889, 12.98664]]}}, {"type": "Feature", "properties": {}, "geometry": {"type": "LineString", "coordinates": [[77.58534, 12.98368], [77.58754, 12.98447]]}}, {"type": "Feature", "properties": {}, "geometry": {"type": "LineString", "coordinates": [[77.58534, 12.98365], [77.58534, 12.98368]]}}, {"type": "Feature", "properties": {}, "geometry": {"type": "LineString", "coordinates": [[77.59276, 12.98252], [77.59254, 12.98269]]}}, {"type": "Feature", "properties": {}, "geometry": {"type": "LineString", "coordinates": [[77.59294, 12.97952], [77.59457, 12.98134], [77.59433, 12.98187], [77.59276, 12.98252]]}}, {"type": "Feature", "properties": {}, "geometry": {"type": "LineString", "coordinates": [[77.58884, 12.96792], [77.58884, 12.96858], [77.59014, 12.97293], [77.58997, 12.97339], [77.59042, 12.9749], [77.59032, 12.97596], [77.5908, 12.97719], [77.59294, 12.97952]]}}, {"type": "Feature", "properties": {}, "geometry": {"type": "LineString", "coordinates": [[77.58891, 12.96767], [77.58884, 12.96792]]}}, {"type": "Feature", "properties": {}, "geometry": {"type": "LineString", "coordinates": [[77.57946, 12.97392], [77.57939, 12.97396]]}}, {"type": "Feature", "properties": {}, "geometry": {"type": "LineString", "coordinates": [[77.5795, 12.97389], [77.57946, 12.97392]]}}, {"type": "Feature", "properties": {}, "geometry": {"type": "LineString", "coordinates": [[77.57489, 12.97562], [77.57471, 12.97562], [77.57448, 12.97481], [77.57061, 12.97492]]}}, {"type": "Feature", "properties": {}, "geometry": {"type": "LineString", "coordinates": [[77.57582, 12.97551], [77.57489, 12.97562]]}}, {"type": "Feature", "properties": {}, "geometry": {"type": "LineString", "coordinates": [[77.57585, 12.9755], [77.57582, 12.97551]]}}, {"type": "Feature", "properties": {}, "geometry": {"type": "LineString", "coordinates": [[77.57828, 12.97446], [77.57585, 12.9755]]}}, {"type": "Feature", "properties": {}, "geometry": {"type": "LineString", "coordinates": [[77.57832, 12.97442], [77.57828, 12.97446]]}}, {"type": "Feature", "properties": {}, "geometry": {"type": "LineString", "coordinates": [[77.57835, 12.97439], [77.57832, 12.97442]]}}, {"type": "Feature", "properties": {}, "geometry": {"type": "LineString", "coordinates": [[77.57939, 12.97396], [77.57835, 12.97439]]}}, {"type": "Feature", "properties": {}, "geometry": {"type": "LineString", "coordinates": [[77.58595, 12.98051], [77.58613, 12.9804]]}}, {"type": "Feature", "properties": {}, "geometry": {"type": "LineString", "coordinates": [[77.58511, 12.97921], [77.58511, 12.97918]]}}, {"type": "Feature", "properties": {}, "geometry": {"type": "LineString", "coordinates": [[77.58511, 12.97918], [77.58515, 12.97918]]}}, {"type": "Feature", "properties": {}, "geometry": {"type": "LineString", "coordinates": [[77.58515, 12.97918], [77.58519, 12.97914]]}}, {"type": "Feature", "properties": {}, "geometry": {"type": "LineString", "coordinates": [[77.58519, 12.97914], [77.58526, 12.97914]]}}, {"type": "Feature", "properties": {}, "geometry": {"type": "LineString", "coordinates": [[77.58636, 12.98173], [77.58639, 12.98149]]}}, {"type": "Feature", "properties": {}, "geometry": {"type": "LineString", "coordinates": [[77.58639, 12.98149], [77.58643, 12.98145]]}}, {"type": "Feature", "properties": {}, "geometry": {"type": "LineString", "coordinates": [[77.58643, 12.98145], [77.58646, 12.98145]]}}, {"type": "Feature", "properties": {}, "geometry": {"type": "LineString", "coordinates": [[77.58646, 12.98145], [77.5865, 12.98145]]}}, {"type": "Feature", "properties": {}, "geometry": {"type": "LineString", "coordinates": [[77.5865, 12.98145], [77.5865, 12.98142]]}}, {"type": "Feature", "properties": {}, "geometry": {"type": "LineString", "coordinates": [[77.5865, 12.98142], [77.58654, 12.98142]]}}, {"type": "Feature", "properties": {}, "geometry": {"type": "LineString", "coordinates": [[77.58654, 12.98142], [77.58606, 12.98068]]}}, {"type": "Feature", "properties": {}, "geometry": {"type": "LineString", "coordinates": [[77.58606, 12.98068], [77.58595, 12.98051]]}}, {"type": "Feature", "properties": {}, "geometry": {"type": "LineString", "coordinates": [[77.58595, 12.98051], [77.58584, 12.98033]]}}, {"type": "Feature", "properties": {}, "geometry": {"type": "LineString", "coordinates": [[77.58584, 12.98033], [77.58581, 12.98026]]}}, {"type": "Feature", "properties": {}, "geometry": {"type": "LineString", "coordinates": [[77.58581, 12.98026], [77.58573, 12.98019]]}}, {"type": "Feature", "properties": {}, "geometry": {"type": "LineString", "coordinates": [[77.58573, 12.98019], [77.58533, 12.9796]]}}, {"type": "Feature", "properties": {}, "geometry": {"type": "LineString", "coordinates": [[77.58533, 12.9796], [77.58511, 12.97921]]}}, {"type": "Feature", "properties": {}, "geometry": {"type": "LineString", "coordinates": [[77.58511, 12.97921], [77.58449, 12.97806]]}}, {"type": "Feature", "properties": {}, "geometry": {"type": "LineString", "coordinates": [[77.58449, 12.97806], [77.58713, 12.9762]]}}, {"type": "Feature", "properties": {}, "geometry": {"type": "LineString", "coordinates": [[77.58701, 12.97166], [77.58704, 12.97149]]}}, {"type": "Feature", "properties": {}, "geometry": {"type": "LineString", "coordinates": [[77.58745, 12.97578], [77.5873, 12.97553]]}}, {"type": "Feature", "properties": {}, "geometry": {"type": "LineString", "coordinates": [[77.5873, 12.97553], [77.5869, 12.97459]]}}, {"type": "Feature", "properties": {}, "geometry": {"type": "LineString", "coordinates": [[77.5869, 12.97459], [77.58682, 12.9743]]}}, {"type": "Feature", "properties": {}, "geometry": {"type": "LineString", "coordinates": [[77.58682, 12.9743], [77.58678, 12.97402]]}}, {"type": "Feature", "properties": {}, "geometry": {"type": "LineString", "coordinates": [[77.58592, 12.97706], [77.58613, 12.97695]]}}, {"type": "Feature", "properties": {}, "geometry": {"type": "LineString", "coordinates": [[77.58584, 12.98033], [77.58599, 12.98023]]}}, {"type": "Feature", "properties": {}, "geometry": {"type": "LineString", "coordinates": [[77.58925, 12.9872], [77.58925, 12.98702]]}}, {"type": "Feature", "properties": {}, "geometry": {"type": "LineString", "coordinates": [[77.60683, 12.99318], [77.60726, 12.99356]]}}, {"type": "Feature", "properties": {}, "geometry": {"type": "LineString", "coordinates": [[77.60554, 12.99351], [77.60632, 12.99318]]}}, {"type": "Feature", "properties": {}, "geometry": {"type": "LineString", "coordinates": [[77.60632, 12.99318], [77.60683, 12.99318]]}}, {"type": "Feature", "properties": {}, "geometry": {"type": "LineString", "coordinates": [[77.58915, 12.98744], [77.58904, 12.98748]]}}, {"type": "Feature", "properties": {}, "geometry": {"type": "LineString", "coordinates": [[77.58774, 12.99668], [77.58781, 12.99675]]}}, {"type": "Feature", "properties": {}, "geometry": {"type": "LineString", "coordinates": [[77.58532, 12.99248], [77.58487, 12.99368], [77.58462, 12.99361], [77.58269, 12.9912]]}}, {"type": "Feature", "properties": {}, "geometry": {"type": "LineString", "coordinates": [[77.58573, 12.99019], [77.58532, 12.99248]]}}, {"type": "Feature", "properties": {}, "geometry": {"type": "LineString", "coordinates": [[77.58269, 12.9912], [77.5824, 12.99085]]}}, {"type": "Feature", "properties": {}, "geometry": {"type": "LineString", "coordinates": [[77.5824, 12.99085], [77.58171, 12.98966]]}}, {"type": "Feature", "properties": {}, "geometry": {"type": "LineString", "coordinates": [[77.58697, 12.98817], [77.58586, 12.98927], [77.58573, 12.99019]]}}, {"type": "Feature", "properties": {}, "geometry": {"type": "LineString", "coordinates": [[77.58171, 12.98966], [77.58163, 12.98956]]}}, {"type": "Feature", "properties": {}, "geometry": {"type": "LineString", "coordinates": [[77.58163, 12.98956], [77.58163, 12.98952]]}}, {"type": "Feature", "properties": {}, "geometry": {"type": "LineString", "coordinates": [[77.58163, 12.98952], [77.58032, 12.98743]]}}, {"type": "Feature", "properties": {}, "geometry": {"type": "LineString", "coordinates": [[77.58867, 12.98681], [77.58697, 12.98817]]}}, {"type": "Feature", "properties": {}, "geometry": {"type": "LineString", "coordinates": [[77.58032, 12.98743], [77.58032, 12.98739]]}}, {"type": "Feature", "properties": {}, "geometry": {"type": "LineString", "coordinates": [[77.58032, 12.98739], [77.57988, 12.98673]]}}, {"type": "Feature", "properties": {}, "geometry": {"type": "LineString", "coordinates": [[77.58896, 12.98709], [77.58893, 12.98709]]}}, {"type": "Feature", "properties": {}, "geometry": {"type": "LineString", "coordinates": [[77.58893, 12.98709], [77.58889, 12.98709]]}}, {"type": "Feature", "properties": {}, "geometry": {"type": "LineString", "coordinates": [[77.58889, 12.98709], [77.58875, 12.98699]]}}, {"type": "Feature", "properties": {}, "geometry": {"type": "LineString", "coordinates": [[77.58875, 12.98699], [77.58875, 12.98695]]}}, {"type": "Feature", "properties": {}, "geometry": {"type": "LineString", "coordinates": [[77.58875, 12.98695], [77.58871, 12.98688]]}}, {"type": "Feature", "properties": {}, "geometry": {"type": "LineString", "coordinates": [[77.58871, 12.98688], [77.58867, 12.98681]]}}, {"type": "Feature", "properties": {}, "geometry": {"type": "LineString", "coordinates": [[77.57905, 12.97551], [77.57905, 12.97547]]}}, {"type": "Feature", "properties": {}, "geometry": {"type": "LineString", "coordinates": [[77.57905, 12.97547], [77.57905, 12.97551]]}}, {"type": "Feature", "properties": {}, "geometry": {"type": "LineString", "coordinates": [[77.58897, 12.98759], [77.58893, 12.98773]]}}, {"type": "Feature", "properties": {}, "geometry": {"type": "LineString", "coordinates": [[77.58911, 12.98741], [77.58897, 12.98759]]}}, {"type": "Feature", "properties": {}, "geometry": {"type": "LineString", "coordinates": [[77.58911, 12.98744], [77.58911, 12.98741]]}}, {"type": "Feature", "properties": {}, "geometry": {"type": "LineString", "coordinates": [[77.58462, 12.98386], [77.58495, 12.98386]]}}, {"type": "Feature", "properties": {}, "geometry": {"type": "LineString", "coordinates": [[77.58495, 12.98386], [77.5852, 12.98382]]}}, {"type": "Feature", "properties": {}, "geometry": {"type": "LineString", "coordinates": [[77.58727, 12.97588], [77.58723, 12.97578]]}}, {"type": "Feature", "properties": {}, "geometry": {"type": "LineString", "coordinates": [[77.58723, 12.97578], [77.58712, 12.97546]]}}, {"type": "Feature", "properties": {}, "geometry": {"type": "LineString", "coordinates": [[77.58712, 12.97546], [77.58708, 12.97532]]}}, {"type": "Feature", "properties": {}, "geometry": {"type": "LineString", "coordinates": [[77.58708, 12.97532], [77.58701, 12.97508]]}}, {"type": "Feature", "properties": {}, "geometry": {"type": "LineString", "coordinates": [[77.58701, 12.97508], [77.58686, 12.97459]]}}, {"type": "Feature", "properties": {}, "geometry": {"type": "LineString", "coordinates": [[77.58686, 12.97459], [77.58679, 12.97431]]}}, {"type": "Feature", "properties": {}, "geometry": {"type": "LineString", "coordinates": [[77.58679, 12.97431], [77.58678, 12.97402]]}}, {"type": "Feature", "properties": {}, "geometry": {"type": "LineString", "coordinates": [[77.58678, 12.97402], [77.58681, 12.97364]]}}, {"type": "Feature", "properties": {}, "geometry": {"type": "LineString", "coordinates": [[77.58933, 12.98741], [77.58925, 12.98741]]}}, {"type": "Feature", "properties": {}, "geometry": {"type": "LineString", "coordinates": [[77.58982, 12.98652], [77.58993, 12.98645]]}}, {"type": "Feature", "properties": {}, "geometry": {"type": "LineString", "coordinates": [[77.58993, 12.98645], [77.58996, 12.98641]]}}, {"type": "Feature", "properties": {}, "geometry": {"type": "LineString", "coordinates": [[77.58996, 12.98641], [77.59, 12.98634]]}}, {"type": "Feature", "properties": {}, "geometry": {"type": "LineString", "coordinates": [[77.59, 12.98634], [77.59003, 12.98631]]}}, {"type": "Feature", "properties": {}, "geometry": {"type": "LineString", "coordinates": [[77.59003, 12.98631], [77.5901, 12.98624]]}}, {"type": "Feature", "properties": {}, "geometry": {"type": "LineString", "coordinates": [[77.58893, 12.98769], [77.58871, 12.99044]]}}, {"type": "Feature", "properties": {}, "geometry": {"type": "LineString", "coordinates": [[77.58871, 12.99044], [77.58867, 12.9904]]}}, {"type": "Feature", "properties": {}, "geometry": {"type": "LineString", "coordinates": [[77.589, 12.98762], [77.58893, 12.98769]]}}, {"type": "Feature", "properties": {}, "geometry": {"type": "LineString", "coordinates": [[77.58904, 12.98748], [77.589, 12.98762]]}}, {"type": "Feature", "properties": {}, "geometry": {"type": "LineString", "coordinates": [[77.58911, 12.98741], [77.58904, 12.98748]]}}, {"type": "Feature", "properties": {}, "geometry": {"type": "LineString", "coordinates": [[77.58915, 12.9873], [77.58911, 12.98741]]}}, {"type": "Feature", "properties": {}, "geometry": {"type": "LineString", "coordinates": [[77.58918, 12.98727], [77.58915, 12.9873]]}}, {"type": "Feature", "properties": {}, "geometry": {"type": "LineString", "coordinates": [[77.58918, 12.98723], [77.58918, 12.98727]]}}, {"type": "Feature", "properties": {}, "geometry": {"type": "LineString", "coordinates": [[77.58922, 12.98716], [77.58918, 12.98723]]}}, {"type": "Feature", "properties": {}, "geometry": {"type": "LineString", "coordinates": [[77.58925, 12.98702], [77.58922, 12.98716]]}}, {"type": "Feature", "properties": {}, "geometry": {"type": "LineString", "coordinates": [[77.59001, 12.98789], [77.59008, 12.98786]]}}, {"type": "Feature", "properties": {}, "geometry": {"type": "LineString", "coordinates": [[77.59043, 12.98697], [77.59051, 12.98704]]}}, {"type": "Feature", "properties": {}, "geometry": {"type": "LineString", "coordinates": [[77.59018, 12.98666], [77.59043, 12.98697]]}}, {"type": "Feature", "properties": {}, "geometry": {"type": "LineString", "coordinates": [[77.58996, 12.98641], [77.59018, 12.98666]]}}, {"type": "Feature", "properties": {}, "geometry": {"type": "LineString", "coordinates": [[77.58964, 12.9861], [77.58996, 12.98641]]}}, {"type": "Feature", "properties": {}, "geometry": {"type": "LineString", "coordinates": [[77.59255, 12.98305], [77.59116, 12.98419], [77.58964, 12.9861]]}}, {"type": "Feature", "properties": {}, "geometry": {"type": "LineString", "coordinates": [[77.59505, 12.98189], [77.59322, 12.98251], [77.59255, 12.98305]]}}, {"type": "Feature", "properties": {}, "geometry": {"type": "LineString", "coordinates": [[77.59512, 12.98186], [77.59505, 12.98189]]}}, {"type": "Feature", "properties": {}, "geometry": {"type": "LineString", "coordinates": [[77.59555, 12.98168], [77.59512, 12.98186]]}}, {"type": "Feature", "properties": {}, "geometry": {"type": "LineString", "coordinates": [[77.59612, 12.9815], [77.59555, 12.98168]]}}, {"type": "Feature", "properties": {}, "geometry": {"type": "LineString", "coordinates": [[77.59791, 12.98092], [77.59612, 12.9815]]}}, {"type": "Feature", "properties": {}, "geometry": {"type": "LineString", "coordinates": [[77.60173, 12.97965], [77.59791, 12.98092]]}}, {"type": "Feature", "properties": {}, "geometry": {"type": "LineString", "coordinates": [[77.60238, 12.97943], [77.60173, 12.97965]]}}, {"type": "Feature", "properties": {}, "geometry": {"type": "LineString", "coordinates": [[77.60345, 12.97907], [77.60238, 12.97943]]}}, {"type": "Feature", "properties": {}, "geometry": {"type": "LineString", "coordinates": [[77.58907, 12.9872], [77.58915, 12.9873]]}}, {"type": "Feature", "properties": {}, "geometry": {"type": "LineString", "coordinates": [[77.58896, 12.98709], [77.58907, 12.9872]]}}, {"type": "Feature", "properties": {}, "geometry": {"type": "LineString", "coordinates": [[77.58868, 12.99051], [77.58871, 12.99044]]}}, {"type": "Feature", "properties": {}, "geometry": {"type": "LineString", "coordinates": [[77.58871, 12.99044], [77.58893, 12.98773]]}}, {"type": "Feature", "properties": {}, "geometry": {"type": "LineString", "coordinates": [[77.58933, 12.98751], [77.58911, 12.98762]]}}, {"type": "Feature", "properties": {}, "geometry": {"type": "LineString", "coordinates": [[77.58936, 12.98751], [77.58933, 12.98751]]}}, {"type": "Feature", "properties": {}, "geometry": {"type": "LineString", "coordinates": [[77.58947, 12.98747], [77.58936, 12.98751]]}}, {"type": "Feature", "properties": {}, "geometry": {"type": "LineString", "coordinates": [[77.58965, 12.98737], [77.58947, 12.98747]]}}, {"type": "Feature", "properties": {}, "geometry": {"type": "LineString", "coordinates": [[77.58976, 12.98733], [77.58965, 12.98737]]}}, {"type": "Feature", "properties": {}, "geometry": {"type": "LineString", "coordinates": [[77.58983, 12.9873], [77.58976, 12.98733]]}}, {"type": "Feature", "properties": {}, "geometry": {"type": "LineString", "coordinates": [[77.58986, 12.9873], [77.58983, 12.9873]]}}, {"type": "Feature", "properties": {}, "geometry": {"type": "LineString", "coordinates": [[77.58954, 12.98744], [77.58958, 12.98758]]}}, {"type": "Feature", "properties": {}, "geometry": {"type": "LineString", "coordinates": [[77.59962, 12.99051], [77.60005, 12.99043]]}}, {"type": "Feature", "properties": {}, "geometry": {"type": "LineString", "coordinates": [[77.59958, 12.99029], [77.59962, 12.99051]]}}, {"type": "Feature", "properties": {}, "geometry": {"type": "LineString", "coordinates": [[77.60005, 12.99043], [77.60095, 12.99018]]}}, {"type": "Feature", "properties": {}, "geometry": {"type": "LineString", "coordinates": [[77.60662, 12.99026], [77.60694, 12.99029]]}}, {"type": "Feature", "properties": {}, "geometry": {"type": "LineString", "coordinates": [[77.60597, 12.99023], [77.60662, 12.99026]]}}, {"type": "Feature", "properties": {}, "geometry": {"type": "LineString", "coordinates": [[77.5984, 12.98707], [77.59922, 12.9893]]}}, {"type": "Feature", "properties": {}, "geometry": {"type": "LineString", "coordinates": [[77.59922, 12.9893], [77.59958, 12.99029]]}}, {"type": "Feature", "properties": {}, "geometry": {"type": "LineString", "coordinates": [[77.60532, 12.9902], [77.60597, 12.99023]]}}, {"type": "Feature", "properties": {}, "geometry": {"type": "LineString", "coordinates": [[77.60464, 12.99021], [77.60532, 12.9902]]}}, {"type": "Feature", "properties": {}, "geometry": {"type": "LineString", "coordinates": [[77.60443, 12.99018], [77.60464, 12.99021]]}}, {"type": "Feature", "properties": {}, "geometry": {"type": "LineString", "coordinates": [[77.60421, 12.99014], [77.60443, 12.99018]]}}, {"type": "Feature", "properties": {}, "geometry": {"type": "LineString", "coordinates": [[77.60382, 12.99011], [77.60421, 12.99014]]}}, {"type": "Feature", "properties": {}, "geometry": {"type": "LineString", "coordinates": [[77.60095, 12.99018], [77.60098, 12.99018]]}}, {"type": "Feature", "properties": {}, "geometry": {"type": "LineString", "coordinates": [[77.60098, 12.99018], [77.6017, 12.98999]]}}, {"type": "Feature", "properties": {}, "geometry": {"type": "LineString", "coordinates": [[77.60292, 12.99005], [77.60382, 12.99011]]}}, {"type": "Feature", "properties": {}, "geometry": {"type": "LineString", "coordinates": [[77.6017, 12.98999], [77.60292, 12.99005]]}}, {"type": "Feature", "properties": {}, "geometry": {"type": "LineString", "coordinates": [[77.59829, 12.98675], [77.5984, 12.98707]]}}, {"type": "Feature", "properties": {}, "geometry": {"type": "LineString", "coordinates": [[77.59803, 12.98616], [77.59829, 12.98675]]}}, {"type": "Feature", "properties": {}, "geometry": {"type": "LineString", "coordinates": [[77.59733, 12.98451], [77.59803, 12.98616]]}}, {"type": "Feature", "properties": {}, "geometry": {"type": "LineString", "coordinates": [[77.58925, 12.98698], [77.58918, 12.98691]]}}, {"type": "Feature", "properties": {}, "geometry": {"type": "LineString", "coordinates": [[77.58918, 12.98691], [77.58914, 12.98677]]}}, {"type": "Feature", "properties": {}, "geometry": {"type": "LineString", "coordinates": [[77.58947, 12.98758], [77.58951, 12.98769]]}}, {"type": "Feature", "properties": {}, "geometry": {"type": "LineString", "coordinates": [[77.58976, 12.9873], [77.58976, 12.98733]]}}, {"type": "Feature", "properties": {}, "geometry": {"type": "LineString", "coordinates": [[77.59396, 12.99151], [77.59422, 12.9919]]}}, {"type": "Feature", "properties": {}, "geometry": {"type": "LineString", "coordinates": [[77.59371, 12.9912], [77.59396, 12.99151]]}}, {"type": "Feature", "properties": {}, "geometry": {"type": "LineString", "coordinates": [[77.59371, 12.99116], [77.59371, 12.9912]]}}, {"type": "Feature", "properties": {}, "geometry": {"type": "LineString", "coordinates": [[77.59352, 12.99092], [77.59371, 12.99116]]}}, {"type": "Feature", "properties": {}, "geometry": {"type": "LineString", "coordinates": [[77.59342, 12.99074], [77.59352, 12.99092]]}}, {"type": "Feature", "properties": {}, "geometry": {"type": "LineString", "coordinates": [[77.59327, 12.99057], [77.59342, 12.99074]]}}, {"type": "Feature", "properties": {}, "geometry": {"type": "LineString", "coordinates": [[77.59302, 12.99022], [77.59327, 12.99057]]}}, {"type": "Feature", "properties": {}, "geometry": {"type": "LineString", "coordinates": [[77.59283, 12.98983], [77.59302, 12.99022]]}}, {"type": "Feature", "properties": {}, "geometry": {"type": "LineString", "coordinates": [[77.59058, 12.98711], [77.59283, 12.98983]]}}, {"type": "Feature", "properties": {}, "geometry": {"type": "LineString", "coordinates": [[77.59001, 12.98796], [77.59008, 12.98786]]}}, {"type": "Feature", "properties": {}, "geometry": {"type": "LineString", "coordinates": [[77.59008, 12.98786], [77.58986, 12.9874]]}}, {"type": "Feature", "properties": {}, "geometry": {"type": "LineString", "coordinates": [[77.58986, 12.9874], [77.5899, 12.98737]]}}, {"type": "Feature", "properties": {}, "geometry": {"type": "LineString", "coordinates": [[77.5899, 12.98737], [77.59058, 12.98711]]}}, {"type": "Feature", "properties": {}, "geometry": {"type": "LineString", "coordinates": [[77.58578, 12.99121], [77.5861, 12.99113]]}}, {"type": "Feature", "properties": {}, "geometry": {"type": "LineString", "coordinates": [[77.58591, 12.99018], [77.58591, 12.99026]]}}, {"type": "Feature", "properties": {}, "geometry": {"type": "LineString", "coordinates": [[77.58707, 12.98834], [77.58611, 12.98923], [77.58591, 12.99018]]}}, {"type": "Feature", "properties": {}, "geometry": {"type": "LineString", "coordinates": [[77.58875, 12.98695], [77.58707, 12.98834]]}}, {"type": "Feature", "properties": {}, "geometry": {"type": "LineString", "coordinates": [[77.58893, 12.98685], [77.58875, 12.98695]]}}, {"type": "Feature", "properties": {}, "geometry": {"type": "LineString", "coordinates": [[77.589, 12.98678], [77.58893, 12.98685]]}}, {"type": "Feature", "properties": {}, "geometry": {"type": "LineString", "coordinates": [[77.58918, 12.98716], [77.58922, 12.98716]]}}, {"type": "Feature", "properties": {}, "geometry": {"type": "LineString", "coordinates": [[77.5896, 12.9861], [77.58942, 12.98624]]}}, {"type": "Feature", "properties": {}, "geometry": {"type": "LineString", "coordinates": [[77.58964, 12.9861], [77.5896, 12.9861]]}}, {"type": "Feature", "properties": {}, "geometry": {"type": "LineString", "coordinates": [[77.58971, 12.98599], [77.58964, 12.9861]]}}, {"type": "Feature", "properties": {}, "geometry": {"type": "LineString", "coordinates": [[77.58971, 12.98596], [77.58971, 12.98599]]}}, {"type": "Feature", "properties": {}, "geometry": {"type": "LineString", "coordinates": [[77.59255, 12.98305], [77.59151, 12.98387], [77.58971, 12.98596]]}}, {"type": "Feature", "properties": {}, "geometry": {"type": "LineString", "coordinates": [[77.59512, 12.98186], [77.59322, 12.98255], [77.59255, 12.98305]]}}, {"type": "Feature", "properties": {}, "geometry": {"type": "LineString", "coordinates": [[77.59555, 12.98171], [77.59512, 12.98186]]}}, {"type": "Feature", "properties": {}, "geometry": {"type": "LineString", "coordinates": [[77.59615, 12.9815], [77.59555, 12.98171]]}}, {"type": "Feature", "properties": {}, "geometry": {"type": "LineString", "coordinates": [[77.60173, 12.97968], [77.59615, 12.9815]]}}, {"type": "Feature", "properties": {}, "geometry": {"type": "LineString", "coordinates": [[77.60205, 12.97957], [77.60173, 12.97968]]}}, {"type": "Feature", "properties": {}, "geometry": {"type": "LineString", "coordinates": [[77.60345, 12.9791], [77.60205, 12.97957]]}}, {"type": "Feature", "properties": {}, "geometry": {"type": "LineString", "coordinates": [[77.58578, 12.99117], [77.58735, 12.99087]]}}, {"type": "Feature", "properties": {}, "geometry": {"type": "LineString", "coordinates": [[77.58516, 12.99378], [77.58519, 12.99378]]}}, {"type": "Feature", "properties": {}, "geometry": {"type": "LineString", "coordinates": [[77.58505, 12.99375], [77.58516, 12.99378]]}}, {"type": "Feature", "properties": {}, "geometry": {"type": "LineString", "coordinates": [[77.58536, 12.99248], [77.58505, 12.99375]]}}, {"type": "Feature", "properties": {}, "geometry": {"type": "LineString", "coordinates": [[77.5856, 12.9911], [77.58536, 12.99248]]}}, {"type": "Feature", "properties": {}, "geometry": {"type": "LineString", "coordinates": [[77.58578, 12.9911], [77.58574, 12.9911]]}}, {"type": "Feature", "properties": {}, "geometry": {"type": "LineString", "coordinates": [[77.58574, 12.9911], [77.5857, 12.9911]]}}, {"type": "Feature", "properties": {}, "geometry": {"type": "LineString", "coordinates": [[77.5857, 12.9911], [77.5856, 12.9911]]}}, {"type": "Feature", "properties": {}, "geometry": {"type": "LineString", "coordinates": [[77.5848, 12.99361], [77.58511, 12.99311], [77.58593, 12.98906], [77.58885, 12.9866], [77.58837, 12.98537]]}}, {"type": "Feature", "properties": {}, "geometry": {"type": "LineString", "coordinates": [[77.58837, 12.98534], [77.58797, 12.98467]]}}, {"type": "Feature", "properties": {}, "geometry": {"type": "LineString", "coordinates": [[77.58875, 12.98695], [77.58839, 12.98724]]}}, {"type": "Feature", "properties": {}, "geometry": {"type": "LineString", "coordinates": [[77.58896, 12.98716], [77.58893, 12.98716]]}}, {"type": "Feature", "properties": {}, "geometry": {"type": "LineString", "coordinates": [[77.58893, 12.98716], [77.58889, 12.98709]]}}, {"type": "Feature", "properties": {}, "geometry": {"type": "LineString", "coordinates": [[77.58889, 12.98709], [77.58885, 12.98692]]}}, {"type": "Feature", "properties": {}, "geometry": {"type": "LineString", "coordinates": [[77.58885, 12.98692], [77.58875, 12.98695]]}}, {"type": "Feature", "properties": {}, "geometry": {"type": "LineString", "coordinates": [[77.58537, 12.98333], [77.58537, 12.98298]]}}, {"type": "Feature", "properties": {}, "geometry": {"type": "LineString", "coordinates": [[77.58537, 12.98298], [77.58537, 12.98294]]}}, {"type": "Feature", "properties": {}, "geometry": {"type": "LineString", "coordinates": [[77.62841, 13.002], [77.62831, 13.00204]]}}, {"type": "Feature", "properties": {}, "geometry": {"type": "LineString", "coordinates": [[77.6278, 13.0018], [77.62784, 13.00194]]}}, {"type": "Feature", "properties": {}, "geometry": {"type": "LineString", "coordinates": [[77.62802, 13.0019], [77.62795, 13.00194]]}}, {"type": "Feature", "properties": {}, "geometry": {"type": "LineString", "coordinates": [[77.58502, 12.98368], [77.58502, 12.98361]]}}, {"type": "Feature", "properties": {}, "geometry": {"type": "LineString", "coordinates": [[77.5965, 12.99441], [77.59636, 12.99413]]}}, {"type": "Feature", "properties": {}, "geometry": {"type": "LineString", "coordinates": [[77.59071, 12.98641], [77.59157, 12.98594]]}}, {"type": "Feature", "properties": {}, "geometry": {"type": "LineString", "coordinates": [[77.59157, 12.98594], [77.59304, 12.98543]]}}, {"type": "Feature", "properties": {}, "geometry": {"type": "LineString", "coordinates": [[77.59304, 12.98543], [77.59307, 12.9854]]}}, {"type": "Feature", "properties": {}, "geometry": {"type": "LineString", "coordinates": [[77.59307, 12.9854], [77.59454, 12.98514]]}}, {"type": "Feature", "properties": {}, "geometry": {"type": "LineString", "coordinates": [[77.59454, 12.98514], [77.59428, 12.98433], [77.59464, 12.98422], [77.59618, 12.98406], [77.59633, 12.98456], [77.59694, 12.9843], [77.59723, 12.98444]]}}, {"type": "Feature", "properties": {}, "geometry": {"type": "LineString", "coordinates": [[77.59723, 12.98444], [77.59733, 12.98451]]}}, {"type": "Feature", "properties": {}, "geometry": {"type": "LineString", "coordinates": [[77.58515, 12.98315], [77.58515, 12.98301]]}}, {"type": "Feature", "properties": {}, "geometry": {"type": "LineString", "coordinates": [[77.58515, 12.98301], [77.58515, 12.98298]]}}, {"type": "Feature", "properties": {}, "geometry": {"type": "LineString", "coordinates": [[77.58515, 12.98298], [77.58519, 12.98298]]}}, {"type": "Feature", "properties": {}, "geometry": {"type": "LineString", "coordinates": [[77.58502, 12.98368], [77.58505, 12.98368]]}}, {"type": "Feature", "properties": {}, "geometry": {"type": "LineString", "coordinates": [[77.58505, 12.98368], [77.58505, 12.98361]]}}, {"type": "Feature", "properties": {}, "geometry": {"type": "LineString", "coordinates": [[77.5894, 12.98762], [77.58933, 12.98751]]}}, {"type": "Feature", "properties": {}, "geometry": {"type": "LineString", "coordinates": [[77.58962, 12.98846], [77.58977, 12.98839]]}}, {"type": "Feature", "properties": {}, "geometry": {"type": "LineString", "coordinates": [[77.59061, 12.98708], [77.5909, 12.98736]]}}, {"type": "Feature", "properties": {}, "geometry": {"type": "LineString", "coordinates": [[77.5904, 12.98708], [77.59061, 12.98708]]}}, {"type": "Feature", "properties": {}, "geometry": {"type": "LineString", "coordinates": [[77.59043, 12.98708], [77.59043, 12.98697]]}}, {"type": "Feature", "properties": {}, "geometry": {"type": "LineString", "coordinates": [[77.58451, 12.98327], [77.58465, 12.98334]]}}, {"type": "Feature", "properties": {}, "geometry": {"type": "LineString", "coordinates": [[77.58277, 12.98128], [77.58401, 12.98306], [77.58444, 12.98306], [77.58451, 12.98327]]}}, {"type": "Feature", "properties": {}, "geometry": {"type": "LineString", "coordinates": [[77.58211, 12.98002], [77.58277, 12.98128]]}}, {"type": "Feature", "properties": {}, "geometry": {"type": "LineString", "coordinates": [[77.58207, 12.97991], [77.58211, 12.98002]]}}, {"type": "Feature", "properties": {}, "geometry": {"type": "LineString", "coordinates": [[77.58189, 12.97963], [77.58207, 12.97991]]}}, {"type": "Feature", "properties": {}, "geometry": {"type": "LineString", "coordinates": [[77.58185, 12.97963], [77.58189, 12.97963]]}}, {"type": "Feature", "properties": {}, "geometry": {"type": "LineString", "coordinates": [[77.58152, 12.97907], [77.58185, 12.97963]]}}, {"type": "Feature", "properties": {}, "geometry": {"type": "LineString", "coordinates": [[77.57992, 12.97673], [77.58152, 12.97907]]}}, {"type": "Feature", "properties": {}, "geometry": {"type": "LineString", "coordinates": [[77.57989, 12.9767], [77.57992, 12.97673]]}}, {"type": "Feature", "properties": {}, "geometry": {"type": "LineString", "coordinates": [[77.57905, 12.97551], [77.57989, 12.9767]]}}, {"type": "Feature", "properties": {}, "geometry": {"type": "LineString", "coordinates": [[77.57905, 12.97547], [77.57905, 12.97551]]}}, {"type": "Feature", "properties": {}, "geometry": {"type": "LineString", "coordinates": [[77.57835, 12.97446], [77.57905, 12.97547]]}}, {"type": "Feature", "properties": {}, "geometry": {"type": "LineString", "coordinates": [[77.57832, 12.97442], [77.57835, 12.97446]]}}, {"type": "Feature", "properties": {}, "geometry": {"type": "LineString", "coordinates": [[77.57832, 12.97439], [77.57832, 12.97442]]}}, {"type": "Feature", "properties": {}, "geometry": {"type": "LineString", "coordinates": [[77.58442, 12.97788], [77.58445, 12.97792]]}}, {"type": "Feature", "properties": {}, "geometry": {"type": "LineString", "coordinates": [[77.58391, 12.97715], [77.58442, 12.97788]]}}, {"type": "Feature", "properties": {}, "geometry": {"type": "LineString", "coordinates": [[77.58125, 12.97334], [77.58391, 12.97715]]}}, {"type": "Feature", "properties": {}, "geometry": {"type": "LineString", "coordinates": [[77.58121, 12.97334], [77.58125, 12.97334]]}}, {"type": "Feature", "properties": {}, "geometry": {"type": "LineString", "coordinates": [[77.58118, 12.97327], [77.58121, 12.97334]]}}, {"type": "Feature", "properties": {}, "geometry": {"type": "LineString", "coordinates": [[77.58431, 12.97813], [77.58428, 12.97806]]}}, {"type": "Feature", "properties": {}, "geometry": {"type": "LineString", "coordinates": [[77.58428, 12.97806], [77.58424, 12.97803]]}}, {"type": "Feature", "properties": {}, "geometry": {"type": "LineString", "coordinates": [[77.58424, 12.97803], [77.58417, 12.97789]]}}, {"type": "Feature", "properties": {}, "geometry": {"type": "LineString", "coordinates": [[77.58225, 12.97988], [77.58214, 12.97991]]}}, {"type": "Feature", "properties": {}, "geometry": {"type": "LineString", "coordinates": [[77.58214, 12.97991], [77.58207, 12.97991]]}}, {"type": "Feature", "properties": {}, "geometry": {"type": "LineString", "coordinates": [[77.58207, 12.97991], [77.58171, 12.97978]]}}, {"type": "Feature", "properties": {}, "geometry": {"type": "LineString", "coordinates": [[77.58254, 12.97966], [77.58229, 12.97984]]}}, {"type": "Feature", "properties": {}, "geometry": {"type": "LineString", "coordinates": [[77.58424, 12.97817], [77.58246, 12.97942], [77.58254, 12.97966]]}}, {"type": "Feature", "properties": {}, "geometry": {"type": "LineString", "coordinates": [[77.58461, 12.97859], [77.58431, 12.97813]]}}, {"type": "Feature", "properties": {}, "geometry": {"type": "LineString", "coordinates": [[77.58431, 12.97813], [77.58424, 12.97817]]}}, {"type": "Feature", "properties": {}, "geometry": {"type": "LineString", "coordinates": [[77.58679, 12.98208], [77.58639, 12.98149]]}}, {"type": "Feature", "properties": {}, "geometry": {"type": "LineString", "coordinates": [[77.58639, 12.98149], [77.58566, 12.98037]]}}, {"type": "Feature", "properties": {}, "geometry": {"type": "LineString", "coordinates": [[77.58566, 12.98037], [77.58563, 12.9803]]}}, {"type": "Feature", "properties": {}, "geometry": {"type": "LineString", "coordinates": [[77.58563, 12.9803], [77.58519, 12.97967]]}}, {"type": "Feature", "properties": {}, "geometry": {"type": "LineString", "coordinates": [[77.58519, 12.97967], [77.58475, 12.97901]]}}, {"type": "Feature", "properties": {}, "geometry": {"type": "LineString", "coordinates": [[77.58475, 12.97901], [77.58424, 12.97817]]}}, {"type": "Feature", "properties": {}, "geometry": {"type": "LineString", "coordinates": [[77.58424, 12.97817], [77.58421, 12.9781]]}}, {"type": "Feature", "properties": {}, "geometry": {"type": "LineString", "coordinates": [[77.58421, 12.9781], [77.58417, 12.97806]]}}, {"type": "Feature", "properties": {}, "geometry": {"type": "LineString", "coordinates": [[77.58417, 12.97806], [77.5838, 12.97715]]}}, {"type": "Feature", "properties": {}, "geometry": {"type": "LineString", "coordinates": [[77.5838, 12.97715], [77.58384, 12.97715]]}}, {"type": "Feature", "properties": {}, "geometry": {"type": "LineString", "coordinates": [[77.58384, 12.97715], [77.58387, 12.97711]]}}, {"type": "Feature", "properties": {}, "geometry": {"type": "LineString", "coordinates": [[77.58406, 12.97775], [77.58398, 12.9775]]}}, {"type": "Feature", "properties": {}, "geometry": {"type": "LineString", "coordinates": [[77.58807, 12.98439], [77.58804, 12.98436]]}}, {"type": "Feature", "properties": {}, "geometry": {"type": "LineString", "coordinates": [[77.58804, 12.98436], [77.58804, 12.98432]]}}, {"type": "Feature", "properties": {}, "geometry": {"type": "LineString", "coordinates": [[77.58804, 12.98432], [77.588, 12.98425]]}}, {"type": "Feature", "properties": {}, "geometry": {"type": "LineString", "coordinates": [[77.588, 12.98425], [77.58793, 12.98408]]}}, {"type": "Feature", "properties": {}, "geometry": {"type": "LineString", "coordinates": [[77.58793, 12.98408], [77.58789, 12.98401]]}}, {"type": "Feature", "properties": {}, "geometry": {"type": "LineString", "coordinates": [[77.58789, 12.98401], [77.58767, 12.98359]]}}, {"type": "Feature", "properties": {}, "geometry": {"type": "LineString", "coordinates": [[77.58767, 12.98359], [77.58752, 12.98327]]}}, {"type": "Feature", "properties": {}, "geometry": {"type": "LineString", "coordinates": [[77.58752, 12.98327], [77.58741, 12.98299]]}}, {"type": "Feature", "properties": {}, "geometry": {"type": "LineString", "coordinates": [[77.58741, 12.98299], [77.58734, 12.98282]]}}, {"type": "Feature", "properties": {}, "geometry": {"type": "LineString", "coordinates": [[77.58734, 12.98282], [77.5873, 12.98271]]}}, {"type": "Feature", "properties": {}, "geometry": {"type": "LineString", "coordinates": [[77.5873, 12.98271], [77.5873, 12.98264]]}}, {"type": "Feature", "properties": {}, "geometry": {"type": "LineString", "coordinates": [[77.5873, 12.98264], [77.58716, 12.98243]]}}, {"type": "Feature", "properties": {}, "geometry": {"type": "LineString", "coordinates": [[77.58716, 12.98243], [77.58697, 12.98215]]}}, {"type": "Feature", "properties": {}, "geometry": {"type": "LineString", "coordinates": [[77.58697, 12.98215], [77.58676, 12.98184]]}}, {"type": "Feature", "properties": {}, "geometry": {"type": "LineString", "coordinates": [[77.58676, 12.98184], [77.58657, 12.98159]]}}, {"type": "Feature", "properties": {}, "geometry": {"type": "LineString", "coordinates": [[77.58657, 12.98159], [77.58646, 12.98145]]}}, {"type": "Feature", "properties": {}, "geometry": {"type": "LineString", "coordinates": [[77.58646, 12.98145], [77.5857, 12.9803]]}}, {"type": "Feature", "properties": {}, "geometry": {"type": "LineString", "coordinates": [[77.5857, 12.9803], [77.58566, 12.98023]]}}, {"type": "Feature", "properties": {}, "geometry": {"type": "LineString", "coordinates": [[77.58566, 12.98023], [77.58537, 12.97981]]}}, {"type": "Feature", "properties": {}, "geometry": {"type": "LineString", "coordinates": [[77.58537, 12.97981], [77.58526, 12.97963]]}}, {"type": "Feature", "properties": {}, "geometry": {"type": "LineString", "coordinates": [[77.58526, 12.97963], [77.58479, 12.97879]]}}, {"type": "Feature", "properties": {}, "geometry": {"type": "LineString", "coordinates": [[77.58479, 12.97879], [77.58468, 12.97858]]}}, {"type": "Feature", "properties": {}, "geometry": {"type": "LineString", "coordinates": [[77.58403, 12.99597], [77.58397, 12.9939]]}}, {"type": "Feature", "properties": {}, "geometry": {"type": "LineString", "coordinates": [[77.58397, 12.9939], [77.58401, 12.9939]]}}, {"type": "Feature", "properties": {}, "geometry": {"type": "LineString", "coordinates": [[77.58401, 12.9939], [77.58433, 12.99347], [77.58265, 12.99124]]}}, {"type": "Feature", "properties": {}, "geometry": {"type": "LineString", "coordinates": [[77.58265, 12.99124], [77.58171, 12.98966]]}}, {"type": "Feature", "properties": {}, "geometry": {"type": "LineString", "coordinates": [[77.58171, 12.98966], [77.58163, 12.98956]]}}, {"type": "Feature", "properties": {}, "geometry": {"type": "LineString", "coordinates": [[77.58163, 12.98956], [77.5816, 12.98952]]}}, {"type": "Feature", "properties": {}, "geometry": {"type": "LineString", "coordinates": [[77.5816, 12.98952], [77.58032, 12.98746]]}}, {"type": "Feature", "properties": {}, "geometry": {"type": "LineString", "coordinates": [[77.58032, 12.98746], [77.58028, 12.98743]]}}, {"type": "Feature", "properties": {}, "geometry": {"type": "LineString", "coordinates": [[77.58028, 12.98743], [77.57963, 12.98652]]}}, {"type": "Feature", "properties": {}, "geometry": {"type": "LineString", "coordinates": [[77.58462, 12.98369], [77.58469, 12.98369]]}}, {"type": "Feature", "properties": {}, "geometry": {"type": "LineString", "coordinates": [[77.58451, 12.98327], [77.58462, 12.98369]]}}, {"type": "Feature", "properties": {}, "geometry": {"type": "LineString", "coordinates": [[77.58462, 12.98316], [77.58451, 12.98327]]}}, {"type": "Feature", "properties": {}, "geometry": {"type": "LineString", "coordinates": [[77.58476, 12.98302], [77.58465, 12.98316]]}}, {"type": "Feature", "properties": {}, "geometry": {"type": "LineString", "coordinates": [[77.58452, 12.99784], [77.58448, 12.99794]]}}, {"type": "Feature", "properties": {}, "geometry": {"type": "LineString", "coordinates": [[77.58452, 12.99776], [77.58452, 12.99781]]}}, {"type": "Feature", "properties": {}, "geometry": {"type": "LineString", "coordinates": [[77.58452, 12.99781], [77.58452, 12.99784]]}}, {"type": "Feature", "properties": {}, "geometry": {"type": "LineString", "coordinates": [[77.58455, 12.99769], [77.58452, 12.99776]]}}, {"type": "Feature", "properties": {}, "geometry": {"type": "LineString", "coordinates": [[77.58537, 12.99374], [77.58455, 12.99769]]}}, {"type": "Feature", "properties": {}, "geometry": {"type": "LineString", "coordinates": [[77.58547, 12.99293], [77.58537, 12.99374]]}}, {"type": "Feature", "properties": {}, "geometry": {"type": "LineString", "coordinates": [[77.58554, 12.99251], [77.58547, 12.99293]]}}, {"type": "Feature", "properties": {}, "geometry": {"type": "LineString", "coordinates": [[77.58574, 12.99124], [77.58554, 12.99251]]}}, {"type": "Feature", "properties": {}, "geometry": {"type": "LineString", "coordinates": [[77.58574, 12.99121], [77.58574, 12.99124]]}}, {"type": "Feature", "properties": {}, "geometry": {"type": "LineString", "coordinates": [[77.58574, 12.99114], [77.58574, 12.99121]]}}, {"type": "Feature", "properties": {}, "geometry": {"type": "LineString", "coordinates": [[77.58574, 12.9911], [77.58574, 12.99114]]}}, {"type": "Feature", "properties": {}, "geometry": {"type": "LineString", "coordinates": [[77.58591, 12.99018], [77.58574, 12.9911]]}}, {"type": "Feature", "properties": {}, "geometry": {"type": "LineString", "coordinates": [[77.58707, 12.98831], [77.58608, 12.9892], [77.58591, 12.99018]]}}, {"type": "Feature", "properties": {}, "geometry": {"type": "LineString", "coordinates": [[77.58871, 12.98688], [77.58707, 12.98831]]}}, {"type": "Feature", "properties": {}, "geometry": {"type": "LineString", "coordinates": [[77.58889, 12.98678], [77.58871, 12.98688]]}}, {"type": "Feature", "properties": {}, "geometry": {"type": "LineString", "coordinates": [[77.58899, 12.98649], [77.58889, 12.98678]]}}, {"type": "Feature", "properties": {}, "geometry": {"type": "LineString", "coordinates": [[77.58804, 12.98436], [77.58899, 12.98649]]}}, {"type": "Feature", "properties": {}, "geometry": {"type": "LineString", "coordinates": [[77.588, 12.98436], [77.58804, 12.98436]]}}, {"type": "Feature", "properties": {}, "geometry": {"type": "LineString", "coordinates": [[77.58764, 12.98429], [77.588, 12.98436]]}}, {"type": "Feature", "properties": {}, "geometry": {"type": "LineString", "coordinates": [[77.58735, 12.98419], [77.58764, 12.98429]]}}, {"type": "Feature", "properties": {}, "geometry": {"type": "LineString", "coordinates": [[77.58541, 12.98364], [77.58735, 12.98419]]}}, {"type": "Feature", "properties": {}, "geometry": {"type": "LineString", "coordinates": [[77.58537, 12.98354], [77.58541, 12.98364]]}}, {"type": "Feature", "properties": {}, "geometry": {"type": "LineString", "coordinates": [[77.58537, 12.9835], [77.58537, 12.98354]]}}, {"type": "Feature", "properties": {}, "geometry": {"type": "LineString", "coordinates": [[77.58537, 12.98333], [77.58537, 12.9835]]}}, {"type": "Feature", "properties": {}, "geometry": {"type": "LineString", "coordinates": [[77.58533, 12.98301], [77.58537, 12.98333]]}}, {"type": "Feature", "properties": {}, "geometry": {"type": "LineString", "coordinates": [[77.58533, 12.98298], [77.58533, 12.98301]]}}, {"type": "Feature", "properties": {}, "geometry": {"type": "LineString", "coordinates": [[77.58936, 12.98748], [77.58936, 12.98751]]}}, {"type": "Feature", "properties": {}, "geometry": {"type": "LineString", "coordinates": [[77.58933, 12.98741], [77.58936, 12.98748]]}}, {"type": "Feature", "properties": {}, "geometry": {"type": "LineString", "coordinates": [[77.58933, 12.98737], [77.58933, 12.98741]]}}, {"type": "Feature", "properties": {}, "geometry": {"type": "LineString", "coordinates": [[77.58925, 12.9872], [77.58933, 12.98737]]}}, {"type": "Feature", "properties": {}, "geometry": {"type": "LineString", "coordinates": [[77.58922, 12.98716], [77.58925, 12.9872]]}}, {"type": "Feature", "properties": {}, "geometry": {"type": "LineString", "coordinates": [[77.58918, 12.98691], [77.58922, 12.98716]]}}, {"type": "Feature", "properties": {}, "geometry": {"type": "LineString", "coordinates": [[77.58921, 12.98691], [77.58918, 12.98691]]}}, {"type": "Feature", "properties": {}, "geometry": {"type": "LineString", "coordinates": [[77.58925, 12.98691], [77.58921, 12.98691]]}}, {"type": "Feature", "properties": {}, "geometry": {"type": "LineString", "coordinates": [[77.58928, 12.98688], [77.58925, 12.98691]]}}, {"type": "Feature", "properties": {}, "geometry": {"type": "LineString", "coordinates": [[77.58947, 12.98747], [77.58954, 12.98765]]}}, {"type": "Feature", "properties": {}, "geometry": {"type": "LineString", "coordinates": [[77.58918, 12.98716], [77.58918, 12.98723]]}}, {"type": "Feature", "properties": {}, "geometry": {"type": "LineString", "coordinates": [[77.58903, 12.98649], [77.58918, 12.98716]]}}, {"type": "Feature", "properties": {}, "geometry": {"type": "LineString", "coordinates": [[77.58925, 12.98691], [77.58928, 12.98695]]}}, {"type": "Feature", "properties": {}, "geometry": {"type": "LineString", "coordinates": [[77.58914, 12.9866], [77.58925, 12.98691]]}}, {"type": "Feature", "properties": {}, "geometry": {"type": "LineString", "coordinates": [[77.58942, 12.98624], [77.58914, 12.9866]]}}, {"type": "Feature", "properties": {}, "geometry": {"type": "LineString", "coordinates": [[77.58956, 12.9861], [77.58942, 12.98624]]}}, {"type": "Feature", "properties": {}, "geometry": {"type": "LineString", "coordinates": [[77.59254, 12.9828], [77.58956, 12.9861]]}}, {"type": "Feature", "properties": {}, "geometry": {"type": "LineString", "coordinates": [[77.59562, 12.98157], [77.59254, 12.9828]]}}, {"type": "Feature", "properties": {}, "geometry": {"type": "LineString", "coordinates": [[77.59597, 12.98146], [77.59562, 12.98157]]}}, {"type": "Feature", "properties": {}, "geometry": {"type": "LineString", "coordinates": [[77.59758, 12.98092], [77.59597, 12.98146]]}}, {"type": "Feature", "properties": {}, "geometry": {"type": "LineString", "coordinates": [[77.59791, 12.98085], [77.59758, 12.98092]]}}, {"type": "Feature", "properties": {}, "geometry": {"type": "LineString", "coordinates": [[77.59876, 12.98056], [77.59791, 12.98085]]}}, {"type": "Feature", "properties": {}, "geometry": {"type": "LineString", "coordinates": [[77.58823, 12.97514], [77.58823, 12.9751]]}}, {"type": "Feature", "properties": {}, "geometry": {"type": "LineString", "coordinates": [[77.58869, 12.98467], [77.58872, 12.98467]]}}, {"type": "Feature", "properties": {}, "geometry": {"type": "LineString", "coordinates": [[77.58254, 12.97966], [77.58218, 12.97995]]}}, {"type": "Feature", "properties": {}, "geometry": {"type": "LineString", "coordinates": [[77.58232, 12.97935], [77.58254, 12.97966]]}}, {"type": "Feature", "properties": {}, "geometry": {"type": "LineString", "coordinates": [[77.58163, 12.97904], [77.58195, 12.97882], [77.58232, 12.97935]]}}, {"type": "Feature", "properties": {}, "geometry": {"type": "LineString", "coordinates": [[77.59194, 12.98323], [77.59197, 12.98316]]}}, {"type": "Feature", "properties": {}, "geometry": {"type": "LineString", "coordinates": [[77.58152, 12.97907], [77.58163, 12.97904]]}}, {"type": "Feature", "properties": {}, "geometry": {"type": "LineString", "coordinates": [[77.58214, 12.97998], [77.58211, 12.98002]]}}, {"type": "Feature", "properties": {}, "geometry": {"type": "LineString", "coordinates": [[77.58218, 12.97995], [77.58214, 12.97998]]}}, {"type": "Feature", "properties": {}, "geometry": {"type": "LineString", "coordinates": [[77.59197, 12.98316], [77.59276, 12.98252]]}}, {"type": "Feature", "properties": {}, "geometry": {"type": "LineString", "coordinates": [[77.59276, 12.98252], [77.59429, 12.98194]]}}, {"type": "Feature", "properties": {}, "geometry": {"type": "LineString", "coordinates": [[77.59429, 12.98194], [77.59436, 12.98194]]}}, {"type": "Feature", "properties": {}, "geometry": {"type": "LineString", "coordinates": [[77.59505, 12.98189], [77.59505, 12.98186]]}}, {"type": "Feature", "properties": {}, "geometry": {"type": "LineString", "coordinates": [[77.59497, 12.98168], [77.59562, 12.98147]]}}, {"type": "Feature", "properties": {}, "geometry": {"type": "LineString", "coordinates": [[77.59562, 12.98147], [77.59583, 12.98143]]}}, {"type": "Feature", "properties": {}, "geometry": {"type": "LineString", "coordinates": [[77.59583, 12.98143], [77.59615, 12.98132], [77.59582, 12.9808], [77.59629, 12.98058], [77.59668, 12.98051], [77.59722, 12.98082]]}}, {"type": "Feature", "properties": {}, "geometry": {"type": "LineString", "coordinates": [[77.59722, 12.98082], [77.59747, 12.98078]]}}, {"type": "Feature", "properties": {}, "geometry": {"type": "LineString", "coordinates": [[77.59747, 12.98078], [77.59762, 12.98078]]}}, {"type": "Feature", "properties": {}, "geometry": {"type": "LineString", "coordinates": [[77.59762, 12.98078], [77.59765, 12.98078]]}}, {"type": "Feature", "properties": {}, "geometry": {"type": "LineString", "coordinates": [[77.59765, 12.98078], [77.59769, 12.98078]]}}, {"type": "Feature", "properties": {}, "geometry": {"type": "LineString", "coordinates": [[77.59769, 12.98078], [77.59787, 12.98074]]}}, {"type": "Feature", "properties": {}, "geometry": {"type": "LineString", "coordinates": [[77.59787, 12.98074], [77.59926, 12.98034]]}}, {"type": "Feature", "properties": {}, "geometry": {"type": "LineString", "coordinates": [[77.59926, 12.98037], [77.59926, 12.98041]]}}, {"type": "Feature", "properties": {}, "geometry": {"type": "LineString", "coordinates": [[77.59926, 12.98034], [77.59926, 12.98037]]}}, {"type": "Feature", "properties": {}, "geometry": {"type": "LineString", "coordinates": [[77.59497, 12.98172], [77.59497, 12.98168]]}}, {"type": "Feature", "properties": {}, "geometry": {"type": "LineString", "coordinates": [[77.59512, 12.98189], [77.59656, 12.98227], [77.59695, 12.98212], [77.59727, 12.98159]]}}, {"type": "Feature", "properties": {}, "geometry": {"type": "LineString", "coordinates": [[77.59512, 12.98186], [77.59512, 12.98189]]}}, {"type": "Feature", "properties": {}, "geometry": {"type": "LineString", "coordinates": [[77.59505, 12.98186], [77.59512, 12.98186]]}}, {"type": "Feature", "properties": {}, "geometry": {"type": "LineString", "coordinates": [[77.59727, 12.98159], [77.59863, 12.98115]]}}, {"type": "Feature", "properties": {}, "geometry": {"type": "LineString", "coordinates": [[77.59863, 12.98115], [77.59855, 12.98077], [77.60098, 12.97997]]}}, {"type": "Feature", "properties": {}, "geometry": {"type": "LineString", "coordinates": [[77.60098, 12.97997], [77.60205, 12.97957]]}}, {"type": "Feature", "properties": {}, "geometry": {"type": "LineString", "coordinates": [[77.58993, 12.98677], [77.59011, 12.98669]]}}, {"type": "Feature", "properties": {}, "geometry": {"type": "LineString", "coordinates": [[77.59011, 12.98669], [77.59018, 12.98666]]}}, {"type": "Feature", "properties": {}, "geometry": {"type": "LineString", "coordinates": [[77.59018, 12.98666], [77.59025, 12.98662]]}}, {"type": "Feature", "properties": {}, "geometry": {"type": "LineString", "coordinates": [[77.59025, 12.98662], [77.59029, 12.98659]]}}, {"type": "Feature", "properties": {}, "geometry": {"type": "LineString", "coordinates": [[77.59029, 12.98659], [77.59071, 12.98641]]}}, {"type": "Feature", "properties": {}, "geometry": {"type": "LineString", "coordinates": [[77.59071, 12.98641], [77.59071, 12.98637]]}}, {"type": "Feature", "properties": {}, "geometry": {"type": "LineString", "coordinates": [[77.59103, 12.98542], [77.59099, 12.98538]]}}, {"type": "Feature", "properties": {}, "geometry": {"type": "LineString", "coordinates": [[77.59159, 12.98464], [77.59156, 12.98464]]}}, {"type": "Feature", "properties": {}, "geometry": {"type": "LineString", "coordinates": [[77.59156, 12.98464], [77.59156, 12.9846]]}}, {"type": "Feature", "properties": {}, "geometry": {"type": "LineString", "coordinates": [[77.60966, 12.99283], [77.60969, 12.99283]]}}, {"type": "Feature", "properties": {}, "geometry": {"type": "LineString", "coordinates": [[77.60969, 12.99283], [77.60969, 12.9928]]}}, {"type": "Feature", "properties": {}, "geometry": {"type": "LineString", "coordinates": [[77.62423, 13.00697], [77.62452, 13.00686]]}}, {"type": "Feature", "properties": {}, "geometry": {"type": "LineString", "coordinates": [[77.62452, 13.00686], [77.62559, 13.00647], [77.62507, 13.00503]]}}, {"type": "Feature", "properties": {}, "geometry": {"type": "LineString", "coordinates": [[77.62507, 13.00503], [77.625, 13.00464]]}}, {"type": "Feature", "properties": {}, "geometry": {"type": "LineString", "coordinates": [[77.625, 13.00464], [77.62496, 13.00461]]}}, {"type": "Feature", "properties": {}, "geometry": {"type": "LineString", "coordinates": [[77.62496, 13.00461], [77.62448, 13.00345]]}}, {"type": "Feature", "properties": {}, "geometry": {"type": "LineString", "coordinates": [[77.62448, 13.00345], [77.62444, 13.00335]]}}, {"type": "Feature", "properties": {}, "geometry": {"type": "LineString", "coordinates": [[77.62444, 13.00335], [77.6243, 13.00293]]}}, {"type": "Feature", "properties": {}, "geometry": {"type": "LineString", "coordinates": [[77.6243, 13.00293], [77.6274, 13.00159]]}}, {"type": "Feature", "properties": {}, "geometry": {"type": "LineString", "coordinates": [[77.6274, 13.00159], [77.62737, 13.00152]]}}, {"type": "Feature", "properties": {}, "geometry": {"type": "LineString", "coordinates": [[77.62737, 13.00152], [77.62744, 13.00138]]}}, {"type": "Feature", "properties": {}, "geometry": {"type": "LineString", "coordinates": [[77.62744, 13.00138], [77.62747, 13.00138]]}}, {"type": "Feature", "properties": {}, "geometry": {"type": "LineString", "coordinates": [[77.62219, 13.00777], [77.62216, 13.00777]]}}, {"type": "Feature", "properties": {}, "geometry": {"type": "LineString", "coordinates": [[77.61028, 13.00096], [77.60894, 12.99974], [77.60853, 12.99904]]}}, {"type": "Feature", "properties": {}, "geometry": {"type": "LineString", "coordinates": [[77.60853, 12.99904], [77.60751, 12.99729]]}}, {"type": "Feature", "properties": {}, "geometry": {"type": "LineString", "coordinates": [[77.60751, 12.99729], [77.60646, 12.99572]]}}, {"type": "Feature", "properties": {}, "geometry": {"type": "LineString", "coordinates": [[77.60549, 12.99622], [77.60546, 12.99618]]}}, {"type": "Feature", "properties": {}, "geometry": {"type": "LineString", "coordinates": [[77.60639, 12.99572], [77.60549, 12.99622]]}}, {"type": "Feature", "properties": {}, "geometry": {"type": "LineString", "coordinates": [[77.60546, 12.99618], [77.60494, 12.99517]]}}, {"type": "Feature", "properties": {}, "geometry": {"type": "LineString", "coordinates": [[77.60646, 12.99572], [77.60642, 12.99572]]}}, {"type": "Feature", "properties": {}, "geometry": {"type": "LineString", "coordinates": [[77.60642, 12.99572], [77.60639, 12.99572]]}}, {"type": "Feature", "properties": {}, "geometry": {"type": "LineString", "coordinates": [[77.59728, 12.98279], [77.59718, 12.98346]]}}, {"type": "Feature", "properties": {}, "geometry": {"type": "LineString", "coordinates": [[77.5944, 12.99186], [77.59458, 12.9921]]}}, {"type": "Feature", "properties": {}, "geometry": {"type": "LineString", "coordinates": [[77.59297, 12.98976], [77.5944, 12.99186]]}}, {"type": "Feature", "properties": {}, "geometry": {"type": "LineString", "coordinates": [[77.59297, 12.98973], [77.59297, 12.98976]]}}, {"type": "Feature", "properties": {}, "geometry": {"type": "LineString", "coordinates": [[77.59286, 12.98955], [77.59297, 12.98973]]}}, {"type": "Feature", "properties": {}, "geometry": {"type": "LineString", "coordinates": [[77.59065, 12.98708], [77.59286, 12.98955]]}}, {"type": "Feature", "properties": {}, "geometry": {"type": "LineString", "coordinates": [[77.59054, 12.98711], [77.59058, 12.98711]]}}, {"type": "Feature", "properties": {}, "geometry": {"type": "LineString", "coordinates": [[77.59058, 12.98711], [77.59061, 12.98708]]}}, {"type": "Feature", "properties": {}, "geometry": {"type": "LineString", "coordinates": [[77.59061, 12.98708], [77.59065, 12.98708]]}}, {"type": "Feature", "properties": {}, "geometry": {"type": "LineString", "coordinates": [[77.59381, 12.99113], [77.59454, 12.99214]]}}, {"type": "Feature", "properties": {}, "geometry": {"type": "LineString", "coordinates": [[77.59065, 12.98708], [77.59243, 12.98906], [77.59381, 12.99113]]}}, {"type": "Feature", "properties": {}, "geometry": {"type": "LineString", "coordinates": [[77.59058, 12.98701], [77.59065, 12.98708]]}}, {"type": "Feature", "properties": {}, "geometry": {"type": "LineString", "coordinates": [[77.59071, 12.98637], [77.59103, 12.98542]]}}, {"type": "Feature", "properties": {}, "geometry": {"type": "LineString", "coordinates": [[77.59103, 12.98542], [77.59156, 12.98464]]}}, {"type": "Feature", "properties": {}, "geometry": {"type": "LineString", "coordinates": [[77.61422, 12.97977], [77.61441, 12.98029]]}}, {"type": "Feature", "properties": {}, "geometry": {"type": "LineString", "coordinates": [[77.61422, 12.97966], [77.61422, 12.97977]]}}, {"type": "Feature", "properties": {}, "geometry": {"type": "LineString", "coordinates": [[77.61443, 12.9754], [77.61439, 12.9754]]}}, {"type": "Feature", "properties": {}, "geometry": {"type": "LineString", "coordinates": [[77.58475, 12.99604], [77.58519, 12.99378]]}}, {"type": "Feature", "properties": {}, "geometry": {"type": "LineString", "coordinates": [[77.58519, 12.99378], [77.58519, 12.99375]]}}, {"type": "Feature", "properties": {}, "geometry": {"type": "LineString", "coordinates": [[77.58519, 12.99375], [77.58543, 12.99248]]}}, {"type": "Feature", "properties": {}, "geometry": {"type": "LineString", "coordinates": [[77.58543, 12.99248], [77.5857, 12.99114]]}}, {"type": "Feature", "properties": {}, "geometry": {"type": "LineString", "coordinates": [[77.5857, 12.99114], [77.58574, 12.99114]]}}, {"type": "Feature", "properties": {}, "geometry": {"type": "LineString", "coordinates": [[77.58574, 12.99114], [77.58578, 12.9911]]}}, {"type": "Feature", "properties": {}, "geometry": {"type": "LineString", "coordinates": [[77.58578, 12.99114], [77.58864, 12.9904]]}}, {"type": "Feature", "properties": {}, "geometry": {"type": "LineString", "coordinates": [[77.58578, 12.9911], [77.58578, 12.99114]]}}, {"type": "Feature", "properties": {}, "geometry": {"type": "LineString", "coordinates": [[77.58864, 12.9904], [77.58867, 12.9904]]}}, {"type": "Feature", "properties": {}, "geometry": {"type": "LineString", "coordinates": [[77.58452, 12.99784], [77.58645, 12.99757], [77.58653, 12.99751]]}}, {"type": "Feature", "properties": {}, "geometry": {"type": "LineString", "coordinates": [[77.58653, 12.99751], [77.58697, 12.99721]]}}, {"type": "Feature", "properties": {}, "geometry": {"type": "LineString", "coordinates": [[77.58697, 12.99721], [77.58774, 12.99668]]}}, {"type": "Feature", "properties": {}, "geometry": {"type": "LineString", "coordinates": [[77.58441, 12.9978], [77.58445, 12.99781]]}}, {"type": "Feature", "properties": {}, "geometry": {"type": "LineString", "coordinates": [[77.58445, 12.99781], [77.58452, 12.99784]]}}, {"type": "Feature", "properties": {}, "geometry": {"type": "LineString", "coordinates": [[77.58774, 12.99668], [77.5882, 12.99637]]}}, {"type": "Feature", "properties": {}, "geometry": {"type": "LineString", "coordinates": [[77.5882, 12.99637], [77.58827, 12.99632]]}}, {"type": "Feature", "properties": {}, "geometry": {"type": "LineString", "coordinates": [[77.58827, 12.99632], [77.58964, 12.99541]]}}, {"type": "Feature", "properties": {}, "geometry": {"type": "LineString", "coordinates": [[77.58964, 12.99541], [77.58976, 12.99533]]}}, {"type": "Feature", "properties": {}, "geometry": {"type": "LineString", "coordinates": [[77.58976, 12.99533], [77.58984, 12.99528], [77.58888, 12.99332]]}}, {"type": "Feature", "properties": {}, "geometry": {"type": "LineString", "coordinates": [[77.58888, 12.99332], [77.58888, 12.99325]]}}, {"type": "Feature", "properties": {}, "geometry": {"type": "LineString", "coordinates": [[77.58888, 12.99325], [77.58861, 12.99086]]}}, {"type": "Feature", "properties": {}, "geometry": {"type": "LineString", "coordinates": [[77.58861, 12.99083], [77.58861, 12.99076]]}}, {"type": "Feature", "properties": {}, "geometry": {"type": "LineString", "coordinates": [[77.58864, 12.99072], [77.58868, 12.99058]]}}, {"type": "Feature", "properties": {}, "geometry": {"type": "LineString", "coordinates": [[77.57292, 12.98359], [77.57292, 12.98363]]}}, {"type": "Feature", "properties": {}, "geometry": {"type": "LineString", "coordinates": [[77.57292, 12.98349], [77.57292, 12.98359]]}}, {"type": "Feature", "properties": {}, "geometry": {"type": "LineString", "coordinates": [[77.57299, 12.98278], [77.57292, 12.98349]]}}, {"type": "Feature", "properties": {}, "geometry": {"type": "LineString", "coordinates": [[77.57257, 12.98057], [77.57299, 12.98278]]}}, {"type": "Feature", "properties": {}, "geometry": {"type": "LineString", "coordinates": [[77.57253, 12.98046], [77.57257, 12.98057]]}}, {"type": "Feature", "properties": {}, "geometry": {"type": "LineString", "coordinates": [[77.57145, 12.9796], [77.57249, 12.9798], [77.57253, 12.98046]]}}, {"type": "Feature", "properties": {}, "geometry": {"type": "LineString", "coordinates": [[77.57108, 12.97875], [77.57116, 12.97956], [77.57145, 12.9796]]}}, {"type": "Feature", "properties": {}, "geometry": {"type": "LineString", "coordinates": [[77.57107, 12.97837], [77.57108, 12.97875]]}}, {"type": "Feature", "properties": {}, "geometry": {"type": "LineString", "coordinates": [[77.57104, 12.97809], [77.57107, 12.97837]]}}, {"type": "Feature", "properties": {}, "geometry": {"type": "LineString", "coordinates": [[77.57081, 12.97738], [77.57104, 12.97809]]}}, {"type": "Feature", "properties": {}, "geometry": {"type": "LineString", "coordinates": [[77.57081, 12.97703], [77.57081, 12.97738]]}}, {"type": "Feature", "properties": {}, "geometry": {"type": "LineString", "coordinates": [[77.57076, 12.97591], [77.57081, 12.97696]]}}, {"type": "Feature", "properties": {}, "geometry": {"type": "LineString", "coordinates": [[77.57073, 12.97577], [77.57076, 12.97591]]}}, {"type": "Feature", "properties": {}, "geometry": {"type": "LineString", "coordinates": [[77.57061, 12.97531], [77.57073, 12.97577]]}}, {"type": "Feature", "properties": {}, "geometry": {"type": "LineString", "coordinates": [[77.57061, 12.97492], [77.57061, 12.97531]]}}, {"type": "Feature", "properties": {}, "geometry": {"type": "LineString", "coordinates": [[77.57061, 12.97478], [77.57061, 12.97492]]}}, {"type": "Feature", "properties": {}, "geometry": {"type": "LineString", "coordinates": [[77.58534, 12.99374], [77.58479, 12.99604]]}}, {"type": "Feature", "properties": {}, "geometry": {"type": "LineString", "coordinates": [[77.58554, 12.99251], [77.58534, 12.99374]]}}, {"type": "Feature", "properties": {}, "geometry": {"type": "LineString", "coordinates": [[77.58571, 12.99124], [77.58554, 12.99251]]}}, {"type": "Feature", "properties": {}, "geometry": {"type": "LineString", "coordinates": [[77.58574, 12.99121], [77.58571, 12.99124]]}}, {"type": "Feature", "properties": {}, "geometry": {"type": "LineString", "coordinates": [[77.58578, 12.99117], [77.58574, 12.99121]]}}, {"type": "Feature", "properties": {}, "geometry": {"type": "LineString", "coordinates": [[77.5861, 12.99113], [77.58578, 12.99117]]}}, {"type": "Feature", "properties": {}, "geometry": {"type": "LineString", "coordinates": [[77.5886, 12.99055], [77.5861, 12.99113]]}}, {"type": "Feature", "properties": {}, "geometry": {"type": "LineString", "coordinates": [[77.58868, 12.99051], [77.5886, 12.99055]]}}, {"type": "Feature", "properties": {}, "geometry": {"type": "LineString", "coordinates": [[77.57926, 12.98958], [77.57909, 12.98969]]}}, {"type": "Feature", "properties": {}, "geometry": {"type": "LineString", "coordinates": [[77.57986, 12.98831], [77.57926, 12.98958]]}}, {"type": "Feature", "properties": {}, "geometry": {"type": "LineString", "coordinates": [[77.5799, 12.98827], [77.57986, 12.98831]]}}, {"type": "Feature", "properties": {}, "geometry": {"type": "LineString", "coordinates": [[77.58, 12.98799], [77.5799, 12.98827]]}}, {"type": "Feature", "properties": {}, "geometry": {"type": "LineString", "coordinates": [[77.58028, 12.98743], [77.58, 12.98799]]}}, {"type": "Feature", "properties": {}, "geometry": {"type": "LineString", "coordinates": [[77.58032, 12.98739], [77.58028, 12.98743]]}}, {"type": "Feature", "properties": {}, "geometry": {"type": "LineString", "coordinates": [[77.58063, 12.98668], [77.58032, 12.98739]]}}, {"type": "Feature", "properties": {}, "geometry": {"type": "LineString", "coordinates": [[77.58141, 12.98544], [77.58063, 12.98668]]}}, {"type": "Feature", "properties": {}, "geometry": {"type": "LineString", "coordinates": [[77.58148, 12.98537], [77.58141, 12.98544]]}}, {"type": "Feature", "properties": {}, "geometry": {"type": "LineString", "coordinates": [[77.58359, 12.98416], [77.58255, 12.98441], [77.58148, 12.98537]]}}, {"type": "Feature", "properties": {}, "geometry": {"type": "LineString", "coordinates": [[77.58495, 12.98375], [77.58359, 12.98416]]}}, {"type": "Feature", "properties": {}, "geometry": {"type": "LineString", "coordinates": [[77.5853, 12.98368], [77.58495, 12.98375]]}}, {"type": "Feature", "properties": {}, "geometry": {"type": "LineString", "coordinates": [[77.5853, 12.98365], [77.5853, 12.98368]]}}, {"type": "Feature", "properties": {}, "geometry": {"type": "LineString", "coordinates": [[77.57926, 12.98958], [77.5799, 12.98831]]}}, {"type": "Feature", "properties": {}, "geometry": {"type": "LineString", "coordinates": [[77.57898, 12.98959], [77.57926, 12.98958]]}}, {"type": "Feature", "properties": {}, "geometry": {"type": "LineString", "coordinates": [[77.5799, 12.98831], [77.57993, 12.98827]]}}, {"type": "Feature", "properties": {}, "geometry": {"type": "LineString", "coordinates": [[77.57993, 12.98827], [77.58004, 12.98799]]}}, {"type": "Feature", "properties": {}, "geometry": {"type": "LineString", "coordinates": [[77.58004, 12.98799], [77.58032, 12.98746]]}}, {"type": "Feature", "properties": {}, "geometry": {"type": "LineString", "coordinates": [[77.58032, 12.98746], [77.58032, 12.98743]]}}, {"type": "Feature", "properties": {}, "geometry": {"type": "LineString", "coordinates": [[77.58032, 12.98743], [77.58067, 12.98672]]}}, {"type": "Feature", "properties": {}, "geometry": {"type": "LineString", "coordinates": [[77.58067, 12.98672], [77.58074, 12.98661]]}}, {"type": "Feature", "properties": {}, "geometry": {"type": "LineString", "coordinates": [[77.58074, 12.98661], [77.58145, 12.98544]]}}, {"type": "Feature", "properties": {}, "geometry": {"type": "LineString", "coordinates": [[77.58145, 12.98544], [77.58148, 12.98537]]}}, {"type": "Feature", "properties": {}, "geometry": {"type": "LineString", "coordinates": [[77.58148, 12.98537], [77.58215, 12.98445]]}}, {"type": "Feature", "properties": {}, "geometry": {"type": "LineString", "coordinates": [[77.58215, 12.98445], [77.58233, 12.98424], [77.58355, 12.98412]]}}, {"type": "Feature", "properties": {}, "geometry": {"type": "LineString", "coordinates": [[77.58355, 12.98412], [77.58459, 12.98376]]}}, {"type": "Feature", "properties": {}, "geometry": {"type": "LineString", "coordinates": [[77.58459, 12.98376], [77.58469, 12.98376]]}}, {"type": "Feature", "properties": {}, "geometry": {"type": "LineString", "coordinates": [[77.58469, 12.98376], [77.58469, 12.98372]]}}, {"type": "Feature", "properties": {}, "geometry": {"type": "LineString", "coordinates": [[77.58469, 12.98372], [77.58469, 12.98369]]}}, {"type": "Feature", "properties": {}, "geometry": {"type": "LineString", "coordinates": [[77.58469, 12.98369], [77.58469, 12.98362]]}}, {"type": "Feature", "properties": {}, "geometry": {"type": "LineString", "coordinates": [[77.58469, 12.98362], [77.58465, 12.98316]]}}, {"type": "Feature", "properties": {}, "geometry": {"type": "LineString", "coordinates": [[77.58459, 12.99794], [77.58506, 12.99779]]}}, {"type": "Feature", "properties": {}, "geometry": {"type": "LineString", "coordinates": [[77.56916, 12.97332], [77.5696, 12.97444], [77.56985, 12.97468], [77.57057, 12.97475]]}}, {"type": "Feature", "properties": {}, "geometry": {"type": "LineString", "coordinates": [[77.5686, 12.97181], [77.56916, 12.97332]]}}, {"type": "Feature", "properties": {}, "geometry": {"type": "LineString", "coordinates": [[77.56834, 12.97111], [77.5686, 12.97181]]}}, {"type": "Feature", "properties": {}, "geometry": {"type": "LineString", "coordinates": [[77.56808, 12.97006], [77.56834, 12.97111]]}}, {"type": "Feature", "properties": {}, "geometry": {"type": "LineString", "coordinates": [[77.56804, 12.96893], [77.56808, 12.97006]]}}, {"type": "Feature", "properties": {}, "geometry": {"type": "LineString", "coordinates": [[77.56803, 12.96886], [77.56804, 12.96893]]}}, {"type": "Feature", "properties": {}, "geometry": {"type": "LineString", "coordinates": [[77.56803, 12.96833], [77.56803, 12.9688]]}}, {"type": "Feature", "properties": {}, "geometry": {"type": "LineString", "coordinates": [[77.56803, 12.9688], [77.56803, 12.96886]]}}, {"type": "Feature", "properties": {}, "geometry": {"type": "LineString", "coordinates": [[77.59458, 12.99214], [77.59454, 12.99214]]}}, {"type": "Feature", "properties": {}, "geometry": {"type": "LineString", "coordinates": [[77.59458, 12.9921], [77.59458, 12.99214]]}}, {"type": "Feature", "properties": {}, "geometry": {"type": "LineString", "coordinates": [[77.60726, 12.99356], [77.60862, 12.99355], [77.60966, 12.99283]]}}, {"type": "Feature", "properties": {}, "geometry": {"type": "LineString", "coordinates": [[77.60966, 12.99283], [77.60969, 12.99283]]}}, {"type": "Feature", "properties": {}, "geometry": {"type": "LineString", "coordinates": [[77.60969, 12.99283], [77.60969, 12.9928]]}}, {"type": "Feature", "properties": {}, "geometry": {"type": "LineString", "coordinates": [[77.59009, 12.9881], [77.5903, 12.98799], [77.58994, 12.9874], [77.59058, 12.98711]]}}, {"type": "Feature", "properties": {}, "geometry": {"type": "LineString", "coordinates": [[77.59058, 12.98711], [77.59061, 12.98708]]}}, {"type": "Feature", "properties": {}, "geometry": {"type": "LineString", "coordinates": [[77.59061, 12.98708], [77.59065, 12.98708]]}}, {"type": "Feature", "properties": {}, "geometry": {"type": "LineString", "coordinates": [[77.59065, 12.98708], [77.59065, 12.98704]]}}, {"type": "Feature", "properties": {}, "geometry": {"type": "LineString", "coordinates": [[77.59065, 12.98704], [77.59072, 12.98704]]}}, {"type": "Feature", "properties": {}, "geometry": {"type": "LineString", "coordinates": [[77.59072, 12.98704], [77.59065, 12.98697]]}}, {"type": "Feature", "properties": {}, "geometry": {"type": "LineString", "coordinates": [[77.59065, 12.98697], [77.59058, 12.9869]]}}, {"type": "Feature", "properties": {}, "geometry": {"type": "LineString", "coordinates": [[77.59058, 12.9869], [77.59029, 12.98659]]}}, {"type": "Feature", "properties": {}, "geometry": {"type": "LineString", "coordinates": [[77.59029, 12.98659], [77.59003, 12.98631]]}}, {"type": "Feature", "properties": {}, "geometry": {"type": "LineString", "coordinates": [[77.59003, 12.98631], [77.58971, 12.98599]]}}, {"type": "Feature", "properties": {}, "geometry": {"type": "LineString", "coordinates": [[77.59294, 12.98955], [77.59301, 12.98969]]}}, {"type": "Feature", "properties": {}, "geometry": {"type": "LineString", "coordinates": [[77.59072, 12.98704], [77.59294, 12.98955]]}}, {"type": "Feature", "properties": {}, "geometry": {"type": "LineString", "coordinates": [[77.5899, 12.98726], [77.58986, 12.98719]]}}, {"type": "Feature", "properties": {}, "geometry": {"type": "LineString", "coordinates": [[77.589, 12.98762], [77.58897, 12.98762]]}}, {"type": "Feature", "properties": {}, "geometry": {"type": "LineString", "coordinates": [[77.58936, 12.98748], [77.589, 12.98762]]}}, {"type": "Feature", "properties": {}, "geometry": {"type": "LineString", "coordinates": [[77.58979, 12.98716], [77.58936, 12.98748]]}}, {"type": "Feature", "properties": {}, "geometry": {"type": "LineString", "coordinates": [[77.59926, 12.98041], [77.59876, 12.98056]]}}, {"type": "Feature", "properties": {}, "geometry": {"type": "LineString", "coordinates": [[77.60095, 12.97986], [77.59926, 12.98041]]}}, {"type": "Feature", "properties": {}, "geometry": {"type": "LineString", "coordinates": [[77.60173, 12.97961], [77.60095, 12.97983]]}}, {"type": "Feature", "properties": {}, "geometry": {"type": "LineString", "coordinates": [[77.60234, 12.97939], [77.60173, 12.97961]]}}, {"type": "Feature", "properties": {}, "geometry": {"type": "LineString", "coordinates": [[77.60341, 12.97903], [77.60234, 12.97939]]}}, {"type": "Feature", "properties": {}, "geometry": {"type": "LineString", "coordinates": [[77.59926, 12.98037], [77.59876, 12.98056]]}}, {"type": "Feature", "properties": {}, "geometry": {"type": "LineString", "coordinates": [[77.60095, 12.97986], [77.59926, 12.98037]]}}, {"type": "Feature", "properties": {}, "geometry": {"type": "LineString", "coordinates": [[77.60095, 12.97983], [77.60095, 12.97986]]}}, {"type": "Feature", "properties": {}, "geometry": {"type": "LineString", "coordinates": [[77.59422, 12.9919], [77.59433, 12.99204]]}}, {"type": "Feature", "properties": {}, "geometry": {"type": "LineString", "coordinates": [[77.59436, 12.99207], [77.59443, 12.99214]]}}, {"type": "Feature", "properties": {}, "geometry": {"type": "LineString", "coordinates": [[77.59443, 12.99218], [77.59451, 12.99225]]}}, {"type": "Feature", "properties": {}, "geometry": {"type": "LineString", "coordinates": [[77.59433, 12.99204], [77.59436, 12.99207]]}}, {"type": "Feature", "properties": {}, "geometry": {"type": "LineString", "coordinates": [[77.59443, 12.99214], [77.59443, 12.99218]]}}, {"type": "Feature", "properties": {}, "geometry": {"type": "LineString", "coordinates": [[77.59451, 12.99228], [77.59494, 12.99277]]}}, {"type": "Feature", "properties": {}, "geometry": {"type": "LineString", "coordinates": [[77.59451, 12.99225], [77.59451, 12.99228]]}}, {"type": "Feature", "properties": {}, "geometry": {"type": "LineString", "coordinates": [[77.59422, 12.9919], [77.59433, 12.99204]]}}, {"type": "Feature", "properties": {}, "geometry": {"type": "LineString", "coordinates": [[77.59436, 12.99207], [77.59443, 12.99214]]}}, {"type": "Feature", "properties": {}, "geometry": {"type": "LineString", "coordinates": [[77.59443, 12.99218], [77.59451, 12.99225]]}}, {"type": "Feature", "properties": {}, "geometry": {"type": "LineString", "coordinates": [[77.62359, 13.00723], [77.62219, 13.00777]]}}, {"type": "Feature", "properties": {}, "geometry": {"type": "LineString", "coordinates": [[77.6242, 13.00701], [77.62373, 13.00715]]}}, {"type": "Feature", "properties": {}, "geometry": {"type": "LineString", "coordinates": [[77.62455, 13.00686], [77.6242, 13.00701]]}}, {"type": "Feature", "properties": {}, "geometry": {"type": "LineString", "coordinates": [[77.62559, 13.00647], [77.62455, 13.00686]]}}, {"type": "Feature", "properties": {}, "geometry": {"type": "LineString", "coordinates": [[77.62591, 13.00636], [77.62559, 13.00647]]}}, {"type": "Feature", "properties": {}, "geometry": {"type": "LineString", "coordinates": [[77.62627, 13.00618], [77.62591, 13.00636]]}}, {"type": "Feature", "properties": {}, "geometry": {"type": "LineString", "coordinates": [[77.62734, 13.00574], [77.62627, 13.00618]]}}, {"type": "Feature", "properties": {}, "geometry": {"type": "LineString", "coordinates": [[77.62719, 13.00536], [77.62734, 13.00574]]}}, {"type": "Feature", "properties": {}, "geometry": {"type": "LineString", "coordinates": [[77.62705, 13.00497], [77.62719, 13.00536]]}}, {"type": "Feature", "properties": {}, "geometry": {"type": "LineString", "coordinates": [[77.6269, 13.00462], [77.62705, 13.00497]]}}, {"type": "Feature", "properties": {}, "geometry": {"type": "LineString", "coordinates": [[77.62809, 13.00208], [77.62784, 13.00254], [77.62756, 13.00261], [77.62797, 13.0043], [77.6269, 13.00462]]}}, {"type": "Feature", "properties": {}, "geometry": {"type": "LineString", "coordinates": [[77.62813, 13.00201], [77.62809, 13.00208]]}}, {"type": "Feature", "properties": {}, "geometry": {"type": "LineString", "coordinates": [[77.62795, 13.00194], [77.62802, 13.00187]]}}, {"type": "Feature", "properties": {}, "geometry": {"type": "LineString", "coordinates": [[77.62777, 13.00191], [77.62777, 13.00198]]}}, {"type": "Feature", "properties": {}, "geometry": {"type": "LineString", "coordinates": [[77.62841, 13.002], [77.62845, 13.00214]]}}, {"type": "Feature", "properties": {}, "geometry": {"type": "LineString", "coordinates": [[77.6351, 13.00292], [77.636, 13.00372]]}}, {"type": "Feature", "properties": {}, "geometry": {"type": "LineString", "coordinates": [[77.63452, 13.00251], [77.6351, 13.00292]]}}, {"type": "Feature", "properties": {}, "geometry": {"type": "LineString", "coordinates": [[77.63074, 13.00163], [77.63452, 13.00251]]}}, {"type": "Feature", "properties": {}, "geometry": {"type": "LineString", "coordinates": [[77.62819, 13.00165], [77.62816, 13.00141]]}}, {"type": "Feature", "properties": {}, "geometry": {"type": "LineString", "coordinates": [[77.62988, 13.00146], [77.63074, 13.00163]]}}, {"type": "Feature", "properties": {}, "geometry": {"type": "LineString", "coordinates": [[77.62815, 13.0013], [77.62988, 13.00146]]}}, {"type": "Feature", "properties": {}, "geometry": {"type": "LineString", "coordinates": [[77.62816, 13.00141], [77.62816, 13.00134]]}}, {"type": "Feature", "properties": {}, "geometry": {"type": "LineString", "coordinates": [[77.62816, 13.00134], [77.62815, 13.0013]]}}, {"type": "Feature", "properties": {}, "geometry": {"type": "LineString", "coordinates": [[77.61975, 13.0041], [77.6175, 13.00493]]}}, {"type": "Feature", "properties": {}, "geometry": {"type": "LineString", "coordinates": [[77.6175, 13.00493], [77.6175, 13.00489]]}}, {"type": "Feature", "properties": {}, "geometry": {"type": "LineString", "coordinates": [[77.6175, 13.00489], [77.61746, 13.00482]]}}, {"type": "Feature", "properties": {}, "geometry": {"type": "LineString", "coordinates": [[77.61746, 13.00482], [77.61724, 13.00426]]}}, {"type": "Feature", "properties": {}, "geometry": {"type": "LineString", "coordinates": [[77.61685, 13.0043], [77.61592, 13.00449], [77.61566, 13.00379]]}}, {"type": "Feature", "properties": {}, "geometry": {"type": "LineString", "coordinates": [[77.61699, 13.00423], [77.61685, 13.0043]]}}, {"type": "Feature", "properties": {}, "geometry": {"type": "LineString", "coordinates": [[77.61724, 13.00426], [77.61699, 13.00423]]}}, {"type": "Feature", "properties": {}, "geometry": {"type": "LineString", "coordinates": [[77.61979, 13.0041], [77.61975, 13.0041]]}}, {"type": "Feature", "properties": {}, "geometry": {"type": "LineString", "coordinates": [[77.61566, 13.00379], [77.61514, 13.00245]]}}, {"type": "Feature", "properties": {}, "geometry": {"type": "LineString", "coordinates": [[77.61514, 13.00245], [77.61507, 13.00235]]}}, {"type": "Feature", "properties": {}, "geometry": {"type": "LineString", "coordinates": [[77.61636, 13.00227], [77.61811, 13.00169], [77.62032, 13.00026]]}}, {"type": "Feature", "properties": {}, "geometry": {"type": "LineString", "coordinates": [[77.62032, 13.00026], [77.62245, 12.9984]]}}, {"type": "Feature", "properties": {}, "geometry": {"type": "LineString", "coordinates": [[77.62245, 12.9984], [77.62331, 12.99815], [77.62393, 12.99857]]}}, {"type": "Feature", "properties": {}, "geometry": {"type": "LineString", "coordinates": [[77.62802, 13.00183], [77.62791, 13.00183]]}}, {"type": "Feature", "properties": {}, "geometry": {"type": "LineString", "coordinates": [[77.62018, 13.00392], [77.61979, 13.0041]]}}, {"type": "Feature", "properties": {}, "geometry": {"type": "LineString", "coordinates": [[77.62222, 13.00295], [77.62018, 13.00392]]}}, {"type": "Feature", "properties": {}, "geometry": {"type": "LineString", "coordinates": [[77.62254, 13.0027], [77.62222, 13.00295]]}}, {"type": "Feature", "properties": {}, "geometry": {"type": "LineString", "coordinates": [[77.62378, 13.00187], [77.62261, 13.00266]]}}, {"type": "Feature", "properties": {}, "geometry": {"type": "LineString", "coordinates": [[77.624, 13.00215], [77.624, 13.00212]]}}, {"type": "Feature", "properties": {}, "geometry": {"type": "LineString", "coordinates": [[77.624, 13.00212], [77.62392, 13.00198]]}}, {"type": "Feature", "properties": {}, "geometry": {"type": "LineString", "coordinates": [[77.62392, 13.00198], [77.62385, 13.00184]]}}, {"type": "Feature", "properties": {}, "geometry": {"type": "LineString", "coordinates": [[77.62382, 13.00184], [77.62382, 13.00191]]}}, {"type": "Feature", "properties": {}, "geometry": {"type": "LineString", "coordinates": [[77.62382, 13.00191], [77.62378, 13.00187]]}}, {"type": "Feature", "properties": {}, "geometry": {"type": "LineString", "coordinates": [[77.62385, 13.00184], [77.62382, 13.00184]]}}, {"type": "Feature", "properties": {}, "geometry": {"type": "LineString", "coordinates": [[77.62837, 13.00169], [77.62841, 13.002]]}}, {"type": "Feature", "properties": {}, "geometry": {"type": "LineString", "coordinates": [[77.62834, 13.00162], [77.62837, 13.00169]]}}, {"type": "Feature", "properties": {}, "geometry": {"type": "LineString", "coordinates": [[77.62816, 13.00141], [77.62834, 13.00162]]}}, {"type": "Feature", "properties": {}, "geometry": {"type": "LineString", "coordinates": [[77.62755, 13.00149], [77.62758, 13.00148]]}}, {"type": "Feature", "properties": {}, "geometry": {"type": "LineString", "coordinates": [[77.62747, 13.00149], [77.62755, 13.00149]]}}, {"type": "Feature", "properties": {}, "geometry": {"type": "LineString", "coordinates": [[77.62758, 13.00148], [77.62762, 13.00148]]}}, {"type": "Feature", "properties": {}, "geometry": {"type": "LineString", "coordinates": [[77.62762, 13.00148], [77.62765, 13.00148]]}}, {"type": "Feature", "properties": {}, "geometry": {"type": "LineString", "coordinates": [[77.62765, 13.00148], [77.62776, 13.00141]]}}, {"type": "Feature", "properties": {}, "geometry": {"type": "LineString", "coordinates": [[77.62776, 13.00141], [77.6278, 13.00141]]}}, {"type": "Feature", "properties": {}, "geometry": {"type": "LineString", "coordinates": [[77.6278, 13.00141], [77.62783, 13.00141]]}}, {"type": "Feature", "properties": {}, "geometry": {"type": "LineString", "coordinates": [[77.62808, 13.00141], [77.62816, 13.00141]]}}, {"type": "Feature", "properties": {}, "geometry": {"type": "LineString", "coordinates": [[77.62783, 13.00141], [77.6279, 13.00138]]}}, {"type": "Feature", "properties": {}, "geometry": {"type": "LineString", "coordinates": [[77.62808, 13.00137], [77.62808, 13.00141]]}}, {"type": "Feature", "properties": {}, "geometry": {"type": "LineString", "coordinates": [[77.6279, 13.00138], [77.62801, 13.00137]]}}, {"type": "Feature", "properties": {}, "geometry": {"type": "LineString", "coordinates": [[77.62805, 13.00137], [77.62808, 13.00137]]}}, {"type": "Feature", "properties": {}, "geometry": {"type": "LineString", "coordinates": [[77.62801, 13.00137], [77.62805, 13.00137]]}}, {"type": "Feature", "properties": {}, "geometry": {"type": "LineString", "coordinates": [[77.61724, 13.00426], [77.61774, 13.00405]]}}, {"type": "Feature", "properties": {}, "geometry": {"type": "LineString", "coordinates": [[77.6175, 13.00493], [77.6175, 13.005]]}}, {"type": "Feature", "properties": {}, "geometry": {"type": "LineString", "coordinates": [[77.61746, 13.00489], [77.6175, 13.00493]]}}, {"type": "Feature", "properties": {}, "geometry": {"type": "LineString", "coordinates": [[77.61746, 13.00482], [77.61746, 13.00489]]}}, {"type": "Feature", "properties": {}, "geometry": {"type": "LineString", "coordinates": [[77.62805, 13.00169], [77.62805, 13.00155]]}}, {"type": "Feature", "properties": {}, "geometry": {"type": "LineString", "coordinates": [[77.62805, 13.00155], [77.62809, 13.00155]]}}, {"type": "Feature", "properties": {}, "geometry": {"type": "LineString", "coordinates": [[77.62791, 13.0019], [77.62791, 13.00204]]}}, {"type": "Feature", "properties": {}, "geometry": {"type": "LineString", "coordinates": [[77.62791, 13.00183], [77.62791, 13.0019]]}}, {"type": "Feature", "properties": {}, "geometry": {"type": "LineString", "coordinates": [[77.62791, 13.00173], [77.62791, 13.00183]]}}, {"type": "Feature", "properties": {}, "geometry": {"type": "LineString", "coordinates": [[77.61979, 13.0041], [77.62018, 13.00392]]}}, {"type": "Feature", "properties": {}, "geometry": {"type": "LineString", "coordinates": [[77.62018, 13.00392], [77.62218, 13.00288]]}}, {"type": "Feature", "properties": {}, "geometry": {"type": "LineString", "coordinates": [[77.62218, 13.00288], [77.62378, 13.00187]]}}, {"type": "Feature", "properties": {}, "geometry": {"type": "LineString", "coordinates": [[77.62397, 13.00226], [77.624, 13.00226]]}}, {"type": "Feature", "properties": {}, "geometry": {"type": "LineString", "coordinates": [[77.62404, 13.00229], [77.62404, 13.00227]]}}, {"type": "Feature", "properties": {}, "geometry": {"type": "LineString", "coordinates": [[77.62404, 13.00227], [77.62404, 13.00226]]}}, {"type": "Feature", "properties": {}, "geometry": {"type": "LineString", "coordinates": [[77.624, 13.00226], [77.62404, 13.00229]]}}, {"type": "Feature", "properties": {}, "geometry": {"type": "LineString", "coordinates": [[77.62404, 13.00226], [77.62708, 13.00107]]}}, {"type": "Feature", "properties": {}, "geometry": {"type": "LineString", "coordinates": [[77.62386, 13.00202], [77.62397, 13.00226]]}}, {"type": "Feature", "properties": {}, "geometry": {"type": "LineString", "coordinates": [[77.62827, 13.00215], [77.62809, 13.00208]]}}, {"type": "Feature", "properties": {}, "geometry": {"type": "LineString", "coordinates": [[77.62809, 13.00208], [77.62791, 13.00204]]}}, {"type": "Feature", "properties": {}, "geometry": {"type": "LineString", "coordinates": [[77.62791, 13.00204], [77.62777, 13.00198]]}}, {"type": "Feature", "properties": {}, "geometry": {"type": "LineString", "coordinates": [[77.62777, 13.00198], [77.62773, 13.00201]]}}, {"type": "Feature", "properties": {}, "geometry": {"type": "LineString", "coordinates": [[77.62773, 13.00201], [77.62762, 13.00194]]}}, {"type": "Feature", "properties": {}, "geometry": {"type": "LineString", "coordinates": [[77.62382, 13.00191], [77.62386, 13.00202]]}}, {"type": "Feature", "properties": {}, "geometry": {"type": "LineString", "coordinates": [[77.62762, 13.00194], [77.62755, 13.00173]]}}, {"type": "Feature", "properties": {}, "geometry": {"type": "LineString", "coordinates": [[77.62378, 13.00187], [77.62382, 13.00191]]}}, {"type": "Feature", "properties": {}, "geometry": {"type": "LineString", "coordinates": [[77.62755, 13.00173], [77.62747, 13.00149]]}}, {"type": "Feature", "properties": {}, "geometry": {"type": "LineString", "coordinates": [[77.62747, 13.00149], [77.62744, 13.00138]]}}, {"type": "Feature", "properties": {}, "geometry": {"type": "LineString", "coordinates": [[77.62744, 13.00138], [77.62744, 13.00135]]}}, {"type": "Feature", "properties": {}, "geometry": {"type": "LineString", "coordinates": [[77.62744, 13.00135], [77.6274, 13.00117]]}}, {"type": "Feature", "properties": {}, "geometry": {"type": "LineString", "coordinates": [[77.62736, 13.00113], [77.6274, 13.00117]]}}, {"type": "Feature", "properties": {}, "geometry": {"type": "LineString", "coordinates": [[77.62708, 13.00107], [77.62736, 13.00113]]}}, {"type": "Feature", "properties": {}, "geometry": {"type": "LineString", "coordinates": [[77.61586, 13.00234], [77.61507, 13.00235]]}}, {"type": "Feature", "properties": {}, "geometry": {"type": "LineString", "coordinates": [[77.61507, 13.00235], [77.615, 13.00235]]}}, {"type": "Feature", "properties": {}, "geometry": {"type": "LineString", "coordinates": [[77.615, 13.00235], [77.61496, 13.00235]]}}, {"type": "Feature", "properties": {}, "geometry": {"type": "LineString", "coordinates": [[77.61496, 13.00235], [77.61255, 13.00209]]}}, {"type": "Feature", "properties": {}, "geometry": {"type": "LineString", "coordinates": [[77.61622, 13.0023], [77.61586, 13.00234]]}}, {"type": "Feature", "properties": {}, "geometry": {"type": "LineString", "coordinates": [[77.61636, 13.00227], [77.61622, 13.0023]]}}, {"type": "Feature", "properties": {}, "geometry": {"type": "LineString", "coordinates": [[77.62725, 13.01465], [77.62697, 13.01441]]}}, {"type": "Feature", "properties": {}, "geometry": {"type": "LineString", "coordinates": [[77.62697, 13.01441], [77.62582, 13.01255]]}}, {"type": "Feature", "properties": {}, "geometry": {"type": "LineString", "coordinates": [[77.62582, 13.01255], [77.62503, 13.01126]]}}, {"type": "Feature", "properties": {}, "geometry": {"type": "LineString", "coordinates": [[77.62503, 13.01126], [77.62449, 13.01074]]}}, {"type": "Feature", "properties": {}, "geometry": {"type": "LineString", "coordinates": [[77.62449, 13.01074], [77.62445, 13.0107]]}}, {"type": "Feature", "properties": {}, "geometry": {"type": "LineString", "coordinates": [[77.62445, 13.0107], [77.62423, 13.01049]]}}, {"type": "Feature", "properties": {}, "geometry": {"type": "LineString", "coordinates": [[77.6242, 13.01046], [77.62318, 13.00895]]}}, {"type": "Feature", "properties": {}, "geometry": {"type": "LineString", "coordinates": [[77.62318, 13.00895], [77.62238, 13.00808]]}}, {"type": "Feature", "properties": {}, "geometry": {"type": "LineString", "coordinates": [[77.62238, 13.00808], [77.62234, 13.00805]]}}, {"type": "Feature", "properties": {}, "geometry": {"type": "LineString", "coordinates": [[77.62234, 13.00805], [77.62216, 13.00777]]}}, {"type": "Feature", "properties": {}, "geometry": {"type": "LineString", "coordinates": [[77.62216, 13.00777], [77.62219, 13.00777]]}}, {"type": "Feature", "properties": {}, "geometry": {"type": "LineString", "coordinates": [[77.61483, 13.01023], [77.61479, 13.0102]]}}, {"type": "Feature", "properties": {}, "geometry": {"type": "LineString", "coordinates": [[77.61479, 13.0102], [77.61468, 13.01006]]}}, {"type": "Feature", "properties": {}, "geometry": {"type": "LineString", "coordinates": [[77.61468, 13.01006], [77.61461, 13.01003]]}}, {"type": "Feature", "properties": {}, "geometry": {"type": "LineString", "coordinates": [[77.61461, 13.01003], [77.6145, 13.00982]]}}, {"type": "Feature", "properties": {}, "geometry": {"type": "LineString", "coordinates": [[77.6145, 13.00982], [77.61479, 13.00964]]}}, {"type": "Feature", "properties": {}, "geometry": {"type": "LineString", "coordinates": [[77.61482, 13.00964], [77.61546, 13.00924]]}}, {"type": "Feature", "properties": {}, "geometry": {"type": "LineString", "coordinates": [[77.61546, 13.00924], [77.61535, 13.00907]]}}, {"type": "Feature", "properties": {}, "geometry": {"type": "LineString", "coordinates": [[77.61535, 13.00907], [77.61524, 13.00886]]}}, {"type": "Feature", "properties": {}, "geometry": {"type": "LineString", "coordinates": [[77.61524, 13.00886], [77.61513, 13.00865]]}}, {"type": "Feature", "properties": {}, "geometry": {"type": "LineString", "coordinates": [[77.61513, 13.00865], [77.61502, 13.00847]]}}, {"type": "Feature", "properties": {}, "geometry": {"type": "LineString", "coordinates": [[77.61502, 13.00847], [77.61488, 13.00826]]}}, {"type": "Feature", "properties": {}, "geometry": {"type": "LineString", "coordinates": [[77.61488, 13.00826], [77.61477, 13.00809]]}}, {"type": "Feature", "properties": {}, "geometry": {"type": "LineString", "coordinates": [[77.61477, 13.00809], [77.61473, 13.00805]]}}, {"type": "Feature", "properties": {}, "geometry": {"type": "LineString", "coordinates": [[77.61473, 13.00805], [77.61462, 13.00788]]}}, {"type": "Feature", "properties": {}, "geometry": {"type": "LineString", "coordinates": [[77.61462, 13.00788], [77.61469, 13.00784]]}}, {"type": "Feature", "properties": {}, "geometry": {"type": "LineString", "coordinates": [[77.61469, 13.00784], [77.61458, 13.00767]]}}, {"type": "Feature", "properties": {}, "geometry": {"type": "LineString", "coordinates": [[77.61458, 13.00767], [77.61444, 13.00742], [77.61483, 13.00721]]}}, {"type": "Feature", "properties": {}, "geometry": {"type": "LineString", "coordinates": [[77.61483, 13.00721], [77.61472, 13.007]]}}, {"type": "Feature", "properties": {}, "geometry": {"type": "LineString", "coordinates": [[77.61472, 13.007], [77.61472, 13.00696]]}}, {"type": "Feature", "properties": {}, "geometry": {"type": "LineString", "coordinates": [[77.61472, 13.00696], [77.6145, 13.00665]]}}, {"type": "Feature", "properties": {}, "geometry": {"type": "LineString", "coordinates": [[77.6145, 13.00665], [77.61439, 13.00623]]}}, {"type": "Feature", "properties": {}, "geometry": {"type": "LineString", "coordinates": [[77.61446, 13.00619], [77.61618, 13.00551]]}}, {"type": "Feature", "properties": {}, "geometry": {"type": "LineString", "coordinates": [[77.61618, 13.00551], [77.61625, 13.00547]]}}, {"type": "Feature", "properties": {}, "geometry": {"type": "LineString", "coordinates": [[77.61625, 13.00547], [77.61739, 13.00504]]}}, {"type": "Feature", "properties": {}, "geometry": {"type": "LineString", "coordinates": [[77.61739, 13.00504], [77.6175, 13.005]]}}, {"type": "Feature", "properties": {}, "geometry": {"type": "LineString", "coordinates": [[77.6175, 13.005], [77.61761, 13.00493]]}}, {"type": "Feature", "properties": {}, "geometry": {"type": "LineString", "coordinates": [[77.61761, 13.00493], [77.61979, 13.0041]]}}, {"type": "Feature", "properties": {}, "geometry": {"type": "LineString", "coordinates": [[77.60748, 12.99729], [77.60853, 12.99905]]}}, {"type": "Feature", "properties": {}, "geometry": {"type": "LineString", "coordinates": [[77.60853, 12.99905], [77.60898, 12.99981], [77.61014, 13.00085]]}}, {"type": "Feature", "properties": {}, "geometry": {"type": "LineString", "coordinates": [[77.60642, 12.99572], [77.60748, 12.99729]]}}, {"type": "Feature", "properties": {}, "geometry": {"type": "LineString", "coordinates": [[77.60549, 12.99622], [77.60546, 12.99622]]}}, {"type": "Feature", "properties": {}, "geometry": {"type": "LineString", "coordinates": [[77.60639, 12.99572], [77.60549, 12.99622]]}}, {"type": "Feature", "properties": {}, "geometry": {"type": "LineString", "coordinates": [[77.60642, 12.99572], [77.60639, 12.99572]]}}, {"type": "Feature", "properties": {}, "geometry": {"type": "LineString", "coordinates": [[77.60546, 12.99622], [77.60546, 12.99618]]}}, {"type": "Feature", "properties": {}, "geometry": {"type": "LineString", "coordinates": [[77.60546, 12.99618], [77.60494, 12.9952]]}}, {"type": "Feature", "properties": {}, "geometry": {"type": "LineString", "coordinates": [[77.60494, 12.9952], [77.60473, 12.99478]]}}, {"type": "Feature", "properties": {}, "geometry": {"type": "LineString", "coordinates": [[77.60363, 13.00313], [77.60395, 13.00306]]}}, {"type": "Feature", "properties": {}, "geometry": {"type": "LineString", "coordinates": [[77.59984, 13.00127], [77.60103, 13.00161], [77.60246, 13.00149], [77.60357, 13.00304]]}}, {"type": "Feature", "properties": {}, "geometry": {"type": "LineString", "coordinates": [[77.60357, 13.00304], [77.60363, 13.00313]]}}, {"type": "Feature", "properties": {}, "geometry": {"type": "LineString", "coordinates": [[77.60395, 13.00306], [77.60746, 13.00222]]}}, {"type": "Feature", "properties": {}, "geometry": {"type": "LineString", "coordinates": [[77.60746, 13.00222], [77.60867, 13.00185]]}}, {"type": "Feature", "properties": {}, "geometry": {"type": "LineString", "coordinates": [[77.60867, 13.00185], [77.60889, 13.00174]]}}, {"type": "Feature", "properties": {}, "geometry": {"type": "LineString", "coordinates": [[77.60889, 13.00174], [77.60914, 13.0016]]}}, {"type": "Feature", "properties": {}, "geometry": {"type": "LineString", "coordinates": [[77.60914, 13.0016], [77.60921, 13.0016]]}}, {"type": "Feature", "properties": {}, "geometry": {"type": "LineString", "coordinates": [[77.60921, 13.0016], [77.60932, 13.00153]]}}, {"type": "Feature", "properties": {}, "geometry": {"type": "LineString", "coordinates": [[77.60932, 13.00153], [77.61024, 13.00096]]}}, {"type": "Feature", "properties": {}, "geometry": {"type": "LineString", "coordinates": [[77.59955, 13.0012], [77.59984, 13.00127]]}}, {"type": "Feature", "properties": {}, "geometry": {"type": "LineString", "coordinates": [[77.60159, 13.00428], [77.60163, 13.00428]]}}, {"type": "Feature", "properties": {}, "geometry": {"type": "LineString", "coordinates": [[77.60163, 13.00428], [77.60163, 13.00424]]}}, {"type": "Feature", "properties": {}, "geometry": {"type": "LineString", "coordinates": [[77.62802, 13.0019], [77.62805, 13.0019]]}}, {"type": "Feature", "properties": {}, "geometry": {"type": "LineString", "coordinates": [[77.57984, 12.98669], [77.57908, 12.9855]]}}, {"type": "Feature", "properties": {}, "geometry": {"type": "LineString", "coordinates": [[77.57908, 12.9855], [77.57904, 12.98547]]}}, {"type": "Feature", "properties": {}, "geometry": {"type": "LineString", "coordinates": [[77.57904, 12.98547], [77.57857, 12.98452]]}}, {"type": "Feature", "properties": {}, "geometry": {"type": "LineString", "coordinates": [[77.57857, 12.98452], [77.57849, 12.98435]]}}, {"type": "Feature", "properties": {}, "geometry": {"type": "LineString", "coordinates": [[77.62834, 13.00162], [77.62837, 13.00169]]}}, {"type": "Feature", "properties": {}, "geometry": {"type": "LineString", "coordinates": [[77.61028, 13.00096], [77.60901, 12.9997], [77.60861, 12.99902]]}}, {"type": "Feature", "properties": {}, "geometry": {"type": "LineString", "coordinates": [[77.60861, 12.99902], [77.60759, 12.99732]]}}, {"type": "Feature", "properties": {}, "geometry": {"type": "LineString", "coordinates": [[77.60759, 12.99732], [77.60646, 12.99572]]}}, {"type": "Feature", "properties": {}, "geometry": {"type": "LineString", "coordinates": [[77.60639, 12.99575], [77.60546, 12.99625]]}}, {"type": "Feature", "properties": {}, "geometry": {"type": "LineString", "coordinates": [[77.60546, 12.99625], [77.60546, 12.99622]]}}, {"type": "Feature", "properties": {}, "geometry": {"type": "LineString", "coordinates": [[77.60546, 12.99622], [77.60494, 12.9952]]}}, {"type": "Feature", "properties": {}, "geometry": {"type": "LineString", "coordinates": [[77.60642, 12.99572], [77.60639, 12.99575]]}}, {"type": "Feature", "properties": {}, "geometry": {"type": "LineString", "coordinates": [[77.60646, 12.99572], [77.60642, 12.99572]]}}, {"type": "Feature", "properties": {}, "geometry": {"type": "LineString", "coordinates": [[77.60494, 12.9952], [77.60494, 12.99517]]}}, {"type": "Feature", "properties": {}, "geometry": {"type": "LineString", "coordinates": [[77.61212, 13.00199], [77.61028, 13.00096]]}}, {"type": "Feature", "properties": {}, "geometry": {"type": "LineString", "coordinates": [[77.59654, 12.99444], [77.59654, 12.99441]]}}, {"type": "Feature", "properties": {}, "geometry": {"type": "LineString", "coordinates": [[77.59654, 12.99441], [77.5965, 12.99441]]}}, {"type": "Feature", "properties": {}, "geometry": {"type": "LineString", "coordinates": [[77.62219, 13.00777], [77.62359, 13.00723]]}}, {"type": "Feature", "properties": {}, "geometry": {"type": "LineString", "coordinates": [[77.62373, 13.00715], [77.6242, 13.00701]]}}, {"type": "Feature", "properties": {}, "geometry": {"type": "LineString", "coordinates": [[77.6242, 13.00701], [77.6242, 13.00697]]}}, {"type": "Feature", "properties": {}, "geometry": {"type": "LineString", "coordinates": [[77.60222, 12.99544], [77.60226, 12.99548]]}}, {"type": "Feature", "properties": {}, "geometry": {"type": "LineString", "coordinates": [[77.60222, 12.99541], [77.60222, 12.99544]]}}, {"type": "Feature", "properties": {}, "geometry": {"type": "LineString", "coordinates": [[77.59654, 12.99441], [77.59654, 12.99444]]}}, {"type": "Feature", "properties": {}, "geometry": {"type": "LineString", "coordinates": [[77.60141, 12.97982], [77.60173, 12.97968]]}}, {"type": "Feature", "properties": {}, "geometry": {"type": "LineString", "coordinates": [[77.60173, 12.97968], [77.60173, 12.97965]]}}, {"type": "Feature", "properties": {}, "geometry": {"type": "LineString", "coordinates": [[77.60173, 12.97965], [77.60173, 12.97961]]}}, {"type": "Feature", "properties": {}, "geometry": {"type": "LineString", "coordinates": [[77.60173, 12.97961], [77.60173, 12.97958]]}}, {"type": "Feature", "properties": {}, "geometry": {"type": "LineString", "coordinates": [[77.60134, 12.97983], [77.60141, 12.97982]]}}, {"type": "Feature", "properties": {}, "geometry": {"type": "LineString", "coordinates": [[77.60134, 12.97983], [77.60141, 12.97982]]}}, {"type": "Feature", "properties": {}, "geometry": {"type": "LineString", "coordinates": [[77.61911, 13.02128], [77.61907, 13.02117]]}}, {"type": "Feature", "properties": {}, "geometry": {"type": "LineString", "coordinates": [[77.60222, 12.99544], [77.60229, 12.99544]]}}, {"type": "Feature", "properties": {}, "geometry": {"type": "LineString", "coordinates": [[77.61625, 13.00547], [77.61621, 13.00544]]}}, {"type": "Feature", "properties": {}, "geometry": {"type": "LineString", "coordinates": [[77.61621, 13.00544], [77.61621, 13.0054]]}}, {"type": "Feature", "properties": {}, "geometry": {"type": "LineString", "coordinates": [[77.61621, 13.0054], [77.61618, 13.00537]]}}, {"type": "Feature", "properties": {}, "geometry": {"type": "LineString", "coordinates": [[77.61618, 13.00537], [77.61618, 13.00533]]}}, {"type": "Feature", "properties": {}, "geometry": {"type": "LineString", "coordinates": [[77.61618, 13.00533], [77.61592, 13.0047]]}}, {"type": "Feature", "properties": {}, "geometry": {"type": "LineString", "coordinates": [[77.61592, 13.0047], [77.6157, 13.00417]]}}, {"type": "Feature", "properties": {}, "geometry": {"type": "LineString", "coordinates": [[77.6157, 13.00417], [77.61559, 13.00382]]}}, {"type": "Feature", "properties": {}, "geometry": {"type": "LineString", "coordinates": [[77.61559, 13.00382], [77.61503, 13.00246]]}}, {"type": "Feature", "properties": {}, "geometry": {"type": "LineString", "coordinates": [[77.61503, 13.00246], [77.615, 13.00235]]}}, {"type": "Feature", "properties": {}, "geometry": {"type": "LineString", "coordinates": [[77.61483, 13.01023], [77.61486, 13.01023]]}}, {"type": "Feature", "properties": {}, "geometry": {"type": "LineString", "coordinates": [[77.58214, 12.97991], [77.58214, 12.97998]]}}, {"type": "Feature", "properties": {}, "geometry": {"type": "LineString", "coordinates": [[77.62404, 13.00219], [77.624, 13.00212]]}}, {"type": "Feature", "properties": {}, "geometry": {"type": "LineString", "coordinates": [[77.63619, 13.00397], [77.63619, 13.00414]]}}, {"type": "Feature", "properties": {}, "geometry": {"type": "LineString", "coordinates": [[77.63619, 13.00393], [77.63619, 13.00397]]}}, {"type": "Feature", "properties": {}, "geometry": {"type": "LineString", "coordinates": [[77.63618, 13.00386], [77.63619, 13.00393]]}}, {"type": "Feature", "properties": {}, "geometry": {"type": "LineString", "coordinates": [[77.63611, 13.00379], [77.63618, 13.00386]]}}, {"type": "Feature", "properties": {}, "geometry": {"type": "LineString", "coordinates": [[77.63604, 13.00372], [77.63611, 13.00379]]}}, {"type": "Feature", "properties": {}, "geometry": {"type": "LineString", "coordinates": [[77.6274, 13.00159], [77.62426, 13.00286]]}}, {"type": "Feature", "properties": {}, "geometry": {"type": "LineString", "coordinates": [[77.62426, 13.00286], [77.62418, 13.00263]]}}, {"type": "Feature", "properties": {}, "geometry": {"type": "LineString", "coordinates": [[77.62418, 13.00263], [77.62407, 13.00229]]}}, {"type": "Feature", "properties": {}, "geometry": {"type": "LineString", "coordinates": [[77.62407, 13.00229], [77.62404, 13.00226]]}}, {"type": "Feature", "properties": {}, "geometry": {"type": "LineString", "coordinates": [[77.62404, 13.00226], [77.62404, 13.00219]]}}, {"type": "Feature", "properties": {}, "geometry": {"type": "LineString", "coordinates": [[77.62737, 13.00156], [77.6274, 13.00159]]}}, {"type": "Feature", "properties": {}, "geometry": {"type": "LineString", "coordinates": [[77.6274, 13.00135], [77.62737, 13.00156]]}}, {"type": "Feature", "properties": {}, "geometry": {"type": "LineString", "coordinates": [[77.6278, 13.00145], [77.6278, 13.00141]]}}, {"type": "Feature", "properties": {}, "geometry": {"type": "LineString", "coordinates": [[77.6278, 13.00141], [77.62776, 13.00134]]}}, {"type": "Feature", "properties": {}, "geometry": {"type": "LineString", "coordinates": [[77.62744, 13.00135], [77.6274, 13.00135]]}}, {"type": "Feature", "properties": {}, "geometry": {"type": "LineString", "coordinates": [[77.62776, 13.00134], [77.62772, 13.00131]]}}, {"type": "Feature", "properties": {}, "geometry": {"type": "LineString", "coordinates": [[77.62747, 13.00134], [77.62744, 13.00135]]}}, {"type": "Feature", "properties": {}, "geometry": {"type": "LineString", "coordinates": [[77.62762, 13.00134], [77.62758, 13.00134]]}}, {"type": "Feature", "properties": {}, "geometry": {"type": "LineString", "coordinates": [[77.62758, 13.00134], [77.62747, 13.00134]]}}, {"type": "Feature", "properties": {}, "geometry": {"type": "LineString", "coordinates": [[77.62772, 13.00131], [77.62762, 13.00134]]}}, {"type": "Feature", "properties": {}, "geometry": {"type": "LineString", "coordinates": [[77.62404, 13.00219], [77.624, 13.00215]]}}, {"type": "Feature", "properties": {}, "geometry": {"type": "LineString", "coordinates": [[77.60222, 12.99541], [77.60226, 12.99541]]}}, {"type": "Feature", "properties": {}, "geometry": {"type": "LineString", "coordinates": [[77.60211, 12.99544], [77.60218, 12.99544]]}}, {"type": "Feature", "properties": {}, "geometry": {"type": "LineString", "coordinates": [[77.60222, 12.99541], [77.60211, 12.99544]]}}, {"type": "Feature", "properties": {}, "geometry": {"type": "LineString", "coordinates": [[77.60226, 12.99541], [77.60222, 12.99541]]}}, {"type": "Feature", "properties": {}, "geometry": {"type": "LineString", "coordinates": [[77.60472, 12.99475], [77.60226, 12.99541]]}}, {"type": "Feature", "properties": {}, "geometry": {"type": "LineString", "coordinates": [[77.60494, 12.99517], [77.60472, 12.99475]]}}, {"type": "Feature", "properties": {}, "geometry": {"type": "LineString", "coordinates": [[77.62762, 13.00194], [77.6277, 13.00194]]}}, {"type": "Feature", "properties": {}, "geometry": {"type": "LineString", "coordinates": [[77.62755, 13.00173], [77.62762, 13.00194]]}}, {"type": "Feature", "properties": {}, "geometry": {"type": "LineString", "coordinates": [[77.6277, 13.00194], [77.62777, 13.00191]]}}, {"type": "Feature", "properties": {}, "geometry": {"type": "LineString", "coordinates": [[77.62791, 13.0019], [77.62795, 13.00194]]}}, {"type": "Feature", "properties": {}, "geometry": {"type": "LineString", "coordinates": [[77.62784, 13.00194], [77.62791, 13.0019]]}}, {"type": "Feature", "properties": {}, "geometry": {"type": "LineString", "coordinates": [[77.62777, 13.00191], [77.62784, 13.00194]]}}, {"type": "Feature", "properties": {}, "geometry": {"type": "LineString", "coordinates": [[77.62748, 13.00152], [77.62755, 13.00173]]}}, {"type": "Feature", "properties": {}, "geometry": {"type": "LineString", "coordinates": [[77.62744, 13.00138], [77.62748, 13.00152]]}}, {"type": "Feature", "properties": {}, "geometry": {"type": "LineString", "coordinates": [[77.6274, 13.00135], [77.62744, 13.00138]]}}, {"type": "Feature", "properties": {}, "geometry": {"type": "LineString", "coordinates": [[77.62736, 13.00113], [77.6274, 13.00135]]}}, {"type": "Feature", "properties": {}, "geometry": {"type": "LineString", "coordinates": [[77.62711, 13.001], [77.62736, 13.00113]]}}, {"type": "Feature", "properties": {}, "geometry": {"type": "LineString", "coordinates": [[77.6265, 13.00058], [77.62711, 13.001]]}}, {"type": "Feature", "properties": {}, "geometry": {"type": "LineString", "coordinates": [[77.62469, 12.99926], [77.6265, 13.00058]]}}, {"type": "Feature", "properties": {}, "geometry": {"type": "LineString", "coordinates": [[77.62407, 12.99867], [77.62469, 12.99926]]}}, {"type": "Feature", "properties": {}, "geometry": {"type": "LineString", "coordinates": [[77.62396, 12.9986], [77.62407, 12.99867]]}}, {"type": "Feature", "properties": {}, "geometry": {"type": "LineString", "coordinates": [[77.62393, 12.99857], [77.62396, 12.9986]]}}, {"type": "Feature", "properties": {}, "geometry": {"type": "LineString", "coordinates": [[77.57832, 12.97439], [77.57825, 12.97432]]}}, {"type": "Feature", "properties": {}, "geometry": {"type": "LineString", "coordinates": [[77.57825, 12.97432], [77.57821, 12.97425]]}}, {"type": "Feature", "properties": {}, "geometry": {"type": "LineString", "coordinates": [[77.57821, 12.97425], [77.57806, 12.97408]]}}, {"type": "Feature", "properties": {}, "geometry": {"type": "LineString", "coordinates": [[77.57806, 12.97408], [77.57759, 12.97338]]}}, {"type": "Feature", "properties": {}, "geometry": {"type": "LineString", "coordinates": [[77.57759, 12.97338], [77.57741, 12.97306]]}}, {"type": "Feature", "properties": {}, "geometry": {"type": "LineString", "coordinates": [[77.57741, 12.97306], [77.5773, 12.97289]]}}, {"type": "Feature", "properties": {}, "geometry": {"type": "LineString", "coordinates": [[77.5773, 12.97289], [77.57712, 12.97254]]}}, {"type": "Feature", "properties": {}, "geometry": {"type": "LineString", "coordinates": [[77.57712, 12.97254], [77.577, 12.97229]]}}, {"type": "Feature", "properties": {}, "geometry": {"type": "LineString", "coordinates": [[77.577, 12.97229], [77.57653, 12.97142]]}}, {"type": "Feature", "properties": {}, "geometry": {"type": "LineString", "coordinates": [[77.57653, 12.97142], [77.57576, 12.96991]]}}, {"type": "Feature", "properties": {}, "geometry": {"type": "LineString", "coordinates": [[77.57697, 12.97229], [77.57649, 12.97135]]}}, {"type": "Feature", "properties": {}, "geometry": {"type": "LineString", "coordinates": [[77.57649, 12.97135], [77.57576, 12.96991]]}}, {"type": "Feature", "properties": {}, "geometry": {"type": "LineString", "coordinates": [[77.61237, 13.00206], [77.61223, 13.00203]]}}, {"type": "Feature", "properties": {}, "geometry": {"type": "LineString", "coordinates": [[77.61223, 13.00203], [77.61212, 13.00199]]}}, {"type": "Feature", "properties": {}, "geometry": {"type": "LineString", "coordinates": [[77.61244, 13.00206], [77.61237, 13.00206]]}}, {"type": "Feature", "properties": {}, "geometry": {"type": "LineString", "coordinates": [[77.61237, 13.00206], [77.61244, 13.00206]]}}, {"type": "Feature", "properties": {}, "geometry": {"type": "LineString", "coordinates": [[77.61248, 13.00206], [77.61248, 13.00209]]}}, {"type": "Feature", "properties": {}, "geometry": {"type": "LineString", "coordinates": [[77.61244, 13.00206], [77.61248, 13.00206]]}}, {"type": "Feature", "properties": {}, "geometry": {"type": "LineString", "coordinates": [[77.61248, 13.00209], [77.61255, 13.00209]]}}, {"type": "Feature", "properties": {}, "geometry": {"type": "LineString", "coordinates": [[77.61255, 13.00209], [77.61244, 13.00206]]}}, {"type": "Feature", "properties": {}, "geometry": {"type": "LineString", "coordinates": [[77.59454, 12.98514], [77.59521, 12.98693]]}}, {"type": "Feature", "properties": {}, "geometry": {"type": "LineString", "coordinates": [[77.61362, 13.00845], [77.61359, 13.00838]]}}, {"type": "Feature", "properties": {}, "geometry": {"type": "LineString", "coordinates": [[77.61351, 13.00828], [77.61355, 13.00831]]}}, {"type": "Feature", "properties": {}, "geometry": {"type": "LineString", "coordinates": [[77.61319, 13.00768], [77.61322, 13.00768]]}}, {"type": "Feature", "properties": {}, "geometry": {"type": "LineString", "coordinates": [[77.59728, 12.98279], [77.59728, 12.98272]]}}, {"type": "Feature", "properties": {}, "geometry": {"type": "LineString", "coordinates": [[77.62373, 13.00715], [77.62359, 13.00723]]}}, {"type": "Feature", "properties": {}, "geometry": {"type": "LineString", "coordinates": [[77.62373, 13.00715], [77.62359, 13.00723]]}}, {"type": "Feature", "properties": {}, "geometry": {"type": "LineString", "coordinates": [[77.58837, 12.98537], [77.58837, 12.98534]]}}, {"type": "Feature", "properties": {}, "geometry": {"type": "LineString", "coordinates": [[77.58837, 12.98537], [77.58837, 12.98534]]}}, {"type": "Feature", "properties": {}, "geometry": {"type": "LineString", "coordinates": [[77.58229, 12.97984], [77.58225, 12.97988]]}}, {"type": "Feature", "properties": {}, "geometry": {"type": "LineString", "coordinates": [[77.58229, 12.97984], [77.58225, 12.97988]]}}, {"type": "Feature", "properties": {}, "geometry": {"type": "LineString", "coordinates": [[77.58465, 12.98316], [77.58462, 12.98316]]}}, {"type": "Feature", "properties": {}, "geometry": {"type": "LineString", "coordinates": [[77.58861, 12.99076], [77.58864, 12.99072]]}}, {"type": "Feature", "properties": {}, "geometry": {"type": "LineString", "coordinates": [[77.58861, 12.99076], [77.58864, 12.99072]]}}, {"type": "Feature", "properties": {}, "geometry": {"type": "LineString", "coordinates": [[77.58861, 12.99086], [77.58861, 12.99083]]}}, {"type": "Feature", "properties": {}, "geometry": {"type": "LineString", "coordinates": [[77.58861, 12.99086], [77.58861, 12.99083]]}}, {"type": "Feature", "properties": {}, "geometry": {"type": "LineString", "coordinates": [[77.57081, 12.97696], [77.57081, 12.97703]]}}, {"type": "Feature", "properties": {}, "geometry": {"type": "LineString", "coordinates": [[77.57081, 12.97696], [77.57081, 12.97703]]}}, {"type": "Feature", "properties": {}, "geometry": {"type": "LineString", "coordinates": [[77.62257, 13.00266], [77.62254, 13.0027]]}}, {"type": "Feature", "properties": {}, "geometry": {"type": "LineString", "coordinates": [[77.62261, 13.00266], [77.62257, 13.00266]]}}, {"type": "Feature", "properties": {}, "geometry": {"type": "LineString", "coordinates": [[77.62257, 13.00266], [77.62254, 13.0027]]}}, {"type": "Feature", "properties": {}, "geometry": {"type": "LineString", "coordinates": [[77.62261, 13.00266], [77.62257, 13.00266]]}}, {"type": "Feature", "properties": {}, "geometry": {"type": "LineString", "coordinates": [[77.61439, 13.00623], [77.61446, 13.00619]]}}, {"type": "Feature", "properties": {}, "geometry": {"type": "LineString", "coordinates": [[77.61439, 13.00623], [77.61446, 13.00619]]}}, {"type": "Feature", "properties": {}, "geometry": {"type": "LineString", "coordinates": [[77.59187, 12.9834], [77.59201, 12.98326]]}}, {"type": "Feature", "properties": {}, "geometry": {"type": "LineString", "coordinates": [[77.57299, 12.9831], [77.57295, 12.9831]]}}, {"type": "Feature", "properties": {}, "geometry": {"type": "LineString", "coordinates": [[77.62423, 13.01049], [77.6242, 13.01046]]}}, {"type": "Feature", "properties": {}, "geometry": {"type": "LineString", "coordinates": [[77.62423, 13.01049], [77.6242, 13.01046]]}}, {"type": "Feature", "properties": {}, "geometry": {"type": "LineString", "coordinates": [[77.636, 13.00372], [77.63604, 13.00372]]}}, {"type": "Feature", "properties": {}, "geometry": {"type": "LineString", "coordinates": [[77.636, 13.00372], [77.63604, 13.00372]]}}, {"type": "Feature", "properties": {}, "geometry": {"type": "LineString", "coordinates": [[77.57984, 12.98669], [77.57988, 12.98673]]}}, {"type": "Feature", "properties": {}, "geometry": {"type": "LineString", "coordinates": [[77.57984, 12.98669], [77.57988, 12.98673]]}}, {"type": "Feature", "properties": {}, "geometry": {"type": "LineString", "coordinates": [[77.6242, 13.00697], [77.62423, 13.00697]]}}, {"type": "Feature", "properties": {}, "geometry": {"type": "LineString", "coordinates": [[77.6242, 13.00697], [77.62423, 13.00697]]}}, {"type": "Feature", "properties": {}, "geometry": {"type": "LineString", "coordinates": [[77.61479, 13.00964], [77.61482, 13.00964]]}}, {"type": "Feature", "properties": {}, "geometry": {"type": "LineString", "coordinates": [[77.61479, 13.00964], [77.61482, 13.00964]]}}, {"type": "Feature", "properties": {}, "geometry": {"type": "LineString", "coordinates": [[77.56815, 12.9665], [77.56815, 12.96647]]}}, {"type": "Feature", "properties": {}, "geometry": {"type": "LineString", "coordinates": [[77.56815, 12.96647], [77.56815, 12.96639]]}}, {"type": "Feature", "properties": {}, "geometry": {"type": "LineString", "coordinates": [[77.56815, 12.96639], [77.56815, 12.96618]]}}, {"type": "Feature", "properties": {}, "geometry": {"type": "LineString", "coordinates": [[77.56815, 12.96618], [77.56815, 12.96611]]}}, {"type": "Feature", "properties": {}, "geometry": {"type": "LineString", "coordinates": [[77.56815, 12.9665], [77.56815, 12.96647]]}}, {"type": "Feature", "properties": {}, "geometry": {"type": "LineString", "coordinates": [[77.56815, 12.96647], [77.56815, 12.96639]]}}, {"type": "Feature", "properties": {}, "geometry": {"type": "LineString", "coordinates": [[77.56815, 12.96639], [77.56815, 12.96618]]}}, {"type": "Feature", "properties": {}, "geometry": {"type": "LineString", "coordinates": [[77.56815, 12.96618], [77.56815, 12.96611]]}}, {"type": "Feature", "properties": {}, "geometry": {"type": "LineString", "coordinates": [[77.56815, 12.9665], [77.56815, 12.96647]]}}, {"type": "Feature", "properties": {}, "geometry": {"type": "LineString", "coordinates": [[77.56815, 12.96647], [77.56815, 12.96639]]}}, {"type": "Feature", "properties": {}, "geometry": {"type": "LineString", "coordinates": [[77.56815, 12.96639], [77.56815, 12.96618]]}}, {"type": "Feature", "properties": {}, "geometry": {"type": "LineString", "coordinates": [[77.56815, 12.96618], [77.56815, 12.96611]]}}, {"type": "Feature", "properties": {}, "geometry": {"type": "LineString", "coordinates": [[77.61746, 13.01531], [77.61747, 13.01538]]}}, {"type": "Feature", "properties": {}, "geometry": {"type": "LineString", "coordinates": [[77.61526, 13.01072], [77.6153, 13.01076]]}}, {"type": "Feature", "properties": {}, "geometry": {"type": "LineString", "coordinates": [[77.61537, 13.01086], [77.61534, 13.01083]]}}, {"type": "Feature", "properties": {}, "geometry": {"type": "LineString", "coordinates": [[77.61614, 13.01209], [77.61614, 13.01212]]}}, {"type": "Feature", "properties": {}, "geometry": {"type": "LineString", "coordinates": [[77.61585, 13.01163], [77.61588, 13.01167]]}}, {"type": "Feature", "properties": {}, "geometry": {"type": "LineString", "coordinates": [[77.58088, 12.97225], [77.58088, 12.97222]]}}, {"type": "Feature", "properties": {}, "geometry": {"type": "LineString", "coordinates": [[77.60852, 12.97697], [77.60852, 12.97701]]}}, {"type": "Feature", "properties": {}, "geometry": {"type": "LineString", "coordinates": [[77.62121, 13.03033], [77.62121, 13.0303]]}}, {"type": "Feature", "properties": {}, "geometry": {"type": "LineString", "coordinates": [[77.60399, 12.97892], [77.60406, 12.97888]]}}, {"type": "Feature", "properties": {}, "geometry": {"type": "LineString", "coordinates": [[77.64794, 13.01261], [77.64794, 13.01264]]}}, {"type": "Feature", "properties": {}, "geometry": {"type": "LineString", "coordinates": [[77.64974, 13.01329], [77.65088, 13.01265]]}}, {"type": "Feature", "properties": {}, "geometry": {"type": "LineString", "coordinates": [[77.65088, 13.01265], [77.65081, 13.0123], [77.65206, 13.01172]]}}, {"type": "Feature", "properties": {}, "geometry": {"type": "LineString", "coordinates": [[77.65515, 13.01211], [77.65518, 13.01215]]}}, {"type": "Feature", "properties": {}, "geometry": {"type": "LineString", "coordinates": [[77.65507, 13.01197], [77.65515, 13.01211]]}}, {"type": "Feature", "properties": {}, "geometry": {"type": "LineString", "coordinates": [[77.65209, 13.01179], [77.65273, 13.01115], [77.65507, 13.01197]]}}, {"type": "Feature", "properties": {}, "geometry": {"type": "LineString", "coordinates": [[77.65206, 13.01172], [77.65209, 13.01179]]}}, {"type": "Feature", "properties": {}, "geometry": {"type": "LineString", "coordinates": [[77.6337, 13.02715], [77.63267, 13.02758]]}}, {"type": "Feature", "properties": {}, "geometry": {"type": "LineString", "coordinates": [[77.63402, 13.02704], [77.6337, 13.02715]]}}, {"type": "Feature", "properties": {}, "geometry": {"type": "LineString", "coordinates": [[77.63431, 13.02665], [77.63459, 13.02654]]}}, {"type": "Feature", "properties": {}, "geometry": {"type": "LineString", "coordinates": [[77.63431, 13.027], [77.63431, 13.02696]]}}, {"type": "Feature", "properties": {}, "geometry": {"type": "LineString", "coordinates": [[77.63431, 13.02696], [77.63428, 13.02696]]}}, {"type": "Feature", "properties": {}, "geometry": {"type": "LineString", "coordinates": [[77.63428, 13.02696], [77.63427, 13.02693]]}}, {"type": "Feature", "properties": {}, "geometry": {"type": "LineString", "coordinates": [[77.63427, 13.02693], [77.6342, 13.02668]]}}, {"type": "Feature", "properties": {}, "geometry": {"type": "LineString", "coordinates": [[77.63438, 13.02693], [77.63435, 13.02689]]}}, {"type": "Feature", "properties": {}, "geometry": {"type": "LineString", "coordinates": [[77.63435, 13.02689], [77.63431, 13.02668]]}}, {"type": "Feature", "properties": {}, "geometry": {"type": "LineString", "coordinates": [[77.6347, 13.02682], [77.63467, 13.02678]]}}, {"type": "Feature", "properties": {}, "geometry": {"type": "LineString", "coordinates": [[77.63467, 13.02678], [77.63467, 13.02671]]}}, {"type": "Feature", "properties": {}, "geometry": {"type": "LineString", "coordinates": [[77.63467, 13.02671], [77.63463, 13.02654]]}}, {"type": "Feature", "properties": {}, "geometry": {"type": "LineString", "coordinates": [[77.64978, 13.01329], [77.64953, 13.0133]]}}, {"type": "Feature", "properties": {}, "geometry": {"type": "LineString", "coordinates": [[77.64953, 13.0133], [77.64949, 13.0133]]}}, {"type": "Feature", "properties": {}, "geometry": {"type": "LineString", "coordinates": [[77.64949, 13.0133], [77.64855, 13.01281]]}}, {"type": "Feature", "properties": {}, "geometry": {"type": "LineString", "coordinates": [[77.64855, 13.01281], [77.64798, 13.01254]]}}, {"type": "Feature", "properties": {}, "geometry": {"type": "LineString", "coordinates": [[77.64798, 13.01254], [77.64765, 13.0124]]}}, {"type": "Feature", "properties": {}, "geometry": {"type": "LineString", "coordinates": [[77.63238, 13.02772], [77.63126, 13.02678], [77.63056, 13.02556]]}}, {"type": "Feature", "properties": {}, "geometry": {"type": "LineString", "coordinates": [[77.6326, 13.02761], [77.63238, 13.02772]]}}, {"type": "Feature", "properties": {}, "geometry": {"type": "LineString", "coordinates": [[77.63267, 13.02758], [77.6326, 13.02761]]}}, {"type": "Feature", "properties": {}, "geometry": {"type": "LineString", "coordinates": [[77.63056, 13.02556], [77.63056, 13.02552]]}}, {"type": "Feature", "properties": {}, "geometry": {"type": "LineString", "coordinates": [[77.63056, 13.02552], [77.63045, 13.02521]]}}, {"type": "Feature", "properties": {}, "geometry": {"type": "LineString", "coordinates": [[77.63045, 13.02521], [77.63041, 13.02496]]}}, {"type": "Feature", "properties": {}, "geometry": {"type": "LineString", "coordinates": [[77.63041, 13.02496], [77.63034, 13.02465]]}}, {"type": "Feature", "properties": {}, "geometry": {"type": "LineString", "coordinates": [[77.63034, 13.02465], [77.63016, 13.02437]]}}, {"type": "Feature", "properties": {}, "geometry": {"type": "LineString", "coordinates": [[77.63016, 13.02437], [77.6295, 13.02346]]}}, {"type": "Feature", "properties": {}, "geometry": {"type": "LineString", "coordinates": [[77.6295, 13.02346], [77.6288, 13.02153]]}}, {"type": "Feature", "properties": {}, "geometry": {"type": "LineString", "coordinates": [[77.6288, 13.02153], [77.62869, 13.02118]]}}, {"type": "Feature", "properties": {}, "geometry": {"type": "LineString", "coordinates": [[77.62869, 13.02118], [77.62869, 13.02114]]}}, {"type": "Feature", "properties": {}, "geometry": {"type": "LineString", "coordinates": [[77.63478, 13.02685], [77.63478, 13.02682]]}}, {"type": "Feature", "properties": {}, "geometry": {"type": "LineString", "coordinates": [[77.63478, 13.02682], [77.63478, 13.02678]]}}, {"type": "Feature", "properties": {}, "geometry": {"type": "LineString", "coordinates": [[77.63478, 13.02678], [77.63478, 13.02675]]}}, {"type": "Feature", "properties": {}, "geometry": {"type": "LineString", "coordinates": [[77.63478, 13.02675], [77.63474, 13.02671]]}}, {"type": "Feature", "properties": {}, "geometry": {"type": "LineString", "coordinates": [[77.63474, 13.02671], [77.6347, 13.02654]]}}, {"type": "Feature", "properties": {}, "geometry": {"type": "LineString", "coordinates": [[77.64904, 13.0145], [77.64911, 13.01443]]}}, {"type": "Feature", "properties": {}, "geometry": {"type": "LineString", "coordinates": [[77.64911, 13.01443], [77.64794, 13.01261]]}}, {"type": "Feature", "properties": {}, "geometry": {"type": "LineString", "coordinates": [[77.64826, 13.01268], [77.64974, 13.01329]]}}, {"type": "Feature", "properties": {}, "geometry": {"type": "LineString", "coordinates": [[77.64798, 13.01254], [77.64826, 13.01268]]}}, {"type": "Feature", "properties": {}, "geometry": {"type": "LineString", "coordinates": [[77.64794, 13.01261], [77.64798, 13.01254]]}}, {"type": "Feature", "properties": {}, "geometry": {"type": "LineString", "coordinates": [[77.63943, 13.01586], [77.63951, 13.01586]]}}, {"type": "Feature", "properties": {}, "geometry": {"type": "LineString", "coordinates": [[77.63951, 13.01586], [77.64287, 13.01537]]}}, {"type": "Feature", "properties": {}, "geometry": {"type": "LineString", "coordinates": [[77.64287, 13.01537], [77.64467, 13.01514]]}}, {"type": "Feature", "properties": {}, "geometry": {"type": "LineString", "coordinates": [[77.64467, 13.01514], [77.64495, 13.0151]]}}, {"type": "Feature", "properties": {}, "geometry": {"type": "LineString", "coordinates": [[77.64495, 13.0151], [77.64646, 13.01488]]}}, {"type": "Feature", "properties": {}, "geometry": {"type": "LineString", "coordinates": [[77.64646, 13.01488], [77.64682, 13.01484]]}}, {"type": "Feature", "properties": {}, "geometry": {"type": "LineString", "coordinates": [[77.64682, 13.01484], [77.64692, 13.01484]]}}, {"type": "Feature", "properties": {}, "geometry": {"type": "LineString", "coordinates": [[77.64692, 13.01484], [77.64904, 13.0145]]}}, {"type": "Feature", "properties": {}, "geometry": {"type": "LineString", "coordinates": [[77.65487, 13.01268], [77.6549, 13.01264]]}}, {"type": "Feature", "properties": {}, "geometry": {"type": "LineString", "coordinates": [[77.65092, 13.01265], [77.65088, 13.01265]]}}, {"type": "Feature", "properties": {}, "geometry": {"type": "LineString", "coordinates": [[77.65088, 13.01265], [77.65092, 13.01265]]}}, {"type": "Feature", "properties": {}, "geometry": {"type": "LineString", "coordinates": [[77.65202, 13.01176], [77.65081, 13.0123], [77.65088, 13.01261]]}}, {"type": "Feature", "properties": {}, "geometry": {"type": "LineString", "coordinates": [[77.65518, 13.01215], [77.65511, 13.01211]]}}, {"type": "Feature", "properties": {}, "geometry": {"type": "LineString", "coordinates": [[77.65511, 13.01211], [77.65507, 13.01201]]}}, {"type": "Feature", "properties": {}, "geometry": {"type": "LineString", "coordinates": [[77.65507, 13.01201], [77.65273, 13.01119], [77.65206, 13.01179]]}}, {"type": "Feature", "properties": {}, "geometry": {"type": "LineString", "coordinates": [[77.65206, 13.01179], [77.65202, 13.01176]]}}, {"type": "Feature", "properties": {}, "geometry": {"type": "LineString", "coordinates": [[77.62777, 13.01595], [77.62773, 13.0157]]}}, {"type": "Feature", "properties": {}, "geometry": {"type": "LineString", "coordinates": [[77.62869, 13.02114], [77.62865, 13.02104]]}}, {"type": "Feature", "properties": {}, "geometry": {"type": "LineString", "coordinates": [[77.62865, 13.02104], [77.62843, 13.01983]]}}, {"type": "Feature", "properties": {}, "geometry": {"type": "LineString", "coordinates": [[77.62843, 13.01983], [77.62808, 13.01784]]}}, {"type": "Feature", "properties": {}, "geometry": {"type": "LineString", "coordinates": [[77.62808, 13.01784], [77.62777, 13.01595]]}}, {"type": "Feature", "properties": {}, "geometry": {"type": "LineString", "coordinates": [[77.62773, 13.0157], [77.62725, 13.01465]]}}, {"type": "Feature", "properties": {}, "geometry": {"type": "LineString", "coordinates": [[77.65092, 13.01268], [77.65085, 13.01272]]}}, {"type": "Feature", "properties": {}, "geometry": {"type": "LineString", "coordinates": [[77.65085, 13.01272], [77.64978, 13.01329]]}}, {"type": "Feature", "properties": {}, "geometry": {"type": "LineString", "coordinates": [[77.71319, 12.96422], [77.71319, 12.96419]]}}, {"type": "Feature", "properties": {}, "geometry": {"type": "LineString", "coordinates": [[77.71319, 12.96419], [77.71319, 12.96415]]}}, {"type": "Feature", "properties": {}, "geometry": {"type": "LineString", "coordinates": [[77.63153, 13.02882], [77.63188, 13.02811], [77.63242, 13.02772]]}}, {"type": "Feature", "properties": {}, "geometry": {"type": "LineString", "coordinates": [[77.63242, 13.02772], [77.63245, 13.02772]]}}, {"type": "Feature", "properties": {}, "geometry": {"type": "LineString", "coordinates": [[77.63245, 13.02772], [77.63267, 13.02758]]}}, {"type": "Feature", "properties": {}, "geometry": {"type": "LineString", "coordinates": [[77.63267, 13.02761], [77.63277, 13.02758]]}}, {"type": "Feature", "properties": {}, "geometry": {"type": "LineString", "coordinates": [[77.63267, 13.02758], [77.63267, 13.02761]]}}, {"type": "Feature", "properties": {}, "geometry": {"type": "LineString", "coordinates": [[77.63277, 13.02758], [77.63431, 13.027]]}}, {"type": "Feature", "properties": {}, "geometry": {"type": "LineString", "coordinates": [[77.63431, 13.027], [77.63438, 13.027]]}}, {"type": "Feature", "properties": {}, "geometry": {"type": "LineString", "coordinates": [[77.63442, 13.02696], [77.63445, 13.02696]]}}, {"type": "Feature", "properties": {}, "geometry": {"type": "LineString", "coordinates": [[77.63445, 13.02696], [77.63478, 13.02685]]}}, {"type": "Feature", "properties": {}, "geometry": {"type": "LineString", "coordinates": [[77.63402, 13.02704], [77.63428, 13.02696]]}}, {"type": "Feature", "properties": {}, "geometry": {"type": "LineString", "coordinates": [[77.63428, 13.02696], [77.63438, 13.02693]]}}, {"type": "Feature", "properties": {}, "geometry": {"type": "LineString", "coordinates": [[77.63438, 13.02693], [77.6347, 13.02682]]}}, {"type": "Feature", "properties": {}, "geometry": {"type": "LineString", "coordinates": [[77.6347, 13.02682], [77.63478, 13.02678]]}}, {"type": "Feature", "properties": {}, "geometry": {"type": "LineString", "coordinates": [[77.63478, 13.02678], [77.63481, 13.02678]]}}, {"type": "Feature", "properties": {}, "geometry": {"type": "LineString", "coordinates": [[77.6551, 13.0106], [77.65461, 13.01177], [77.65511, 13.01194]]}}, {"type": "Feature", "properties": {}, "geometry": {"type": "LineString", "coordinates": [[77.65531, 13.01018], [77.6551, 13.0106]]}}, {"type": "Feature", "properties": {}, "geometry": {"type": "LineString", "coordinates": [[77.65548, 13.00982], [77.65531, 13.01018]]}}, {"type": "Feature", "properties": {}, "geometry": {"type": "LineString", "coordinates": [[77.65573, 13.0095], [77.65548, 13.00982]]}}, {"type": "Feature", "properties": {}, "geometry": {"type": "LineString", "coordinates": [[77.65605, 13.00908], [77.65573, 13.0095]]}}, {"type": "Feature", "properties": {}, "geometry": {"type": "LineString", "coordinates": [[77.65568, 13.00862], [77.65605, 13.00908]]}}, {"type": "Feature", "properties": {}, "geometry": {"type": "LineString", "coordinates": [[77.65572, 13.00553], [77.65596, 13.00792], [77.65618, 13.00827], [77.65568, 13.00862]]}}, {"type": "Feature", "properties": {}, "geometry": {"type": "LineString", "coordinates": [[77.65568, 13.00486], [77.65572, 13.00553]]}}, {"type": "Feature", "properties": {}, "geometry": {"type": "LineString", "coordinates": [[77.65568, 13.00444], [77.65568, 13.00482]]}}, {"type": "Feature", "properties": {}, "geometry": {"type": "LineString", "coordinates": [[77.65611, 13.00429], [77.65568, 13.00444]]}}, {"type": "Feature", "properties": {}, "geometry": {"type": "LineString", "coordinates": [[77.65668, 13.00407], [77.65611, 13.00429]]}}, {"type": "Feature", "properties": {}, "geometry": {"type": "LineString", "coordinates": [[77.65786, 13.00385], [77.65768, 13.00364], [77.65668, 13.00407]]}}, {"type": "Feature", "properties": {}, "geometry": {"type": "LineString", "coordinates": [[77.63267, 13.02765], [77.63195, 13.02811], [77.63059, 13.03098]]}}, {"type": "Feature", "properties": {}, "geometry": {"type": "LineString", "coordinates": [[77.6327, 13.02761], [77.63267, 13.02765]]}}, {"type": "Feature", "properties": {}, "geometry": {"type": "LineString", "coordinates": [[77.63277, 13.02758], [77.6327, 13.02761]]}}, {"type": "Feature", "properties": {}, "geometry": {"type": "LineString", "coordinates": [[77.63345, 13.02725], [77.63277, 13.02758]]}}, {"type": "Feature", "properties": {}, "geometry": {"type": "LineString", "coordinates": [[77.63377, 13.02715], [77.63345, 13.02725]]}}, {"type": "Feature", "properties": {}, "geometry": {"type": "LineString", "coordinates": [[77.6341, 13.02704], [77.63377, 13.02715]]}}, {"type": "Feature", "properties": {}, "geometry": {"type": "LineString", "coordinates": [[77.63431, 13.02696], [77.6341, 13.02704]]}}, {"type": "Feature", "properties": {}, "geometry": {"type": "LineString", "coordinates": [[77.63438, 13.02696], [77.63431, 13.02696]]}}, {"type": "Feature", "properties": {}, "geometry": {"type": "LineString", "coordinates": [[77.63445, 13.02693], [77.63438, 13.02696]]}}, {"type": "Feature", "properties": {}, "geometry": {"type": "LineString", "coordinates": [[77.63478, 13.02682], [77.63445, 13.02693]]}}, {"type": "Feature", "properties": {}, "geometry": {"type": "LineString", "coordinates": [[77.63485, 13.02678], [77.63478, 13.02682]]}}, {"type": "Feature", "properties": {}, "geometry": {"type": "LineString", "coordinates": [[77.63267, 13.02758], [77.6337, 13.02715]]}}, {"type": "Feature", "properties": {}, "geometry": {"type": "LineString", "coordinates": [[77.70138, 12.95706], [77.70153, 12.95702]]}}, {"type": "Feature", "properties": {}, "geometry": {"type": "LineString", "coordinates": [[77.63267, 13.02761], [77.6327, 13.02761]]}}, {"type": "Feature", "properties": {}, "geometry": {"type": "LineString", "coordinates": [[77.63728, 13.02275], [77.63681, 13.0192]]}}, {"type": "Feature", "properties": {}, "geometry": {"type": "LineString", "coordinates": [[77.63681, 13.0192], [77.63655, 13.01804]]}}, {"type": "Feature", "properties": {}, "geometry": {"type": "LineString", "coordinates": [[77.63655, 13.01804], [77.6364, 13.01741]]}}, {"type": "Feature", "properties": {}, "geometry": {"type": "LineString", "coordinates": [[77.6364, 13.01741], [77.63632, 13.01706]]}}, {"type": "Feature", "properties": {}, "geometry": {"type": "LineString", "coordinates": [[77.63632, 13.01706], [77.63617, 13.01621]]}}, {"type": "Feature", "properties": {}, "geometry": {"type": "LineString", "coordinates": [[77.63617, 13.01621], [77.63583, 13.01453]]}}, {"type": "Feature", "properties": {}, "geometry": {"type": "LineString", "coordinates": [[77.63583, 13.01453], [77.63553, 13.01319]]}}, {"type": "Feature", "properties": {}, "geometry": {"type": "LineString", "coordinates": [[77.63467, 13.02671], [77.63474, 13.02671]]}}, {"type": "Feature", "properties": {}, "geometry": {"type": "LineString", "coordinates": [[77.65501, 13.01264], [77.65515, 13.01253]]}}, {"type": "Feature", "properties": {}, "geometry": {"type": "LineString", "coordinates": [[77.65515, 13.01253], [77.6553, 13.01246]]}}, {"type": "Feature", "properties": {}, "geometry": {"type": "LineString", "coordinates": [[77.65533, 13.01243], [77.65533, 13.01246]]}}, {"type": "Feature", "properties": {}, "geometry": {"type": "LineString", "coordinates": [[77.65529, 13.01243], [77.65533, 13.01243]]}}, {"type": "Feature", "properties": {}, "geometry": {"type": "LineString", "coordinates": [[77.65533, 13.01243], [77.65529, 13.01243]]}}, {"type": "Feature", "properties": {}, "geometry": {"type": "LineString", "coordinates": [[77.65529, 13.01243], [77.65529, 13.01239]]}}, {"type": "Feature", "properties": {}, "geometry": {"type": "LineString", "coordinates": [[77.65529, 13.01239], [77.65522, 13.01222]]}}, {"type": "Feature", "properties": {}, "geometry": {"type": "LineString", "coordinates": [[77.65515, 13.01253], [77.65511, 13.01225]]}}, {"type": "Feature", "properties": {}, "geometry": {"type": "LineString", "coordinates": [[77.65518, 13.01222], [77.65522, 13.01222]]}}, {"type": "Feature", "properties": {}, "geometry": {"type": "LineString", "coordinates": [[77.68364, 12.99891], [77.68557, 12.99832]]}}, {"type": "Feature", "properties": {}, "geometry": {"type": "LineString", "coordinates": [[77.68557, 12.99832], [77.68583, 12.99828]]}}, {"type": "Feature", "properties": {}, "geometry": {"type": "LineString", "coordinates": [[77.68583, 12.99828], [77.68651, 12.99817]]}}, {"type": "Feature", "properties": {}, "geometry": {"type": "LineString", "coordinates": [[77.6372, 13.0251], [77.6372, 13.02514]]}}, {"type": "Feature", "properties": {}, "geometry": {"type": "LineString", "coordinates": [[77.62528, 13.03874], [77.62521, 13.03881]]}}, {"type": "Feature", "properties": {}, "geometry": {"type": "LineString", "coordinates": [[77.62532, 13.03867], [77.62528, 13.03874]]}}, {"type": "Feature", "properties": {}, "geometry": {"type": "LineString", "coordinates": [[77.69714, 13.02241], [77.69694, 13.02083], [77.69707, 13.01988]]}}, {"type": "Feature", "properties": {}, "geometry": {"type": "LineString", "coordinates": [[77.69707, 13.01988], [77.69699, 13.01886]]}}, {"type": "Feature", "properties": {}, "geometry": {"type": "LineString", "coordinates": [[77.69699, 13.01886], [77.69674, 13.01833]]}}, {"type": "Feature", "properties": {}, "geometry": {"type": "LineString", "coordinates": [[77.62589, 13.03796], [77.62589, 13.03792]]}}, {"type": "Feature", "properties": {}, "geometry": {"type": "LineString", "coordinates": [[77.65514, 13.0151], [77.65532, 13.0151]]}}, {"type": "Feature", "properties": {}, "geometry": {"type": "LineString", "coordinates": [[77.75291, 12.98375], [77.75248, 12.98379]]}}, {"type": "Feature", "properties": {}, "geometry": {"type": "LineString", "coordinates": [[77.75847, 12.99692], [77.75844, 12.99653]]}}, {"type": "Feature", "properties": {}, "geometry": {"type": "LineString", "coordinates": [[77.75844, 12.99653], [77.75843, 12.9964]]}}, {"type": "Feature", "properties": {}, "geometry": {"type": "LineString", "coordinates": [[77.69692, 12.99539], [77.69692, 12.99553]]}}, {"type": "Feature", "properties": {}, "geometry": {"type": "LineString", "coordinates": [[77.69688, 12.99525], [77.69692, 12.99539]]}}, {"type": "Feature", "properties": {}, "geometry": {"type": "LineString", "coordinates": [[77.69688, 12.99521], [77.69688, 12.99521]]}}, {"type": "Feature", "properties": {}, "geometry": {"type": "LineString", "coordinates": [[77.69688, 12.99521], [77.69688, 12.99525]]}}, {"type": "Feature", "properties": {}, "geometry": {"type": "LineString", "coordinates": [[77.75262, 12.98386], [77.76313, 13.00331]]}}, {"type": "Feature", "properties": {}, "geometry": {"type": "LineString", "coordinates": [[77.71107, 12.97702], [77.71107, 12.97705]]}}, {"type": "Feature", "properties": {}, "geometry": {"type": "LineString", "coordinates": [[77.71107, 12.97698], [77.71107, 12.97702]]}}, {"type": "Feature", "properties": {}, "geometry": {"type": "LineString", "coordinates": [[77.70593, 12.99287], [77.71052, 12.99278], [77.71428, 12.99162], [77.71504, 12.99182]]}}, {"type": "Feature", "properties": {}, "geometry": {"type": "LineString", "coordinates": [[77.71626, 12.99234], [77.71996, 12.99226]]}}, {"type": "Feature", "properties": {}, "geometry": {"type": "LineString", "coordinates": [[77.63637, 13.00428], [77.63716, 13.0048]]}}, {"type": "Feature", "properties": {}, "geometry": {"type": "LineString", "coordinates": [[77.63947, 13.0159], [77.63951, 13.01586]]}}, {"type": "Feature", "properties": {}, "geometry": {"type": "LineString", "coordinates": [[77.65529, 13.01243], [77.65533, 13.01243]]}}, {"type": "Feature", "properties": {}, "geometry": {"type": "LineString", "coordinates": [[77.7503, 12.97196], [77.75034, 12.97196]]}}, {"type": "Feature", "properties": {}, "geometry": {"type": "LineString", "coordinates": [[77.63438, 13.02696], [77.63438, 13.027]]}}, {"type": "Feature", "properties": {}, "geometry": {"type": "LineString", "coordinates": [[77.63438, 13.02696], [77.63438, 13.027]]}}, {"type": "Feature", "properties": {}, "geometry": {"type": "LineString", "coordinates": [[77.69049, 12.9349], [77.69045, 12.9349]]}}, {"type": "Feature", "properties": {}, "geometry": {"type": "LineString", "coordinates": [[77.69049, 12.9349], [77.69045, 12.9349]]}}, {"type": "Feature", "properties": {}, "geometry": {"type": "LineString", "coordinates": [[77.68679, 12.93142], [77.6873, 12.93183]]}}, {"type": "Feature", "properties": {}, "geometry": {"type": "LineString", "coordinates": [[77.68665, 12.93128], [77.68679, 12.93142]]}}, {"type": "Feature", "properties": {}, "geometry": {"type": "LineString", "coordinates": [[77.68679, 12.93142], [77.6873, 12.93183]]}}, {"type": "Feature", "properties": {}, "geometry": {"type": "LineString", "coordinates": [[77.68665, 12.93128], [77.68679, 12.93142]]}}, {"type": "Feature", "properties": {}, "geometry": {"type": "LineString", "coordinates": [[77.6553, 13.01246], [77.65529, 13.01243]]}}, {"type": "Feature", "properties": {}, "geometry": {"type": "LineString", "coordinates": [[77.6553, 13.01246], [77.65529, 13.01243]]}}, {"type": "Feature", "properties": {}, "geometry": {"type": "LineString", "coordinates": [[77.72753, 12.98926], [77.72749, 12.98898]]}}, {"type": "Feature", "properties": {}, "geometry": {"type": "LineString", "coordinates": [[77.65092, 13.01268], [77.65088, 13.01265]]}}, {"type": "Feature", "properties": {}, "geometry": {"type": "LineString", "coordinates": [[77.65088, 13.01265], [77.65088, 13.01261]]}}, {"type": "Feature", "properties": {}, "geometry": {"type": "LineString", "coordinates": [[77.65092, 13.01268], [77.65088, 13.01265]]}}, {"type": "Feature", "properties": {}, "geometry": {"type": "LineString", "coordinates": [[77.65088, 13.01265], [77.65088, 13.01261]]}}, {"type": "Feature", "properties": {}, "geometry": {"type": "LineString", "coordinates": [[77.63438, 13.027], [77.63442, 13.02696]]}}, {"type": "Feature", "properties": {}, "geometry": {"type": "LineString", "coordinates": [[77.63438, 13.027], [77.63442, 13.02696]]}}, {"type": "Feature", "properties": {}, "geometry": {"type": "LineString", "coordinates": [[77.65568, 13.00486], [77.65568, 13.00482]]}}, {"type": "Feature", "properties": {}, "geometry": {"type": "LineString", "coordinates": [[77.65568, 13.00486], [77.65568, 13.00482]]}}, {"type": "Feature", "properties": {}, "geometry": {"type": "LineString", "coordinates": [[77.75854, 12.99696], [77.75711, 13.00373], [77.75703, 13.0056], [77.75846, 13.00831]]}}, {"type": "Feature", "properties": {}, "geometry": {"type": "LineString", "coordinates": [[77.75708, 13.00408], [77.75683, 13.00423]]}}, {"type": "Feature", "properties": {}, "geometry": {"type": "LineString", "coordinates": [[77.75683, 13.00423], [77.7551, 13.00527]]}}, {"type": "Feature", "properties": {}, "geometry": {"type": "LineString", "coordinates": [[77.7551, 13.00527], [77.75494, 13.00537], [77.75329, 13.00556], [77.75104, 13.0065], [77.75036, 13.00662], [77.74928, 13.00614], [77.74778, 13.00664]]}}, {"type": "Feature", "properties": {}, "geometry": {"type": "LineString", "coordinates": [[77.61643, 13.01289], [77.61647, 13.01293]]}}, {"type": "Feature", "properties": {}, "geometry": {"type": "LineString", "coordinates": [[77.6359, 13.01453], [77.6359, 13.01449]]}}, {"type": "Feature", "properties": {}, "geometry": {"type": "LineString", "coordinates": [[77.67567, 13.01137], [77.67563, 13.01134]]}}, {"type": "Feature", "properties": {}, "geometry": {"type": "LineString", "coordinates": [[77.67822, 13.01846], [77.67822, 13.01839]]}}, {"type": "Feature", "properties": {}, "geometry": {"type": "LineString", "coordinates": [[77.64906, 13.01305], [77.64909, 13.01309]]}}, {"type": "Feature", "properties": {}, "geometry": {"type": "LineString", "coordinates": [[77.63403, 13.02711], [77.63403, 13.02707]]}}, {"type": "Feature", "properties": {}, "geometry": {"type": "LineString", "coordinates": [[77.63717, 13.02574], [77.63717, 13.02577]]}}, {"type": "Feature", "properties": {}, "geometry": {"type": "LineString", "coordinates": [[77.71486, 12.95615], [77.7149, 12.95618]]}}, {"type": "Feature", "properties": {}, "geometry": {"type": "LineString", "coordinates": [[77.65558, 13.01214], [77.65518, 13.01218]]}}, {"type": "Feature", "properties": {}, "geometry": {"type": "LineString", "coordinates": [[77.70153, 12.95766], [77.70153, 12.95762]]}}, {"type": "Feature", "properties": {}, "geometry": {"type": "LineString", "coordinates": [[77.55917, 13.09124], [77.55971, 13.09123], [77.55975, 13.08792], [77.56289, 13.08603], [77.56445, 13.08408], [77.56203, 13.07956], [77.56264, 13.07938], [77.56435, 13.0782], [77.56423, 13.07725], [77.56516, 13.07675], [77.5653, 13.0766]]}}, {"type": "Feature", "properties": {}, "geometry": {"type": "LineString", "coordinates": [[77.5653, 13.0766], [77.56623, 13.07561], [77.57002, 13.07466], [77.57016, 13.07388], [77.5717, 13.07359], [77.57168, 13.07214], [77.57438, 13.07208], [77.57713, 13.07132], [77.57824, 13.07046], [77.57992, 13.07023], [77.5811, 13.0698], [77.58217, 13.07278], [77.58212, 13.07507], [77.58116, 13.07522], [77.58251, 13.07749], [77.58536, 13.07581], [77.59112, 13.07343], [77.5913, 13.07392], [77.59259, 13.07355], [77.59793, 13.07287], [77.60091, 13.07308], [77.60242, 13.07289], [77.60514, 13.07248], [77.60614, 13.07141], [77.61012, 13.07084], [77.6192, 13.07103], [77.61971, 13.07156], [77.62024, 13.07109], [77.62207, 13.07048], [77.62421, 13.06929], [77.6385, 13.06658], [77.63873, 13.06664]]}}, {"type": "Feature", "properties": {}, "geometry": {"type": "LineString", "coordinates": [[77.63873, 13.06664], [77.63915, 13.06675], [77.64728, 13.06484], [77.65032, 13.06385], [77.64908, 13.062], [77.64867, 13.05768], [77.64866, 13.05766]]}}, {"type": "Feature", "properties": {}, "geometry": {"type": "LineString", "coordinates": [[77.64866, 13.05766], [77.64834, 13.05687], [77.64758, 13.05618], [77.64633, 13.05351], [77.6455, 13.04937], [77.64563, 13.04877], [77.64465, 13.04748], [77.6442, 13.04562], [77.64209, 13.04279], [77.64153, 13.04139], [77.64135, 13.0372], [77.64033, 13.03644], [77.63913, 13.03441], [77.63627, 13.03187], [77.63303, 13.028], [77.63653, 13.02673], [77.63635, 13.0262], [77.6342, 13.02686]]}}, {"type": "Feature", "properties": {}, "geometry": {"type": "LineString", "coordinates": [[77.6342, 13.02686], [77.63417, 13.02679]]}}, {"type": "Feature", "properties": {}, "geometry": {"type": "LineString", "coordinates": [[77.67862, 13.01557], [77.67862, 13.0156]]}}, {"type": "Feature", "properties": {}, "geometry": {"type": "LineString", "coordinates": [[77.63274, 13.02765], [77.6327, 13.02761]]}}, {"type": "Feature", "properties": {}, "geometry": {"type": "LineString", "coordinates": [[77.6327, 13.02761], [77.63267, 13.02765]]}}, {"type": "Feature", "properties": {}, "geometry": {"type": "LineString", "coordinates": [[77.62195, 13.03198], [77.61844, 13.03321]]}}, {"type": "Feature", "properties": {}, "geometry": {"type": "LineString", "coordinates": [[77.62589, 13.03796], [77.62558, 13.03641], [77.62445, 13.03414], [77.62419, 13.03417]]}}, {"type": "Feature", "properties": {}, "geometry": {"type": "LineString", "coordinates": [[77.62291, 13.03479], [77.62413, 13.03442], [77.62383, 13.0334]]}}, {"type": "Feature", "properties": {}, "geometry": {"type": "LineString", "coordinates": [[77.62291, 13.03482], [77.62291, 13.03486]]}}, {"type": "Feature", "properties": {}, "geometry": {"type": "LineString", "coordinates": [[77.75111, 12.97677], [77.75111, 12.97681]]}}, {"type": "Feature", "properties": {}, "geometry": {"type": "LineString", "coordinates": [[77.70041, 12.95703], [77.70045, 12.95703]]}}, {"type": "Feature", "properties": {}, "geometry": {"type": "LineString", "coordinates": [[77.67533, 12.9935], [77.67537, 12.99354]]}}, {"type": "Feature", "properties": {}, "geometry": {"type": "LineString", "coordinates": [[77.75115, 12.97695], [77.75115, 12.97702]]}}, {"type": "Feature", "properties": {}, "geometry": {"type": "LineString", "coordinates": [[77.62068, 12.97277], [77.62169, 12.97297], [77.62335, 12.97394]]}}, {"type": "Feature", "properties": {}, "geometry": {"type": "LineString", "coordinates": [[77.61538, 12.97356], [77.61577, 12.97345]]}}, {"type": "Feature", "properties": {}, "geometry": {"type": "LineString", "coordinates": [[77.61577, 12.97345], [77.61631, 12.97334]]}}, {"type": "Feature", "properties": {}, "geometry": {"type": "LineString", "coordinates": [[77.61631, 12.97334], [77.61785, 12.97297]]}}, {"type": "Feature", "properties": {}, "geometry": {"type": "LineString", "coordinates": [[77.61785, 12.97297], [77.61835, 12.97286]]}}, {"type": "Feature", "properties": {}, "geometry": {"type": "LineString", "coordinates": [[77.61835, 12.97286], [77.61957, 12.97275]]}}, {"type": "Feature", "properties": {}, "geometry": {"type": "LineString", "coordinates": [[77.62018, 12.97284], [77.62068, 12.97277]]}}, {"type": "Feature", "properties": {}, "geometry": {"type": "LineString", "coordinates": [[77.62003, 12.97285], [77.62018, 12.97284]]}}, {"type": "Feature", "properties": {}, "geometry": {"type": "LineString", "coordinates": [[77.62, 12.97285], [77.62003, 12.97285]]}}, {"type": "Feature", "properties": {}, "geometry": {"type": "LineString", "coordinates": [[77.61957, 12.97275], [77.62, 12.97285]]}}, {"type": "Feature", "properties": {}, "geometry": {"type": "LineString", "coordinates": [[77.6145, 12.97537], [77.61461, 12.97554]]}}, {"type": "Feature", "properties": {}, "geometry": {"type": "LineString", "coordinates": [[77.61443, 12.97537], [77.6145, 12.97537]]}}, {"type": "Feature", "properties": {}, "geometry": {"type": "LineString", "coordinates": [[77.64909, 12.98248], [77.64923, 12.98226]]}}, {"type": "Feature", "properties": {}, "geometry": {"type": "LineString", "coordinates": [[77.64909, 12.98265], [77.64913, 12.98258]]}}, {"type": "Feature", "properties": {}, "geometry": {"type": "LineString", "coordinates": [[77.64898, 12.98241], [77.64916, 12.98219]]}}, {"type": "Feature", "properties": {}, "geometry": {"type": "LineString", "coordinates": [[77.64949, 12.98279], [77.64945, 12.98279]]}}, {"type": "Feature", "properties": {}, "geometry": {"type": "LineString", "coordinates": [[77.64956, 12.98272], [77.64949, 12.98279]]}}, {"type": "Feature", "properties": {}, "geometry": {"type": "LineString", "coordinates": [[77.64963, 12.98275], [77.64956, 12.98272]]}}, {"type": "Feature", "properties": {}, "geometry": {"type": "LineString", "coordinates": [[77.64931, 12.98258], [77.64945, 12.98237]]}}, {"type": "Feature", "properties": {}, "geometry": {"type": "LineString", "coordinates": [[77.64955, 12.98215], [77.6497, 12.98198]]}}, {"type": "Feature", "properties": {}, "geometry": {"type": "LineString", "coordinates": [[77.65964, 12.99257], [77.66224, 12.99381]]}}, {"type": "Feature", "properties": {}, "geometry": {"type": "LineString", "coordinates": [[77.6582, 12.99185], [77.65964, 12.99257]]}}, {"type": "Feature", "properties": {}, "geometry": {"type": "LineString", "coordinates": [[77.65531, 12.99047], [77.6582, 12.99185]]}}, {"type": "Feature", "properties": {}, "geometry": {"type": "LineString", "coordinates": [[77.6547, 12.99016], [77.65531, 12.99047]]}}, {"type": "Feature", "properties": {}, "geometry": {"type": "LineString", "coordinates": [[77.65445, 12.99006], [77.6547, 12.99016]]}}, {"type": "Feature", "properties": {}, "geometry": {"type": "LineString", "coordinates": [[77.65239, 12.98909], [77.65445, 12.99006]]}}, {"type": "Feature", "properties": {}, "geometry": {"type": "LineString", "coordinates": [[77.65181, 12.98882], [77.65239, 12.98909]]}}, {"type": "Feature", "properties": {}, "geometry": {"type": "LineString", "coordinates": [[77.65156, 12.98871], [77.65181, 12.98882]]}}, {"type": "Feature", "properties": {}, "geometry": {"type": "LineString", "coordinates": [[77.64945, 12.98282], [77.64942, 12.98286]]}}, {"type": "Feature", "properties": {}, "geometry": {"type": "LineString", "coordinates": [[77.64945, 12.98279], [77.64945, 12.98282]]}}, {"type": "Feature", "properties": {}, "geometry": {"type": "LineString", "coordinates": [[77.64909, 12.98202], [77.64894, 12.98191]]}}, {"type": "Feature", "properties": {}, "geometry": {"type": "LineString", "coordinates": [[77.64894, 12.98191], [77.64894, 12.98188]]}}, {"type": "Feature", "properties": {}, "geometry": {"type": "LineString", "coordinates": [[77.64942, 12.98261], [77.64952, 12.98244]]}}, {"type": "Feature", "properties": {}, "geometry": {"type": "LineString", "coordinates": [[77.64966, 12.98219], [77.6498, 12.98201]]}}, {"type": "Feature", "properties": {}, "geometry": {"type": "LineString", "coordinates": [[77.64967, 12.98324], [77.64978, 12.9831]]}}, {"type": "Feature", "properties": {}, "geometry": {"type": "LineString", "coordinates": [[77.64978, 12.9831], [77.64982, 12.98303]]}}, {"type": "Feature", "properties": {}, "geometry": {"type": "LineString", "coordinates": [[77.64982, 12.98303], [77.6501, 12.9825]]}}, {"type": "Feature", "properties": {}, "geometry": {"type": "LineString", "coordinates": [[77.6501, 12.9825], [77.65002, 12.98247]]}}, {"type": "Feature", "properties": {}, "geometry": {"type": "LineString", "coordinates": [[77.65002, 12.98247], [77.65002, 12.98243]]}}, {"type": "Feature", "properties": {}, "geometry": {"type": "LineString", "coordinates": [[77.65002, 12.98243], [77.64999, 12.98243]]}}, {"type": "Feature", "properties": {}, "geometry": {"type": "LineString", "coordinates": [[77.61182, 12.95604], [77.61178, 12.95607]]}}, {"type": "Feature", "properties": {}, "geometry": {"type": "LineString", "coordinates": [[77.61282, 12.95575], [77.61182, 12.95604]]}}, {"type": "Feature", "properties": {}, "geometry": {"type": "LineString", "coordinates": [[77.61386, 12.95528], [77.61311, 12.95564]]}}, {"type": "Feature", "properties": {}, "geometry": {"type": "LineString", "coordinates": [[77.61418, 12.95513], [77.61386, 12.95528]]}}, {"type": "Feature", "properties": {}, "geometry": {"type": "LineString", "coordinates": [[77.61429, 12.9551], [77.61418, 12.95513]]}}, {"type": "Feature", "properties": {}, "geometry": {"type": "LineString", "coordinates": [[77.61436, 12.9551], [77.61429, 12.9551]]}}, {"type": "Feature", "properties": {}, "geometry": {"type": "LineString", "coordinates": [[77.61572, 12.95456], [77.61436, 12.9551]]}}, {"type": "Feature", "properties": {}, "geometry": {"type": "LineString", "coordinates": [[77.61636, 12.95434], [77.61572, 12.95456]]}}, {"type": "Feature", "properties": {}, "geometry": {"type": "LineString", "coordinates": [[77.61689, 12.95409], [77.61636, 12.95434]]}}, {"type": "Feature", "properties": {}, "geometry": {"type": "LineString", "coordinates": [[77.61739, 12.95387], [77.61689, 12.95409]]}}, {"type": "Feature", "properties": {}, "geometry": {"type": "LineString", "coordinates": [[77.61757, 12.95376], [77.61739, 12.95387]]}}, {"type": "Feature", "properties": {}, "geometry": {"type": "LineString", "coordinates": [[77.61772, 12.95369], [77.61757, 12.95376]]}}, {"type": "Feature", "properties": {}, "geometry": {"type": "LineString", "coordinates": [[77.64942, 12.98342], [77.64939, 12.98342]]}}, {"type": "Feature", "properties": {}, "geometry": {"type": "LineString", "coordinates": [[77.64939, 12.98342], [77.64899, 12.98314]]}}, {"type": "Feature", "properties": {}, "geometry": {"type": "LineString", "coordinates": [[77.64899, 12.98314], [77.6487, 12.98297]]}}, {"type": "Feature", "properties": {}, "geometry": {"type": "LineString", "coordinates": [[77.64906, 12.98265], [77.64909, 12.98258]]}}, {"type": "Feature", "properties": {}, "geometry": {"type": "LineString", "coordinates": [[77.6487, 12.98297], [77.64877, 12.98287]]}}, {"type": "Feature", "properties": {}, "geometry": {"type": "LineString", "coordinates": [[77.6493, 12.98198], [77.64941, 12.9818]]}}, {"type": "Feature", "properties": {}, "geometry": {"type": "LineString", "coordinates": [[77.64939, 12.98318], [77.64931, 12.98314]]}}, {"type": "Feature", "properties": {}, "geometry": {"type": "LineString", "coordinates": [[77.64899, 12.98314], [77.64906, 12.98304]]}}, {"type": "Feature", "properties": {}, "geometry": {"type": "LineString", "coordinates": [[77.64913, 12.98269], [77.64916, 12.98262]]}}, {"type": "Feature", "properties": {}, "geometry": {"type": "LineString", "coordinates": [[77.64848, 12.98255], [77.64863, 12.98266]]}}, {"type": "Feature", "properties": {}, "geometry": {"type": "LineString", "coordinates": [[77.64894, 12.98188], [77.64848, 12.98255]]}}, {"type": "Feature", "properties": {}, "geometry": {"type": "LineString", "coordinates": [[77.64919, 12.98152], [77.64894, 12.98188]]}}, {"type": "Feature", "properties": {}, "geometry": {"type": "LineString", "coordinates": [[77.64796, 12.98108], [77.64919, 12.98152]]}}, {"type": "Feature", "properties": {}, "geometry": {"type": "LineString", "coordinates": [[77.64703, 12.98116], [77.64796, 12.98108]]}}, {"type": "Feature", "properties": {}, "geometry": {"type": "LineString", "coordinates": [[77.64658, 12.97937], [77.6468, 12.97944], [77.64681, 12.98007], [77.64702, 12.9801], [77.64703, 12.98116]]}}, {"type": "Feature", "properties": {}, "geometry": {"type": "LineString", "coordinates": [[77.64669, 12.97898], [77.64658, 12.97937]]}}, {"type": "Feature", "properties": {}, "geometry": {"type": "LineString", "coordinates": [[77.64703, 12.9737], [77.64669, 12.97898]]}}, {"type": "Feature", "properties": {}, "geometry": {"type": "LineString", "coordinates": [[77.64695, 12.97363], [77.64703, 12.9737]]}}, {"type": "Feature", "properties": {}, "geometry": {"type": "LineString", "coordinates": [[77.64931, 12.98279], [77.64935, 12.98272]]}}, {"type": "Feature", "properties": {}, "geometry": {"type": "LineString", "coordinates": [[77.64935, 12.98321], [77.64928, 12.98318]]}}, {"type": "Feature", "properties": {}, "geometry": {"type": "LineString", "coordinates": [[77.64935, 12.98282], [77.64942, 12.98275]]}}, {"type": "Feature", "properties": {}, "geometry": {"type": "LineString", "coordinates": [[77.64942, 12.98275], [77.64924, 12.98265]]}}, {"type": "Feature", "properties": {}, "geometry": {"type": "LineString", "coordinates": [[77.64924, 12.98265], [77.6492, 12.98272]]}}, {"type": "Feature", "properties": {}, "geometry": {"type": "LineString", "coordinates": [[77.6492, 12.98265], [77.64917, 12.98269]]}}, {"type": "Feature", "properties": {}, "geometry": {"type": "LineString", "coordinates": [[77.64935, 12.98279], [77.64938, 12.98272]]}}, {"type": "Feature", "properties": {}, "geometry": {"type": "LineString", "coordinates": [[77.64942, 12.98275], [77.64938, 12.98282]]}}, {"type": "Feature", "properties": {}, "geometry": {"type": "LineString", "coordinates": [[77.64937, 12.98201], [77.64952, 12.98187]]}}, {"type": "Feature", "properties": {}, "geometry": {"type": "LineString", "coordinates": [[77.64799, 12.98692], [77.64823, 12.98555], [77.64942, 12.98342]]}}, {"type": "Feature", "properties": {}, "geometry": {"type": "LineString", "coordinates": [[77.64504, 12.98572], [77.64799, 12.98692]]}}, {"type": "Feature", "properties": {}, "geometry": {"type": "LineString", "coordinates": [[77.64935, 12.98321], [77.64939, 12.98318]]}}, {"type": "Feature", "properties": {}, "geometry": {"type": "LineString", "coordinates": [[77.64939, 12.98318], [77.6496, 12.98282]]}}, {"type": "Feature", "properties": {}, "geometry": {"type": "LineString", "coordinates": [[77.6496, 12.98282], [77.64963, 12.98275]]}}, {"type": "Feature", "properties": {}, "geometry": {"type": "LineString", "coordinates": [[77.64963, 12.98275], [77.64967, 12.98275]]}}, {"type": "Feature", "properties": {}, "geometry": {"type": "LineString", "coordinates": [[77.64967, 12.98275], [77.64981, 12.98247]]}}, {"type": "Feature", "properties": {}, "geometry": {"type": "LineString", "coordinates": [[77.64981, 12.98247], [77.64988, 12.9824]]}}, {"type": "Feature", "properties": {}, "geometry": {"type": "LineString", "coordinates": [[77.64988, 12.9824], [77.64992, 12.98233]]}}, {"type": "Feature", "properties": {}, "geometry": {"type": "LineString", "coordinates": [[77.64992, 12.98233], [77.64988, 12.98226]]}}, {"type": "Feature", "properties": {}, "geometry": {"type": "LineString", "coordinates": [[77.61547, 12.97902], [77.61422, 12.97966]]}}, {"type": "Feature", "properties": {}, "geometry": {"type": "LineString", "coordinates": [[77.61483, 12.97642], [77.61547, 12.97902]]}}, {"type": "Feature", "properties": {}, "geometry": {"type": "LineString", "coordinates": [[77.62003, 12.97288], [77.62018, 12.97288]]}}, {"type": "Feature", "properties": {}, "geometry": {"type": "LineString", "coordinates": [[77.62018, 12.97288], [77.62068, 12.97277]]}}, {"type": "Feature", "properties": {}, "geometry": {"type": "LineString", "coordinates": [[77.61957, 12.97275], [77.62003, 12.97288]]}}, {"type": "Feature", "properties": {}, "geometry": {"type": "LineString", "coordinates": [[77.66364, 12.99447], [77.66473, 12.99502]]}}, {"type": "Feature", "properties": {}, "geometry": {"type": "LineString", "coordinates": [[77.61409, 12.97386], [77.61412, 12.97386]]}}, {"type": "Feature", "properties": {}, "geometry": {"type": "LineString", "coordinates": [[77.61409, 12.97386], [77.61412, 12.97386]]}}, {"type": "Feature", "properties": {}, "geometry": {"type": "LineString", "coordinates": [[77.61477, 12.97371], [77.61484, 12.97367]]}}, {"type": "Feature", "properties": {}, "geometry": {"type": "LineString", "coordinates": [[77.62292, 12.98144], [77.62328, 12.98175]]}}, {"type": "Feature", "properties": {}, "geometry": {"type": "LineString", "coordinates": [[77.62278, 12.98133], [77.62292, 12.98144]]}}, {"type": "Feature", "properties": {}, "geometry": {"type": "LineString", "coordinates": [[77.62616, 12.98204], [77.62659, 12.98207]]}}, {"type": "Feature", "properties": {}, "geometry": {"type": "LineString", "coordinates": [[77.62659, 12.98207], [77.62677, 12.98203]]}}, {"type": "Feature", "properties": {}, "geometry": {"type": "LineString", "coordinates": [[77.62677, 12.98203], [77.62763, 12.98188]]}}, {"type": "Feature", "properties": {}, "geometry": {"type": "LineString", "coordinates": [[77.62591, 12.98201], [77.62616, 12.98204]]}}, {"type": "Feature", "properties": {}, "geometry": {"type": "LineString", "coordinates": [[77.62569, 12.98201], [77.62591, 12.98201]]}}, {"type": "Feature", "properties": {}, "geometry": {"type": "LineString", "coordinates": [[77.62548, 12.98198], [77.62569, 12.98201]]}}, {"type": "Feature", "properties": {}, "geometry": {"type": "LineString", "coordinates": [[77.6253, 12.98194], [77.62548, 12.98198]]}}, {"type": "Feature", "properties": {}, "geometry": {"type": "LineString", "coordinates": [[77.62508, 12.98194], [77.6253, 12.98194]]}}, {"type": "Feature", "properties": {}, "geometry": {"type": "LineString", "coordinates": [[77.62483, 12.98191], [77.62508, 12.98194]]}}, {"type": "Feature", "properties": {}, "geometry": {"type": "LineString", "coordinates": [[77.62461, 12.98191], [77.62483, 12.98191]]}}, {"type": "Feature", "properties": {}, "geometry": {"type": "LineString", "coordinates": [[77.62763, 12.98188], [77.62781, 12.98185]]}}, {"type": "Feature", "properties": {}, "geometry": {"type": "LineString", "coordinates": [[77.62454, 12.98191], [77.62461, 12.98191]]}}, {"type": "Feature", "properties": {}, "geometry": {"type": "LineString", "coordinates": [[77.62451, 12.98192], [77.62454, 12.98191]]}}, {"type": "Feature", "properties": {}, "geometry": {"type": "LineString", "coordinates": [[77.62328, 12.98175], [77.62451, 12.98192]]}}, {"type": "Feature", "properties": {}, "geometry": {"type": "LineString", "coordinates": [[77.62781, 12.98185], [77.62802, 12.98181]]}}, {"type": "Feature", "properties": {}, "geometry": {"type": "LineString", "coordinates": [[77.62802, 12.98181], [77.62824, 12.98177]]}}, {"type": "Feature", "properties": {}, "geometry": {"type": "LineString", "coordinates": [[77.62824, 12.98177], [77.62849, 12.9817]]}}, {"type": "Feature", "properties": {}, "geometry": {"type": "LineString", "coordinates": [[77.63179, 12.98184], [77.63189, 12.98189]]}}, {"type": "Feature", "properties": {}, "geometry": {"type": "LineString", "coordinates": [[77.63189, 12.98189], [77.63195, 12.98193]]}}, {"type": "Feature", "properties": {}, "geometry": {"type": "LineString", "coordinates": [[77.63195, 12.98193], [77.63248, 12.98222], [77.63384, 12.98242]]}}, {"type": "Feature", "properties": {}, "geometry": {"type": "LineString", "coordinates": [[77.6315, 12.98167], [77.63152, 12.98168]]}}, {"type": "Feature", "properties": {}, "geometry": {"type": "LineString", "coordinates": [[77.63152, 12.98168], [77.63179, 12.98184]]}}, {"type": "Feature", "properties": {}, "geometry": {"type": "LineString", "coordinates": [[77.62849, 12.9817], [77.63035, 12.9815]]}}, {"type": "Feature", "properties": {}, "geometry": {"type": "LineString", "coordinates": [[77.63125, 12.9816], [77.6315, 12.98167]]}}, {"type": "Feature", "properties": {}, "geometry": {"type": "LineString", "coordinates": [[77.63035, 12.9815], [77.63067, 12.98154]]}}, {"type": "Feature", "properties": {}, "geometry": {"type": "LineString", "coordinates": [[77.63067, 12.98154], [77.63121, 12.9816]]}}, {"type": "Feature", "properties": {}, "geometry": {"type": "LineString", "coordinates": [[77.63121, 12.9816], [77.63125, 12.9816]]}}, {"type": "Feature", "properties": {}, "geometry": {"type": "LineString", "coordinates": [[77.63384, 12.98245], [77.63477, 12.98252]]}}, {"type": "Feature", "properties": {}, "geometry": {"type": "LineString", "coordinates": [[77.63384, 12.98242], [77.63384, 12.98245]]}}, {"type": "Feature", "properties": {}, "geometry": {"type": "LineString", "coordinates": [[77.6414, 12.98431], [77.64504, 12.98572]]}}, {"type": "Feature", "properties": {}, "geometry": {"type": "LineString", "coordinates": [[77.64071, 12.98407], [77.6414, 12.98431]]}}, {"type": "Feature", "properties": {}, "geometry": {"type": "LineString", "coordinates": [[77.63783, 12.98305], [77.64071, 12.98407]]}}, {"type": "Feature", "properties": {}, "geometry": {"type": "LineString", "coordinates": [[77.63754, 12.98291], [77.63783, 12.98305]]}}, {"type": "Feature", "properties": {}, "geometry": {"type": "LineString", "coordinates": [[77.63477, 12.98252], [77.63754, 12.98291]]}}, {"type": "Feature", "properties": {}, "geometry": {"type": "LineString", "coordinates": [[77.62037, 12.97798], [77.6206, 12.97858], [77.62157, 12.97916], [77.62238, 12.98095], [77.62278, 12.98133]]}}, {"type": "Feature", "properties": {}, "geometry": {"type": "LineString", "coordinates": [[77.62034, 12.97791], [77.62037, 12.97798]]}}, {"type": "Feature", "properties": {}, "geometry": {"type": "LineString", "coordinates": [[77.63783, 12.98305], [77.63754, 12.98294]]}}, {"type": "Feature", "properties": {}, "geometry": {"type": "LineString", "coordinates": [[77.63754, 12.98294], [77.63477, 12.98252]]}}, {"type": "Feature", "properties": {}, "geometry": {"type": "LineString", "coordinates": [[77.63384, 12.98242], [77.63248, 12.98226], [77.63179, 12.98188]]}}, {"type": "Feature", "properties": {}, "geometry": {"type": "LineString", "coordinates": [[77.63179, 12.98188], [77.63157, 12.98174]]}}, {"type": "Feature", "properties": {}, "geometry": {"type": "LineString", "coordinates": [[77.63039, 12.98154], [77.62849, 12.9817]]}}, {"type": "Feature", "properties": {}, "geometry": {"type": "LineString", "coordinates": [[77.6315, 12.9817], [77.63132, 12.98167]]}}, {"type": "Feature", "properties": {}, "geometry": {"type": "LineString", "coordinates": [[77.63132, 12.98167], [77.63129, 12.98167]]}}, {"type": "Feature", "properties": {}, "geometry": {"type": "LineString", "coordinates": [[77.63129, 12.98167], [77.63039, 12.98154]]}}, {"type": "Feature", "properties": {}, "geometry": {"type": "LineString", "coordinates": [[77.6215, 12.97917], [77.62231, 12.98095], [77.62274, 12.98133]]}}, {"type": "Feature", "properties": {}, "geometry": {"type": "LineString", "coordinates": [[77.62274, 12.98133], [77.62278, 12.98133]]}}, {"type": "Feature", "properties": {}, "geometry": {"type": "LineString", "coordinates": [[77.62034, 12.97791], [77.6206, 12.97868], [77.62146, 12.97913]]}}, {"type": "Feature", "properties": {}, "geometry": {"type": "LineString", "coordinates": [[77.6148, 12.97635], [77.61479, 12.97631]]}}, {"type": "Feature", "properties": {}, "geometry": {"type": "LineString", "coordinates": [[77.62002, 12.97475], [77.6148, 12.97635]]}}, {"type": "Feature", "properties": {}, "geometry": {"type": "LineString", "coordinates": [[77.61479, 12.97631], [77.6145, 12.97547]]}}, {"type": "Feature", "properties": {}, "geometry": {"type": "LineString", "coordinates": [[77.6145, 12.97547], [77.61446, 12.9754]]}}, {"type": "Feature", "properties": {}, "geometry": {"type": "LineString", "coordinates": [[77.62002, 12.97482], [77.62002, 12.97478]]}}, {"type": "Feature", "properties": {}, "geometry": {"type": "LineString", "coordinates": [[77.62002, 12.97478], [77.62002, 12.97475]]}}, {"type": "Feature", "properties": {}, "geometry": {"type": "LineString", "coordinates": [[77.64692, 12.97359], [77.64695, 12.97363]]}}, {"type": "Feature", "properties": {}, "geometry": {"type": "LineString", "coordinates": [[77.64487, 12.97347], [77.64692, 12.97359]]}}, {"type": "Feature", "properties": {}, "geometry": {"type": "LineString", "coordinates": [[77.6449, 12.97274], [77.64487, 12.97344]]}}, {"type": "Feature", "properties": {}, "geometry": {"type": "LineString", "coordinates": [[77.64493, 12.97193], [77.6449, 12.97274]]}}, {"type": "Feature", "properties": {}, "geometry": {"type": "LineString", "coordinates": [[77.64457, 12.97193], [77.64493, 12.97193]]}}, {"type": "Feature", "properties": {}, "geometry": {"type": "LineString", "coordinates": [[77.61963, 12.97218], [77.62003, 12.97267], [77.62136, 12.97273]]}}, {"type": "Feature", "properties": {}, "geometry": {"type": "LineString", "coordinates": [[77.62136, 12.97273], [77.62136, 12.97269]]}}, {"type": "Feature", "properties": {}, "geometry": {"type": "LineString", "coordinates": [[77.62002, 12.97475], [77.62003, 12.97288]]}}, {"type": "Feature", "properties": {}, "geometry": {"type": "LineString", "coordinates": [[77.62003, 12.97288], [77.62003, 12.97285]]}}, {"type": "Feature", "properties": {}, "geometry": {"type": "LineString", "coordinates": [[77.62003, 12.97285], [77.61996, 12.97278]]}}, {"type": "Feature", "properties": {}, "geometry": {"type": "LineString", "coordinates": [[77.61996, 12.97278], [77.6196, 12.9725]]}}, {"type": "Feature", "properties": {}, "geometry": {"type": "LineString", "coordinates": [[77.66617, 12.95844], [77.6666, 12.95837]]}}, {"type": "Feature", "properties": {}, "geometry": {"type": "LineString", "coordinates": [[77.68421, 12.95484], [77.68899, 12.95543]]}}, {"type": "Feature", "properties": {}, "geometry": {"type": "LineString", "coordinates": [[77.61476, 12.97635], [77.61479, 12.97631]]}}, {"type": "Feature", "properties": {}, "geometry": {"type": "LineString", "coordinates": [[77.61479, 12.97631], [77.61998, 12.97475]]}}, {"type": "Feature", "properties": {}, "geometry": {"type": "LineString", "coordinates": [[77.62002, 12.97478], [77.62002, 12.97482]]}}, {"type": "Feature", "properties": {}, "geometry": {"type": "LineString", "coordinates": [[77.62002, 12.97475], [77.62002, 12.97478]]}}, {"type": "Feature", "properties": {}, "geometry": {"type": "LineString", "coordinates": [[77.61998, 12.97475], [77.62002, 12.97475]]}}, {"type": "Feature", "properties": {}, "geometry": {"type": "LineString", "coordinates": [[77.62033, 12.97745], [77.62034, 12.97791]]}}, {"type": "Feature", "properties": {}, "geometry": {"type": "LineString", "coordinates": [[77.62036, 12.97629], [77.62033, 12.97745]]}}, {"type": "Feature", "properties": {}, "geometry": {"type": "LineString", "coordinates": [[77.62036, 12.97615], [77.62036, 12.97629]]}}, {"type": "Feature", "properties": {}, "geometry": {"type": "LineString", "coordinates": [[77.62035, 12.97576], [77.62035, 12.97612]]}}, {"type": "Feature", "properties": {}, "geometry": {"type": "LineString", "coordinates": [[77.62024, 12.97559], [77.62035, 12.97576]]}}, {"type": "Feature", "properties": {}, "geometry": {"type": "LineString", "coordinates": [[77.62002, 12.97482], [77.62021, 12.97555]]}}, {"type": "Feature", "properties": {}, "geometry": {"type": "LineString", "coordinates": [[77.64813, 12.98667], [77.6481, 12.98702]]}}, {"type": "Feature", "properties": {}, "geometry": {"type": "LineString", "coordinates": [[77.64967, 12.98324], [77.64851, 12.98526], [77.64813, 12.98667]]}}, {"type": "Feature", "properties": {}, "geometry": {"type": "LineString", "coordinates": [[77.6481, 12.9871], [77.65156, 12.98871]]}}, {"type": "Feature", "properties": {}, "geometry": {"type": "LineString", "coordinates": [[77.64806, 12.98706], [77.6481, 12.9871]]}}, {"type": "Feature", "properties": {}, "geometry": {"type": "LineString", "coordinates": [[77.6481, 12.98702], [77.65156, 12.98868]]}}, {"type": "Feature", "properties": {}, "geometry": {"type": "LineString", "coordinates": [[77.65156, 12.98868], [77.65513, 12.99033]]}}, {"type": "Feature", "properties": {}, "geometry": {"type": "LineString", "coordinates": [[77.65513, 12.99033], [77.65874, 12.99205]]}}, {"type": "Feature", "properties": {}, "geometry": {"type": "LineString", "coordinates": [[77.66224, 12.99381], [77.66364, 12.99447]]}}, {"type": "Feature", "properties": {}, "geometry": {"type": "LineString", "coordinates": [[77.65968, 12.99254], [77.66224, 12.99381]]}}, {"type": "Feature", "properties": {}, "geometry": {"type": "LineString", "coordinates": [[77.64964, 12.98324], [77.6483, 12.98565], [77.64813, 12.98667]]}}, {"type": "Feature", "properties": {}, "geometry": {"type": "LineString", "coordinates": [[77.64967, 12.98324], [77.64964, 12.98324]]}}, {"type": "Feature", "properties": {}, "geometry": {"type": "LineString", "coordinates": [[77.60804, 12.96512], [77.60815, 12.96512]]}}, {"type": "Feature", "properties": {}, "geometry": {"type": "LineString", "coordinates": [[77.60732, 12.96523], [77.60725, 12.96513]]}}, {"type": "Feature", "properties": {}, "geometry": {"type": "LineString", "coordinates": [[77.60736, 12.96509], [77.60732, 12.96492]]}}, {"type": "Feature", "properties": {}, "geometry": {"type": "LineString", "coordinates": [[77.60732, 12.96492], [77.60735, 12.96456]]}}, {"type": "Feature", "properties": {}, "geometry": {"type": "LineString", "coordinates": [[77.60681, 12.96439], [77.60829, 12.96469]]}}, {"type": "Feature", "properties": {}, "geometry": {"type": "LineString", "coordinates": [[77.60736, 12.96513], [77.60735, 12.9646], [77.60681, 12.9645]]}}, {"type": "Feature", "properties": {}, "geometry": {"type": "LineString", "coordinates": [[77.61089, 12.96629], [77.61092, 12.96636]]}}, {"type": "Feature", "properties": {}, "geometry": {"type": "LineString", "coordinates": [[77.60761, 12.96477], [77.60764, 12.9647]]}}, {"type": "Feature", "properties": {}, "geometry": {"type": "LineString", "coordinates": [[77.61118, 12.96674], [77.61122, 12.96681]]}}, {"type": "Feature", "properties": {}, "geometry": {"type": "LineString", "coordinates": [[77.61092, 12.96636], [77.61118, 12.96674]]}}, {"type": "Feature", "properties": {}, "geometry": {"type": "LineString", "coordinates": [[77.61089, 12.96629], [77.61092, 12.96636]]}}, {"type": "Feature", "properties": {}, "geometry": {"type": "LineString", "coordinates": [[77.61001, 12.96521], [77.61089, 12.96629]]}}, {"type": "Feature", "properties": {}, "geometry": {"type": "LineString", "coordinates": [[77.60994, 12.96517], [77.61001, 12.96521]]}}, {"type": "Feature", "properties": {}, "geometry": {"type": "LineString", "coordinates": [[77.60991, 12.96514], [77.60994, 12.96517]]}}, {"type": "Feature", "properties": {}, "geometry": {"type": "LineString", "coordinates": [[77.60815, 12.96512], [77.60804, 12.96523]]}}, {"type": "Feature", "properties": {}, "geometry": {"type": "LineString", "coordinates": [[77.60815, 12.96505], [77.60815, 12.96512]]}}, {"type": "Feature", "properties": {}, "geometry": {"type": "LineString", "coordinates": [[77.60818, 12.96498], [77.60815, 12.96505]]}}, {"type": "Feature", "properties": {}, "geometry": {"type": "LineString", "coordinates": [[77.60822, 12.96477], [77.60818, 12.96498]]}}, {"type": "Feature", "properties": {}, "geometry": {"type": "LineString", "coordinates": [[77.60818, 12.96473], [77.60822, 12.96477]]}}, {"type": "Feature", "properties": {}, "geometry": {"type": "LineString", "coordinates": [[77.6075, 12.9646], [77.60818, 12.96473]]}}, {"type": "Feature", "properties": {}, "geometry": {"type": "LineString", "coordinates": [[77.60735, 12.96456], [77.6075, 12.9646]]}}, {"type": "Feature", "properties": {}, "geometry": {"type": "LineString", "coordinates": [[77.61963, 12.97155], [77.61963, 12.97211]]}}, {"type": "Feature", "properties": {}, "geometry": {"type": "LineString", "coordinates": [[77.62104, 12.9563], [77.62104, 12.95635]]}}, {"type": "Feature", "properties": {}, "geometry": {"type": "LineString", "coordinates": [[77.62104, 12.95635], [77.62108, 12.95672]]}}, {"type": "Feature", "properties": {}, "geometry": {"type": "LineString", "coordinates": [[77.62101, 12.95619], [77.62104, 12.9563]]}}, {"type": "Feature", "properties": {}, "geometry": {"type": "LineString", "coordinates": [[77.62097, 12.95598], [77.62101, 12.95619]]}}, {"type": "Feature", "properties": {}, "geometry": {"type": "LineString", "coordinates": [[77.62097, 12.95591], [77.62097, 12.95598]]}}, {"type": "Feature", "properties": {}, "geometry": {"type": "LineString", "coordinates": [[77.62085, 12.95531], [77.62097, 12.95591]]}}, {"type": "Feature", "properties": {}, "geometry": {"type": "LineString", "coordinates": [[77.62078, 12.95493], [77.62085, 12.95531]]}}, {"type": "Feature", "properties": {}, "geometry": {"type": "LineString", "coordinates": [[77.62078, 12.95489], [77.62078, 12.95493]]}}, {"type": "Feature", "properties": {}, "geometry": {"type": "LineString", "coordinates": [[77.62074, 12.95472], [77.62078, 12.95489]]}}, {"type": "Feature", "properties": {}, "geometry": {"type": "LineString", "coordinates": [[77.62063, 12.95426], [77.62074, 12.95472]]}}, {"type": "Feature", "properties": {}, "geometry": {"type": "LineString", "coordinates": [[77.62055, 12.95409], [77.62063, 12.95426]]}}, {"type": "Feature", "properties": {}, "geometry": {"type": "LineString", "coordinates": [[77.62052, 12.95384], [77.62055, 12.95409]]}}, {"type": "Feature", "properties": {}, "geometry": {"type": "LineString", "coordinates": [[77.62048, 12.95366], [77.62052, 12.95384]]}}, {"type": "Feature", "properties": {}, "geometry": {"type": "LineString", "coordinates": [[77.6204, 12.95345], [77.62048, 12.95366]]}}, {"type": "Feature", "properties": {}, "geometry": {"type": "LineString", "coordinates": [[77.62037, 12.95324], [77.6204, 12.95345]]}}, {"type": "Feature", "properties": {}, "geometry": {"type": "LineString", "coordinates": [[77.6204, 12.95324], [77.62037, 12.95324]]}}, {"type": "Feature", "properties": {}, "geometry": {"type": "LineString", "coordinates": [[77.62076, 12.95317], [77.6204, 12.95324]]}}, {"type": "Feature", "properties": {}, "geometry": {"type": "LineString", "coordinates": [[77.60815, 12.96505], [77.60818, 12.96505]]}}, {"type": "Feature", "properties": {}, "geometry": {"type": "LineString", "coordinates": [[77.60807, 12.96501], [77.60815, 12.96505]]}}, {"type": "Feature", "properties": {}, "geometry": {"type": "LineString", "coordinates": [[77.60801, 12.96526], [77.60818, 12.96505]]}}, {"type": "Feature", "properties": {}, "geometry": {"type": "LineString", "coordinates": [[77.60818, 12.96505], [77.60822, 12.96494]]}}, {"type": "Feature", "properties": {}, "geometry": {"type": "LineString", "coordinates": [[77.60739, 12.96499], [77.60736, 12.96492]]}}, {"type": "Feature", "properties": {}, "geometry": {"type": "LineString", "coordinates": [[77.60736, 12.96492], [77.60736, 12.96481]]}}, {"type": "Feature", "properties": {}, "geometry": {"type": "LineString", "coordinates": [[77.60736, 12.96481], [77.60739, 12.9646]]}}, {"type": "Feature", "properties": {}, "geometry": {"type": "LineString", "coordinates": [[77.60673, 12.96651], [77.60676, 12.96633]]}}, {"type": "Feature", "properties": {}, "geometry": {"type": "LineString", "coordinates": [[77.60676, 12.96633], [77.60676, 12.96629]]}}, {"type": "Feature", "properties": {}, "geometry": {"type": "LineString", "coordinates": [[77.60789, 12.96487], [77.60793, 12.96477]]}}, {"type": "Feature", "properties": {}, "geometry": {"type": "LineString", "coordinates": [[77.60818, 12.96498], [77.60822, 12.96494]]}}, {"type": "Feature", "properties": {}, "geometry": {"type": "LineString", "coordinates": [[77.60807, 12.96494], [77.60818, 12.96498]]}}, {"type": "Feature", "properties": {}, "geometry": {"type": "LineString", "coordinates": [[77.60822, 12.96494], [77.60825, 12.96477]]}}, {"type": "Feature", "properties": {}, "geometry": {"type": "LineString", "coordinates": [[77.60779, 12.96484], [77.60782, 12.96473]]}}, {"type": "Feature", "properties": {}, "geometry": {"type": "LineString", "coordinates": [[77.62534, 12.9659], [77.62531, 12.96597]]}}, {"type": "Feature", "properties": {}, "geometry": {"type": "LineString", "coordinates": [[77.60746, 12.96474], [77.6075, 12.96467]]}}, {"type": "Feature", "properties": {}, "geometry": {"type": "LineString", "coordinates": [[77.60681, 12.96446], [77.60735, 12.96456]]}}, {"type": "Feature", "properties": {}, "geometry": {"type": "LineString", "coordinates": [[77.61772, 12.95369], [77.61782, 12.95362]]}}, {"type": "Feature", "properties": {}, "geometry": {"type": "LineString", "coordinates": [[77.61782, 12.95362], [77.61918, 12.95301]]}}, {"type": "Feature", "properties": {}, "geometry": {"type": "LineString", "coordinates": [[77.61918, 12.95301], [77.61929, 12.95294]]}}, {"type": "Feature", "properties": {}, "geometry": {"type": "LineString", "coordinates": [[77.61929, 12.95294], [77.62011, 12.95251]]}}, {"type": "Feature", "properties": {}, "geometry": {"type": "LineString", "coordinates": [[77.62011, 12.95251], [77.62014, 12.95251]]}}, {"type": "Feature", "properties": {}, "geometry": {"type": "LineString", "coordinates": [[77.62014, 12.95251], [77.62021, 12.95247]]}}, {"type": "Feature", "properties": {}, "geometry": {"type": "LineString", "coordinates": [[77.60786, 12.96484], [77.60789, 12.96473]]}}, {"type": "Feature", "properties": {}, "geometry": {"type": "LineString", "coordinates": [[77.61118, 12.96674], [77.61114, 12.96674]]}}, {"type": "Feature", "properties": {}, "geometry": {"type": "LineString", "coordinates": [[77.60736, 12.96481], [77.60743, 12.96481]]}}, {"type": "Feature", "properties": {}, "geometry": {"type": "LineString", "coordinates": [[77.61753, 12.97034], [77.61926, 12.97141], [77.61952, 12.97223]]}}, {"type": "Feature", "properties": {}, "geometry": {"type": "LineString", "coordinates": [[77.61952, 12.97223], [77.6196, 12.97246]]}}, {"type": "Feature", "properties": {}, "geometry": {"type": "LineString", "coordinates": [[77.6175, 12.97034], [77.61753, 12.97034]]}}, {"type": "Feature", "properties": {}, "geometry": {"type": "LineString", "coordinates": [[77.61735, 12.97027], [77.6175, 12.97034]]}}, {"type": "Feature", "properties": {}, "geometry": {"type": "LineString", "coordinates": [[77.61118, 12.96716], [77.61209, 12.96818], [77.61425, 12.96844], [77.61735, 12.97027]]}}, {"type": "Feature", "properties": {}, "geometry": {"type": "LineString", "coordinates": [[77.60885, 12.96666], [77.61118, 12.96716]]}}, {"type": "Feature", "properties": {}, "geometry": {"type": "LineString", "coordinates": [[77.60994, 12.96517], [77.60885, 12.96666]]}}, {"type": "Feature", "properties": {}, "geometry": {"type": "LineString", "coordinates": [[77.60801, 12.96537], [77.60829, 12.96477]]}}, {"type": "Feature", "properties": {}, "geometry": {"type": "LineString", "coordinates": [[77.60994, 12.96514], [77.60994, 12.96517]]}}, {"type": "Feature", "properties": {}, "geometry": {"type": "LineString", "coordinates": [[77.60998, 12.96514], [77.60994, 12.96514]]}}, {"type": "Feature", "properties": {}, "geometry": {"type": "LineString", "coordinates": [[77.60829, 12.96477], [77.60998, 12.96514]]}}, {"type": "Feature", "properties": {}, "geometry": {"type": "LineString", "coordinates": [[77.61432, 12.9551], [77.61436, 12.9551]]}}, {"type": "Feature", "properties": {}, "geometry": {"type": "LineString", "coordinates": [[77.61436, 12.9551], [77.61439, 12.95506]]}}, {"type": "Feature", "properties": {}, "geometry": {"type": "LineString", "coordinates": [[77.61133, 12.96713], [77.6114, 12.9672]]}}, {"type": "Feature", "properties": {}, "geometry": {"type": "LineString", "coordinates": [[77.6114, 12.9672], [77.6129, 12.9668]]}}, {"type": "Feature", "properties": {}, "geometry": {"type": "LineString", "coordinates": [[77.6102, 12.96534], [77.61125, 12.96667], [77.61133, 12.96713]]}}, {"type": "Feature", "properties": {}, "geometry": {"type": "LineString", "coordinates": [[77.61759, 12.96541], [77.61759, 12.96545]]}}, {"type": "Feature", "properties": {}, "geometry": {"type": "LineString", "coordinates": [[77.61012, 12.96524], [77.6102, 12.96534]]}}, {"type": "Feature", "properties": {}, "geometry": {"type": "LineString", "coordinates": [[77.61005, 12.96513], [77.61012, 12.96524]]}}, {"type": "Feature", "properties": {}, "geometry": {"type": "LineString", "coordinates": [[77.60998, 12.9651], [77.61005, 12.96513]]}}, {"type": "Feature", "properties": {}, "geometry": {"type": "LineString", "coordinates": [[77.60832, 12.96473], [77.60998, 12.9651]]}}, {"type": "Feature", "properties": {}, "geometry": {"type": "LineString", "coordinates": [[77.60682, 12.96499], [77.60676, 12.96629]]}}, {"type": "Feature", "properties": {}, "geometry": {"type": "LineString", "coordinates": [[77.60674, 12.96446], [77.60682, 12.96499]]}}, {"type": "Feature", "properties": {}, "geometry": {"type": "LineString", "coordinates": [[77.60674, 12.96443], [77.60674, 12.96446]]}}, {"type": "Feature", "properties": {}, "geometry": {"type": "LineString", "coordinates": [[77.60674, 12.96432], [77.60674, 12.96443]]}}, {"type": "Feature", "properties": {}, "geometry": {"type": "LineString", "coordinates": [[77.60681, 12.96432], [77.60674, 12.96432]]}}, {"type": "Feature", "properties": {}, "geometry": {"type": "LineString", "coordinates": [[77.60692, 12.964], [77.60681, 12.96432]]}}, {"type": "Feature", "properties": {}, "geometry": {"type": "LineString", "coordinates": [[77.60529, 12.9528], [77.60554, 12.9529], [77.60609, 12.95733]]}}, {"type": "Feature", "properties": {}, "geometry": {"type": "LineString", "coordinates": [[77.60518, 12.95276], [77.60529, 12.9528]]}}, {"type": "Feature", "properties": {}, "geometry": {"type": "LineString", "coordinates": [[77.60348, 12.95074], [77.60425, 12.95231], [77.60518, 12.95276]]}}, {"type": "Feature", "properties": {}, "geometry": {"type": "LineString", "coordinates": [[77.60344, 12.9506], [77.60348, 12.95074]]}}, {"type": "Feature", "properties": {}, "geometry": {"type": "LineString", "coordinates": [[77.60344, 12.95056], [77.60344, 12.9506]]}}, {"type": "Feature", "properties": {}, "geometry": {"type": "LineString", "coordinates": [[77.6034, 12.95042], [77.60344, 12.95056]]}}, {"type": "Feature", "properties": {}, "geometry": {"type": "LineString", "coordinates": [[77.60674, 12.96446], [77.60681, 12.96446]]}}, {"type": "Feature", "properties": {}, "geometry": {"type": "LineString", "coordinates": [[77.60678, 12.96453], [77.60682, 12.96499]]}}, {"type": "Feature", "properties": {}, "geometry": {"type": "LineString", "coordinates": [[77.62534, 12.9659], [77.62629, 12.96395]]}}, {"type": "Feature", "properties": {}, "geometry": {"type": "LineString", "coordinates": [[77.62629, 12.96395], [77.62654, 12.96353], [77.62853, 12.96238], [77.63122, 12.96165]]}}, {"type": "Feature", "properties": {}, "geometry": {"type": "LineString", "coordinates": [[77.63251, 12.96139], [77.63434, 12.96179]]}}, {"type": "Feature", "properties": {}, "geometry": {"type": "LineString", "coordinates": [[77.63438, 12.96179], [77.63595, 12.96153]]}}, {"type": "Feature", "properties": {}, "geometry": {"type": "LineString", "coordinates": [[77.63122, 12.96165], [77.63251, 12.96139]]}}, {"type": "Feature", "properties": {}, "geometry": {"type": "LineString", "coordinates": [[77.63602, 12.96153], [77.63742, 12.96127]]}}, {"type": "Feature", "properties": {}, "geometry": {"type": "LineString", "coordinates": [[77.63749, 12.96123], [77.63832, 12.96115]]}}, {"type": "Feature", "properties": {}, "geometry": {"type": "LineString", "coordinates": [[77.63832, 12.96115], [77.63864, 12.96112]]}}, {"type": "Feature", "properties": {}, "geometry": {"type": "LineString", "coordinates": [[77.63864, 12.96112], [77.64169, 12.96077]]}}, {"type": "Feature", "properties": {}, "geometry": {"type": "LineString", "coordinates": [[77.60542, 12.95494], [77.60539, 12.95494]]}}, {"type": "Feature", "properties": {}, "geometry": {"type": "LineString", "coordinates": [[77.60587, 12.95004], [77.60587, 12.95001]]}}, {"type": "Feature", "properties": {}, "geometry": {"type": "LineString", "coordinates": [[77.60542, 12.95494], [77.60587, 12.95721]]}}, {"type": "Feature", "properties": {}, "geometry": {"type": "LineString", "coordinates": [[77.60587, 12.95721], [77.60599, 12.95779]]}}, {"type": "Feature", "properties": {}, "geometry": {"type": "LineString", "coordinates": [[77.60539, 12.95491], [77.60542, 12.95494]]}}, {"type": "Feature", "properties": {}, "geometry": {"type": "LineString", "coordinates": [[77.60519, 12.95304], [77.60539, 12.95491]]}}, {"type": "Feature", "properties": {}, "geometry": {"type": "LineString", "coordinates": [[77.60518, 12.95276], [77.60519, 12.95304]]}}, {"type": "Feature", "properties": {}, "geometry": {"type": "LineString", "coordinates": [[77.60515, 12.95266], [77.60518, 12.95276]]}}, {"type": "Feature", "properties": {}, "geometry": {"type": "LineString", "coordinates": [[77.60514, 12.9522], [77.60515, 12.95266]]}}, {"type": "Feature", "properties": {}, "geometry": {"type": "LineString", "coordinates": [[77.60573, 12.95022], [77.60514, 12.9522]]}}, {"type": "Feature", "properties": {}, "geometry": {"type": "LineString", "coordinates": [[77.60591, 12.9499], [77.6058, 12.95022]]}}, {"type": "Feature", "properties": {}, "geometry": {"type": "LineString", "coordinates": [[77.6058, 12.95022], [77.60573, 12.95022]]}}, {"type": "Feature", "properties": {}, "geometry": {"type": "LineString", "coordinates": [[77.60594, 12.9498], [77.60591, 12.9499]]}}, {"type": "Feature", "properties": {}, "geometry": {"type": "LineString", "coordinates": [[77.60598, 12.94973], [77.60594, 12.9498]]}}, {"type": "Feature", "properties": {}, "geometry": {"type": "LineString", "coordinates": [[77.6065, 12.94807], [77.60598, 12.94973]]}}, {"type": "Feature", "properties": {}, "geometry": {"type": "LineString", "coordinates": [[77.60653, 12.94793], [77.6065, 12.94807]]}}, {"type": "Feature", "properties": {}, "geometry": {"type": "LineString", "coordinates": [[77.60685, 12.94683], [77.60653, 12.94793]]}}, {"type": "Feature", "properties": {}, "geometry": {"type": "LineString", "coordinates": [[77.60688, 12.9468], [77.60685, 12.94683]]}}, {"type": "Feature", "properties": {}, "geometry": {"type": "LineString", "coordinates": [[77.60733, 12.94535], [77.60688, 12.9468]]}}, {"type": "Feature", "properties": {}, "geometry": {"type": "LineString", "coordinates": [[77.60736, 12.96492], [77.60739, 12.96491]]}}, {"type": "Feature", "properties": {}, "geometry": {"type": "LineString", "coordinates": [[77.60732, 12.96492], [77.60736, 12.96492]]}}, {"type": "Feature", "properties": {}, "geometry": {"type": "LineString", "coordinates": [[77.61963, 12.97211], [77.61963, 12.97218]]}}, {"type": "Feature", "properties": {}, "geometry": {"type": "LineString", "coordinates": [[77.6196, 12.9725], [77.6196, 12.97246]]}}, {"type": "Feature", "properties": {}, "geometry": {"type": "LineString", "coordinates": [[77.60797, 12.97515], [77.608, 12.97533], [77.60936, 12.97499]]}}, {"type": "Feature", "properties": {}, "geometry": {"type": "LineString", "coordinates": [[77.60936, 12.97499], [77.61015, 12.97481]]}}, {"type": "Feature", "properties": {}, "geometry": {"type": "LineString", "coordinates": [[77.61015, 12.97481], [77.61126, 12.97455]]}}, {"type": "Feature", "properties": {}, "geometry": {"type": "LineString", "coordinates": [[77.61126, 12.97455], [77.61355, 12.97397]]}}, {"type": "Feature", "properties": {}, "geometry": {"type": "LineString", "coordinates": [[77.60622, 12.95912], [77.60622, 12.95909]]}}, {"type": "Feature", "properties": {}, "geometry": {"type": "LineString", "coordinates": [[77.60681, 12.96446], [77.60681, 12.9645]]}}, {"type": "Feature", "properties": {}, "geometry": {"type": "LineString", "coordinates": [[77.60681, 12.96443], [77.60681, 12.96446]]}}, {"type": "Feature", "properties": {}, "geometry": {"type": "LineString", "coordinates": [[77.60681, 12.96439], [77.60681, 12.96443]]}}, {"type": "Feature", "properties": {}, "geometry": {"type": "LineString", "coordinates": [[77.60681, 12.96436], [77.60681, 12.96439]]}}, {"type": "Feature", "properties": {}, "geometry": {"type": "LineString", "coordinates": [[77.60681, 12.96432], [77.60681, 12.96436]]}}, {"type": "Feature", "properties": {}, "geometry": {"type": "LineString", "coordinates": [[77.60677, 12.9639], [77.60681, 12.96432]]}}, {"type": "Feature", "properties": {}, "geometry": {"type": "LineString", "coordinates": [[77.60677, 12.96383], [77.60677, 12.9639]]}}, {"type": "Feature", "properties": {}, "geometry": {"type": "LineString", "coordinates": [[77.60622, 12.95912], [77.60668, 12.96158], [77.60677, 12.96383]]}}, {"type": "Feature", "properties": {}, "geometry": {"type": "LineString", "coordinates": [[77.60603, 12.95803], [77.60622, 12.95909]]}}, {"type": "Feature", "properties": {}, "geometry": {"type": "LineString", "coordinates": [[77.60599, 12.95779], [77.60603, 12.95803]]}}, {"type": "Feature", "properties": {}, "geometry": {"type": "LineString", "coordinates": [[77.60622, 12.95909], [77.60622, 12.95912]]}}, {"type": "Feature", "properties": {}, "geometry": {"type": "LineString", "coordinates": [[77.60594, 12.94983], [77.60594, 12.9498]]}}, {"type": "Feature", "properties": {}, "geometry": {"type": "LineString", "coordinates": [[77.60797, 12.97515], [77.60796, 12.97508]]}}, {"type": "Feature", "properties": {}, "geometry": {"type": "LineString", "coordinates": [[77.60796, 12.97508], [77.60752, 12.97368]]}}, {"type": "Feature", "properties": {}, "geometry": {"type": "LineString", "coordinates": [[77.60752, 12.97368], [77.60752, 12.97364]]}}, {"type": "Feature", "properties": {}, "geometry": {"type": "LineString", "coordinates": [[77.60752, 12.97364], [77.60703, 12.97157]]}}, {"type": "Feature", "properties": {}, "geometry": {"type": "LineString", "coordinates": [[77.60703, 12.97157], [77.60699, 12.97146]]}}, {"type": "Feature", "properties": {}, "geometry": {"type": "LineString", "coordinates": [[77.60699, 12.97146], [77.60659, 12.97013]]}}, {"type": "Feature", "properties": {}, "geometry": {"type": "LineString", "coordinates": [[77.60659, 12.97013], [77.60625, 12.9688]]}}, {"type": "Feature", "properties": {}, "geometry": {"type": "LineString", "coordinates": [[77.60625, 12.9688], [77.60625, 12.96859]]}}, {"type": "Feature", "properties": {}, "geometry": {"type": "LineString", "coordinates": [[77.60625, 12.96859], [77.60628, 12.96845]]}}, {"type": "Feature", "properties": {}, "geometry": {"type": "LineString", "coordinates": [[77.60628, 12.96845], [77.60635, 12.96823]]}}, {"type": "Feature", "properties": {}, "geometry": {"type": "LineString", "coordinates": [[77.60635, 12.96823], [77.60635, 12.9682]]}}, {"type": "Feature", "properties": {}, "geometry": {"type": "LineString", "coordinates": [[77.60635, 12.9682], [77.60645, 12.96785]]}}, {"type": "Feature", "properties": {}, "geometry": {"type": "LineString", "coordinates": [[77.60645, 12.96785], [77.60649, 12.96784]]}}, {"type": "Feature", "properties": {}, "geometry": {"type": "LineString", "coordinates": [[77.60649, 12.96784], [77.60656, 12.96753]]}}, {"type": "Feature", "properties": {}, "geometry": {"type": "LineString", "coordinates": [[77.60656, 12.96753], [77.60683, 12.96636]]}}, {"type": "Feature", "properties": {}, "geometry": {"type": "LineString", "coordinates": [[77.60683, 12.96636], [77.60683, 12.96633]]}}, {"type": "Feature", "properties": {}, "geometry": {"type": "LineString", "coordinates": [[77.60683, 12.96633], [77.60689, 12.96499]]}}, {"type": "Feature", "properties": {}, "geometry": {"type": "LineString", "coordinates": [[77.61759, 12.96545], [77.61773, 12.96537]]}}, {"type": "Feature", "properties": {}, "geometry": {"type": "LineString", "coordinates": [[77.61773, 12.96537], [77.6178, 12.96527]]}}, {"type": "Feature", "properties": {}, "geometry": {"type": "LineString", "coordinates": [[77.6178, 12.96527], [77.61847, 12.96375]]}}, {"type": "Feature", "properties": {}, "geometry": {"type": "LineString", "coordinates": [[77.65549, 12.95943], [77.65946, 12.95914], [77.66087, 12.95934]]}}, {"type": "Feature", "properties": {}, "geometry": {"type": "LineString", "coordinates": [[77.62037, 12.95321], [77.62037, 12.95324]]}}, {"type": "Feature", "properties": {}, "geometry": {"type": "LineString", "coordinates": [[77.62029, 12.953], [77.62037, 12.95321]]}}, {"type": "Feature", "properties": {}, "geometry": {"type": "LineString", "coordinates": [[77.62025, 12.95279], [77.62029, 12.953]]}}, {"type": "Feature", "properties": {}, "geometry": {"type": "LineString", "coordinates": [[77.62021, 12.95247], [77.62025, 12.95279]]}}, {"type": "Feature", "properties": {}, "geometry": {"type": "LineString", "coordinates": [[77.6129, 12.9668], [77.61294, 12.96679]]}}, {"type": "Feature", "properties": {}, "geometry": {"type": "LineString", "coordinates": [[77.61294, 12.96679], [77.61301, 12.96676]]}}, {"type": "Feature", "properties": {}, "geometry": {"type": "LineString", "coordinates": [[77.61301, 12.96676], [77.6139, 12.96654]]}}, {"type": "Feature", "properties": {}, "geometry": {"type": "LineString", "coordinates": [[77.6139, 12.96654], [77.61394, 12.96654]]}}, {"type": "Feature", "properties": {}, "geometry": {"type": "LineString", "coordinates": [[77.61394, 12.96654], [77.61412, 12.9665]]}}, {"type": "Feature", "properties": {}, "geometry": {"type": "LineString", "coordinates": [[77.61412, 12.9665], [77.61419, 12.96647]]}}, {"type": "Feature", "properties": {}, "geometry": {"type": "LineString", "coordinates": [[77.61423, 12.96647], [77.61505, 12.96625]]}}, {"type": "Feature", "properties": {}, "geometry": {"type": "LineString", "coordinates": [[77.61505, 12.96625], [77.61702, 12.96559]]}}, {"type": "Feature", "properties": {}, "geometry": {"type": "LineString", "coordinates": [[77.61702, 12.96559], [77.61759, 12.96541]]}}, {"type": "Feature", "properties": {}, "geometry": {"type": "LineString", "coordinates": [[77.60518, 12.95195], [77.60531, 12.95142]]}}, {"type": "Feature", "properties": {}, "geometry": {"type": "LineString", "coordinates": [[77.60518, 12.95273], [77.60515, 12.95266]]}}, {"type": "Feature", "properties": {}, "geometry": {"type": "LineString", "coordinates": [[77.64906, 12.98297], [77.64863, 12.98276], [77.64905, 12.98212]]}}, {"type": "Feature", "properties": {}, "geometry": {"type": "LineString", "coordinates": [[77.64905, 12.98212], [77.64944, 12.98173]]}}, {"type": "Feature", "properties": {}, "geometry": {"type": "LineString", "coordinates": [[77.64944, 12.98177], [77.64941, 12.9818]]}}, {"type": "Feature", "properties": {}, "geometry": {"type": "LineString", "coordinates": [[77.66674, 12.95837], [77.66674, 12.9584]]}}, {"type": "Feature", "properties": {}, "geometry": {"type": "LineString", "coordinates": [[77.66674, 12.95833], [77.66674, 12.95837]]}}, {"type": "Feature", "properties": {}, "geometry": {"type": "LineString", "coordinates": [[77.6666, 12.95837], [77.66674, 12.95837]]}}, {"type": "Feature", "properties": {}, "geometry": {"type": "LineString", "coordinates": [[77.66674, 12.95837], [77.67287, 12.95792], [77.68023, 12.95457], [77.68421, 12.95484]]}}, {"type": "Feature", "properties": {}, "geometry": {"type": "LineString", "coordinates": [[77.68899, 12.95543], [77.68971, 12.95556]]}}, {"type": "Feature", "properties": {}, "geometry": {"type": "LineString", "coordinates": [[77.61534, 12.97356], [77.61538, 12.97356]]}}, {"type": "Feature", "properties": {}, "geometry": {"type": "LineString", "coordinates": [[77.61409, 12.97386], [77.61477, 12.97371]]}}, {"type": "Feature", "properties": {}, "geometry": {"type": "LineString", "coordinates": [[77.61477, 12.97371], [77.61484, 12.97367]]}}, {"type": "Feature", "properties": {}, "geometry": {"type": "LineString", "coordinates": [[77.61484, 12.97367], [77.61516, 12.9736]]}}, {"type": "Feature", "properties": {}, "geometry": {"type": "LineString", "coordinates": [[77.61516, 12.9736], [77.61534, 12.97356]]}}, {"type": "Feature", "properties": {}, "geometry": {"type": "LineString", "coordinates": [[77.61534, 12.97356], [77.61538, 12.97356]]}}, {"type": "Feature", "properties": {}, "geometry": {"type": "LineString", "coordinates": [[77.63175, 12.98195], [77.63179, 12.98188]]}}, {"type": "Feature", "properties": {}, "geometry": {"type": "LineString", "coordinates": [[77.63179, 12.98188], [77.63179, 12.98184]]}}, {"type": "Feature", "properties": {}, "geometry": {"type": "LineString", "coordinates": [[77.65541, 12.95943], [77.65545, 12.95943]]}}, {"type": "Feature", "properties": {}, "geometry": {"type": "LineString", "coordinates": [[77.65545, 12.95943], [77.65549, 12.95943]]}}, {"type": "Feature", "properties": {}, "geometry": {"type": "LineString", "coordinates": [[77.65452, 12.95951], [77.65462, 12.95948]]}}, {"type": "Feature", "properties": {}, "geometry": {"type": "LineString", "coordinates": [[77.65462, 12.95948], [77.65541, 12.95943]]}}, {"type": "Feature", "properties": {}, "geometry": {"type": "LineString", "coordinates": [[77.65541, 12.95943], [77.65549, 12.95943]]}}, {"type": "Feature", "properties": {}, "geometry": {"type": "LineString", "coordinates": [[77.60514, 12.9522], [77.60518, 12.95195]]}}, {"type": "Feature", "properties": {}, "geometry": {"type": "LineString", "coordinates": [[77.6481, 12.98702], [77.64806, 12.98706]]}}, {"type": "Feature", "properties": {}, "geometry": {"type": "LineString", "coordinates": [[77.62002, 12.97475], [77.61998, 12.97475]]}}, {"type": "Feature", "properties": {}, "geometry": {"type": "LineString", "coordinates": [[77.65874, 12.99205], [77.65968, 12.99254]]}}, {"type": "Feature", "properties": {}, "geometry": {"type": "LineString", "coordinates": [[77.65423, 12.95952], [77.65434, 12.95951]]}}, {"type": "Feature", "properties": {}, "geometry": {"type": "LineString", "coordinates": [[77.65434, 12.95951], [77.65452, 12.95951]]}}, {"type": "Feature", "properties": {}, "geometry": {"type": "LineString", "coordinates": [[77.65419, 12.95952], [77.65423, 12.95952]]}}, {"type": "Feature", "properties": {}, "geometry": {"type": "LineString", "coordinates": [[77.65419, 12.95952], [77.65423, 12.95952]]}}, {"type": "Feature", "properties": {}, "geometry": {"type": "LineString", "coordinates": [[77.60594, 12.9499], [77.60584, 12.95019]]}}, {"type": "Feature", "properties": {}, "geometry": {"type": "LineString", "coordinates": [[77.60598, 12.9498], [77.60594, 12.9499]]}}, {"type": "Feature", "properties": {}, "geometry": {"type": "LineString", "coordinates": [[77.60615, 12.94927], [77.60598, 12.9498]]}}, {"type": "Feature", "properties": {}, "geometry": {"type": "LineString", "coordinates": [[77.60626, 12.94891], [77.60615, 12.94927]]}}, {"type": "Feature", "properties": {}, "geometry": {"type": "LineString", "coordinates": [[77.60653, 12.94807], [77.60626, 12.94891]]}}, {"type": "Feature", "properties": {}, "geometry": {"type": "LineString", "coordinates": [[77.60688, 12.94683], [77.60653, 12.94807]]}}, {"type": "Feature", "properties": {}, "geometry": {"type": "LineString", "coordinates": [[77.60692, 12.9468], [77.60688, 12.94683]]}}, {"type": "Feature", "properties": {}, "geometry": {"type": "LineString", "coordinates": [[77.60733, 12.94535], [77.60692, 12.9468]]}}, {"type": "Feature", "properties": {}, "geometry": {"type": "LineString", "coordinates": [[77.64176, 12.96077], [77.64169, 12.96077]]}}, {"type": "Feature", "properties": {}, "geometry": {"type": "LineString", "coordinates": [[77.64176, 12.96077], [77.64179, 12.96077]]}}, {"type": "Feature", "properties": {}, "geometry": {"type": "LineString", "coordinates": [[77.64179, 12.96077], [77.64183, 12.96073]]}}, {"type": "Feature", "properties": {}, "geometry": {"type": "LineString", "coordinates": [[77.64183, 12.96073], [77.64341, 12.96058]]}}, {"type": "Feature", "properties": {}, "geometry": {"type": "LineString", "coordinates": [[77.64341, 12.96058], [77.64566, 12.96031]]}}, {"type": "Feature", "properties": {}, "geometry": {"type": "LineString", "coordinates": [[77.6457, 12.96031], [77.64613, 12.96027]]}}, {"type": "Feature", "properties": {}, "geometry": {"type": "LineString", "coordinates": [[77.64613, 12.96027], [77.64617, 12.96027]]}}, {"type": "Feature", "properties": {}, "geometry": {"type": "LineString", "coordinates": [[77.64617, 12.96027], [77.6481, 12.96003]]}}, {"type": "Feature", "properties": {}, "geometry": {"type": "LineString", "coordinates": [[77.6481, 12.96003], [77.64814, 12.96003]]}}, {"type": "Feature", "properties": {}, "geometry": {"type": "LineString", "coordinates": [[77.64814, 12.96003], [77.64918, 12.95988]]}}, {"type": "Feature", "properties": {}, "geometry": {"type": "LineString", "coordinates": [[77.64918, 12.95988], [77.65115, 12.95969]]}}, {"type": "Feature", "properties": {}, "geometry": {"type": "LineString", "coordinates": [[77.65115, 12.95969], [77.65136, 12.95965]]}}, {"type": "Feature", "properties": {}, "geometry": {"type": "LineString", "coordinates": [[77.65136, 12.95965], [77.6515, 12.95965]]}}, {"type": "Feature", "properties": {}, "geometry": {"type": "LineString", "coordinates": [[77.6515, 12.95965], [77.65294, 12.95956]]}}, {"type": "Feature", "properties": {}, "geometry": {"type": "LineString", "coordinates": [[77.65294, 12.95956], [77.65394, 12.95952]]}}, {"type": "Feature", "properties": {}, "geometry": {"type": "LineString", "coordinates": [[77.65394, 12.95952], [77.65398, 12.95952]]}}, {"type": "Feature", "properties": {}, "geometry": {"type": "LineString", "coordinates": [[77.65398, 12.95952], [77.65419, 12.95952]]}}, {"type": "Feature", "properties": {}, "geometry": {"type": "LineString", "coordinates": [[77.64169, 12.96077], [77.64176, 12.96077]]}}, {"type": "Feature", "properties": {}, "geometry": {"type": "LineString", "coordinates": [[77.65434, 12.95951], [77.65367, 12.95702]]}}, {"type": "Feature", "properties": {}, "geometry": {"type": "LineString", "coordinates": [[77.65367, 12.95702], [77.65366, 12.95692]]}}, {"type": "Feature", "properties": {}, "geometry": {"type": "LineString", "coordinates": [[77.65366, 12.95692], [77.65355, 12.9565]]}}, {"type": "Feature", "properties": {}, "geometry": {"type": "LineString", "coordinates": [[77.6609, 12.95934], [77.66284, 12.95918], [77.66617, 12.95844]]}}, {"type": "Feature", "properties": {}, "geometry": {"type": "LineString", "coordinates": [[77.65866, 12.9715], [77.65754, 12.97359], [77.65626, 12.97533], [77.65059, 12.98169]]}}, {"type": "Feature", "properties": {}, "geometry": {"type": "LineString", "coordinates": [[77.64985, 12.98268], [77.64992, 12.98257]]}}, {"type": "Feature", "properties": {}, "geometry": {"type": "LineString", "coordinates": [[77.64992, 12.98257], [77.64999, 12.98243]]}}, {"type": "Feature", "properties": {}, "geometry": {"type": "LineString", "coordinates": [[77.64999, 12.98243], [77.65034, 12.9819]]}}, {"type": "Feature", "properties": {}, "geometry": {"type": "LineString", "coordinates": [[77.65034, 12.9819], [77.65087, 12.98108]]}}, {"type": "Feature", "properties": {}, "geometry": {"type": "LineString", "coordinates": [[77.65087, 12.98108], [77.65445, 12.97714]]}}, {"type": "Feature", "properties": {}, "geometry": {"type": "LineString", "coordinates": [[77.65445, 12.97714], [77.65527, 12.97625]]}}, {"type": "Feature", "properties": {}, "geometry": {"type": "LineString", "coordinates": [[77.65527, 12.97625], [77.65662, 12.97462]]}}, {"type": "Feature", "properties": {}, "geometry": {"type": "LineString", "coordinates": [[77.65662, 12.97462], [77.65739, 12.97349]]}}, {"type": "Feature", "properties": {}, "geometry": {"type": "LineString", "coordinates": [[77.65739, 12.97349], [77.6575, 12.97324]]}}, {"type": "Feature", "properties": {}, "geometry": {"type": "LineString", "coordinates": [[77.6575, 12.97324], [77.65757, 12.97313]]}}, {"type": "Feature", "properties": {}, "geometry": {"type": "LineString", "coordinates": [[77.65757, 12.97313], [77.65817, 12.97214]]}}, {"type": "Feature", "properties": {}, "geometry": {"type": "LineString", "coordinates": [[77.65817, 12.97214], [77.65852, 12.97158]]}}, {"type": "Feature", "properties": {}, "geometry": {"type": "LineString", "coordinates": [[77.65852, 12.97158], [77.65873, 12.97119]]}}, {"type": "Feature", "properties": {}, "geometry": {"type": "LineString", "coordinates": [[77.65873, 12.97119], [77.65944, 12.97002]]}}, {"type": "Feature", "properties": {}, "geometry": {"type": "LineString", "coordinates": [[77.65944, 12.97002], [77.65972, 12.96959]]}}, {"type": "Feature", "properties": {}, "geometry": {"type": "LineString", "coordinates": [[77.65972, 12.96959], [77.66004, 12.96917]]}}, {"type": "Feature", "properties": {}, "geometry": {"type": "LineString", "coordinates": [[77.66004, 12.96917], [77.66028, 12.96878]]}}, {"type": "Feature", "properties": {}, "geometry": {"type": "LineString", "coordinates": [[77.66028, 12.96878], [77.66103, 12.96768]]}}, {"type": "Feature", "properties": {}, "geometry": {"type": "LineString", "coordinates": [[77.66103, 12.96768], [77.6611, 12.96757]]}}, {"type": "Feature", "properties": {}, "geometry": {"type": "LineString", "coordinates": [[77.6611, 12.96757], [77.66156, 12.9669]]}}, {"type": "Feature", "properties": {}, "geometry": {"type": "LineString", "coordinates": [[77.66156, 12.9669], [77.66156, 12.96686]]}}, {"type": "Feature", "properties": {}, "geometry": {"type": "LineString", "coordinates": [[77.66156, 12.96686], [77.66195, 12.9663]]}}, {"type": "Feature", "properties": {}, "geometry": {"type": "LineString", "coordinates": [[77.66195, 12.9663], [77.66488, 12.96208]]}}, {"type": "Feature", "properties": {}, "geometry": {"type": "LineString", "coordinates": [[77.66488, 12.96208], [77.66527, 12.96162]]}}, {"type": "Feature", "properties": {}, "geometry": {"type": "LineString", "coordinates": [[77.65034, 12.9819], [77.65027, 12.9819]]}}, {"type": "Feature", "properties": {}, "geometry": {"type": "LineString", "coordinates": [[77.65087, 12.98108], [77.6508, 12.98102]]}}, {"type": "Feature", "properties": {}, "geometry": {"type": "LineString", "coordinates": [[77.65445, 12.97714], [77.65438, 12.97711]]}}, {"type": "Feature", "properties": {}, "geometry": {"type": "LineString", "coordinates": [[77.64981, 12.98247], [77.64992, 12.98257]]}}, {"type": "Feature", "properties": {}, "geometry": {"type": "LineString", "coordinates": [[77.64923, 12.98198], [77.64981, 12.98247]]}}, {"type": "Feature", "properties": {}, "geometry": {"type": "LineString", "coordinates": [[77.60584, 12.95022], [77.60602, 12.9499]]}}, {"type": "Feature", "properties": {}, "geometry": {"type": "LineString", "coordinates": [[77.6058, 12.95022], [77.60584, 12.95022]]}}, {"type": "Feature", "properties": {}, "geometry": {"type": "LineString", "coordinates": [[77.60602, 12.9499], [77.60601, 12.9498]]}}, {"type": "Feature", "properties": {}, "geometry": {"type": "LineString", "coordinates": [[77.60601, 12.9498], [77.60598, 12.9498]]}}, {"type": "Feature", "properties": {}, "geometry": {"type": "LineString", "coordinates": [[77.64918, 12.95988], [77.64921, 12.95988]]}}, {"type": "Feature", "properties": {}, "geometry": {"type": "LineString", "coordinates": [[77.67523, 12.99396], [77.67523, 12.99389]]}}, {"type": "Feature", "properties": {}, "geometry": {"type": "LineString", "coordinates": [[77.67523, 12.99393], [77.67519, 12.99393]]}}, {"type": "Feature", "properties": {}, "geometry": {"type": "LineString", "coordinates": [[77.69416, 12.95636], [77.69902, 12.95719], [77.70113, 12.9571]]}}, {"type": "Feature", "properties": {}, "geometry": {"type": "LineString", "coordinates": [[77.70117, 12.9571], [77.70138, 12.95706]]}}, {"type": "Feature", "properties": {}, "geometry": {"type": "LineString", "coordinates": [[77.68971, 12.95556], [77.69416, 12.95636]]}}, {"type": "Feature", "properties": {}, "geometry": {"type": "LineString", "coordinates": [[77.61355, 12.97397], [77.61391, 12.97389]]}}, {"type": "Feature", "properties": {}, "geometry": {"type": "LineString", "coordinates": [[77.61355, 12.97397], [77.61391, 12.97389]]}}, {"type": "Feature", "properties": {}, "geometry": {"type": "LineString", "coordinates": [[77.61398, 12.97386], [77.61409, 12.97386]]}}, {"type": "Feature", "properties": {}, "geometry": {"type": "LineString", "coordinates": [[77.61398, 12.97386], [77.61409, 12.97386]]}}, {"type": "Feature", "properties": {}, "geometry": {"type": "LineString", "coordinates": [[77.63157, 12.98174], [77.6315, 12.9817]]}}, {"type": "Feature", "properties": {}, "geometry": {"type": "LineString", "coordinates": [[77.63157, 12.98174], [77.6315, 12.9817]]}}, {"type": "Feature", "properties": {}, "geometry": {"type": "LineString", "coordinates": [[77.62146, 12.97913], [77.6215, 12.97917]]}}, {"type": "Feature", "properties": {}, "geometry": {"type": "LineString", "coordinates": [[77.62146, 12.97913], [77.6215, 12.97917]]}}, {"type": "Feature", "properties": {}, "geometry": {"type": "LineString", "coordinates": [[77.61446, 12.9754], [77.61443, 12.9754]]}}, {"type": "Feature", "properties": {}, "geometry": {"type": "LineString", "coordinates": [[77.61446, 12.9754], [77.61443, 12.9754]]}}, {"type": "Feature", "properties": {}, "geometry": {"type": "LineString", "coordinates": [[77.62036, 12.97615], [77.62035, 12.97612]]}}, {"type": "Feature", "properties": {}, "geometry": {"type": "LineString", "coordinates": [[77.62036, 12.97615], [77.62035, 12.97612]]}}, {"type": "Feature", "properties": {}, "geometry": {"type": "LineString", "coordinates": [[77.64487, 12.97344], [77.64487, 12.97347]]}}, {"type": "Feature", "properties": {}, "geometry": {"type": "LineString", "coordinates": [[77.64487, 12.97344], [77.64487, 12.97347]]}}, {"type": "Feature", "properties": {}, "geometry": {"type": "LineString", "coordinates": [[77.64483, 12.97348], [77.64487, 12.97347]]}}, {"type": "Feature", "properties": {}, "geometry": {"type": "LineString", "coordinates": [[77.64487, 12.97347], [77.64483, 12.97348]]}}, {"type": "Feature", "properties": {}, "geometry": {"type": "LineString", "coordinates": [[77.64483, 12.97348], [77.64487, 12.97347]]}}, {"type": "Feature", "properties": {}, "geometry": {"type": "LineString", "coordinates": [[77.64487, 12.97347], [77.64483, 12.97348]]}}, {"type": "Feature", "properties": {}, "geometry": {"type": "LineString", "coordinates": [[77.62021, 12.97555], [77.62024, 12.97559]]}}, {"type": "Feature", "properties": {}, "geometry": {"type": "LineString", "coordinates": [[77.62021, 12.97555], [77.62024, 12.97559]]}}, {"type": "Feature", "properties": {}, "geometry": {"type": "LineString", "coordinates": [[77.64566, 12.96031], [77.6457, 12.96031]]}}, {"type": "Feature", "properties": {}, "geometry": {"type": "LineString", "coordinates": [[77.64566, 12.96031], [77.6457, 12.96031]]}}, {"type": "Feature", "properties": {}, "geometry": {"type": "LineString", "coordinates": [[77.63742, 12.96127], [77.63749, 12.96123]]}}, {"type": "Feature", "properties": {}, "geometry": {"type": "LineString", "coordinates": [[77.63742, 12.96127], [77.63749, 12.96123]]}}, {"type": "Feature", "properties": {}, "geometry": {"type": "LineString", "coordinates": [[77.63434, 12.96179], [77.63438, 12.96179]]}}, {"type": "Feature", "properties": {}, "geometry": {"type": "LineString", "coordinates": [[77.63434, 12.96179], [77.63438, 12.96179]]}}, {"type": "Feature", "properties": {}, "geometry": {"type": "LineString", "coordinates": [[77.63595, 12.96153], [77.63602, 12.96153]]}}, {"type": "Feature", "properties": {}, "geometry": {"type": "LineString", "coordinates": [[77.63595, 12.96153], [77.63602, 12.96153]]}}, {"type": "Feature", "properties": {}, "geometry": {"type": "LineString", "coordinates": [[77.64944, 12.98173], [77.64944, 12.98177]]}}, {"type": "Feature", "properties": {}, "geometry": {"type": "LineString", "coordinates": [[77.64944, 12.98173], [77.64944, 12.98177]]}}, {"type": "Feature", "properties": {}, "geometry": {"type": "LineString", "coordinates": [[77.61419, 12.96647], [77.61423, 12.96647]]}}, {"type": "Feature", "properties": {}, "geometry": {"type": "LineString", "coordinates": [[77.61419, 12.96647], [77.61423, 12.96647]]}}, {"type": "Feature", "properties": {}, "geometry": {"type": "LineString", "coordinates": [[77.66152, 12.96687], [77.66156, 12.96686]]}}, {"type": "Feature", "properties": {}, "geometry": {"type": "LineString", "coordinates": [[77.65848, 12.97158], [77.65852, 12.97158]]}}, {"type": "Feature", "properties": {}, "geometry": {"type": "LineString", "coordinates": [[77.65523, 12.97625], [77.65527, 12.97625]]}}, {"type": "Feature", "properties": {}, "geometry": {"type": "LineString", "coordinates": [[77.66087, 12.95934], [77.6609, 12.95934]]}}, {"type": "Feature", "properties": {}, "geometry": {"type": "LineString", "coordinates": [[77.66087, 12.95934], [77.6609, 12.95934]]}}, {"type": "Feature", "properties": {}, "geometry": {"type": "LineString", "coordinates": [[77.70113, 12.9571], [77.70117, 12.9571]]}}, {"type": "Feature", "properties": {}, "geometry": {"type": "LineString", "coordinates": [[77.64897, 12.94426], [77.64922, 12.94422]]}}, {"type": "Feature", "properties": {}, "geometry": {"type": "LineString", "coordinates": [[77.66352, 12.95882], [77.66094, 12.95913], [77.65846, 12.95894], [77.65444, 12.95937]]}}, {"type": "Feature", "properties": {}, "geometry": {"type": "LineString", "coordinates": [[77.66527, 12.96162], [77.66513, 12.9587]]}}, {"type": "Feature", "properties": {}, "geometry": {"type": "LineString", "coordinates": [[77.66513, 12.9587], [77.66509, 12.95867]]}}, {"type": "Feature", "properties": {}, "geometry": {"type": "LineString", "coordinates": [[77.64703, 12.96015], [77.64706, 12.96015]]}}, {"type": "Feature", "properties": {}, "geometry": {"type": "LineString", "coordinates": [[77.62531, 12.96597], [77.62334, 12.96697], [77.62224, 12.96726], [77.62043, 12.96661], [77.6196, 12.96546], [77.61777, 12.96537]]}}, {"type": "Feature", "properties": {}, "geometry": {"type": "LineString", "coordinates": [[77.6057, 12.95026], [77.60573, 12.95019]]}}, {"type": "Feature", "properties": {}, "geometry": {"type": "LineString", "coordinates": [[77.60587, 12.95004], [77.60591, 12.95001]]}}, {"type": "Feature", "properties": {}, "geometry": {"type": "LineString", "coordinates": [[77.60601, 12.9498], [77.60602, 12.94983]]}}, {"type": "Feature", "properties": {}, "geometry": {"type": "LineString", "coordinates": [[77.60601, 12.94973], [77.60605, 12.94959]]}}, {"type": "Feature", "properties": {}, "geometry": {"type": "LineString", "coordinates": [[77.60601, 12.94973], [77.60601, 12.9498]]}}, {"type": "Feature", "properties": {}, "geometry": {"type": "LineString", "coordinates": [[77.60598, 12.9498], [77.60594, 12.94994]]}}, {"type": "Feature", "properties": {}, "geometry": {"type": "LineString", "coordinates": [[77.60778, 12.9647], [77.60778, 12.96463]]}}, {"type": "Feature", "properties": {}, "geometry": {"type": "LineString", "coordinates": [[77.64898, 12.98241], [77.64906, 12.98244]]}}, {"type": "Feature", "properties": {}, "geometry": {"type": "LineString", "coordinates": [[77.64916, 12.98219], [77.6492, 12.98223]]}}, {"type": "Feature", "properties": {}, "geometry": {"type": "LineString", "coordinates": [[77.62031, 12.97569], [77.62017, 12.97587]]}}, {"type": "Feature", "properties": {}, "geometry": {"type": "LineString", "coordinates": [[77.60528, 12.95156], [77.60531, 12.95146]]}}, {"type": "Feature", "properties": {}, "geometry": {"type": "LineString", "coordinates": [[77.62633, 12.96388], [77.6252, 12.96614], [77.62238, 12.96723]]}}, {"type": "Feature", "properties": {}, "geometry": {"type": "LineString", "coordinates": [[77.61759, 12.96545], [77.6178, 12.96534]]}}, {"type": "Feature", "properties": {}, "geometry": {"type": "LineString", "coordinates": [[77.61914, 12.95301], [77.61922, 12.95297]]}}, {"type": "Feature", "properties": {}, "geometry": {"type": "LineString", "coordinates": [[77.63697, 12.93925], [77.63715, 12.93914]]}}, {"type": "Feature", "properties": {}, "geometry": {"type": "LineString", "coordinates": [[77.61412, 12.9665], [77.61784, 12.9653], [77.6196, 12.96546], [77.62043, 12.96661], [77.62188, 12.9672], [77.62277, 12.96719], [77.6252, 12.96618], [77.62657, 12.96356], [77.62854, 12.96241], [77.63236, 12.96143], [77.63377, 12.96183], [77.63491, 12.96172]]}}, {"type": "Feature", "properties": {}, "geometry": {"type": "LineString", "coordinates": [[77.61372, 12.93195], [77.61376, 12.93195]]}}, {"type": "Feature", "properties": {}, "geometry": {"type": "LineString", "coordinates": [[77.61393, 12.93156], [77.61496, 12.92993]]}}, {"type": "Feature", "properties": {}, "geometry": {"type": "LineString", "coordinates": [[77.62332, 12.93358], [77.62321, 12.9334]]}}, {"type": "Feature", "properties": {}, "geometry": {"type": "LineString", "coordinates": [[77.62321, 12.9334], [77.62251, 12.93168]]}}, {"type": "Feature", "properties": {}, "geometry": {"type": "LineString", "coordinates": [[77.62251, 12.93168], [77.62229, 12.93112]]}}, {"type": "Feature", "properties": {}, "geometry": {"type": "LineString", "coordinates": [[77.62229, 12.93112], [77.6214, 12.92881]]}}, {"type": "Feature", "properties": {}, "geometry": {"type": "LineString", "coordinates": [[77.6214, 12.92881], [77.62103, 12.92776]]}}, {"type": "Feature", "properties": {}, "geometry": {"type": "LineString", "coordinates": [[77.62103, 12.92776], [77.62107, 12.92769]]}}, {"type": "Feature", "properties": {}, "geometry": {"type": "LineString", "coordinates": [[77.62107, 12.92769], [77.6211, 12.92765]]}}, {"type": "Feature", "properties": {}, "geometry": {"type": "LineString", "coordinates": [[77.6211, 12.92765], [77.62117, 12.92762]]}}, {"type": "Feature", "properties": {}, "geometry": {"type": "LineString", "coordinates": [[77.62117, 12.92762], [77.62121, 12.92762]]}}, {"type": "Feature", "properties": {}, "geometry": {"type": "LineString", "coordinates": [[77.62121, 12.92762], [77.62125, 12.92762]]}}, {"type": "Feature", "properties": {}, "geometry": {"type": "LineString", "coordinates": [[77.62125, 12.92762], [77.62128, 12.92758]]}}, {"type": "Feature", "properties": {}, "geometry": {"type": "LineString", "coordinates": [[77.62128, 12.92758], [77.62135, 12.92758]]}}, {"type": "Feature", "properties": {}, "geometry": {"type": "LineString", "coordinates": [[77.62135, 12.92758], [77.62139, 12.92754]]}}, {"type": "Feature", "properties": {}, "geometry": {"type": "LineString", "coordinates": [[77.62139, 12.92754], [77.62246, 12.92711]]}}, {"type": "Feature", "properties": {}, "geometry": {"type": "LineString", "coordinates": [[77.62246, 12.92711], [77.62353, 12.92664]]}}, {"type": "Feature", "properties": {}, "geometry": {"type": "LineString", "coordinates": [[77.62246, 12.92708], [77.6235, 12.92664]]}}, {"type": "Feature", "properties": {}, "geometry": {"type": "LineString", "coordinates": [[77.62353, 12.92664], [77.62518, 12.92596]]}}, {"type": "Feature", "properties": {}, "geometry": {"type": "LineString", "coordinates": [[77.6235, 12.92664], [77.62521, 12.92589]]}}, {"type": "Feature", "properties": {}, "geometry": {"type": "LineString", "coordinates": [[77.62518, 12.92596], [77.62835, 12.92459]]}}, {"type": "Feature", "properties": {}, "geometry": {"type": "LineString", "coordinates": [[77.62521, 12.92589], [77.62542, 12.92578]]}}, {"type": "Feature", "properties": {}, "geometry": {"type": "LineString", "coordinates": [[77.62546, 12.92578], [77.6256, 12.92571]]}}, {"type": "Feature", "properties": {}, "geometry": {"type": "LineString", "coordinates": [[77.62564, 12.92571], [77.62835, 12.92455]]}}, {"type": "Feature", "properties": {}, "geometry": {"type": "LineString", "coordinates": [[77.6336, 12.92503], [77.63694, 12.92552]]}}, {"type": "Feature", "properties": {}, "geometry": {"type": "LineString", "coordinates": [[77.63694, 12.92552], [77.63744, 12.92531]]}}, {"type": "Feature", "properties": {}, "geometry": {"type": "LineString", "coordinates": [[77.6341, 12.92506], [77.63629, 12.92542]]}}, {"type": "Feature", "properties": {}, "geometry": {"type": "LineString", "coordinates": [[77.63636, 12.92539], [77.63751, 12.92509], [77.63815, 12.92467]]}}, {"type": "Feature", "properties": {}, "geometry": {"type": "LineString", "coordinates": [[77.63744, 12.92531], [77.63751, 12.92523]]}}, {"type": "Feature", "properties": {}, "geometry": {"type": "LineString", "coordinates": [[77.63751, 12.92523], [77.63808, 12.92484]]}}, {"type": "Feature", "properties": {}, "geometry": {"type": "LineString", "coordinates": [[77.6336, 12.92499], [77.6341, 12.92506]]}}, {"type": "Feature", "properties": {}, "geometry": {"type": "LineString", "coordinates": [[77.63234, 12.92486], [77.6336, 12.92503]]}}, {"type": "Feature", "properties": {}, "geometry": {"type": "LineString", "coordinates": [[77.6314, 12.92463], [77.6336, 12.92499]]}}, {"type": "Feature", "properties": {}, "geometry": {"type": "LineString", "coordinates": [[77.63808, 12.92484], [77.63883, 12.92434]]}}, {"type": "Feature", "properties": {}, "geometry": {"type": "LineString", "coordinates": [[77.62835, 12.92459], [77.629, 12.9243], [77.63234, 12.92486]]}}, {"type": "Feature", "properties": {}, "geometry": {"type": "LineString", "coordinates": [[77.63815, 12.92467], [77.63928, 12.92411]]}}, {"type": "Feature", "properties": {}, "geometry": {"type": "LineString", "coordinates": [[77.63928, 12.92411], [77.6394, 12.92405]]}}, {"type": "Feature", "properties": {}, "geometry": {"type": "LineString", "coordinates": [[77.62975, 12.92436], [77.6314, 12.92463]]}}, {"type": "Feature", "properties": {}, "geometry": {"type": "LineString", "coordinates": [[77.62835, 12.92455], [77.629, 12.9243], [77.62975, 12.92436]]}}, {"type": "Feature", "properties": {}, "geometry": {"type": "LineString", "coordinates": [[77.62121, 12.928], [77.6211, 12.92772]]}}, {"type": "Feature", "properties": {}, "geometry": {"type": "LineString", "coordinates": [[77.62143, 12.92793], [77.62121, 12.928]]}}, {"type": "Feature", "properties": {}, "geometry": {"type": "LineString", "coordinates": [[77.62146, 12.92789], [77.62143, 12.92793]]}}, {"type": "Feature", "properties": {}, "geometry": {"type": "LineString", "coordinates": [[77.6215, 12.92789], [77.62146, 12.92789]]}}, {"type": "Feature", "properties": {}, "geometry": {"type": "LineString", "coordinates": [[77.6211, 12.92772], [77.62107, 12.92769]]}}, {"type": "Feature", "properties": {}, "geometry": {"type": "LineString", "coordinates": [[77.62107, 12.92769], [77.62107, 12.92765]]}}, {"type": "Feature", "properties": {}, "geometry": {"type": "LineString", "coordinates": [[77.60737, 12.94524], [77.60733, 12.94535]]}}, {"type": "Feature", "properties": {}, "geometry": {"type": "LineString", "coordinates": [[77.6074, 12.94507], [77.60737, 12.94521]]}}, {"type": "Feature", "properties": {}, "geometry": {"type": "LineString", "coordinates": [[77.60747, 12.94486], [77.6074, 12.94507]]}}, {"type": "Feature", "properties": {}, "geometry": {"type": "LineString", "coordinates": [[77.60771, 12.94411], [77.60747, 12.94486]]}}, {"type": "Feature", "properties": {}, "geometry": {"type": "LineString", "coordinates": [[77.60771, 12.94408], [77.60771, 12.94411]]}}, {"type": "Feature", "properties": {}, "geometry": {"type": "LineString", "coordinates": [[77.60778, 12.9438], [77.60771, 12.94408]]}}, {"type": "Feature", "properties": {}, "geometry": {"type": "LineString", "coordinates": [[77.60792, 12.94334], [77.60778, 12.9438]]}}, {"type": "Feature", "properties": {}, "geometry": {"type": "LineString", "coordinates": [[77.60796, 12.94327], [77.60796, 12.9433]]}}, {"type": "Feature", "properties": {}, "geometry": {"type": "LineString", "coordinates": [[77.60796, 12.9432], [77.60796, 12.94327]]}}, {"type": "Feature", "properties": {}, "geometry": {"type": "LineString", "coordinates": [[77.60841, 12.942], [77.60796, 12.9432]]}}, {"type": "Feature", "properties": {}, "geometry": {"type": "LineString", "coordinates": [[77.60841, 12.94196], [77.60841, 12.942]]}}, {"type": "Feature", "properties": {}, "geometry": {"type": "LineString", "coordinates": [[77.60855, 12.94164], [77.60841, 12.94196]]}}, {"type": "Feature", "properties": {}, "geometry": {"type": "LineString", "coordinates": [[77.60869, 12.94136], [77.60855, 12.94164]]}}, {"type": "Feature", "properties": {}, "geometry": {"type": "LineString", "coordinates": [[77.60887, 12.94108], [77.60869, 12.94136]]}}, {"type": "Feature", "properties": {}, "geometry": {"type": "LineString", "coordinates": [[77.60901, 12.94086], [77.60887, 12.94108]]}}, {"type": "Feature", "properties": {}, "geometry": {"type": "LineString", "coordinates": [[77.60918, 12.94055], [77.60901, 12.94086]]}}, {"type": "Feature", "properties": {}, "geometry": {"type": "LineString", "coordinates": [[77.60936, 12.94019], [77.60918, 12.94055]]}}, {"type": "Feature", "properties": {}, "geometry": {"type": "LineString", "coordinates": [[77.62143, 12.92786], [77.62146, 12.92782]]}}, {"type": "Feature", "properties": {}, "geometry": {"type": "LineString", "coordinates": [[77.62146, 12.92782], [77.62139, 12.92772]]}}, {"type": "Feature", "properties": {}, "geometry": {"type": "LineString", "coordinates": [[77.62139, 12.92772], [77.62135, 12.92758]]}}, {"type": "Feature", "properties": {}, "geometry": {"type": "LineString", "coordinates": [[77.62135, 12.92758], [77.62135, 12.92754]]}}, {"type": "Feature", "properties": {}, "geometry": {"type": "LineString", "coordinates": [[77.62135, 12.92754], [77.62139, 12.92751]]}}, {"type": "Feature", "properties": {}, "geometry": {"type": "LineString", "coordinates": [[77.62139, 12.92751], [77.62246, 12.92708]]}}, {"type": "Feature", "properties": {}, "geometry": {"type": "LineString", "coordinates": [[77.6394, 12.92405], [77.63954, 12.92398]]}}, {"type": "Feature", "properties": {}, "geometry": {"type": "LineString", "coordinates": [[77.63954, 12.92398], [77.63986, 12.92387]]}}, {"type": "Feature", "properties": {}, "geometry": {"type": "LineString", "coordinates": [[77.61101, 12.93704], [77.60936, 12.94019]]}}, {"type": "Feature", "properties": {}, "geometry": {"type": "LineString", "coordinates": [[77.61334, 12.93276], [77.61101, 12.93704]]}}, {"type": "Feature", "properties": {}, "geometry": {"type": "LineString", "coordinates": [[77.6074, 12.94507], [77.60733, 12.94535]]}}, {"type": "Feature", "properties": {}, "geometry": {"type": "LineString", "coordinates": [[77.60747, 12.94486], [77.6074, 12.94507]]}}, {"type": "Feature", "properties": {}, "geometry": {"type": "LineString", "coordinates": [[77.60778, 12.9438], [77.60747, 12.94486]]}}, {"type": "Feature", "properties": {}, "geometry": {"type": "LineString", "coordinates": [[77.60796, 12.94327], [77.60778, 12.9438]]}}, {"type": "Feature", "properties": {}, "geometry": {"type": "LineString", "coordinates": [[77.60799, 12.9432], [77.60796, 12.94327]]}}, {"type": "Feature", "properties": {}, "geometry": {"type": "LineString", "coordinates": [[77.60841, 12.94203], [77.60799, 12.9432]]}}, {"type": "Feature", "properties": {}, "geometry": {"type": "LineString", "coordinates": [[77.60845, 12.942], [77.60841, 12.94203]]}}, {"type": "Feature", "properties": {}, "geometry": {"type": "LineString", "coordinates": [[77.61035, 12.93842], [77.60845, 12.942]]}}, {"type": "Feature", "properties": {}, "geometry": {"type": "LineString", "coordinates": [[77.61034, 12.93839], [77.61035, 12.93842]]}}, {"type": "Feature", "properties": {}, "geometry": {"type": "LineString", "coordinates": [[77.61063, 12.93789], [77.61034, 12.93839]]}}, {"type": "Feature", "properties": {}, "geometry": {"type": "LineString", "coordinates": [[77.61105, 12.93704], [77.61063, 12.93789]]}}, {"type": "Feature", "properties": {}, "geometry": {"type": "LineString", "coordinates": [[77.61154, 12.93612], [77.61105, 12.93704]]}}, {"type": "Feature", "properties": {}, "geometry": {"type": "LineString", "coordinates": [[77.61242, 12.93453], [77.61158, 12.93609]]}}, {"type": "Feature", "properties": {}, "geometry": {"type": "LineString", "coordinates": [[77.6126, 12.93418], [77.61242, 12.93453]]}}, {"type": "Feature", "properties": {}, "geometry": {"type": "LineString", "coordinates": [[77.61376, 12.93195], [77.61263, 12.93418]]}}, {"type": "Feature", "properties": {}, "geometry": {"type": "LineString", "coordinates": [[77.61383, 12.93184], [77.61376, 12.93195]]}}, {"type": "Feature", "properties": {}, "geometry": {"type": "LineString", "coordinates": [[77.61393, 12.9316], [77.61383, 12.93184]]}}, {"type": "Feature", "properties": {}, "geometry": {"type": "LineString", "coordinates": [[77.59568, 12.93966], [77.59759, 12.93982], [77.59822, 12.93854]]}}, {"type": "Feature", "properties": {}, "geometry": {"type": "LineString", "coordinates": [[77.59425, 12.93957], [77.59568, 12.93966]]}}, {"type": "Feature", "properties": {}, "geometry": {"type": "LineString", "coordinates": [[77.59331, 12.93884], [77.59425, 12.93957]]}}, {"type": "Feature", "properties": {}, "geometry": {"type": "LineString", "coordinates": [[77.59298, 12.9386], [77.59331, 12.93884]]}}, {"type": "Feature", "properties": {}, "geometry": {"type": "LineString", "coordinates": [[77.59269, 12.93846], [77.59298, 12.9386]]}}, {"type": "Feature", "properties": {}, "geometry": {"type": "LineString", "coordinates": [[77.59822, 12.93854], [77.59826, 12.93851]]}}, {"type": "Feature", "properties": {}, "geometry": {"type": "LineString", "coordinates": [[77.59826, 12.93851], [77.59833, 12.9384]]}}, {"type": "Feature", "properties": {}, "geometry": {"type": "LineString", "coordinates": [[77.59002, 12.93665], [77.59269, 12.93846]]}}, {"type": "Feature", "properties": {}, "geometry": {"type": "LineString", "coordinates": [[77.59833, 12.9384], [77.59893, 12.93776]]}}, {"type": "Feature", "properties": {}, "geometry": {"type": "LineString", "coordinates": [[77.59893, 12.93776], [77.59979, 12.93733], [77.60158, 12.937]]}}, {"type": "Feature", "properties": {}, "geometry": {"type": "LineString", "coordinates": [[77.60158, 12.937], [77.60161, 12.937]]}}, {"type": "Feature", "properties": {}, "geometry": {"type": "LineString", "coordinates": [[77.60161, 12.937], [77.60165, 12.937]]}}, {"type": "Feature", "properties": {}, "geometry": {"type": "LineString", "coordinates": [[77.60165, 12.937], [77.60623, 12.93642], [77.60752, 12.93602]]}}, {"type": "Feature", "properties": {}, "geometry": {"type": "LineString", "coordinates": [[77.5893, 12.93635], [77.59002, 12.93665]]}}, {"type": "Feature", "properties": {}, "geometry": {"type": "LineString", "coordinates": [[77.58858, 12.93642], [77.5888, 12.93639]]}}, {"type": "Feature", "properties": {}, "geometry": {"type": "LineString", "coordinates": [[77.5888, 12.93639], [77.58883, 12.93638]]}}, {"type": "Feature", "properties": {}, "geometry": {"type": "LineString", "coordinates": [[77.58883, 12.93638], [77.58887, 12.93638]]}}, {"type": "Feature", "properties": {}, "geometry": {"type": "LineString", "coordinates": [[77.58887, 12.93638], [77.58912, 12.93635]]}}, {"type": "Feature", "properties": {}, "geometry": {"type": "LineString", "coordinates": [[77.58912, 12.93635], [77.5893, 12.93635]]}}, {"type": "Feature", "properties": {}, "geometry": {"type": "LineString", "coordinates": [[77.60752, 12.93602], [77.60756, 12.93602]]}}, {"type": "Feature", "properties": {}, "geometry": {"type": "LineString", "coordinates": [[77.60756, 12.93602], [77.60966, 12.93473]]}}, {"type": "Feature", "properties": {}, "geometry": {"type": "LineString", "coordinates": [[77.60966, 12.93473], [77.6097, 12.9347]]}}, {"type": "Feature", "properties": {}, "geometry": {"type": "LineString", "coordinates": [[77.6097, 12.9347], [77.61354, 12.93181]]}}, {"type": "Feature", "properties": {}, "geometry": {"type": "LineString", "coordinates": [[77.61354, 12.93181], [77.61375, 12.93163]]}}, {"type": "Feature", "properties": {}, "geometry": {"type": "LineString", "coordinates": [[77.61375, 12.93163], [77.61383, 12.9316]]}}, {"type": "Feature", "properties": {}, "geometry": {"type": "LineString", "coordinates": [[77.61383, 12.9316], [77.6139, 12.93153]]}}, {"type": "Feature", "properties": {}, "geometry": {"type": "LineString", "coordinates": [[77.6139, 12.93153], [77.6145, 12.9305]]}}, {"type": "Feature", "properties": {}, "geometry": {"type": "LineString", "coordinates": [[77.6145, 12.9305], [77.61485, 12.92997]]}}, {"type": "Feature", "properties": {}, "geometry": {"type": "LineString", "coordinates": [[77.61485, 12.92997], [77.61488, 12.9299]]}}, {"type": "Feature", "properties": {}, "geometry": {"type": "LineString", "coordinates": [[77.61488, 12.9299], [77.61492, 12.9299]]}}, {"type": "Feature", "properties": {}, "geometry": {"type": "LineString", "coordinates": [[77.61492, 12.9299], [77.61503, 12.92986]]}}, {"type": "Feature", "properties": {}, "geometry": {"type": "LineString", "coordinates": [[77.61503, 12.92986], [77.62125, 12.92758]]}}, {"type": "Feature", "properties": {}, "geometry": {"type": "LineString", "coordinates": [[77.62139, 12.92772], [77.62146, 12.92772]]}}, {"type": "Feature", "properties": {}, "geometry": {"type": "LineString", "coordinates": [[77.62128, 12.92762], [77.62139, 12.92772]]}}, {"type": "Feature", "properties": {}, "geometry": {"type": "LineString", "coordinates": [[77.62125, 12.92762], [77.62128, 12.92762]]}}, {"type": "Feature", "properties": {}, "geometry": {"type": "LineString", "coordinates": [[77.62125, 12.92758], [77.62125, 12.92762]]}}, {"type": "Feature", "properties": {}, "geometry": {"type": "LineString", "coordinates": [[77.61379, 12.93163], [77.61379, 12.93167]]}}, {"type": "Feature", "properties": {}, "geometry": {"type": "LineString", "coordinates": [[77.61375, 12.93163], [77.61379, 12.93163]]}}, {"type": "Feature", "properties": {}, "geometry": {"type": "LineString", "coordinates": [[77.61379, 12.93167], [77.61383, 12.93167]]}}, {"type": "Feature", "properties": {}, "geometry": {"type": "LineString", "coordinates": [[77.61383, 12.93167], [77.61386, 12.93174]]}}, {"type": "Feature", "properties": {}, "geometry": {"type": "LineString", "coordinates": [[77.60169, 12.93749], [77.60176, 12.93742]]}}, {"type": "Feature", "properties": {}, "geometry": {"type": "LineString", "coordinates": [[77.60176, 12.93742], [77.60176, 12.93738]]}}, {"type": "Feature", "properties": {}, "geometry": {"type": "LineString", "coordinates": [[77.60176, 12.93738], [77.60176, 12.93735]]}}, {"type": "Feature", "properties": {}, "geometry": {"type": "LineString", "coordinates": [[77.60176, 12.93735], [77.60172, 12.93714]]}}, {"type": "Feature", "properties": {}, "geometry": {"type": "LineString", "coordinates": [[77.60172, 12.93714], [77.60215, 12.9371]]}}, {"type": "Feature", "properties": {}, "geometry": {"type": "LineString", "coordinates": [[77.60215, 12.9371], [77.6035, 12.93687]]}}, {"type": "Feature", "properties": {}, "geometry": {"type": "LineString", "coordinates": [[77.60351, 12.93687], [77.60351, 12.93687]]}}, {"type": "Feature", "properties": {}, "geometry": {"type": "LineString", "coordinates": [[77.60351, 12.93687], [77.60483, 12.93669]]}}, {"type": "Feature", "properties": {}, "geometry": {"type": "LineString", "coordinates": [[77.60483, 12.93669], [77.60652, 12.93646], [77.60756, 12.93606]]}}, {"type": "Feature", "properties": {}, "geometry": {"type": "LineString", "coordinates": [[77.60756, 12.93606], [77.6082, 12.93573]]}}, {"type": "Feature", "properties": {}, "geometry": {"type": "LineString", "coordinates": [[77.6082, 12.93573], [77.60831, 12.93566]]}}, {"type": "Feature", "properties": {}, "geometry": {"type": "LineString", "coordinates": [[77.60831, 12.93566], [77.60966, 12.9348]]}}, {"type": "Feature", "properties": {}, "geometry": {"type": "LineString", "coordinates": [[77.60966, 12.9348], [77.61265, 12.93256]]}}, {"type": "Feature", "properties": {}, "geometry": {"type": "LineString", "coordinates": [[77.61265, 12.93256], [77.61301, 12.93227]]}}, {"type": "Feature", "properties": {}, "geometry": {"type": "LineString", "coordinates": [[77.61301, 12.93227], [77.61329, 12.93206]]}}, {"type": "Feature", "properties": {}, "geometry": {"type": "LineString", "coordinates": [[77.61329, 12.93206], [77.61336, 12.93199]]}}, {"type": "Feature", "properties": {}, "geometry": {"type": "LineString", "coordinates": [[77.61336, 12.93199], [77.61358, 12.93184]]}}, {"type": "Feature", "properties": {}, "geometry": {"type": "LineString", "coordinates": [[77.61358, 12.93184], [77.61368, 12.93174]]}}, {"type": "Feature", "properties": {}, "geometry": {"type": "LineString", "coordinates": [[77.61368, 12.93174], [77.61375, 12.93167]]}}, {"type": "Feature", "properties": {}, "geometry": {"type": "LineString", "coordinates": [[77.61375, 12.93167], [77.61379, 12.93167]]}}, {"type": "Feature", "properties": {}, "geometry": {"type": "LineString", "coordinates": [[77.61379, 12.93167], [77.61393, 12.9316]]}}, {"type": "Feature", "properties": {}, "geometry": {"type": "LineString", "coordinates": [[77.61393, 12.9316], [77.61397, 12.93159]]}}, {"type": "Feature", "properties": {}, "geometry": {"type": "LineString", "coordinates": [[77.61397, 12.93159], [77.61401, 12.93159]]}}, {"type": "Feature", "properties": {}, "geometry": {"type": "LineString", "coordinates": [[77.62669, 12.93713], [77.62684, 12.93724]]}}, {"type": "Feature", "properties": {}, "geometry": {"type": "LineString", "coordinates": [[77.62647, 12.93692], [77.62669, 12.93713]]}}, {"type": "Feature", "properties": {}, "geometry": {"type": "LineString", "coordinates": [[77.62615, 12.93668], [77.62647, 12.93692]]}}, {"type": "Feature", "properties": {}, "geometry": {"type": "LineString", "coordinates": [[77.62593, 12.93651], [77.62615, 12.93668]]}}, {"type": "Feature", "properties": {}, "geometry": {"type": "LineString", "coordinates": [[77.62553, 12.93619], [77.62593, 12.93651]]}}, {"type": "Feature", "properties": {}, "geometry": {"type": "LineString", "coordinates": [[77.62438, 12.93529], [77.62553, 12.93619]]}}, {"type": "Feature", "properties": {}, "geometry": {"type": "LineString", "coordinates": [[77.62254, 12.93165], [77.6238, 12.9345]]}}, {"type": "Feature", "properties": {}, "geometry": {"type": "LineString", "coordinates": [[77.6238, 12.9345], [77.62387, 12.93466], [77.62438, 12.93529]]}}, {"type": "Feature", "properties": {}, "geometry": {"type": "LineString", "coordinates": [[77.62107, 12.92776], [77.62254, 12.93165]]}}, {"type": "Feature", "properties": {}, "geometry": {"type": "LineString", "coordinates": [[77.63986, 12.92387], [77.63985, 12.92385]]}}, {"type": "Feature", "properties": {}, "geometry": {"type": "LineString", "coordinates": [[77.63985, 12.92385], [77.63861, 12.92114]]}}, {"type": "Feature", "properties": {}, "geometry": {"type": "LineString", "coordinates": [[77.63861, 12.92114], [77.63832, 12.92034], [77.63819, 12.91801]]}}, {"type": "Feature", "properties": {}, "geometry": {"type": "LineString", "coordinates": [[77.63819, 12.91801], [77.63807, 12.91714]]}}, {"type": "Feature", "properties": {}, "geometry": {"type": "LineString", "coordinates": [[77.63807, 12.91714], [77.6377, 12.91599]]}}, {"type": "Feature", "properties": {}, "geometry": {"type": "LineString", "coordinates": [[77.6377, 12.91599], [77.6377, 12.91598], [77.63809, 12.91594]]}}, {"type": "Feature", "properties": {}, "geometry": {"type": "LineString", "coordinates": [[77.6395, 12.92398], [77.63946, 12.92399]]}}, {"type": "Feature", "properties": {}, "geometry": {"type": "LineString", "coordinates": [[77.63946, 12.92399], [77.6394, 12.92402]]}}, {"type": "Feature", "properties": {}, "geometry": {"type": "LineString", "coordinates": [[77.63986, 12.92387], [77.63952, 12.92397]]}}, {"type": "Feature", "properties": {}, "geometry": {"type": "LineString", "coordinates": [[77.63952, 12.92397], [77.6395, 12.92398]]}}, {"type": "Feature", "properties": {}, "geometry": {"type": "LineString", "coordinates": [[77.58006, 12.9484], [77.5801, 12.94844]]}}, {"type": "Feature", "properties": {}, "geometry": {"type": "LineString", "coordinates": [[77.5841, 12.95417], [77.58493, 12.95416]]}}, {"type": "Feature", "properties": {}, "geometry": {"type": "LineString", "coordinates": [[77.58493, 12.95416], [77.58532, 12.95412]]}}, {"type": "Feature", "properties": {}, "geometry": {"type": "LineString", "coordinates": [[77.58078, 12.94903], [77.58104, 12.94917]]}}, {"type": "Feature", "properties": {}, "geometry": {"type": "LineString", "coordinates": [[77.58016, 12.94376], [77.58017, 12.94829], [77.582, 12.94859], [77.58308, 12.94915], [77.58409, 12.95308], [77.58525, 12.9537], [77.58536, 12.95409]]}}, {"type": "Feature", "properties": {}, "geometry": {"type": "LineString", "coordinates": [[77.57895, 12.9172], [77.57888, 12.91716]]}}, {"type": "Feature", "properties": {}, "geometry": {"type": "LineString", "coordinates": [[77.57888, 12.91716], [77.57602, 12.91476], [77.57413, 12.91253]]}}, {"type": "Feature", "properties": {}, "geometry": {"type": "LineString", "coordinates": [[77.57413, 12.91253], [77.57297, 12.9112]]}}, {"type": "Feature", "properties": {}, "geometry": {"type": "LineString", "coordinates": [[77.57297, 12.9112], [77.57293, 12.9111]]}}, {"type": "Feature", "properties": {}, "geometry": {"type": "LineString", "coordinates": [[77.58587, 12.91368], [77.58589, 12.91576]]}}, {"type": "Feature", "properties": {}, "geometry": {"type": "LineString", "coordinates": [[77.58582, 12.91227], [77.58587, 12.91368]]}}, {"type": "Feature", "properties": {}, "geometry": {"type": "LineString", "coordinates": [[77.58581, 12.91066], [77.58582, 12.91227]]}}, {"type": "Feature", "properties": {}, "geometry": {"type": "LineString", "coordinates": [[77.58581, 12.91059], [77.58581, 12.91066]]}}, {"type": "Feature", "properties": {}, "geometry": {"type": "LineString", "coordinates": [[77.58582, 12.9083], [77.58581, 12.91059]]}}, {"type": "Feature", "properties": {}, "geometry": {"type": "LineString", "coordinates": [[77.57924, 12.9172], [77.57924, 12.91716]]}}, {"type": "Feature", "properties": {}, "geometry": {"type": "LineString", "coordinates": [[77.57924, 12.91716], [77.57924, 12.91713]]}}, {"type": "Feature", "properties": {}, "geometry": {"type": "LineString", "coordinates": [[77.59975, 12.91671], [77.59979, 12.91675]]}}, {"type": "Feature", "properties": {}, "geometry": {"type": "LineString", "coordinates": [[77.59979, 12.91668], [77.59975, 12.91671]]}}, {"type": "Feature", "properties": {}, "geometry": {"type": "LineString", "coordinates": [[77.59975, 12.91653], [77.59979, 12.91668]]}}, {"type": "Feature", "properties": {}, "geometry": {"type": "LineString", "coordinates": [[77.59978, 12.9159], [77.59975, 12.91653]]}}, {"type": "Feature", "properties": {}, "geometry": {"type": "LineString", "coordinates": [[77.59976, 12.91397], [77.59978, 12.9159]]}}, {"type": "Feature", "properties": {}, "geometry": {"type": "LineString", "coordinates": [[77.60017, 12.90879], [77.59976, 12.91397]]}}, {"type": "Feature", "properties": {}, "geometry": {"type": "LineString", "coordinates": [[77.60017, 12.90865], [77.60017, 12.90879]]}}, {"type": "Feature", "properties": {}, "geometry": {"type": "LineString", "coordinates": [[77.60155, 12.93742], [77.60165, 12.93742]]}}, {"type": "Feature", "properties": {}, "geometry": {"type": "LineString", "coordinates": [[77.60165, 12.93742], [77.60176, 12.93738]]}}, {"type": "Feature", "properties": {}, "geometry": {"type": "LineString", "coordinates": [[77.60176, 12.93738], [77.60219, 12.93731]]}}, {"type": "Feature", "properties": {}, "geometry": {"type": "LineString", "coordinates": [[77.60219, 12.93731], [77.60237, 12.93727]]}}, {"type": "Feature", "properties": {}, "geometry": {"type": "LineString", "coordinates": [[77.60355, 12.93705], [77.60713, 12.93641]]}}, {"type": "Feature", "properties": {}, "geometry": {"type": "LineString", "coordinates": [[77.60713, 12.93641], [77.6076, 12.93623]]}}, {"type": "Feature", "properties": {}, "geometry": {"type": "LineString", "coordinates": [[77.6076, 12.93623], [77.6077, 12.9362]]}}, {"type": "Feature", "properties": {}, "geometry": {"type": "LineString", "coordinates": [[77.6077, 12.9362], [77.60774, 12.9362]]}}, {"type": "Feature", "properties": {}, "geometry": {"type": "LineString", "coordinates": [[77.60774, 12.9362], [77.60774, 12.93616]]}}, {"type": "Feature", "properties": {}, "geometry": {"type": "LineString", "coordinates": [[77.60777, 12.93616], [77.60795, 12.93605]]}}, {"type": "Feature", "properties": {}, "geometry": {"type": "LineString", "coordinates": [[77.60795, 12.93605], [77.6087, 12.93559]]}}, {"type": "Feature", "properties": {}, "geometry": {"type": "LineString", "coordinates": [[77.6087, 12.93559], [77.6097, 12.93495]]}}, {"type": "Feature", "properties": {}, "geometry": {"type": "LineString", "coordinates": [[77.6097, 12.93495], [77.60973, 12.93491]]}}, {"type": "Feature", "properties": {}, "geometry": {"type": "LineString", "coordinates": [[77.58017, 12.93084], [77.5835, 12.93077]]}}, {"type": "Feature", "properties": {}, "geometry": {"type": "LineString", "coordinates": [[77.58497, 12.93048], [77.58497, 12.93079]]}}, {"type": "Feature", "properties": {}, "geometry": {"type": "LineString", "coordinates": [[77.58497, 12.93079], [77.58483, 12.93079]]}}, {"type": "Feature", "properties": {}, "geometry": {"type": "LineString", "coordinates": [[77.5835, 12.93077], [77.58365, 12.93077]]}}, {"type": "Feature", "properties": {}, "geometry": {"type": "LineString", "coordinates": [[77.58365, 12.93077], [77.58379, 12.93073]]}}, {"type": "Feature", "properties": {}, "geometry": {"type": "LineString", "coordinates": [[77.58379, 12.93073], [77.58393, 12.93073]]}}, {"type": "Feature", "properties": {}, "geometry": {"type": "LineString", "coordinates": [[77.58393, 12.93073], [77.58397, 12.93049]]}}, {"type": "Feature", "properties": {}, "geometry": {"type": "LineString", "coordinates": [[77.58397, 12.93049], [77.58436, 12.93045]]}}, {"type": "Feature", "properties": {}, "geometry": {"type": "LineString", "coordinates": [[77.58486, 12.93044], [77.58497, 12.93048]]}}, {"type": "Feature", "properties": {}, "geometry": {"type": "LineString", "coordinates": [[77.58461, 12.93048], [77.58486, 12.93044]]}}, {"type": "Feature", "properties": {}, "geometry": {"type": "LineString", "coordinates": [[77.58454, 12.93045], [77.58461, 12.93048]]}}, {"type": "Feature", "properties": {}, "geometry": {"type": "LineString", "coordinates": [[77.58436, 12.93045], [77.58454, 12.93045]]}}, {"type": "Feature", "properties": {}, "geometry": {"type": "LineString", "coordinates": [[77.61372, 12.93191], [77.61372, 12.93195]]}}, {"type": "Feature", "properties": {}, "geometry": {"type": "LineString", "coordinates": [[77.59979, 12.91675], [77.5999, 12.91692]]}}, {"type": "Feature", "properties": {}, "geometry": {"type": "LineString", "coordinates": [[77.57361, 12.91746], [77.57356, 12.91651]]}}, {"type": "Feature", "properties": {}, "geometry": {"type": "LineString", "coordinates": [[77.57898, 12.91713], [77.57924, 12.91713]]}}, {"type": "Feature", "properties": {}, "geometry": {"type": "LineString", "coordinates": [[77.57924, 12.91713], [77.57945, 12.91712]]}}, {"type": "Feature", "properties": {}, "geometry": {"type": "LineString", "coordinates": [[77.57945, 12.91712], [77.58049, 12.91711]]}}, {"type": "Feature", "properties": {}, "geometry": {"type": "LineString", "coordinates": [[77.58139, 12.91707], [77.58304, 12.91705]]}}, {"type": "Feature", "properties": {}, "geometry": {"type": "LineString", "coordinates": [[77.59132, 12.91686], [77.59272, 12.91682]]}}, {"type": "Feature", "properties": {}, "geometry": {"type": "LineString", "coordinates": [[77.59272, 12.91682], [77.59326, 12.91681]]}}, {"type": "Feature", "properties": {}, "geometry": {"type": "LineString", "coordinates": [[77.59337, 12.91681], [77.59502, 12.91679]]}}, {"type": "Feature", "properties": {}, "geometry": {"type": "LineString", "coordinates": [[77.59326, 12.91681], [77.59337, 12.91681]]}}, {"type": "Feature", "properties": {}, "geometry": {"type": "LineString", "coordinates": [[77.59502, 12.91679], [77.59505, 12.91679]]}}, {"type": "Feature", "properties": {}, "geometry": {"type": "LineString", "coordinates": [[77.59505, 12.91679], [77.59516, 12.91679]]}}, {"type": "Feature", "properties": {}, "geometry": {"type": "LineString", "coordinates": [[77.5952, 12.91679], [77.59552, 12.91679]]}}, {"type": "Feature", "properties": {}, "geometry": {"type": "LineString", "coordinates": [[77.59516, 12.91679], [77.5952, 12.91679]]}}, {"type": "Feature", "properties": {}, "geometry": {"type": "LineString", "coordinates": [[77.59975, 12.91671], [77.5999, 12.91671]]}}, {"type": "Feature", "properties": {}, "geometry": {"type": "LineString", "coordinates": [[77.59914, 12.91672], [77.59975, 12.91671]]}}, {"type": "Feature", "properties": {}, "geometry": {"type": "LineString", "coordinates": [[77.58967, 12.91706], [77.58971, 12.91706]]}}, {"type": "Feature", "properties": {}, "geometry": {"type": "LineString", "coordinates": [[77.57909, 12.9172], [77.57902, 12.91716]]}}, {"type": "Feature", "properties": {}, "geometry": {"type": "LineString", "coordinates": [[77.57902, 12.91716], [77.57605, 12.91473], [77.5742, 12.91253]]}}, {"type": "Feature", "properties": {}, "geometry": {"type": "LineString", "coordinates": [[77.5742, 12.91253], [77.57417, 12.91253]]}}, {"type": "Feature", "properties": {}, "geometry": {"type": "LineString", "coordinates": [[77.57417, 12.91253], [77.57297, 12.9111]]}}, {"type": "Feature", "properties": {}, "geometry": {"type": "LineString", "coordinates": [[77.57297, 12.9111], [77.57293, 12.91106]]}}, {"type": "Feature", "properties": {}, "geometry": {"type": "LineString", "coordinates": [[77.57899, 12.9172], [77.57895, 12.91716]]}}, {"type": "Feature", "properties": {}, "geometry": {"type": "LineString", "coordinates": [[77.57895, 12.91716], [77.57602, 12.91473], [77.57417, 12.91253]]}}, {"type": "Feature", "properties": {}, "geometry": {"type": "LineString", "coordinates": [[77.57417, 12.91253], [77.57413, 12.91253]]}}, {"type": "Feature", "properties": {}, "geometry": {"type": "LineString", "coordinates": [[77.57413, 12.91253], [77.57297, 12.91117]]}}, {"type": "Feature", "properties": {}, "geometry": {"type": "LineString", "coordinates": [[77.57297, 12.91117], [77.57293, 12.9111]]}}, {"type": "Feature", "properties": {}, "geometry": {"type": "LineString", "coordinates": [[77.59516, 12.91679], [77.59516, 12.91683]]}}, {"type": "Feature", "properties": {}, "geometry": {"type": "LineString", "coordinates": [[77.59516, 12.91676], [77.59516, 12.91679]]}}, {"type": "Feature", "properties": {}, "geometry": {"type": "LineString", "coordinates": [[77.59516, 12.91669], [77.59516, 12.91676]]}}, {"type": "Feature", "properties": {}, "geometry": {"type": "LineString", "coordinates": [[77.59516, 12.91662], [77.59516, 12.91669]]}}, {"type": "Feature", "properties": {}, "geometry": {"type": "LineString", "coordinates": [[77.59515, 12.91616], [77.59516, 12.91662]]}}, {"type": "Feature", "properties": {}, "geometry": {"type": "LineString", "coordinates": [[77.59517, 12.91457], [77.59515, 12.91612]]}}, {"type": "Feature", "properties": {}, "geometry": {"type": "LineString", "coordinates": [[77.59528, 12.91457], [77.59517, 12.91457]]}}, {"type": "Feature", "properties": {}, "geometry": {"type": "LineString", "coordinates": [[77.59542, 12.91426], [77.59528, 12.91457]]}}, {"type": "Feature", "properties": {}, "geometry": {"type": "LineString", "coordinates": [[77.59546, 12.91418], [77.59542, 12.91426]]}}, {"type": "Feature", "properties": {}, "geometry": {"type": "LineString", "coordinates": [[77.59546, 12.91415], [77.59546, 12.91418]]}}, {"type": "Feature", "properties": {}, "geometry": {"type": "LineString", "coordinates": [[77.57361, 12.91767], [77.57418, 12.91767]]}}, {"type": "Feature", "properties": {}, "geometry": {"type": "LineString", "coordinates": [[77.57418, 12.91767], [77.57594, 12.91762]]}}, {"type": "Feature", "properties": {}, "geometry": {"type": "LineString", "coordinates": [[77.57594, 12.91762], [77.57598, 12.91761]]}}, {"type": "Feature", "properties": {}, "geometry": {"type": "LineString", "coordinates": [[77.57418, 12.91767], [77.57422, 12.9177]]}}, {"type": "Feature", "properties": {}, "geometry": {"type": "LineString", "coordinates": [[77.57415, 12.91763], [77.57418, 12.91767]]}}, {"type": "Feature", "properties": {}, "geometry": {"type": "LineString", "coordinates": [[77.57356, 12.91651], [77.57415, 12.91763]]}}, {"type": "Feature", "properties": {}, "geometry": {"type": "LineString", "coordinates": [[77.58584, 12.9065], [77.58573, 12.90647]]}}, {"type": "Feature", "properties": {}, "geometry": {"type": "LineString", "coordinates": [[77.58573, 12.90647], [77.58566, 12.90647]]}}, {"type": "Feature", "properties": {}, "geometry": {"type": "LineString", "coordinates": [[77.58566, 12.90647], [77.58565, 12.9064]]}}, {"type": "Feature", "properties": {}, "geometry": {"type": "LineString", "coordinates": [[77.57927, 12.91716], [77.57927, 12.9172]]}}, {"type": "Feature", "properties": {}, "geometry": {"type": "LineString", "coordinates": [[77.57924, 12.91713], [77.57927, 12.91716]]}}, {"type": "Feature", "properties": {}, "geometry": {"type": "LineString", "coordinates": [[77.60169, 12.93714], [77.60165, 12.937]]}}, {"type": "Feature", "properties": {}, "geometry": {"type": "LineString", "coordinates": [[77.60165, 12.937], [77.60116, 12.93454]]}}, {"type": "Feature", "properties": {}, "geometry": {"type": "LineString", "coordinates": [[77.59302, 12.93877], [77.59316, 12.93881]]}}, {"type": "Feature", "properties": {}, "geometry": {"type": "LineString", "coordinates": [[77.58012, 12.93672], [77.58026, 12.93672]]}}, {"type": "Feature", "properties": {}, "geometry": {"type": "LineString", "coordinates": [[77.58026, 12.93672], [77.58285, 12.93666]]}}, {"type": "Feature", "properties": {}, "geometry": {"type": "LineString", "coordinates": [[77.58285, 12.93666], [77.58385, 12.93665]]}}, {"type": "Feature", "properties": {}, "geometry": {"type": "LineString", "coordinates": [[77.58385, 12.93665], [77.58406, 12.93661]]}}, {"type": "Feature", "properties": {}, "geometry": {"type": "LineString", "coordinates": [[77.58414, 12.93661], [77.58492, 12.93649]]}}, {"type": "Feature", "properties": {}, "geometry": {"type": "LineString", "coordinates": [[77.5841, 12.93661], [77.58414, 12.93661]]}}, {"type": "Feature", "properties": {}, "geometry": {"type": "LineString", "coordinates": [[77.58406, 12.93661], [77.5841, 12.93661]]}}, {"type": "Feature", "properties": {}, "geometry": {"type": "LineString", "coordinates": [[77.58492, 12.93649], [77.58496, 12.93649]]}}, {"type": "Feature", "properties": {}, "geometry": {"type": "LineString", "coordinates": [[77.58031, 12.91726], [77.58049, 12.91725]]}}, {"type": "Feature", "properties": {}, "geometry": {"type": "LineString", "coordinates": [[77.58049, 12.91725], [77.58056, 12.91725]]}}, {"type": "Feature", "properties": {}, "geometry": {"type": "LineString", "coordinates": [[77.58056, 12.91725], [77.58078, 12.91725]]}}, {"type": "Feature", "properties": {}, "geometry": {"type": "LineString", "coordinates": [[77.58078, 12.91725], [77.58128, 12.91725]]}}, {"type": "Feature", "properties": {}, "geometry": {"type": "LineString", "coordinates": [[77.58128, 12.91725], [77.58196, 12.9172]]}}, {"type": "Feature", "properties": {}, "geometry": {"type": "LineString", "coordinates": [[77.58196, 12.9172], [77.58361, 12.91719]]}}, {"type": "Feature", "properties": {}, "geometry": {"type": "LineString", "coordinates": [[77.58361, 12.91719], [77.58419, 12.91718]]}}, {"type": "Feature", "properties": {}, "geometry": {"type": "LineString", "coordinates": [[77.58419, 12.91718], [77.58473, 12.91718]]}}, {"type": "Feature", "properties": {}, "geometry": {"type": "LineString", "coordinates": [[77.58473, 12.91718], [77.58505, 12.91717]]}}, {"type": "Feature", "properties": {}, "geometry": {"type": "LineString", "coordinates": [[77.58505, 12.91717], [77.5858, 12.91717]]}}, {"type": "Feature", "properties": {}, "geometry": {"type": "LineString", "coordinates": [[77.59256, 12.92857], [77.59256, 12.9285]]}}, {"type": "Feature", "properties": {}, "geometry": {"type": "LineString", "coordinates": [[77.59256, 12.9285], [77.59256, 12.92857]]}}, {"type": "Feature", "properties": {}, "geometry": {"type": "LineString", "coordinates": [[77.59166, 12.92851], [77.5925, 12.9285]]}}, {"type": "Feature", "properties": {}, "geometry": {"type": "LineString", "coordinates": [[77.5925, 12.9285], [77.59256, 12.9285]]}}, {"type": "Feature", "properties": {}, "geometry": {"type": "LineString", "coordinates": [[77.59166, 12.9283], [77.59166, 12.92851]]}}, {"type": "Feature", "properties": {}, "geometry": {"type": "LineString", "coordinates": [[77.59169, 12.92805], [77.59166, 12.9283]]}}, {"type": "Feature", "properties": {}, "geometry": {"type": "LineString", "coordinates": [[77.59165, 12.92781], [77.59169, 12.92805]]}}, {"type": "Feature", "properties": {}, "geometry": {"type": "LineString", "coordinates": [[77.59165, 12.92756], [77.59165, 12.92781]]}}, {"type": "Feature", "properties": {}, "geometry": {"type": "LineString", "coordinates": [[77.59168, 12.92738], [77.59165, 12.92756]]}}, {"type": "Feature", "properties": {}, "geometry": {"type": "LineString", "coordinates": [[77.59165, 12.92728], [77.59168, 12.92738]]}}, {"type": "Feature", "properties": {}, "geometry": {"type": "LineString", "coordinates": [[77.59165, 12.92721], [77.59165, 12.92728]]}}, {"type": "Feature", "properties": {}, "geometry": {"type": "LineString", "coordinates": [[77.59164, 12.92707], [77.59165, 12.92721]]}}, {"type": "Feature", "properties": {}, "geometry": {"type": "LineString", "coordinates": [[77.59164, 12.927], [77.59164, 12.92707]]}}, {"type": "Feature", "properties": {}, "geometry": {"type": "LineString", "coordinates": [[77.59163, 12.92541], [77.59164, 12.927]]}}, {"type": "Feature", "properties": {}, "geometry": {"type": "LineString", "coordinates": [[77.59159, 12.92496], [77.59163, 12.92541]]}}, {"type": "Feature", "properties": {}, "geometry": {"type": "LineString", "coordinates": [[77.59158, 12.92425], [77.59159, 12.92496]]}}, {"type": "Feature", "properties": {}, "geometry": {"type": "LineString", "coordinates": [[77.59437, 12.94745], [77.5944, 12.94745]]}}, {"type": "Feature", "properties": {}, "geometry": {"type": "LineString", "coordinates": [[77.59426, 12.94738], [77.59437, 12.94745]]}}, {"type": "Feature", "properties": {}, "geometry": {"type": "LineString", "coordinates": [[77.58489, 12.93291], [77.58492, 12.93298]]}}, {"type": "Feature", "properties": {}, "geometry": {"type": "LineString", "coordinates": [[77.58487, 12.93083], [77.58489, 12.93291]]}}, {"type": "Feature", "properties": {}, "geometry": {"type": "LineString", "coordinates": [[77.58483, 12.93079], [77.58487, 12.93083]]}}, {"type": "Feature", "properties": {}, "geometry": {"type": "LineString", "coordinates": [[77.58967, 12.91706], [77.58971, 12.91702]]}}, {"type": "Feature", "properties": {}, "geometry": {"type": "LineString", "coordinates": [[77.60161, 12.9371], [77.60161, 12.937]]}}, {"type": "Feature", "properties": {}, "geometry": {"type": "LineString", "coordinates": [[77.60161, 12.937], [77.60116, 12.93454]]}}, {"type": "Feature", "properties": {}, "geometry": {"type": "LineString", "coordinates": [[77.60116, 12.93454], [77.60066, 12.93138]]}}, {"type": "Feature", "properties": {}, "geometry": {"type": "LineString", "coordinates": [[77.60066, 12.93138], [77.60066, 12.93127]]}}, {"type": "Feature", "properties": {}, "geometry": {"type": "LineString", "coordinates": [[77.60066, 12.93127], [77.60053, 12.92916]]}}, {"type": "Feature", "properties": {}, "geometry": {"type": "LineString", "coordinates": [[77.60053, 12.92916], [77.60052, 12.92884]]}}, {"type": "Feature", "properties": {}, "geometry": {"type": "LineString", "coordinates": [[77.60052, 12.92884], [77.60052, 12.92876]]}}, {"type": "Feature", "properties": {}, "geometry": {"type": "LineString", "coordinates": [[77.60052, 12.92876], [77.60052, 12.92849]]}}, {"type": "Feature", "properties": {}, "geometry": {"type": "LineString", "coordinates": [[77.59277, 12.93543], [77.59281, 12.9354]]}}, {"type": "Feature", "properties": {}, "geometry": {"type": "LineString", "coordinates": [[77.59281, 12.9354], [77.59266, 12.9317]]}}, {"type": "Feature", "properties": {}, "geometry": {"type": "LineString", "coordinates": [[77.59266, 12.9317], [77.59256, 12.92857]]}}, {"type": "Feature", "properties": {}, "geometry": {"type": "LineString", "coordinates": [[77.60165, 12.93714], [77.60169, 12.93714]]}}, {"type": "Feature", "properties": {}, "geometry": {"type": "LineString", "coordinates": [[77.60169, 12.93714], [77.60172, 12.93714]]}}, {"type": "Feature", "properties": {}, "geometry": {"type": "LineString", "coordinates": [[77.60172, 12.93714], [77.60215, 12.93706]]}}, {"type": "Feature", "properties": {}, "geometry": {"type": "LineString", "coordinates": [[77.60215, 12.93706], [77.60275, 12.93696]]}}, {"type": "Feature", "properties": {}, "geometry": {"type": "LineString", "coordinates": [[77.60275, 12.93696], [77.60351, 12.93684]]}}, {"type": "Feature", "properties": {}, "geometry": {"type": "LineString", "coordinates": [[77.60351, 12.93684], [77.60634, 12.93642]]}}, {"type": "Feature", "properties": {}, "geometry": {"type": "LineString", "coordinates": [[77.59219, 12.95567], [77.59215, 12.95571]]}}, {"type": "Feature", "properties": {}, "geometry": {"type": "LineString", "coordinates": [[77.5955, 12.95275], [77.59219, 12.95567]]}}, {"type": "Feature", "properties": {}, "geometry": {"type": "LineString", "coordinates": [[77.5961, 12.95222], [77.5955, 12.95275]]}}, {"type": "Feature", "properties": {}, "geometry": {"type": "LineString", "coordinates": [[77.59653, 12.95186], [77.5961, 12.95222]]}}, {"type": "Feature", "properties": {}, "geometry": {"type": "LineString", "coordinates": [[77.59255, 12.95535], [77.5929, 12.95503]]}}, {"type": "Feature", "properties": {}, "geometry": {"type": "LineString", "coordinates": [[77.5865, 12.93627], [77.58646, 12.93627]]}}, {"type": "Feature", "properties": {}, "geometry": {"type": "LineString", "coordinates": [[77.58646, 12.93627], [77.58642, 12.93625]]}}, {"type": "Feature", "properties": {}, "geometry": {"type": "LineString", "coordinates": [[77.58642, 12.93625], [77.58639, 12.93623]]}}, {"type": "Feature", "properties": {}, "geometry": {"type": "LineString", "coordinates": [[77.5894, 12.93606], [77.58962, 12.93581]]}}, {"type": "Feature", "properties": {}, "geometry": {"type": "LineString", "coordinates": [[77.58922, 12.93603], [77.5894, 12.93606]]}}, {"type": "Feature", "properties": {}, "geometry": {"type": "LineString", "coordinates": [[77.58908, 12.93603], [77.58922, 12.93603]]}}, {"type": "Feature", "properties": {}, "geometry": {"type": "LineString", "coordinates": [[77.58965, 12.93571], [77.5903, 12.93556]]}}, {"type": "Feature", "properties": {}, "geometry": {"type": "LineString", "coordinates": [[77.5903, 12.93556], [77.5913, 12.93552]]}}, {"type": "Feature", "properties": {}, "geometry": {"type": "LineString", "coordinates": [[77.5913, 12.93552], [77.59198, 12.93547]]}}, {"type": "Feature", "properties": {}, "geometry": {"type": "LineString", "coordinates": [[77.59202, 12.93547], [77.59277, 12.93543]]}}, {"type": "Feature", "properties": {}, "geometry": {"type": "LineString", "coordinates": [[77.58808, 12.93646], [77.58826, 12.93646]]}}, {"type": "Feature", "properties": {}, "geometry": {"type": "LineString", "coordinates": [[77.5865, 12.93623], [77.58646, 12.93623]]}}, {"type": "Feature", "properties": {}, "geometry": {"type": "LineString", "coordinates": [[77.58646, 12.93623], [77.58643, 12.93623]]}}, {"type": "Feature", "properties": {}, "geometry": {"type": "LineString", "coordinates": [[77.58808, 12.93646], [77.58812, 12.93636]]}}, {"type": "Feature", "properties": {}, "geometry": {"type": "LineString", "coordinates": [[77.58812, 12.93636], [77.58818, 12.93604], [77.58872, 12.93579]]}}, {"type": "Feature", "properties": {}, "geometry": {"type": "LineString", "coordinates": [[77.58872, 12.93579], [77.58876, 12.93579]]}}, {"type": "Feature", "properties": {}, "geometry": {"type": "LineString", "coordinates": [[77.5888, 12.93628], [77.58887, 12.93628]]}}, {"type": "Feature", "properties": {}, "geometry": {"type": "LineString", "coordinates": [[77.58887, 12.93628], [77.58905, 12.93628]]}}, {"type": "Feature", "properties": {}, "geometry": {"type": "LineString", "coordinates": [[77.58997, 12.9349], [77.59015, 12.93489], [77.59014, 12.93451]]}}, {"type": "Feature", "properties": {}, "geometry": {"type": "LineString", "coordinates": [[77.58869, 12.93646], [77.5888, 12.93646]]}}, {"type": "Feature", "properties": {}, "geometry": {"type": "LineString", "coordinates": [[77.58812, 12.93713], [77.58813, 12.93738], [77.58848, 12.93734]]}}, {"type": "Feature", "properties": {}, "geometry": {"type": "LineString", "coordinates": [[77.58848, 12.93734], [77.58902, 12.93695]]}}, {"type": "Feature", "properties": {}, "geometry": {"type": "LineString", "coordinates": [[77.58902, 12.93695], [77.58937, 12.93659]]}}, {"type": "Feature", "properties": {}, "geometry": {"type": "LineString", "coordinates": [[77.58941, 12.93656], [77.58981, 12.93669]]}}, {"type": "Feature", "properties": {}, "geometry": {"type": "LineString", "coordinates": [[77.58937, 12.93659], [77.58941, 12.93659]]}}, {"type": "Feature", "properties": {}, "geometry": {"type": "LineString", "coordinates": [[77.58941, 12.93659], [77.58941, 12.93656]]}}, {"type": "Feature", "properties": {}, "geometry": {"type": "LineString", "coordinates": [[77.58902, 12.93656], [77.58923, 12.93649]]}}, {"type": "Feature", "properties": {}, "geometry": {"type": "LineString", "coordinates": [[77.58869, 12.93653], [77.58902, 12.93656]]}}, {"type": "Feature", "properties": {}, "geometry": {"type": "LineString", "coordinates": [[77.58869, 12.9366], [77.58884, 12.9366]]}}, {"type": "Feature", "properties": {}, "geometry": {"type": "LineString", "coordinates": [[77.59283, 12.94092], [77.59297, 12.94109]]}}, {"type": "Feature", "properties": {}, "geometry": {"type": "LineString", "coordinates": [[77.59089, 12.9376], [77.59259, 12.93871], [77.59254, 12.94047], [77.59283, 12.94092]]}}, {"type": "Feature", "properties": {}, "geometry": {"type": "LineString", "coordinates": [[77.58961, 12.93824], [77.59022, 12.93831], [77.59075, 12.93749], [77.59089, 12.9376]]}}, {"type": "Feature", "properties": {}, "geometry": {"type": "LineString", "coordinates": [[77.58869, 12.93635], [77.58883, 12.93635]]}}, {"type": "Feature", "properties": {}, "geometry": {"type": "LineString", "coordinates": [[77.58883, 12.93635], [77.58887, 12.93635]]}}, {"type": "Feature", "properties": {}, "geometry": {"type": "LineString", "coordinates": [[77.58887, 12.93635], [77.58901, 12.93631]]}}, {"type": "Feature", "properties": {}, "geometry": {"type": "LineString", "coordinates": [[77.58869, 12.93621], [77.58876, 12.93586]]}}, {"type": "Feature", "properties": {}, "geometry": {"type": "LineString", "coordinates": [[77.58876, 12.93586], [77.58879, 12.93586]]}}, {"type": "Feature", "properties": {}, "geometry": {"type": "LineString", "coordinates": [[77.58794, 12.93713], [77.58795, 12.93748]]}}, {"type": "Feature", "properties": {}, "geometry": {"type": "LineString", "coordinates": [[77.58883, 12.93642], [77.58883, 12.93638]]}}, {"type": "Feature", "properties": {}, "geometry": {"type": "LineString", "coordinates": [[77.58883, 12.93638], [77.58883, 12.93635]]}}, {"type": "Feature", "properties": {}, "geometry": {"type": "LineString", "coordinates": [[77.58902, 12.93656], [77.58902, 12.93695]]}}, {"type": "Feature", "properties": {}, "geometry": {"type": "LineString", "coordinates": [[77.58898, 12.93642], [77.58902, 12.93656]]}}, {"type": "Feature", "properties": {}, "geometry": {"type": "LineString", "coordinates": [[77.58341, 12.94316], [77.58359, 12.94309]]}}, {"type": "Feature", "properties": {}, "geometry": {"type": "LineString", "coordinates": [[77.58359, 12.94309], [77.58402, 12.94298]]}}, {"type": "Feature", "properties": {}, "geometry": {"type": "LineString", "coordinates": [[77.58402, 12.94298], [77.58513, 12.94283]]}}, {"type": "Feature", "properties": {}, "geometry": {"type": "LineString", "coordinates": [[77.58812, 12.93636], [77.58826, 12.93636]]}}, {"type": "Feature", "properties": {}, "geometry": {"type": "LineString", "coordinates": [[77.5888, 12.93642], [77.5888, 12.93646]]}}, {"type": "Feature", "properties": {}, "geometry": {"type": "LineString", "coordinates": [[77.5888, 12.93639], [77.5888, 12.93642]]}}, {"type": "Feature", "properties": {}, "geometry": {"type": "LineString", "coordinates": [[77.58869, 12.93639], [77.5888, 12.93639]]}}, {"type": "Feature", "properties": {}, "geometry": {"type": "LineString", "coordinates": [[77.58969, 12.93567], [77.58972, 12.93557]]}}, {"type": "Feature", "properties": {}, "geometry": {"type": "LineString", "coordinates": [[77.58865, 12.93621], [77.58869, 12.93621]]}}, {"type": "Feature", "properties": {}, "geometry": {"type": "LineString", "coordinates": [[77.58869, 12.93621], [77.58876, 12.93586]]}}, {"type": "Feature", "properties": {}, "geometry": {"type": "LineString", "coordinates": [[77.5865, 12.93609], [77.58528, 12.93607]]}}, {"type": "Feature", "properties": {}, "geometry": {"type": "LineString", "coordinates": [[77.58653, 12.93609], [77.58651, 12.93609]]}}, {"type": "Feature", "properties": {}, "geometry": {"type": "LineString", "coordinates": [[77.58651, 12.93609], [77.5865, 12.93609]]}}, {"type": "Feature", "properties": {}, "geometry": {"type": "LineString", "coordinates": [[77.58782, 12.93527], [77.58653, 12.93609]]}}, {"type": "Feature", "properties": {}, "geometry": {"type": "LineString", "coordinates": [[77.58528, 12.93607], [77.58499, 12.93607], [77.58494, 12.93414]]}}, {"type": "Feature", "properties": {}, "geometry": {"type": "LineString", "coordinates": [[77.58876, 12.93586], [77.58854, 12.93558]]}}, {"type": "Feature", "properties": {}, "geometry": {"type": "LineString", "coordinates": [[77.58854, 12.93558], [77.58825, 12.93544]]}}, {"type": "Feature", "properties": {}, "geometry": {"type": "LineString", "coordinates": [[77.58825, 12.93544], [77.58782, 12.93527]]}}, {"type": "Feature", "properties": {}, "geometry": {"type": "LineString", "coordinates": [[77.58494, 12.93414], [77.58492, 12.93298]]}}, {"type": "Feature", "properties": {}, "geometry": {"type": "LineString", "coordinates": [[77.59614, 12.93821], [77.59625, 12.93842], [77.5971, 12.9381]]}}, {"type": "Feature", "properties": {}, "geometry": {"type": "LineString", "coordinates": [[77.58848, 12.93734], [77.58849, 12.93741]]}}, {"type": "Feature", "properties": {}, "geometry": {"type": "LineString", "coordinates": [[77.58848, 12.93663], [77.58848, 12.93734]]}}, {"type": "Feature", "properties": {}, "geometry": {"type": "LineString", "coordinates": [[77.58901, 12.93631], [77.58908, 12.93631]]}}, {"type": "Feature", "properties": {}, "geometry": {"type": "LineString", "coordinates": [[77.58908, 12.93631], [77.58923, 12.93617]]}}, {"type": "Feature", "properties": {}, "geometry": {"type": "LineString", "coordinates": [[77.58923, 12.93617], [77.58922, 12.93603]]}}, {"type": "Feature", "properties": {}, "geometry": {"type": "LineString", "coordinates": [[77.58805, 12.93717], [77.58806, 12.93766]]}}, {"type": "Feature", "properties": {}, "geometry": {"type": "LineString", "coordinates": [[77.59244, 12.9386], [77.59266, 12.93867]]}}, {"type": "Feature", "properties": {}, "geometry": {"type": "LineString", "coordinates": [[77.58937, 12.93659], [77.59244, 12.9386]]}}, {"type": "Feature", "properties": {}, "geometry": {"type": "LineString", "coordinates": [[77.58923, 12.93649], [77.58937, 12.93659]]}}, {"type": "Feature", "properties": {}, "geometry": {"type": "LineString", "coordinates": [[77.58898, 12.93642], [77.58923, 12.93649]]}}, {"type": "Feature", "properties": {}, "geometry": {"type": "LineString", "coordinates": [[77.58887, 12.93642], [77.58898, 12.93642]]}}, {"type": "Feature", "properties": {}, "geometry": {"type": "LineString", "coordinates": [[77.58883, 12.93642], [77.58887, 12.93642]]}}, {"type": "Feature", "properties": {}, "geometry": {"type": "LineString", "coordinates": [[77.5888, 12.93642], [77.58883, 12.93642]]}}, {"type": "Feature", "properties": {}, "geometry": {"type": "LineString", "coordinates": [[77.59002, 12.93665], [77.59266, 12.93856]]}}, {"type": "Feature", "properties": {}, "geometry": {"type": "LineString", "coordinates": [[77.58962, 12.9362], [77.59002, 12.93665]]}}, {"type": "Feature", "properties": {}, "geometry": {"type": "LineString", "coordinates": [[77.58496, 12.93649], [77.58646, 12.93613]]}}, {"type": "Feature", "properties": {}, "geometry": {"type": "LineString", "coordinates": [[77.5894, 12.93606], [77.58962, 12.9362]]}}, {"type": "Feature", "properties": {}, "geometry": {"type": "LineString", "coordinates": [[77.58646, 12.93613], [77.5865, 12.93609]]}}, {"type": "Feature", "properties": {}, "geometry": {"type": "LineString", "coordinates": [[77.58653, 12.93609], [77.58653, 12.93606]]}}, {"type": "Feature", "properties": {}, "geometry": {"type": "LineString", "coordinates": [[77.58653, 12.93606], [77.58653, 12.93606]]}}, {"type": "Feature", "properties": {}, "geometry": {"type": "LineString", "coordinates": [[77.58933, 12.93599], [77.5894, 12.93606]]}}, {"type": "Feature", "properties": {}, "geometry": {"type": "LineString", "coordinates": [[77.58657, 12.93606], [77.58782, 12.93527]]}}, {"type": "Feature", "properties": {}, "geometry": {"type": "LineString", "coordinates": [[77.58879, 12.93565], [77.58933, 12.93599]]}}, {"type": "Feature", "properties": {}, "geometry": {"type": "LineString", "coordinates": [[77.58825, 12.93541], [77.58879, 12.93565]]}}, {"type": "Feature", "properties": {}, "geometry": {"type": "LineString", "coordinates": [[77.58789, 12.93527], [77.58825, 12.93541]]}}, {"type": "Feature", "properties": {}, "geometry": {"type": "LineString", "coordinates": [[77.58785, 12.93527], [77.58789, 12.93527]]}}, {"type": "Feature", "properties": {}, "geometry": {"type": "LineString", "coordinates": [[77.58782, 12.93527], [77.58785, 12.93527]]}}, {"type": "Feature", "properties": {}, "geometry": {"type": "LineString", "coordinates": [[77.58049, 12.91725], [77.58056, 12.91725]]}}, {"type": "Feature", "properties": {}, "geometry": {"type": "LineString", "coordinates": [[77.59564, 12.94599], [77.59611, 12.94571]]}}, {"type": "Feature", "properties": {}, "geometry": {"type": "LineString", "coordinates": [[77.59611, 12.94571], [77.59653, 12.94542]]}}, {"type": "Feature", "properties": {}, "geometry": {"type": "LineString", "coordinates": [[77.58486, 12.9303], [77.5849, 12.9303]]}}, {"type": "Feature", "properties": {}, "geometry": {"type": "LineString", "coordinates": [[77.59266, 12.93867], [77.59277, 12.93867]]}}, {"type": "Feature", "properties": {}, "geometry": {"type": "LineString", "coordinates": [[77.59277, 12.93867], [77.59284, 12.93863]]}}, {"type": "Feature", "properties": {}, "geometry": {"type": "LineString", "coordinates": [[77.59284, 12.93863], [77.59298, 12.9386]]}}, {"type": "Feature", "properties": {}, "geometry": {"type": "LineString", "coordinates": [[77.59298, 12.9386], [77.59405, 12.93816], [77.59721, 12.93806]]}}, {"type": "Feature", "properties": {}, "geometry": {"type": "LineString", "coordinates": [[77.60025, 12.93736], [77.60161, 12.93714]]}}, {"type": "Feature", "properties": {}, "geometry": {"type": "LineString", "coordinates": [[77.60161, 12.93714], [77.60165, 12.93714]]}}, {"type": "Feature", "properties": {}, "geometry": {"type": "LineString", "coordinates": [[77.59826, 12.93851], [77.59836, 12.93858]]}}, {"type": "Feature", "properties": {}, "geometry": {"type": "LineString", "coordinates": [[77.59836, 12.93858], [77.5984, 12.93851]]}}, {"type": "Feature", "properties": {}, "geometry": {"type": "LineString", "coordinates": [[77.5984, 12.93851], [77.59897, 12.93794]]}}, {"type": "Feature", "properties": {}, "geometry": {"type": "LineString", "coordinates": [[77.59721, 12.93806], [77.59793, 12.93802], [77.59826, 12.93851]]}}, {"type": "Feature", "properties": {}, "geometry": {"type": "LineString", "coordinates": [[77.59897, 12.93794], [77.60025, 12.93736]]}}, {"type": "Feature", "properties": {}, "geometry": {"type": "LineString", "coordinates": [[77.59847, 12.93858], [77.59833, 12.93868]]}}, {"type": "Feature", "properties": {}, "geometry": {"type": "LineString", "coordinates": [[77.59833, 12.93868], [77.59833, 12.93865]]}}, {"type": "Feature", "properties": {}, "geometry": {"type": "LineString", "coordinates": [[77.59833, 12.93865], [77.59822, 12.93854]]}}, {"type": "Feature", "properties": {}, "geometry": {"type": "LineString", "coordinates": [[77.599, 12.93797], [77.59847, 12.93858]]}}, {"type": "Feature", "properties": {}, "geometry": {"type": "LineString", "coordinates": [[77.59822, 12.93854], [77.59789, 12.93809], [77.59725, 12.9381]]}}, {"type": "Feature", "properties": {}, "geometry": {"type": "LineString", "coordinates": [[77.60025, 12.9374], [77.599, 12.93797]]}}, {"type": "Feature", "properties": {}, "geometry": {"type": "LineString", "coordinates": [[77.5978, 12.93996], [77.59869, 12.93847]]}}, {"type": "Feature", "properties": {}, "geometry": {"type": "LineString", "coordinates": [[77.60336, 12.95028], [77.6034, 12.95042]]}}, {"type": "Feature", "properties": {}, "geometry": {"type": "LineString", "coordinates": [[77.60292, 12.94912], [77.60336, 12.95028]]}}, {"type": "Feature", "properties": {}, "geometry": {"type": "LineString", "coordinates": [[77.60281, 12.94888], [77.60292, 12.94912]]}}, {"type": "Feature", "properties": {}, "geometry": {"type": "LineString", "coordinates": [[77.60266, 12.94849], [77.60281, 12.94888]]}}, {"type": "Feature", "properties": {}, "geometry": {"type": "LineString", "coordinates": [[77.60244, 12.94726], [77.60266, 12.94849]]}}, {"type": "Feature", "properties": {}, "geometry": {"type": "LineString", "coordinates": [[77.60247, 12.9466], [77.60247, 12.94664]]}}, {"type": "Feature", "properties": {}, "geometry": {"type": "LineString", "coordinates": [[77.60247, 12.94664], [77.60244, 12.94726]]}}, {"type": "Feature", "properties": {}, "geometry": {"type": "LineString", "coordinates": [[77.60253, 12.94614], [77.60248, 12.94653]]}}, {"type": "Feature", "properties": {}, "geometry": {"type": "LineString", "coordinates": [[77.60248, 12.94653], [77.60247, 12.9466]]}}, {"type": "Feature", "properties": {}, "geometry": {"type": "LineString", "coordinates": [[77.60253, 12.9461], [77.60253, 12.94614]]}}, {"type": "Feature", "properties": {}, "geometry": {"type": "LineString", "coordinates": [[77.60286, 12.94325], [77.60253, 12.9461]]}}, {"type": "Feature", "properties": {}, "geometry": {"type": "LineString", "coordinates": [[77.60282, 12.94297], [77.60282, 12.94299]]}}, {"type": "Feature", "properties": {}, "geometry": {"type": "LineString", "coordinates": [[77.60282, 12.94299], [77.60286, 12.94325]]}}, {"type": "Feature", "properties": {}, "geometry": {"type": "LineString", "coordinates": [[77.60275, 12.94262], [77.60282, 12.94297]]}}, {"type": "Feature", "properties": {}, "geometry": {"type": "LineString", "coordinates": [[77.60267, 12.94226], [77.60275, 12.94262]]}}, {"type": "Feature", "properties": {}, "geometry": {"type": "LineString", "coordinates": [[77.60245, 12.94121], [77.60267, 12.94226]]}}, {"type": "Feature", "properties": {}, "geometry": {"type": "LineString", "coordinates": [[77.60241, 12.94104], [77.60245, 12.94121]]}}, {"type": "Feature", "properties": {}, "geometry": {"type": "LineString", "coordinates": [[77.60241, 12.94089], [77.60241, 12.94104]]}}, {"type": "Feature", "properties": {}, "geometry": {"type": "LineString", "coordinates": [[77.60237, 12.94075], [77.60241, 12.94089]]}}, {"type": "Feature", "properties": {}, "geometry": {"type": "LineString", "coordinates": [[77.60226, 12.94023], [77.60237, 12.94075]]}}, {"type": "Feature", "properties": {}, "geometry": {"type": "LineString", "coordinates": [[77.60207, 12.93931], [77.60226, 12.94023]]}}, {"type": "Feature", "properties": {}, "geometry": {"type": "LineString", "coordinates": [[77.60203, 12.93907], [77.60207, 12.93931]]}}, {"type": "Feature", "properties": {}, "geometry": {"type": "LineString", "coordinates": [[77.60199, 12.93893], [77.60203, 12.93907]]}}, {"type": "Feature", "properties": {}, "geometry": {"type": "LineString", "coordinates": [[77.60195, 12.93879], [77.60199, 12.93893]]}}, {"type": "Feature", "properties": {}, "geometry": {"type": "LineString", "coordinates": [[77.59302, 12.93877], [77.59327, 12.93894]]}}, {"type": "Feature", "properties": {}, "geometry": {"type": "LineString", "coordinates": [[77.60158, 12.93745], [77.60195, 12.93879]]}}, {"type": "Feature", "properties": {}, "geometry": {"type": "LineString", "coordinates": [[77.59284, 12.93863], [77.59302, 12.93877]]}}, {"type": "Feature", "properties": {}, "geometry": {"type": "LineString", "coordinates": [[77.59266, 12.93856], [77.59284, 12.93863]]}}, {"type": "Feature", "properties": {}, "geometry": {"type": "LineString", "coordinates": [[77.59869, 12.93843], [77.5994, 12.93776], [77.60122, 12.93732], [77.60155, 12.93742]]}}, {"type": "Feature", "properties": {}, "geometry": {"type": "LineString", "coordinates": [[77.60155, 12.93742], [77.60158, 12.93745]]}}, {"type": "Feature", "properties": {}, "geometry": {"type": "LineString", "coordinates": [[77.59777, 12.93996], [77.5978, 12.93996]]}}, {"type": "Feature", "properties": {}, "geometry": {"type": "LineString", "coordinates": [[77.59773, 12.93992], [77.59777, 12.93996]]}}, {"type": "Feature", "properties": {}, "geometry": {"type": "LineString", "coordinates": [[77.5977, 12.93992], [77.59773, 12.93992]]}}, {"type": "Feature", "properties": {}, "geometry": {"type": "LineString", "coordinates": [[77.59762, 12.93992], [77.5977, 12.93992]]}}, {"type": "Feature", "properties": {}, "geometry": {"type": "LineString", "coordinates": [[77.59568, 12.93966], [77.59762, 12.93992]]}}, {"type": "Feature", "properties": {}, "geometry": {"type": "LineString", "coordinates": [[77.59425, 12.93957], [77.59568, 12.93966]]}}, {"type": "Feature", "properties": {}, "geometry": {"type": "LineString", "coordinates": [[77.59327, 12.93894], [77.59425, 12.93957]]}}, {"type": "Feature", "properties": {}, "geometry": {"type": "LineString", "coordinates": [[77.5978, 12.93996], [77.59869, 12.93843]]}}, {"type": "Feature", "properties": {}, "geometry": {"type": "LineString", "coordinates": [[77.57313, 12.91265], [77.57309, 12.91261]]}}, {"type": "Feature", "properties": {}, "geometry": {"type": "LineString", "coordinates": [[77.58971, 12.91702], [77.59089, 12.91697]]}}, {"type": "Feature", "properties": {}, "geometry": {"type": "LineString", "coordinates": [[77.59728, 12.91688], [77.59728, 12.91695]]}}, {"type": "Feature", "properties": {}, "geometry": {"type": "LineString", "coordinates": [[77.59089, 12.91697], [77.59272, 12.91696]]}}, {"type": "Feature", "properties": {}, "geometry": {"type": "LineString", "coordinates": [[77.59272, 12.91696], [77.59427, 12.91691]]}}, {"type": "Feature", "properties": {}, "geometry": {"type": "LineString", "coordinates": [[77.59427, 12.91691], [77.59516, 12.9169]]}}, {"type": "Feature", "properties": {}, "geometry": {"type": "LineString", "coordinates": [[77.59516, 12.9169], [77.59531, 12.9169]]}}, {"type": "Feature", "properties": {}, "geometry": {"type": "LineString", "coordinates": [[77.59531, 12.9169], [77.59545, 12.91689]]}}, {"type": "Feature", "properties": {}, "geometry": {"type": "LineString", "coordinates": [[77.59545, 12.91689], [77.59728, 12.91688]]}}, {"type": "Feature", "properties": {}, "geometry": {"type": "LineString", "coordinates": [[77.58078, 12.91722], [77.58031, 12.91722]]}}, {"type": "Feature", "properties": {}, "geometry": {"type": "LineString", "coordinates": [[77.58196, 12.91717], [77.58078, 12.91722]]}}, {"type": "Feature", "properties": {}, "geometry": {"type": "LineString", "coordinates": [[77.58419, 12.91715], [77.58196, 12.91717]]}}, {"type": "Feature", "properties": {}, "geometry": {"type": "LineString", "coordinates": [[77.58473, 12.91714], [77.58419, 12.91715]]}}, {"type": "Feature", "properties": {}, "geometry": {"type": "LineString", "coordinates": [[77.58505, 12.91714], [77.58473, 12.91714]]}}, {"type": "Feature", "properties": {}, "geometry": {"type": "LineString", "coordinates": [[77.5858, 12.9171], [77.58505, 12.91714]]}}, {"type": "Feature", "properties": {}, "geometry": {"type": "LineString", "coordinates": [[77.58637, 12.91709], [77.5858, 12.9171]]}}, {"type": "Feature", "properties": {}, "geometry": {"type": "LineString", "coordinates": [[77.58935, 12.91703], [77.58637, 12.91709]]}}, {"type": "Feature", "properties": {}, "geometry": {"type": "LineString", "coordinates": [[77.58012, 12.93693], [77.58019, 12.93693]]}}, {"type": "Feature", "properties": {}, "geometry": {"type": "LineString", "coordinates": [[77.58019, 12.93693], [77.58191, 12.93688]]}}, {"type": "Feature", "properties": {}, "geometry": {"type": "LineString", "coordinates": [[77.585, 12.93685], [77.58539, 12.93667]]}}, {"type": "Feature", "properties": {}, "geometry": {"type": "LineString", "coordinates": [[77.58496, 12.93685], [77.585, 12.93685]]}}, {"type": "Feature", "properties": {}, "geometry": {"type": "LineString", "coordinates": [[77.58191, 12.93688], [77.58195, 12.93688]]}}, {"type": "Feature", "properties": {}, "geometry": {"type": "LineString", "coordinates": [[77.58195, 12.93688], [77.58285, 12.93687]]}}, {"type": "Feature", "properties": {}, "geometry": {"type": "LineString", "coordinates": [[77.58285, 12.93687], [77.58396, 12.93686]]}}, {"type": "Feature", "properties": {}, "geometry": {"type": "LineString", "coordinates": [[77.58396, 12.93686], [77.58446, 12.93685]]}}, {"type": "Feature", "properties": {}, "geometry": {"type": "LineString", "coordinates": [[77.58446, 12.93685], [77.58496, 12.93685]]}}, {"type": "Feature", "properties": {}, "geometry": {"type": "LineString", "coordinates": [[77.58539, 12.93667], [77.58582, 12.93663]]}}, {"type": "Feature", "properties": {}, "geometry": {"type": "LineString", "coordinates": [[77.58582, 12.93663], [77.58589, 12.93663]]}}, {"type": "Feature", "properties": {}, "geometry": {"type": "LineString", "coordinates": [[77.58589, 12.93663], [77.58595, 12.93659]]}}, {"type": "Feature", "properties": {}, "geometry": {"type": "LineString", "coordinates": [[77.58595, 12.93659], [77.5865, 12.93627]]}}, {"type": "Feature", "properties": {}, "geometry": {"type": "LineString", "coordinates": [[77.5865, 12.93627], [77.5865, 12.93623]]}}, {"type": "Feature", "properties": {}, "geometry": {"type": "LineString", "coordinates": [[77.5865, 12.93623], [77.58661, 12.93613]]}}, {"type": "Feature", "properties": {}, "geometry": {"type": "LineString", "coordinates": [[77.58661, 12.93613], [77.58668, 12.93602]]}}, {"type": "Feature", "properties": {}, "geometry": {"type": "LineString", "coordinates": [[77.58668, 12.93602], [77.58775, 12.9353], [77.58821, 12.93544]]}}, {"type": "Feature", "properties": {}, "geometry": {"type": "LineString", "coordinates": [[77.58876, 12.93589], [77.58876, 12.93593]]}}, {"type": "Feature", "properties": {}, "geometry": {"type": "LineString", "coordinates": [[77.58876, 12.93586], [77.58876, 12.93589]]}}, {"type": "Feature", "properties": {}, "geometry": {"type": "LineString", "coordinates": [[77.58876, 12.93579], [77.58876, 12.93586]]}}, {"type": "Feature", "properties": {}, "geometry": {"type": "LineString", "coordinates": [[77.58854, 12.93558], [77.58876, 12.93579]]}}, {"type": "Feature", "properties": {}, "geometry": {"type": "LineString", "coordinates": [[77.58821, 12.93544], [77.58854, 12.93558]]}}, {"type": "Feature", "properties": {}, "geometry": {"type": "LineString", "coordinates": [[77.59869, 12.93847], [77.59869, 12.93843]]}}, {"type": "Feature", "properties": {}, "geometry": {"type": "LineString", "coordinates": [[77.60158, 12.93745], [77.60165, 12.93745]]}}, {"type": "Feature", "properties": {}, "geometry": {"type": "LineString", "coordinates": [[77.60165, 12.93745], [77.60176, 12.93742]]}}, {"type": "Feature", "properties": {}, "geometry": {"type": "LineString", "coordinates": [[77.60176, 12.93742], [77.60237, 12.93727]]}}, {"type": "Feature", "properties": {}, "geometry": {"type": "LineString", "coordinates": [[77.58935, 12.91703], [77.58946, 12.91706]]}}, {"type": "Feature", "properties": {}, "geometry": {"type": "LineString", "coordinates": [[77.59721, 12.93806], [77.59725, 12.9381]]}}, {"type": "Feature", "properties": {}, "geometry": {"type": "LineString", "coordinates": [[77.60165, 12.93745], [77.60165, 12.93742]]}}, {"type": "Feature", "properties": {}, "geometry": {"type": "LineString", "coordinates": [[77.60165, 12.93742], [77.60165, 12.93738]]}}, {"type": "Feature", "properties": {}, "geometry": {"type": "LineString", "coordinates": [[77.60165, 12.93738], [77.60165, 12.93714]]}}, {"type": "Feature", "properties": {}, "geometry": {"type": "LineString", "coordinates": [[77.60161, 12.93714], [77.60161, 12.9371]]}}, {"type": "Feature", "properties": {}, "geometry": {"type": "LineString", "coordinates": [[77.5858, 12.90671], [77.58584, 12.9065]]}}, {"type": "Feature", "properties": {}, "geometry": {"type": "LineString", "coordinates": [[77.57601, 12.91761], [77.57777, 12.9176]]}}, {"type": "Feature", "properties": {}, "geometry": {"type": "LineString", "coordinates": [[77.57598, 12.91761], [77.57601, 12.91761]]}}, {"type": "Feature", "properties": {}, "geometry": {"type": "LineString", "coordinates": [[77.59786, 12.9491], [77.59862, 12.94991]]}}, {"type": "Feature", "properties": {}, "geometry": {"type": "LineString", "coordinates": [[77.59564, 12.94606], [77.59786, 12.9491]]}}, {"type": "Feature", "properties": {}, "geometry": {"type": "LineString", "coordinates": [[77.59564, 12.94603], [77.59564, 12.94606]]}}, {"type": "Feature", "properties": {}, "geometry": {"type": "LineString", "coordinates": [[77.59561, 12.94599], [77.59564, 12.94603]]}}, {"type": "Feature", "properties": {}, "geometry": {"type": "LineString", "coordinates": [[77.59862, 12.94991], [77.59866, 12.94994]]}}, {"type": "Feature", "properties": {}, "geometry": {"type": "LineString", "coordinates": [[77.59553, 12.94593], [77.5955, 12.94586]]}}, {"type": "Feature", "properties": {}, "geometry": {"type": "LineString", "coordinates": [[77.59553, 12.94593], [77.59561, 12.94599]]}}, {"type": "Feature", "properties": {}, "geometry": {"type": "LineString", "coordinates": [[77.5955, 12.94586], [77.59553, 12.94593]]}}, {"type": "Feature", "properties": {}, "geometry": {"type": "LineString", "coordinates": [[77.5859, 12.91583], [77.58591, 12.91685]]}}, {"type": "Feature", "properties": {}, "geometry": {"type": "LineString", "coordinates": [[77.58589, 12.91576], [77.5859, 12.91583]]}}, {"type": "Feature", "properties": {}, "geometry": {"type": "LineString", "coordinates": [[77.5859, 12.91583], [77.58589, 12.91576]]}}, {"type": "Feature", "properties": {}, "geometry": {"type": "LineString", "coordinates": [[77.59516, 12.91679], [77.59516, 12.91669]]}}, {"type": "Feature", "properties": {}, "geometry": {"type": "LineString", "coordinates": [[77.59692, 12.95151], [77.5966, 12.95176]]}}, {"type": "Feature", "properties": {}, "geometry": {"type": "LineString", "coordinates": [[77.59738, 12.95112], [77.59692, 12.95151]]}}, {"type": "Feature", "properties": {}, "geometry": {"type": "LineString", "coordinates": [[77.59784, 12.95069], [77.59738, 12.95112]]}}, {"type": "Feature", "properties": {}, "geometry": {"type": "LineString", "coordinates": [[77.59827, 12.95033], [77.59784, 12.95069]]}}, {"type": "Feature", "properties": {}, "geometry": {"type": "LineString", "coordinates": [[77.59831, 12.95033], [77.59827, 12.95033]]}}, {"type": "Feature", "properties": {}, "geometry": {"type": "LineString", "coordinates": [[77.59866, 12.94994], [77.59831, 12.95033]]}}, {"type": "Feature", "properties": {}, "geometry": {"type": "LineString", "coordinates": [[77.59656, 12.95183], [77.59653, 12.95186]]}}, {"type": "Feature", "properties": {}, "geometry": {"type": "LineString", "coordinates": [[77.5966, 12.95176], [77.59656, 12.95183]]}}, {"type": "Feature", "properties": {}, "geometry": {"type": "LineString", "coordinates": [[77.59653, 12.95186], [77.59656, 12.95183]]}}, {"type": "Feature", "properties": {}, "geometry": {"type": "LineString", "coordinates": [[77.59656, 12.95183], [77.5966, 12.95176]]}}, {"type": "Feature", "properties": {}, "geometry": {"type": "LineString", "coordinates": [[77.60066, 12.93127], [77.60069, 12.93134]]}}, {"type": "Feature", "properties": {}, "geometry": {"type": "LineString", "coordinates": [[77.60069, 12.93134], [77.60066, 12.93138]]}}, {"type": "Feature", "properties": {}, "geometry": {"type": "LineString", "coordinates": [[77.60973, 12.93491], [77.60981, 12.93487]]}}, {"type": "Feature", "properties": {}, "geometry": {"type": "LineString", "coordinates": [[77.60973, 12.93491], [77.60981, 12.93487]]}}, {"type": "Feature", "properties": {}, "geometry": {"type": "LineString", "coordinates": [[77.58806, 12.93766], [77.58803, 12.93812], [77.58961, 12.93824]]}}, {"type": "Feature", "properties": {}, "geometry": {"type": "LineString", "coordinates": [[77.59462, 12.94403], [77.59459, 12.94467], [77.5955, 12.94586]]}}, {"type": "Feature", "properties": {}, "geometry": {"type": "LineString", "coordinates": [[77.59457, 12.94315], [77.59476, 12.94365], [77.59462, 12.94403]]}}, {"type": "Feature", "properties": {}, "geometry": {"type": "LineString", "coordinates": [[77.59297, 12.94109], [77.59457, 12.94315]]}}, {"type": "Feature", "properties": {}, "geometry": {"type": "LineString", "coordinates": [[77.59297, 12.94109], [77.59283, 12.94092]]}}, {"type": "Feature", "properties": {}, "geometry": {"type": "LineString", "coordinates": [[77.59283, 12.94092], [77.59254, 12.94047], [77.59262, 12.93871], [77.59089, 12.9376]]}}, {"type": "Feature", "properties": {}, "geometry": {"type": "LineString", "coordinates": [[77.59089, 12.9376], [77.59029, 12.93848], [77.58961, 12.93824]]}}, {"type": "Feature", "properties": {}, "geometry": {"type": "LineString", "coordinates": [[77.61995, 12.91654], [77.62182, 12.91698]]}}, {"type": "Feature", "properties": {}, "geometry": {"type": "LineString", "coordinates": [[77.6075, 12.91674], [77.60761, 12.91674]]}}, {"type": "Feature", "properties": {}, "geometry": {"type": "LineString", "coordinates": [[77.60739, 12.9166], [77.6075, 12.91674]]}}, {"type": "Feature", "properties": {}, "geometry": {"type": "LineString", "coordinates": [[77.60761, 12.91674], [77.61019, 12.91668]]}}, {"type": "Feature", "properties": {}, "geometry": {"type": "LineString", "coordinates": [[77.61019, 12.91668], [77.61521, 12.91652]]}}, {"type": "Feature", "properties": {}, "geometry": {"type": "LineString", "coordinates": [[77.61959, 12.91644], [77.61995, 12.91654]]}}, {"type": "Feature", "properties": {}, "geometry": {"type": "LineString", "coordinates": [[77.61521, 12.91652], [77.61858, 12.91638]]}}, {"type": "Feature", "properties": {}, "geometry": {"type": "LineString", "coordinates": [[77.61858, 12.91638], [77.61959, 12.91644]]}}, {"type": "Feature", "properties": {}, "geometry": {"type": "LineString", "coordinates": [[77.60735, 12.91625], [77.60735, 12.91628]]}}, {"type": "Feature", "properties": {}, "geometry": {"type": "LineString", "coordinates": [[77.61596, 12.91215], [77.61592, 12.91187]]}}, {"type": "Feature", "properties": {}, "geometry": {"type": "LineString", "coordinates": [[77.607, 12.91643], [77.60703, 12.9165]]}}, {"type": "Feature", "properties": {}, "geometry": {"type": "LineString", "coordinates": [[77.6028, 12.91665], [77.60703, 12.91657]]}}, {"type": "Feature", "properties": {}, "geometry": {"type": "LineString", "coordinates": [[77.60703, 12.91657], [77.60707, 12.91657]]}}, {"type": "Feature", "properties": {}, "geometry": {"type": "LineString", "coordinates": [[77.60707, 12.91657], [77.60714, 12.91657]]}}, {"type": "Feature", "properties": {}, "geometry": {"type": "LineString", "coordinates": [[77.60714, 12.91657], [77.60728, 12.91657]]}}, {"type": "Feature", "properties": {}, "geometry": {"type": "LineString", "coordinates": [[77.60728, 12.91657], [77.60732, 12.91656]]}}, {"type": "Feature", "properties": {}, "geometry": {"type": "LineString", "coordinates": [[77.60732, 12.91656], [77.60736, 12.91656]]}}, {"type": "Feature", "properties": {}, "geometry": {"type": "LineString", "coordinates": [[77.60743, 12.91656], [77.60746, 12.91656]]}}, {"type": "Feature", "properties": {}, "geometry": {"type": "LineString", "coordinates": [[77.60736, 12.91656], [77.60743, 12.91656]]}}, {"type": "Feature", "properties": {}, "geometry": {"type": "LineString", "coordinates": [[77.60703, 12.9165], [77.60703, 12.91656]]}}, {"type": "Feature", "properties": {}, "geometry": {"type": "LineString", "coordinates": [[77.60703, 12.91656], [77.60703, 12.91657]]}}, {"type": "Feature", "properties": {}, "geometry": {"type": "LineString", "coordinates": [[77.60703, 12.91643], [77.60703, 12.9165]]}}, {"type": "Feature", "properties": {}, "geometry": {"type": "LineString", "coordinates": [[77.61995, 12.91637], [77.62246, 12.91715], [77.62275, 12.91683]]}}, {"type": "Feature", "properties": {}, "geometry": {"type": "LineString", "coordinates": [[77.60746, 12.91656], [77.60754, 12.91656]]}}, {"type": "Feature", "properties": {}, "geometry": {"type": "LineString", "coordinates": [[77.60754, 12.91656], [77.60761, 12.91656]]}}, {"type": "Feature", "properties": {}, "geometry": {"type": "LineString", "coordinates": [[77.60761, 12.91656], [77.61019, 12.9165]]}}, {"type": "Feature", "properties": {}, "geometry": {"type": "LineString", "coordinates": [[77.60743, 12.91639], [77.60746, 12.91656]]}}, {"type": "Feature", "properties": {}, "geometry": {"type": "LineString", "coordinates": [[77.61019, 12.9165], [77.61521, 12.91638]]}}, {"type": "Feature", "properties": {}, "geometry": {"type": "LineString", "coordinates": [[77.61862, 12.91628], [77.61995, 12.91637]]}}, {"type": "Feature", "properties": {}, "geometry": {"type": "LineString", "coordinates": [[77.61521, 12.91638], [77.61862, 12.91628]]}}, {"type": "Feature", "properties": {}, "geometry": {"type": "LineString", "coordinates": [[77.60746, 12.91632], [77.60743, 12.91639]]}}, {"type": "Feature", "properties": {}, "geometry": {"type": "LineString", "coordinates": [[77.60746, 12.91628], [77.60746, 12.91632]]}}, {"type": "Feature", "properties": {}, "geometry": {"type": "LineString", "coordinates": [[77.60742, 12.91628], [77.60746, 12.91628]]}}, {"type": "Feature", "properties": {}, "geometry": {"type": "LineString", "coordinates": [[77.60735, 12.91625], [77.60742, 12.91628]]}}, {"type": "Feature", "properties": {}, "geometry": {"type": "LineString", "coordinates": [[77.60047, 12.92761], [77.60043, 12.92677]]}}, {"type": "Feature", "properties": {}, "geometry": {"type": "LineString", "coordinates": [[77.60043, 12.92677], [77.60034, 12.92476]]}}, {"type": "Feature", "properties": {}, "geometry": {"type": "LineString", "coordinates": [[77.62289, 12.91687], [77.62293, 12.9169]]}}, {"type": "Feature", "properties": {}, "geometry": {"type": "LineString", "coordinates": [[77.6464, 12.92451], [77.64909, 12.92473], [77.65006, 12.92458]]}}, {"type": "Feature", "properties": {}, "geometry": {"type": "LineString", "coordinates": [[77.65009, 12.92458], [77.65042, 12.92447]]}}, {"type": "Feature", "properties": {}, "geometry": {"type": "LineString", "coordinates": [[77.65042, 12.92447], [77.65063, 12.92443]]}}, {"type": "Feature", "properties": {}, "geometry": {"type": "LineString", "coordinates": [[77.63986, 12.92387], [77.6414, 12.92338]]}}, {"type": "Feature", "properties": {}, "geometry": {"type": "LineString", "coordinates": [[77.6414, 12.92338], [77.64144, 12.92337], [77.64246, 12.92368]]}}, {"type": "Feature", "properties": {}, "geometry": {"type": "LineString", "coordinates": [[77.64246, 12.92368], [77.64467, 12.92434]]}}, {"type": "Feature", "properties": {}, "geometry": {"type": "LineString", "coordinates": [[77.64467, 12.92434], [77.64493, 12.92442], [77.64582, 12.92447]]}}, {"type": "Feature", "properties": {}, "geometry": {"type": "LineString", "coordinates": [[77.64582, 12.92447], [77.6464, 12.92451]]}}, {"type": "Feature", "properties": {}, "geometry": {"type": "LineString", "coordinates": [[77.62289, 12.9169], [77.62293, 12.9169]]}}, {"type": "Feature", "properties": {}, "geometry": {"type": "LineString", "coordinates": [[77.64902, 12.92438], [77.65015, 12.92443]]}}, {"type": "Feature", "properties": {}, "geometry": {"type": "LineString", "coordinates": [[77.65015, 12.92443], [77.65034, 12.92444]]}}, {"type": "Feature", "properties": {}, "geometry": {"type": "LineString", "coordinates": [[77.63648, 12.91606], [77.6353, 12.91614]]}}, {"type": "Feature", "properties": {}, "geometry": {"type": "LineString", "coordinates": [[77.63684, 12.91595], [77.63648, 12.91606]]}}, {"type": "Feature", "properties": {}, "geometry": {"type": "LineString", "coordinates": [[77.66494, 12.9207], [77.66498, 12.9208]]}}, {"type": "Feature", "properties": {}, "geometry": {"type": "LineString", "coordinates": [[77.63687, 12.91595], [77.63691, 12.91595]]}}, {"type": "Feature", "properties": {}, "geometry": {"type": "LineString", "coordinates": [[77.63691, 12.91595], [77.63816, 12.91587]]}}, {"type": "Feature", "properties": {}, "geometry": {"type": "LineString", "coordinates": [[77.59986, 12.91653], [77.59986, 12.91664]]}}, {"type": "Feature", "properties": {}, "geometry": {"type": "LineString", "coordinates": [[77.59989, 12.9159], [77.59986, 12.91653]]}}, {"type": "Feature", "properties": {}, "geometry": {"type": "LineString", "coordinates": [[77.59976, 12.91397], [77.59994, 12.91435], [77.59989, 12.9159]]}}, {"type": "Feature", "properties": {}, "geometry": {"type": "LineString", "coordinates": [[77.59975, 12.91337], [77.59976, 12.91397]]}}, {"type": "Feature", "properties": {}, "geometry": {"type": "LineString", "coordinates": [[77.59978, 12.9128], [77.59975, 12.91337]]}}, {"type": "Feature", "properties": {}, "geometry": {"type": "LineString", "coordinates": [[77.59991, 12.91073], [77.59978, 12.9128]]}}, {"type": "Feature", "properties": {}, "geometry": {"type": "LineString", "coordinates": [[77.60034, 12.90741], [77.59991, 12.91073]]}}, {"type": "Feature", "properties": {}, "geometry": {"type": "LineString", "coordinates": [[77.60034, 12.90738], [77.60034, 12.90741]]}}, {"type": "Feature", "properties": {}, "geometry": {"type": "LineString", "coordinates": [[77.60041, 12.90731], [77.60034, 12.90738]]}}, {"type": "Feature", "properties": {}, "geometry": {"type": "LineString", "coordinates": [[77.5999, 12.91671], [77.60011, 12.91671]]}}, {"type": "Feature", "properties": {}, "geometry": {"type": "LineString", "coordinates": [[77.60011, 12.91671], [77.60054, 12.9167]]}}, {"type": "Feature", "properties": {}, "geometry": {"type": "LineString", "coordinates": [[77.60054, 12.9167], [77.60276, 12.91665]]}}, {"type": "Feature", "properties": {}, "geometry": {"type": "LineString", "coordinates": [[77.60276, 12.91665], [77.6028, 12.91665]]}}, {"type": "Feature", "properties": {}, "geometry": {"type": "LineString", "coordinates": [[77.60276, 12.91665], [77.6028, 12.91665]]}}, {"type": "Feature", "properties": {}, "geometry": {"type": "LineString", "coordinates": [[77.62344, 12.91764], [77.62373, 12.9177], [77.62378, 12.91754]]}}, {"type": "Feature", "properties": {}, "geometry": {"type": "LineString", "coordinates": [[77.62378, 12.91754], [77.62383, 12.91735]]}}, {"type": "Feature", "properties": {}, "geometry": {"type": "LineString", "coordinates": [[77.69045, 12.9349], [77.69031, 12.93529]]}}, {"type": "Feature", "properties": {}, "geometry": {"type": "LineString", "coordinates": [[77.69045, 12.9349], [77.69031, 12.93529]]}}, {"type": "Feature", "properties": {}, "geometry": {"type": "LineString", "coordinates": [[77.69045, 12.9349], [77.69031, 12.93529]]}}, {"type": "Feature", "properties": {}, "geometry": {"type": "LineString", "coordinates": [[77.69045, 12.9349], [77.69031, 12.93529]]}}, {"type": "Feature", "properties": {}, "geometry": {"type": "LineString", "coordinates": [[77.68264, 12.92882], [77.68491, 12.92985], [77.68665, 12.93128]]}}, {"type": "Feature", "properties": {}, "geometry": {"type": "LineString", "coordinates": [[77.68264, 12.92882], [77.68491, 12.92985], [77.68665, 12.93128]]}}, {"type": "Feature", "properties": {}, "geometry": {"type": "LineString", "coordinates": [[77.61496, 12.92993], [77.62085, 12.92776]]}}, {"type": "Feature", "properties": {}, "geometry": {"type": "LineString", "coordinates": [[77.62085, 12.92776], [77.62107, 12.92765]]}}, {"type": "Feature", "properties": {}, "geometry": {"type": "LineString", "coordinates": [[77.62107, 12.92765], [77.62121, 12.92758]]}}, {"type": "Feature", "properties": {}, "geometry": {"type": "LineString", "coordinates": [[77.62121, 12.92758], [77.62125, 12.92758]]}}, {"type": "Feature", "properties": {}, "geometry": {"type": "LineString", "coordinates": [[77.62125, 12.92758], [77.62128, 12.92754]]}}, {"type": "Feature", "properties": {}, "geometry": {"type": "LineString", "coordinates": [[77.62128, 12.92754], [77.62135, 12.92754]]}}, {"type": "Feature", "properties": {}, "geometry": {"type": "LineString", "coordinates": [[77.61496, 12.92993], [77.62085, 12.92776]]}}, {"type": "Feature", "properties": {}, "geometry": {"type": "LineString", "coordinates": [[77.62085, 12.92776], [77.62107, 12.92765]]}}, {"type": "Feature", "properties": {}, "geometry": {"type": "LineString", "coordinates": [[77.62107, 12.92765], [77.62121, 12.92758]]}}, {"type": "Feature", "properties": {}, "geometry": {"type": "LineString", "coordinates": [[77.62121, 12.92758], [77.62125, 12.92758]]}}, {"type": "Feature", "properties": {}, "geometry": {"type": "LineString", "coordinates": [[77.62125, 12.92758], [77.62128, 12.92754]]}}, {"type": "Feature", "properties": {}, "geometry": {"type": "LineString", "coordinates": [[77.62128, 12.92754], [77.62135, 12.92754]]}}, {"type": "Feature", "properties": {}, "geometry": {"type": "LineString", "coordinates": [[77.6256, 12.92571], [77.62564, 12.92571]]}}, {"type": "Feature", "properties": {}, "geometry": {"type": "LineString", "coordinates": [[77.6256, 12.92571], [77.62564, 12.92571]]}}, {"type": "Feature", "properties": {}, "geometry": {"type": "LineString", "coordinates": [[77.62542, 12.92578], [77.62546, 12.92578]]}}, {"type": "Feature", "properties": {}, "geometry": {"type": "LineString", "coordinates": [[77.62542, 12.92578], [77.62546, 12.92578]]}}, {"type": "Feature", "properties": {}, "geometry": {"type": "LineString", "coordinates": [[77.63629, 12.92542], [77.63636, 12.92539]]}}, {"type": "Feature", "properties": {}, "geometry": {"type": "LineString", "coordinates": [[77.63629, 12.92542], [77.63636, 12.92539]]}}, {"type": "Feature", "properties": {}, "geometry": {"type": "LineString", "coordinates": [[77.60796, 12.9433], [77.60792, 12.94334]]}}, {"type": "Feature", "properties": {}, "geometry": {"type": "LineString", "coordinates": [[77.60796, 12.9433], [77.60792, 12.94334]]}}, {"type": "Feature", "properties": {}, "geometry": {"type": "LineString", "coordinates": [[77.60737, 12.94521], [77.60737, 12.94524]]}}, {"type": "Feature", "properties": {}, "geometry": {"type": "LineString", "coordinates": [[77.60737, 12.94521], [77.60737, 12.94524]]}}, {"type": "Feature", "properties": {}, "geometry": {"type": "LineString", "coordinates": [[77.61158, 12.93609], [77.61154, 12.93612]]}}, {"type": "Feature", "properties": {}, "geometry": {"type": "LineString", "coordinates": [[77.61158, 12.93609], [77.61154, 12.93612]]}}, {"type": "Feature", "properties": {}, "geometry": {"type": "LineString", "coordinates": [[77.61263, 12.93418], [77.6126, 12.93418]]}}, {"type": "Feature", "properties": {}, "geometry": {"type": "LineString", "coordinates": [[77.61263, 12.93418], [77.6126, 12.93418]]}}, {"type": "Feature", "properties": {}, "geometry": {"type": "LineString", "coordinates": [[77.58049, 12.91711], [77.58139, 12.91707]]}}, {"type": "Feature", "properties": {}, "geometry": {"type": "LineString", "coordinates": [[77.58304, 12.91705], [77.58361, 12.91705]]}}, {"type": "Feature", "properties": {}, "geometry": {"type": "LineString", "coordinates": [[77.58361, 12.91705], [77.5858, 12.91699]]}}, {"type": "Feature", "properties": {}, "geometry": {"type": "LineString", "coordinates": [[77.5858, 12.91699], [77.58591, 12.91699]]}}, {"type": "Feature", "properties": {}, "geometry": {"type": "LineString", "coordinates": [[77.58634, 12.91698], [77.5868, 12.91698]]}}, {"type": "Feature", "properties": {}, "geometry": {"type": "LineString", "coordinates": [[77.5868, 12.91698], [77.59132, 12.91686]]}}, {"type": "Feature", "properties": {}, "geometry": {"type": "LineString", "coordinates": [[77.59552, 12.91679], [77.59695, 12.91674]]}}, {"type": "Feature", "properties": {}, "geometry": {"type": "LineString", "coordinates": [[77.59695, 12.91674], [77.59735, 12.91673]]}}, {"type": "Feature", "properties": {}, "geometry": {"type": "LineString", "coordinates": [[77.59735, 12.91673], [77.59771, 12.91673]]}}, {"type": "Feature", "properties": {}, "geometry": {"type": "LineString", "coordinates": [[77.59771, 12.91673], [77.59807, 12.91673]]}}, {"type": "Feature", "properties": {}, "geometry": {"type": "LineString", "coordinates": [[77.59807, 12.91673], [77.5985, 12.91672]]}}, {"type": "Feature", "properties": {}, "geometry": {"type": "LineString", "coordinates": [[77.59871, 12.91672], [77.59914, 12.91672]]}}, {"type": "Feature", "properties": {}, "geometry": {"type": "LineString", "coordinates": [[77.5985, 12.91672], [77.59871, 12.91672]]}}, {"type": "Feature", "properties": {}, "geometry": {"type": "LineString", "coordinates": [[77.58049, 12.91711], [77.58139, 12.91707]]}}, {"type": "Feature", "properties": {}, "geometry": {"type": "LineString", "coordinates": [[77.58304, 12.91705], [77.58361, 12.91705]]}}, {"type": "Feature", "properties": {}, "geometry": {"type": "LineString", "coordinates": [[77.58361, 12.91705], [77.5858, 12.91699]]}}, {"type": "Feature", "properties": {}, "geometry": {"type": "LineString", "coordinates": [[77.5858, 12.91699], [77.58591, 12.91699]]}}, {"type": "Feature", "properties": {}, "geometry": {"type": "LineString", "coordinates": [[77.58634, 12.91698], [77.5868, 12.91698]]}}, {"type": "Feature", "properties": {}, "geometry": {"type": "LineString", "coordinates": [[77.5868, 12.91698], [77.59132, 12.91686]]}}, {"type": "Feature", "properties": {}, "geometry": {"type": "LineString", "coordinates": [[77.59552, 12.91679], [77.59695, 12.91674]]}}, {"type": "Feature", "properties": {}, "geometry": {"type": "LineString", "coordinates": [[77.59695, 12.91674], [77.59735, 12.91673]]}}, {"type": "Feature", "properties": {}, "geometry": {"type": "LineString", "coordinates": [[77.59735, 12.91673], [77.59771, 12.91673]]}}, {"type": "Feature", "properties": {}, "geometry": {"type": "LineString", "coordinates": [[77.59771, 12.91673], [77.59807, 12.91673]]}}, {"type": "Feature", "properties": {}, "geometry": {"type": "LineString", "coordinates": [[77.59807, 12.91673], [77.5985, 12.91672]]}}, {"type": "Feature", "properties": {}, "geometry": {"type": "LineString", "coordinates": [[77.59871, 12.91672], [77.59914, 12.91672]]}}, {"type": "Feature", "properties": {}, "geometry": {"type": "LineString", "coordinates": [[77.5985, 12.91672], [77.59871, 12.91672]]}}, {"type": "Feature", "properties": {}, "geometry": {"type": "LineString", "coordinates": [[77.59994, 12.91727], [77.59998, 12.91836]]}}, {"type": "Feature", "properties": {}, "geometry": {"type": "LineString", "coordinates": [[77.5999, 12.91692], [77.59993, 12.91692]]}}, {"type": "Feature", "properties": {}, "geometry": {"type": "LineString", "coordinates": [[77.59994, 12.91727], [77.59998, 12.91836]]}}, {"type": "Feature", "properties": {}, "geometry": {"type": "LineString", "coordinates": [[77.5999, 12.91692], [77.59993, 12.91692]]}}, {"type": "Feature", "properties": {}, "geometry": {"type": "LineString", "coordinates": [[77.61365, 12.93177], [77.61368, 12.93177]]}}, {"type": "Feature", "properties": {}, "geometry": {"type": "LineString", "coordinates": [[77.61365, 12.93177], [77.61368, 12.93177]]}}, {"type": "Feature", "properties": {}, "geometry": {"type": "LineString", "coordinates": [[77.58591, 12.91699], [77.58634, 12.91698]]}}, {"type": "Feature", "properties": {}, "geometry": {"type": "LineString", "coordinates": [[77.58591, 12.91699], [77.58634, 12.91698]]}}, {"type": "Feature", "properties": {}, "geometry": {"type": "LineString", "coordinates": [[77.60237, 12.93727], [77.60341, 12.93705]]}}, {"type": "Feature", "properties": {}, "geometry": {"type": "LineString", "coordinates": [[77.60341, 12.93705], [77.60351, 12.93705]]}}, {"type": "Feature", "properties": {}, "geometry": {"type": "LineString", "coordinates": [[77.60237, 12.93727], [77.60341, 12.93705]]}}, {"type": "Feature", "properties": {}, "geometry": {"type": "LineString", "coordinates": [[77.60341, 12.93705], [77.60351, 12.93705]]}}, {"type": "Feature", "properties": {}, "geometry": {"type": "LineString", "coordinates": [[77.60774, 12.93616], [77.60777, 12.93616]]}}, {"type": "Feature", "properties": {}, "geometry": {"type": "LineString", "coordinates": [[77.60774, 12.93616], [77.60777, 12.93616]]}}, {"type": "Feature", "properties": {}, "geometry": {"type": "LineString", "coordinates": [[77.59516, 12.91683], [77.59516, 12.91686]]}}, {"type": "Feature", "properties": {}, "geometry": {"type": "LineString", "coordinates": [[77.59516, 12.91683], [77.59516, 12.91686]]}}, {"type": "Feature", "properties": {}, "geometry": {"type": "LineString", "coordinates": [[77.58971, 12.91706], [77.59086, 12.91701]]}}, {"type": "Feature", "properties": {}, "geometry": {"type": "LineString", "coordinates": [[77.59545, 12.917], [77.59556, 12.91696]]}}, {"type": "Feature", "properties": {}, "geometry": {"type": "LineString", "coordinates": [[77.59541, 12.917], [77.59545, 12.917]]}}, {"type": "Feature", "properties": {}, "geometry": {"type": "LineString", "coordinates": [[77.59531, 12.91693], [77.59541, 12.917]]}}, {"type": "Feature", "properties": {}, "geometry": {"type": "LineString", "coordinates": [[77.59556, 12.91696], [77.59588, 12.91696]]}}, {"type": "Feature", "properties": {}, "geometry": {"type": "LineString", "coordinates": [[77.59086, 12.91701], [77.59272, 12.91696]]}}, {"type": "Feature", "properties": {}, "geometry": {"type": "LineString", "coordinates": [[77.59588, 12.91696], [77.59617, 12.91696]]}}, {"type": "Feature", "properties": {}, "geometry": {"type": "LineString", "coordinates": [[77.59617, 12.91696], [77.59649, 12.91695]]}}, {"type": "Feature", "properties": {}, "geometry": {"type": "LineString", "coordinates": [[77.59649, 12.91695], [77.59688, 12.91695]]}}, {"type": "Feature", "properties": {}, "geometry": {"type": "LineString", "coordinates": [[77.59688, 12.91695], [77.59728, 12.91695]]}}, {"type": "Feature", "properties": {}, "geometry": {"type": "LineString", "coordinates": [[77.59272, 12.91696], [77.59427, 12.91694]]}}, {"type": "Feature", "properties": {}, "geometry": {"type": "LineString", "coordinates": [[77.59427, 12.91694], [77.59516, 12.91693]]}}, {"type": "Feature", "properties": {}, "geometry": {"type": "LineString", "coordinates": [[77.59523, 12.91693], [77.59531, 12.91693]]}}, {"type": "Feature", "properties": {}, "geometry": {"type": "LineString", "coordinates": [[77.59516, 12.91693], [77.59523, 12.91693]]}}, {"type": "Feature", "properties": {}, "geometry": {"type": "LineString", "coordinates": [[77.58971, 12.91706], [77.59086, 12.91701]]}}, {"type": "Feature", "properties": {}, "geometry": {"type": "LineString", "coordinates": [[77.59545, 12.917], [77.59556, 12.91696]]}}, {"type": "Feature", "properties": {}, "geometry": {"type": "LineString", "coordinates": [[77.59541, 12.917], [77.59545, 12.917]]}}, {"type": "Feature", "properties": {}, "geometry": {"type": "LineString", "coordinates": [[77.59531, 12.91693], [77.59541, 12.917]]}}, {"type": "Feature", "properties": {}, "geometry": {"type": "LineString", "coordinates": [[77.59556, 12.91696], [77.59588, 12.91696]]}}, {"type": "Feature", "properties": {}, "geometry": {"type": "LineString", "coordinates": [[77.59086, 12.91701], [77.59272, 12.91696]]}}, {"type": "Feature", "properties": {}, "geometry": {"type": "LineString", "coordinates": [[77.59588, 12.91696], [77.59617, 12.91696]]}}, {"type": "Feature", "properties": {}, "geometry": {"type": "LineString", "coordinates": [[77.59617, 12.91696], [77.59649, 12.91695]]}}, {"type": "Feature", "properties": {}, "geometry": {"type": "LineString", "coordinates": [[77.59649, 12.91695], [77.59688, 12.91695]]}}, {"type": "Feature", "properties": {}, "geometry": {"type": "LineString", "coordinates": [[77.59688, 12.91695], [77.59728, 12.91695]]}}, {"type": "Feature", "properties": {}, "geometry": {"type": "LineString", "coordinates": [[77.59272, 12.91696], [77.59427, 12.91694]]}}, {"type": "Feature", "properties": {}, "geometry": {"type": "LineString", "coordinates": [[77.59427, 12.91694], [77.59516, 12.91693]]}}, {"type": "Feature", "properties": {}, "geometry": {"type": "LineString", "coordinates": [[77.59523, 12.91693], [77.59531, 12.91693]]}}, {"type": "Feature", "properties": {}, "geometry": {"type": "LineString", "coordinates": [[77.59516, 12.91693], [77.59523, 12.91693]]}}, {"type": "Feature", "properties": {}, "geometry": {"type": "LineString", "coordinates": [[77.5858, 12.91717], [77.58638, 12.91713]]}}, {"type": "Feature", "properties": {}, "geometry": {"type": "LineString", "coordinates": [[77.58638, 12.91713], [77.58924, 12.91706]]}}, {"type": "Feature", "properties": {}, "geometry": {"type": "LineString", "coordinates": [[77.58924, 12.91706], [77.58946, 12.91706]]}}, {"type": "Feature", "properties": {}, "geometry": {"type": "LineString", "coordinates": [[77.5858, 12.91717], [77.58638, 12.91713]]}}, {"type": "Feature", "properties": {}, "geometry": {"type": "LineString", "coordinates": [[77.58638, 12.91713], [77.58924, 12.91706]]}}, {"type": "Feature", "properties": {}, "geometry": {"type": "LineString", "coordinates": [[77.58924, 12.91706], [77.58946, 12.91706]]}}, {"type": "Feature", "properties": {}, "geometry": {"type": "LineString", "coordinates": [[77.58946, 12.91706], [77.5896, 12.91706]]}}, {"type": "Feature", "properties": {}, "geometry": {"type": "LineString", "coordinates": [[77.5896, 12.91706], [77.58967, 12.91706]]}}, {"type": "Feature", "properties": {}, "geometry": {"type": "LineString", "coordinates": [[77.58946, 12.91706], [77.5896, 12.91706]]}}, {"type": "Feature", "properties": {}, "geometry": {"type": "LineString", "coordinates": [[77.5896, 12.91706], [77.58967, 12.91706]]}}, {"type": "Feature", "properties": {}, "geometry": {"type": "LineString", "coordinates": [[77.57324, 12.91307], [77.5732, 12.91293]]}}, {"type": "Feature", "properties": {}, "geometry": {"type": "LineString", "coordinates": [[77.57324, 12.91307], [77.5732, 12.91293]]}}, {"type": "Feature", "properties": {}, "geometry": {"type": "LineString", "coordinates": [[77.59515, 12.91612], [77.59515, 12.91616]]}}, {"type": "Feature", "properties": {}, "geometry": {"type": "LineString", "coordinates": [[77.59515, 12.91612], [77.59515, 12.91616]]}}, {"type": "Feature", "properties": {}, "geometry": {"type": "LineString", "coordinates": [[77.60048, 12.92839], [77.60048, 12.92832]]}}, {"type": "Feature", "properties": {}, "geometry": {"type": "LineString", "coordinates": [[77.60048, 12.92832], [77.60048, 12.9283]]}}, {"type": "Feature", "properties": {}, "geometry": {"type": "LineString", "coordinates": [[77.60048, 12.9283], [77.60047, 12.92761]]}}, {"type": "Feature", "properties": {}, "geometry": {"type": "LineString", "coordinates": [[77.60034, 12.92476], [77.60025, 12.92286]]}}, {"type": "Feature", "properties": {}, "geometry": {"type": "LineString", "coordinates": [[77.60048, 12.92839], [77.60048, 12.92832]]}}, {"type": "Feature", "properties": {}, "geometry": {"type": "LineString", "coordinates": [[77.60048, 12.92832], [77.60048, 12.9283]]}}, {"type": "Feature", "properties": {}, "geometry": {"type": "LineString", "coordinates": [[77.60048, 12.9283], [77.60047, 12.92761]]}}, {"type": "Feature", "properties": {}, "geometry": {"type": "LineString", "coordinates": [[77.60034, 12.92476], [77.60025, 12.92286]]}}, {"type": "Feature", "properties": {}, "geometry": {"type": "LineString", "coordinates": [[77.58962, 12.93581], [77.58965, 12.93571]]}}, {"type": "Feature", "properties": {}, "geometry": {"type": "LineString", "coordinates": [[77.58962, 12.93581], [77.58965, 12.93571]]}}, {"type": "Feature", "properties": {}, "geometry": {"type": "LineString", "coordinates": [[77.59198, 12.93547], [77.59202, 12.93547]]}}, {"type": "Feature", "properties": {}, "geometry": {"type": "LineString", "coordinates": [[77.59198, 12.93547], [77.59202, 12.93547]]}}, {"type": "Feature", "properties": {}, "geometry": {"type": "LineString", "coordinates": [[77.58591, 12.91685], [77.58591, 12.91699]]}}, {"type": "Feature", "properties": {}, "geometry": {"type": "LineString", "coordinates": [[77.58591, 12.91685], [77.58591, 12.91699]]}}, {"type": "Feature", "properties": {}, "geometry": {"type": "LineString", "coordinates": [[77.60052, 12.92849], [77.60048, 12.92839]]}}, {"type": "Feature", "properties": {}, "geometry": {"type": "LineString", "coordinates": [[77.60052, 12.92849], [77.60048, 12.92839]]}}, {"type": "Feature", "properties": {}, "geometry": {"type": "LineString", "coordinates": [[77.60165, 12.93714], [77.60161, 12.93714]]}}, {"type": "Feature", "properties": {}, "geometry": {"type": "LineString", "coordinates": [[77.60165, 12.93714], [77.60161, 12.93714]]}}, {"type": "Feature", "properties": {}, "geometry": {"type": "LineString", "coordinates": [[77.59929, 12.91689], [77.5999, 12.91692]]}}, {"type": "Feature", "properties": {}, "geometry": {"type": "LineString", "coordinates": [[77.59929, 12.91689], [77.5999, 12.91692]]}}, {"type": "Feature", "properties": {}, "geometry": {"type": "LineString", "coordinates": [[77.60981, 12.93487], [77.61372, 12.93191]]}}, {"type": "Feature", "properties": {}, "geometry": {"type": "LineString", "coordinates": [[77.60981, 12.93487], [77.61372, 12.93191]]}}, {"type": "Feature", "properties": {}, "geometry": {"type": "LineString", "coordinates": [[77.59993, 12.91692], [77.59994, 12.91727]]}}, {"type": "Feature", "properties": {}, "geometry": {"type": "LineString", "coordinates": [[77.59993, 12.91692], [77.59994, 12.91727]]}}, {"type": "Feature", "properties": {}, "geometry": {"type": "LineString", "coordinates": [[77.61098, 12.93377], [77.61265, 12.93256]]}}, {"type": "Feature", "properties": {}, "geometry": {"type": "LineString", "coordinates": [[77.61265, 12.93256], [77.61301, 12.93227]]}}, {"type": "Feature", "properties": {}, "geometry": {"type": "LineString", "coordinates": [[77.61301, 12.93227], [77.61329, 12.93206]]}}, {"type": "Feature", "properties": {}, "geometry": {"type": "LineString", "coordinates": [[77.61329, 12.93206], [77.61365, 12.93181]]}}, {"type": "Feature", "properties": {}, "geometry": {"type": "LineString", "coordinates": [[77.61365, 12.93181], [77.61365, 12.93177]]}}, {"type": "Feature", "properties": {}, "geometry": {"type": "LineString", "coordinates": [[77.61368, 12.93177], [77.61375, 12.93167]]}}, {"type": "Feature", "properties": {}, "geometry": {"type": "LineString", "coordinates": [[77.61375, 12.93167], [77.61379, 12.93167]]}}, {"type": "Feature", "properties": {}, "geometry": {"type": "LineString", "coordinates": [[77.61379, 12.93167], [77.6139, 12.93153]]}}, {"type": "Feature", "properties": {}, "geometry": {"type": "LineString", "coordinates": [[77.6139, 12.93153], [77.61393, 12.93152]]}}, {"type": "Feature", "properties": {}, "geometry": {"type": "LineString", "coordinates": [[77.61098, 12.93377], [77.61265, 12.93256]]}}, {"type": "Feature", "properties": {}, "geometry": {"type": "LineString", "coordinates": [[77.61265, 12.93256], [77.61301, 12.93227]]}}, {"type": "Feature", "properties": {}, "geometry": {"type": "LineString", "coordinates": [[77.61301, 12.93227], [77.61329, 12.93206]]}}, {"type": "Feature", "properties": {}, "geometry": {"type": "LineString", "coordinates": [[77.61329, 12.93206], [77.61365, 12.93181]]}}, {"type": "Feature", "properties": {}, "geometry": {"type": "LineString", "coordinates": [[77.61365, 12.93181], [77.61365, 12.93177]]}}, {"type": "Feature", "properties": {}, "geometry": {"type": "LineString", "coordinates": [[77.61368, 12.93177], [77.61375, 12.93167]]}}, {"type": "Feature", "properties": {}, "geometry": {"type": "LineString", "coordinates": [[77.61375, 12.93167], [77.61379, 12.93167]]}}, {"type": "Feature", "properties": {}, "geometry": {"type": "LineString", "coordinates": [[77.61379, 12.93167], [77.6139, 12.93153]]}}, {"type": "Feature", "properties": {}, "geometry": {"type": "LineString", "coordinates": [[77.6139, 12.93153], [77.61393, 12.93152]]}}, {"type": "Feature", "properties": {}, "geometry": {"type": "LineString", "coordinates": [[77.62182, 12.91698], [77.62247, 12.91719], [77.62275, 12.91687]]}}, {"type": "Feature", "properties": {}, "geometry": {"type": "LineString", "coordinates": [[77.60743, 12.91656], [77.60739, 12.9166]]}}, {"type": "Feature", "properties": {}, "geometry": {"type": "LineString", "coordinates": [[77.60739, 12.91656], [77.60743, 12.91656]]}}, {"type": "Feature", "properties": {}, "geometry": {"type": "LineString", "coordinates": [[77.60743, 12.91639], [77.60739, 12.91656]]}}, {"type": "Feature", "properties": {}, "geometry": {"type": "LineString", "coordinates": [[77.60742, 12.91628], [77.60743, 12.91639]]}}, {"type": "Feature", "properties": {}, "geometry": {"type": "LineString", "coordinates": [[77.60735, 12.91628], [77.60742, 12.91628]]}}, {"type": "Feature", "properties": {}, "geometry": {"type": "LineString", "coordinates": [[77.62182, 12.91698], [77.62247, 12.91719], [77.62275, 12.91687]]}}, {"type": "Feature", "properties": {}, "geometry": {"type": "LineString", "coordinates": [[77.60743, 12.91656], [77.60739, 12.9166]]}}, {"type": "Feature", "properties": {}, "geometry": {"type": "LineString", "coordinates": [[77.60739, 12.91656], [77.60743, 12.91656]]}}, {"type": "Feature", "properties": {}, "geometry": {"type": "LineString", "coordinates": [[77.60743, 12.91639], [77.60739, 12.91656]]}}, {"type": "Feature", "properties": {}, "geometry": {"type": "LineString", "coordinates": [[77.60742, 12.91628], [77.60743, 12.91639]]}}, {"type": "Feature", "properties": {}, "geometry": {"type": "LineString", "coordinates": [[77.60735, 12.91628], [77.60742, 12.91628]]}}, {"type": "Feature", "properties": {}, "geometry": {"type": "LineString", "coordinates": [[77.65006, 12.92458], [77.65009, 12.92458]]}}, {"type": "Feature", "properties": {}, "geometry": {"type": "LineString", "coordinates": [[77.65006, 12.92458], [77.65009, 12.92458]]}}, {"type": "Feature", "properties": {}, "geometry": {"type": "LineString", "coordinates": [[77.59728, 12.91695], [77.59735, 12.91695]]}}, {"type": "Feature", "properties": {}, "geometry": {"type": "LineString", "coordinates": [[77.59735, 12.91695], [77.59771, 12.91694]]}}, {"type": "Feature", "properties": {}, "geometry": {"type": "LineString", "coordinates": [[77.59771, 12.91694], [77.59792, 12.91694]]}}, {"type": "Feature", "properties": {}, "geometry": {"type": "LineString", "coordinates": [[77.59792, 12.91694], [77.59807, 12.91694]]}}, {"type": "Feature", "properties": {}, "geometry": {"type": "LineString", "coordinates": [[77.59807, 12.91694], [77.59839, 12.9169]]}}, {"type": "Feature", "properties": {}, "geometry": {"type": "LineString", "coordinates": [[77.59839, 12.9169], [77.59929, 12.91689]]}}, {"type": "Feature", "properties": {}, "geometry": {"type": "LineString", "coordinates": [[77.59728, 12.91695], [77.59735, 12.91695]]}}, {"type": "Feature", "properties": {}, "geometry": {"type": "LineString", "coordinates": [[77.59735, 12.91695], [77.59771, 12.91694]]}}, {"type": "Feature", "properties": {}, "geometry": {"type": "LineString", "coordinates": [[77.59771, 12.91694], [77.59792, 12.91694]]}}, {"type": "Feature", "properties": {}, "geometry": {"type": "LineString", "coordinates": [[77.59792, 12.91694], [77.59807, 12.91694]]}}, {"type": "Feature", "properties": {}, "geometry": {"type": "LineString", "coordinates": [[77.59807, 12.91694], [77.59839, 12.9169]]}}, {"type": "Feature", "properties": {}, "geometry": {"type": "LineString", "coordinates": [[77.59839, 12.9169], [77.59929, 12.91689]]}}, {"type": "Feature", "properties": {}, "geometry": {"type": "LineString", "coordinates": [[77.59728, 12.91695], [77.59735, 12.91695]]}}, {"type": "Feature", "properties": {}, "geometry": {"type": "LineString", "coordinates": [[77.59735, 12.91695], [77.59771, 12.91694]]}}, {"type": "Feature", "properties": {}, "geometry": {"type": "LineString", "coordinates": [[77.59771, 12.91694], [77.59792, 12.91694]]}}, {"type": "Feature", "properties": {}, "geometry": {"type": "LineString", "coordinates": [[77.59792, 12.91694], [77.59807, 12.91694]]}}, {"type": "Feature", "properties": {}, "geometry": {"type": "LineString", "coordinates": [[77.59807, 12.91694], [77.59839, 12.9169]]}}, {"type": "Feature", "properties": {}, "geometry": {"type": "LineString", "coordinates": [[77.59839, 12.9169], [77.59929, 12.91689]]}}, {"type": "Feature", "properties": {}, "geometry": {"type": "LineString", "coordinates": [[77.59998, 12.91836], [77.59999, 12.9185]]}}, {"type": "Feature", "properties": {}, "geometry": {"type": "LineString", "coordinates": [[77.59998, 12.91836], [77.59999, 12.9185]]}}, {"type": "Feature", "properties": {}, "geometry": {"type": "LineString", "coordinates": [[77.59998, 12.91836], [77.59999, 12.9185]]}}, {"type": "Feature", "properties": {}, "geometry": {"type": "LineString", "coordinates": [[77.58015, 12.94369], [77.58016, 12.94372]]}}, {"type": "Feature", "properties": {}, "geometry": {"type": "LineString", "coordinates": [[77.58018, 12.94245], [77.58015, 12.94369]]}}, {"type": "Feature", "properties": {}, "geometry": {"type": "LineString", "coordinates": [[77.58018, 12.94221], [77.58018, 12.94245]]}}, {"type": "Feature", "properties": {}, "geometry": {"type": "LineString", "coordinates": [[77.58017, 12.94214], [77.58018, 12.94221]]}}, {"type": "Feature", "properties": {}, "geometry": {"type": "LineString", "coordinates": [[77.58019, 12.93693], [77.58017, 12.94214]]}}, {"type": "Feature", "properties": {}, "geometry": {"type": "LineString", "coordinates": [[77.58019, 12.93689], [77.58019, 12.93693]]}}, {"type": "Feature", "properties": {}, "geometry": {"type": "LineString", "coordinates": [[77.58012, 12.93682], [77.58019, 12.93689]]}}, {"type": "Feature", "properties": {}, "geometry": {"type": "LineString", "coordinates": [[77.60012, 12.92097], [77.60025, 12.92286]]}}, {"type": "Feature", "properties": {}, "geometry": {"type": "LineString", "coordinates": [[77.59999, 12.9185], [77.60012, 12.92097]]}}, {"type": "Feature", "properties": {}, "geometry": {"type": "LineString", "coordinates": [[77.60012, 12.92097], [77.60025, 12.92286]]}}, {"type": "Feature", "properties": {}, "geometry": {"type": "LineString", "coordinates": [[77.59999, 12.9185], [77.60012, 12.92097]]}}, {"type": "Feature", "properties": {}, "geometry": {"type": "LineString", "coordinates": [[77.60012, 12.92097], [77.60025, 12.92286]]}}, {"type": "Feature", "properties": {}, "geometry": {"type": "LineString", "coordinates": [[77.59999, 12.9185], [77.60012, 12.92097]]}}, {"type": "Feature", "properties": {}, "geometry": {"type": "LineString", "coordinates": [[77.60634, 12.93642], [77.60752, 12.93606]]}}, {"type": "Feature", "properties": {}, "geometry": {"type": "LineString", "coordinates": [[77.60752, 12.93606], [77.6082, 12.93573]]}}, {"type": "Feature", "properties": {}, "geometry": {"type": "LineString", "coordinates": [[77.6082, 12.93573], [77.60831, 12.93566]]}}, {"type": "Feature", "properties": {}, "geometry": {"type": "LineString", "coordinates": [[77.60831, 12.93566], [77.60966, 12.93477]]}}, {"type": "Feature", "properties": {}, "geometry": {"type": "LineString", "coordinates": [[77.60966, 12.93477], [77.61098, 12.93377]]}}, {"type": "Feature", "properties": {}, "geometry": {"type": "LineString", "coordinates": [[77.60634, 12.93642], [77.60752, 12.93606]]}}, {"type": "Feature", "properties": {}, "geometry": {"type": "LineString", "coordinates": [[77.60752, 12.93606], [77.6082, 12.93573]]}}, {"type": "Feature", "properties": {}, "geometry": {"type": "LineString", "coordinates": [[77.6082, 12.93573], [77.60831, 12.93566]]}}, {"type": "Feature", "properties": {}, "geometry": {"type": "LineString", "coordinates": [[77.60831, 12.93566], [77.60966, 12.93477]]}}, {"type": "Feature", "properties": {}, "geometry": {"type": "LineString", "coordinates": [[77.60966, 12.93477], [77.61098, 12.93377]]}}, {"type": "Feature", "properties": {}, "geometry": {"type": "LineString", "coordinates": [[77.60634, 12.93642], [77.60752, 12.93606]]}}, {"type": "Feature", "properties": {}, "geometry": {"type": "LineString", "coordinates": [[77.60752, 12.93606], [77.6082, 12.93573]]}}, {"type": "Feature", "properties": {}, "geometry": {"type": "LineString", "coordinates": [[77.6082, 12.93573], [77.60831, 12.93566]]}}, {"type": "Feature", "properties": {}, "geometry": {"type": "LineString", "coordinates": [[77.60831, 12.93566], [77.60966, 12.93477]]}}, {"type": "Feature", "properties": {}, "geometry": {"type": "LineString", "coordinates": [[77.60966, 12.93477], [77.61098, 12.93377]]}}, {"type": "Feature", "properties": {}, "geometry": {"type": "LineString", "coordinates": [[77.58016, 12.94372], [77.58016, 12.94376]]}}, {"type": "Feature", "properties": {}, "geometry": {"type": "LineString", "coordinates": [[77.58016, 12.94372], [77.58016, 12.94376]]}}, {"type": "Feature", "properties": {}, "geometry": {"type": "LineString", "coordinates": [[77.58016, 12.94372], [77.58016, 12.94376]]}}, {"type": "Feature", "properties": {}, "geometry": {"type": "LineString", "coordinates": [[77.58016, 12.94372], [77.58016, 12.94376]]}}, {"type": "Feature", "properties": {}, "geometry": {"type": "LineString", "coordinates": [[77.62275, 12.91683], [77.62289, 12.91687]]}}, {"type": "Feature", "properties": {}, "geometry": {"type": "LineString", "coordinates": [[77.62275, 12.91683], [77.62289, 12.91687]]}}, {"type": "Feature", "properties": {}, "geometry": {"type": "LineString", "coordinates": [[77.62275, 12.91683], [77.62289, 12.91687]]}}, {"type": "Feature", "properties": {}, "geometry": {"type": "LineString", "coordinates": [[77.62275, 12.91683], [77.62289, 12.91687]]}}, {"type": "Feature", "properties": {}, "geometry": {"type": "LineString", "coordinates": [[77.62275, 12.91683], [77.62289, 12.91687]]}}, {"type": "Feature", "properties": {}, "geometry": {"type": "LineString", "coordinates": [[77.59516, 12.9169], [77.59516, 12.91693]]}}, {"type": "Feature", "properties": {}, "geometry": {"type": "LineString", "coordinates": [[77.59516, 12.91686], [77.59516, 12.9169]]}}, {"type": "Feature", "properties": {}, "geometry": {"type": "LineString", "coordinates": [[77.59516, 12.9169], [77.59516, 12.91693]]}}, {"type": "Feature", "properties": {}, "geometry": {"type": "LineString", "coordinates": [[77.59516, 12.91686], [77.59516, 12.9169]]}}, {"type": "Feature", "properties": {}, "geometry": {"type": "LineString", "coordinates": [[77.59516, 12.9169], [77.59516, 12.91693]]}}, {"type": "Feature", "properties": {}, "geometry": {"type": "LineString", "coordinates": [[77.59516, 12.91686], [77.59516, 12.9169]]}}, {"type": "Feature", "properties": {}, "geometry": {"type": "LineString", "coordinates": [[77.59516, 12.9169], [77.59516, 12.91693]]}}, {"type": "Feature", "properties": {}, "geometry": {"type": "LineString", "coordinates": [[77.59516, 12.91686], [77.59516, 12.9169]]}}, {"type": "Feature", "properties": {}, "geometry": {"type": "LineString", "coordinates": [[77.59516, 12.9169], [77.59516, 12.91693]]}}, {"type": "Feature", "properties": {}, "geometry": {"type": "LineString", "coordinates": [[77.59516, 12.91686], [77.59516, 12.9169]]}}, {"type": "Feature", "properties": {}, "geometry": {"type": "LineString", "coordinates": [[77.59516, 12.9169], [77.59516, 12.91693]]}}, {"type": "Feature", "properties": {}, "geometry": {"type": "LineString", "coordinates": [[77.59516, 12.91686], [77.59516, 12.9169]]}}, {"type": "Feature", "properties": {}, "geometry": {"type": "LineString", "coordinates": [[77.5801, 12.94221], [77.58018, 12.94221]]}}, {"type": "Feature", "properties": {}, "geometry": {"type": "LineString", "coordinates": [[77.62275, 12.91687], [77.62289, 12.9169]]}}, {"type": "Feature", "properties": {}, "geometry": {"type": "LineString", "coordinates": [[77.62275, 12.91687], [77.62289, 12.9169]]}}, {"type": "Feature", "properties": {}, "geometry": {"type": "LineString", "coordinates": [[77.62275, 12.91687], [77.62289, 12.9169]]}}, {"type": "Feature", "properties": {}, "geometry": {"type": "LineString", "coordinates": [[77.62275, 12.91687], [77.62289, 12.9169]]}}, {"type": "Feature", "properties": {}, "geometry": {"type": "LineString", "coordinates": [[77.62275, 12.91687], [77.62289, 12.9169]]}}, {"type": "Feature", "properties": {}, "geometry": {"type": "LineString", "coordinates": [[77.62275, 12.91687], [77.62289, 12.9169]]}}, {"type": "Feature", "properties": {}, "geometry": {"type": "LineString", "coordinates": [[77.65185, 12.92425], [77.6517, 12.92425]]}}, {"type": "Feature", "properties": {}, "geometry": {"type": "LineString", "coordinates": [[77.61351, 12.93255], [77.61503, 12.93], [77.62018, 12.92812], [77.629, 12.92444], [77.63662, 12.9256], [77.63751, 12.92534], [77.63928, 12.9241]]}}, {"type": "Feature", "properties": {}, "geometry": {"type": "LineString", "coordinates": [[77.63928, 12.9241], [77.63936, 12.92405], [77.64113, 12.92339]]}}, {"type": "Feature", "properties": {}, "geometry": {"type": "LineString", "coordinates": [[77.64113, 12.92339], [77.64129, 12.92333], [77.64539, 12.92445], [77.64585, 12.92447]]}}, {"type": "Feature", "properties": {}, "geometry": {"type": "LineString", "coordinates": [[77.64585, 12.92447], [77.64682, 12.92452]]}}, {"type": "Feature", "properties": {}, "geometry": {"type": "LineString", "coordinates": [[77.64682, 12.92452], [77.64895, 12.92463], [77.64934, 12.92438], [77.65143, 12.92427]]}}, {"type": "Feature", "properties": {}, "geometry": {"type": "LineString", "coordinates": [[77.65143, 12.92427], [77.65185, 12.92425]]}}, {"type": "Feature", "properties": {}, "geometry": {"type": "LineString", "coordinates": [[77.61348, 12.93248], [77.61348, 12.93251]]}}, {"type": "Feature", "properties": {}, "geometry": {"type": "LineString", "coordinates": [[77.63986, 12.92387], [77.63985, 12.92386]]}}, {"type": "Feature", "properties": {}, "geometry": {"type": "LineString", "coordinates": [[77.63985, 12.92386], [77.63983, 12.92384]]}}, {"type": "Feature", "properties": {}, "geometry": {"type": "LineString", "coordinates": [[77.63943, 12.92402], [77.63936, 12.92405]]}}, {"type": "Feature", "properties": {}, "geometry": {"type": "LineString", "coordinates": [[77.6336, 12.92506], [77.6337, 12.92506]]}}, {"type": "Feature", "properties": {}, "geometry": {"type": "LineString", "coordinates": [[77.60863, 12.93541], [77.60866, 12.93541]]}}, {"type": "Feature", "properties": {}, "geometry": {"type": "LineString", "coordinates": [[77.60383, 12.93673], [77.60387, 12.93673]]}}, {"type": "Feature", "properties": {}, "geometry": {"type": "LineString", "coordinates": [[77.60592, 12.91661], [77.60596, 12.91661]]}}, {"type": "Feature", "properties": {}, "geometry": {"type": "LineString", "coordinates": [[77.58865, 12.93628], [77.5888, 12.93628]]}}, {"type": "Feature", "properties": {}, "geometry": {"type": "LineString", "coordinates": [[77.58865, 12.93628], [77.5888, 12.93628]]}}, {"type": "Feature", "properties": {}, "geometry": {"type": "LineString", "coordinates": [[77.66552, 12.92087], [77.66525, 12.92267], [77.6654, 12.92675], [77.66504, 12.92689]]}}, {"type": "Feature", "properties": {}, "geometry": {"type": "LineString", "coordinates": [[77.57206, 12.91656], [77.57195, 12.91656]]}}, {"type": "Feature", "properties": {}, "geometry": {"type": "LineString", "coordinates": [[77.57112, 12.91657], [77.57112, 12.91654]]}}, {"type": "Feature", "properties": {}, "geometry": {"type": "LineString", "coordinates": [[77.57011, 12.91574], [77.57004, 12.91567]]}}, {"type": "Feature", "properties": {}, "geometry": {"type": "LineString", "coordinates": [[77.56997, 12.91563], [77.56989, 12.9156]]}}, {"type": "Feature", "properties": {}, "geometry": {"type": "LineString", "coordinates": [[77.56953, 12.9155], [77.56943, 12.9155]]}}, {"type": "Feature", "properties": {}, "geometry": {"type": "LineString", "coordinates": [[77.56903, 12.91533], [77.56899, 12.91533]]}}, {"type": "Feature", "properties": {}, "geometry": {"type": "LineString", "coordinates": [[77.56889, 12.91526], [77.56823, 12.91459]]}}, {"type": "Feature", "properties": {}, "geometry": {"type": "LineString", "coordinates": [[77.56798, 12.91435], [77.56747, 12.91397]]}}, {"type": "Feature", "properties": {}, "geometry": {"type": "LineString", "coordinates": [[77.56647, 12.91398], [77.56643, 12.91398]]}}, {"type": "Feature", "properties": {}, "geometry": {"type": "LineString", "coordinates": [[77.56661, 12.91394], [77.56647, 12.91398]]}}, {"type": "Feature", "properties": {}, "geometry": {"type": "LineString", "coordinates": [[77.56701, 12.91387], [77.56686, 12.91387]]}}, {"type": "Feature", "properties": {}, "geometry": {"type": "LineString", "coordinates": [[77.56711, 12.91387], [77.56704, 12.91387]]}}, {"type": "Feature", "properties": {}, "geometry": {"type": "LineString", "coordinates": [[77.5727, 12.91663], [77.57267, 12.91663]]}}, {"type": "Feature", "properties": {}, "geometry": {"type": "LineString", "coordinates": [[77.57358, 12.91437], [77.57358, 12.91433]]}}, {"type": "Feature", "properties": {}, "geometry": {"type": "LineString", "coordinates": [[77.56259, 12.90972], [77.56259, 12.9099]]}}, {"type": "Feature", "properties": {}, "geometry": {"type": "LineString", "coordinates": [[77.56259, 12.90969], [77.56259, 12.90972]]}}, {"type": "Feature", "properties": {}, "geometry": {"type": "LineString", "coordinates": [[77.56255, 12.90965], [77.56259, 12.90969]]}}, {"type": "Feature", "properties": {}, "geometry": {"type": "LineString", "coordinates": [[77.56255, 12.90951], [77.56255, 12.90965]]}}, {"type": "Feature", "properties": {}, "geometry": {"type": "LineString", "coordinates": [[77.56251, 12.90906], [77.56255, 12.90944]]}}, {"type": "Feature", "properties": {}, "geometry": {"type": "LineString", "coordinates": [[77.56251, 12.90902], [77.56251, 12.90906]]}}, {"type": "Feature", "properties": {}, "geometry": {"type": "LineString", "coordinates": [[77.56247, 12.90899], [77.56251, 12.90902]]}}, {"type": "Feature", "properties": {}, "geometry": {"type": "LineString", "coordinates": [[77.56251, 12.90895], [77.56247, 12.90899]]}}, {"type": "Feature", "properties": {}, "geometry": {"type": "LineString", "coordinates": [[77.56261, 12.90846], [77.56251, 12.90895]]}}, {"type": "Feature", "properties": {}, "geometry": {"type": "LineString", "coordinates": [[77.56415, 12.90805], [77.56419, 12.9089]]}}, {"type": "Feature", "properties": {}, "geometry": {"type": "LineString", "coordinates": [[77.56419, 12.9089], [77.56264, 12.90842]]}}, {"type": "Feature", "properties": {}, "geometry": {"type": "LineString", "coordinates": [[77.56264, 12.90842], [77.56261, 12.90846]]}}, {"type": "Feature", "properties": {}, "geometry": {"type": "LineString", "coordinates": [[77.56487, 12.90808], [77.56415, 12.90805]]}}, {"type": "Feature", "properties": {}, "geometry": {"type": "LineString", "coordinates": [[77.56675, 12.90613], [77.56511, 12.90748], [77.5649, 12.90808]]}}, {"type": "Feature", "properties": {}, "geometry": {"type": "LineString", "coordinates": [[77.5649, 12.90808], [77.5649, 12.90805]]}}, {"type": "Feature", "properties": {}, "geometry": {"type": "LineString", "coordinates": [[77.5649, 12.90805], [77.56487, 12.90808]]}}, {"type": "Feature", "properties": {}, "geometry": {"type": "LineString", "coordinates": [[77.56685, 12.90606], [77.56675, 12.90613]]}}, {"type": "Feature", "properties": {}, "geometry": {"type": "LineString", "coordinates": [[77.56016, 12.92189], [77.5602, 12.92192]]}}, {"type": "Feature", "properties": {}, "geometry": {"type": "LineString", "coordinates": [[77.56013, 12.92182], [77.56016, 12.92189]]}}, {"type": "Feature", "properties": {}, "geometry": {"type": "LineString", "coordinates": [[77.56009, 12.92164], [77.56013, 12.92182]]}}, {"type": "Feature", "properties": {}, "geometry": {"type": "LineString", "coordinates": [[77.56008, 12.92111], [77.56009, 12.92164]]}}, {"type": "Feature", "properties": {}, "geometry": {"type": "LineString", "coordinates": [[77.56005, 12.9209], [77.56008, 12.92111]]}}, {"type": "Feature", "properties": {}, "geometry": {"type": "LineString", "coordinates": [[77.55985, 12.91957], [77.56005, 12.9209]]}}, {"type": "Feature", "properties": {}, "geometry": {"type": "LineString", "coordinates": [[77.5595, 12.91711], [77.55985, 12.91957]]}}, {"type": "Feature", "properties": {}, "geometry": {"type": "LineString", "coordinates": [[77.57259, 12.91621], [77.57266, 12.9162]]}}, {"type": "Feature", "properties": {}, "geometry": {"type": "LineString", "coordinates": [[77.56216, 12.90997], [77.56259, 12.9099]]}}, {"type": "Feature", "properties": {}, "geometry": {"type": "LineString", "coordinates": [[77.57205, 12.91603], [77.57209, 12.91603]]}}, {"type": "Feature", "properties": {}, "geometry": {"type": "LineString", "coordinates": [[77.56579, 12.9143], [77.56211, 12.91536], [77.5615, 12.91575], [77.56056, 12.9146]]}}, {"type": "Feature", "properties": {}, "geometry": {"type": "LineString", "coordinates": [[77.57, 12.91567], [77.56997, 12.91563]]}}, {"type": "Feature", "properties": {}, "geometry": {"type": "LineString", "coordinates": [[77.56989, 12.9156], [77.56979, 12.91556]]}}, {"type": "Feature", "properties": {}, "geometry": {"type": "LineString", "coordinates": [[77.56914, 12.91539], [77.56903, 12.91533]]}}, {"type": "Feature", "properties": {}, "geometry": {"type": "LineString", "coordinates": [[77.56056, 12.9146], [77.56048, 12.91453]]}}, {"type": "Feature", "properties": {}, "geometry": {"type": "LineString", "coordinates": [[77.5659, 12.91423], [77.56585, 12.91426]]}}, {"type": "Feature", "properties": {}, "geometry": {"type": "LineString", "coordinates": [[77.56585, 12.91426], [77.56579, 12.9143]]}}, {"type": "Feature", "properties": {}, "geometry": {"type": "LineString", "coordinates": [[77.56686, 12.91387], [77.56668, 12.91391]]}}, {"type": "Feature", "properties": {}, "geometry": {"type": "LineString", "coordinates": [[77.56704, 12.91387], [77.56701, 12.91387]]}}, {"type": "Feature", "properties": {}, "geometry": {"type": "LineString", "coordinates": [[77.56685, 12.90606], [77.57022, 12.90884]]}}, {"type": "Feature", "properties": {}, "geometry": {"type": "LineString", "coordinates": [[77.5624, 12.90241], [77.56685, 12.90606]]}}, {"type": "Feature", "properties": {}, "geometry": {"type": "LineString", "coordinates": [[77.56023, 12.90067], [77.5624, 12.90241]]}}, {"type": "Feature", "properties": {}, "geometry": {"type": "LineString", "coordinates": [[77.55813, 12.89865], [77.56023, 12.90067]]}}, {"type": "Feature", "properties": {}, "geometry": {"type": "LineString", "coordinates": [[77.55508, 12.89505], [77.55813, 12.89865]]}}, {"type": "Feature", "properties": {}, "geometry": {"type": "LineString", "coordinates": [[77.56244, 12.9024], [77.57022, 12.9088]]}}, {"type": "Feature", "properties": {}, "geometry": {"type": "LineString", "coordinates": [[77.56031, 12.90063], [77.56244, 12.9024]]}}, {"type": "Feature", "properties": {}, "geometry": {"type": "LineString", "coordinates": [[77.55813, 12.89865], [77.56031, 12.90063]]}}, {"type": "Feature", "properties": {}, "geometry": {"type": "LineString", "coordinates": [[77.55512, 12.89505], [77.55813, 12.89865]]}}, {"type": "Feature", "properties": {}, "geometry": {"type": "LineString", "coordinates": [[77.56248, 12.90237], [77.57025, 12.9088]]}}, {"type": "Feature", "properties": {}, "geometry": {"type": "LineString", "coordinates": [[77.56034, 12.9006], [77.56248, 12.90237]]}}, {"type": "Feature", "properties": {}, "geometry": {"type": "LineString", "coordinates": [[77.56009, 12.90039], [77.56034, 12.9006]]}}, {"type": "Feature", "properties": {}, "geometry": {"type": "LineString", "coordinates": [[77.55817, 12.89861], [77.56009, 12.90039]]}}, {"type": "Feature", "properties": {}, "geometry": {"type": "LineString", "coordinates": [[77.55515, 12.89505], [77.55817, 12.89861]]}}, {"type": "Feature", "properties": {}, "geometry": {"type": "LineString", "coordinates": [[77.57256, 12.91663], [77.57205, 12.91649]]}}, {"type": "Feature", "properties": {}, "geometry": {"type": "LineString", "coordinates": [[77.57205, 12.91649], [77.57205, 12.91632]]}}, {"type": "Feature", "properties": {}, "geometry": {"type": "LineString", "coordinates": [[77.57205, 12.91632], [77.57209, 12.91632]]}}, {"type": "Feature", "properties": {}, "geometry": {"type": "LineString", "coordinates": [[77.57205, 12.91649], [77.57205, 12.91632]]}}, {"type": "Feature", "properties": {}, "geometry": {"type": "LineString", "coordinates": [[77.57205, 12.91632], [77.57209, 12.91603]]}}, {"type": "Feature", "properties": {}, "geometry": {"type": "LineString", "coordinates": [[77.57209, 12.91603], [77.57208, 12.91589]]}}, {"type": "Feature", "properties": {}, "geometry": {"type": "LineString", "coordinates": [[77.57208, 12.91589], [77.57212, 12.91582]]}}, {"type": "Feature", "properties": {}, "geometry": {"type": "LineString", "coordinates": [[77.5729, 12.91103], [77.57293, 12.9111]]}}, {"type": "Feature", "properties": {}, "geometry": {"type": "LineString", "coordinates": [[77.57286, 12.91103], [77.5729, 12.91103]]}}, {"type": "Feature", "properties": {}, "geometry": {"type": "LineString", "coordinates": [[77.57022, 12.9088], [77.57286, 12.91103]]}}, {"type": "Feature", "properties": {}, "geometry": {"type": "LineString", "coordinates": [[77.57356, 12.91651], [77.57358, 12.9144]]}}, {"type": "Feature", "properties": {}, "geometry": {"type": "LineString", "coordinates": [[77.57358, 12.9144], [77.57358, 12.91437]]}}, {"type": "Feature", "properties": {}, "geometry": {"type": "LineString", "coordinates": [[77.58428, 12.87421], [77.5843, 12.87548], [77.58541, 12.87557], [77.58564, 12.87716]]}}, {"type": "Feature", "properties": {}, "geometry": {"type": "LineString", "coordinates": [[77.58428, 12.87411], [77.58428, 12.87421]]}}, {"type": "Feature", "properties": {}, "geometry": {"type": "LineString", "coordinates": [[77.58425, 12.87407], [77.58428, 12.87411]]}}, {"type": "Feature", "properties": {}, "geometry": {"type": "LineString", "coordinates": [[77.58384, 12.87274], [77.58425, 12.87407]]}}, {"type": "Feature", "properties": {}, "geometry": {"type": "LineString", "coordinates": [[77.58564, 12.87716], [77.58568, 12.87772], [77.58543, 12.87776], [77.58562, 12.8786], [77.5902, 12.88112]]}}, {"type": "Feature", "properties": {}, "geometry": {"type": "LineString", "coordinates": [[77.63228, 12.90196], [77.63228, 12.90199]]}}, {"type": "Feature", "properties": {}, "geometry": {"type": "LineString", "coordinates": [[77.61556, 12.89843], [77.6156, 12.89843]]}}, {"type": "Feature", "properties": {}, "geometry": {"type": "LineString", "coordinates": [[77.64666, 12.91198], [77.6467, 12.91191]]}}, {"type": "Feature", "properties": {}, "geometry": {"type": "LineString", "coordinates": [[77.6467, 12.91191], [77.64673, 12.91163]]}}, {"type": "Feature", "properties": {}, "geometry": {"type": "LineString", "coordinates": [[77.57263, 12.91649], [77.57266, 12.91652]]}}, {"type": "Feature", "properties": {}, "geometry": {"type": "LineString", "coordinates": [[77.57277, 12.91641], [77.57277, 12.91663]]}}, {"type": "Feature", "properties": {}, "geometry": {"type": "LineString", "coordinates": [[77.5729, 12.91103], [77.57293, 12.91106]]}}, {"type": "Feature", "properties": {}, "geometry": {"type": "LineString", "coordinates": [[77.57025, 12.9088], [77.5729, 12.91103]]}}, {"type": "Feature", "properties": {}, "geometry": {"type": "LineString", "coordinates": [[77.57286, 12.91106], [77.57351, 12.91458], [77.57346, 12.9169]]}}, {"type": "Feature", "properties": {}, "geometry": {"type": "LineString", "coordinates": [[77.57342, 12.9169], [77.57281, 12.91663]]}}, {"type": "Feature", "properties": {}, "geometry": {"type": "LineString", "coordinates": [[77.57267, 12.91663], [77.57263, 12.91652]]}}, {"type": "Feature", "properties": {}, "geometry": {"type": "LineString", "coordinates": [[77.57263, 12.91652], [77.57263, 12.91649]]}}, {"type": "Feature", "properties": {}, "geometry": {"type": "LineString", "coordinates": [[77.57263, 12.91649], [77.57266, 12.9162]]}}, {"type": "Feature", "properties": {}, "geometry": {"type": "LineString", "coordinates": [[77.57266, 12.9162], [77.57262, 12.91599]]}}, {"type": "Feature", "properties": {}, "geometry": {"type": "LineString", "coordinates": [[77.57286, 12.91103], [77.57286, 12.91106]]}}, {"type": "Feature", "properties": {}, "geometry": {"type": "LineString", "coordinates": [[77.55458, 12.92363], [77.55437, 12.9236]]}}, {"type": "Feature", "properties": {}, "geometry": {"type": "LineString", "coordinates": [[77.5729, 12.91106], [77.57293, 12.9111]]}}, {"type": "Feature", "properties": {}, "geometry": {"type": "LineString", "coordinates": [[77.57286, 12.91106], [77.5729, 12.91106]]}}, {"type": "Feature", "properties": {}, "geometry": {"type": "LineString", "coordinates": [[77.57022, 12.90884], [77.57286, 12.91106]]}}, {"type": "Feature", "properties": {}, "geometry": {"type": "LineString", "coordinates": [[77.58174, 12.89563], [77.58174, 12.89567]]}}, {"type": "Feature", "properties": {}, "geometry": {"type": "LineString", "coordinates": [[77.58565, 12.9064], [77.58565, 12.90633]]}}, {"type": "Feature", "properties": {}, "geometry": {"type": "LineString", "coordinates": [[77.58565, 12.90633], [77.58583, 12.90629]]}}, {"type": "Feature", "properties": {}, "geometry": {"type": "LineString", "coordinates": [[77.63243, 12.91258], [77.63242, 12.91251]]}}, {"type": "Feature", "properties": {}, "geometry": {"type": "LineString", "coordinates": [[77.63242, 12.91251], [77.63242, 12.91248]]}}, {"type": "Feature", "properties": {}, "geometry": {"type": "LineString", "coordinates": [[77.63242, 12.91248], [77.63246, 12.91198]]}}, {"type": "Feature", "properties": {}, "geometry": {"type": "LineString", "coordinates": [[77.63244, 12.90678], [77.63244, 12.90674]]}}, {"type": "Feature", "properties": {}, "geometry": {"type": "LineString", "coordinates": [[77.63244, 12.90674], [77.63244, 12.90671]]}}, {"type": "Feature", "properties": {}, "geometry": {"type": "LineString", "coordinates": [[77.57358, 12.91433], [77.57324, 12.91307]]}}, {"type": "Feature", "properties": {}, "geometry": {"type": "LineString", "coordinates": [[77.5732, 12.91293], [77.57313, 12.91265]]}}, {"type": "Feature", "properties": {}, "geometry": {"type": "LineString", "coordinates": [[77.57358, 12.91437], [77.57358, 12.91433]]}}, {"type": "Feature", "properties": {}, "geometry": {"type": "LineString", "coordinates": [[77.58645, 12.88288], [77.58354, 12.88224]]}}, {"type": "Feature", "properties": {}, "geometry": {"type": "LineString", "coordinates": [[77.62508, 12.91727], [77.62652, 12.91701]]}}, {"type": "Feature", "properties": {}, "geometry": {"type": "LineString", "coordinates": [[77.62293, 12.9169], [77.62508, 12.91727]]}}, {"type": "Feature", "properties": {}, "geometry": {"type": "LineString", "coordinates": [[77.62652, 12.91701], [77.62827, 12.9165]]}}, {"type": "Feature", "properties": {}, "geometry": {"type": "LineString", "coordinates": [[77.62827, 12.9165], [77.62807, 12.91428], [77.62871, 12.91413]]}}, {"type": "Feature", "properties": {}, "geometry": {"type": "LineString", "coordinates": [[77.62871, 12.91413], [77.63054, 12.91401]]}}, {"type": "Feature", "properties": {}, "geometry": {"type": "LineString", "coordinates": [[77.63054, 12.91401], [77.63237, 12.91389]]}}, {"type": "Feature", "properties": {}, "geometry": {"type": "LineString", "coordinates": [[77.63237, 12.91389], [77.6324, 12.91389]]}}, {"type": "Feature", "properties": {}, "geometry": {"type": "LineString", "coordinates": [[77.6324, 12.91389], [77.6325, 12.91248]]}}, {"type": "Feature", "properties": {}, "geometry": {"type": "LineString", "coordinates": [[77.6325, 12.91248], [77.63262, 12.9072]]}}, {"type": "Feature", "properties": {}, "geometry": {"type": "LineString", "coordinates": [[77.63262, 12.9072], [77.63262, 12.90677]]}}, {"type": "Feature", "properties": {}, "geometry": {"type": "LineString", "coordinates": [[77.63262, 12.90677], [77.63265, 12.90674]]}}, {"type": "Feature", "properties": {}, "geometry": {"type": "LineString", "coordinates": [[77.63244, 12.90671], [77.62983, 12.90638]]}}, {"type": "Feature", "properties": {}, "geometry": {"type": "LineString", "coordinates": [[77.62983, 12.90638], [77.6296, 12.90635]]}}, {"type": "Feature", "properties": {}, "geometry": {"type": "LineString", "coordinates": [[77.63265, 12.90674], [77.63244, 12.90671]]}}, {"type": "Feature", "properties": {}, "geometry": {"type": "LineString", "coordinates": [[77.6296, 12.90635], [77.6296, 12.90635]]}}, {"type": "Feature", "properties": {}, "geometry": {"type": "LineString", "coordinates": [[77.6296, 12.90635], [77.63228, 12.90199]]}}, {"type": "Feature", "properties": {}, "geometry": {"type": "LineString", "coordinates": [[77.63231, 12.90192], [77.63281, 12.90114]]}}, {"type": "Feature", "properties": {}, "geometry": {"type": "LineString", "coordinates": [[77.64684, 12.91184], [77.64684, 12.91191]]}}, {"type": "Feature", "properties": {}, "geometry": {"type": "LineString", "coordinates": [[77.64684, 12.9117], [77.64684, 12.91184]]}}, {"type": "Feature", "properties": {}, "geometry": {"type": "LineString", "coordinates": [[77.64684, 12.91163], [77.64684, 12.91166]]}}, {"type": "Feature", "properties": {}, "geometry": {"type": "LineString", "coordinates": [[77.64695, 12.91194], [77.64666, 12.91202]]}}, {"type": "Feature", "properties": {}, "geometry": {"type": "LineString", "coordinates": [[77.62509, 12.9173], [77.62652, 12.91704]]}}, {"type": "Feature", "properties": {}, "geometry": {"type": "LineString", "coordinates": [[77.62376, 12.91714], [77.62509, 12.9173]]}}, {"type": "Feature", "properties": {}, "geometry": {"type": "LineString", "coordinates": [[77.62652, 12.91704], [77.62827, 12.91653]]}}, {"type": "Feature", "properties": {}, "geometry": {"type": "LineString", "coordinates": [[77.62827, 12.91653], [77.62891, 12.91645]]}}, {"type": "Feature", "properties": {}, "geometry": {"type": "LineString", "coordinates": [[77.62891, 12.91645], [77.6292, 12.91642]]}}, {"type": "Feature", "properties": {}, "geometry": {"type": "LineString", "coordinates": [[77.6292, 12.91642], [77.63533, 12.91597]]}}, {"type": "Feature", "properties": {}, "geometry": {"type": "LineString", "coordinates": [[77.63533, 12.91597], [77.63648, 12.91585]]}}, {"type": "Feature", "properties": {}, "geometry": {"type": "LineString", "coordinates": [[77.63648, 12.91585], [77.63684, 12.91581]]}}, {"type": "Feature", "properties": {}, "geometry": {"type": "LineString", "coordinates": [[77.63684, 12.91581], [77.63694, 12.91581]]}}, {"type": "Feature", "properties": {}, "geometry": {"type": "LineString", "coordinates": [[77.63694, 12.91581], [77.63827, 12.91555]]}}, {"type": "Feature", "properties": {}, "geometry": {"type": "LineString", "coordinates": [[77.64271, 12.91195], [77.64275, 12.9122]]}}, {"type": "Feature", "properties": {}, "geometry": {"type": "LineString", "coordinates": [[77.64271, 12.91146], [77.64271, 12.91195]]}}, {"type": "Feature", "properties": {}, "geometry": {"type": "LineString", "coordinates": [[77.64266, 12.91037], [77.64271, 12.91146]]}}, {"type": "Feature", "properties": {}, "geometry": {"type": "LineString", "coordinates": [[77.64266, 12.91033], [77.64266, 12.91037]]}}, {"type": "Feature", "properties": {}, "geometry": {"type": "LineString", "coordinates": [[77.64262, 12.90938], [77.64266, 12.91033]]}}, {"type": "Feature", "properties": {}, "geometry": {"type": "LineString", "coordinates": [[77.64247, 12.90931], [77.64262, 12.90935]]}}, {"type": "Feature", "properties": {}, "geometry": {"type": "LineString", "coordinates": [[77.65063, 12.92443], [77.65185, 12.92421]]}}, {"type": "Feature", "properties": {}, "geometry": {"type": "LineString", "coordinates": [[77.65185, 12.92421], [77.65181, 12.92414]]}}, {"type": "Feature", "properties": {}, "geometry": {"type": "LineString", "coordinates": [[77.65181, 12.92414], [77.65173, 12.92365]]}}, {"type": "Feature", "properties": {}, "geometry": {"type": "LineString", "coordinates": [[77.65173, 12.92365], [77.65162, 12.92309]]}}, {"type": "Feature", "properties": {}, "geometry": {"type": "LineString", "coordinates": [[77.65162, 12.92309], [77.65166, 12.92118]]}}, {"type": "Feature", "properties": {}, "geometry": {"type": "LineString", "coordinates": [[77.65166, 12.92118], [77.65169, 12.91974]]}}, {"type": "Feature", "properties": {}, "geometry": {"type": "LineString", "coordinates": [[77.65169, 12.91974], [77.65169, 12.91964]]}}, {"type": "Feature", "properties": {}, "geometry": {"type": "LineString", "coordinates": [[77.65169, 12.91964], [77.65178, 12.91812]]}}, {"type": "Feature", "properties": {}, "geometry": {"type": "LineString", "coordinates": [[77.65178, 12.91812], [77.65178, 12.91802]]}}, {"type": "Feature", "properties": {}, "geometry": {"type": "LineString", "coordinates": [[77.65178, 12.91802], [77.65184, 12.9164]]}}, {"type": "Feature", "properties": {}, "geometry": {"type": "LineString", "coordinates": [[77.65184, 12.9164], [77.65184, 12.91636]]}}, {"type": "Feature", "properties": {}, "geometry": {"type": "LineString", "coordinates": [[77.65184, 12.91636], [77.65194, 12.91302]]}}, {"type": "Feature", "properties": {}, "geometry": {"type": "LineString", "coordinates": [[77.65194, 12.91302], [77.65194, 12.91253]]}}, {"type": "Feature", "properties": {}, "geometry": {"type": "LineString", "coordinates": [[77.65194, 12.91253], [77.65198, 12.90932]]}}, {"type": "Feature", "properties": {}, "geometry": {"type": "LineString", "coordinates": [[77.65201, 12.90929], [77.65327, 12.90917]]}}, {"type": "Feature", "properties": {}, "geometry": {"type": "LineString", "coordinates": [[77.65327, 12.90917], [77.6533, 12.90913]]}}, {"type": "Feature", "properties": {}, "geometry": {"type": "LineString", "coordinates": [[77.6533, 12.90913], [77.65315, 12.90804]]}}, {"type": "Feature", "properties": {}, "geometry": {"type": "LineString", "coordinates": [[77.65315, 12.90804], [77.65308, 12.90805]]}}, {"type": "Feature", "properties": {}, "geometry": {"type": "LineString", "coordinates": [[77.61705, 12.87603], [77.61701, 12.87547]]}}, {"type": "Feature", "properties": {}, "geometry": {"type": "LineString", "coordinates": [[77.61773, 12.87596], [77.6151, 12.87626]]}}, {"type": "Feature", "properties": {}, "geometry": {"type": "LineString", "coordinates": [[77.6151, 12.87626], [77.61501, 12.87627], [77.61493, 12.87626]]}}, {"type": "Feature", "properties": {}, "geometry": {"type": "LineString", "coordinates": [[77.61493, 12.87626], [77.61357, 12.87603], [77.61007, 12.87688], [77.60956, 12.87632], [77.60884, 12.87675], [77.60726, 12.87652]]}}, {"type": "Feature", "properties": {}, "geometry": {"type": "LineString", "coordinates": [[77.60888, 12.87671], [77.60925, 12.87752]]}}, {"type": "Feature", "properties": {}, "geometry": {"type": "LineString", "coordinates": [[77.63281, 12.90114], [77.63361, 12.89937]]}}, {"type": "Feature", "properties": {}, "geometry": {"type": "LineString", "coordinates": [[77.63361, 12.89937], [77.63418, 12.89845]]}}, {"type": "Feature", "properties": {}, "geometry": {"type": "LineString", "coordinates": [[77.63418, 12.89845], [77.63491, 12.89731]]}}, {"type": "Feature", "properties": {}, "geometry": {"type": "LineString", "coordinates": [[77.63491, 12.89731], [77.63521, 12.89684]]}}, {"type": "Feature", "properties": {}, "geometry": {"type": "LineString", "coordinates": [[77.63521, 12.89684], [77.63637, 12.89502]]}}, {"type": "Feature", "properties": {}, "geometry": {"type": "LineString", "coordinates": [[77.58234, 12.86656], [77.58202, 12.86656], [77.58206, 12.86702], [77.58138, 12.86717]]}}, {"type": "Feature", "properties": {}, "geometry": {"type": "LineString", "coordinates": [[77.58234, 12.86653], [77.58123, 12.86668]]}}, {"type": "Feature", "properties": {}, "geometry": {"type": "LineString", "coordinates": [[77.64669, 12.91152], [77.64612, 12.91164], [77.64612, 12.91185]]}}, {"type": "Feature", "properties": {}, "geometry": {"type": "LineString", "coordinates": [[77.64666, 12.91198], [77.64673, 12.91191]]}}, {"type": "Feature", "properties": {}, "geometry": {"type": "LineString", "coordinates": [[77.64673, 12.91191], [77.64673, 12.91188]]}}, {"type": "Feature", "properties": {}, "geometry": {"type": "LineString", "coordinates": [[77.64673, 12.91188], [77.64676, 12.91163]]}}, {"type": "Feature", "properties": {}, "geometry": {"type": "LineString", "coordinates": [[77.62293, 12.9169], [77.62376, 12.91714]]}}, {"type": "Feature", "properties": {}, "geometry": {"type": "LineString", "coordinates": [[77.65158, 12.91964], [77.65158, 12.91939]]}}, {"type": "Feature", "properties": {}, "geometry": {"type": "LineString", "coordinates": [[77.65158, 12.91939], [77.65161, 12.91904]]}}, {"type": "Feature", "properties": {}, "geometry": {"type": "LineString", "coordinates": [[77.65161, 12.91904], [77.65167, 12.91742]]}}, {"type": "Feature", "properties": {}, "geometry": {"type": "LineString", "coordinates": [[77.65167, 12.91742], [77.65167, 12.91739]]}}, {"type": "Feature", "properties": {}, "geometry": {"type": "LineString", "coordinates": [[77.65167, 12.91739], [77.65167, 12.91735]]}}, {"type": "Feature", "properties": {}, "geometry": {"type": "LineString", "coordinates": [[77.65167, 12.91735], [77.65167, 12.91728]]}}, {"type": "Feature", "properties": {}, "geometry": {"type": "LineString", "coordinates": [[77.65167, 12.91728], [77.65169, 12.91636]]}}, {"type": "Feature", "properties": {}, "geometry": {"type": "LineString", "coordinates": [[77.65169, 12.91636], [77.65169, 12.91594]]}}, {"type": "Feature", "properties": {}, "geometry": {"type": "LineString", "coordinates": [[77.65169, 12.91594], [77.65169, 12.91587]]}}, {"type": "Feature", "properties": {}, "geometry": {"type": "LineString", "coordinates": [[77.65169, 12.91587], [77.65178, 12.91408]]}}, {"type": "Feature", "properties": {}, "geometry": {"type": "LineString", "coordinates": [[77.65178, 12.91408], [77.6518, 12.9126]]}}, {"type": "Feature", "properties": {}, "geometry": {"type": "LineString", "coordinates": [[77.6518, 12.9126], [77.6518, 12.91256]]}}, {"type": "Feature", "properties": {}, "geometry": {"type": "LineString", "coordinates": [[77.6518, 12.91256], [77.65179, 12.91211]]}}, {"type": "Feature", "properties": {}, "geometry": {"type": "LineString", "coordinates": [[77.65176, 12.91211], [77.65104, 12.91208]]}}, {"type": "Feature", "properties": {}, "geometry": {"type": "LineString", "coordinates": [[77.65104, 12.91208], [77.6491, 12.91206]]}}, {"type": "Feature", "properties": {}, "geometry": {"type": "LineString", "coordinates": [[77.6491, 12.91206], [77.64899, 12.91206]]}}, {"type": "Feature", "properties": {}, "geometry": {"type": "LineString", "coordinates": [[77.64899, 12.91206], [77.64838, 12.91203]]}}, {"type": "Feature", "properties": {}, "geometry": {"type": "LineString", "coordinates": [[77.64673, 12.91163], [77.64687, 12.91163]]}}, {"type": "Feature", "properties": {}, "geometry": {"type": "LineString", "coordinates": [[77.64687, 12.91166], [77.64691, 12.91166]]}}, {"type": "Feature", "properties": {}, "geometry": {"type": "LineString", "coordinates": [[77.65216, 12.91967], [77.65456, 12.91975]]}}, {"type": "Feature", "properties": {}, "geometry": {"type": "LineString", "coordinates": [[77.65173, 12.91964], [77.65216, 12.91967]]}}, {"type": "Feature", "properties": {}, "geometry": {"type": "LineString", "coordinates": [[77.65169, 12.91964], [77.65173, 12.91964]]}}, {"type": "Feature", "properties": {}, "geometry": {"type": "LineString", "coordinates": [[77.65162, 12.91964], [77.65169, 12.91964]]}}, {"type": "Feature", "properties": {}, "geometry": {"type": "LineString", "coordinates": [[77.65158, 12.91964], [77.65162, 12.91964]]}}, {"type": "Feature", "properties": {}, "geometry": {"type": "LineString", "coordinates": [[77.64687, 12.91163], [77.64687, 12.91166]]}}, {"type": "Feature", "properties": {}, "geometry": {"type": "LineString", "coordinates": [[77.64917, 12.91189], [77.65183, 12.91196]]}}, {"type": "Feature", "properties": {}, "geometry": {"type": "LineString", "coordinates": [[77.64691, 12.91191], [77.64695, 12.91194]]}}, {"type": "Feature", "properties": {}, "geometry": {"type": "LineString", "coordinates": [[77.64695, 12.91194], [77.64899, 12.91189]]}}, {"type": "Feature", "properties": {}, "geometry": {"type": "LineString", "coordinates": [[77.64899, 12.91189], [77.64917, 12.91189]]}}, {"type": "Feature", "properties": {}, "geometry": {"type": "LineString", "coordinates": [[77.64691, 12.91184], [77.64691, 12.91191]]}}, {"type": "Feature", "properties": {}, "geometry": {"type": "LineString", "coordinates": [[77.64687, 12.91173], [77.64691, 12.91184]]}}, {"type": "Feature", "properties": {}, "geometry": {"type": "LineString", "coordinates": [[77.65184, 12.91636], [77.65187, 12.91636]]}}, {"type": "Feature", "properties": {}, "geometry": {"type": "LineString", "coordinates": [[77.65194, 12.91253], [77.65198, 12.91253]]}}, {"type": "Feature", "properties": {}, "geometry": {"type": "LineString", "coordinates": [[77.65141, 12.90662], [77.65145, 12.90662]]}}, {"type": "Feature", "properties": {}, "geometry": {"type": "LineString", "coordinates": [[77.64691, 12.9117], [77.64691, 12.91173]]}}, {"type": "Feature", "properties": {}, "geometry": {"type": "LineString", "coordinates": [[77.64691, 12.91166], [77.64691, 12.9117]]}}, {"type": "Feature", "properties": {}, "geometry": {"type": "LineString", "coordinates": [[77.64684, 12.9117], [77.64687, 12.91166]]}}, {"type": "Feature", "properties": {}, "geometry": {"type": "LineString", "coordinates": [[77.64687, 12.91166], [77.64691, 12.91166]]}}, {"type": "Feature", "properties": {}, "geometry": {"type": "LineString", "coordinates": [[77.64308, 12.91972], [77.64475, 12.92178], [77.64671, 12.92359], [77.64779, 12.92418], [77.64902, 12.92438]]}}, {"type": "Feature", "properties": {}, "geometry": {"type": "LineString", "coordinates": [[77.64232, 12.91871], [77.64308, 12.91972]]}}, {"type": "Feature", "properties": {}, "geometry": {"type": "LineString", "coordinates": [[77.6408, 12.91718], [77.64232, 12.91871]]}}, {"type": "Feature", "properties": {}, "geometry": {"type": "LineString", "coordinates": [[77.63834, 12.91583], [77.64004, 12.91652], [77.6408, 12.91718]]}}, {"type": "Feature", "properties": {}, "geometry": {"type": "LineString", "coordinates": [[77.66136, 12.86324], [77.66213, 12.86576], [77.66388, 12.86479], [77.66462, 12.86651]]}}, {"type": "Feature", "properties": {}, "geometry": {"type": "LineString", "coordinates": [[77.6353, 12.91614], [77.6353, 12.916]]}}, {"type": "Feature", "properties": {}, "geometry": {"type": "LineString", "coordinates": [[77.6353, 12.916], [77.63522, 12.916]]}}, {"type": "Feature", "properties": {}, "geometry": {"type": "LineString", "coordinates": [[77.63684, 12.91581], [77.63684, 12.91595]]}}, {"type": "Feature", "properties": {}, "geometry": {"type": "LineString", "coordinates": [[77.63684, 12.91578], [77.63684, 12.91581]]}}, {"type": "Feature", "properties": {}, "geometry": {"type": "LineString", "coordinates": [[77.63683, 12.91525], [77.63684, 12.91578]]}}, {"type": "Feature", "properties": {}, "geometry": {"type": "LineString", "coordinates": [[77.63678, 12.91405], [77.63683, 12.91525]]}}, {"type": "Feature", "properties": {}, "geometry": {"type": "LineString", "coordinates": [[77.63676, 12.91247], [77.63678, 12.91405]]}}, {"type": "Feature", "properties": {}, "geometry": {"type": "LineString", "coordinates": [[77.63676, 12.91243], [77.63676, 12.91247]]}}, {"type": "Feature", "properties": {}, "geometry": {"type": "LineString", "coordinates": [[77.63676, 12.91243], [77.6368, 12.91243]]}}, {"type": "Feature", "properties": {}, "geometry": {"type": "LineString", "coordinates": [[77.6368, 12.91243], [77.6382, 12.91238]]}}, {"type": "Feature", "properties": {}, "geometry": {"type": "LineString", "coordinates": [[77.6382, 12.91238], [77.63823, 12.91238]]}}, {"type": "Feature", "properties": {}, "geometry": {"type": "LineString", "coordinates": [[77.63823, 12.91238], [77.63823, 12.91235]]}}, {"type": "Feature", "properties": {}, "geometry": {"type": "LineString", "coordinates": [[77.59181, 12.88734], [77.5917, 12.88662]]}}, {"type": "Feature", "properties": {}, "geometry": {"type": "LineString", "coordinates": [[77.5917, 12.88662], [77.59146, 12.88509], [77.59075, 12.88513], [77.59074, 12.88481], [77.59002, 12.88482], [77.58996, 12.8851], [77.58618, 12.88429], [77.58645, 12.88288]]}}, {"type": "Feature", "properties": {}, "geometry": {"type": "LineString", "coordinates": [[77.58354, 12.88224], [77.58225, 12.88585], [77.58195, 12.88838], [77.58195, 12.89144]]}}, {"type": "Feature", "properties": {}, "geometry": {"type": "LineString", "coordinates": [[77.58354, 12.88221], [77.58354, 12.88224]]}}, {"type": "Feature", "properties": {}, "geometry": {"type": "LineString", "coordinates": [[77.58583, 12.90626], [77.58583, 12.90608]]}}, {"type": "Feature", "properties": {}, "geometry": {"type": "LineString", "coordinates": [[77.58583, 12.90629], [77.58583, 12.90626]]}}, {"type": "Feature", "properties": {}, "geometry": {"type": "LineString", "coordinates": [[77.57848, 12.90643], [77.57332, 12.90645]]}}, {"type": "Feature", "properties": {}, "geometry": {"type": "LineString", "coordinates": [[77.58035, 12.90635], [77.57848, 12.90643]]}}, {"type": "Feature", "properties": {}, "geometry": {"type": "LineString", "coordinates": [[77.57332, 12.90645], [77.57331, 12.9061]]}}, {"type": "Feature", "properties": {}, "geometry": {"type": "LineString", "coordinates": [[77.57331, 12.9061], [77.57322, 12.90388], [77.57342, 12.90189]]}}, {"type": "Feature", "properties": {}, "geometry": {"type": "LineString", "coordinates": [[77.57342, 12.90189], [77.57345, 12.90163], [77.57274, 12.89935], [77.57183, 12.89812]]}}, {"type": "Feature", "properties": {}, "geometry": {"type": "LineString", "coordinates": [[77.58041, 12.90592], [77.58035, 12.90635]]}}, {"type": "Feature", "properties": {}, "geometry": {"type": "LineString", "coordinates": [[77.58583, 12.90608], [77.58583, 12.9058]]}}, {"type": "Feature", "properties": {}, "geometry": {"type": "LineString", "coordinates": [[77.58299, 12.90586], [77.583, 12.9059]]}}, {"type": "Feature", "properties": {}, "geometry": {"type": "LineString", "coordinates": [[77.583, 12.9059], [77.58041, 12.90592]]}}, {"type": "Feature", "properties": {}, "geometry": {"type": "LineString", "coordinates": [[77.58306, 12.90562], [77.58299, 12.90586]]}}, {"type": "Feature", "properties": {}, "geometry": {"type": "LineString", "coordinates": [[77.58583, 12.9058], [77.58575, 12.90555]]}}, {"type": "Feature", "properties": {}, "geometry": {"type": "LineString", "coordinates": [[77.58575, 12.90555], [77.58306, 12.90562]]}}, {"type": "Feature", "properties": {}, "geometry": {"type": "LineString", "coordinates": [[77.58428, 12.87421], [77.58403, 12.87788], [77.58427, 12.87988], [77.58354, 12.88221]]}}, {"type": "Feature", "properties": {}, "geometry": {"type": "LineString", "coordinates": [[77.58457, 12.87403], [77.58428, 12.87421]]}}, {"type": "Feature", "properties": {}, "geometry": {"type": "LineString", "coordinates": [[77.58354, 12.88221], [77.58354, 12.88224]]}}, {"type": "Feature", "properties": {}, "geometry": {"type": "LineString", "coordinates": [[77.63519, 12.91245], [77.63519, 12.91248]]}}, {"type": "Feature", "properties": {}, "geometry": {"type": "LineString", "coordinates": [[77.63519, 12.91241], [77.63519, 12.91245]]}}, {"type": "Feature", "properties": {}, "geometry": {"type": "LineString", "coordinates": [[77.63518, 12.91185], [77.63519, 12.91241]]}}, {"type": "Feature", "properties": {}, "geometry": {"type": "LineString", "coordinates": [[77.63509, 12.9103], [77.63518, 12.91185]]}}, {"type": "Feature", "properties": {}, "geometry": {"type": "LineString", "coordinates": [[77.63505, 12.90992], [77.63509, 12.9103]]}}, {"type": "Feature", "properties": {}, "geometry": {"type": "LineString", "coordinates": [[77.635, 12.90816], [77.63505, 12.90992]]}}, {"type": "Feature", "properties": {}, "geometry": {"type": "LineString", "coordinates": [[77.63499, 12.90781], [77.635, 12.90816]]}}, {"type": "Feature", "properties": {}, "geometry": {"type": "LineString", "coordinates": [[77.63503, 12.90742], [77.63499, 12.90781]]}}, {"type": "Feature", "properties": {}, "geometry": {"type": "LineString", "coordinates": [[77.63423, 12.90715], [77.63503, 12.90742]]}}, {"type": "Feature", "properties": {}, "geometry": {"type": "LineString", "coordinates": [[77.62893, 12.9073], [77.63097, 12.90725], [77.63111, 12.90672], [77.63262, 12.90677]]}}, {"type": "Feature", "properties": {}, "geometry": {"type": "LineString", "coordinates": [[77.63265, 12.90677], [77.63423, 12.90715]]}}, {"type": "Feature", "properties": {}, "geometry": {"type": "LineString", "coordinates": [[77.63262, 12.90677], [77.63265, 12.90677]]}}, {"type": "Feature", "properties": {}, "geometry": {"type": "LineString", "coordinates": [[77.62026, 12.89817], [77.62137, 12.89777], [77.62203, 12.89967], [77.62338, 12.90145], [77.62422, 12.90309], [77.62672, 12.90368]]}}, {"type": "Feature", "properties": {}, "geometry": {"type": "LineString", "coordinates": [[77.62672, 12.90368], [77.62724, 12.9038], [77.62784, 12.90644], [77.62877, 12.90717]]}}, {"type": "Feature", "properties": {}, "geometry": {"type": "LineString", "coordinates": [[77.62877, 12.90717], [77.62893, 12.9073]]}}, {"type": "Feature", "properties": {}, "geometry": {"type": "LineString", "coordinates": [[77.65173, 12.92365], [77.65181, 12.92414]]}}, {"type": "Feature", "properties": {}, "geometry": {"type": "LineString", "coordinates": [[77.65181, 12.92414], [77.65188, 12.92414]]}}, {"type": "Feature", "properties": {}, "geometry": {"type": "LineString", "coordinates": [[77.65188, 12.92414], [77.65496, 12.92347], [77.66476, 12.92038], [77.66494, 12.9207]]}}, {"type": "Feature", "properties": {}, "geometry": {"type": "LineString", "coordinates": [[77.65162, 12.92309], [77.65173, 12.92365]]}}, {"type": "Feature", "properties": {}, "geometry": {"type": "LineString", "coordinates": [[77.65169, 12.91974], [77.65166, 12.92118]]}}, {"type": "Feature", "properties": {}, "geometry": {"type": "LineString", "coordinates": [[77.65166, 12.92118], [77.65162, 12.92309]]}}, {"type": "Feature", "properties": {}, "geometry": {"type": "LineString", "coordinates": [[77.65169, 12.91964], [77.65169, 12.91974]]}}, {"type": "Feature", "properties": {}, "geometry": {"type": "LineString", "coordinates": [[77.65175, 12.91809], [77.65169, 12.91964]]}}, {"type": "Feature", "properties": {}, "geometry": {"type": "LineString", "coordinates": [[77.65178, 12.91802], [77.65175, 12.91809]]}}, {"type": "Feature", "properties": {}, "geometry": {"type": "LineString", "coordinates": [[77.6517, 12.91728], [77.65178, 12.91802]]}}, {"type": "Feature", "properties": {}, "geometry": {"type": "LineString", "coordinates": [[77.65167, 12.91728], [77.6517, 12.91728]]}}, {"type": "Feature", "properties": {}, "geometry": {"type": "LineString", "coordinates": [[77.6512, 12.91725], [77.65167, 12.91728]]}}, {"type": "Feature", "properties": {}, "geometry": {"type": "LineString", "coordinates": [[77.6498, 12.91719], [77.6512, 12.91725]]}}, {"type": "Feature", "properties": {}, "geometry": {"type": "LineString", "coordinates": [[77.64926, 12.91716], [77.6498, 12.91719]]}}, {"type": "Feature", "properties": {}, "geometry": {"type": "LineString", "coordinates": [[77.64919, 12.91716], [77.64926, 12.91716]]}}, {"type": "Feature", "properties": {}, "geometry": {"type": "LineString", "coordinates": [[77.64715, 12.91711], [77.64919, 12.91716]]}}, {"type": "Feature", "properties": {}, "geometry": {"type": "LineString", "coordinates": [[77.63834, 12.91583], [77.64036, 12.91651], [77.64098, 12.91718], [77.6418, 12.91717]]}}, {"type": "Feature", "properties": {}, "geometry": {"type": "LineString", "coordinates": [[77.64704, 12.91712], [77.64715, 12.91711]]}}, {"type": "Feature", "properties": {}, "geometry": {"type": "LineString", "coordinates": [[77.64664, 12.91708], [77.64704, 12.91712]]}}, {"type": "Feature", "properties": {}, "geometry": {"type": "LineString", "coordinates": [[77.6418, 12.91717], [77.64248, 12.91713]]}}, {"type": "Feature", "properties": {}, "geometry": {"type": "LineString", "coordinates": [[77.64248, 12.91713], [77.64349, 12.91712]]}}, {"type": "Feature", "properties": {}, "geometry": {"type": "LineString", "coordinates": [[77.64632, 12.91709], [77.64664, 12.91708]]}}, {"type": "Feature", "properties": {}, "geometry": {"type": "LineString", "coordinates": [[77.64349, 12.91712], [77.64381, 12.91708]]}}, {"type": "Feature", "properties": {}, "geometry": {"type": "LineString", "coordinates": [[77.646, 12.91706], [77.64632, 12.91709]]}}, {"type": "Feature", "properties": {}, "geometry": {"type": "LineString", "coordinates": [[77.64381, 12.91708], [77.64427, 12.91707]]}}, {"type": "Feature", "properties": {}, "geometry": {"type": "LineString", "coordinates": [[77.64553, 12.91703], [77.646, 12.91706]]}}, {"type": "Feature", "properties": {}, "geometry": {"type": "LineString", "coordinates": [[77.64427, 12.91707], [77.64481, 12.91703]]}}, {"type": "Feature", "properties": {}, "geometry": {"type": "LineString", "coordinates": [[77.64492, 12.91703], [77.64553, 12.91703]]}}, {"type": "Feature", "properties": {}, "geometry": {"type": "LineString", "coordinates": [[77.64481, 12.91703], [77.64492, 12.91703]]}}, {"type": "Feature", "properties": {}, "geometry": {"type": "LineString", "coordinates": [[77.63533, 12.91614], [77.63648, 12.91599]]}}, {"type": "Feature", "properties": {}, "geometry": {"type": "LineString", "coordinates": [[77.63648, 12.91599], [77.63684, 12.91595]]}}, {"type": "Feature", "properties": {}, "geometry": {"type": "LineString", "coordinates": [[77.63684, 12.91595], [77.63687, 12.91595]]}}, {"type": "Feature", "properties": {}, "geometry": {"type": "LineString", "coordinates": [[77.63816, 12.91587], [77.63827, 12.91583]]}}, {"type": "Feature", "properties": {}, "geometry": {"type": "LineString", "coordinates": [[77.63827, 12.91583], [77.63834, 12.91583]]}}, {"type": "Feature", "properties": {}, "geometry": {"type": "LineString", "coordinates": [[77.59875, 12.89293], [77.60298, 12.89247], [77.60448, 12.89203], [77.60451, 12.8915], [77.60537, 12.89128], [77.60673, 12.89109], [77.60781, 12.89133], [77.60979, 12.89215], [77.61063, 12.89295], [77.61111, 12.89485], [77.61115, 12.89805], [77.61337, 12.89775], [77.61589, 12.89864]]}}, {"type": "Feature", "properties": {}, "geometry": {"type": "LineString", "coordinates": [[77.61589, 12.89864], [77.61772, 12.89858], [77.61814, 12.89812], [77.61897, 12.89811], [77.61936, 12.89836], [77.62026, 12.89817]]}}, {"type": "Feature", "properties": {}, "geometry": {"type": "LineString", "coordinates": [[77.62022, 12.89768], [77.62065, 12.89757], [77.62072, 12.89785], [77.62136, 12.89767], [77.62048, 12.89574], [77.61981, 12.89311], [77.61958, 12.8916], [77.62012, 12.89142], [77.62014, 12.8904], [77.61984, 12.88896], [77.62131, 12.88859], [77.62144, 12.88743], [77.62183, 12.887], [77.6217, 12.88503], [77.62208, 12.88344], [77.62293, 12.88298], [77.62336, 12.88241], [77.62313, 12.88132], [77.62445, 12.88075]]}}, {"type": "Feature", "properties": {}, "geometry": {"type": "LineString", "coordinates": [[77.62445, 12.88075], [77.62457, 12.87821], [77.62542, 12.87764], [77.62602, 12.87626], [77.62589, 12.87415], [77.62502, 12.87339], [77.62752, 12.8691], [77.6285, 12.86642], [77.62932, 12.8656], [77.63062, 12.8632], [77.63209, 12.86115]]}}, {"type": "Feature", "properties": {}, "geometry": {"type": "LineString", "coordinates": [[77.62026, 12.89817], [77.62011, 12.89782]]}}, {"type": "Feature", "properties": {}, "geometry": {"type": "LineString", "coordinates": [[77.54873, 12.88769], [77.56268, 12.88326], [77.58146, 12.8753], [77.58207, 12.87487], [77.58185, 12.87424], [77.58385, 12.87351], [77.5841, 12.87407]]}}, {"type": "Feature", "properties": {}, "geometry": {"type": "LineString", "coordinates": [[77.5841, 12.87407], [77.58425, 12.87407]]}}, {"type": "Feature", "properties": {}, "geometry": {"type": "LineString", "coordinates": [[77.58425, 12.87407], [77.5845, 12.874]]}}, {"type": "Feature", "properties": {}, "geometry": {"type": "LineString", "coordinates": [[77.58457, 12.87407], [77.58511, 12.87396]]}}, {"type": "Feature", "properties": {}, "geometry": {"type": "LineString", "coordinates": [[77.58511, 12.87396], [77.58491, 12.87192], [77.58537, 12.87167], [77.58522, 12.87054], [77.58786, 12.86953], [77.58889, 12.87006]]}}, {"type": "Feature", "properties": {}, "geometry": {"type": "LineString", "coordinates": [[77.58889, 12.87006], [77.58934, 12.87029]]}}, {"type": "Feature", "properties": {}, "geometry": {"type": "LineString", "coordinates": [[77.58966, 12.87043], [77.5915, 12.87131]]}}, {"type": "Feature", "properties": {}, "geometry": {"type": "LineString", "coordinates": [[77.5915, 12.87131], [77.59154, 12.87133], [77.59347, 12.87127], [77.59366, 12.87169]]}}, {"type": "Feature", "properties": {}, "geometry": {"type": "LineString", "coordinates": [[77.58934, 12.87029], [77.58966, 12.87043]]}}, {"type": "Feature", "properties": {}, "geometry": {"type": "LineString", "coordinates": [[77.59679, 12.88711], [77.59875, 12.89293]]}}, {"type": "Feature", "properties": {}, "geometry": {"type": "LineString", "coordinates": [[77.59366, 12.87169], [77.59401, 12.87288]]}}, {"type": "Feature", "properties": {}, "geometry": {"type": "LineString", "coordinates": [[77.59401, 12.87288], [77.59481, 12.87555], [77.59679, 12.88711]]}}, {"type": "Feature", "properties": {}, "geometry": {"type": "LineString", "coordinates": [[77.66202, 12.85944], [77.65388, 12.86966]]}}, {"type": "Feature", "properties": {}, "geometry": {"type": "LineString", "coordinates": [[77.65388, 12.86966], [77.65364, 12.86997]]}}, {"type": "Feature", "properties": {}, "geometry": {"type": "LineString", "coordinates": [[77.60145, 12.90406], [77.60164, 12.90547], [77.60041, 12.90731]]}}, {"type": "Feature", "properties": {}, "geometry": {"type": "LineString", "coordinates": [[77.57155, 12.9166], [77.57152, 12.9166]]}}, {"type": "Feature", "properties": {}, "geometry": {"type": "LineString", "coordinates": [[77.57173, 12.91657], [77.57166, 12.91657]]}}, {"type": "Feature", "properties": {}, "geometry": {"type": "LineString", "coordinates": [[77.57195, 12.91656], [77.57173, 12.91657]]}}, {"type": "Feature", "properties": {}, "geometry": {"type": "LineString", "coordinates": [[77.57205, 12.91649], [77.57206, 12.91656]]}}, {"type": "Feature", "properties": {}, "geometry": {"type": "LineString", "coordinates": [[77.57119, 12.91657], [77.57112, 12.91657]]}}, {"type": "Feature", "properties": {}, "geometry": {"type": "LineString", "coordinates": [[77.57205, 12.91632], [77.57205, 12.91649]]}}, {"type": "Feature", "properties": {}, "geometry": {"type": "LineString", "coordinates": [[77.57205, 12.91603], [77.57205, 12.91632]]}}, {"type": "Feature", "properties": {}, "geometry": {"type": "LineString", "coordinates": [[77.57208, 12.91589], [77.57205, 12.91603]]}}, {"type": "Feature", "properties": {}, "geometry": {"type": "LineString", "coordinates": [[77.56615, 12.91412], [77.56604, 12.91416]]}}, {"type": "Feature", "properties": {}, "geometry": {"type": "LineString", "coordinates": [[77.56618, 12.91409], [77.56615, 12.91412]]}}, {"type": "Feature", "properties": {}, "geometry": {"type": "LineString", "coordinates": [[77.56597, 12.91419], [77.5659, 12.91423]]}}, {"type": "Feature", "properties": {}, "geometry": {"type": "LineString", "coordinates": [[77.56604, 12.91416], [77.56597, 12.91419]]}}, {"type": "Feature", "properties": {}, "geometry": {"type": "LineString", "coordinates": [[77.5659, 12.91423], [77.56611, 12.91377], [77.56604, 12.91416]]}}, {"type": "Feature", "properties": {}, "geometry": {"type": "LineString", "coordinates": [[77.58428, 12.87411], [77.5841, 12.87407]]}}, {"type": "Feature", "properties": {}, "geometry": {"type": "LineString", "coordinates": [[77.58453, 12.87403], [77.58428, 12.87411]]}}, {"type": "Feature", "properties": {}, "geometry": {"type": "LineString", "coordinates": [[77.5841, 12.87407], [77.58328, 12.87074]]}}, {"type": "Feature", "properties": {}, "geometry": {"type": "LineString", "coordinates": [[77.58328, 12.87074], [77.57977, 12.87084]]}}, {"type": "Feature", "properties": {}, "geometry": {"type": "LineString", "coordinates": [[77.58482, 12.87396], [77.5846, 12.874]]}}, {"type": "Feature", "properties": {}, "geometry": {"type": "LineString", "coordinates": [[77.58906, 12.87128], [77.58907, 12.87227], [77.5888, 12.87229]]}}, {"type": "Feature", "properties": {}, "geometry": {"type": "LineString", "coordinates": [[77.5888, 12.87229], [77.5867, 12.87243], [77.58686, 12.87357]]}}, {"type": "Feature", "properties": {}, "geometry": {"type": "LineString", "coordinates": [[77.58686, 12.87357], [77.58686, 12.87359], [77.58621, 12.87396]]}}, {"type": "Feature", "properties": {}, "geometry": {"type": "LineString", "coordinates": [[77.58621, 12.87396], [77.58618, 12.87398], [77.58511, 12.87396]]}}, {"type": "Feature", "properties": {}, "geometry": {"type": "LineString", "coordinates": [[77.58511, 12.87396], [77.58482, 12.87396]]}}, {"type": "Feature", "properties": {}, "geometry": {"type": "LineString", "coordinates": [[77.5846, 12.874], [77.58453, 12.87403]]}}, {"type": "Feature", "properties": {}, "geometry": {"type": "LineString", "coordinates": [[77.58328, 12.87074], [77.58357, 12.8707]]}}, {"type": "Feature", "properties": {}, "geometry": {"type": "LineString", "coordinates": [[77.62383, 12.91735], [77.62473, 12.91741]]}}, {"type": "Feature", "properties": {}, "geometry": {"type": "LineString", "coordinates": [[77.58627, 12.89693], [77.58638, 12.89313], [77.58559, 12.89306], [77.58562, 12.89264], [77.58186, 12.8932]]}}, {"type": "Feature", "properties": {}, "geometry": {"type": "LineString", "coordinates": [[77.63823, 12.91231], [77.64275, 12.9122]]}}, {"type": "Feature", "properties": {}, "geometry": {"type": "LineString", "coordinates": [[77.64275, 12.9122], [77.64433, 12.91215], [77.64433, 12.91176], [77.64461, 12.91176]]}}, {"type": "Feature", "properties": {}, "geometry": {"type": "LineString", "coordinates": [[77.6448, 12.91214], [77.64559, 12.9121]]}}, {"type": "Feature", "properties": {}, "geometry": {"type": "LineString", "coordinates": [[77.64472, 12.91175], [77.6448, 12.91214]]}}, {"type": "Feature", "properties": {}, "geometry": {"type": "LineString", "coordinates": [[77.64559, 12.9121], [77.64659, 12.91202]]}}, {"type": "Feature", "properties": {}, "geometry": {"type": "LineString", "coordinates": [[77.64659, 12.91202], [77.64666, 12.91198]]}}, {"type": "Feature", "properties": {}, "geometry": {"type": "LineString", "coordinates": [[77.64461, 12.91176], [77.64465, 12.91176]]}}, {"type": "Feature", "properties": {}, "geometry": {"type": "LineString", "coordinates": [[77.64465, 12.91176], [77.64472, 12.91175]]}}, {"type": "Feature", "properties": {}, "geometry": {"type": "LineString", "coordinates": [[77.64666, 12.91202], [77.64666, 12.91198]]}}, {"type": "Feature", "properties": {}, "geometry": {"type": "LineString", "coordinates": [[77.63827, 12.91583], [77.6382, 12.91288]]}}, {"type": "Feature", "properties": {}, "geometry": {"type": "LineString", "coordinates": [[77.6382, 12.91288], [77.6382, 12.91242]]}}, {"type": "Feature", "properties": {}, "geometry": {"type": "LineString", "coordinates": [[77.6382, 12.91242], [77.6382, 12.91238]]}}, {"type": "Feature", "properties": {}, "geometry": {"type": "LineString", "coordinates": [[77.6382, 12.91238], [77.63816, 12.91235]]}}, {"type": "Feature", "properties": {}, "geometry": {"type": "LineString", "coordinates": [[77.63533, 12.916], [77.63533, 12.91614]]}}, {"type": "Feature", "properties": {}, "geometry": {"type": "LineString", "coordinates": [[77.63533, 12.91597], [77.63533, 12.916]]}}, {"type": "Feature", "properties": {}, "geometry": {"type": "LineString", "coordinates": [[77.63533, 12.9159], [77.63533, 12.91597]]}}, {"type": "Feature", "properties": {}, "geometry": {"type": "LineString", "coordinates": [[77.63529, 12.91537], [77.63533, 12.9159]]}}, {"type": "Feature", "properties": {}, "geometry": {"type": "LineString", "coordinates": [[77.63528, 12.91491], [77.63529, 12.91537]]}}, {"type": "Feature", "properties": {}, "geometry": {"type": "LineString", "coordinates": [[77.63528, 12.9146], [77.63528, 12.91491]]}}, {"type": "Feature", "properties": {}, "geometry": {"type": "LineString", "coordinates": [[77.63528, 12.91456], [77.63528, 12.9146]]}}, {"type": "Feature", "properties": {}, "geometry": {"type": "LineString", "coordinates": [[77.63524, 12.91403], [77.63528, 12.91456]]}}, {"type": "Feature", "properties": {}, "geometry": {"type": "LineString", "coordinates": [[77.63523, 12.91354], [77.63524, 12.91403]]}}, {"type": "Feature", "properties": {}, "geometry": {"type": "LineString", "coordinates": [[77.63519, 12.91305], [77.63523, 12.91354]]}}, {"type": "Feature", "properties": {}, "geometry": {"type": "LineString", "coordinates": [[77.63519, 12.91252], [77.63519, 12.91305]]}}, {"type": "Feature", "properties": {}, "geometry": {"type": "LineString", "coordinates": [[77.63519, 12.91248], [77.63519, 12.91252]]}}, {"type": "Feature", "properties": {}, "geometry": {"type": "LineString", "coordinates": [[77.63526, 12.91248], [77.63519, 12.91248]]}}, {"type": "Feature", "properties": {}, "geometry": {"type": "LineString", "coordinates": [[77.6368, 12.91243], [77.63526, 12.91248]]}}, {"type": "Feature", "properties": {}, "geometry": {"type": "LineString", "coordinates": [[77.6382, 12.91238], [77.6368, 12.91243]]}}, {"type": "Feature", "properties": {}, "geometry": {"type": "LineString", "coordinates": [[77.63823, 12.91238], [77.6382, 12.91238]]}}, {"type": "Feature", "properties": {}, "geometry": {"type": "LineString", "coordinates": [[77.64214, 12.91231], [77.63823, 12.91238]]}}, {"type": "Feature", "properties": {}, "geometry": {"type": "LineString", "coordinates": [[77.65185, 12.92421], [77.65188, 12.92417]]}}, {"type": "Feature", "properties": {}, "geometry": {"type": "LineString", "coordinates": [[77.65188, 12.92417], [77.65188, 12.92414]]}}, {"type": "Feature", "properties": {}, "geometry": {"type": "LineString", "coordinates": [[77.60464, 12.89009], [77.60478, 12.89002]]}}, {"type": "Feature", "properties": {}, "geometry": {"type": "LineString", "coordinates": [[77.60399, 12.88978], [77.60403, 12.88982]]}}, {"type": "Feature", "properties": {}, "geometry": {"type": "LineString", "coordinates": [[77.67312, 12.88931], [77.67349, 12.89186]]}}, {"type": "Feature", "properties": {}, "geometry": {"type": "LineString", "coordinates": [[77.67234, 12.88484], [77.67235, 12.88488]]}}, {"type": "Feature", "properties": {}, "geometry": {"type": "LineString", "coordinates": [[77.67294, 12.88869], [77.67128, 12.88928]]}}, {"type": "Feature", "properties": {}, "geometry": {"type": "LineString", "coordinates": [[77.58482, 12.87396], [77.58507, 12.87389], [77.58483, 12.87174], [77.58533, 12.87163], [77.58518, 12.87054], [77.5822, 12.87071], [77.58196, 12.86762], [77.58142, 12.86738], [77.58119, 12.86671], [77.58195, 12.86667]]}}, {"type": "Feature", "properties": {}, "geometry": {"type": "LineString", "coordinates": [[77.55904, 12.91363], [77.55889, 12.91265]]}}, {"type": "Feature", "properties": {}, "geometry": {"type": "LineString", "coordinates": [[77.55889, 12.91265], [77.55841, 12.91156], [77.55636, 12.91172], [77.55439, 12.91135], [77.55435, 12.91136]]}}, {"type": "Feature", "properties": {}, "geometry": {"type": "LineString", "coordinates": [[77.55435, 12.91136], [77.55235, 12.91172], [77.5523, 12.91168]]}}, {"type": "Feature", "properties": {}, "geometry": {"type": "LineString", "coordinates": [[77.5523, 12.91168], [77.54963, 12.90936]]}}, {"type": "Feature", "properties": {}, "geometry": {"type": "LineString", "coordinates": [[77.54963, 12.90936], [77.54652, 12.9071]]}}, {"type": "Feature", "properties": {}, "geometry": {"type": "LineString", "coordinates": [[77.54652, 12.9071], [77.54404, 12.90646], [77.54285, 12.90583]]}}, {"type": "Feature", "properties": {}, "geometry": {"type": "LineString", "coordinates": [[77.60126, 12.90343], [77.60141, 12.90388]]}}, {"type": "Feature", "properties": {}, "geometry": {"type": "LineString", "coordinates": [[77.59875, 12.89293], [77.60091, 12.90058], [77.60093, 12.90213], [77.60126, 12.90343]]}}, {"type": "Feature", "properties": {}, "geometry": {"type": "LineString", "coordinates": [[77.60141, 12.90406], [77.60145, 12.90406]]}}, {"type": "Feature", "properties": {}, "geometry": {"type": "LineString", "coordinates": [[77.60138, 12.90403], [77.60141, 12.90406]]}}, {"type": "Feature", "properties": {}, "geometry": {"type": "LineString", "coordinates": [[77.60141, 12.90388], [77.60138, 12.90403]]}}, {"type": "Feature", "properties": {}, "geometry": {"type": "LineString", "coordinates": [[77.60145, 12.90403], [77.60145, 12.90406]]}}, {"type": "Feature", "properties": {}, "geometry": {"type": "LineString", "coordinates": [[77.60141, 12.90388], [77.60145, 12.90403]]}}, {"type": "Feature", "properties": {}, "geometry": {"type": "LineString", "coordinates": [[77.61505, 12.86286], [77.61371, 12.86168]]}}, {"type": "Feature", "properties": {}, "geometry": {"type": "LineString", "coordinates": [[77.56255, 12.90944], [77.56255, 12.90951]]}}, {"type": "Feature", "properties": {}, "geometry": {"type": "LineString", "coordinates": [[77.56255, 12.90944], [77.56255, 12.90951]]}}, {"type": "Feature", "properties": {}, "geometry": {"type": "LineString", "coordinates": [[77.63228, 12.90199], [77.63228, 12.90196]]}}, {"type": "Feature", "properties": {}, "geometry": {"type": "LineString", "coordinates": [[77.63228, 12.90196], [77.63231, 12.90192]]}}, {"type": "Feature", "properties": {}, "geometry": {"type": "LineString", "coordinates": [[77.63228, 12.90199], [77.63228, 12.90196]]}}, {"type": "Feature", "properties": {}, "geometry": {"type": "LineString", "coordinates": [[77.63228, 12.90196], [77.63231, 12.90192]]}}, {"type": "Feature", "properties": {}, "geometry": {"type": "LineString", "coordinates": [[77.64684, 12.91166], [77.64684, 12.9117]]}}, {"type": "Feature", "properties": {}, "geometry": {"type": "LineString", "coordinates": [[77.64684, 12.91166], [77.64684, 12.9117]]}}, {"type": "Feature", "properties": {}, "geometry": {"type": "LineString", "coordinates": [[77.64262, 12.90935], [77.64262, 12.90938]]}}, {"type": "Feature", "properties": {}, "geometry": {"type": "LineString", "coordinates": [[77.64262, 12.90935], [77.64262, 12.90938]]}}, {"type": "Feature", "properties": {}, "geometry": {"type": "LineString", "coordinates": [[77.65198, 12.90932], [77.65201, 12.90929]]}}, {"type": "Feature", "properties": {}, "geometry": {"type": "LineString", "coordinates": [[77.65198, 12.90932], [77.65201, 12.90929]]}}, {"type": "Feature", "properties": {}, "geometry": {"type": "LineString", "coordinates": [[77.64659, 12.91209], [77.64648, 12.91209]]}}, {"type": "Feature", "properties": {}, "geometry": {"type": "LineString", "coordinates": [[77.64659, 12.91209], [77.64648, 12.91209]]}}, {"type": "Feature", "properties": {}, "geometry": {"type": "LineString", "coordinates": [[77.65179, 12.91211], [77.65176, 12.91211]]}}, {"type": "Feature", "properties": {}, "geometry": {"type": "LineString", "coordinates": [[77.65179, 12.91211], [77.65176, 12.91211]]}}, {"type": "Feature", "properties": {}, "geometry": {"type": "LineString", "coordinates": [[77.64687, 12.91166], [77.64687, 12.9117]]}}, {"type": "Feature", "properties": {}, "geometry": {"type": "LineString", "coordinates": [[77.64687, 12.91166], [77.64687, 12.9117]]}}, {"type": "Feature", "properties": {}, "geometry": {"type": "LineString", "coordinates": [[77.64687, 12.9117], [77.64687, 12.91173]]}}, {"type": "Feature", "properties": {}, "geometry": {"type": "LineString", "coordinates": [[77.64687, 12.9117], [77.64687, 12.91173]]}}, {"type": "Feature", "properties": {}, "geometry": {"type": "LineString", "coordinates": [[77.65155, 12.87241], [77.65155, 12.87245]]}}, {"type": "Feature", "properties": {}, "geometry": {"type": "LineString", "coordinates": [[77.64886, 12.87554], [77.6489, 12.8755]]}}, {"type": "Feature", "properties": {}, "geometry": {"type": "LineString", "coordinates": [[77.5462, 12.90696], [77.54624, 12.90696]]}}, {"type": "Feature", "properties": {}, "geometry": {"type": "LineString", "coordinates": [[77.65169, 12.91587], [77.65169, 12.91584]]}}, {"type": "Feature", "properties": {}, "geometry": {"type": "LineString", "coordinates": [[77.64462, 12.91221], [77.64469, 12.91221]]}}, {"type": "Feature", "properties": {}, "geometry": {"type": "LineString", "coordinates": [[77.64804, 12.89944], [77.64807, 12.89944]]}}, {"type": "Feature", "properties": {}, "geometry": {"type": "LineString", "coordinates": [[77.63823, 12.91231], [77.63827, 12.91231]]}}, {"type": "Feature", "properties": {}, "geometry": {"type": "LineString", "coordinates": [[77.61998, 12.88878], [77.62002, 12.88878]]}}, {"type": "Feature", "properties": {}, "geometry": {"type": "LineString", "coordinates": [[77.6355, 12.90463], [77.6355, 12.90467]]}}, {"type": "Feature", "properties": {}, "geometry": {"type": "LineString", "coordinates": [[77.64978, 12.87437], [77.64928, 12.8749], [77.64878, 12.8748]]}}, {"type": "Feature", "properties": {}, "geometry": {"type": "LineString", "coordinates": [[77.64928, 12.8749], [77.64904, 12.87522]]}}, {"type": "Feature", "properties": {}, "geometry": {"type": "LineString", "coordinates": [[77.63246, 12.87862], [77.63307, 12.87802], [77.63576, 12.87775], [77.63405, 12.86594], [77.63294, 12.86535], [77.63018, 12.86601], [77.62939, 12.86581], [77.63231, 12.86128]]}}, {"type": "Feature", "properties": {}, "geometry": {"type": "LineString", "coordinates": [[77.64433, 12.91215], [77.64537, 12.9121]]}}, {"type": "Feature", "properties": {}, "geometry": {"type": "LineString", "coordinates": [[77.57209, 12.892], [77.57213, 12.892]]}}, {"type": "Feature", "properties": {}, "geometry": {"type": "LineString", "coordinates": [[77.60444, 12.89105], [77.60447, 12.89108]]}}, {"type": "Feature", "properties": {}, "geometry": {"type": "LineString", "coordinates": [[77.57202, 12.91649], [77.5704, 12.91637], [77.56997, 12.91567], [77.56889, 12.91526]]}}, {"type": "Feature", "properties": {}, "geometry": {"type": "LineString", "coordinates": [[77.56308, 12.87361], [77.56312, 12.87361]]}}, {"type": "Feature", "properties": {}, "geometry": {"type": "LineString", "coordinates": [[77.64462, 12.91221], [77.64458, 12.91221]]}}, {"type": "Feature", "properties": {}, "geometry": {"type": "LineString", "coordinates": [[77.64648, 12.91209], [77.64462, 12.91221]]}}, {"type": "Feature", "properties": {}, "geometry": {"type": "LineString", "coordinates": [[77.64666, 12.91202], [77.64659, 12.91209]]}}, {"type": "Feature", "properties": {}, "geometry": {"type": "LineString", "coordinates": [[77.64666, 12.91198], [77.64666, 12.91202]]}}, {"type": "Feature", "properties": {}, "geometry": {"type": "LineString", "coordinates": [[77.64458, 12.91221], [77.64214, 12.91231]]}}, {"type": "Feature", "properties": {}, "geometry": {"type": "LineString", "coordinates": [[77.64458, 12.91221], [77.63583, 12.91244]]}}, {"type": "Feature", "properties": {}, "geometry": {"type": "LineString", "coordinates": [[77.65109, 12.87288], [77.65102, 12.87295]]}}, {"type": "Feature", "properties": {}, "geometry": {"type": "LineString", "coordinates": [[77.5801, 12.94844], [77.5801, 12.94879]]}}, {"type": "Feature", "properties": {}, "geometry": {"type": "LineString", "coordinates": [[77.57995, 12.94837], [77.58006, 12.9484]]}}, {"type": "Feature", "properties": {}, "geometry": {"type": "LineString", "coordinates": [[77.57567, 12.94348], [77.57567, 12.94366]]}}, {"type": "Feature", "properties": {}, "geometry": {"type": "LineString", "coordinates": [[77.5801, 12.95231], [77.58013, 12.95512]]}}, {"type": "Feature", "properties": {}, "geometry": {"type": "LineString", "coordinates": [[77.58403, 12.95406], [77.5841, 12.95417]]}}, {"type": "Feature", "properties": {}, "geometry": {"type": "LineString", "coordinates": [[77.58319, 12.95224], [77.58403, 12.95406]]}}, {"type": "Feature", "properties": {}, "geometry": {"type": "LineString", "coordinates": [[77.58104, 12.94917], [77.58197, 12.94968], [77.58318, 12.95221]]}}, {"type": "Feature", "properties": {}, "geometry": {"type": "LineString", "coordinates": [[77.5801, 12.94879], [77.58078, 12.94903]]}}, {"type": "Feature", "properties": {}, "geometry": {"type": "LineString", "coordinates": [[77.58547, 12.95415], [77.58539, 12.95416]]}}, {"type": "Feature", "properties": {}, "geometry": {"type": "LineString", "coordinates": [[77.58539, 12.95416], [77.58532, 12.95412]]}}, {"type": "Feature", "properties": {}, "geometry": {"type": "LineString", "coordinates": [[77.58577, 12.95563], [77.58641, 12.9583], [77.58684, 12.9591]]}}, {"type": "Feature", "properties": {}, "geometry": {"type": "LineString", "coordinates": [[77.58539, 12.95419], [77.58577, 12.95563]]}}, {"type": "Feature", "properties": {}, "geometry": {"type": "LineString", "coordinates": [[77.58539, 12.95416], [77.58539, 12.95419]]}}, {"type": "Feature", "properties": {}, "geometry": {"type": "LineString", "coordinates": [[77.58536, 12.95409], [77.58539, 12.95416]]}}, {"type": "Feature", "properties": {}, "geometry": {"type": "LineString", "coordinates": [[77.57362, 12.95395], [77.57362, 12.95399]]}}, {"type": "Feature", "properties": {}, "geometry": {"type": "LineString", "coordinates": [[77.57362, 12.95329], [77.57344, 12.95329]]}}, {"type": "Feature", "properties": {}, "geometry": {"type": "LineString", "coordinates": [[77.57362, 12.95332], [77.57362, 12.95395]]}}, {"type": "Feature", "properties": {}, "geometry": {"type": "LineString", "coordinates": [[77.57362, 12.95329], [77.57362, 12.95332]]}}, {"type": "Feature", "properties": {}, "geometry": {"type": "LineString", "coordinates": [[77.57362, 12.95322], [77.57362, 12.95329]]}}, {"type": "Feature", "properties": {}, "geometry": {"type": "LineString", "coordinates": [[77.57367, 12.94843], [77.57362, 12.95322]]}}, {"type": "Feature", "properties": {}, "geometry": {"type": "LineString", "coordinates": [[77.56757, 12.95525], [77.56757, 12.95528]]}}, {"type": "Feature", "properties": {}, "geometry": {"type": "LineString", "coordinates": [[77.57235, 12.95573], [77.57219, 12.95724]]}}, {"type": "Feature", "properties": {}, "geometry": {"type": "LineString", "coordinates": [[77.5723, 12.95407], [77.57235, 12.95573]]}}, {"type": "Feature", "properties": {}, "geometry": {"type": "LineString", "coordinates": [[77.57229, 12.95344], [77.5723, 12.95407]]}}, {"type": "Feature", "properties": {}, "geometry": {"type": "LineString", "coordinates": [[77.57229, 12.9533], [77.57229, 12.95344]]}}, {"type": "Feature", "properties": {}, "geometry": {"type": "LineString", "coordinates": [[77.57231, 12.95193], [77.57229, 12.9533]]}}, {"type": "Feature", "properties": {}, "geometry": {"type": "LineString", "coordinates": [[77.5723, 12.95112], [77.57231, 12.95193]]}}, {"type": "Feature", "properties": {}, "geometry": {"type": "LineString", "coordinates": [[77.57233, 12.95024], [77.5723, 12.95112]]}}, {"type": "Feature", "properties": {}, "geometry": {"type": "LineString", "coordinates": [[77.57231, 12.94851], [77.57233, 12.95024]]}}, {"type": "Feature", "properties": {}, "geometry": {"type": "LineString", "coordinates": [[77.57235, 12.94837], [77.57231, 12.94851]]}}, {"type": "Feature", "properties": {}, "geometry": {"type": "LineString", "coordinates": [[77.57235, 12.94834], [77.57235, 12.94837]]}}, {"type": "Feature", "properties": {}, "geometry": {"type": "LineString", "coordinates": [[77.57234, 12.94827], [77.57235, 12.94834]]}}, {"type": "Feature", "properties": {}, "geometry": {"type": "LineString", "coordinates": [[77.56691, 12.94283], [77.56773, 12.94258]]}}, {"type": "Feature", "properties": {}, "geometry": {"type": "LineString", "coordinates": [[77.568, 12.94071], [77.568, 12.94085]]}}, {"type": "Feature", "properties": {}, "geometry": {"type": "LineString", "coordinates": [[77.568, 12.9406], [77.568, 12.94071]]}}, {"type": "Feature", "properties": {}, "geometry": {"type": "LineString", "coordinates": [[77.57998, 12.93711], [77.58008, 12.93689]]}}, {"type": "Feature", "properties": {}, "geometry": {"type": "LineString", "coordinates": [[77.58008, 12.93689], [77.58008, 12.93682]]}}, {"type": "Feature", "properties": {}, "geometry": {"type": "LineString", "coordinates": [[77.58008, 12.93682], [77.58005, 12.93679]]}}, {"type": "Feature", "properties": {}, "geometry": {"type": "LineString", "coordinates": [[77.58005, 12.93679], [77.58005, 12.93672]]}}, {"type": "Feature", "properties": {}, "geometry": {"type": "LineString", "coordinates": [[77.58005, 12.93672], [77.57977, 12.93433]]}}, {"type": "Feature", "properties": {}, "geometry": {"type": "LineString", "coordinates": [[77.57704, 12.94072], [77.577, 12.9409]]}}, {"type": "Feature", "properties": {}, "geometry": {"type": "LineString", "coordinates": [[77.57775, 12.93987], [77.5777, 12.93993]]}}, {"type": "Feature", "properties": {}, "geometry": {"type": "LineString", "coordinates": [[77.5777, 12.93993], [77.57714, 12.9406]]}}, {"type": "Feature", "properties": {}, "geometry": {"type": "LineString", "coordinates": [[77.57714, 12.9406], [77.57704, 12.94072]]}}, {"type": "Feature", "properties": {}, "geometry": {"type": "LineString", "coordinates": [[77.57817, 12.93931], [77.57775, 12.93987]]}}, {"type": "Feature", "properties": {}, "geometry": {"type": "LineString", "coordinates": [[77.57888, 12.93842], [77.57817, 12.93931]]}}, {"type": "Feature", "properties": {}, "geometry": {"type": "LineString", "coordinates": [[77.57998, 12.93711], [77.57888, 12.93842]]}}, {"type": "Feature", "properties": {}, "geometry": {"type": "LineString", "coordinates": [[77.57931, 12.94222], [77.58, 12.94221]]}}, {"type": "Feature", "properties": {}, "geometry": {"type": "LineString", "coordinates": [[77.57856, 12.94222], [77.57931, 12.94222]]}}, {"type": "Feature", "properties": {}, "geometry": {"type": "LineString", "coordinates": [[77.58, 12.94221], [77.5801, 12.94221]]}}, {"type": "Feature", "properties": {}, "geometry": {"type": "LineString", "coordinates": [[77.57784, 12.94219], [77.57856, 12.94222]]}}, {"type": "Feature", "properties": {}, "geometry": {"type": "LineString", "coordinates": [[77.57698, 12.9422], [77.57784, 12.94219]]}}, {"type": "Feature", "properties": {}, "geometry": {"type": "LineString", "coordinates": [[77.57687, 12.9422], [77.57698, 12.9422]]}}, {"type": "Feature", "properties": {}, "geometry": {"type": "LineString", "coordinates": [[77.5739, 12.9422], [77.57687, 12.9422]]}}, {"type": "Feature", "properties": {}, "geometry": {"type": "LineString", "coordinates": [[77.57289, 12.94224], [77.57372, 12.9422]]}}, {"type": "Feature", "properties": {}, "geometry": {"type": "LineString", "coordinates": [[77.57192, 12.94222], [77.57289, 12.94224]]}}, {"type": "Feature", "properties": {}, "geometry": {"type": "LineString", "coordinates": [[77.57375, 12.9422], [77.57378, 12.9422]]}}, {"type": "Feature", "properties": {}, "geometry": {"type": "LineString", "coordinates": [[77.57378, 12.9422], [77.57379, 12.9422]]}}, {"type": "Feature", "properties": {}, "geometry": {"type": "LineString", "coordinates": [[77.57379, 12.9422], [77.5739, 12.9422]]}}, {"type": "Feature", "properties": {}, "geometry": {"type": "LineString", "coordinates": [[77.57372, 12.9422], [77.57375, 12.9422]]}}, {"type": "Feature", "properties": {}, "geometry": {"type": "LineString", "coordinates": [[77.56959, 12.94224], [77.56963, 12.94221]]}}, {"type": "Feature", "properties": {}, "geometry": {"type": "LineString", "coordinates": [[77.5689, 12.94147], [77.56951, 12.94154], [77.56959, 12.94224]]}}, {"type": "Feature", "properties": {}, "geometry": {"type": "LineString", "coordinates": [[77.57117, 12.94219], [77.57192, 12.94222]]}}, {"type": "Feature", "properties": {}, "geometry": {"type": "LineString", "coordinates": [[77.57042, 12.9422], [77.57117, 12.94219]]}}, {"type": "Feature", "properties": {}, "geometry": {"type": "LineString", "coordinates": [[77.56963, 12.94221], [77.57042, 12.9422]]}}, {"type": "Feature", "properties": {}, "geometry": {"type": "LineString", "coordinates": [[77.56872, 12.94148], [77.5689, 12.94147]]}}, {"type": "Feature", "properties": {}, "geometry": {"type": "LineString", "coordinates": [[77.56858, 12.94148], [77.56872, 12.94148]]}}, {"type": "Feature", "properties": {}, "geometry": {"type": "LineString", "coordinates": [[77.56836, 12.94148], [77.56858, 12.94148]]}}, {"type": "Feature", "properties": {}, "geometry": {"type": "LineString", "coordinates": [[77.56811, 12.94141], [77.56836, 12.94148]]}}, {"type": "Feature", "properties": {}, "geometry": {"type": "LineString", "coordinates": [[77.55434, 12.94193], [77.55513, 12.94189]]}}, {"type": "Feature", "properties": {}, "geometry": {"type": "LineString", "coordinates": [[77.55513, 12.94189], [77.55588, 12.94181]]}}, {"type": "Feature", "properties": {}, "geometry": {"type": "LineString", "coordinates": [[77.55588, 12.94181], [77.55646, 12.94181]]}}, {"type": "Feature", "properties": {}, "geometry": {"type": "LineString", "coordinates": [[77.55646, 12.94181], [77.56026, 12.94163]]}}, {"type": "Feature", "properties": {}, "geometry": {"type": "LineString", "coordinates": [[77.57679, 12.9408], [77.57686, 12.94076]]}}, {"type": "Feature", "properties": {}, "geometry": {"type": "LineString", "coordinates": [[77.57679, 12.94076], [77.57679, 12.9408]]}}, {"type": "Feature", "properties": {}, "geometry": {"type": "LineString", "coordinates": [[77.57686, 12.94076], [77.5769, 12.94069]]}}, {"type": "Feature", "properties": {}, "geometry": {"type": "LineString", "coordinates": [[77.57611, 12.94073], [77.57679, 12.94076]]}}, {"type": "Feature", "properties": {}, "geometry": {"type": "LineString", "coordinates": [[77.5769, 12.94069], [77.57698, 12.9406]]}}, {"type": "Feature", "properties": {}, "geometry": {"type": "LineString", "coordinates": [[77.57698, 12.9406], [77.57768, 12.9398]]}}, {"type": "Feature", "properties": {}, "geometry": {"type": "LineString", "coordinates": [[77.57768, 12.9398], [77.57769, 12.93979]]}}, {"type": "Feature", "properties": {}, "geometry": {"type": "LineString", "coordinates": [[77.57769, 12.93979], [77.57884, 12.93835]]}}, {"type": "Feature", "properties": {}, "geometry": {"type": "LineString", "coordinates": [[77.57884, 12.93835], [77.58001, 12.93686]]}}, {"type": "Feature", "properties": {}, "geometry": {"type": "LineString", "coordinates": [[77.58001, 12.93686], [77.58001, 12.93682]]}}, {"type": "Feature", "properties": {}, "geometry": {"type": "LineString", "coordinates": [[77.58001, 12.93682], [77.58005, 12.93679]]}}, {"type": "Feature", "properties": {}, "geometry": {"type": "LineString", "coordinates": [[77.58005, 12.93679], [77.58008, 12.93675]]}}, {"type": "Feature", "properties": {}, "geometry": {"type": "LineString", "coordinates": [[77.56674, 12.9409], [77.56778, 12.94092], [77.568, 12.94071]]}}, {"type": "Feature", "properties": {}, "geometry": {"type": "LineString", "coordinates": [[77.568, 12.94071], [77.568, 12.94067]]}}, {"type": "Feature", "properties": {}, "geometry": {"type": "LineString", "coordinates": [[77.58005, 12.93672], [77.58008, 12.93675]]}}, {"type": "Feature", "properties": {}, "geometry": {"type": "LineString", "coordinates": [[77.57984, 12.93433], [77.58005, 12.93672]]}}, {"type": "Feature", "properties": {}, "geometry": {"type": "LineString", "coordinates": [[77.57578, 12.94348], [77.57578, 12.94359]]}}, {"type": "Feature", "properties": {}, "geometry": {"type": "LineString", "coordinates": [[77.56827, 12.93947], [77.56821, 12.9406]]}}, {"type": "Feature", "properties": {}, "geometry": {"type": "LineString", "coordinates": [[77.56821, 12.9406], [77.568, 12.9406]]}}, {"type": "Feature", "properties": {}, "geometry": {"type": "LineString", "coordinates": [[77.56824, 12.93947], [77.56827, 12.93947]]}}, {"type": "Feature", "properties": {}, "geometry": {"type": "LineString", "coordinates": [[77.56673, 12.93942], [77.56824, 12.93947]]}}, {"type": "Feature", "properties": {}, "geometry": {"type": "LineString", "coordinates": [[77.56597, 12.93939], [77.56673, 12.93942]]}}, {"type": "Feature", "properties": {}, "geometry": {"type": "LineString", "coordinates": [[77.56597, 12.939], [77.56597, 12.93939]]}}, {"type": "Feature", "properties": {}, "geometry": {"type": "LineString", "coordinates": [[77.56597, 12.93858], [77.56597, 12.939]]}}, {"type": "Feature", "properties": {}, "geometry": {"type": "LineString", "coordinates": [[77.566, 12.93816], [77.56597, 12.93858]]}}, {"type": "Feature", "properties": {}, "geometry": {"type": "LineString", "coordinates": [[77.56603, 12.93777], [77.566, 12.93816]]}}, {"type": "Feature", "properties": {}, "geometry": {"type": "LineString", "coordinates": [[77.56603, 12.93774], [77.56603, 12.93777]]}}, {"type": "Feature", "properties": {}, "geometry": {"type": "LineString", "coordinates": [[77.56603, 12.93735], [77.56603, 12.93774]]}}, {"type": "Feature", "properties": {}, "geometry": {"type": "LineString", "coordinates": [[77.56603, 12.93731], [77.56603, 12.93735]]}}, {"type": "Feature", "properties": {}, "geometry": {"type": "LineString", "coordinates": [[77.56606, 12.93689], [77.56603, 12.93731]]}}, {"type": "Feature", "properties": {}, "geometry": {"type": "LineString", "coordinates": [[77.56608, 12.93608], [77.56606, 12.93689]]}}, {"type": "Feature", "properties": {}, "geometry": {"type": "LineString", "coordinates": [[77.56611, 12.93527], [77.56608, 12.93608]]}}, {"type": "Feature", "properties": {}, "geometry": {"type": "LineString", "coordinates": [[77.577, 12.94368], [77.57779, 12.94371]]}}, {"type": "Feature", "properties": {}, "geometry": {"type": "LineString", "coordinates": [[77.57685, 12.94368], [77.577, 12.94368]]}}, {"type": "Feature", "properties": {}, "geometry": {"type": "LineString", "coordinates": [[77.57682, 12.94365], [77.57685, 12.94368]]}}, {"type": "Feature", "properties": {}, "geometry": {"type": "LineString", "coordinates": [[77.57603, 12.94366], [77.5766, 12.94365]]}}, {"type": "Feature", "properties": {}, "geometry": {"type": "LineString", "coordinates": [[77.57556, 12.94366], [77.57603, 12.94366]]}}, {"type": "Feature", "properties": {}, "geometry": {"type": "LineString", "coordinates": [[77.57545, 12.94366], [77.57556, 12.94366]]}}, {"type": "Feature", "properties": {}, "geometry": {"type": "LineString", "coordinates": [[77.5766, 12.94365], [77.57682, 12.94365]]}}, {"type": "Feature", "properties": {}, "geometry": {"type": "LineString", "coordinates": [[77.57549, 12.94348], [77.57545, 12.94366]]}}, {"type": "Feature", "properties": {}, "geometry": {"type": "LineString", "coordinates": [[77.56872, 12.94148], [77.56869, 12.94158]]}}, {"type": "Feature", "properties": {}, "geometry": {"type": "LineString", "coordinates": [[77.56868, 12.94116], [77.56872, 12.94148]]}}, {"type": "Feature", "properties": {}, "geometry": {"type": "LineString", "coordinates": [[77.56868, 12.94067], [77.56868, 12.94116]]}}, {"type": "Feature", "properties": {}, "geometry": {"type": "LineString", "coordinates": [[77.56868, 12.94063], [77.56868, 12.94067]]}}, {"type": "Feature", "properties": {}, "geometry": {"type": "LineString", "coordinates": [[77.56807, 12.94074], [77.56821, 12.94064]]}}, {"type": "Feature", "properties": {}, "geometry": {"type": "LineString", "coordinates": [[77.56918, 12.94066], [77.56965, 12.94066]]}}, {"type": "Feature", "properties": {}, "geometry": {"type": "LineString", "coordinates": [[77.56868, 12.94067], [77.56918, 12.94066]]}}, {"type": "Feature", "properties": {}, "geometry": {"type": "LineString", "coordinates": [[77.56857, 12.94067], [77.56868, 12.94067]]}}, {"type": "Feature", "properties": {}, "geometry": {"type": "LineString", "coordinates": [[77.5685, 12.94067], [77.56857, 12.94067]]}}, {"type": "Feature", "properties": {}, "geometry": {"type": "LineString", "coordinates": [[77.56821, 12.94064], [77.5685, 12.94067]]}}, {"type": "Feature", "properties": {}, "geometry": {"type": "LineString", "coordinates": [[77.56857, 12.94074], [77.56857, 12.94067]]}}, {"type": "Feature", "properties": {}, "geometry": {"type": "LineString", "coordinates": [[77.56857, 12.94067], [77.56868, 12.94063]]}}, {"type": "Feature", "properties": {}, "geometry": {"type": "LineString", "coordinates": [[77.56918, 12.94063], [77.56922, 12.94063]]}}, {"type": "Feature", "properties": {}, "geometry": {"type": "LineString", "coordinates": [[77.56868, 12.94063], [77.56918, 12.94063]]}}, {"type": "Feature", "properties": {}, "geometry": {"type": "LineString", "coordinates": [[77.56922, 12.94063], [77.56922, 12.94059]]}}, {"type": "Feature", "properties": {}, "geometry": {"type": "LineString", "coordinates": [[77.56922, 12.94059], [77.56932, 12.93704]]}}, {"type": "Feature", "properties": {}, "geometry": {"type": "LineString", "coordinates": [[77.57026, 12.93703], [77.57105, 12.93702]]}}, {"type": "Feature", "properties": {}, "geometry": {"type": "LineString", "coordinates": [[77.56932, 12.93704], [77.57026, 12.93703]]}}, {"type": "Feature", "properties": {}, "geometry": {"type": "LineString", "coordinates": [[77.56199, 12.96044], [77.56199, 12.96033]]}}, {"type": "Feature", "properties": {}, "geometry": {"type": "LineString", "coordinates": [[77.56077, 12.96038], [77.56199, 12.96044]]}}, {"type": "Feature", "properties": {}, "geometry": {"type": "LineString", "coordinates": [[77.56074, 12.96038], [77.56077, 12.96038]]}}, {"type": "Feature", "properties": {}, "geometry": {"type": "LineString", "coordinates": [[77.56048, 12.96038], [77.56074, 12.96038]]}}, {"type": "Feature", "properties": {}, "geometry": {"type": "LineString", "coordinates": [[77.56199, 12.96033], [77.56199, 12.9603]]}}, {"type": "Feature", "properties": {}, "geometry": {"type": "LineString", "coordinates": [[77.56199, 12.9603], [77.56206, 12.96009]]}}, {"type": "Feature", "properties": {}, "geometry": {"type": "LineString", "coordinates": [[77.56752, 12.95711], [77.56757, 12.95528]]}}, {"type": "Feature", "properties": {}, "geometry": {"type": "LineString", "coordinates": [[77.5593, 12.96036], [77.55929, 12.95945]]}}, {"type": "Feature", "properties": {}, "geometry": {"type": "LineString", "coordinates": [[77.55929, 12.95945], [77.55932, 12.95906]]}}, {"type": "Feature", "properties": {}, "geometry": {"type": "LineString", "coordinates": [[77.5593, 12.96036], [77.56038, 12.96038]]}}, {"type": "Feature", "properties": {}, "geometry": {"type": "LineString", "coordinates": [[77.5696, 12.95727], [77.57197, 12.95738]]}}, {"type": "Feature", "properties": {}, "geometry": {"type": "LineString", "coordinates": [[77.56741, 12.95711], [77.5696, 12.95727]]}}, {"type": "Feature", "properties": {}, "geometry": {"type": "LineString", "coordinates": [[77.56038, 12.96038], [77.56048, 12.96038]]}}, {"type": "Feature", "properties": {}, "geometry": {"type": "LineString", "coordinates": [[77.54169, 12.94339], [77.54237, 12.94339]]}}, {"type": "Feature", "properties": {}, "geometry": {"type": "LineString", "coordinates": [[77.54165, 12.94339], [77.54169, 12.94339]]}}, {"type": "Feature", "properties": {}, "geometry": {"type": "LineString", "coordinates": [[77.54237, 12.94339], [77.54341, 12.94334]]}}, {"type": "Feature", "properties": {}, "geometry": {"type": "LineString", "coordinates": [[77.54341, 12.94334], [77.54474, 12.94329]]}}, {"type": "Feature", "properties": {}, "geometry": {"type": "LineString", "coordinates": [[77.54717, 12.94264], [77.54846, 12.94238]]}}, {"type": "Feature", "properties": {}, "geometry": {"type": "LineString", "coordinates": [[77.54846, 12.94238], [77.5485, 12.94238]]}}, {"type": "Feature", "properties": {}, "geometry": {"type": "LineString", "coordinates": [[77.5485, 12.94238], [77.54918, 12.94227]]}}, {"type": "Feature", "properties": {}, "geometry": {"type": "LineString", "coordinates": [[77.54918, 12.94227], [77.55018, 12.94219]]}}, {"type": "Feature", "properties": {}, "geometry": {"type": "LineString", "coordinates": [[77.55115, 12.94207], [77.55323, 12.94194]]}}, {"type": "Feature", "properties": {}, "geometry": {"type": "LineString", "coordinates": [[77.55366, 12.94194], [77.55369, 12.94194]]}}, {"type": "Feature", "properties": {}, "geometry": {"type": "LineString", "coordinates": [[77.55323, 12.94194], [77.55366, 12.94194]]}}, {"type": "Feature", "properties": {}, "geometry": {"type": "LineString", "coordinates": [[77.56916, 12.94182], [77.56919, 12.94186]]}}, {"type": "Feature", "properties": {}, "geometry": {"type": "LineString", "coordinates": [[77.56912, 12.94182], [77.56916, 12.94182]]}}, {"type": "Feature", "properties": {}, "geometry": {"type": "LineString", "coordinates": [[77.56905, 12.94161], [77.56905, 12.94154]]}}, {"type": "Feature", "properties": {}, "geometry": {"type": "LineString", "coordinates": [[77.55235, 12.95117], [77.55377, 12.9494]]}}, {"type": "Feature", "properties": {}, "geometry": {"type": "LineString", "coordinates": [[77.55377, 12.9494], [77.55398, 12.94912]]}}, {"type": "Feature", "properties": {}, "geometry": {"type": "LineString", "coordinates": [[77.55398, 12.94912], [77.55427, 12.94873]]}}, {"type": "Feature", "properties": {}, "geometry": {"type": "LineString", "coordinates": [[77.55427, 12.94873], [77.55451, 12.94844]]}}, {"type": "Feature", "properties": {}, "geometry": {"type": "LineString", "coordinates": [[77.56203, 12.96044], [77.56199, 12.96044]]}}, {"type": "Feature", "properties": {}, "geometry": {"type": "LineString", "coordinates": [[77.56214, 12.96044], [77.56203, 12.96044]]}}, {"type": "Feature", "properties": {}, "geometry": {"type": "LineString", "coordinates": [[77.56224, 12.96044], [77.56214, 12.96044]]}}, {"type": "Feature", "properties": {}, "geometry": {"type": "LineString", "coordinates": [[77.56887, 12.94158], [77.5689, 12.94154]]}}, {"type": "Feature", "properties": {}, "geometry": {"type": "LineString", "coordinates": [[77.5689, 12.94154], [77.5689, 12.94147]]}}, {"type": "Feature", "properties": {}, "geometry": {"type": "LineString", "coordinates": [[77.57603, 12.94369], [77.57603, 12.9438]]}}, {"type": "Feature", "properties": {}, "geometry": {"type": "LineString", "coordinates": [[77.57603, 12.94366], [77.57603, 12.94369]]}}, {"type": "Feature", "properties": {}, "geometry": {"type": "LineString", "coordinates": [[77.57585, 12.94327], [77.57602, 12.94327], [77.57603, 12.94366]]}}, {"type": "Feature", "properties": {}, "geometry": {"type": "LineString", "coordinates": [[77.57372, 12.94224], [77.57289, 12.94224]]}}, {"type": "Feature", "properties": {}, "geometry": {"type": "LineString", "coordinates": [[77.57289, 12.94224], [77.57196, 12.94222]]}}, {"type": "Feature", "properties": {}, "geometry": {"type": "LineString", "coordinates": [[77.57375, 12.94224], [77.57372, 12.94224]]}}, {"type": "Feature", "properties": {}, "geometry": {"type": "LineString", "coordinates": [[77.57379, 12.94223], [77.57378, 12.94223]]}}, {"type": "Feature", "properties": {}, "geometry": {"type": "LineString", "coordinates": [[77.57378, 12.94223], [77.57375, 12.94224]]}}, {"type": "Feature", "properties": {}, "geometry": {"type": "LineString", "coordinates": [[77.57379, 12.9422], [77.57379, 12.94223]]}}, {"type": "Feature", "properties": {}, "geometry": {"type": "LineString", "coordinates": [[77.57038, 12.9422], [77.56959, 12.94224]]}}, {"type": "Feature", "properties": {}, "geometry": {"type": "LineString", "coordinates": [[77.56959, 12.94224], [77.56919, 12.94189]]}}, {"type": "Feature", "properties": {}, "geometry": {"type": "LineString", "coordinates": [[77.57377, 12.94079], [77.57378, 12.94163]]}}, {"type": "Feature", "properties": {}, "geometry": {"type": "LineString", "coordinates": [[77.57378, 12.94163], [77.57379, 12.9422]]}}, {"type": "Feature", "properties": {}, "geometry": {"type": "LineString", "coordinates": [[77.57117, 12.94219], [77.57042, 12.94223]]}}, {"type": "Feature", "properties": {}, "geometry": {"type": "LineString", "coordinates": [[77.57042, 12.94223], [77.57038, 12.9422]]}}, {"type": "Feature", "properties": {}, "geometry": {"type": "LineString", "coordinates": [[77.57196, 12.94222], [77.57117, 12.94219]]}}, {"type": "Feature", "properties": {}, "geometry": {"type": "LineString", "coordinates": [[77.56919, 12.94189], [77.56916, 12.94189]]}}, {"type": "Feature", "properties": {}, "geometry": {"type": "LineString", "coordinates": [[77.56916, 12.94189], [77.5688, 12.9419]]}}, {"type": "Feature", "properties": {}, "geometry": {"type": "LineString", "coordinates": [[77.57377, 12.94076], [77.57377, 12.94079]]}}, {"type": "Feature", "properties": {}, "geometry": {"type": "LineString", "coordinates": [[77.57184, 12.93733], [77.57184, 12.9375]]}}, {"type": "Feature", "properties": {}, "geometry": {"type": "LineString", "coordinates": [[77.57184, 12.93719], [77.57184, 12.93733]]}}, {"type": "Feature", "properties": {}, "geometry": {"type": "LineString", "coordinates": [[77.57183, 12.93705], [77.57184, 12.93719]]}}, {"type": "Feature", "properties": {}, "geometry": {"type": "LineString", "coordinates": [[77.56291, 12.94178], [77.56429, 12.9418]]}}, {"type": "Feature", "properties": {}, "geometry": {"type": "LineString", "coordinates": [[77.56429, 12.9418], [77.56435, 12.9418]]}}, {"type": "Feature", "properties": {}, "geometry": {"type": "LineString", "coordinates": [[77.5618, 12.94175], [77.56291, 12.94178]]}}, {"type": "Feature", "properties": {}, "geometry": {"type": "LineString", "coordinates": [[77.56177, 12.94176], [77.5618, 12.94175]]}}, {"type": "Feature", "properties": {}, "geometry": {"type": "LineString", "coordinates": [[77.56141, 12.94169], [77.56177, 12.94176]]}}, {"type": "Feature", "properties": {}, "geometry": {"type": "LineString", "coordinates": [[77.56141, 12.94162], [77.56141, 12.94169]]}}, {"type": "Feature", "properties": {}, "geometry": {"type": "LineString", "coordinates": [[77.56137, 12.94155], [77.56141, 12.94162]]}}, {"type": "Feature", "properties": {}, "geometry": {"type": "LineString", "coordinates": [[77.56104, 12.94134], [77.56137, 12.94155]]}}, {"type": "Feature", "properties": {}, "geometry": {"type": "LineString", "coordinates": [[77.56093, 12.9412], [77.56104, 12.94134]]}}, {"type": "Feature", "properties": {}, "geometry": {"type": "LineString", "coordinates": [[77.55451, 12.94844], [77.55455, 12.94837]]}}, {"type": "Feature", "properties": {}, "geometry": {"type": "LineString", "coordinates": [[77.55455, 12.94837], [77.55696, 12.94529]]}}, {"type": "Feature", "properties": {}, "geometry": {"type": "LineString", "coordinates": [[77.55696, 12.94529], [77.55699, 12.94525]]}}, {"type": "Feature", "properties": {}, "geometry": {"type": "LineString", "coordinates": [[77.55699, 12.94525], [77.55724, 12.94493]]}}, {"type": "Feature", "properties": {}, "geometry": {"type": "LineString", "coordinates": [[77.55724, 12.94493], [77.55728, 12.94486]]}}, {"type": "Feature", "properties": {}, "geometry": {"type": "LineString", "coordinates": [[77.55728, 12.94486], [77.55752, 12.94454]]}}, {"type": "Feature", "properties": {}, "geometry": {"type": "LineString", "coordinates": [[77.55752, 12.94454], [77.55898, 12.94266], [77.56015, 12.94167]]}}, {"type": "Feature", "properties": {}, "geometry": {"type": "LineString", "coordinates": [[77.56015, 12.94167], [77.56019, 12.94166]]}}, {"type": "Feature", "properties": {}, "geometry": {"type": "LineString", "coordinates": [[77.56019, 12.94166], [77.56026, 12.94163]]}}, {"type": "Feature", "properties": {}, "geometry": {"type": "LineString", "coordinates": [[77.56026, 12.94163], [77.56029, 12.94159]]}}, {"type": "Feature", "properties": {}, "geometry": {"type": "LineString", "coordinates": [[77.56029, 12.94159], [77.56079, 12.94117]]}}, {"type": "Feature", "properties": {}, "geometry": {"type": "LineString", "coordinates": [[77.56079, 12.94117], [77.56104, 12.94099]]}}, {"type": "Feature", "properties": {}, "geometry": {"type": "LineString", "coordinates": [[77.56104, 12.94099], [77.5615, 12.94063]]}}, {"type": "Feature", "properties": {}, "geometry": {"type": "LineString", "coordinates": [[77.5615, 12.94063], [77.5615, 12.94028]]}}, {"type": "Feature", "properties": {}, "geometry": {"type": "LineString", "coordinates": [[77.5615, 12.94028], [77.56156, 12.93919]]}}, {"type": "Feature", "properties": {}, "geometry": {"type": "LineString", "coordinates": [[77.56156, 12.93919], [77.56156, 12.93877]]}}, {"type": "Feature", "properties": {}, "geometry": {"type": "LineString", "coordinates": [[77.56156, 12.93877], [77.56155, 12.93838]]}}, {"type": "Feature", "properties": {}, "geometry": {"type": "LineString", "coordinates": [[77.56155, 12.93838], [77.56155, 12.93796], [77.56223, 12.93781]]}}, {"type": "Feature", "properties": {}, "geometry": {"type": "LineString", "coordinates": [[77.56223, 12.93781], [77.56233, 12.93777]]}}, {"type": "Feature", "properties": {}, "geometry": {"type": "LineString", "coordinates": [[77.56233, 12.93777], [77.5628, 12.93759]]}}, {"type": "Feature", "properties": {}, "geometry": {"type": "LineString", "coordinates": [[77.56327, 12.93769], [77.56546, 12.93774]]}}, {"type": "Feature", "properties": {}, "geometry": {"type": "LineString", "coordinates": [[77.5628, 12.93759], [77.56287, 12.9377]]}}, {"type": "Feature", "properties": {}, "geometry": {"type": "LineString", "coordinates": [[77.56287, 12.9377], [77.56327, 12.93769]]}}, {"type": "Feature", "properties": {}, "geometry": {"type": "LineString", "coordinates": [[77.56026, 12.94159], [77.55373, 12.94194], [77.55358, 12.94085]]}}, {"type": "Feature", "properties": {}, "geometry": {"type": "LineString", "coordinates": [[77.56047, 12.94142], [77.56026, 12.94159]]}}, {"type": "Feature", "properties": {}, "geometry": {"type": "LineString", "coordinates": [[77.56079, 12.94117], [77.56047, 12.94142]]}}, {"type": "Feature", "properties": {}, "geometry": {"type": "LineString", "coordinates": [[77.5609, 12.94113], [77.56079, 12.94117]]}}, {"type": "Feature", "properties": {}, "geometry": {"type": "LineString", "coordinates": [[77.56093, 12.94116], [77.5609, 12.94113]]}}, {"type": "Feature", "properties": {}, "geometry": {"type": "LineString", "coordinates": [[77.55408, 12.94081], [77.55411, 12.94095]]}}, {"type": "Feature", "properties": {}, "geometry": {"type": "LineString", "coordinates": [[77.55358, 12.94085], [77.55386, 12.94081]]}}, {"type": "Feature", "properties": {}, "geometry": {"type": "LineString", "coordinates": [[77.55386, 12.94081], [77.55408, 12.94081]]}}, {"type": "Feature", "properties": {}, "geometry": {"type": "LineString", "coordinates": [[77.5609, 12.94113], [77.56104, 12.94099]]}}, {"type": "Feature", "properties": {}, "geometry": {"type": "LineString", "coordinates": [[77.56104, 12.94099], [77.56218, 12.94017]]}}, {"type": "Feature", "properties": {}, "geometry": {"type": "LineString", "coordinates": [[77.56773, 12.94258], [77.56777, 12.94258]]}}, {"type": "Feature", "properties": {}, "geometry": {"type": "LineString", "coordinates": [[77.56777, 12.94258], [77.56834, 12.94222], [77.56837, 12.9418]]}}, {"type": "Feature", "properties": {}, "geometry": {"type": "LineString", "coordinates": [[77.56837, 12.9418], [77.5684, 12.94151], [77.56858, 12.94155]]}}, {"type": "Feature", "properties": {}, "geometry": {"type": "LineString", "coordinates": [[77.56858, 12.94155], [77.56862, 12.94158]]}}, {"type": "Feature", "properties": {}, "geometry": {"type": "LineString", "coordinates": [[77.57502, 12.9437], [77.57503, 12.94381]]}}, {"type": "Feature", "properties": {}, "geometry": {"type": "LineString", "coordinates": [[77.57499, 12.94367], [77.57502, 12.9437]]}}, {"type": "Feature", "properties": {}, "geometry": {"type": "LineString", "coordinates": [[77.57509, 12.94335], [77.57499, 12.94367]]}}, {"type": "Feature", "properties": {}, "geometry": {"type": "LineString", "coordinates": [[77.56898, 12.94158], [77.56897, 12.94154]]}}, {"type": "Feature", "properties": {}, "geometry": {"type": "LineString", "coordinates": [[77.5685, 12.94067], [77.5685, 12.94084]]}}, {"type": "Feature", "properties": {}, "geometry": {"type": "LineString", "coordinates": [[77.56834, 12.93947], [77.56828, 12.9406], [77.5685, 12.94067]]}}, {"type": "Feature", "properties": {}, "geometry": {"type": "LineString", "coordinates": [[77.5684, 12.93785], [77.56834, 12.93947]]}}, {"type": "Feature", "properties": {}, "geometry": {"type": "LineString", "coordinates": [[77.56836, 12.93785], [77.5684, 12.93785]]}}, {"type": "Feature", "properties": {}, "geometry": {"type": "LineString", "coordinates": [[77.56797, 12.93782], [77.56836, 12.93785]]}}, {"type": "Feature", "properties": {}, "geometry": {"type": "LineString", "coordinates": [[77.5675, 12.93779], [77.56797, 12.93782]]}}, {"type": "Feature", "properties": {}, "geometry": {"type": "LineString", "coordinates": [[77.56678, 12.93776], [77.5675, 12.93779]]}}, {"type": "Feature", "properties": {}, "geometry": {"type": "LineString", "coordinates": [[77.56603, 12.93774], [77.56678, 12.93776]]}}, {"type": "Feature", "properties": {}, "geometry": {"type": "LineString", "coordinates": [[77.56546, 12.93774], [77.56603, 12.93774]]}}, {"type": "Feature", "properties": {}, "geometry": {"type": "LineString", "coordinates": [[77.56858, 12.94158], [77.56858, 12.94155]]}}, {"type": "Feature", "properties": {}, "geometry": {"type": "LineString", "coordinates": [[77.56858, 12.94155], [77.56858, 12.94148]]}}, {"type": "Feature", "properties": {}, "geometry": {"type": "LineString", "coordinates": [[77.56905, 12.94154], [77.56937, 12.94172]]}}, {"type": "Feature", "properties": {}, "geometry": {"type": "LineString", "coordinates": [[77.5688, 12.94158], [77.5689, 12.94154]]}}, {"type": "Feature", "properties": {}, "geometry": {"type": "LineString", "coordinates": [[77.56897, 12.94154], [77.56905, 12.94154]]}}, {"type": "Feature", "properties": {}, "geometry": {"type": "LineString", "coordinates": [[77.5689, 12.94154], [77.56897, 12.94154]]}}, {"type": "Feature", "properties": {}, "geometry": {"type": "LineString", "coordinates": [[77.57538, 12.94349], [77.57538, 12.94359]]}}, {"type": "Feature", "properties": {}, "geometry": {"type": "LineString", "coordinates": [[77.57524, 12.94349], [77.57524, 12.94359]]}}, {"type": "Feature", "properties": {}, "geometry": {"type": "LineString", "coordinates": [[77.57556, 12.94348], [77.57556, 12.94366]]}}, {"type": "Feature", "properties": {}, "geometry": {"type": "LineString", "coordinates": [[77.56807, 12.94074], [77.56807, 12.94085]]}}, {"type": "Feature", "properties": {}, "geometry": {"type": "LineString", "coordinates": [[77.57108, 12.93702], [77.57105, 12.93702]]}}, {"type": "Feature", "properties": {}, "geometry": {"type": "LineString", "coordinates": [[77.57104, 12.93698], [77.57108, 12.93702]]}}, {"type": "Feature", "properties": {}, "geometry": {"type": "LineString", "coordinates": [[77.57104, 12.9366], [77.57104, 12.93698]]}}, {"type": "Feature", "properties": {}, "geometry": {"type": "LineString", "coordinates": [[77.57104, 12.93656], [77.57104, 12.9366]]}}, {"type": "Feature", "properties": {}, "geometry": {"type": "LineString", "coordinates": [[77.57071, 12.93547], [77.57104, 12.93656]]}}, {"type": "Feature", "properties": {}, "geometry": {"type": "LineString", "coordinates": [[77.57063, 12.93498], [77.57071, 12.93547]]}}, {"type": "Feature", "properties": {}, "geometry": {"type": "LineString", "coordinates": [[77.56687, 12.93534], [77.56748, 12.93526]]}}, {"type": "Feature", "properties": {}, "geometry": {"type": "LineString", "coordinates": [[77.56611, 12.93527], [77.56687, 12.93534]]}}, {"type": "Feature", "properties": {}, "geometry": {"type": "LineString", "coordinates": [[77.56496, 12.93535], [77.56511, 12.93532]]}}, {"type": "Feature", "properties": {}, "geometry": {"type": "LineString", "coordinates": [[77.56511, 12.93532], [77.56608, 12.93524]]}}, {"type": "Feature", "properties": {}, "geometry": {"type": "LineString", "coordinates": [[77.56748, 12.93526], [77.56762, 12.93526]]}}, {"type": "Feature", "properties": {}, "geometry": {"type": "LineString", "coordinates": [[77.56608, 12.93524], [77.56611, 12.93527]]}}, {"type": "Feature", "properties": {}, "geometry": {"type": "LineString", "coordinates": [[77.56762, 12.93526], [77.56848, 12.93511]]}}, {"type": "Feature", "properties": {}, "geometry": {"type": "LineString", "coordinates": [[77.56848, 12.93511], [77.56887, 12.93503]]}}, {"type": "Feature", "properties": {}, "geometry": {"type": "LineString", "coordinates": [[77.56887, 12.93503], [77.56923, 12.935]]}}, {"type": "Feature", "properties": {}, "geometry": {"type": "LineString", "coordinates": [[77.57041, 12.93484], [77.57063, 12.93498]]}}, {"type": "Feature", "properties": {}, "geometry": {"type": "LineString", "coordinates": [[77.56923, 12.935], [77.56952, 12.93496]]}}, {"type": "Feature", "properties": {}, "geometry": {"type": "LineString", "coordinates": [[77.56955, 12.93496], [77.57038, 12.93484]]}}, {"type": "Feature", "properties": {}, "geometry": {"type": "LineString", "coordinates": [[77.57038, 12.93484], [77.57041, 12.93484]]}}, {"type": "Feature", "properties": {}, "geometry": {"type": "LineString", "coordinates": [[77.56821, 12.94074], [77.56821, 12.94085]]}}, {"type": "Feature", "properties": {}, "geometry": {"type": "LineString", "coordinates": [[77.56872, 12.94499], [77.5703, 12.94501], [77.57032, 12.94371]]}}, {"type": "Feature", "properties": {}, "geometry": {"type": "LineString", "coordinates": [[77.56783, 12.945], [77.56786, 12.945]]}}, {"type": "Feature", "properties": {}, "geometry": {"type": "LineString", "coordinates": [[77.56836, 12.94496], [77.56872, 12.94499]]}}, {"type": "Feature", "properties": {}, "geometry": {"type": "LineString", "coordinates": [[77.56786, 12.945], [77.5679, 12.945]]}}, {"type": "Feature", "properties": {}, "geometry": {"type": "LineString", "coordinates": [[77.5679, 12.945], [77.56836, 12.94496]]}}, {"type": "Feature", "properties": {}, "geometry": {"type": "LineString", "coordinates": [[77.57032, 12.94371], [77.57032, 12.94368]]}}, {"type": "Feature", "properties": {}, "geometry": {"type": "LineString", "coordinates": [[77.57032, 12.94368], [77.57032, 12.94364]]}}, {"type": "Feature", "properties": {}, "geometry": {"type": "LineString", "coordinates": [[77.57032, 12.94364], [77.57038, 12.9422]]}}, {"type": "Feature", "properties": {}, "geometry": {"type": "LineString", "coordinates": [[77.56861, 12.94116], [77.56868, 12.94116]]}}, {"type": "Feature", "properties": {}, "geometry": {"type": "LineString", "coordinates": [[77.56857, 12.94074], [77.56854, 12.94084]]}}, {"type": "Feature", "properties": {}, "geometry": {"type": "LineString", "coordinates": [[77.56836, 12.94148], [77.56836, 12.94141]]}}, {"type": "Feature", "properties": {}, "geometry": {"type": "LineString", "coordinates": [[77.58008, 12.93682], [77.58012, 12.93682]]}}, {"type": "Feature", "properties": {}, "geometry": {"type": "LineString", "coordinates": [[77.58008, 12.93672], [77.58008, 12.93682]]}}, {"type": "Feature", "properties": {}, "geometry": {"type": "LineString", "coordinates": [[77.57995, 12.93433], [77.58008, 12.93672]]}}, {"type": "Feature", "properties": {}, "geometry": {"type": "LineString", "coordinates": [[77.56404, 12.9393], [77.56407, 12.9393]]}}, {"type": "Feature", "properties": {}, "geometry": {"type": "LineString", "coordinates": [[77.56407, 12.9393], [77.56558, 12.93936]]}}, {"type": "Feature", "properties": {}, "geometry": {"type": "LineString", "coordinates": [[77.563, 12.93928], [77.56404, 12.9393]]}}, {"type": "Feature", "properties": {}, "geometry": {"type": "LineString", "coordinates": [[77.57183, 12.93705], [77.57187, 12.93701]]}}, {"type": "Feature", "properties": {}, "geometry": {"type": "LineString", "coordinates": [[77.57187, 12.93701], [77.57374, 12.93699]]}}, {"type": "Feature", "properties": {}, "geometry": {"type": "LineString", "coordinates": [[77.57402, 12.93699], [77.57531, 12.93694]]}}, {"type": "Feature", "properties": {}, "geometry": {"type": "LineString", "coordinates": [[77.57388, 12.93699], [77.57402, 12.93699]]}}, {"type": "Feature", "properties": {}, "geometry": {"type": "LineString", "coordinates": [[77.57384, 12.93699], [77.57388, 12.93699]]}}, {"type": "Feature", "properties": {}, "geometry": {"type": "LineString", "coordinates": [[77.57374, 12.93699], [77.57384, 12.93699]]}}, {"type": "Feature", "properties": {}, "geometry": {"type": "LineString", "coordinates": [[77.57531, 12.93694], [77.57535, 12.93694]]}}, {"type": "Feature", "properties": {}, "geometry": {"type": "LineString", "coordinates": [[77.57535, 12.93694], [77.57592, 12.93694]]}}, {"type": "Feature", "properties": {}, "geometry": {"type": "LineString", "coordinates": [[77.57592, 12.93694], [77.57693, 12.93689]]}}, {"type": "Feature", "properties": {}, "geometry": {"type": "LineString", "coordinates": [[77.57696, 12.93689], [77.57836, 12.93691]]}}, {"type": "Feature", "properties": {}, "geometry": {"type": "LineString", "coordinates": [[77.57693, 12.93689], [77.57696, 12.93689]]}}, {"type": "Feature", "properties": {}, "geometry": {"type": "LineString", "coordinates": [[77.57836, 12.93691], [77.57994, 12.93686]]}}, {"type": "Feature", "properties": {}, "geometry": {"type": "LineString", "coordinates": [[77.56909, 12.94203], [77.56919, 12.94203]]}}, {"type": "Feature", "properties": {}, "geometry": {"type": "LineString", "coordinates": [[77.56558, 12.93936], [77.56597, 12.93939]]}}, {"type": "Feature", "properties": {}, "geometry": {"type": "LineString", "coordinates": [[77.56855, 12.94215], [77.56855, 12.94208]]}}, {"type": "Feature", "properties": {}, "geometry": {"type": "LineString", "coordinates": [[77.56668, 12.94533], [77.56704, 12.94529]]}}, {"type": "Feature", "properties": {}, "geometry": {"type": "LineString", "coordinates": [[77.56636, 12.94533], [77.56668, 12.94533]]}}, {"type": "Feature", "properties": {}, "geometry": {"type": "LineString", "coordinates": [[77.56593, 12.94534], [77.56636, 12.94533]]}}, {"type": "Feature", "properties": {}, "geometry": {"type": "LineString", "coordinates": [[77.56561, 12.94534], [77.56593, 12.94534]]}}, {"type": "Feature", "properties": {}, "geometry": {"type": "LineString", "coordinates": [[77.5651, 12.94531], [77.56561, 12.94534]]}}, {"type": "Feature", "properties": {}, "geometry": {"type": "LineString", "coordinates": [[77.56471, 12.94532], [77.5651, 12.94531]]}}, {"type": "Feature", "properties": {}, "geometry": {"type": "LineString", "coordinates": [[77.56431, 12.94528], [77.56471, 12.94532]]}}, {"type": "Feature", "properties": {}, "geometry": {"type": "LineString", "coordinates": [[77.56704, 12.94529], [77.56743, 12.94515]]}}, {"type": "Feature", "properties": {}, "geometry": {"type": "LineString", "coordinates": [[77.56334, 12.94533], [77.56431, 12.94528]]}}, {"type": "Feature", "properties": {}, "geometry": {"type": "LineString", "coordinates": [[77.56299, 12.9453], [77.56334, 12.94533]]}}, {"type": "Feature", "properties": {}, "geometry": {"type": "LineString", "coordinates": [[77.56255, 12.94495], [77.56299, 12.9453]]}}, {"type": "Feature", "properties": {}, "geometry": {"type": "LineString", "coordinates": [[77.56743, 12.94515], [77.56783, 12.94504]]}}, {"type": "Feature", "properties": {}, "geometry": {"type": "LineString", "coordinates": [[77.56783, 12.94504], [77.56783, 12.945]]}}, {"type": "Feature", "properties": {}, "geometry": {"type": "LineString", "coordinates": [[77.55616, 12.92319], [77.55671, 12.92491]]}}, {"type": "Feature", "properties": {}, "geometry": {"type": "LineString", "coordinates": [[77.55671, 12.92491], [77.55754, 12.92459], [77.55742, 12.92399], [77.55778, 12.92399]]}}, {"type": "Feature", "properties": {}, "geometry": {"type": "LineString", "coordinates": [[77.55441, 12.92374], [77.55451, 12.9237]]}}, {"type": "Feature", "properties": {}, "geometry": {"type": "LineString", "coordinates": [[77.55451, 12.9237], [77.55462, 12.92367]]}}, {"type": "Feature", "properties": {}, "geometry": {"type": "LineString", "coordinates": [[77.55462, 12.92367], [77.55616, 12.92319]]}}, {"type": "Feature", "properties": {}, "geometry": {"type": "LineString", "coordinates": [[77.54474, 12.92939], [77.54552, 12.92865]]}}, {"type": "Feature", "properties": {}, "geometry": {"type": "LineString", "coordinates": [[77.54552, 12.92865], [77.54623, 12.92808]]}}, {"type": "Feature", "properties": {}, "geometry": {"type": "LineString", "coordinates": [[77.54623, 12.92808], [77.54798, 12.92669]]}}, {"type": "Feature", "properties": {}, "geometry": {"type": "LineString", "coordinates": [[77.54798, 12.92669], [77.54837, 12.92637]]}}, {"type": "Feature", "properties": {}, "geometry": {"type": "LineString", "coordinates": [[77.54837, 12.92637], [77.54969, 12.92554]]}}, {"type": "Feature", "properties": {}, "geometry": {"type": "LineString", "coordinates": [[77.54969, 12.92554], [77.54997, 12.92537]]}}, {"type": "Feature", "properties": {}, "geometry": {"type": "LineString", "coordinates": [[77.54997, 12.92537], [77.55112, 12.92472]]}}, {"type": "Feature", "properties": {}, "geometry": {"type": "LineString", "coordinates": [[77.55112, 12.92472], [77.55169, 12.92447]]}}, {"type": "Feature", "properties": {}, "geometry": {"type": "LineString", "coordinates": [[77.55169, 12.92447], [77.55204, 12.92433]]}}, {"type": "Feature", "properties": {}, "geometry": {"type": "LineString", "coordinates": [[77.55204, 12.92433], [77.55315, 12.924]]}}, {"type": "Feature", "properties": {}, "geometry": {"type": "LineString", "coordinates": [[77.55315, 12.92396], [77.55322, 12.92396]]}}, {"type": "Feature", "properties": {}, "geometry": {"type": "LineString", "coordinates": [[77.55326, 12.92396], [77.5533, 12.92393]]}}, {"type": "Feature", "properties": {}, "geometry": {"type": "LineString", "coordinates": [[77.5533, 12.92393], [77.55437, 12.9236]]}}, {"type": "Feature", "properties": {}, "geometry": {"type": "LineString", "coordinates": [[77.57152, 12.9166], [77.57119, 12.91657]]}}, {"type": "Feature", "properties": {}, "geometry": {"type": "LineString", "coordinates": [[77.57166, 12.91657], [77.57155, 12.9166]]}}, {"type": "Feature", "properties": {}, "geometry": {"type": "LineString", "coordinates": [[77.57112, 12.91654], [77.57047, 12.91637], [77.57011, 12.91574]]}}, {"type": "Feature", "properties": {}, "geometry": {"type": "LineString", "coordinates": [[77.57004, 12.91567], [77.57, 12.91567]]}}, {"type": "Feature", "properties": {}, "geometry": {"type": "LineString", "coordinates": [[77.56971, 12.91557], [77.56968, 12.91553]]}}, {"type": "Feature", "properties": {}, "geometry": {"type": "LineString", "coordinates": [[77.56968, 12.91553], [77.56953, 12.9155]]}}, {"type": "Feature", "properties": {}, "geometry": {"type": "LineString", "coordinates": [[77.56943, 12.9155], [77.56928, 12.91546]]}}, {"type": "Feature", "properties": {}, "geometry": {"type": "LineString", "coordinates": [[77.56925, 12.91543], [77.56914, 12.91539]]}}, {"type": "Feature", "properties": {}, "geometry": {"type": "LineString", "coordinates": [[77.56899, 12.91533], [77.56881, 12.91515]]}}, {"type": "Feature", "properties": {}, "geometry": {"type": "LineString", "coordinates": [[77.56823, 12.91459], [77.56798, 12.91435]]}}, {"type": "Feature", "properties": {}, "geometry": {"type": "LineString", "coordinates": [[77.56643, 12.91398], [77.56633, 12.91405]]}}, {"type": "Feature", "properties": {}, "geometry": {"type": "LineString", "coordinates": [[77.56747, 12.91397], [77.56733, 12.91386]]}}, {"type": "Feature", "properties": {}, "geometry": {"type": "LineString", "coordinates": [[77.56668, 12.91391], [77.56661, 12.91394]]}}, {"type": "Feature", "properties": {}, "geometry": {"type": "LineString", "coordinates": [[77.56733, 12.91386], [77.56711, 12.91387]]}}, {"type": "Feature", "properties": {}, "geometry": {"type": "LineString", "coordinates": [[77.5754, 12.96266], [77.57492, 12.96464], [77.57377, 12.96455]]}}, {"type": "Feature", "properties": {}, "geometry": {"type": "LineString", "coordinates": [[77.5755, 12.96207], [77.5754, 12.96266]]}}, {"type": "Feature", "properties": {}, "geometry": {"type": "LineString", "coordinates": [[77.57524, 12.96158], [77.5755, 12.96207]]}}, {"type": "Feature", "properties": {}, "geometry": {"type": "LineString", "coordinates": [[77.57506, 12.96119], [77.57524, 12.96158]]}}, {"type": "Feature", "properties": {}, "geometry": {"type": "LineString", "coordinates": [[77.57447, 12.95979], [77.57506, 12.96119]]}}, {"type": "Feature", "properties": {}, "geometry": {"type": "LineString", "coordinates": [[77.57395, 12.95835], [77.57447, 12.95979]]}}, {"type": "Feature", "properties": {}, "geometry": {"type": "LineString", "coordinates": [[77.57366, 12.95747], [77.57395, 12.95835]]}}, {"type": "Feature", "properties": {}, "geometry": {"type": "LineString", "coordinates": [[77.57362, 12.9574], [77.57366, 12.95747]]}}, {"type": "Feature", "properties": {}, "geometry": {"type": "LineString", "coordinates": [[77.57362, 12.9573], [77.57362, 12.95732]]}}, {"type": "Feature", "properties": {}, "geometry": {"type": "LineString", "coordinates": [[77.57362, 12.95732], [77.57362, 12.9574]]}}, {"type": "Feature", "properties": {}, "geometry": {"type": "LineString", "coordinates": [[77.55528, 12.92545], [77.55462, 12.92367]]}}, {"type": "Feature", "properties": {}, "geometry": {"type": "LineString", "coordinates": [[77.55553, 12.92538], [77.55528, 12.92545]]}}, {"type": "Feature", "properties": {}, "geometry": {"type": "LineString", "coordinates": [[77.55582, 12.92524], [77.55553, 12.92538]]}}, {"type": "Feature", "properties": {}, "geometry": {"type": "LineString", "coordinates": [[77.55671, 12.92495], [77.55582, 12.92524]]}}, {"type": "Feature", "properties": {}, "geometry": {"type": "LineString", "coordinates": [[77.55815, 12.92458], [77.55671, 12.92495]]}}, {"type": "Feature", "properties": {}, "geometry": {"type": "LineString", "coordinates": [[77.55854, 12.92437], [77.55815, 12.92458]]}}, {"type": "Feature", "properties": {}, "geometry": {"type": "LineString", "coordinates": [[77.55462, 12.92367], [77.55458, 12.92363]]}}, {"type": "Feature", "properties": {}, "geometry": {"type": "LineString", "coordinates": [[77.55774, 12.92378], [77.55782, 12.92388]]}}, {"type": "Feature", "properties": {}, "geometry": {"type": "LineString", "coordinates": [[77.55793, 12.9242], [77.55786, 12.92444]]}}, {"type": "Feature", "properties": {}, "geometry": {"type": "LineString", "coordinates": [[77.5435, 12.93057], [77.54353, 12.9306]]}}, {"type": "Feature", "properties": {}, "geometry": {"type": "LineString", "coordinates": [[77.5435, 12.93057], [77.54396, 12.93018]]}}, {"type": "Feature", "properties": {}, "geometry": {"type": "LineString", "coordinates": [[77.54396, 12.93018], [77.54474, 12.92946]]}}, {"type": "Feature", "properties": {}, "geometry": {"type": "LineString", "coordinates": [[77.54474, 12.92946], [77.5456, 12.92872]]}}, {"type": "Feature", "properties": {}, "geometry": {"type": "LineString", "coordinates": [[77.5456, 12.92872], [77.54844, 12.92647]]}}, {"type": "Feature", "properties": {}, "geometry": {"type": "LineString", "coordinates": [[77.54844, 12.92647], [77.54962, 12.92569]]}}, {"type": "Feature", "properties": {}, "geometry": {"type": "LineString", "coordinates": [[77.54962, 12.92569], [77.54998, 12.92547]]}}, {"type": "Feature", "properties": {}, "geometry": {"type": "LineString", "coordinates": [[77.54998, 12.92547], [77.55008, 12.92544]]}}, {"type": "Feature", "properties": {}, "geometry": {"type": "LineString", "coordinates": [[77.55008, 12.92544], [77.55212, 12.92443]]}}, {"type": "Feature", "properties": {}, "geometry": {"type": "LineString", "coordinates": [[77.55212, 12.92443], [77.55312, 12.9241]]}}, {"type": "Feature", "properties": {}, "geometry": {"type": "LineString", "coordinates": [[77.55208, 12.92436], [77.55212, 12.92443]]}}, {"type": "Feature", "properties": {}, "geometry": {"type": "LineString", "coordinates": [[77.55204, 12.92433], [77.55208, 12.92436]]}}, {"type": "Feature", "properties": {}, "geometry": {"type": "LineString", "coordinates": [[77.55201, 12.92426], [77.55204, 12.92433]]}}, {"type": "Feature", "properties": {}, "geometry": {"type": "LineString", "coordinates": [[77.55915, 12.92443], [77.55883, 12.92443]]}}, {"type": "Feature", "properties": {}, "geometry": {"type": "LineString", "coordinates": [[77.55883, 12.92443], [77.55882, 12.92433]]}}, {"type": "Feature", "properties": {}, "geometry": {"type": "LineString", "coordinates": [[77.55947, 12.92436], [77.55915, 12.92443]]}}, {"type": "Feature", "properties": {}, "geometry": {"type": "LineString", "coordinates": [[77.55983, 12.92432], [77.55947, 12.92436]]}}, {"type": "Feature", "properties": {}, "geometry": {"type": "LineString", "coordinates": [[77.56015, 12.92428], [77.55983, 12.92432]]}}, {"type": "Feature", "properties": {}, "geometry": {"type": "LineString", "coordinates": [[77.55882, 12.92433], [77.55864, 12.92415]]}}, {"type": "Feature", "properties": {}, "geometry": {"type": "LineString", "coordinates": [[77.56058, 12.92421], [77.56015, 12.92428]]}}, {"type": "Feature", "properties": {}, "geometry": {"type": "LineString", "coordinates": [[77.56062, 12.92417], [77.56058, 12.92421]]}}, {"type": "Feature", "properties": {}, "geometry": {"type": "LineString", "coordinates": [[77.56058, 12.92396], [77.56062, 12.92417]]}}, {"type": "Feature", "properties": {}, "geometry": {"type": "LineString", "coordinates": [[77.56046, 12.92326], [77.56058, 12.92396]]}}, {"type": "Feature", "properties": {}, "geometry": {"type": "LineString", "coordinates": [[77.56024, 12.92199], [77.56046, 12.92326]]}}, {"type": "Feature", "properties": {}, "geometry": {"type": "LineString", "coordinates": [[77.55811, 12.92434], [77.55829, 12.9243]]}}, {"type": "Feature", "properties": {}, "geometry": {"type": "LineString", "coordinates": [[77.54969, 12.92885], [77.54876, 12.92942]]}}, {"type": "Feature", "properties": {}, "geometry": {"type": "LineString", "coordinates": [[77.55133, 12.92782], [77.54969, 12.92885]]}}, {"type": "Feature", "properties": {}, "geometry": {"type": "LineString", "coordinates": [[77.55136, 12.92782], [77.55133, 12.92782]]}}, {"type": "Feature", "properties": {}, "geometry": {"type": "LineString", "coordinates": [[77.55136, 12.92778], [77.55136, 12.92782]]}}, {"type": "Feature", "properties": {}, "geometry": {"type": "LineString", "coordinates": [[77.57984, 12.93433], [77.57987, 12.93313]]}}, {"type": "Feature", "properties": {}, "geometry": {"type": "LineString", "coordinates": [[77.57987, 12.93313], [77.57987, 12.93299]]}}, {"type": "Feature", "properties": {}, "geometry": {"type": "LineString", "coordinates": [[77.57987, 12.93299], [77.57988, 12.93102]]}}, {"type": "Feature", "properties": {}, "geometry": {"type": "LineString", "coordinates": [[77.57988, 12.93102], [77.57988, 12.93098]]}}, {"type": "Feature", "properties": {}, "geometry": {"type": "LineString", "coordinates": [[77.57988, 12.93098], [77.57988, 12.93084]]}}, {"type": "Feature", "properties": {}, "geometry": {"type": "LineString", "coordinates": [[77.57988, 12.93084], [77.57994, 12.92676]]}}, {"type": "Feature", "properties": {}, "geometry": {"type": "LineString", "coordinates": [[77.57994, 12.92676], [77.57994, 12.92606]]}}, {"type": "Feature", "properties": {}, "geometry": {"type": "LineString", "coordinates": [[77.57994, 12.92606], [77.57998, 12.92359]]}}, {"type": "Feature", "properties": {}, "geometry": {"type": "LineString", "coordinates": [[77.57998, 12.92359], [77.58, 12.9219]]}}, {"type": "Feature", "properties": {}, "geometry": {"type": "LineString", "coordinates": [[77.58, 12.9219], [77.57998, 12.91997]]}}, {"type": "Feature", "properties": {}, "geometry": {"type": "LineString", "coordinates": [[77.57998, 12.91997], [77.57985, 12.91793]]}}, {"type": "Feature", "properties": {}, "geometry": {"type": "LineString", "coordinates": [[77.57985, 12.91793], [77.57953, 12.91765]]}}, {"type": "Feature", "properties": {}, "geometry": {"type": "LineString", "coordinates": [[77.57953, 12.91765], [77.57917, 12.91734]]}}, {"type": "Feature", "properties": {}, "geometry": {"type": "LineString", "coordinates": [[77.57917, 12.91734], [77.57909, 12.91727]]}}, {"type": "Feature", "properties": {}, "geometry": {"type": "LineString", "coordinates": [[77.57909, 12.91727], [77.57899, 12.9172]]}}, {"type": "Feature", "properties": {}, "geometry": {"type": "LineString", "coordinates": [[77.57913, 12.91727], [77.57909, 12.91727]]}}, {"type": "Feature", "properties": {}, "geometry": {"type": "LineString", "coordinates": [[77.57924, 12.91723], [77.57913, 12.91727]]}}, {"type": "Feature", "properties": {}, "geometry": {"type": "LineString", "coordinates": [[77.57377, 12.96455], [77.57377, 12.96465]]}}, {"type": "Feature", "properties": {}, "geometry": {"type": "LineString", "coordinates": [[77.57924, 12.91727], [77.57924, 12.91723]]}}, {"type": "Feature", "properties": {}, "geometry": {"type": "LineString", "coordinates": [[77.57924, 12.91723], [77.57924, 12.9172]]}}, {"type": "Feature", "properties": {}, "geometry": {"type": "LineString", "coordinates": [[77.54474, 12.94329], [77.54528, 12.94315]]}}, {"type": "Feature", "properties": {}, "geometry": {"type": "LineString", "coordinates": [[77.54528, 12.94315], [77.54592, 12.94297]]}}, {"type": "Feature", "properties": {}, "geometry": {"type": "LineString", "coordinates": [[77.54599, 12.94293], [77.54717, 12.94264]]}}, {"type": "Feature", "properties": {}, "geometry": {"type": "LineString", "coordinates": [[77.54564, 12.93319], [77.5464, 12.93409]]}}, {"type": "Feature", "properties": {}, "geometry": {"type": "LineString", "coordinates": [[77.54524, 12.93266], [77.54564, 12.93319]]}}, {"type": "Feature", "properties": {}, "geometry": {"type": "LineString", "coordinates": [[77.54353, 12.9306], [77.54524, 12.93266]]}}, {"type": "Feature", "properties": {}, "geometry": {"type": "LineString", "coordinates": [[77.57693, 12.94076], [77.577, 12.94073]]}}, {"type": "Feature", "properties": {}, "geometry": {"type": "LineString", "coordinates": [[77.57686, 12.94076], [77.57693, 12.94076]]}}, {"type": "Feature", "properties": {}, "geometry": {"type": "LineString", "coordinates": [[77.57679, 12.94076], [77.57686, 12.94076]]}}, {"type": "Feature", "properties": {}, "geometry": {"type": "LineString", "coordinates": [[77.57611, 12.94077], [77.57679, 12.94076]]}}, {"type": "Feature", "properties": {}, "geometry": {"type": "LineString", "coordinates": [[77.577, 12.94073], [77.57711, 12.9406]]}}, {"type": "Feature", "properties": {}, "geometry": {"type": "LineString", "coordinates": [[77.57711, 12.9406], [77.5777, 12.93993]]}}, {"type": "Feature", "properties": {}, "geometry": {"type": "LineString", "coordinates": [[77.5777, 12.93993], [77.57775, 12.93987]]}}, {"type": "Feature", "properties": {}, "geometry": {"type": "LineString", "coordinates": [[77.57775, 12.93987], [77.57782, 12.93984]]}}, {"type": "Feature", "properties": {}, "geometry": {"type": "LineString", "coordinates": [[77.57782, 12.93984], [77.57839, 12.93944]]}}, {"type": "Feature", "properties": {}, "geometry": {"type": "LineString", "coordinates": [[77.57839, 12.93944], [77.57921, 12.93863]]}}, {"type": "Feature", "properties": {}, "geometry": {"type": "LineString", "coordinates": [[77.57921, 12.93863], [77.57995, 12.9377], [77.58002, 12.93711]]}}, {"type": "Feature", "properties": {}, "geometry": {"type": "LineString", "coordinates": [[77.58002, 12.93711], [77.58008, 12.93689]]}}, {"type": "Feature", "properties": {}, "geometry": {"type": "LineString", "coordinates": [[77.58008, 12.93689], [77.58008, 12.93682]]}}, {"type": "Feature", "properties": {}, "geometry": {"type": "LineString", "coordinates": [[77.58008, 12.93682], [77.58008, 12.93675]]}}, {"type": "Feature", "properties": {}, "geometry": {"type": "LineString", "coordinates": [[77.57693, 12.94076], [77.57693, 12.9408]]}}, {"type": "Feature", "properties": {}, "geometry": {"type": "LineString", "coordinates": [[77.55401, 12.92385], [77.55441, 12.92374]]}}, {"type": "Feature", "properties": {}, "geometry": {"type": "LineString", "coordinates": [[77.57267, 12.91701], [77.57256, 12.91673]]}}, {"type": "Feature", "properties": {}, "geometry": {"type": "LineString", "coordinates": [[77.57256, 12.91673], [77.57256, 12.9167]]}}, {"type": "Feature", "properties": {}, "geometry": {"type": "LineString", "coordinates": [[77.57256, 12.9167], [77.57256, 12.91663]]}}, {"type": "Feature", "properties": {}, "geometry": {"type": "LineString", "coordinates": [[77.57161, 12.96066], [77.57111, 12.9607]]}}, {"type": "Feature", "properties": {}, "geometry": {"type": "LineString", "coordinates": [[77.57111, 12.9607], [77.57111, 12.96067]]}}, {"type": "Feature", "properties": {}, "geometry": {"type": "LineString", "coordinates": [[77.57179, 12.96069], [77.57161, 12.96066]]}}, {"type": "Feature", "properties": {}, "geometry": {"type": "LineString", "coordinates": [[77.57111, 12.96067], [77.57021, 12.96067]]}}, {"type": "Feature", "properties": {}, "geometry": {"type": "LineString", "coordinates": [[77.57021, 12.96067], [77.56874, 12.96062]]}}, {"type": "Feature", "properties": {}, "geometry": {"type": "LineString", "coordinates": [[77.56874, 12.96062], [77.56533, 12.96051]]}}, {"type": "Feature", "properties": {}, "geometry": {"type": "LineString", "coordinates": [[77.56533, 12.96051], [77.56529, 12.96051]]}}, {"type": "Feature", "properties": {}, "geometry": {"type": "LineString", "coordinates": [[77.56529, 12.96051], [77.56494, 12.96052]]}}, {"type": "Feature", "properties": {}, "geometry": {"type": "LineString", "coordinates": [[77.56494, 12.96052], [77.56443, 12.96052]]}}, {"type": "Feature", "properties": {}, "geometry": {"type": "LineString", "coordinates": [[77.56443, 12.96052], [77.56443, 12.96049]]}}, {"type": "Feature", "properties": {}, "geometry": {"type": "LineString", "coordinates": [[77.56443, 12.96049], [77.56361, 12.96049]]}}, {"type": "Feature", "properties": {}, "geometry": {"type": "LineString", "coordinates": [[77.56361, 12.96049], [77.56332, 12.96046]]}}, {"type": "Feature", "properties": {}, "geometry": {"type": "LineString", "coordinates": [[77.56332, 12.96046], [77.56328, 12.96046]]}}, {"type": "Feature", "properties": {}, "geometry": {"type": "LineString", "coordinates": [[77.56328, 12.96046], [77.56325, 12.96046]]}}, {"type": "Feature", "properties": {}, "geometry": {"type": "LineString", "coordinates": [[77.56325, 12.96046], [77.56224, 12.96044]]}}, {"type": "Feature", "properties": {}, "geometry": {"type": "LineString", "coordinates": [[77.57174, 12.96231], [77.57172, 12.96446], [77.56982, 12.9643], [77.5687, 12.96389]]}}, {"type": "Feature", "properties": {}, "geometry": {"type": "LineString", "coordinates": [[77.5687, 12.96389], [77.56834, 12.96383]]}}, {"type": "Feature", "properties": {}, "geometry": {"type": "LineString", "coordinates": [[77.56834, 12.96383], [77.56834, 12.96386]]}}, {"type": "Feature", "properties": {}, "geometry": {"type": "LineString", "coordinates": [[77.57179, 12.96069], [77.57174, 12.96231]]}}, {"type": "Feature", "properties": {}, "geometry": {"type": "LineString", "coordinates": [[77.57182, 12.96052], [77.57179, 12.96069]]}}, {"type": "Feature", "properties": {}, "geometry": {"type": "LineString", "coordinates": [[77.57209, 12.95809], [77.57182, 12.96052]]}}, {"type": "Feature", "properties": {}, "geometry": {"type": "LineString", "coordinates": [[77.57219, 12.95742], [77.57209, 12.95809]]}}, {"type": "Feature", "properties": {}, "geometry": {"type": "LineString", "coordinates": [[77.56331, 12.93847], [77.56346, 12.93868]]}}, {"type": "Feature", "properties": {}, "geometry": {"type": "LineString", "coordinates": [[77.56306, 12.93808], [77.56331, 12.93847]]}}, {"type": "Feature", "properties": {}, "geometry": {"type": "LineString", "coordinates": [[77.56287, 12.9377], [77.56306, 12.93808]]}}, {"type": "Feature", "properties": {}, "geometry": {"type": "LineString", "coordinates": [[77.5628, 12.93756], [77.56287, 12.9377]]}}, {"type": "Feature", "properties": {}, "geometry": {"type": "LineString", "coordinates": [[77.56262, 12.93721], [77.5628, 12.93756]]}}, {"type": "Feature", "properties": {}, "geometry": {"type": "LineString", "coordinates": [[77.5624, 12.93693], [77.56262, 12.93721]]}}, {"type": "Feature", "properties": {}, "geometry": {"type": "LineString", "coordinates": [[77.56236, 12.93689], [77.5624, 12.93693]]}}, {"type": "Feature", "properties": {}, "geometry": {"type": "LineString", "coordinates": [[77.562, 12.93651], [77.56236, 12.93689]]}}, {"type": "Feature", "properties": {}, "geometry": {"type": "LineString", "coordinates": [[77.56117, 12.93571], [77.562, 12.93651]]}}, {"type": "Feature", "properties": {}, "geometry": {"type": "LineString", "coordinates": [[77.56091, 12.9355], [77.56117, 12.93571]]}}, {"type": "Feature", "properties": {}, "geometry": {"type": "LineString", "coordinates": [[77.56077, 12.93518], [77.56091, 12.9355]]}}, {"type": "Feature", "properties": {}, "geometry": {"type": "LineString", "coordinates": [[77.56076, 12.93515], [77.56077, 12.93518]]}}, {"type": "Feature", "properties": {}, "geometry": {"type": "LineString", "coordinates": [[77.56076, 12.93515], [77.56065, 12.93476]]}}, {"type": "Feature", "properties": {}, "geometry": {"type": "LineString", "coordinates": [[77.56065, 12.93476], [77.55936, 12.93432]]}}, {"type": "Feature", "properties": {}, "geometry": {"type": "LineString", "coordinates": [[77.55936, 12.93432], [77.55903, 12.93418]]}}, {"type": "Feature", "properties": {}, "geometry": {"type": "LineString", "coordinates": [[77.55903, 12.93418], [77.5577, 12.93345]]}}, {"type": "Feature", "properties": {}, "geometry": {"type": "LineString", "coordinates": [[77.5577, 12.93345], [77.55741, 12.93332]]}}, {"type": "Feature", "properties": {}, "geometry": {"type": "LineString", "coordinates": [[77.5798, 12.93313], [77.57977, 12.93433]]}}, {"type": "Feature", "properties": {}, "geometry": {"type": "LineString", "coordinates": [[77.57977, 12.93099], [77.5798, 12.93313]]}}, {"type": "Feature", "properties": {}, "geometry": {"type": "LineString", "coordinates": [[77.57984, 12.92676], [77.57977, 12.93099]]}}, {"type": "Feature", "properties": {}, "geometry": {"type": "LineString", "coordinates": [[77.57983, 12.9263], [77.57984, 12.92676]]}}, {"type": "Feature", "properties": {}, "geometry": {"type": "LineString", "coordinates": [[77.57988, 12.92359], [77.57983, 12.9263]]}}, {"type": "Feature", "properties": {}, "geometry": {"type": "LineString", "coordinates": [[77.5799, 12.9219], [77.57988, 12.92359]]}}, {"type": "Feature", "properties": {}, "geometry": {"type": "LineString", "coordinates": [[77.57991, 12.91997], [77.5799, 12.9219]]}}, {"type": "Feature", "properties": {}, "geometry": {"type": "LineString", "coordinates": [[77.57985, 12.91796], [77.57991, 12.91997]]}}, {"type": "Feature", "properties": {}, "geometry": {"type": "LineString", "coordinates": [[77.57949, 12.91765], [77.57985, 12.91796]]}}, {"type": "Feature", "properties": {}, "geometry": {"type": "LineString", "coordinates": [[77.57909, 12.91734], [77.57949, 12.91765]]}}, {"type": "Feature", "properties": {}, "geometry": {"type": "LineString", "coordinates": [[77.57902, 12.9173], [77.57909, 12.91734]]}}, {"type": "Feature", "properties": {}, "geometry": {"type": "LineString", "coordinates": [[77.57895, 12.9172], [77.57902, 12.9173]]}}, {"type": "Feature", "properties": {}, "geometry": {"type": "LineString", "coordinates": [[77.5602, 12.92192], [77.56024, 12.92199]]}}, {"type": "Feature", "properties": {}, "geometry": {"type": "LineString", "coordinates": [[77.56129, 12.92656], [77.56333, 12.92611]]}}, {"type": "Feature", "properties": {}, "geometry": {"type": "LineString", "coordinates": [[77.56121, 12.92649], [77.56129, 12.92656]]}}, {"type": "Feature", "properties": {}, "geometry": {"type": "LineString", "coordinates": [[77.56114, 12.92631], [77.56121, 12.92649]]}}, {"type": "Feature", "properties": {}, "geometry": {"type": "LineString", "coordinates": [[77.56333, 12.92611], [77.56372, 12.92608]]}}, {"type": "Feature", "properties": {}, "geometry": {"type": "LineString", "coordinates": [[77.56372, 12.92608], [77.56422, 12.92597]]}}, {"type": "Feature", "properties": {}, "geometry": {"type": "LineString", "coordinates": [[77.56422, 12.92597], [77.56451, 12.92589]]}}, {"type": "Feature", "properties": {}, "geometry": {"type": "LineString", "coordinates": [[77.56451, 12.92589], [77.56428, 12.92459], [77.56858, 12.92381]]}}, {"type": "Feature", "properties": {}, "geometry": {"type": "LineString", "coordinates": [[77.56861, 12.92378], [77.56944, 12.92373]]}}, {"type": "Feature", "properties": {}, "geometry": {"type": "LineString", "coordinates": [[77.56858, 12.92381], [77.56861, 12.92378]]}}, {"type": "Feature", "properties": {}, "geometry": {"type": "LineString", "coordinates": [[77.56944, 12.92373], [77.56947, 12.92373]]}}, {"type": "Feature", "properties": {}, "geometry": {"type": "LineString", "coordinates": [[77.56947, 12.92373], [77.57012, 12.92362]]}}, {"type": "Feature", "properties": {}, "geometry": {"type": "LineString", "coordinates": [[77.57012, 12.92362], [77.57015, 12.92358]]}}, {"type": "Feature", "properties": {}, "geometry": {"type": "LineString", "coordinates": [[77.57015, 12.92358], [77.57026, 12.92344]]}}, {"type": "Feature", "properties": {}, "geometry": {"type": "LineString", "coordinates": [[77.57026, 12.92344], [77.57015, 12.92288]]}}, {"type": "Feature", "properties": {}, "geometry": {"type": "LineString", "coordinates": [[77.57015, 12.92288], [77.57047, 12.92288]]}}, {"type": "Feature", "properties": {}, "geometry": {"type": "LineString", "coordinates": [[77.57047, 12.92288], [77.57104, 12.92284]]}}, {"type": "Feature", "properties": {}, "geometry": {"type": "LineString", "coordinates": [[77.57129, 12.92283], [77.57259, 12.92282]]}}, {"type": "Feature", "properties": {}, "geometry": {"type": "LineString", "coordinates": [[77.57104, 12.92284], [77.57129, 12.92283]]}}, {"type": "Feature", "properties": {}, "geometry": {"type": "LineString", "coordinates": [[77.57259, 12.92282], [77.57277, 12.92282]]}}, {"type": "Feature", "properties": {}, "geometry": {"type": "LineString", "coordinates": [[77.57277, 12.92282], [77.57352, 12.92278]]}}, {"type": "Feature", "properties": {}, "geometry": {"type": "LineString", "coordinates": [[77.57355, 12.92278], [77.57366, 12.92274]]}}, {"type": "Feature", "properties": {}, "geometry": {"type": "LineString", "coordinates": [[77.57352, 12.92278], [77.57355, 12.92278]]}}, {"type": "Feature", "properties": {}, "geometry": {"type": "LineString", "coordinates": [[77.57366, 12.92274], [77.57366, 12.92239]]}}, {"type": "Feature", "properties": {}, "geometry": {"type": "LineString", "coordinates": [[77.57366, 12.92239], [77.57368, 12.92116], [77.57443, 12.92097]]}}, {"type": "Feature", "properties": {}, "geometry": {"type": "LineString", "coordinates": [[77.57443, 12.92097], [77.57447, 12.92097]]}}, {"type": "Feature", "properties": {}, "geometry": {"type": "LineString", "coordinates": [[77.57447, 12.92097], [77.57458, 12.9209]]}}, {"type": "Feature", "properties": {}, "geometry": {"type": "LineString", "coordinates": [[77.56096, 12.92593], [77.56099, 12.92596]]}}, {"type": "Feature", "properties": {}, "geometry": {"type": "LineString", "coordinates": [[77.56084, 12.92533], [77.56096, 12.92593]]}}, {"type": "Feature", "properties": {}, "geometry": {"type": "LineString", "coordinates": [[77.56077, 12.92473], [77.56084, 12.92533]]}}, {"type": "Feature", "properties": {}, "geometry": {"type": "LineString", "coordinates": [[77.56069, 12.92431], [77.56077, 12.92473]]}}, {"type": "Feature", "properties": {}, "geometry": {"type": "LineString", "coordinates": [[77.55815, 12.92458], [77.55915, 12.92443]]}}, {"type": "Feature", "properties": {}, "geometry": {"type": "LineString", "coordinates": [[77.55811, 12.92434], [77.55815, 12.92458]]}}, {"type": "Feature", "properties": {}, "geometry": {"type": "LineString", "coordinates": [[77.55915, 12.92443], [77.55947, 12.92439]]}}, {"type": "Feature", "properties": {}, "geometry": {"type": "LineString", "coordinates": [[77.55947, 12.92439], [77.55983, 12.92432]]}}, {"type": "Feature", "properties": {}, "geometry": {"type": "LineString", "coordinates": [[77.55983, 12.92432], [77.56015, 12.92428]]}}, {"type": "Feature", "properties": {}, "geometry": {"type": "LineString", "coordinates": [[77.56062, 12.92424], [77.56069, 12.92431]]}}, {"type": "Feature", "properties": {}, "geometry": {"type": "LineString", "coordinates": [[77.55807, 12.9242], [77.55811, 12.92434]]}}, {"type": "Feature", "properties": {}, "geometry": {"type": "LineString", "coordinates": [[77.56015, 12.92428], [77.56062, 12.92424]]}}, {"type": "Feature", "properties": {}, "geometry": {"type": "LineString", "coordinates": [[77.55792, 12.92381], [77.55799, 12.92377]]}}, {"type": "Feature", "properties": {}, "geometry": {"type": "LineString", "coordinates": [[77.55799, 12.92377], [77.55799, 12.92381]]}}, {"type": "Feature", "properties": {}, "geometry": {"type": "LineString", "coordinates": [[77.55799, 12.92374], [77.55799, 12.92377]]}}, {"type": "Feature", "properties": {}, "geometry": {"type": "LineString", "coordinates": [[77.55818, 12.92409], [77.55828, 12.92412]]}}, {"type": "Feature", "properties": {}, "geometry": {"type": "LineString", "coordinates": [[77.57346, 12.9169], [77.57342, 12.9169]]}}, {"type": "Feature", "properties": {}, "geometry": {"type": "LineString", "coordinates": [[77.57281, 12.91663], [77.57277, 12.91663]]}}, {"type": "Feature", "properties": {}, "geometry": {"type": "LineString", "coordinates": [[77.57277, 12.91663], [77.5727, 12.91663]]}}, {"type": "Feature", "properties": {}, "geometry": {"type": "LineString", "coordinates": [[77.57997, 12.93313], [77.57995, 12.93433]]}}, {"type": "Feature", "properties": {}, "geometry": {"type": "LineString", "coordinates": [[77.57994, 12.93306], [77.57997, 12.93313]]}}, {"type": "Feature", "properties": {}, "geometry": {"type": "LineString", "coordinates": [[77.57994, 12.93302], [77.57994, 12.93306]]}}, {"type": "Feature", "properties": {}, "geometry": {"type": "LineString", "coordinates": [[77.57994, 12.93299], [77.57994, 12.93302]]}}, {"type": "Feature", "properties": {}, "geometry": {"type": "LineString", "coordinates": [[77.57999, 12.93102], [77.57994, 12.93299]]}}, {"type": "Feature", "properties": {}, "geometry": {"type": "LineString", "coordinates": [[77.57999, 12.93098], [77.57999, 12.93102]]}}, {"type": "Feature", "properties": {}, "geometry": {"type": "LineString", "coordinates": [[77.57999, 12.93088], [77.57999, 12.93098]]}}, {"type": "Feature", "properties": {}, "geometry": {"type": "LineString", "coordinates": [[77.58005, 12.92616], [77.57999, 12.93088]]}}, {"type": "Feature", "properties": {}, "geometry": {"type": "LineString", "coordinates": [[77.58006, 12.92359], [77.58005, 12.92616]]}}, {"type": "Feature", "properties": {}, "geometry": {"type": "LineString", "coordinates": [[77.58011, 12.9219], [77.58006, 12.92359]]}}, {"type": "Feature", "properties": {}, "geometry": {"type": "LineString", "coordinates": [[77.58013, 12.91997], [77.58011, 12.9219]]}}, {"type": "Feature", "properties": {}, "geometry": {"type": "LineString", "coordinates": [[77.57985, 12.91782], [77.58011, 12.91803], [77.58013, 12.91997]]}}, {"type": "Feature", "properties": {}, "geometry": {"type": "LineString", "coordinates": [[77.57964, 12.91765], [77.57985, 12.91782]]}}, {"type": "Feature", "properties": {}, "geometry": {"type": "LineString", "coordinates": [[77.57924, 12.91734], [77.57964, 12.91765]]}}, {"type": "Feature", "properties": {}, "geometry": {"type": "LineString", "coordinates": [[77.5792, 12.9173], [77.57924, 12.91734]]}}, {"type": "Feature", "properties": {}, "geometry": {"type": "LineString", "coordinates": [[77.57917, 12.91727], [77.5792, 12.9173]]}}, {"type": "Feature", "properties": {}, "geometry": {"type": "LineString", "coordinates": [[77.57913, 12.91727], [77.57917, 12.91727]]}}, {"type": "Feature", "properties": {}, "geometry": {"type": "LineString", "coordinates": [[77.57909, 12.9172], [77.57913, 12.91727]]}}, {"type": "Feature", "properties": {}, "geometry": {"type": "LineString", "coordinates": [[77.55832, 12.92437], [77.55836, 12.92444]]}}, {"type": "Feature", "properties": {}, "geometry": {"type": "LineString", "coordinates": [[77.55836, 12.92444], [77.55836, 12.92447]]}}, {"type": "Feature", "properties": {}, "geometry": {"type": "LineString", "coordinates": [[77.55836, 12.92437], [77.55836, 12.92444]]}}, {"type": "Feature", "properties": {}, "geometry": {"type": "LineString", "coordinates": [[77.56757, 12.95525], [77.56757, 12.95528]]}}, {"type": "Feature", "properties": {}, "geometry": {"type": "LineString", "coordinates": [[77.5732, 12.96202], [77.57282, 12.96266], [77.57373, 12.96458]]}}, {"type": "Feature", "properties": {}, "geometry": {"type": "LineString", "coordinates": [[77.57444, 12.95982], [77.57361, 12.96011], [77.57373, 12.96106], [77.57302, 12.96153], [77.57331, 12.96184], [77.5732, 12.96202]]}}, {"type": "Feature", "properties": {}, "geometry": {"type": "LineString", "coordinates": [[77.57434, 12.91911], [77.57434, 12.91914]]}}, {"type": "Feature", "properties": {}, "geometry": {"type": "LineString", "coordinates": [[77.57433, 12.91777], [77.57434, 12.91911]]}}, {"type": "Feature", "properties": {}, "geometry": {"type": "LineString", "coordinates": [[77.57422, 12.9177], [77.57433, 12.91777]]}}, {"type": "Feature", "properties": {}, "geometry": {"type": "LineString", "coordinates": [[77.57458, 12.9209], [77.57446, 12.92048]]}}, {"type": "Feature", "properties": {}, "geometry": {"type": "LineString", "coordinates": [[77.57431, 12.91995], [77.57361, 12.91767]]}}, {"type": "Feature", "properties": {}, "geometry": {"type": "LineString", "coordinates": [[77.57361, 12.91767], [77.57361, 12.9176]]}}, {"type": "Feature", "properties": {}, "geometry": {"type": "LineString", "coordinates": [[77.57361, 12.9176], [77.57361, 12.91746]]}}, {"type": "Feature", "properties": {}, "geometry": {"type": "LineString", "coordinates": [[77.57435, 12.91995], [77.57431, 12.91995]]}}, {"type": "Feature", "properties": {}, "geometry": {"type": "LineString", "coordinates": [[77.57434, 12.91911], [77.57435, 12.91995]]}}, {"type": "Feature", "properties": {}, "geometry": {"type": "LineString", "coordinates": [[77.56963, 12.94221], [77.56962, 12.94175]]}}, {"type": "Feature", "properties": {}, "geometry": {"type": "LineString", "coordinates": [[77.56962, 12.94175], [77.56972, 12.94066]]}}, {"type": "Feature", "properties": {}, "geometry": {"type": "LineString", "coordinates": [[77.57385, 12.94072], [77.57388, 12.94076]]}}, {"type": "Feature", "properties": {}, "geometry": {"type": "LineString", "coordinates": [[77.57381, 12.94076], [77.57385, 12.94072]]}}, {"type": "Feature", "properties": {}, "geometry": {"type": "LineString", "coordinates": [[77.57377, 12.94076], [77.57379, 12.94076]]}}, {"type": "Feature", "properties": {}, "geometry": {"type": "LineString", "coordinates": [[77.57379, 12.94076], [77.57381, 12.94076]]}}, {"type": "Feature", "properties": {}, "geometry": {"type": "LineString", "coordinates": [[77.57374, 12.94072], [77.57377, 12.94076]]}}, {"type": "Feature", "properties": {}, "geometry": {"type": "LineString", "coordinates": [[77.57334, 12.94069], [77.57374, 12.94072]]}}, {"type": "Feature", "properties": {}, "geometry": {"type": "LineString", "coordinates": [[77.57295, 12.94066], [77.57334, 12.94069]]}}, {"type": "Feature", "properties": {}, "geometry": {"type": "LineString", "coordinates": [[77.57237, 12.94063], [77.57295, 12.94066]]}}, {"type": "Feature", "properties": {}, "geometry": {"type": "LineString", "coordinates": [[77.57202, 12.94063], [77.57237, 12.94063]]}}, {"type": "Feature", "properties": {}, "geometry": {"type": "LineString", "coordinates": [[77.57126, 12.94064], [77.57144, 12.94064]]}}, {"type": "Feature", "properties": {}, "geometry": {"type": "LineString", "coordinates": [[77.57051, 12.94065], [77.57126, 12.94064]]}}, {"type": "Feature", "properties": {}, "geometry": {"type": "LineString", "coordinates": [[77.57148, 12.94064], [77.57202, 12.94063]]}}, {"type": "Feature", "properties": {}, "geometry": {"type": "LineString", "coordinates": [[77.56972, 12.94066], [77.57011, 12.94065]]}}, {"type": "Feature", "properties": {}, "geometry": {"type": "LineString", "coordinates": [[77.57011, 12.94065], [77.57051, 12.94065]]}}, {"type": "Feature", "properties": {}, "geometry": {"type": "LineString", "coordinates": [[77.57388, 12.94076], [77.57611, 12.94073]]}}, {"type": "Feature", "properties": {}, "geometry": {"type": "LineString", "coordinates": [[77.57611, 12.94077], [77.57388, 12.94076]]}}, {"type": "Feature", "properties": {}, "geometry": {"type": "LineString", "coordinates": [[77.57927, 12.9172], [77.57927, 12.91723]]}}, {"type": "Feature", "properties": {}, "geometry": {"type": "LineString", "coordinates": [[77.5792, 12.9173], [77.57913, 12.91727]]}}, {"type": "Feature", "properties": {}, "geometry": {"type": "LineString", "coordinates": [[77.57927, 12.9173], [77.5792, 12.9173]]}}, {"type": "Feature", "properties": {}, "geometry": {"type": "LineString", "coordinates": [[77.57938, 12.91726], [77.57927, 12.9173]]}}, {"type": "Feature", "properties": {}, "geometry": {"type": "LineString", "coordinates": [[77.57963, 12.91726], [77.57938, 12.91726]]}}, {"type": "Feature", "properties": {}, "geometry": {"type": "LineString", "coordinates": [[77.58031, 12.91722], [77.57963, 12.91726]]}}, {"type": "Feature", "properties": {}, "geometry": {"type": "LineString", "coordinates": [[77.56099, 12.92596], [77.5611, 12.92628]]}}, {"type": "Feature", "properties": {}, "geometry": {"type": "LineString", "coordinates": [[77.54875, 12.95624], [77.54853, 12.95659]]}}, {"type": "Feature", "properties": {}, "geometry": {"type": "LineString", "coordinates": [[77.54892, 12.95592], [77.54875, 12.95624]]}}, {"type": "Feature", "properties": {}, "geometry": {"type": "LineString", "coordinates": [[77.54391, 12.9641], [77.54394, 12.96406]]}}, {"type": "Feature", "properties": {}, "geometry": {"type": "LineString", "coordinates": [[77.54394, 12.96406], [77.54394, 12.96403]]}}, {"type": "Feature", "properties": {}, "geometry": {"type": "LineString", "coordinates": [[77.54394, 12.96403], [77.54419, 12.96375]]}}, {"type": "Feature", "properties": {}, "geometry": {"type": "LineString", "coordinates": [[77.54419, 12.96375], [77.54561, 12.9618]]}}, {"type": "Feature", "properties": {}, "geometry": {"type": "LineString", "coordinates": [[77.54561, 12.9618], [77.54638, 12.96049]]}}, {"type": "Feature", "properties": {}, "geometry": {"type": "LineString", "coordinates": [[77.54638, 12.96049], [77.54656, 12.9601]]}}, {"type": "Feature", "properties": {}, "geometry": {"type": "LineString", "coordinates": [[77.5466, 12.96006], [77.54716, 12.95904]]}}, {"type": "Feature", "properties": {}, "geometry": {"type": "LineString", "coordinates": [[77.54716, 12.95904], [77.54769, 12.95812]]}}, {"type": "Feature", "properties": {}, "geometry": {"type": "LineString", "coordinates": [[77.54769, 12.95812], [77.54772, 12.95801]]}}, {"type": "Feature", "properties": {}, "geometry": {"type": "LineString", "coordinates": [[77.548, 12.95748], [77.54846, 12.95674]]}}, {"type": "Feature", "properties": {}, "geometry": {"type": "LineString", "coordinates": [[77.55665, 12.96401], [77.55532, 12.96448]]}}, {"type": "Feature", "properties": {}, "geometry": {"type": "LineString", "coordinates": [[77.55679, 12.96397], [77.55665, 12.96401]]}}, {"type": "Feature", "properties": {}, "geometry": {"type": "LineString", "coordinates": [[77.56812, 12.96647], [77.56814, 12.96647]]}}, {"type": "Feature", "properties": {}, "geometry": {"type": "LineString", "coordinates": [[77.56814, 12.96647], [77.56815, 12.96647]]}}, {"type": "Feature", "properties": {}, "geometry": {"type": "LineString", "coordinates": [[77.56919, 12.94179], [77.5688, 12.94179]]}}, {"type": "Feature", "properties": {}, "geometry": {"type": "LineString", "coordinates": [[77.5688, 12.94179], [77.56869, 12.94179]]}}, {"type": "Feature", "properties": {}, "geometry": {"type": "LineString", "coordinates": [[77.56919, 12.94189], [77.56919, 12.94186]]}}, {"type": "Feature", "properties": {}, "geometry": {"type": "LineString", "coordinates": [[77.56919, 12.94186], [77.56919, 12.94189]]}}, {"type": "Feature", "properties": {}, "geometry": {"type": "LineString", "coordinates": [[77.56883, 12.94179], [77.5688, 12.94172]]}}, {"type": "Feature", "properties": {}, "geometry": {"type": "LineString", "coordinates": [[77.5688, 12.94179], [77.5688, 12.94183]]}}, {"type": "Feature", "properties": {}, "geometry": {"type": "LineString", "coordinates": [[77.5688, 12.94172], [77.5688, 12.94179]]}}, {"type": "Feature", "properties": {}, "geometry": {"type": "LineString", "coordinates": [[77.56869, 12.94158], [77.5688, 12.94172]]}}, {"type": "Feature", "properties": {}, "geometry": {"type": "LineString", "coordinates": [[77.56837, 12.9418], [77.56804, 12.9418]]}}, {"type": "Feature", "properties": {}, "geometry": {"type": "LineString", "coordinates": [[77.56862, 12.94179], [77.56837, 12.9418]]}}, {"type": "Feature", "properties": {}, "geometry": {"type": "LineString", "coordinates": [[77.56876, 12.94183], [77.56862, 12.94179]]}}, {"type": "Feature", "properties": {}, "geometry": {"type": "LineString", "coordinates": [[77.56865, 12.94179], [77.56862, 12.94179]]}}, {"type": "Feature", "properties": {}, "geometry": {"type": "LineString", "coordinates": [[77.56869, 12.94179], [77.56865, 12.94179]]}}, {"type": "Feature", "properties": {}, "geometry": {"type": "LineString", "coordinates": [[77.56919, 12.94193], [77.56912, 12.94193]]}}, {"type": "Feature", "properties": {}, "geometry": {"type": "LineString", "coordinates": [[77.56919, 12.94189], [77.56919, 12.94203]]}}, {"type": "Feature", "properties": {}, "geometry": {"type": "LineString", "coordinates": [[77.56919, 12.94182], [77.56916, 12.94182]]}}, {"type": "Feature", "properties": {}, "geometry": {"type": "LineString", "coordinates": [[77.56916, 12.94182], [77.56919, 12.94179]]}}, {"type": "Feature", "properties": {}, "geometry": {"type": "LineString", "coordinates": [[77.56919, 12.94186], [77.56919, 12.94182]]}}, {"type": "Feature", "properties": {}, "geometry": {"type": "LineString", "coordinates": [[77.5611, 12.92628], [77.56114, 12.92631]]}}, {"type": "Feature", "properties": {}, "geometry": {"type": "LineString", "coordinates": [[77.56114, 12.92631], [77.5611, 12.92628]]}}, {"type": "Feature", "properties": {}, "geometry": {"type": "LineString", "coordinates": [[77.57446, 12.92048], [77.57435, 12.92002]]}}, {"type": "Feature", "properties": {}, "geometry": {"type": "LineString", "coordinates": [[77.57435, 12.92002], [77.57431, 12.91995]]}}, {"type": "Feature", "properties": {}, "geometry": {"type": "LineString", "coordinates": [[77.56916, 12.94189], [77.56919, 12.94186]]}}, {"type": "Feature", "properties": {}, "geometry": {"type": "LineString", "coordinates": [[77.56651, 12.9706], [77.56651, 12.97064]]}}, {"type": "Feature", "properties": {}, "geometry": {"type": "LineString", "coordinates": [[77.56258, 12.96557], [77.56462, 12.96854], [77.56651, 12.9706]]}}, {"type": "Feature", "properties": {}, "geometry": {"type": "LineString", "coordinates": [[77.562, 12.96477], [77.56255, 12.9655]]}}, {"type": "Feature", "properties": {}, "geometry": {"type": "LineString", "coordinates": [[77.56193, 12.96466], [77.562, 12.96477]]}}, {"type": "Feature", "properties": {}, "geometry": {"type": "LineString", "coordinates": [[77.56179, 12.96171], [77.56029, 12.9626], [77.56193, 12.96466]]}}, {"type": "Feature", "properties": {}, "geometry": {"type": "LineString", "coordinates": [[77.562, 12.96157], [77.56179, 12.96171]]}}, {"type": "Feature", "properties": {}, "geometry": {"type": "LineString", "coordinates": [[77.56204, 12.96128], [77.562, 12.96157]]}}, {"type": "Feature", "properties": {}, "geometry": {"type": "LineString", "coordinates": [[77.56204, 12.96125], [77.56204, 12.96128]]}}, {"type": "Feature", "properties": {}, "geometry": {"type": "LineString", "coordinates": [[77.56204, 12.96121], [77.56204, 12.96125]]}}, {"type": "Feature", "properties": {}, "geometry": {"type": "LineString", "coordinates": [[77.56203, 12.96107], [77.56204, 12.96121]]}}, {"type": "Feature", "properties": {}, "geometry": {"type": "LineString", "coordinates": [[77.56203, 12.96083], [77.56203, 12.96107]]}}, {"type": "Feature", "properties": {}, "geometry": {"type": "LineString", "coordinates": [[77.56203, 12.96058], [77.56203, 12.96083]]}}, {"type": "Feature", "properties": {}, "geometry": {"type": "LineString", "coordinates": [[77.56203, 12.96051], [77.56203, 12.96058]]}}, {"type": "Feature", "properties": {}, "geometry": {"type": "LineString", "coordinates": [[77.56203, 12.96044], [77.56203, 12.96051]]}}, {"type": "Feature", "properties": {}, "geometry": {"type": "LineString", "coordinates": [[77.56203, 12.96033], [77.56203, 12.96044]]}}, {"type": "Feature", "properties": {}, "geometry": {"type": "LineString", "coordinates": [[77.56203, 12.9603], [77.56203, 12.96033]]}}, {"type": "Feature", "properties": {}, "geometry": {"type": "LineString", "coordinates": [[77.56203, 12.96023], [77.56203, 12.9603]]}}, {"type": "Feature", "properties": {}, "geometry": {"type": "LineString", "coordinates": [[77.56206, 12.96009], [77.56203, 12.96023]]}}, {"type": "Feature", "properties": {}, "geometry": {"type": "LineString", "coordinates": [[77.56206, 12.96005], [77.56206, 12.96009]]}}, {"type": "Feature", "properties": {}, "geometry": {"type": "LineString", "coordinates": [[77.57388, 12.94375], [77.57502, 12.9437]]}}, {"type": "Feature", "properties": {}, "geometry": {"type": "LineString", "coordinates": [[77.57502, 12.9437], [77.57603, 12.94369]]}}, {"type": "Feature", "properties": {}, "geometry": {"type": "LineString", "coordinates": [[77.57603, 12.94369], [77.5766, 12.94365]]}}, {"type": "Feature", "properties": {}, "geometry": {"type": "LineString", "coordinates": [[77.55312, 12.9241], [77.55376, 12.92392]]}}, {"type": "Feature", "properties": {}, "geometry": {"type": "LineString", "coordinates": [[77.55376, 12.92392], [77.55383, 12.92389]]}}, {"type": "Feature", "properties": {}, "geometry": {"type": "LineString", "coordinates": [[77.57927, 12.91727], [77.57927, 12.9173]]}}, {"type": "Feature", "properties": {}, "geometry": {"type": "LineString", "coordinates": [[77.57927, 12.91723], [77.57927, 12.91727]]}}, {"type": "Feature", "properties": {}, "geometry": {"type": "LineString", "coordinates": [[77.56796, 12.94366], [77.56796, 12.9437]]}}, {"type": "Feature", "properties": {}, "geometry": {"type": "LineString", "coordinates": [[77.56777, 12.94258], [77.56795, 12.9436]]}}, {"type": "Feature", "properties": {}, "geometry": {"type": "LineString", "coordinates": [[77.56795, 12.9436], [77.56796, 12.94366]]}}, {"type": "Feature", "properties": {}, "geometry": {"type": "LineString", "coordinates": [[77.56796, 12.94099], [77.56736, 12.94107], [77.56743, 12.9417], [77.56718, 12.94184], [77.56777, 12.94258]]}}, {"type": "Feature", "properties": {}, "geometry": {"type": "LineString", "coordinates": [[77.56792, 12.9437], [77.56792, 12.94374]]}}, {"type": "Feature", "properties": {}, "geometry": {"type": "LineString", "coordinates": [[77.56796, 12.9437], [77.56792, 12.9437]]}}, {"type": "Feature", "properties": {}, "geometry": {"type": "LineString", "coordinates": [[77.56796, 12.9437], [77.56792, 12.94374]]}}, {"type": "Feature", "properties": {}, "geometry": {"type": "LineString", "coordinates": [[77.53526, 12.93607], [77.53644, 12.93535]]}}, {"type": "Feature", "properties": {}, "geometry": {"type": "LineString", "coordinates": [[77.54142, 12.94495], [77.54165, 12.94339]]}}, {"type": "Feature", "properties": {}, "geometry": {"type": "LineString", "coordinates": [[77.56285, 12.93935], [77.56292, 12.93928]]}}, {"type": "Feature", "properties": {}, "geometry": {"type": "LineString", "coordinates": [[77.56292, 12.93928], [77.563, 12.93928]]}}, {"type": "Feature", "properties": {}, "geometry": {"type": "LineString", "coordinates": [[77.56225, 12.93992], [77.56278, 12.93967]]}}, {"type": "Feature", "properties": {}, "geometry": {"type": "LineString", "coordinates": [[77.56278, 12.93967], [77.56285, 12.93935]]}}, {"type": "Feature", "properties": {}, "geometry": {"type": "LineString", "coordinates": [[77.56285, 12.93935], [77.563, 12.93928]]}}, {"type": "Feature", "properties": {}, "geometry": {"type": "LineString", "coordinates": [[77.54869, 12.92946], [77.54876, 12.92942]]}}, {"type": "Feature", "properties": {}, "geometry": {"type": "LineString", "coordinates": [[77.54869, 12.92946], [77.54748, 12.93046]]}}, {"type": "Feature", "properties": {}, "geometry": {"type": "LineString", "coordinates": [[77.54872, 12.92946], [77.54869, 12.92946]]}}, {"type": "Feature", "properties": {}, "geometry": {"type": "LineString", "coordinates": [[77.54876, 12.92942], [77.54872, 12.92946]]}}, {"type": "Feature", "properties": {}, "geometry": {"type": "LineString", "coordinates": [[77.55383, 12.92389], [77.55387, 12.92388]]}}, {"type": "Feature", "properties": {}, "geometry": {"type": "LineString", "coordinates": [[77.55387, 12.92388], [77.55401, 12.92385]]}}, {"type": "Feature", "properties": {}, "geometry": {"type": "LineString", "coordinates": [[77.55383, 12.92389], [77.55387, 12.92388]]}}, {"type": "Feature", "properties": {}, "geometry": {"type": "LineString", "coordinates": [[77.53526, 12.93607], [77.53527, 12.9361]]}}, {"type": "Feature", "properties": {}, "geometry": {"type": "LineString", "coordinates": [[77.55315, 12.92396], [77.55322, 12.92396]]}}, {"type": "Feature", "properties": {}, "geometry": {"type": "LineString", "coordinates": [[77.53644, 12.93535], [77.5384, 12.93428]]}}, {"type": "Feature", "properties": {}, "geometry": {"type": "LineString", "coordinates": [[77.5384, 12.93428], [77.54108, 12.93249]]}}, {"type": "Feature", "properties": {}, "geometry": {"type": "LineString", "coordinates": [[77.54108, 12.93249], [77.54111, 12.93249]]}}, {"type": "Feature", "properties": {}, "geometry": {"type": "LineString", "coordinates": [[77.54111, 12.93249], [77.54247, 12.93149]]}}, {"type": "Feature", "properties": {}, "geometry": {"type": "LineString", "coordinates": [[77.54247, 12.93149], [77.54392, 12.93014]]}}, {"type": "Feature", "properties": {}, "geometry": {"type": "LineString", "coordinates": [[77.54392, 12.93014], [77.54435, 12.92978]]}}, {"type": "Feature", "properties": {}, "geometry": {"type": "LineString", "coordinates": [[77.54435, 12.92975], [77.54467, 12.92946]]}}, {"type": "Feature", "properties": {}, "geometry": {"type": "LineString", "coordinates": [[77.54467, 12.92946], [77.54471, 12.92943]]}}, {"type": "Feature", "properties": {}, "geometry": {"type": "LineString", "coordinates": [[77.54471, 12.92943], [77.54474, 12.92943]]}}, {"type": "Feature", "properties": {}, "geometry": {"type": "LineString", "coordinates": [[77.56979, 12.91556], [77.56971, 12.91557]]}}, {"type": "Feature", "properties": {}, "geometry": {"type": "LineString", "coordinates": [[77.56928, 12.91546], [77.56925, 12.91543]]}}, {"type": "Feature", "properties": {}, "geometry": {"type": "LineString", "coordinates": [[77.56633, 12.91405], [77.56618, 12.91409]]}}, {"type": "Feature", "properties": {}, "geometry": {"type": "LineString", "coordinates": [[77.58318, 12.95221], [77.58319, 12.95224]]}}, {"type": "Feature", "properties": {}, "geometry": {"type": "LineString", "coordinates": [[77.58318, 12.95221], [77.58319, 12.95224]]}}, {"type": "Feature", "properties": {}, "geometry": {"type": "LineString", "coordinates": [[77.56952, 12.93496], [77.56955, 12.93496]]}}, {"type": "Feature", "properties": {}, "geometry": {"type": "LineString", "coordinates": [[77.56255, 12.94491], [77.56255, 12.94495]]}}, {"type": "Feature", "properties": {}, "geometry": {"type": "LineString", "coordinates": [[77.56255, 12.94491], [77.56255, 12.94495]]}}, {"type": "Feature", "properties": {}, "geometry": {"type": "LineString", "coordinates": [[77.5676, 12.95479], [77.56757, 12.95525]]}}, {"type": "Feature", "properties": {}, "geometry": {"type": "LineString", "coordinates": [[77.56771, 12.95099], [77.5676, 12.95472]]}}, {"type": "Feature", "properties": {}, "geometry": {"type": "LineString", "coordinates": [[77.56771, 12.95081], [77.56771, 12.95099]]}}, {"type": "Feature", "properties": {}, "geometry": {"type": "LineString", "coordinates": [[77.56771, 12.95078], [77.56771, 12.95081]]}}, {"type": "Feature", "properties": {}, "geometry": {"type": "LineString", "coordinates": [[77.56774, 12.95046], [77.56771, 12.95078]]}}, {"type": "Feature", "properties": {}, "geometry": {"type": "LineString", "coordinates": [[77.56774, 12.95042], [77.56774, 12.95046]]}}, {"type": "Feature", "properties": {}, "geometry": {"type": "LineString", "coordinates": [[77.56782, 12.94824], [77.56774, 12.95042]]}}, {"type": "Feature", "properties": {}, "geometry": {"type": "LineString", "coordinates": [[77.56782, 12.94817], [77.56782, 12.94824]]}}, {"type": "Feature", "properties": {}, "geometry": {"type": "LineString", "coordinates": [[77.5676, 12.95479], [77.56757, 12.95525]]}}, {"type": "Feature", "properties": {}, "geometry": {"type": "LineString", "coordinates": [[77.56771, 12.95099], [77.5676, 12.95472]]}}, {"type": "Feature", "properties": {}, "geometry": {"type": "LineString", "coordinates": [[77.56771, 12.95081], [77.56771, 12.95099]]}}, {"type": "Feature", "properties": {}, "geometry": {"type": "LineString", "coordinates": [[77.56771, 12.95078], [77.56771, 12.95081]]}}, {"type": "Feature", "properties": {}, "geometry": {"type": "LineString", "coordinates": [[77.56774, 12.95046], [77.56771, 12.95078]]}}, {"type": "Feature", "properties": {}, "geometry": {"type": "LineString", "coordinates": [[77.56774, 12.95042], [77.56774, 12.95046]]}}, {"type": "Feature", "properties": {}, "geometry": {"type": "LineString", "coordinates": [[77.56782, 12.94824], [77.56774, 12.95042]]}}, {"type": "Feature", "properties": {}, "geometry": {"type": "LineString", "coordinates": [[77.56782, 12.94817], [77.56782, 12.94824]]}}, {"type": "Feature", "properties": {}, "geometry": {"type": "LineString", "coordinates": [[77.57362, 12.95399], [77.57362, 12.9573]]}}, {"type": "Feature", "properties": {}, "geometry": {"type": "LineString", "coordinates": [[77.57362, 12.95332], [77.57362, 12.95399]]}}, {"type": "Feature", "properties": {}, "geometry": {"type": "LineString", "coordinates": [[77.57365, 12.95332], [77.57362, 12.95332]]}}, {"type": "Feature", "properties": {}, "geometry": {"type": "LineString", "coordinates": [[77.57365, 12.95322], [77.57365, 12.95332]]}}, {"type": "Feature", "properties": {}, "geometry": {"type": "LineString", "coordinates": [[77.57367, 12.94843], [77.57365, 12.95322]]}}, {"type": "Feature", "properties": {}, "geometry": {"type": "LineString", "coordinates": [[77.57367, 12.94839], [77.57367, 12.94843]]}}, {"type": "Feature", "properties": {}, "geometry": {"type": "LineString", "coordinates": [[77.57367, 12.94825], [77.57367, 12.94839]]}}, {"type": "Feature", "properties": {}, "geometry": {"type": "LineString", "coordinates": [[77.57367, 12.94808], [77.57367, 12.94825]]}}, {"type": "Feature", "properties": {}, "geometry": {"type": "LineString", "coordinates": [[77.57367, 12.94797], [77.57367, 12.94808]]}}, {"type": "Feature", "properties": {}, "geometry": {"type": "LineString", "coordinates": [[77.57367, 12.94794], [77.57367, 12.94797]]}}, {"type": "Feature", "properties": {}, "geometry": {"type": "LineString", "coordinates": [[77.57362, 12.95399], [77.57362, 12.9573]]}}, {"type": "Feature", "properties": {}, "geometry": {"type": "LineString", "coordinates": [[77.57362, 12.95332], [77.57362, 12.95399]]}}, {"type": "Feature", "properties": {}, "geometry": {"type": "LineString", "coordinates": [[77.57365, 12.95332], [77.57362, 12.95332]]}}, {"type": "Feature", "properties": {}, "geometry": {"type": "LineString", "coordinates": [[77.57365, 12.95322], [77.57365, 12.95332]]}}, {"type": "Feature", "properties": {}, "geometry": {"type": "LineString", "coordinates": [[77.57367, 12.94843], [77.57365, 12.95322]]}}, {"type": "Feature", "properties": {}, "geometry": {"type": "LineString", "coordinates": [[77.57367, 12.94839], [77.57367, 12.94843]]}}, {"type": "Feature", "properties": {}, "geometry": {"type": "LineString", "coordinates": [[77.57367, 12.94825], [77.57367, 12.94839]]}}, {"type": "Feature", "properties": {}, "geometry": {"type": "LineString", "coordinates": [[77.57367, 12.94808], [77.57367, 12.94825]]}}, {"type": "Feature", "properties": {}, "geometry": {"type": "LineString", "coordinates": [[77.57367, 12.94797], [77.57367, 12.94808]]}}, {"type": "Feature", "properties": {}, "geometry": {"type": "LineString", "coordinates": [[77.57367, 12.94794], [77.57367, 12.94797]]}}, {"type": "Feature", "properties": {}, "geometry": {"type": "LineString", "coordinates": [[77.57998, 12.94805], [77.57995, 12.94833]]}}, {"type": "Feature", "properties": {}, "geometry": {"type": "LineString", "coordinates": [[77.57998, 12.94805], [77.57995, 12.94833]]}}, {"type": "Feature", "properties": {}, "geometry": {"type": "LineString", "coordinates": [[77.56787, 12.94613], [77.56782, 12.94817]]}}, {"type": "Feature", "properties": {}, "geometry": {"type": "LineString", "coordinates": [[77.5679, 12.94504], [77.56787, 12.94613]]}}, {"type": "Feature", "properties": {}, "geometry": {"type": "LineString", "coordinates": [[77.5679, 12.945], [77.5679, 12.94504]]}}, {"type": "Feature", "properties": {}, "geometry": {"type": "LineString", "coordinates": [[77.56792, 12.94374], [77.5679, 12.945]]}}, {"type": "Feature", "properties": {}, "geometry": {"type": "LineString", "coordinates": [[77.56787, 12.94613], [77.56782, 12.94817]]}}, {"type": "Feature", "properties": {}, "geometry": {"type": "LineString", "coordinates": [[77.5679, 12.94504], [77.56787, 12.94613]]}}, {"type": "Feature", "properties": {}, "geometry": {"type": "LineString", "coordinates": [[77.5679, 12.945], [77.5679, 12.94504]]}}, {"type": "Feature", "properties": {}, "geometry": {"type": "LineString", "coordinates": [[77.56792, 12.94374], [77.5679, 12.945]]}}, {"type": "Feature", "properties": {}, "geometry": {"type": "LineString", "coordinates": [[77.57369, 12.94653], [77.57369, 12.94667]]}}, {"type": "Feature", "properties": {}, "geometry": {"type": "LineString", "coordinates": [[77.57367, 12.94428], [77.57368, 12.94593]]}}, {"type": "Feature", "properties": {}, "geometry": {"type": "LineString", "coordinates": [[77.57366, 12.94378], [77.57367, 12.94428]]}}, {"type": "Feature", "properties": {}, "geometry": {"type": "LineString", "coordinates": [[77.5737, 12.94375], [77.57366, 12.94378]]}}, {"type": "Feature", "properties": {}, "geometry": {"type": "LineString", "coordinates": [[77.5737, 12.94371], [77.5737, 12.94375]]}}, {"type": "Feature", "properties": {}, "geometry": {"type": "LineString", "coordinates": [[77.57366, 12.94685], [77.57366, 12.94744]]}}, {"type": "Feature", "properties": {}, "geometry": {"type": "LineString", "coordinates": [[77.57368, 12.94593], [77.57369, 12.94667]]}}, {"type": "Feature", "properties": {}, "geometry": {"type": "LineString", "coordinates": [[77.57367, 12.94428], [77.57368, 12.94593]]}}, {"type": "Feature", "properties": {}, "geometry": {"type": "LineString", "coordinates": [[77.57366, 12.94378], [77.57367, 12.94428]]}}, {"type": "Feature", "properties": {}, "geometry": {"type": "LineString", "coordinates": [[77.5737, 12.94375], [77.57366, 12.94378]]}}, {"type": "Feature", "properties": {}, "geometry": {"type": "LineString", "coordinates": [[77.5737, 12.94371], [77.5737, 12.94375]]}}, {"type": "Feature", "properties": {}, "geometry": {"type": "LineString", "coordinates": [[77.56077, 12.96038], [77.56077, 12.96042]]}}, {"type": "Feature", "properties": {}, "geometry": {"type": "LineString", "coordinates": [[77.57212, 12.95759], [77.57215, 12.95742]]}}, {"type": "Feature", "properties": {}, "geometry": {"type": "LineString", "coordinates": [[77.57215, 12.95742], [77.57219, 12.95728]]}}, {"type": "Feature", "properties": {}, "geometry": {"type": "LineString", "coordinates": [[77.57219, 12.95728], [77.57219, 12.95724]]}}, {"type": "Feature", "properties": {}, "geometry": {"type": "LineString", "coordinates": [[77.57212, 12.95759], [77.57215, 12.95742]]}}, {"type": "Feature", "properties": {}, "geometry": {"type": "LineString", "coordinates": [[77.57215, 12.95742], [77.57219, 12.95728]]}}, {"type": "Feature", "properties": {}, "geometry": {"type": "LineString", "coordinates": [[77.57219, 12.95728], [77.57219, 12.95724]]}}, {"type": "Feature", "properties": {}, "geometry": {"type": "LineString", "coordinates": [[77.58005, 12.93672], [77.58008, 12.93672]]}}, {"type": "Feature", "properties": {}, "geometry": {"type": "LineString", "coordinates": [[77.58008, 12.93672], [77.58012, 12.93672]]}}, {"type": "Feature", "properties": {}, "geometry": {"type": "LineString", "coordinates": [[77.58005, 12.93672], [77.58008, 12.93672]]}}, {"type": "Feature", "properties": {}, "geometry": {"type": "LineString", "coordinates": [[77.58008, 12.93672], [77.58012, 12.93672]]}}, {"type": "Feature", "properties": {}, "geometry": {"type": "LineString", "coordinates": [[77.55315, 12.924], [77.55315, 12.92396]]}}, {"type": "Feature", "properties": {}, "geometry": {"type": "LineString", "coordinates": [[77.55322, 12.92396], [77.55326, 12.92396]]}}, {"type": "Feature", "properties": {}, "geometry": {"type": "LineString", "coordinates": [[77.55315, 12.924], [77.55315, 12.92396]]}}, {"type": "Feature", "properties": {}, "geometry": {"type": "LineString", "coordinates": [[77.55322, 12.92396], [77.55326, 12.92396]]}}, {"type": "Feature", "properties": {}, "geometry": {"type": "LineString", "coordinates": [[77.57999, 12.93088], [77.58017, 12.93084]]}}, {"type": "Feature", "properties": {}, "geometry": {"type": "LineString", "coordinates": [[77.57988, 12.93084], [77.57999, 12.93088]]}}, {"type": "Feature", "properties": {}, "geometry": {"type": "LineString", "coordinates": [[77.57999, 12.93088], [77.58017, 12.93084]]}}, {"type": "Feature", "properties": {}, "geometry": {"type": "LineString", "coordinates": [[77.57988, 12.93084], [77.57999, 12.93088]]}}, {"type": "Feature", "properties": {}, "geometry": {"type": "LineString", "coordinates": [[77.57354, 12.91764], [77.57361, 12.91767]]}}, {"type": "Feature", "properties": {}, "geometry": {"type": "LineString", "coordinates": [[77.57346, 12.91704], [77.57352, 12.9175]]}}, {"type": "Feature", "properties": {}, "geometry": {"type": "LineString", "coordinates": [[77.57352, 12.9175], [77.57354, 12.91764]]}}, {"type": "Feature", "properties": {}, "geometry": {"type": "LineString", "coordinates": [[77.57777, 12.9176], [77.57795, 12.91753]]}}, {"type": "Feature", "properties": {}, "geometry": {"type": "LineString", "coordinates": [[77.57795, 12.91753], [77.5782, 12.91731], [77.57902, 12.9173]]}}, {"type": "Feature", "properties": {}, "geometry": {"type": "LineString", "coordinates": [[77.57277, 12.9167], [77.57346, 12.91704]]}}, {"type": "Feature", "properties": {}, "geometry": {"type": "LineString", "coordinates": [[77.57277, 12.91663], [77.57277, 12.9167]]}}, {"type": "Feature", "properties": {}, "geometry": {"type": "LineString", "coordinates": [[77.57354, 12.91764], [77.57361, 12.91767]]}}, {"type": "Feature", "properties": {}, "geometry": {"type": "LineString", "coordinates": [[77.57346, 12.91704], [77.57352, 12.9175]]}}, {"type": "Feature", "properties": {}, "geometry": {"type": "LineString", "coordinates": [[77.57352, 12.9175], [77.57354, 12.91764]]}}, {"type": "Feature", "properties": {}, "geometry": {"type": "LineString", "coordinates": [[77.57777, 12.9176], [77.57795, 12.91753]]}}, {"type": "Feature", "properties": {}, "geometry": {"type": "LineString", "coordinates": [[77.57795, 12.91753], [77.5782, 12.91731], [77.57902, 12.9173]]}}, {"type": "Feature", "properties": {}, "geometry": {"type": "LineString", "coordinates": [[77.57277, 12.9167], [77.57346, 12.91704]]}}, {"type": "Feature", "properties": {}, "geometry": {"type": "LineString", "coordinates": [[77.57277, 12.91663], [77.57277, 12.9167]]}}, {"type": "Feature", "properties": {}, "geometry": {"type": "LineString", "coordinates": [[77.57144, 12.94064], [77.57148, 12.94064]]}}, {"type": "Feature", "properties": {}, "geometry": {"type": "LineString", "coordinates": [[77.57144, 12.94064], [77.57148, 12.94064]]}}, {"type": "Feature", "properties": {}, "geometry": {"type": "LineString", "coordinates": [[77.54435, 12.92978], [77.54435, 12.92975]]}}, {"type": "Feature", "properties": {}, "geometry": {"type": "LineString", "coordinates": [[77.54435, 12.92978], [77.54435, 12.92975]]}}, {"type": "Feature", "properties": {}, "geometry": {"type": "LineString", "coordinates": [[77.57902, 12.9173], [77.57909, 12.91727]]}}, {"type": "Feature", "properties": {}, "geometry": {"type": "LineString", "coordinates": [[77.57913, 12.91727], [77.57917, 12.91727]]}}, {"type": "Feature", "properties": {}, "geometry": {"type": "LineString", "coordinates": [[77.57917, 12.91727], [77.57927, 12.91727]]}}, {"type": "Feature", "properties": {}, "geometry": {"type": "LineString", "coordinates": [[77.57909, 12.91727], [77.57913, 12.91727]]}}, {"type": "Feature", "properties": {}, "geometry": {"type": "LineString", "coordinates": [[77.57927, 12.91727], [77.57938, 12.91726]]}}, {"type": "Feature", "properties": {}, "geometry": {"type": "LineString", "coordinates": [[77.57963, 12.91726], [77.58031, 12.91726]]}}, {"type": "Feature", "properties": {}, "geometry": {"type": "LineString", "coordinates": [[77.57938, 12.91726], [77.57963, 12.91726]]}}, {"type": "Feature", "properties": {}, "geometry": {"type": "LineString", "coordinates": [[77.57902, 12.9173], [77.57909, 12.91727]]}}, {"type": "Feature", "properties": {}, "geometry": {"type": "LineString", "coordinates": [[77.57913, 12.91727], [77.57917, 12.91727]]}}, {"type": "Feature", "properties": {}, "geometry": {"type": "LineString", "coordinates": [[77.57917, 12.91727], [77.57927, 12.91727]]}}, {"type": "Feature", "properties": {}, "geometry": {"type": "LineString", "coordinates": [[77.57909, 12.91727], [77.57913, 12.91727]]}}, {"type": "Feature", "properties": {}, "geometry": {"type": "LineString", "coordinates": [[77.57927, 12.91727], [77.57938, 12.91726]]}}, {"type": "Feature", "properties": {}, "geometry": {"type": "LineString", "coordinates": [[77.57963, 12.91726], [77.58031, 12.91726]]}}, {"type": "Feature", "properties": {}, "geometry": {"type": "LineString", "coordinates": [[77.57938, 12.91726], [77.57963, 12.91726]]}}, {"type": "Feature", "properties": {}, "geometry": {"type": "LineString", "coordinates": [[77.56255, 12.9655], [77.56258, 12.96557]]}}, {"type": "Feature", "properties": {}, "geometry": {"type": "LineString", "coordinates": [[77.56255, 12.9655], [77.56258, 12.96557]]}}, {"type": "Feature", "properties": {}, "geometry": {"type": "LineString", "coordinates": [[77.54474, 12.92943], [77.54474, 12.92939]]}}, {"type": "Feature", "properties": {}, "geometry": {"type": "LineString", "coordinates": [[77.54474, 12.92943], [77.54474, 12.92939]]}}, {"type": "Feature", "properties": {}, "geometry": {"type": "LineString", "coordinates": [[77.57998, 12.94805], [77.58, 12.94622]]}}, {"type": "Feature", "properties": {}, "geometry": {"type": "LineString", "coordinates": [[77.58, 12.94622], [77.58, 12.94245]]}}, {"type": "Feature", "properties": {}, "geometry": {"type": "LineString", "coordinates": [[77.58, 12.94245], [77.58, 12.94221]]}}, {"type": "Feature", "properties": {}, "geometry": {"type": "LineString", "coordinates": [[77.58, 12.94221], [77.58, 12.94214]]}}, {"type": "Feature", "properties": {}, "geometry": {"type": "LineString", "coordinates": [[77.58, 12.94214], [77.58009, 12.93696]]}}, {"type": "Feature", "properties": {}, "geometry": {"type": "LineString", "coordinates": [[77.58009, 12.93696], [77.58012, 12.93693]]}}, {"type": "Feature", "properties": {}, "geometry": {"type": "LineString", "coordinates": [[77.57998, 12.94805], [77.58, 12.94622]]}}, {"type": "Feature", "properties": {}, "geometry": {"type": "LineString", "coordinates": [[77.58, 12.94622], [77.58, 12.94245]]}}, {"type": "Feature", "properties": {}, "geometry": {"type": "LineString", "coordinates": [[77.58, 12.94245], [77.58, 12.94221]]}}, {"type": "Feature", "properties": {}, "geometry": {"type": "LineString", "coordinates": [[77.58, 12.94221], [77.58, 12.94214]]}}, {"type": "Feature", "properties": {}, "geometry": {"type": "LineString", "coordinates": [[77.58, 12.94214], [77.58009, 12.93696]]}}, {"type": "Feature", "properties": {}, "geometry": {"type": "LineString", "coordinates": [[77.58009, 12.93696], [77.58012, 12.93693]]}}, {"type": "Feature", "properties": {}, "geometry": {"type": "LineString", "coordinates": [[77.57998, 12.94805], [77.58, 12.94622]]}}, {"type": "Feature", "properties": {}, "geometry": {"type": "LineString", "coordinates": [[77.58, 12.94622], [77.58, 12.94245]]}}, {"type": "Feature", "properties": {}, "geometry": {"type": "LineString", "coordinates": [[77.58, 12.94245], [77.58, 12.94221]]}}, {"type": "Feature", "properties": {}, "geometry": {"type": "LineString", "coordinates": [[77.58, 12.94221], [77.58, 12.94214]]}}, {"type": "Feature", "properties": {}, "geometry": {"type": "LineString", "coordinates": [[77.58, 12.94214], [77.58009, 12.93696]]}}, {"type": "Feature", "properties": {}, "geometry": {"type": "LineString", "coordinates": [[77.58009, 12.93696], [77.58012, 12.93693]]}}, {"type": "Feature", "properties": {}, "geometry": {"type": "LineString", "coordinates": [[77.54853, 12.95659], [77.54846, 12.95674]]}}, {"type": "Feature", "properties": {}, "geometry": {"type": "LineString", "coordinates": [[77.54853, 12.95659], [77.54846, 12.95674]]}}, {"type": "Feature", "properties": {}, "geometry": {"type": "LineString", "coordinates": [[77.54853, 12.95659], [77.54846, 12.95674]]}}, {"type": "Feature", "properties": {}, "geometry": {"type": "LineString", "coordinates": [[77.54853, 12.95659], [77.54846, 12.95674]]}}, {"type": "Feature", "properties": {}, "geometry": {"type": "LineString", "coordinates": [[77.54853, 12.95659], [77.54846, 12.95674]]}}, {"type": "Feature", "properties": {}, "geometry": {"type": "LineString", "coordinates": [[77.54853, 12.95659], [77.54846, 12.95674]]}}, {"type": "Feature", "properties": {}, "geometry": {"type": "LineString", "coordinates": [[77.5676, 12.95475], [77.5676, 12.95479]]}}, {"type": "Feature", "properties": {}, "geometry": {"type": "LineString", "coordinates": [[77.5676, 12.95472], [77.5676, 12.95475]]}}, {"type": "Feature", "properties": {}, "geometry": {"type": "LineString", "coordinates": [[77.5676, 12.95475], [77.5676, 12.95479]]}}, {"type": "Feature", "properties": {}, "geometry": {"type": "LineString", "coordinates": [[77.5676, 12.95472], [77.5676, 12.95475]]}}, {"type": "Feature", "properties": {}, "geometry": {"type": "LineString", "coordinates": [[77.5676, 12.95475], [77.5676, 12.95479]]}}, {"type": "Feature", "properties": {}, "geometry": {"type": "LineString", "coordinates": [[77.5676, 12.95472], [77.5676, 12.95475]]}}, {"type": "Feature", "properties": {}, "geometry": {"type": "LineString", "coordinates": [[77.54875, 12.95624], [77.54853, 12.95659]]}}, {"type": "Feature", "properties": {}, "geometry": {"type": "LineString", "coordinates": [[77.54913, 12.9556], [77.54875, 12.95624]]}}, {"type": "Feature", "properties": {}, "geometry": {"type": "LineString", "coordinates": [[77.54913, 12.95557], [77.54913, 12.9556]]}}, {"type": "Feature", "properties": {}, "geometry": {"type": "LineString", "coordinates": [[77.55019, 12.95408], [77.55016, 12.95412]]}}, {"type": "Feature", "properties": {}, "geometry": {"type": "LineString", "coordinates": [[77.55027, 12.95401], [77.55019, 12.95408]]}}, {"type": "Feature", "properties": {}, "geometry": {"type": "LineString", "coordinates": [[77.55041, 12.95383], [77.55027, 12.95401]]}}, {"type": "Feature", "properties": {}, "geometry": {"type": "LineString", "coordinates": [[77.55044, 12.9538], [77.55041, 12.95383]]}}, {"type": "Feature", "properties": {}, "geometry": {"type": "LineString", "coordinates": [[77.55115, 12.95277], [77.55044, 12.9538]]}}, {"type": "Feature", "properties": {}, "geometry": {"type": "LineString", "coordinates": [[77.55235, 12.95117], [77.55147, 12.95238]]}}, {"type": "Feature", "properties": {}, "geometry": {"type": "LineString", "coordinates": [[77.54875, 12.95624], [77.54853, 12.95659]]}}, {"type": "Feature", "properties": {}, "geometry": {"type": "LineString", "coordinates": [[77.54913, 12.9556], [77.54875, 12.95624]]}}, {"type": "Feature", "properties": {}, "geometry": {"type": "LineString", "coordinates": [[77.54913, 12.95557], [77.54913, 12.9556]]}}, {"type": "Feature", "properties": {}, "geometry": {"type": "LineString", "coordinates": [[77.55019, 12.95408], [77.55016, 12.95412]]}}, {"type": "Feature", "properties": {}, "geometry": {"type": "LineString", "coordinates": [[77.55027, 12.95401], [77.55019, 12.95408]]}}, {"type": "Feature", "properties": {}, "geometry": {"type": "LineString", "coordinates": [[77.55041, 12.95383], [77.55027, 12.95401]]}}, {"type": "Feature", "properties": {}, "geometry": {"type": "LineString", "coordinates": [[77.55044, 12.9538], [77.55041, 12.95383]]}}, {"type": "Feature", "properties": {}, "geometry": {"type": "LineString", "coordinates": [[77.55115, 12.95277], [77.55044, 12.9538]]}}, {"type": "Feature", "properties": {}, "geometry": {"type": "LineString", "coordinates": [[77.55235, 12.95117], [77.55147, 12.95238]]}}, {"type": "Feature", "properties": {}, "geometry": {"type": "LineString", "coordinates": [[77.54875, 12.95624], [77.54853, 12.95659]]}}, {"type": "Feature", "properties": {}, "geometry": {"type": "LineString", "coordinates": [[77.54913, 12.9556], [77.54875, 12.95624]]}}, {"type": "Feature", "properties": {}, "geometry": {"type": "LineString", "coordinates": [[77.54913, 12.95557], [77.54913, 12.9556]]}}, {"type": "Feature", "properties": {}, "geometry": {"type": "LineString", "coordinates": [[77.55019, 12.95408], [77.55016, 12.95412]]}}, {"type": "Feature", "properties": {}, "geometry": {"type": "LineString", "coordinates": [[77.55027, 12.95401], [77.55019, 12.95408]]}}, {"type": "Feature", "properties": {}, "geometry": {"type": "LineString", "coordinates": [[77.55041, 12.95383], [77.55027, 12.95401]]}}, {"type": "Feature", "properties": {}, "geometry": {"type": "LineString", "coordinates": [[77.55044, 12.9538], [77.55041, 12.95383]]}}, {"type": "Feature", "properties": {}, "geometry": {"type": "LineString", "coordinates": [[77.55115, 12.95277], [77.55044, 12.9538]]}}, {"type": "Feature", "properties": {}, "geometry": {"type": "LineString", "coordinates": [[77.55235, 12.95117], [77.55147, 12.95238]]}}, {"type": "Feature", "properties": {}, "geometry": {"type": "LineString", "coordinates": [[77.56803, 12.96833], [77.56804, 12.9682]]}}, {"type": "Feature", "properties": {}, "geometry": {"type": "LineString", "coordinates": [[77.56804, 12.9682], [77.56812, 12.96703]]}}, {"type": "Feature", "properties": {}, "geometry": {"type": "LineString", "coordinates": [[77.56812, 12.96703], [77.56812, 12.96688]]}}, {"type": "Feature", "properties": {}, "geometry": {"type": "LineString", "coordinates": [[77.56812, 12.96688], [77.56812, 12.96675]]}}, {"type": "Feature", "properties": {}, "geometry": {"type": "LineString", "coordinates": [[77.56812, 12.96675], [77.56814, 12.96662]]}}, {"type": "Feature", "properties": {}, "geometry": {"type": "LineString", "coordinates": [[77.56814, 12.96661], [77.56815, 12.9665]]}}, {"type": "Feature", "properties": {}, "geometry": {"type": "LineString", "coordinates": [[77.56815, 12.96611], [77.56821, 12.9653]]}}, {"type": "Feature", "properties": {}, "geometry": {"type": "LineString", "coordinates": [[77.56821, 12.9653], [77.56821, 12.96516]]}}, {"type": "Feature", "properties": {}, "geometry": {"type": "LineString", "coordinates": [[77.56821, 12.96516], [77.56828, 12.96499]]}}, {"type": "Feature", "properties": {}, "geometry": {"type": "LineString", "coordinates": [[77.56828, 12.96499], [77.56834, 12.96386]]}}, {"type": "Feature", "properties": {}, "geometry": {"type": "LineString", "coordinates": [[77.56803, 12.96833], [77.56804, 12.9682]]}}, {"type": "Feature", "properties": {}, "geometry": {"type": "LineString", "coordinates": [[77.56804, 12.9682], [77.56812, 12.96703]]}}, {"type": "Feature", "properties": {}, "geometry": {"type": "LineString", "coordinates": [[77.56812, 12.96703], [77.56812, 12.96688]]}}, {"type": "Feature", "properties": {}, "geometry": {"type": "LineString", "coordinates": [[77.56812, 12.96688], [77.56812, 12.96675]]}}, {"type": "Feature", "properties": {}, "geometry": {"type": "LineString", "coordinates": [[77.56812, 12.96675], [77.56814, 12.96662]]}}, {"type": "Feature", "properties": {}, "geometry": {"type": "LineString", "coordinates": [[77.56814, 12.96661], [77.56815, 12.9665]]}}, {"type": "Feature", "properties": {}, "geometry": {"type": "LineString", "coordinates": [[77.56815, 12.96611], [77.56821, 12.9653]]}}, {"type": "Feature", "properties": {}, "geometry": {"type": "LineString", "coordinates": [[77.56821, 12.9653], [77.56821, 12.96516]]}}, {"type": "Feature", "properties": {}, "geometry": {"type": "LineString", "coordinates": [[77.56821, 12.96516], [77.56828, 12.96499]]}}, {"type": "Feature", "properties": {}, "geometry": {"type": "LineString", "coordinates": [[77.56828, 12.96499], [77.56834, 12.96386]]}}, {"type": "Feature", "properties": {}, "geometry": {"type": "LineString", "coordinates": [[77.56803, 12.96833], [77.56804, 12.9682]]}}, {"type": "Feature", "properties": {}, "geometry": {"type": "LineString", "coordinates": [[77.56804, 12.9682], [77.56812, 12.96703]]}}, {"type": "Feature", "properties": {}, "geometry": {"type": "LineString", "coordinates": [[77.56812, 12.96703], [77.56812, 12.96688]]}}, {"type": "Feature", "properties": {}, "geometry": {"type": "LineString", "coordinates": [[77.56812, 12.96688], [77.56812, 12.96675]]}}, {"type": "Feature", "properties": {}, "geometry": {"type": "LineString", "coordinates": [[77.56812, 12.96675], [77.56814, 12.96662]]}}, {"type": "Feature", "properties": {}, "geometry": {"type": "LineString", "coordinates": [[77.56814, 12.96661], [77.56815, 12.9665]]}}, {"type": "Feature", "properties": {}, "geometry": {"type": "LineString", "coordinates": [[77.56815, 12.96611], [77.56821, 12.9653]]}}, {"type": "Feature", "properties": {}, "geometry": {"type": "LineString", "coordinates": [[77.56821, 12.9653], [77.56821, 12.96516]]}}, {"type": "Feature", "properties": {}, "geometry": {"type": "LineString", "coordinates": [[77.56821, 12.96516], [77.56828, 12.96499]]}}, {"type": "Feature", "properties": {}, "geometry": {"type": "LineString", "coordinates": [[77.56828, 12.96499], [77.56834, 12.96386]]}}, {"type": "Feature", "properties": {}, "geometry": {"type": "LineString", "coordinates": [[77.57995, 12.94837], [77.57995, 12.94833]]}}, {"type": "Feature", "properties": {}, "geometry": {"type": "LineString", "coordinates": [[77.57995, 12.94837], [77.57995, 12.94833]]}}, {"type": "Feature", "properties": {}, "geometry": {"type": "LineString", "coordinates": [[77.57995, 12.94837], [77.57995, 12.94833]]}}, {"type": "Feature", "properties": {}, "geometry": {"type": "LineString", "coordinates": [[77.57995, 12.94837], [77.57995, 12.94833]]}}, {"type": "Feature", "properties": {}, "geometry": {"type": "LineString", "coordinates": [[77.57995, 12.94833], [77.57998, 12.94809]]}}, {"type": "Feature", "properties": {}, "geometry": {"type": "LineString", "coordinates": [[77.57995, 12.94833], [77.57998, 12.94809]]}}, {"type": "Feature", "properties": {}, "geometry": {"type": "LineString", "coordinates": [[77.57995, 12.94833], [77.57998, 12.94809]]}}, {"type": "Feature", "properties": {}, "geometry": {"type": "LineString", "coordinates": [[77.57995, 12.94833], [77.57998, 12.94809]]}}, {"type": "Feature", "properties": {}, "geometry": {"type": "LineString", "coordinates": [[77.57998, 12.94809], [77.57998, 12.94805]]}}, {"type": "Feature", "properties": {}, "geometry": {"type": "LineString", "coordinates": [[77.57998, 12.94809], [77.57998, 12.94805]]}}, {"type": "Feature", "properties": {}, "geometry": {"type": "LineString", "coordinates": [[77.57998, 12.94809], [77.57998, 12.94805]]}}, {"type": "Feature", "properties": {}, "geometry": {"type": "LineString", "coordinates": [[77.57998, 12.94809], [77.57998, 12.94805]]}}, {"type": "Feature", "properties": {}, "geometry": {"type": "LineString", "coordinates": [[77.57357, 12.92116], [77.57357, 12.92119]]}}, {"type": "Feature", "properties": {}, "geometry": {"type": "LineString", "coordinates": [[77.56869, 12.94155], [77.56869, 12.94151]]}}, {"type": "Feature", "properties": {}, "geometry": {"type": "LineString", "coordinates": [[77.54549, 12.94311], [77.54553, 12.94308]]}}, {"type": "Feature", "properties": {}, "geometry": {"type": "LineString", "coordinates": [[77.56857, 12.94074], [77.56857, 12.9407]]}}, {"type": "Feature", "properties": {}, "geometry": {"type": "LineString", "coordinates": [[77.56868, 12.94112], [77.56868, 12.94119]]}}, {"type": "Feature", "properties": {}, "geometry": {"type": "LineString", "coordinates": [[77.57366, 12.94371], [77.57366, 12.94678]]}}, {"type": "Feature", "properties": {}, "geometry": {"type": "LineString", "coordinates": [[77.57366, 12.94744], [77.57366, 12.94751]]}}, {"type": "Feature", "properties": {}, "geometry": {"type": "LineString", "coordinates": [[77.57366, 12.94751], [77.57367, 12.94794]]}}, {"type": "Feature", "properties": {}, "geometry": {"type": "LineString", "coordinates": [[77.57369, 12.94667], [77.57366, 12.94744]]}}, {"type": "Feature", "properties": {}, "geometry": {"type": "LineString", "coordinates": [[77.57368, 12.94593], [77.57369, 12.94653]]}}, {"type": "Feature", "properties": {}, "geometry": {"type": "LineString", "coordinates": [[77.57367, 12.94766], [77.57367, 12.94794]]}}, {"type": "Feature", "properties": {}, "geometry": {"type": "LineString", "coordinates": [[77.57366, 12.94678], [77.57363, 12.94723]]}}, {"type": "Feature", "properties": {}, "geometry": {"type": "LineString", "coordinates": [[77.57363, 12.94723], [77.57367, 12.94766]]}}, {"type": "Feature", "properties": {}, "geometry": {"type": "LineString", "coordinates": [[77.55542, 12.94185], [77.55534, 12.94185]]}}, {"type": "Feature", "properties": {}, "geometry": {"type": "LineString", "coordinates": [[77.5679, 12.94507], [77.5679, 12.94511]]}}, {"type": "Feature", "properties": {}, "geometry": {"type": "LineString", "coordinates": [[77.58315, 12.95221], [77.58311, 12.95214]]}}, {"type": "Feature", "properties": {}, "geometry": {"type": "LineString", "coordinates": [[77.5679, 12.945], [77.5703, 12.94505], [77.57034, 12.94364]]}}, {"type": "Feature", "properties": {}, "geometry": {"type": "LineString", "coordinates": [[77.57034, 12.94364], [77.57035, 12.94311]]}}, {"type": "Feature", "properties": {}, "geometry": {"type": "LineString", "coordinates": [[77.56213, 12.95949], [77.55929, 12.95945]]}}, {"type": "Feature", "properties": {}, "geometry": {"type": "LineString", "coordinates": [[77.58005, 12.95104], [77.5801, 12.95231]]}}, {"type": "Feature", "properties": {}, "geometry": {"type": "LineString", "coordinates": [[77.58013, 12.95512], [77.57999, 12.95516]]}}, {"type": "Feature", "properties": {}, "geometry": {"type": "LineString", "coordinates": [[77.5801, 12.94879], [77.58005, 12.95104]]}}, {"type": "Feature", "properties": {}, "geometry": {"type": "LineString", "coordinates": [[77.58013, 12.95512], [77.5801, 12.95231]]}}, {"type": "Feature", "properties": {}, "geometry": {"type": "LineString", "coordinates": [[77.57513, 12.94349], [77.57513, 12.94359]]}}, {"type": "Feature", "properties": {}, "geometry": {"type": "LineString", "coordinates": [[77.5801, 12.95231], [77.5801, 12.94879]]}}, {"type": "Feature", "properties": {}, "geometry": {"type": "LineString", "coordinates": [[77.55369, 12.94194], [77.55434, 12.94193]]}}, {"type": "Feature", "properties": {}, "geometry": {"type": "LineString", "coordinates": [[77.56026, 12.94163], [77.56029, 12.94159]]}}, {"type": "Feature", "properties": {}, "geometry": {"type": "LineString", "coordinates": [[77.56029, 12.94159], [77.56079, 12.94117]]}}, {"type": "Feature", "properties": {}, "geometry": {"type": "LineString", "coordinates": [[77.56079, 12.94117], [77.5615, 12.94063]]}}, {"type": "Feature", "properties": {}, "geometry": {"type": "LineString", "coordinates": [[77.5615, 12.94063], [77.56214, 12.94013]]}}, {"type": "Feature", "properties": {}, "geometry": {"type": "LineString", "coordinates": [[77.55434, 12.94193], [77.56133, 12.94172]]}}, {"type": "Feature", "properties": {}, "geometry": {"type": "LineString", "coordinates": [[77.55369, 12.94194], [77.55111, 12.94211]]}}, {"type": "Feature", "properties": {}, "geometry": {"type": "LineString", "coordinates": [[77.54717, 12.94264], [77.54592, 12.94297]]}}, {"type": "Feature", "properties": {}, "geometry": {"type": "LineString", "coordinates": [[77.54524, 12.94318], [77.54563, 12.94304]]}}, {"type": "Feature", "properties": {}, "geometry": {"type": "LineString", "coordinates": [[77.55434, 12.94193], [77.55387, 12.94194]]}}, {"type": "Feature", "properties": {}, "geometry": {"type": "LineString", "coordinates": [[77.55018, 12.94219], [77.55111, 12.94211]]}}, {"type": "Feature", "properties": {}, "geometry": {"type": "LineString", "coordinates": [[77.56287, 12.96599], [77.56291, 12.96596]]}}, {"type": "Feature", "properties": {}, "geometry": {"type": "LineString", "coordinates": [[77.51935, 12.98735], [77.51949, 12.98732]]}}, {"type": "Feature", "properties": {}, "geometry": {"type": "LineString", "coordinates": [[77.56487, 12.98205], [77.56573, 12.98201]]}}, {"type": "Feature", "properties": {}, "geometry": {"type": "LineString", "coordinates": [[77.56439, 12.98037], [77.56439, 12.98079]]}}, {"type": "Feature", "properties": {}, "geometry": {"type": "LineString", "coordinates": [[77.56483, 12.97783], [77.56441, 12.97921]]}}, {"type": "Feature", "properties": {}, "geometry": {"type": "LineString", "coordinates": [[77.56452, 12.97629], [77.56456, 12.97653]]}}, {"type": "Feature", "properties": {}, "geometry": {"type": "LineString", "coordinates": [[77.56466, 12.97569], [77.56465, 12.97569]]}}, {"type": "Feature", "properties": {}, "geometry": {"type": "LineString", "coordinates": [[77.56465, 12.97569], [77.56452, 12.97572]]}}, {"type": "Feature", "properties": {}, "geometry": {"type": "LineString", "coordinates": [[77.56671, 12.97229], [77.56601, 12.97458], [77.56483, 12.97555]]}}, {"type": "Feature", "properties": {}, "geometry": {"type": "LineString", "coordinates": [[77.56483, 12.97555], [77.56466, 12.97569]]}}, {"type": "Feature", "properties": {}, "geometry": {"type": "LineString", "coordinates": [[77.56688, 12.97141], [77.56671, 12.97229]]}}, {"type": "Feature", "properties": {}, "geometry": {"type": "LineString", "coordinates": [[77.53763, 12.9504], [77.53861, 12.95092]]}}, {"type": "Feature", "properties": {}, "geometry": {"type": "LineString", "coordinates": [[77.53658, 12.94936], [77.53763, 12.9504]]}}, {"type": "Feature", "properties": {}, "geometry": {"type": "LineString", "coordinates": [[77.53579, 12.9488], [77.53658, 12.94936]]}}, {"type": "Feature", "properties": {}, "geometry": {"type": "LineString", "coordinates": [[77.53485, 12.94828], [77.53579, 12.9488]]}}, {"type": "Feature", "properties": {}, "geometry": {"type": "LineString", "coordinates": [[77.54656, 12.9601], [77.5466, 12.96006]]}}, {"type": "Feature", "properties": {}, "geometry": {"type": "LineString", "coordinates": [[77.54772, 12.95801], [77.54783, 12.95783]]}}, {"type": "Feature", "properties": {}, "geometry": {"type": "LineString", "coordinates": [[77.54783, 12.95783], [77.548, 12.95751]]}}, {"type": "Feature", "properties": {}, "geometry": {"type": "LineString", "coordinates": [[77.548, 12.95751], [77.548, 12.95748]]}}, {"type": "Feature", "properties": {}, "geometry": {"type": "LineString", "coordinates": [[77.48525, 12.92479], [77.48532, 12.92476]]}}, {"type": "Feature", "properties": {}, "geometry": {"type": "LineString", "coordinates": [[77.48502, 12.92413], [77.48525, 12.92479]]}}, {"type": "Feature", "properties": {}, "geometry": {"type": "LineString", "coordinates": [[77.48532, 12.92476], [77.48535, 12.92476]]}}, {"type": "Feature", "properties": {}, "geometry": {"type": "LineString", "coordinates": [[77.48535, 12.92476], [77.48825, 12.92374]]}}, {"type": "Feature", "properties": {}, "geometry": {"type": "LineString", "coordinates": [[77.4911, 12.9184], [77.49368, 12.92158], [77.49761, 12.92366]]}}, {"type": "Feature", "properties": {}, "geometry": {"type": "LineString", "coordinates": [[77.48825, 12.92374], [77.48871, 12.92346], [77.48914, 12.92275], [77.49053, 12.91862]]}}, {"type": "Feature", "properties": {}, "geometry": {"type": "LineString", "coordinates": [[77.49053, 12.91862], [77.49096, 12.91816]]}}, {"type": "Feature", "properties": {}, "geometry": {"type": "LineString", "coordinates": [[77.49096, 12.91816], [77.4911, 12.9184]]}}, {"type": "Feature", "properties": {}, "geometry": {"type": "LineString", "coordinates": [[77.51869, 12.93647], [77.51784, 12.93638]]}}, {"type": "Feature", "properties": {}, "geometry": {"type": "LineString", "coordinates": [[77.51784, 12.93638], [77.51445, 12.93602], [77.51383, 12.9358]]}}, {"type": "Feature", "properties": {}, "geometry": {"type": "LineString", "coordinates": [[77.51383, 12.9358], [77.5133, 12.93561]]}}, {"type": "Feature", "properties": {}, "geometry": {"type": "LineString", "coordinates": [[77.53485, 12.94828], [77.53312, 12.94752]]}}, {"type": "Feature", "properties": {}, "geometry": {"type": "LineString", "coordinates": [[77.53312, 12.94752], [77.5329, 12.94749]]}}, {"type": "Feature", "properties": {}, "geometry": {"type": "LineString", "coordinates": [[77.5329, 12.94749], [77.53226, 12.94725]]}}, {"type": "Feature", "properties": {}, "geometry": {"type": "LineString", "coordinates": [[77.53226, 12.94725], [77.52901, 12.94598]]}}, {"type": "Feature", "properties": {}, "geometry": {"type": "LineString", "coordinates": [[77.52901, 12.94598], [77.5271, 12.94442]]}}, {"type": "Feature", "properties": {}, "geometry": {"type": "LineString", "coordinates": [[77.5271, 12.94442], [77.52354, 12.93967]]}}, {"type": "Feature", "properties": {}, "geometry": {"type": "LineString", "coordinates": [[77.52354, 12.93967], [77.52324, 12.93928], [77.52288, 12.93899]]}}, {"type": "Feature", "properties": {}, "geometry": {"type": "LineString", "coordinates": [[77.52288, 12.93899], [77.52287, 12.93899]]}}, {"type": "Feature", "properties": {}, "geometry": {"type": "LineString", "coordinates": [[77.52287, 12.93899], [77.5207, 12.93725]]}}, {"type": "Feature", "properties": {}, "geometry": {"type": "LineString", "coordinates": [[77.5207, 12.93724], [77.52052, 12.9371]]}}, {"type": "Feature", "properties": {}, "geometry": {"type": "LineString", "coordinates": [[77.52052, 12.9371], [77.52038, 12.93699], [77.51923, 12.93664]]}}, {"type": "Feature", "properties": {}, "geometry": {"type": "LineString", "coordinates": [[77.53102, 12.97063], [77.53091, 12.97014]]}}, {"type": "Feature", "properties": {}, "geometry": {"type": "LineString", "coordinates": [[77.53091, 12.97014], [77.53053, 12.96835]]}}, {"type": "Feature", "properties": {}, "geometry": {"type": "LineString", "coordinates": [[77.53053, 12.96835], [77.53053, 12.96779]]}}, {"type": "Feature", "properties": {}, "geometry": {"type": "LineString", "coordinates": [[77.53053, 12.96779], [77.53049, 12.96754]]}}, {"type": "Feature", "properties": {}, "geometry": {"type": "LineString", "coordinates": [[77.53049, 12.96754], [77.53048, 12.96645]]}}, {"type": "Feature", "properties": {}, "geometry": {"type": "LineString", "coordinates": [[77.53048, 12.96645], [77.53042, 12.96476]]}}, {"type": "Feature", "properties": {}, "geometry": {"type": "LineString", "coordinates": [[77.53042, 12.96476], [77.53042, 12.96472]]}}, {"type": "Feature", "properties": {}, "geometry": {"type": "LineString", "coordinates": [[77.53042, 12.96472], [77.53046, 12.96444]]}}, {"type": "Feature", "properties": {}, "geometry": {"type": "LineString", "coordinates": [[77.53046, 12.96444], [77.53041, 12.9637]]}}, {"type": "Feature", "properties": {}, "geometry": {"type": "LineString", "coordinates": [[77.53041, 12.9637], [77.53034, 12.96335]]}}, {"type": "Feature", "properties": {}, "geometry": {"type": "LineString", "coordinates": [[77.53034, 12.96335], [77.53034, 12.96332]]}}, {"type": "Feature", "properties": {}, "geometry": {"type": "LineString", "coordinates": [[77.53692, 12.97564], [77.5367, 12.97487]]}}, {"type": "Feature", "properties": {}, "geometry": {"type": "LineString", "coordinates": [[77.5367, 12.97487], [77.53659, 12.97455]]}}, {"type": "Feature", "properties": {}, "geometry": {"type": "LineString", "coordinates": [[77.53659, 12.97455], [77.53648, 12.9742]]}}, {"type": "Feature", "properties": {}, "geometry": {"type": "LineString", "coordinates": [[77.53648, 12.9742], [77.53637, 12.97385]]}}, {"type": "Feature", "properties": {}, "geometry": {"type": "LineString", "coordinates": [[77.53637, 12.97385], [77.5378, 12.97335]]}}, {"type": "Feature", "properties": {}, "geometry": {"type": "LineString", "coordinates": [[77.5378, 12.97335], [77.53822, 12.9732]]}}, {"type": "Feature", "properties": {}, "geometry": {"type": "LineString", "coordinates": [[77.53822, 12.9732], [77.53844, 12.97313]]}}, {"type": "Feature", "properties": {}, "geometry": {"type": "LineString", "coordinates": [[77.53844, 12.97313], [77.53847, 12.97313]]}}, {"type": "Feature", "properties": {}, "geometry": {"type": "LineString", "coordinates": [[77.53847, 12.97313], [77.53855, 12.97309]]}}, {"type": "Feature", "properties": {}, "geometry": {"type": "LineString", "coordinates": [[77.53283, 12.976], [77.5328, 12.97596]]}}, {"type": "Feature", "properties": {}, "geometry": {"type": "LineString", "coordinates": [[77.5328, 12.97596], [77.5325, 12.97477]]}}, {"type": "Feature", "properties": {}, "geometry": {"type": "LineString", "coordinates": [[77.5325, 12.97477], [77.53246, 12.97463]]}}, {"type": "Feature", "properties": {}, "geometry": {"type": "LineString", "coordinates": [[77.53246, 12.97463], [77.53197, 12.9721]]}}, {"type": "Feature", "properties": {}, "geometry": {"type": "LineString", "coordinates": [[77.53068, 12.97232], [77.5306, 12.97201]]}}, {"type": "Feature", "properties": {}, "geometry": {"type": "LineString", "coordinates": [[77.53197, 12.9721], [77.53068, 12.97232]]}}, {"type": "Feature", "properties": {}, "geometry": {"type": "LineString", "coordinates": [[77.5306, 12.97201], [77.53053, 12.97173]]}}, {"type": "Feature", "properties": {}, "geometry": {"type": "LineString", "coordinates": [[77.53053, 12.97173], [77.53046, 12.97138]]}}, {"type": "Feature", "properties": {}, "geometry": {"type": "LineString", "coordinates": [[77.53046, 12.97138], [77.53042, 12.97109]]}}, {"type": "Feature", "properties": {}, "geometry": {"type": "LineString", "coordinates": [[77.53042, 12.97109], [77.53067, 12.97106]]}}, {"type": "Feature", "properties": {}, "geometry": {"type": "LineString", "coordinates": [[77.53067, 12.97106], [77.53081, 12.97102]]}}, {"type": "Feature", "properties": {}, "geometry": {"type": "LineString", "coordinates": [[77.53081, 12.97102], [77.5311, 12.97091]]}}, {"type": "Feature", "properties": {}, "geometry": {"type": "LineString", "coordinates": [[77.5311, 12.97091], [77.53102, 12.97067]]}}, {"type": "Feature", "properties": {}, "geometry": {"type": "LineString", "coordinates": [[77.53102, 12.97067], [77.53102, 12.97063]]}}, {"type": "Feature", "properties": {}, "geometry": {"type": "LineString", "coordinates": [[77.53005, 12.95621], [77.5299, 12.95583]]}}, {"type": "Feature", "properties": {}, "geometry": {"type": "LineString", "coordinates": [[77.5299, 12.95583], [77.52987, 12.95569]]}}, {"type": "Feature", "properties": {}, "geometry": {"type": "LineString", "coordinates": [[77.53454, 12.95339], [77.5357, 12.95419], [77.53602, 12.95387]]}}, {"type": "Feature", "properties": {}, "geometry": {"type": "LineString", "coordinates": [[77.53602, 12.95387], [77.53669, 12.95305]]}}, {"type": "Feature", "properties": {}, "geometry": {"type": "LineString", "coordinates": [[77.53669, 12.95305], [77.53687, 12.9528]]}}, {"type": "Feature", "properties": {}, "geometry": {"type": "LineString", "coordinates": [[77.53687, 12.9528], [77.53704, 12.95234]]}}, {"type": "Feature", "properties": {}, "geometry": {"type": "LineString", "coordinates": [[77.53704, 12.95234], [77.53722, 12.95171]]}}, {"type": "Feature", "properties": {}, "geometry": {"type": "LineString", "coordinates": [[77.53722, 12.95171], [77.53722, 12.95167]]}}, {"type": "Feature", "properties": {}, "geometry": {"type": "LineString", "coordinates": [[77.53722, 12.95167], [77.5376, 12.95047]]}}, {"type": "Feature", "properties": {}, "geometry": {"type": "LineString", "coordinates": [[77.5376, 12.95047], [77.53763, 12.95044]]}}, {"type": "Feature", "properties": {}, "geometry": {"type": "LineString", "coordinates": [[77.53763, 12.95044], [77.53763, 12.9504]]}}, {"type": "Feature", "properties": {}, "geometry": {"type": "LineString", "coordinates": [[77.53101, 12.95479], [77.53104, 12.95479]]}}, {"type": "Feature", "properties": {}, "geometry": {"type": "LineString", "coordinates": [[77.53104, 12.95479], [77.53108, 12.95479]]}}, {"type": "Feature", "properties": {}, "geometry": {"type": "LineString", "coordinates": [[77.53108, 12.95479], [77.53143, 12.95472]]}}, {"type": "Feature", "properties": {}, "geometry": {"type": "LineString", "coordinates": [[77.53143, 12.95472], [77.53351, 12.95435]]}}, {"type": "Feature", "properties": {}, "geometry": {"type": "LineString", "coordinates": [[77.53351, 12.95435], [77.53355, 12.95435]]}}, {"type": "Feature", "properties": {}, "geometry": {"type": "LineString", "coordinates": [[77.53355, 12.95435], [77.53373, 12.95431]]}}, {"type": "Feature", "properties": {}, "geometry": {"type": "LineString", "coordinates": [[77.53373, 12.95431], [77.53455, 12.95409], [77.53454, 12.95339]]}}, {"type": "Feature", "properties": {}, "geometry": {"type": "LineString", "coordinates": [[77.53034, 12.96332], [77.5303, 12.96318]]}}, {"type": "Feature", "properties": {}, "geometry": {"type": "LineString", "coordinates": [[77.5303, 12.96318], [77.5303, 12.96314]]}}, {"type": "Feature", "properties": {}, "geometry": {"type": "LineString", "coordinates": [[77.5303, 12.96314], [77.52981, 12.96104]]}}, {"type": "Feature", "properties": {}, "geometry": {"type": "LineString", "coordinates": [[77.52981, 12.96104], [77.5297, 12.96061]]}}, {"type": "Feature", "properties": {}, "geometry": {"type": "LineString", "coordinates": [[77.5297, 12.96061], [77.52848, 12.95714]]}}, {"type": "Feature", "properties": {}, "geometry": {"type": "LineString", "coordinates": [[77.52848, 12.95714], [77.52877, 12.95689]]}}, {"type": "Feature", "properties": {}, "geometry": {"type": "LineString", "coordinates": [[77.52877, 12.95689], [77.52912, 12.95664]]}}, {"type": "Feature", "properties": {}, "geometry": {"type": "LineString", "coordinates": [[77.52912, 12.95664], [77.52937, 12.95639]]}}, {"type": "Feature", "properties": {}, "geometry": {"type": "LineString", "coordinates": [[77.52937, 12.95639], [77.52937, 12.95636]]}}, {"type": "Feature", "properties": {}, "geometry": {"type": "LineString", "coordinates": [[77.52937, 12.95636], [77.5293, 12.95615]]}}, {"type": "Feature", "properties": {}, "geometry": {"type": "LineString", "coordinates": [[77.5293, 12.95615], [77.52911, 12.95552]]}}, {"type": "Feature", "properties": {}, "geometry": {"type": "LineString", "coordinates": [[77.54875, 12.97454], [77.54875, 12.9745]]}}, {"type": "Feature", "properties": {}, "geometry": {"type": "LineString", "coordinates": [[77.54875, 12.9745], [77.54889, 12.97429]]}}, {"type": "Feature", "properties": {}, "geometry": {"type": "LineString", "coordinates": [[77.54889, 12.97429], [77.54925, 12.97415]]}}, {"type": "Feature", "properties": {}, "geometry": {"type": "LineString", "coordinates": [[77.53722, 12.95167], [77.53722, 12.95153]]}}, {"type": "Feature", "properties": {}, "geometry": {"type": "LineString", "coordinates": [[77.53722, 12.95153], [77.5376, 12.95047]]}}, {"type": "Feature", "properties": {}, "geometry": {"type": "LineString", "coordinates": [[77.53722, 12.95153], [77.53718, 12.9515]]}}, {"type": "Feature", "properties": {}, "geometry": {"type": "LineString", "coordinates": [[77.54782, 12.97448], [77.54671, 12.97449]]}}, {"type": "Feature", "properties": {}, "geometry": {"type": "LineString", "coordinates": [[77.54821, 12.97448], [77.54793, 12.97448]]}}, {"type": "Feature", "properties": {}, "geometry": {"type": "LineString", "coordinates": [[77.54793, 12.97448], [77.54782, 12.97448]]}}, {"type": "Feature", "properties": {}, "geometry": {"type": "LineString", "coordinates": [[77.54828, 12.97447], [77.54821, 12.97448]]}}, {"type": "Feature", "properties": {}, "geometry": {"type": "LineString", "coordinates": [[77.54671, 12.97449], [77.54656, 12.97449]]}}, {"type": "Feature", "properties": {}, "geometry": {"type": "LineString", "coordinates": [[77.54656, 12.97449], [77.54653, 12.97449]]}}, {"type": "Feature", "properties": {}, "geometry": {"type": "LineString", "coordinates": [[77.54653, 12.97449], [77.54491, 12.97451]]}}, {"type": "Feature", "properties": {}, "geometry": {"type": "LineString", "coordinates": [[77.54491, 12.97451], [77.5448, 12.97447]]}}, {"type": "Feature", "properties": {}, "geometry": {"type": "LineString", "coordinates": [[77.5448, 12.97447], [77.54477, 12.97444]]}}, {"type": "Feature", "properties": {}, "geometry": {"type": "LineString", "coordinates": [[77.54477, 12.97444], [77.54229, 12.97397]]}}, {"type": "Feature", "properties": {}, "geometry": {"type": "LineString", "coordinates": [[77.54229, 12.97397], [77.53869, 12.97316]]}}, {"type": "Feature", "properties": {}, "geometry": {"type": "LineString", "coordinates": [[77.53869, 12.97316], [77.53865, 12.97313]]}}, {"type": "Feature", "properties": {}, "geometry": {"type": "LineString", "coordinates": [[77.53865, 12.97313], [77.53855, 12.97309]]}}, {"type": "Feature", "properties": {}, "geometry": {"type": "LineString", "coordinates": [[77.53445, 12.98003], [77.5349, 12.98143]]}}, {"type": "Feature", "properties": {}, "geometry": {"type": "LineString", "coordinates": [[77.53431, 12.97961], [77.53445, 12.98003]]}}, {"type": "Feature", "properties": {}, "geometry": {"type": "LineString", "coordinates": [[77.5342, 12.97929], [77.53431, 12.97961]]}}, {"type": "Feature", "properties": {}, "geometry": {"type": "LineString", "coordinates": [[77.53408, 12.97891], [77.5342, 12.97929]]}}, {"type": "Feature", "properties": {}, "geometry": {"type": "LineString", "coordinates": [[77.53401, 12.9787], [77.53408, 12.97891]]}}, {"type": "Feature", "properties": {}, "geometry": {"type": "LineString", "coordinates": [[77.5339, 12.97838], [77.53401, 12.9787]]}}, {"type": "Feature", "properties": {}, "geometry": {"type": "LineString", "coordinates": [[77.53379, 12.97799], [77.53385, 12.97819]]}}, {"type": "Feature", "properties": {}, "geometry": {"type": "LineString", "coordinates": [[77.53385, 12.97819], [77.5339, 12.97838]]}}, {"type": "Feature", "properties": {}, "geometry": {"type": "LineString", "coordinates": [[77.5336, 12.97743], [77.53379, 12.97799]]}}, {"type": "Feature", "properties": {}, "geometry": {"type": "LineString", "coordinates": [[77.53349, 12.97708], [77.5336, 12.97743]]}}, {"type": "Feature", "properties": {}, "geometry": {"type": "LineString", "coordinates": [[77.53327, 12.97631], [77.53349, 12.97708]]}}, {"type": "Feature", "properties": {}, "geometry": {"type": "LineString", "coordinates": [[77.53319, 12.97599], [77.53327, 12.97631]]}}, {"type": "Feature", "properties": {}, "geometry": {"type": "LineString", "coordinates": [[77.53283, 12.976], [77.53319, 12.97599]]}}, {"type": "Feature", "properties": {}, "geometry": {"type": "LineString", "coordinates": [[77.55336, 12.97552], [77.55213, 12.97475]]}}, {"type": "Feature", "properties": {}, "geometry": {"type": "LineString", "coordinates": [[77.55213, 12.97475], [77.55206, 12.97472]]}}, {"type": "Feature", "properties": {}, "geometry": {"type": "LineString", "coordinates": [[77.5485, 12.97472], [77.54847, 12.97475]]}}, {"type": "Feature", "properties": {}, "geometry": {"type": "LineString", "coordinates": [[77.55206, 12.97472], [77.55205, 12.97468]]}}, {"type": "Feature", "properties": {}, "geometry": {"type": "LineString", "coordinates": [[77.54854, 12.97472], [77.5485, 12.97472]]}}, {"type": "Feature", "properties": {}, "geometry": {"type": "LineString", "coordinates": [[77.55205, 12.97468], [77.55198, 12.97458]]}}, {"type": "Feature", "properties": {}, "geometry": {"type": "LineString", "coordinates": [[77.54868, 12.97461], [77.54854, 12.97472]]}}, {"type": "Feature", "properties": {}, "geometry": {"type": "LineString", "coordinates": [[77.55198, 12.97458], [77.55064, 12.97311], [77.55039, 12.97326]]}}, {"type": "Feature", "properties": {}, "geometry": {"type": "LineString", "coordinates": [[77.54875, 12.97454], [77.54868, 12.97461]]}}, {"type": "Feature", "properties": {}, "geometry": {"type": "LineString", "coordinates": [[77.54879, 12.9745], [77.54875, 12.97454]]}}, {"type": "Feature", "properties": {}, "geometry": {"type": "LineString", "coordinates": [[77.54925, 12.97415], [77.54879, 12.9745]]}}, {"type": "Feature", "properties": {}, "geometry": {"type": "LineString", "coordinates": [[77.54932, 12.97408], [77.54925, 12.97415]]}}, {"type": "Feature", "properties": {}, "geometry": {"type": "LineString", "coordinates": [[77.55039, 12.97326], [77.54932, 12.97408]]}}, {"type": "Feature", "properties": {}, "geometry": {"type": "LineString", "coordinates": [[77.56168, 12.97515], [77.56186, 12.97536]]}}, {"type": "Feature", "properties": {}, "geometry": {"type": "LineString", "coordinates": [[77.56163, 12.97403], [77.56168, 12.97515]]}}, {"type": "Feature", "properties": {}, "geometry": {"type": "LineString", "coordinates": [[77.56163, 12.97371], [77.56163, 12.97403]]}}, {"type": "Feature", "properties": {}, "geometry": {"type": "LineString", "coordinates": [[77.56162, 12.97318], [77.56163, 12.97371]]}}, {"type": "Feature", "properties": {}, "geometry": {"type": "LineString", "coordinates": [[77.56161, 12.97234], [77.56162, 12.97318]]}}, {"type": "Feature", "properties": {}, "geometry": {"type": "LineString", "coordinates": [[77.56154, 12.97199], [77.56161, 12.97234]]}}, {"type": "Feature", "properties": {}, "geometry": {"type": "LineString", "coordinates": [[77.56168, 12.97167], [77.56154, 12.97199]]}}, {"type": "Feature", "properties": {}, "geometry": {"type": "LineString", "coordinates": [[77.56171, 12.97167], [77.56168, 12.97167]]}}, {"type": "Feature", "properties": {}, "geometry": {"type": "LineString", "coordinates": [[77.54847, 12.97475], [77.54843, 12.97479]]}}, {"type": "Feature", "properties": {}, "geometry": {"type": "LineString", "coordinates": [[77.56218, 12.9755], [77.56225, 12.97557]]}}, {"type": "Feature", "properties": {}, "geometry": {"type": "LineString", "coordinates": [[77.56204, 12.97568], [77.56208, 12.97571]]}}, {"type": "Feature", "properties": {}, "geometry": {"type": "LineString", "coordinates": [[77.56204, 12.97557], [77.56204, 12.97568]]}}, {"type": "Feature", "properties": {}, "geometry": {"type": "LineString", "coordinates": [[77.56189, 12.97529], [77.56186, 12.97526]]}}, {"type": "Feature", "properties": {}, "geometry": {"type": "LineString", "coordinates": [[77.56186, 12.97526], [77.56168, 12.97515]]}}, {"type": "Feature", "properties": {}, "geometry": {"type": "LineString", "coordinates": [[77.56168, 12.97515], [77.56163, 12.97374]]}}, {"type": "Feature", "properties": {}, "geometry": {"type": "LineString", "coordinates": [[77.56163, 12.97374], [77.56163, 12.97371]]}}, {"type": "Feature", "properties": {}, "geometry": {"type": "LineString", "coordinates": [[77.56163, 12.97371], [77.56162, 12.97318]]}}, {"type": "Feature", "properties": {}, "geometry": {"type": "LineString", "coordinates": [[77.56162, 12.97318], [77.56158, 12.9723]]}}, {"type": "Feature", "properties": {}, "geometry": {"type": "LineString", "coordinates": [[77.56157, 12.97572], [77.56154, 12.97572]]}}, {"type": "Feature", "properties": {}, "geometry": {"type": "LineString", "coordinates": [[77.56161, 12.97572], [77.56157, 12.97572]]}}, {"type": "Feature", "properties": {}, "geometry": {"type": "LineString", "coordinates": [[77.56175, 12.97571], [77.56161, 12.97572]]}}, {"type": "Feature", "properties": {}, "geometry": {"type": "LineString", "coordinates": [[77.56193, 12.97554], [77.56175, 12.97571]]}}, {"type": "Feature", "properties": {}, "geometry": {"type": "LineString", "coordinates": [[77.56434, 12.97576], [77.5643, 12.97576]]}}, {"type": "Feature", "properties": {}, "geometry": {"type": "LineString", "coordinates": [[77.56437, 12.97576], [77.56434, 12.97576]]}}, {"type": "Feature", "properties": {}, "geometry": {"type": "LineString", "coordinates": [[77.56434, 12.97601], [77.56434, 12.97579]]}}, {"type": "Feature", "properties": {}, "geometry": {"type": "LineString", "coordinates": [[77.56434, 12.97579], [77.56434, 12.97576]]}}, {"type": "Feature", "properties": {}, "geometry": {"type": "LineString", "coordinates": [[77.5643, 12.97576], [77.5643, 12.97576]]}}, {"type": "Feature", "properties": {}, "geometry": {"type": "LineString", "coordinates": [[77.5643, 12.97576], [77.56423, 12.9758]]}}, {"type": "Feature", "properties": {}, "geometry": {"type": "LineString", "coordinates": [[77.56423, 12.9758], [77.56283, 12.9757]]}}, {"type": "Feature", "properties": {}, "geometry": {"type": "LineString", "coordinates": [[77.56114, 12.97576], [77.55906, 12.97581]]}}, {"type": "Feature", "properties": {}, "geometry": {"type": "LineString", "coordinates": [[77.55906, 12.97581], [77.55874, 12.97578]]}}, {"type": "Feature", "properties": {}, "geometry": {"type": "LineString", "coordinates": [[77.55874, 12.97578], [77.55659, 12.97566]]}}, {"type": "Feature", "properties": {}, "geometry": {"type": "LineString", "coordinates": [[77.56208, 12.97571], [77.56161, 12.97575]]}}, {"type": "Feature", "properties": {}, "geometry": {"type": "LineString", "coordinates": [[77.56161, 12.97575], [77.56157, 12.97572]]}}, {"type": "Feature", "properties": {}, "geometry": {"type": "LineString", "coordinates": [[77.5614, 12.97572], [77.56114, 12.97576]]}}, {"type": "Feature", "properties": {}, "geometry": {"type": "LineString", "coordinates": [[77.56157, 12.97572], [77.5614, 12.97572]]}}, {"type": "Feature", "properties": {}, "geometry": {"type": "LineString", "coordinates": [[77.56276, 12.9757], [77.56208, 12.97571]]}}, {"type": "Feature", "properties": {}, "geometry": {"type": "LineString", "coordinates": [[77.56283, 12.9757], [77.56276, 12.9757]]}}, {"type": "Feature", "properties": {}, "geometry": {"type": "LineString", "coordinates": [[77.55659, 12.97566], [77.55619, 12.97566]]}}, {"type": "Feature", "properties": {}, "geometry": {"type": "LineString", "coordinates": [[77.55619, 12.97566], [77.55616, 12.97566]]}}, {"type": "Feature", "properties": {}, "geometry": {"type": "LineString", "coordinates": [[77.55616, 12.97566], [77.55612, 12.97566]]}}, {"type": "Feature", "properties": {}, "geometry": {"type": "LineString", "coordinates": [[77.55612, 12.97566], [77.55547, 12.97564]]}}, {"type": "Feature", "properties": {}, "geometry": {"type": "LineString", "coordinates": [[77.55547, 12.97564], [77.55465, 12.97561]]}}, {"type": "Feature", "properties": {}, "geometry": {"type": "LineString", "coordinates": [[77.54469, 12.96656], [77.54513, 12.96757]]}}, {"type": "Feature", "properties": {}, "geometry": {"type": "LineString", "coordinates": [[77.54439, 12.966], [77.54469, 12.96656]]}}, {"type": "Feature", "properties": {}, "geometry": {"type": "LineString", "coordinates": [[77.54377, 12.96431], [77.54439, 12.966]]}}, {"type": "Feature", "properties": {}, "geometry": {"type": "LineString", "coordinates": [[77.54391, 12.9641], [77.54377, 12.96431]]}}, {"type": "Feature", "properties": {}, "geometry": {"type": "LineString", "coordinates": [[77.54065, 12.95097], [77.54069, 12.95048]]}}, {"type": "Feature", "properties": {}, "geometry": {"type": "LineString", "coordinates": [[77.54227, 12.948], [77.54209, 12.94744]]}}, {"type": "Feature", "properties": {}, "geometry": {"type": "LineString", "coordinates": [[77.54209, 12.94744], [77.54201, 12.94716]]}}, {"type": "Feature", "properties": {}, "geometry": {"type": "LineString", "coordinates": [[77.54201, 12.94716], [77.54183, 12.94645]]}}, {"type": "Feature", "properties": {}, "geometry": {"type": "LineString", "coordinates": [[77.54183, 12.94642], [77.54179, 12.94638]]}}, {"type": "Feature", "properties": {}, "geometry": {"type": "LineString", "coordinates": [[77.54179, 12.94638], [77.54161, 12.94575]]}}, {"type": "Feature", "properties": {}, "geometry": {"type": "LineString", "coordinates": [[77.54069, 12.95048], [77.54233, 12.94993]]}}, {"type": "Feature", "properties": {}, "geometry": {"type": "LineString", "coordinates": [[77.53486, 12.98126], [77.5349, 12.9814]]}}, {"type": "Feature", "properties": {}, "geometry": {"type": "LineString", "coordinates": [[77.53423, 12.97933], [77.53486, 12.98126]]}}, {"type": "Feature", "properties": {}, "geometry": {"type": "LineString", "coordinates": [[77.53692, 12.97564], [77.53319, 12.97596], [77.53423, 12.97933]]}}, {"type": "Feature", "properties": {}, "geometry": {"type": "LineString", "coordinates": [[77.54854, 12.975], [77.5485, 12.97494]]}}, {"type": "Feature", "properties": {}, "geometry": {"type": "LineString", "coordinates": [[77.5485, 12.97494], [77.5485, 12.97493]]}}, {"type": "Feature", "properties": {}, "geometry": {"type": "LineString", "coordinates": [[77.5485, 12.97493], [77.54843, 12.97479]]}}, {"type": "Feature", "properties": {}, "geometry": {"type": "LineString", "coordinates": [[77.54843, 12.97479], [77.54829, 12.97451]]}}, {"type": "Feature", "properties": {}, "geometry": {"type": "LineString", "coordinates": [[77.54829, 12.97451], [77.54828, 12.97447]]}}, {"type": "Feature", "properties": {}, "geometry": {"type": "LineString", "coordinates": [[77.54828, 12.97447], [77.54825, 12.97447]]}}, {"type": "Feature", "properties": {}, "geometry": {"type": "LineString", "coordinates": [[77.54825, 12.97447], [77.54818, 12.9743]]}}, {"type": "Feature", "properties": {}, "geometry": {"type": "LineString", "coordinates": [[77.54818, 12.9743], [77.54814, 12.97423]]}}, {"type": "Feature", "properties": {}, "geometry": {"type": "LineString", "coordinates": [[77.54814, 12.97423], [77.5481, 12.97419]]}}, {"type": "Feature", "properties": {}, "geometry": {"type": "LineString", "coordinates": [[77.5481, 12.97419], [77.54733, 12.97244]]}}, {"type": "Feature", "properties": {}, "geometry": {"type": "LineString", "coordinates": [[77.54733, 12.97244], [77.54597, 12.96943]]}}, {"type": "Feature", "properties": {}, "geometry": {"type": "LineString", "coordinates": [[77.54597, 12.96943], [77.54542, 12.96817]]}}, {"type": "Feature", "properties": {}, "geometry": {"type": "LineString", "coordinates": [[77.54542, 12.96817], [77.54517, 12.96768]]}}, {"type": "Feature", "properties": {}, "geometry": {"type": "LineString", "coordinates": [[77.54517, 12.96768], [77.54513, 12.96757]]}}, {"type": "Feature", "properties": {}, "geometry": {"type": "LineString", "coordinates": [[77.56439, 12.98079], [77.56444, 12.98181], [77.56487, 12.98205]]}}, {"type": "Feature", "properties": {}, "geometry": {"type": "LineString", "coordinates": [[77.56441, 12.97921], [77.56439, 12.98037]]}}, {"type": "Feature", "properties": {}, "geometry": {"type": "LineString", "coordinates": [[77.56456, 12.97653], [77.56483, 12.97783]]}}, {"type": "Feature", "properties": {}, "geometry": {"type": "LineString", "coordinates": [[77.56431, 12.97632], [77.56445, 12.97629]]}}, {"type": "Feature", "properties": {}, "geometry": {"type": "LineString", "coordinates": [[77.56445, 12.97629], [77.56452, 12.97629]]}}, {"type": "Feature", "properties": {}, "geometry": {"type": "LineString", "coordinates": [[77.56684, 12.97137], [77.56688, 12.97141]]}}, {"type": "Feature", "properties": {}, "geometry": {"type": "LineString", "coordinates": [[77.56561, 12.96991], [77.56684, 12.97137]]}}, {"type": "Feature", "properties": {}, "geometry": {"type": "LineString", "coordinates": [[77.56437, 12.96847], [77.56561, 12.96991]]}}, {"type": "Feature", "properties": {}, "geometry": {"type": "LineString", "coordinates": [[77.56419, 12.96823], [77.56437, 12.96847]]}}, {"type": "Feature", "properties": {}, "geometry": {"type": "LineString", "coordinates": [[77.54854, 12.97489], [77.54855, 12.9749]]}}, {"type": "Feature", "properties": {}, "geometry": {"type": "LineString", "coordinates": [[77.54855, 12.9749], [77.54858, 12.97496]]}}, {"type": "Feature", "properties": {}, "geometry": {"type": "LineString", "coordinates": [[77.54847, 12.97479], [77.54854, 12.97489]]}}, {"type": "Feature", "properties": {}, "geometry": {"type": "LineString", "coordinates": [[77.54847, 12.97475], [77.54847, 12.97479]]}}, {"type": "Feature", "properties": {}, "geometry": {"type": "LineString", "coordinates": [[77.54829, 12.97451], [77.54847, 12.97475]]}}, {"type": "Feature", "properties": {}, "geometry": {"type": "LineString", "coordinates": [[77.54825, 12.97447], [77.54818, 12.9743]]}}, {"type": "Feature", "properties": {}, "geometry": {"type": "LineString", "coordinates": [[77.54785, 12.97451], [77.54653, 12.97449]]}}, {"type": "Feature", "properties": {}, "geometry": {"type": "LineString", "coordinates": [[77.54821, 12.97451], [77.54796, 12.97451]]}}, {"type": "Feature", "properties": {}, "geometry": {"type": "LineString", "coordinates": [[77.54796, 12.97451], [77.54785, 12.97451]]}}, {"type": "Feature", "properties": {}, "geometry": {"type": "LineString", "coordinates": [[77.54829, 12.97451], [77.54821, 12.97451]]}}, {"type": "Feature", "properties": {}, "geometry": {"type": "LineString", "coordinates": [[77.54653, 12.97449], [77.54491, 12.97451]]}}, {"type": "Feature", "properties": {}, "geometry": {"type": "LineString", "coordinates": [[77.54491, 12.97451], [77.5448, 12.97447]]}}, {"type": "Feature", "properties": {}, "geometry": {"type": "LineString", "coordinates": [[77.5614, 12.97572], [77.56139, 12.97568]]}}, {"type": "Feature", "properties": {}, "geometry": {"type": "LineString", "coordinates": [[77.52933, 12.95615], [77.52937, 12.95611]]}}, {"type": "Feature", "properties": {}, "geometry": {"type": "LineString", "coordinates": [[77.52937, 12.95611], [77.52958, 12.95601]]}}, {"type": "Feature", "properties": {}, "geometry": {"type": "LineString", "coordinates": [[77.52937, 12.95587], [77.52962, 12.95597]]}}, {"type": "Feature", "properties": {}, "geometry": {"type": "LineString", "coordinates": [[77.52962, 12.95597], [77.52979, 12.95576]]}}, {"type": "Feature", "properties": {}, "geometry": {"type": "LineString", "coordinates": [[77.52979, 12.95576], [77.52987, 12.95569]]}}, {"type": "Feature", "properties": {}, "geometry": {"type": "LineString", "coordinates": [[77.52987, 12.95569], [77.52983, 12.95562]]}}, {"type": "Feature", "properties": {}, "geometry": {"type": "LineString", "coordinates": [[77.52937, 12.95587], [77.52936, 12.95544]]}}, {"type": "Feature", "properties": {}, "geometry": {"type": "LineString", "coordinates": [[77.52936, 12.95544], [77.52936, 12.95527]]}}, {"type": "Feature", "properties": {}, "geometry": {"type": "LineString", "coordinates": [[77.52936, 12.95527], [77.52943, 12.95527]]}}, {"type": "Feature", "properties": {}, "geometry": {"type": "LineString", "coordinates": [[77.52947, 12.95548], [77.52936, 12.95544]]}}, {"type": "Feature", "properties": {}, "geometry": {"type": "LineString", "coordinates": [[77.52936, 12.95544], [77.52907, 12.95538]]}}, {"type": "Feature", "properties": {}, "geometry": {"type": "LineString", "coordinates": [[77.52954, 12.95548], [77.52943, 12.95527]]}}, {"type": "Feature", "properties": {}, "geometry": {"type": "LineString", "coordinates": [[77.52943, 12.95527], [77.52936, 12.95509]]}}, {"type": "Feature", "properties": {}, "geometry": {"type": "LineString", "coordinates": [[77.52936, 12.95509], [77.52932, 12.95509]]}}, {"type": "Feature", "properties": {}, "geometry": {"type": "LineString", "coordinates": [[77.52932, 12.95509], [77.5295, 12.95506]]}}, {"type": "Feature", "properties": {}, "geometry": {"type": "LineString", "coordinates": [[77.54233, 12.94993], [77.54236, 12.94979]]}}, {"type": "Feature", "properties": {}, "geometry": {"type": "LineString", "coordinates": [[77.54065, 12.95097], [77.54069, 12.95048]]}}, {"type": "Feature", "properties": {}, "geometry": {"type": "LineString", "coordinates": [[77.54814, 12.97423], [77.54828, 12.97447]]}}, {"type": "Feature", "properties": {}, "geometry": {"type": "LineString", "coordinates": [[77.54183, 12.94645], [77.54183, 12.94642]]}}, {"type": "Feature", "properties": {}, "geometry": {"type": "LineString", "coordinates": [[77.53377, 12.94769], [77.53579, 12.94877]]}}, {"type": "Feature", "properties": {}, "geometry": {"type": "LineString", "coordinates": [[77.53316, 12.94752], [77.53377, 12.94769]]}}, {"type": "Feature", "properties": {}, "geometry": {"type": "LineString", "coordinates": [[77.53294, 12.94746], [77.53316, 12.94752]]}}, {"type": "Feature", "properties": {}, "geometry": {"type": "LineString", "coordinates": [[77.53226, 12.94722], [77.53294, 12.94746]]}}, {"type": "Feature", "properties": {}, "geometry": {"type": "LineString", "coordinates": [[77.53013, 12.94646], [77.53226, 12.94722]]}}, {"type": "Feature", "properties": {}, "geometry": {"type": "LineString", "coordinates": [[77.52905, 12.94595], [77.53013, 12.94646]]}}, {"type": "Feature", "properties": {}, "geometry": {"type": "LineString", "coordinates": [[77.52793, 12.94511], [77.52905, 12.94595]]}}, {"type": "Feature", "properties": {}, "geometry": {"type": "LineString", "coordinates": [[77.52789, 12.94508], [77.52793, 12.94511]]}}, {"type": "Feature", "properties": {}, "geometry": {"type": "LineString", "coordinates": [[77.52564, 12.94249], [77.52663, 12.94389], [77.52789, 12.94508]]}}, {"type": "Feature", "properties": {}, "geometry": {"type": "LineString", "coordinates": [[77.53373, 12.95431], [77.52936, 12.95509]]}}, {"type": "Feature", "properties": {}, "geometry": {"type": "LineString", "coordinates": [[77.53559, 12.95412], [77.53458, 12.95342], [77.53459, 12.95413], [77.53373, 12.95431]]}}, {"type": "Feature", "properties": {}, "geometry": {"type": "LineString", "coordinates": [[77.53722, 12.95153], [77.53722, 12.95167]]}}, {"type": "Feature", "properties": {}, "geometry": {"type": "LineString", "coordinates": [[77.53756, 12.95044], [77.53722, 12.95153]]}}, {"type": "Feature", "properties": {}, "geometry": {"type": "LineString", "coordinates": [[77.53756, 12.9504], [77.53756, 12.95044]]}}, {"type": "Feature", "properties": {}, "geometry": {"type": "LineString", "coordinates": [[77.5376, 12.95037], [77.53756, 12.9504]]}}, {"type": "Feature", "properties": {}, "geometry": {"type": "LineString", "coordinates": [[77.5545, 12.97561], [77.55465, 12.97561]]}}, {"type": "Feature", "properties": {}, "geometry": {"type": "LineString", "coordinates": [[77.5545, 12.97561], [77.55346, 12.97551]]}}, {"type": "Feature", "properties": {}, "geometry": {"type": "LineString", "coordinates": [[77.55346, 12.97551], [77.55336, 12.97552]]}}, {"type": "Feature", "properties": {}, "geometry": {"type": "LineString", "coordinates": [[77.55465, 12.97561], [77.5545, 12.97561]]}}, {"type": "Feature", "properties": {}, "geometry": {"type": "LineString", "coordinates": [[77.56561, 12.96991], [77.56557, 12.96994]]}}, {"type": "Feature", "properties": {}, "geometry": {"type": "LineString", "coordinates": [[77.56452, 12.97572], [77.56437, 12.97576]]}}, {"type": "Feature", "properties": {}, "geometry": {"type": "LineString", "coordinates": [[77.56393, 12.96792], [77.56412, 12.96813]]}}, {"type": "Feature", "properties": {}, "geometry": {"type": "LineString", "coordinates": [[77.56412, 12.96813], [77.56419, 12.96823]]}}, {"type": "Feature", "properties": {}, "geometry": {"type": "LineString", "coordinates": [[77.56419, 12.96823], [77.56412, 12.96813]]}}, {"type": "Feature", "properties": {}, "geometry": {"type": "LineString", "coordinates": [[77.54228, 12.94807], [77.54227, 12.948]]}}, {"type": "Feature", "properties": {}, "geometry": {"type": "LineString", "coordinates": [[77.56408, 12.97527], [77.56408, 12.97516]]}}, {"type": "Feature", "properties": {}, "geometry": {"type": "LineString", "coordinates": [[77.56684, 12.97144], [77.56681, 12.97141]]}}, {"type": "Feature", "properties": {}, "geometry": {"type": "LineString", "coordinates": [[77.56681, 12.97141], [77.56677, 12.97134]]}}, {"type": "Feature", "properties": {}, "geometry": {"type": "LineString", "coordinates": [[77.56681, 12.97141], [77.56684, 12.97137]]}}, {"type": "Feature", "properties": {}, "geometry": {"type": "LineString", "coordinates": [[77.56684, 12.97144], [77.56684, 12.97155]]}}, {"type": "Feature", "properties": {}, "geometry": {"type": "LineString", "coordinates": [[77.52793, 12.94511], [77.52789, 12.94508]]}}, {"type": "Feature", "properties": {}, "geometry": {"type": "LineString", "coordinates": [[77.56663, 12.97229], [77.56667, 12.97222]]}}, {"type": "Feature", "properties": {}, "geometry": {"type": "LineString", "coordinates": [[77.53742, 12.95019], [77.53662, 12.94943]]}}, {"type": "Feature", "properties": {}, "geometry": {"type": "LineString", "coordinates": [[77.56557, 12.96994], [77.56677, 12.97134]]}}, {"type": "Feature", "properties": {}, "geometry": {"type": "LineString", "coordinates": [[77.56437, 12.96847], [77.56557, 12.96994]]}}, {"type": "Feature", "properties": {}, "geometry": {"type": "LineString", "coordinates": [[77.56441, 12.96844], [77.56437, 12.96847]]}}, {"type": "Feature", "properties": {}, "geometry": {"type": "LineString", "coordinates": [[77.54327, 12.95397], [77.54612, 12.95609], [77.54839, 12.95674]]}}, {"type": "Feature", "properties": {}, "geometry": {"type": "LineString", "coordinates": [[77.54327, 12.95394], [77.54327, 12.95397]]}}, {"type": "Feature", "properties": {}, "geometry": {"type": "LineString", "coordinates": [[77.5433, 12.9539], [77.54327, 12.95394]]}}, {"type": "Feature", "properties": {}, "geometry": {"type": "LineString", "coordinates": [[77.5415, 12.95276], [77.54233, 12.95352], [77.5433, 12.9539]]}}, {"type": "Feature", "properties": {}, "geometry": {"type": "LineString", "coordinates": [[77.54139, 12.95265], [77.5415, 12.95276]]}}, {"type": "Feature", "properties": {}, "geometry": {"type": "LineString", "coordinates": [[77.53861, 12.95092], [77.54139, 12.95265]]}}, {"type": "Feature", "properties": {}, "geometry": {"type": "LineString", "coordinates": [[77.56114, 12.97576], [77.55906, 12.97581]]}}, {"type": "Feature", "properties": {}, "geometry": {"type": "LineString", "coordinates": [[77.55906, 12.97581], [77.55874, 12.97581]]}}, {"type": "Feature", "properties": {}, "geometry": {"type": "LineString", "coordinates": [[77.55874, 12.97581], [77.55659, 12.97566]]}}, {"type": "Feature", "properties": {}, "geometry": {"type": "LineString", "coordinates": [[77.5545, 12.97561], [77.55325, 12.97552], [77.55206, 12.97472]]}}, {"type": "Feature", "properties": {}, "geometry": {"type": "LineString", "coordinates": [[77.55206, 12.97472], [77.55205, 12.97468]]}}, {"type": "Feature", "properties": {}, "geometry": {"type": "LineString", "coordinates": [[77.55205, 12.97468], [77.55195, 12.97458]]}}, {"type": "Feature", "properties": {}, "geometry": {"type": "LineString", "coordinates": [[77.55195, 12.97458], [77.5506, 12.97315], [77.55039, 12.97333]]}}, {"type": "Feature", "properties": {}, "geometry": {"type": "LineString", "coordinates": [[77.55039, 12.97333], [77.54922, 12.97422]]}}, {"type": "Feature", "properties": {}, "geometry": {"type": "LineString", "coordinates": [[77.56437, 12.97569], [77.56307, 12.97564]]}}, {"type": "Feature", "properties": {}, "geometry": {"type": "LineString", "coordinates": [[77.56307, 12.97564], [77.56279, 12.97563]]}}, {"type": "Feature", "properties": {}, "geometry": {"type": "LineString", "coordinates": [[77.56279, 12.97563], [77.56276, 12.97563]]}}, {"type": "Feature", "properties": {}, "geometry": {"type": "LineString", "coordinates": [[77.56441, 12.97569], [77.56437, 12.97569]]}}, {"type": "Feature", "properties": {}, "geometry": {"type": "LineString", "coordinates": [[77.56663, 12.97229], [77.56594, 12.97458], [77.56441, 12.97569]]}}, {"type": "Feature", "properties": {}, "geometry": {"type": "LineString", "coordinates": [[77.56272, 12.97563], [77.56229, 12.97564], [77.56197, 12.97536]]}}, {"type": "Feature", "properties": {}, "geometry": {"type": "LineString", "coordinates": [[77.56276, 12.97563], [77.56272, 12.97563]]}}, {"type": "Feature", "properties": {}, "geometry": {"type": "LineString", "coordinates": [[77.56674, 12.97197], [77.56667, 12.97222]]}}, {"type": "Feature", "properties": {}, "geometry": {"type": "LineString", "coordinates": [[77.56684, 12.97155], [77.56674, 12.97197]]}}, {"type": "Feature", "properties": {}, "geometry": {"type": "LineString", "coordinates": [[77.5398, 12.95158], [77.54012, 12.95179], [77.54023, 12.95161]]}}, {"type": "Feature", "properties": {}, "geometry": {"type": "LineString", "coordinates": [[77.54023, 12.95161], [77.54065, 12.95101]]}}, {"type": "Feature", "properties": {}, "geometry": {"type": "LineString", "coordinates": [[77.53919, 12.9512], [77.5398, 12.95158]]}}, {"type": "Feature", "properties": {}, "geometry": {"type": "LineString", "coordinates": [[77.53861, 12.95092], [77.53919, 12.9512]]}}, {"type": "Feature", "properties": {}, "geometry": {"type": "LineString", "coordinates": [[77.54065, 12.95101], [77.54065, 12.95097]]}}, {"type": "Feature", "properties": {}, "geometry": {"type": "LineString", "coordinates": [[77.54854, 12.97475], [77.54847, 12.97479]]}}, {"type": "Feature", "properties": {}, "geometry": {"type": "LineString", "coordinates": [[77.54922, 12.97422], [77.54854, 12.97475]]}}, {"type": "Feature", "properties": {}, "geometry": {"type": "LineString", "coordinates": [[77.52983, 12.95562], [77.52958, 12.95551]]}}, {"type": "Feature", "properties": {}, "geometry": {"type": "LineString", "coordinates": [[77.52958, 12.95551], [77.52936, 12.95555]]}}, {"type": "Feature", "properties": {}, "geometry": {"type": "LineString", "coordinates": [[77.54236, 12.94979], [77.54236, 12.94969]]}}, {"type": "Feature", "properties": {}, "geometry": {"type": "LineString", "coordinates": [[77.54236, 12.94969], [77.54229, 12.94934]]}}, {"type": "Feature", "properties": {}, "geometry": {"type": "LineString", "coordinates": [[77.54229, 12.94934], [77.54221, 12.94898]]}}, {"type": "Feature", "properties": {}, "geometry": {"type": "LineString", "coordinates": [[77.54221, 12.94898], [77.54214, 12.9487]]}}, {"type": "Feature", "properties": {}, "geometry": {"type": "LineString", "coordinates": [[77.54214, 12.9487], [77.5421, 12.94832]]}}, {"type": "Feature", "properties": {}, "geometry": {"type": "LineString", "coordinates": [[77.5421, 12.94832], [77.54206, 12.94814]]}}, {"type": "Feature", "properties": {}, "geometry": {"type": "LineString", "coordinates": [[77.54206, 12.94814], [77.54228, 12.9481]]}}, {"type": "Feature", "properties": {}, "geometry": {"type": "LineString", "coordinates": [[77.54231, 12.94814], [77.54231, 12.9481]]}}, {"type": "Feature", "properties": {}, "geometry": {"type": "LineString", "coordinates": [[77.54228, 12.9481], [77.54231, 12.94814]]}}, {"type": "Feature", "properties": {}, "geometry": {"type": "LineString", "coordinates": [[77.54231, 12.9481], [77.54228, 12.94807]]}}, {"type": "Feature", "properties": {}, "geometry": {"type": "LineString", "coordinates": [[77.53756, 12.95033], [77.53742, 12.95019]]}}, {"type": "Feature", "properties": {}, "geometry": {"type": "LineString", "coordinates": [[77.53662, 12.94943], [77.53658, 12.94936]]}}, {"type": "Feature", "properties": {}, "geometry": {"type": "LineString", "coordinates": [[77.53658, 12.94936], [77.53579, 12.94877]]}}, {"type": "Feature", "properties": {}, "geometry": {"type": "LineString", "coordinates": [[77.53662, 12.94943], [77.53579, 12.9488]]}}, {"type": "Feature", "properties": {}, "geometry": {"type": "LineString", "coordinates": [[77.53579, 12.9488], [77.53579, 12.94877]]}}, {"type": "Feature", "properties": {}, "geometry": {"type": "LineString", "coordinates": [[77.52954, 12.95551], [77.52947, 12.95548]]}}, {"type": "Feature", "properties": {}, "geometry": {"type": "LineString", "coordinates": [[77.48417, 12.92438], [77.48424, 12.92438]]}}, {"type": "Feature", "properties": {}, "geometry": {"type": "LineString", "coordinates": [[77.48372, 12.92319], [77.48417, 12.92438]]}}, {"type": "Feature", "properties": {}, "geometry": {"type": "LineString", "coordinates": [[77.48424, 12.92438], [77.48492, 12.92413]]}}, {"type": "Feature", "properties": {}, "geometry": {"type": "LineString", "coordinates": [[77.48372, 12.92315], [77.48372, 12.92319]]}}, {"type": "Feature", "properties": {}, "geometry": {"type": "LineString", "coordinates": [[77.48369, 12.92308], [77.48372, 12.92315]]}}, {"type": "Feature", "properties": {}, "geometry": {"type": "LineString", "coordinates": [[77.4831, 12.92144], [77.48369, 12.92308]]}}, {"type": "Feature", "properties": {}, "geometry": {"type": "LineString", "coordinates": [[77.48295, 12.92105], [77.4831, 12.92144]]}}, {"type": "Feature", "properties": {}, "geometry": {"type": "LineString", "coordinates": [[77.48291, 12.92098], [77.48295, 12.92105]]}}, {"type": "Feature", "properties": {}, "geometry": {"type": "LineString", "coordinates": [[77.48495, 12.92413], [77.48492, 12.92413]]}}, {"type": "Feature", "properties": {}, "geometry": {"type": "LineString", "coordinates": [[77.50069, 12.92644], [77.50073, 12.92644]]}}, {"type": "Feature", "properties": {}, "geometry": {"type": "LineString", "coordinates": [[77.50564, 12.92988], [77.50648, 12.93131], [77.511, 12.93479], [77.51327, 12.93561]]}}, {"type": "Feature", "properties": {}, "geometry": {"type": "LineString", "coordinates": [[77.5295, 12.95506], [77.52961, 12.95502]]}}, {"type": "Feature", "properties": {}, "geometry": {"type": "LineString", "coordinates": [[77.52961, 12.95502], [77.52972, 12.95502]]}}, {"type": "Feature", "properties": {}, "geometry": {"type": "LineString", "coordinates": [[77.52972, 12.95502], [77.52993, 12.95498]]}}, {"type": "Feature", "properties": {}, "geometry": {"type": "LineString", "coordinates": [[77.52993, 12.95498], [77.53022, 12.95494]]}}, {"type": "Feature", "properties": {}, "geometry": {"type": "LineString", "coordinates": [[77.53022, 12.95494], [77.53058, 12.95487]]}}, {"type": "Feature", "properties": {}, "geometry": {"type": "LineString", "coordinates": [[77.53058, 12.95487], [77.53061, 12.95487]]}}, {"type": "Feature", "properties": {}, "geometry": {"type": "LineString", "coordinates": [[77.53061, 12.95487], [77.53093, 12.9548]]}}, {"type": "Feature", "properties": {}, "geometry": {"type": "LineString", "coordinates": [[77.53093, 12.9548], [77.53101, 12.95479]]}}, {"type": "Feature", "properties": {}, "geometry": {"type": "LineString", "coordinates": [[77.52965, 12.956], [77.52969, 12.95604]]}}, {"type": "Feature", "properties": {}, "geometry": {"type": "LineString", "coordinates": [[77.48749, 12.93047], [77.48745, 12.93037]]}}, {"type": "Feature", "properties": {}, "geometry": {"type": "LineString", "coordinates": [[77.48251, 12.92366], [77.48251, 12.92362]]}}, {"type": "Feature", "properties": {}, "geometry": {"type": "LineString", "coordinates": [[77.48251, 12.92362], [77.48247, 12.92359]]}}, {"type": "Feature", "properties": {}, "geometry": {"type": "LineString", "coordinates": [[77.48258, 12.92362], [77.48297, 12.92348]]}}, {"type": "Feature", "properties": {}, "geometry": {"type": "LineString", "coordinates": [[77.48297, 12.92348], [77.48337, 12.92333]]}}, {"type": "Feature", "properties": {}, "geometry": {"type": "LineString", "coordinates": [[77.48337, 12.92333], [77.48354, 12.92326]]}}, {"type": "Feature", "properties": {}, "geometry": {"type": "LineString", "coordinates": [[77.48354, 12.92326], [77.48354, 12.92319]]}}, {"type": "Feature", "properties": {}, "geometry": {"type": "LineString", "coordinates": [[77.51923, 12.93664], [77.51869, 12.93647]]}}, {"type": "Feature", "properties": {}, "geometry": {"type": "LineString", "coordinates": [[77.50445, 12.91483], [77.50456, 12.91483]]}}, {"type": "Feature", "properties": {}, "geometry": {"type": "LineString", "coordinates": [[77.5376, 12.95037], [77.53756, 12.95033]]}}, {"type": "Feature", "properties": {}, "geometry": {"type": "LineString", "coordinates": [[77.5101, 12.93828], [77.51014, 12.93828]]}}, {"type": "Feature", "properties": {}, "geometry": {"type": "LineString", "coordinates": [[77.48251, 12.92362], [77.48258, 12.92362]]}}, {"type": "Feature", "properties": {}, "geometry": {"type": "LineString", "coordinates": [[77.54161, 12.94568], [77.54157, 12.94558]]}}, {"type": "Feature", "properties": {}, "geometry": {"type": "LineString", "coordinates": [[77.54161, 12.94568], [77.54161, 12.94575]]}}, {"type": "Feature", "properties": {}, "geometry": {"type": "LineString", "coordinates": [[77.5133, 12.93561], [77.51327, 12.93561]]}}, {"type": "Feature", "properties": {}, "geometry": {"type": "LineString", "coordinates": [[77.48502, 12.92413], [77.48495, 12.92413]]}}, {"type": "Feature", "properties": {}, "geometry": {"type": "LineString", "coordinates": [[77.51291, 12.93632], [77.51288, 12.93635]]}}, {"type": "Feature", "properties": {}, "geometry": {"type": "LineString", "coordinates": [[77.49096, 12.91816], [77.49092, 12.91812]]}}, {"type": "Feature", "properties": {}, "geometry": {"type": "LineString", "coordinates": [[77.49092, 12.91812], [77.49085, 12.91802]]}}, {"type": "Feature", "properties": {}, "geometry": {"type": "LineString", "coordinates": [[77.49085, 12.91802], [77.49077, 12.91795]]}}, {"type": "Feature", "properties": {}, "geometry": {"type": "LineString", "coordinates": [[77.49892, 12.92491], [77.49761, 12.92366]]}}, {"type": "Feature", "properties": {}, "geometry": {"type": "LineString", "coordinates": [[77.50485, 12.9295], [77.50564, 12.92988]]}}, {"type": "Feature", "properties": {}, "geometry": {"type": "LineString", "coordinates": [[77.50069, 12.92644], [77.50239, 12.92762], [77.50364, 12.92907]]}}, {"type": "Feature", "properties": {}, "geometry": {"type": "LineString", "coordinates": [[77.50364, 12.92907], [77.50366, 12.92909], [77.50372, 12.92911]]}}, {"type": "Feature", "properties": {}, "geometry": {"type": "LineString", "coordinates": [[77.50372, 12.92911], [77.50413, 12.92925]]}}, {"type": "Feature", "properties": {}, "geometry": {"type": "LineString", "coordinates": [[77.50413, 12.92925], [77.50485, 12.9295]]}}, {"type": "Feature", "properties": {}, "geometry": {"type": "LineString", "coordinates": [[77.49892, 12.92491], [77.50069, 12.92644]]}}, {"type": "Feature", "properties": {}, "geometry": {"type": "LineString", "coordinates": [[77.49761, 12.92366], [77.49892, 12.92491]]}}, {"type": "Feature", "properties": {}, "geometry": {"type": "LineString", "coordinates": [[77.51866, 12.93644], [77.52056, 12.93705]]}}, {"type": "Feature", "properties": {}, "geometry": {"type": "LineString", "coordinates": [[77.51866, 12.9364], [77.51866, 12.93644]]}}, {"type": "Feature", "properties": {}, "geometry": {"type": "LineString", "coordinates": [[77.5169, 12.93632], [77.51824, 12.93638]]}}, {"type": "Feature", "properties": {}, "geometry": {"type": "LineString", "coordinates": [[77.5183, 12.93638], [77.51866, 12.9364]]}}, {"type": "Feature", "properties": {}, "geometry": {"type": "LineString", "coordinates": [[77.51866, 12.93644], [77.52056, 12.93705]]}}, {"type": "Feature", "properties": {}, "geometry": {"type": "LineString", "coordinates": [[77.52448, 12.94061], [77.52564, 12.94249]]}}, {"type": "Feature", "properties": {}, "geometry": {"type": "LineString", "coordinates": [[77.52056, 12.93705], [77.52299, 12.93897], [77.52448, 12.94061]]}}, {"type": "Feature", "properties": {}, "geometry": {"type": "LineString", "coordinates": [[77.52448, 12.94061], [77.52564, 12.94249]]}}, {"type": "Feature", "properties": {}, "geometry": {"type": "LineString", "coordinates": [[77.56651, 12.97064], [77.56665, 12.97084]]}}, {"type": "Feature", "properties": {}, "geometry": {"type": "LineString", "coordinates": [[77.56665, 12.97084], [77.56706, 12.97147], [77.56657, 12.97331]]}}, {"type": "Feature", "properties": {}, "geometry": {"type": "LineString", "coordinates": [[77.54183, 12.94645], [77.54183, 12.94642]]}}, {"type": "Feature", "properties": {}, "geometry": {"type": "LineString", "coordinates": [[77.54183, 12.94645], [77.54183, 12.94642]]}}, {"type": "Feature", "properties": {}, "geometry": {"type": "LineString", "coordinates": [[77.54931, 12.95529], [77.54913, 12.95557]]}}, {"type": "Feature", "properties": {}, "geometry": {"type": "LineString", "coordinates": [[77.54945, 12.95507], [77.54931, 12.95529]]}}, {"type": "Feature", "properties": {}, "geometry": {"type": "LineString", "coordinates": [[77.5497, 12.95475], [77.54945, 12.95507]]}}, {"type": "Feature", "properties": {}, "geometry": {"type": "LineString", "coordinates": [[77.54995, 12.9544], [77.5497, 12.95475]]}}, {"type": "Feature", "properties": {}, "geometry": {"type": "LineString", "coordinates": [[77.55016, 12.95412], [77.54995, 12.9544]]}}, {"type": "Feature", "properties": {}, "geometry": {"type": "LineString", "coordinates": [[77.55147, 12.95238], [77.55115, 12.95277]]}}, {"type": "Feature", "properties": {}, "geometry": {"type": "LineString", "coordinates": [[77.54931, 12.95529], [77.54913, 12.95557]]}}, {"type": "Feature", "properties": {}, "geometry": {"type": "LineString", "coordinates": [[77.54945, 12.95507], [77.54931, 12.95529]]}}, {"type": "Feature", "properties": {}, "geometry": {"type": "LineString", "coordinates": [[77.5497, 12.95475], [77.54945, 12.95507]]}}, {"type": "Feature", "properties": {}, "geometry": {"type": "LineString", "coordinates": [[77.54995, 12.9544], [77.5497, 12.95475]]}}, {"type": "Feature", "properties": {}, "geometry": {"type": "LineString", "coordinates": [[77.55016, 12.95412], [77.54995, 12.9544]]}}, {"type": "Feature", "properties": {}, "geometry": {"type": "LineString", "coordinates": [[77.55147, 12.95238], [77.55115, 12.95277]]}}, {"type": "Feature", "properties": {}, "geometry": {"type": "LineString", "coordinates": [[77.54931, 12.95529], [77.54913, 12.95557]]}}, {"type": "Feature", "properties": {}, "geometry": {"type": "LineString", "coordinates": [[77.54945, 12.95507], [77.54931, 12.95529]]}}, {"type": "Feature", "properties": {}, "geometry": {"type": "LineString", "coordinates": [[77.5497, 12.95475], [77.54945, 12.95507]]}}, {"type": "Feature", "properties": {}, "geometry": {"type": "LineString", "coordinates": [[77.54995, 12.9544], [77.5497, 12.95475]]}}, {"type": "Feature", "properties": {}, "geometry": {"type": "LineString", "coordinates": [[77.55016, 12.95412], [77.54995, 12.9544]]}}, {"type": "Feature", "properties": {}, "geometry": {"type": "LineString", "coordinates": [[77.55147, 12.95238], [77.55115, 12.95277]]}}, {"type": "Feature", "properties": {}, "geometry": {"type": "LineString", "coordinates": [[77.55885, 12.97581], [77.55888, 12.97581]]}}, {"type": "Feature", "properties": {}, "geometry": {"type": "LineString", "coordinates": [[77.52937, 12.95587], [77.52947, 12.9559]]}}, {"type": "Feature", "properties": {}, "geometry": {"type": "LineString", "coordinates": [[77.53483, 12.98126], [77.53486, 12.98129]]}}, {"type": "Feature", "properties": {}, "geometry": {"type": "LineString", "coordinates": [[77.53483, 12.98126], [77.53482, 12.98122]]}}, {"type": "Feature", "properties": {}, "geometry": {"type": "LineString", "coordinates": [[77.54458, 12.96652], [77.54458, 12.96656]]}}, {"type": "Feature", "properties": {}, "geometry": {"type": "LineString", "coordinates": [[77.48328, 12.92583], [77.48328, 12.92587]]}}, {"type": "Feature", "properties": {}, "geometry": {"type": "LineString", "coordinates": [[77.48948, 12.92176], [77.48948, 12.92173]]}}, {"type": "Feature", "properties": {}, "geometry": {"type": "LineString", "coordinates": [[77.53503, 12.94832], [77.53507, 12.94832]]}}, {"type": "Feature", "properties": {}, "geometry": {"type": "LineString", "coordinates": [[77.51342, 12.91548], [77.51335, 12.91548]]}}, {"type": "Feature", "properties": {}, "geometry": {"type": "LineString", "coordinates": [[77.47921, 12.91278], [77.47921, 12.91274]]}}, {"type": "Feature", "properties": {}, "geometry": {"type": "LineString", "coordinates": [[77.56516, 12.97526], [77.56519, 12.97526]]}}, {"type": "Feature", "properties": {}, "geometry": {"type": "LineString", "coordinates": [[77.48839, 12.92367], [77.48843, 12.92367]]}}, {"type": "Feature", "properties": {}, "geometry": {"type": "LineString", "coordinates": [[77.57818, 13.10692], [77.57815, 13.10692]]}}, {"type": "Feature", "properties": {}, "geometry": {"type": "LineString", "coordinates": [[77.57815, 13.10692], [77.57789, 13.1065]]}}, {"type": "Feature", "properties": {}, "geometry": {"type": "LineString", "coordinates": [[77.57789, 13.1065], [77.57719, 13.10499], [77.57693, 13.10352]]}}, {"type": "Feature", "properties": {}, "geometry": {"type": "LineString", "coordinates": [[77.57693, 13.10352], [77.57667, 13.09944], [77.58088, 13.1007]]}}, {"type": "Feature", "properties": {}, "geometry": {"type": "LineString", "coordinates": [[77.58088, 13.1007], [77.5856, 13.10195]]}}, {"type": "Feature", "properties": {}, "geometry": {"type": "LineString", "coordinates": [[77.5856, 13.10195], [77.5857, 13.10167]]}}, {"type": "Feature", "properties": {}, "geometry": {"type": "LineString", "coordinates": [[77.5857, 13.10167], [77.58574, 13.10149]]}}, {"type": "Feature", "properties": {}, "geometry": {"type": "LineString", "coordinates": [[77.5856, 13.10195], [77.58636, 13.10219]]}}, {"type": "Feature", "properties": {}, "geometry": {"type": "LineString", "coordinates": [[77.59429, 13.09514], [77.5918, 13.09763], [77.58874, 13.10023]]}}, {"type": "Feature", "properties": {}, "geometry": {"type": "LineString", "coordinates": [[77.59429, 13.09511], [77.59429, 13.09514]]}}, {"type": "Feature", "properties": {}, "geometry": {"type": "LineString", "coordinates": [[77.59381, 13.08695], [77.59429, 13.09511]]}}, {"type": "Feature", "properties": {}, "geometry": {"type": "LineString", "coordinates": [[77.59349, 13.084], [77.59381, 13.08695]]}}, {"type": "Feature", "properties": {}, "geometry": {"type": "LineString", "coordinates": [[77.59332, 13.08182], [77.59349, 13.084]]}}, {"type": "Feature", "properties": {}, "geometry": {"type": "LineString", "coordinates": [[77.59336, 13.06144], [77.59272, 13.0726], [77.59332, 13.08182]]}}, {"type": "Feature", "properties": {}, "geometry": {"type": "LineString", "coordinates": [[77.59339, 13.05743], [77.59336, 13.06144]]}}, {"type": "Feature", "properties": {}, "geometry": {"type": "LineString", "coordinates": [[77.58128, 13.10083], [77.58628, 13.10223]]}}, {"type": "Feature", "properties": {}, "geometry": {"type": "LineString", "coordinates": [[77.55289, 13.06628], [77.55288, 13.06624]]}}, {"type": "Feature", "properties": {}, "geometry": {"type": "LineString", "coordinates": [[77.5514, 13.05788], [77.5514, 13.05785]]}}, {"type": "Feature", "properties": {}, "geometry": {"type": "LineString", "coordinates": [[77.55912, 13.08983], [77.55976, 13.08919]]}}, {"type": "Feature", "properties": {}, "geometry": {"type": "LineString", "coordinates": [[77.55976, 13.08919], [77.56104, 13.08805]]}}, {"type": "Feature", "properties": {}, "geometry": {"type": "LineString", "coordinates": [[77.55669, 13.07275], [77.55837, 13.07646]]}}, {"type": "Feature", "properties": {}, "geometry": {"type": "LineString", "coordinates": [[77.5535, 13.06659], [77.55518, 13.06983]]}}, {"type": "Feature", "properties": {}, "geometry": {"type": "LineString", "coordinates": [[77.55518, 13.06983], [77.55669, 13.07275]]}}, {"type": "Feature", "properties": {}, "geometry": {"type": "LineString", "coordinates": [[77.58733, 13.06168], [77.58737, 13.0614]]}}, {"type": "Feature", "properties": {}, "geometry": {"type": "LineString", "coordinates": [[77.58737, 13.0614], [77.58771, 13.05974]]}}, {"type": "Feature", "properties": {}, "geometry": {"type": "LineString", "coordinates": [[77.58771, 13.05974], [77.58781, 13.05921]]}}, {"type": "Feature", "properties": {}, "geometry": {"type": "LineString", "coordinates": [[77.5872, 13.05907], [77.58698, 13.05908]]}}, {"type": "Feature", "properties": {}, "geometry": {"type": "LineString", "coordinates": [[77.57844, 13.1073], [77.57822, 13.10699]]}}, {"type": "Feature", "properties": {}, "geometry": {"type": "LineString", "coordinates": [[77.57822, 13.10695], [77.57822, 13.10699]]}}, {"type": "Feature", "properties": {}, "geometry": {"type": "LineString", "coordinates": [[77.57818, 13.10692], [77.57822, 13.10695]]}}, {"type": "Feature", "properties": {}, "geometry": {"type": "LineString", "coordinates": [[77.5875, 13.10123], [77.59418, 13.09521]]}}, {"type": "Feature", "properties": {}, "geometry": {"type": "LineString", "coordinates": [[77.59418, 13.09521], [77.59425, 13.09514]]}}, {"type": "Feature", "properties": {}, "geometry": {"type": "LineString", "coordinates": [[77.59425, 13.09514], [77.59429, 13.09511]]}}, {"type": "Feature", "properties": {}, "geometry": {"type": "LineString", "coordinates": [[77.59429, 13.09511], [77.59398, 13.0898]]}}, {"type": "Feature", "properties": {}, "geometry": {"type": "LineString", "coordinates": [[77.59338, 13.05651], [77.59339, 13.05743]]}}, {"type": "Feature", "properties": {}, "geometry": {"type": "LineString", "coordinates": [[77.59338, 13.05606], [77.59338, 13.05651]]}}, {"type": "Feature", "properties": {}, "geometry": {"type": "LineString", "coordinates": [[77.59338, 13.05588], [77.59338, 13.05606]]}}, {"type": "Feature", "properties": {}, "geometry": {"type": "LineString", "coordinates": [[77.57667, 13.09944], [77.57656, 13.0994]]}}, {"type": "Feature", "properties": {}, "geometry": {"type": "LineString", "coordinates": [[77.57656, 13.0994], [77.57642, 13.09933]]}}, {"type": "Feature", "properties": {}, "geometry": {"type": "LineString", "coordinates": [[77.57642, 13.09933], [77.57455, 13.09897]]}}, {"type": "Feature", "properties": {}, "geometry": {"type": "LineString", "coordinates": [[77.57455, 13.09897], [77.57415, 13.09886]]}}, {"type": "Feature", "properties": {}, "geometry": {"type": "LineString", "coordinates": [[77.57408, 13.09886], [77.57268, 13.09863]]}}, {"type": "Feature", "properties": {}, "geometry": {"type": "LineString", "coordinates": [[77.57268, 13.09863], [77.57102, 13.0984]]}}, {"type": "Feature", "properties": {}, "geometry": {"type": "LineString", "coordinates": [[77.59892, 13.10175], [77.60012, 13.10378]]}}, {"type": "Feature", "properties": {}, "geometry": {"type": "LineString", "coordinates": [[77.60012, 13.10378], [77.60133, 13.10577]]}}, {"type": "Feature", "properties": {}, "geometry": {"type": "LineString", "coordinates": [[77.58231, 13.1067], [77.58206, 13.10705]]}}, {"type": "Feature", "properties": {}, "geometry": {"type": "LineString", "coordinates": [[77.58256, 13.10617], [77.58231, 13.1067]]}}, {"type": "Feature", "properties": {}, "geometry": {"type": "LineString", "coordinates": [[77.58636, 13.10219], [77.5833, 13.10486], [77.58256, 13.10617]]}}, {"type": "Feature", "properties": {}, "geometry": {"type": "LineString", "coordinates": [[77.58646, 13.10208], [77.58636, 13.10219]]}}, {"type": "Feature", "properties": {}, "geometry": {"type": "LineString", "coordinates": [[77.58653, 13.10201], [77.58646, 13.10208]]}}, {"type": "Feature", "properties": {}, "geometry": {"type": "LineString", "coordinates": [[77.58657, 13.10201], [77.58653, 13.10201]]}}, {"type": "Feature", "properties": {}, "geometry": {"type": "LineString", "coordinates": [[77.58661, 13.10198], [77.58657, 13.10201]]}}, {"type": "Feature", "properties": {}, "geometry": {"type": "LineString", "coordinates": [[77.58668, 13.10194], [77.58661, 13.10198]]}}, {"type": "Feature", "properties": {}, "geometry": {"type": "LineString", "coordinates": [[77.58671, 13.10191], [77.58668, 13.10194]]}}, {"type": "Feature", "properties": {}, "geometry": {"type": "LineString", "coordinates": [[77.58739, 13.10137], [77.58671, 13.10191]]}}, {"type": "Feature", "properties": {}, "geometry": {"type": "LineString", "coordinates": [[77.58874, 13.10027], [77.58739, 13.10137]]}}, {"type": "Feature", "properties": {}, "geometry": {"type": "LineString", "coordinates": [[77.58874, 13.10023], [77.58874, 13.10027]]}}, {"type": "Feature", "properties": {}, "geometry": {"type": "LineString", "coordinates": [[77.5597, 13.08979], [77.5597, 13.08965]]}}, {"type": "Feature", "properties": {}, "geometry": {"type": "LineString", "coordinates": [[77.5597, 13.08965], [77.55976, 13.08919]]}}, {"type": "Feature", "properties": {}, "geometry": {"type": "LineString", "coordinates": [[77.59398, 13.0898], [77.5937, 13.08695]]}}, {"type": "Feature", "properties": {}, "geometry": {"type": "LineString", "coordinates": [[77.5937, 13.08695], [77.59345, 13.08403]]}}, {"type": "Feature", "properties": {}, "geometry": {"type": "LineString", "coordinates": [[77.59366, 13.08695], [77.5937, 13.08702]]}}, {"type": "Feature", "properties": {}, "geometry": {"type": "LineString", "coordinates": [[77.59345, 13.08403], [77.59366, 13.08695]]}}, {"type": "Feature", "properties": {}, "geometry": {"type": "LineString", "coordinates": [[77.59349, 13.084], [77.59345, 13.08403]]}}, {"type": "Feature", "properties": {}, "geometry": {"type": "LineString", "coordinates": [[77.55945, 13.08979], [77.5597, 13.08979]]}}, {"type": "Feature", "properties": {}, "geometry": {"type": "LineString", "coordinates": [[77.60597, 13.05192], [77.60597, 13.05185]]}}, {"type": "Feature", "properties": {}, "geometry": {"type": "LineString", "coordinates": [[77.57415, 13.09886], [77.57408, 13.09886]]}}, {"type": "Feature", "properties": {}, "geometry": {"type": "LineString", "coordinates": [[77.58723, 13.05907], [77.5872, 13.05907]]}}, {"type": "Feature", "properties": {}, "geometry": {"type": "LineString", "coordinates": [[77.58628, 13.10223], [77.58621, 13.10226]]}}, {"type": "Feature", "properties": {}, "geometry": {"type": "LineString", "coordinates": [[77.5937, 13.08706], [77.59398, 13.0898]]}}, {"type": "Feature", "properties": {}, "geometry": {"type": "LineString", "coordinates": [[77.5937, 13.08702], [77.5937, 13.08706]]}}, {"type": "Feature", "properties": {}, "geometry": {"type": "LineString", "coordinates": [[77.58706, 13.1012], [77.58721, 13.1013]]}}, {"type": "Feature", "properties": {}, "geometry": {"type": "LineString", "coordinates": [[77.58652, 13.10106], [77.58706, 13.1012]]}}, {"type": "Feature", "properties": {}, "geometry": {"type": "LineString", "coordinates": [[77.58631, 13.10117], [77.58642, 13.10113]]}}, {"type": "Feature", "properties": {}, "geometry": {"type": "LineString", "coordinates": [[77.58642, 13.10113], [77.58652, 13.10106]]}}, {"type": "Feature", "properties": {}, "geometry": {"type": "LineString", "coordinates": [[77.58742, 13.10127], [77.5875, 13.10123]]}}, {"type": "Feature", "properties": {}, "geometry": {"type": "LineString", "coordinates": [[77.58728, 13.10134], [77.58735, 13.10134]]}}, {"type": "Feature", "properties": {}, "geometry": {"type": "LineString", "coordinates": [[77.58735, 13.10134], [77.58742, 13.10127]]}}, {"type": "Feature", "properties": {}, "geometry": {"type": "LineString", "coordinates": [[77.58721, 13.1013], [77.58728, 13.10134]]}}, {"type": "Feature", "properties": {}, "geometry": {"type": "LineString", "coordinates": [[77.59311, 13.06517], [77.59311, 13.06514]]}}, {"type": "Feature", "properties": {}, "geometry": {"type": "LineString", "coordinates": [[77.58781, 13.05921], [77.58781, 13.0591]]}}, {"type": "Feature", "properties": {}, "geometry": {"type": "LineString", "coordinates": [[77.58781, 13.05921], [77.58781, 13.0591]]}}, {"type": "Feature", "properties": {}, "geometry": {"type": "LineString", "coordinates": [[77.58781, 13.05921], [77.58781, 13.0591]]}}, {"type": "Feature", "properties": {}, "geometry": {"type": "LineString", "coordinates": [[77.59327, 13.06271], [77.5933, 13.06257]]}}, {"type": "Feature", "properties": {}, "geometry": {"type": "LineString", "coordinates": [[77.56297, 13.09774], [77.56132, 13.09445]]}}, {"type": "Feature", "properties": {}, "geometry": {"type": "LineString", "coordinates": [[77.56132, 13.09445], [77.56107, 13.09396]]}}, {"type": "Feature", "properties": {}, "geometry": {"type": "LineString", "coordinates": [[77.57681, 13.09947], [77.57671, 13.09954]]}}, {"type": "Feature", "properties": {}, "geometry": {"type": "LineString", "coordinates": [[77.56114, 13.09389], [77.56118, 13.09386]]}}, {"type": "Feature", "properties": {}, "geometry": {"type": "LineString", "coordinates": [[77.56118, 13.09386], [77.5612, 13.09386]]}}, {"type": "Feature", "properties": {}, "geometry": {"type": "LineString", "coordinates": [[77.5612, 13.09386], [77.56121, 13.09386]]}}, {"type": "Feature", "properties": {}, "geometry": {"type": "LineString", "coordinates": [[77.56158, 12.98279], [77.56161, 12.98275]]}}, {"type": "Feature", "properties": {}, "geometry": {"type": "LineString", "coordinates": [[77.54012, 13.02878], [77.54115, 13.02821]]}}, {"type": "Feature", "properties": {}, "geometry": {"type": "LineString", "coordinates": [[77.55081, 13.00785], [77.55099, 13.00784]]}}, {"type": "Feature", "properties": {}, "geometry": {"type": "LineString", "coordinates": [[77.55007, 12.98783], [77.55025, 12.98779]]}}, {"type": "Feature", "properties": {}, "geometry": {"type": "LineString", "coordinates": [[77.55025, 12.98779], [77.55029, 12.98779]]}}, {"type": "Feature", "properties": {}, "geometry": {"type": "LineString", "coordinates": [[77.55029, 12.98779], [77.55093, 12.98775]]}}, {"type": "Feature", "properties": {}, "geometry": {"type": "LineString", "coordinates": [[77.55093, 12.98775], [77.55104, 12.98775]]}}, {"type": "Feature", "properties": {}, "geometry": {"type": "LineString", "coordinates": [[77.55104, 12.98775], [77.55179, 12.98774]]}}, {"type": "Feature", "properties": {}, "geometry": {"type": "LineString", "coordinates": [[77.55179, 12.98774], [77.55215, 12.9877]]}}, {"type": "Feature", "properties": {}, "geometry": {"type": "LineString", "coordinates": [[77.55215, 12.9877], [77.55215, 12.9876]]}}, {"type": "Feature", "properties": {}, "geometry": {"type": "LineString", "coordinates": [[77.55215, 12.9876], [77.55224, 12.98594]]}}, {"type": "Feature", "properties": {}, "geometry": {"type": "LineString", "coordinates": [[77.55224, 12.98594], [77.55224, 12.98591]]}}, {"type": "Feature", "properties": {}, "geometry": {"type": "LineString", "coordinates": [[77.55224, 12.98591], [77.55216, 12.98457]]}}, {"type": "Feature", "properties": {}, "geometry": {"type": "LineString", "coordinates": [[77.55216, 12.98457], [77.55198, 12.98447]]}}, {"type": "Feature", "properties": {}, "geometry": {"type": "LineString", "coordinates": [[77.53712, 12.98803], [77.53712, 12.98806]]}}, {"type": "Feature", "properties": {}, "geometry": {"type": "LineString", "coordinates": [[77.54577, 12.99899], [77.54606, 12.99913]]}}, {"type": "Feature", "properties": {}, "geometry": {"type": "LineString", "coordinates": [[77.54635, 12.99902], [77.54627, 12.99902]]}}, {"type": "Feature", "properties": {}, "geometry": {"type": "LineString", "coordinates": [[77.54627, 12.99902], [77.54609, 12.99902]]}}, {"type": "Feature", "properties": {}, "geometry": {"type": "LineString", "coordinates": [[77.54609, 12.99902], [77.54592, 12.99899]]}}, {"type": "Feature", "properties": {}, "geometry": {"type": "LineString", "coordinates": [[77.54592, 12.99899], [77.54577, 12.99899]]}}, {"type": "Feature", "properties": {}, "geometry": {"type": "LineString", "coordinates": [[77.53554, 12.98825], [77.5369, 12.9881]]}}, {"type": "Feature", "properties": {}, "geometry": {"type": "LineString", "coordinates": [[77.53554, 12.98822], [77.53554, 12.98825]]}}, {"type": "Feature", "properties": {}, "geometry": {"type": "LineString", "coordinates": [[77.5369, 12.9881], [77.53712, 12.98806]]}}, {"type": "Feature", "properties": {}, "geometry": {"type": "LineString", "coordinates": [[77.53712, 12.98806], [77.53751, 12.98802]]}}, {"type": "Feature", "properties": {}, "geometry": {"type": "LineString", "coordinates": [[77.54403, 13.0039], [77.54879, 13.00611]]}}, {"type": "Feature", "properties": {}, "geometry": {"type": "LineString", "coordinates": [[77.54096, 13.00249], [77.54403, 13.0039]]}}, {"type": "Feature", "properties": {}, "geometry": {"type": "LineString", "coordinates": [[77.54075, 13.00238], [77.54096, 13.00249]]}}, {"type": "Feature", "properties": {}, "geometry": {"type": "LineString", "coordinates": [[77.53729, 13.00133], [77.54031, 13.00225]]}}, {"type": "Feature", "properties": {}, "geometry": {"type": "LineString", "coordinates": [[77.54031, 13.00225], [77.54075, 13.00238]]}}, {"type": "Feature", "properties": {}, "geometry": {"type": "LineString", "coordinates": [[77.52819, 12.9992], [77.53729, 13.00133]]}}, {"type": "Feature", "properties": {}, "geometry": {"type": "LineString", "coordinates": [[77.53491, 12.98646], [77.53554, 12.98822]]}}, {"type": "Feature", "properties": {}, "geometry": {"type": "LineString", "coordinates": [[77.53433, 12.98172], [77.53491, 12.98646]]}}, {"type": "Feature", "properties": {}, "geometry": {"type": "LineString", "coordinates": [[77.53698, 13.03043], [77.53715, 13.03033]]}}, {"type": "Feature", "properties": {}, "geometry": {"type": "LineString", "coordinates": [[77.53715, 13.03033], [77.54005, 13.02882]]}}, {"type": "Feature", "properties": {}, "geometry": {"type": "LineString", "coordinates": [[77.54005, 13.02882], [77.54012, 13.02878]]}}, {"type": "Feature", "properties": {}, "geometry": {"type": "LineString", "coordinates": [[77.54909, 13.00389], [77.54875, 13.00593]]}}, {"type": "Feature", "properties": {}, "geometry": {"type": "LineString", "coordinates": [[77.54943, 13.00184], [77.54909, 13.00389]]}}, {"type": "Feature", "properties": {}, "geometry": {"type": "LineString", "coordinates": [[77.5498, 12.99952], [77.54943, 13.00184]]}}, {"type": "Feature", "properties": {}, "geometry": {"type": "LineString", "coordinates": [[77.55017, 12.99775], [77.5498, 12.99952]]}}, {"type": "Feature", "properties": {}, "geometry": {"type": "LineString", "coordinates": [[77.55017, 12.99772], [77.55017, 12.99775]]}}, {"type": "Feature", "properties": {}, "geometry": {"type": "LineString", "coordinates": [[77.55021, 12.99768], [77.55017, 12.99772]]}}, {"type": "Feature", "properties": {}, "geometry": {"type": "LineString", "coordinates": [[77.54118, 12.99942], [77.54108, 12.99946]]}}, {"type": "Feature", "properties": {}, "geometry": {"type": "LineString", "coordinates": [[77.54122, 12.99942], [77.54118, 12.99942]]}}, {"type": "Feature", "properties": {}, "geometry": {"type": "LineString", "coordinates": [[77.54161, 12.99917], [77.54122, 12.99942]]}}, {"type": "Feature", "properties": {}, "geometry": {"type": "LineString", "coordinates": [[77.54279, 12.99849], [77.54161, 12.99917]]}}, {"type": "Feature", "properties": {}, "geometry": {"type": "LineString", "coordinates": [[77.54559, 12.99906], [77.54491, 12.99907], [77.54495, 12.99889]]}}, {"type": "Feature", "properties": {}, "geometry": {"type": "LineString", "coordinates": [[77.54495, 12.99889], [77.54511, 12.99763]]}}, {"type": "Feature", "properties": {}, "geometry": {"type": "LineString", "coordinates": [[77.54515, 12.99759], [77.54279, 12.99849]]}}, {"type": "Feature", "properties": {}, "geometry": {"type": "LineString", "coordinates": [[77.54511, 12.99763], [77.54515, 12.99759]]}}, {"type": "Feature", "properties": {}, "geometry": {"type": "LineString", "coordinates": [[77.54157, 12.99914], [77.54118, 12.99939]]}}, {"type": "Feature", "properties": {}, "geometry": {"type": "LineString", "coordinates": [[77.54525, 12.99752], [77.54157, 12.99914]]}}, {"type": "Feature", "properties": {}, "geometry": {"type": "LineString", "coordinates": [[77.54609, 12.99871], [77.54641, 12.9987], [77.54637, 12.99758]]}}, {"type": "Feature", "properties": {}, "geometry": {"type": "LineString", "coordinates": [[77.54637, 12.99758], [77.54637, 12.99747]]}}, {"type": "Feature", "properties": {}, "geometry": {"type": "LineString", "coordinates": [[77.54637, 12.99747], [77.54551, 12.99752]]}}, {"type": "Feature", "properties": {}, "geometry": {"type": "LineString", "coordinates": [[77.54551, 12.99752], [77.54525, 12.99752]]}}, {"type": "Feature", "properties": {}, "geometry": {"type": "LineString", "coordinates": [[77.54118, 12.99935], [77.54063, 12.99771]]}}, {"type": "Feature", "properties": {}, "geometry": {"type": "LineString", "coordinates": [[77.54154, 12.99917], [77.54118, 12.99935]]}}, {"type": "Feature", "properties": {}, "geometry": {"type": "LineString", "coordinates": [[77.54182, 12.999], [77.54154, 12.99917]]}}, {"type": "Feature", "properties": {}, "geometry": {"type": "LineString", "coordinates": [[77.54525, 12.99752], [77.54318, 12.99824], [77.54182, 12.999]]}}, {"type": "Feature", "properties": {}, "geometry": {"type": "LineString", "coordinates": [[77.54538, 12.99889], [77.54534, 12.99889]]}}, {"type": "Feature", "properties": {}, "geometry": {"type": "LineString", "coordinates": [[77.54534, 12.99889], [77.54551, 12.99759]]}}, {"type": "Feature", "properties": {}, "geometry": {"type": "LineString", "coordinates": [[77.54063, 12.99771], [77.54037, 12.99693]]}}, {"type": "Feature", "properties": {}, "geometry": {"type": "LineString", "coordinates": [[77.54551, 12.99759], [77.54551, 12.99752]]}}, {"type": "Feature", "properties": {}, "geometry": {"type": "LineString", "coordinates": [[77.54551, 12.99752], [77.54525, 12.99752]]}}, {"type": "Feature", "properties": {}, "geometry": {"type": "LineString", "coordinates": [[77.54037, 12.99693], [77.53978, 12.99539]]}}, {"type": "Feature", "properties": {}, "geometry": {"type": "LineString", "coordinates": [[77.54628, 12.99909], [77.5461, 12.99913]]}}, {"type": "Feature", "properties": {}, "geometry": {"type": "LineString", "coordinates": [[77.54635, 12.99906], [77.54628, 12.99909]]}}, {"type": "Feature", "properties": {}, "geometry": {"type": "LineString", "coordinates": [[77.54642, 12.99902], [77.54635, 12.99906]]}}, {"type": "Feature", "properties": {}, "geometry": {"type": "LineString", "coordinates": [[77.54635, 12.99916], [77.54635, 12.99909]]}}, {"type": "Feature", "properties": {}, "geometry": {"type": "LineString", "coordinates": [[77.54635, 12.99909], [77.54635, 12.99906]]}}, {"type": "Feature", "properties": {}, "geometry": {"type": "LineString", "coordinates": [[77.54635, 12.99906], [77.54635, 12.99902]]}}, {"type": "Feature", "properties": {}, "geometry": {"type": "LineString", "coordinates": [[77.54635, 12.99902], [77.54634, 12.99874], [77.54609, 12.99874]]}}, {"type": "Feature", "properties": {}, "geometry": {"type": "LineString", "coordinates": [[77.5461, 12.99913], [77.54609, 12.99902]]}}, {"type": "Feature", "properties": {}, "geometry": {"type": "LineString", "coordinates": [[77.54609, 12.99902], [77.54609, 12.99874]]}}, {"type": "Feature", "properties": {}, "geometry": {"type": "LineString", "coordinates": [[77.56107, 12.98301], [77.56122, 12.9829]]}}, {"type": "Feature", "properties": {}, "geometry": {"type": "LineString", "coordinates": [[77.56122, 12.9829], [77.56147, 12.98283]]}}, {"type": "Feature", "properties": {}, "geometry": {"type": "LineString", "coordinates": [[77.55045, 13.00693], [77.5498, 13.00666]]}}, {"type": "Feature", "properties": {}, "geometry": {"type": "LineString", "coordinates": [[77.5498, 13.00666], [77.54973, 13.00662]]}}, {"type": "Feature", "properties": {}, "geometry": {"type": "LineString", "coordinates": [[77.54973, 13.00662], [77.54973, 13.00659]]}}, {"type": "Feature", "properties": {}, "geometry": {"type": "LineString", "coordinates": [[77.54973, 13.00659], [77.54962, 13.00645]]}}, {"type": "Feature", "properties": {}, "geometry": {"type": "LineString", "coordinates": [[77.54958, 13.00649], [77.5491, 13.00505], [77.54937, 13.00392]]}}, {"type": "Feature", "properties": {}, "geometry": {"type": "LineString", "coordinates": [[77.54962, 13.00645], [77.54958, 13.00649]]}}, {"type": "Feature", "properties": {}, "geometry": {"type": "LineString", "coordinates": [[77.54937, 13.00392], [77.5499, 12.99955]]}}, {"type": "Feature", "properties": {}, "geometry": {"type": "LineString", "coordinates": [[77.54419, 13.02649], [77.5464, 13.02524]]}}, {"type": "Feature", "properties": {}, "geometry": {"type": "LineString", "coordinates": [[77.5464, 13.02524], [77.5469, 13.02495]]}}, {"type": "Feature", "properties": {}, "geometry": {"type": "LineString", "coordinates": [[77.5469, 13.02495], [77.54693, 13.02492]]}}, {"type": "Feature", "properties": {}, "geometry": {"type": "LineString", "coordinates": [[77.54693, 13.02492], [77.54697, 13.02492]]}}, {"type": "Feature", "properties": {}, "geometry": {"type": "LineString", "coordinates": [[77.54697, 13.02492], [77.55068, 13.0227]]}}, {"type": "Feature", "properties": {}, "geometry": {"type": "LineString", "coordinates": [[77.55068, 13.0227], [77.55171, 13.02188], [77.55316, 13.01926], [77.55404, 13.0145], [77.554, 13.0138], [77.55359, 13.01292], [77.55431, 13.01235]]}}, {"type": "Feature", "properties": {}, "geometry": {"type": "LineString", "coordinates": [[77.55431, 13.01235], [77.55438, 13.0121]]}}, {"type": "Feature", "properties": {}, "geometry": {"type": "LineString", "coordinates": [[77.54403, 13.00394], [77.54882, 13.00614]]}}, {"type": "Feature", "properties": {}, "geometry": {"type": "LineString", "coordinates": [[77.54096, 13.00249], [77.54403, 13.00394]]}}, {"type": "Feature", "properties": {}, "geometry": {"type": "LineString", "coordinates": [[77.54071, 13.00238], [77.54096, 13.00249]]}}, {"type": "Feature", "properties": {}, "geometry": {"type": "LineString", "coordinates": [[77.53729, 13.00133], [77.54036, 13.00227]]}}, {"type": "Feature", "properties": {}, "geometry": {"type": "LineString", "coordinates": [[77.54036, 13.00227], [77.54071, 13.00238]]}}, {"type": "Feature", "properties": {}, "geometry": {"type": "LineString", "coordinates": [[77.52819, 12.99923], [77.53729, 13.00133]]}}, {"type": "Feature", "properties": {}, "geometry": {"type": "LineString", "coordinates": [[77.55316, 12.99825], [77.55305, 12.99836]]}}, {"type": "Feature", "properties": {}, "geometry": {"type": "LineString", "coordinates": [[77.54403, 13.00394], [77.54882, 13.00618]]}}, {"type": "Feature", "properties": {}, "geometry": {"type": "LineString", "coordinates": [[77.54075, 13.00242], [77.54403, 13.00394]]}}, {"type": "Feature", "properties": {}, "geometry": {"type": "LineString", "coordinates": [[77.53729, 13.00136], [77.54052, 13.00235]]}}, {"type": "Feature", "properties": {}, "geometry": {"type": "LineString", "coordinates": [[77.54052, 13.00235], [77.54075, 13.00242]]}}, {"type": "Feature", "properties": {}, "geometry": {"type": "LineString", "coordinates": [[77.52815, 12.99923], [77.53729, 13.00136]]}}, {"type": "Feature", "properties": {}, "geometry": {"type": "LineString", "coordinates": [[77.54096, 13.00249], [77.54096, 13.00252]]}}, {"type": "Feature", "properties": {}, "geometry": {"type": "LineString", "coordinates": [[77.54096, 13.00245], [77.54096, 13.00249]]}}, {"type": "Feature", "properties": {}, "geometry": {"type": "LineString", "coordinates": [[77.541, 13.00245], [77.54096, 13.00245]]}}, {"type": "Feature", "properties": {}, "geometry": {"type": "LineString", "coordinates": [[77.55917, 13.01086], [77.55928, 13.01089]]}}, {"type": "Feature", "properties": {}, "geometry": {"type": "LineString", "coordinates": [[77.55816, 13.01038], [77.55917, 13.01086]]}}, {"type": "Feature", "properties": {}, "geometry": {"type": "LineString", "coordinates": [[77.55456, 13.00869], [77.55816, 13.01038]]}}, {"type": "Feature", "properties": {}, "geometry": {"type": "LineString", "coordinates": [[77.55448, 13.00865], [77.55456, 13.00869]]}}, {"type": "Feature", "properties": {}, "geometry": {"type": "LineString", "coordinates": [[77.55917, 13.0109], [77.55928, 13.01093]]}}, {"type": "Feature", "properties": {}, "geometry": {"type": "LineString", "coordinates": [[77.55813, 13.01041], [77.55917, 13.0109]]}}, {"type": "Feature", "properties": {}, "geometry": {"type": "LineString", "coordinates": [[77.55448, 13.00876], [77.55813, 13.01041]]}}, {"type": "Feature", "properties": {}, "geometry": {"type": "LineString", "coordinates": [[77.55917, 13.01083], [77.55928, 13.01089]]}}, {"type": "Feature", "properties": {}, "geometry": {"type": "LineString", "coordinates": [[77.5582, 13.01031], [77.55917, 13.01083]]}}, {"type": "Feature", "properties": {}, "geometry": {"type": "LineString", "coordinates": [[77.55456, 13.00869], [77.5582, 13.01031]]}}, {"type": "Feature", "properties": {}, "geometry": {"type": "LineString", "coordinates": [[77.55448, 13.00862], [77.55456, 13.00869]]}}, {"type": "Feature", "properties": {}, "geometry": {"type": "LineString", "coordinates": [[77.54645, 12.99906], [77.54638, 12.99923]]}}, {"type": "Feature", "properties": {}, "geometry": {"type": "LineString", "coordinates": [[77.54638, 12.99923], [77.5461, 12.99913]]}}, {"type": "Feature", "properties": {}, "geometry": {"type": "LineString", "coordinates": [[77.54645, 12.99892], [77.54645, 12.99906]]}}, {"type": "Feature", "properties": {}, "geometry": {"type": "LineString", "coordinates": [[77.54644, 12.99754], [77.54645, 12.99892]]}}, {"type": "Feature", "properties": {}, "geometry": {"type": "LineString", "coordinates": [[77.54996, 12.99768], [77.54647, 12.99751]]}}, {"type": "Feature", "properties": {}, "geometry": {"type": "LineString", "coordinates": [[77.54647, 12.99751], [77.54644, 12.99754]]}}, {"type": "Feature", "properties": {}, "geometry": {"type": "LineString", "coordinates": [[77.55032, 12.99768], [77.55021, 12.99768]]}}, {"type": "Feature", "properties": {}, "geometry": {"type": "LineString", "coordinates": [[77.55021, 12.99768], [77.55014, 12.99768]]}}, {"type": "Feature", "properties": {}, "geometry": {"type": "LineString", "coordinates": [[77.55014, 12.99768], [77.54999, 12.99768]]}}, {"type": "Feature", "properties": {}, "geometry": {"type": "LineString", "coordinates": [[77.54999, 12.99768], [77.54996, 12.99768]]}}, {"type": "Feature", "properties": {}, "geometry": {"type": "LineString", "coordinates": [[77.54828, 12.98848], [77.54818, 12.98852]]}}, {"type": "Feature", "properties": {}, "geometry": {"type": "LineString", "coordinates": [[77.54839, 12.98844], [77.54828, 12.98848]]}}, {"type": "Feature", "properties": {}, "geometry": {"type": "LineString", "coordinates": [[77.54864, 12.98834], [77.54846, 12.98841]]}}, {"type": "Feature", "properties": {}, "geometry": {"type": "LineString", "coordinates": [[77.54893, 12.98823], [77.54864, 12.98834]]}}, {"type": "Feature", "properties": {}, "geometry": {"type": "LineString", "coordinates": [[77.54929, 12.98812], [77.54893, 12.98823]]}}, {"type": "Feature", "properties": {}, "geometry": {"type": "LineString", "coordinates": [[77.54968, 12.98801], [77.54929, 12.98812]]}}, {"type": "Feature", "properties": {}, "geometry": {"type": "LineString", "coordinates": [[77.54982, 12.98797], [77.54968, 12.98801]]}}, {"type": "Feature", "properties": {}, "geometry": {"type": "LineString", "coordinates": [[77.54986, 12.98794], [77.54982, 12.98797]]}}, {"type": "Feature", "properties": {}, "geometry": {"type": "LineString", "coordinates": [[77.54996, 12.9879], [77.54986, 12.98794]]}}, {"type": "Feature", "properties": {}, "geometry": {"type": "LineString", "coordinates": [[77.5499, 12.99955], [77.5498, 12.99952]]}}, {"type": "Feature", "properties": {}, "geometry": {"type": "LineString", "coordinates": [[77.5498, 12.99952], [77.54976, 12.99952]]}}, {"type": "Feature", "properties": {}, "geometry": {"type": "LineString", "coordinates": [[77.54976, 12.99952], [77.54886, 12.99928]]}}, {"type": "Feature", "properties": {}, "geometry": {"type": "LineString", "coordinates": [[77.54886, 12.99928], [77.54854, 12.99918]]}}, {"type": "Feature", "properties": {}, "geometry": {"type": "LineString", "coordinates": [[77.54854, 12.99918], [77.54767, 12.9989], [77.54645, 12.99906]]}}, {"type": "Feature", "properties": {}, "geometry": {"type": "LineString", "coordinates": [[77.54645, 12.99906], [77.54635, 12.99909]]}}, {"type": "Feature", "properties": {}, "geometry": {"type": "LineString", "coordinates": [[77.56047, 12.98347], [77.56065, 12.98329]]}}, {"type": "Feature", "properties": {}, "geometry": {"type": "LineString", "coordinates": [[77.56065, 12.98329], [77.56086, 12.98311]]}}, {"type": "Feature", "properties": {}, "geometry": {"type": "LineString", "coordinates": [[77.56086, 12.98311], [77.56107, 12.98301]]}}, {"type": "Feature", "properties": {}, "geometry": {"type": "LineString", "coordinates": [[77.55093, 13.00872], [77.55097, 13.00886]]}}, {"type": "Feature", "properties": {}, "geometry": {"type": "LineString", "coordinates": [[77.55142, 13.00763], [77.55142, 13.00756]]}}, {"type": "Feature", "properties": {}, "geometry": {"type": "LineString", "coordinates": [[77.55142, 13.00756], [77.55128, 13.00742]]}}, {"type": "Feature", "properties": {}, "geometry": {"type": "LineString", "coordinates": [[77.55128, 13.00742], [77.55128, 13.00735]]}}, {"type": "Feature", "properties": {}, "geometry": {"type": "LineString", "coordinates": [[77.55128, 13.00735], [77.55128, 13.00731]]}}, {"type": "Feature", "properties": {}, "geometry": {"type": "LineString", "coordinates": [[77.55128, 13.00731], [77.55124, 13.00728]]}}, {"type": "Feature", "properties": {}, "geometry": {"type": "LineString", "coordinates": [[77.55124, 13.00728], [77.55113, 13.00682]]}}, {"type": "Feature", "properties": {}, "geometry": {"type": "LineString", "coordinates": [[77.55412, 13.00855], [77.55358, 13.00835]]}}, {"type": "Feature", "properties": {}, "geometry": {"type": "LineString", "coordinates": [[77.55261, 13.008], [77.55214, 13.00797], [77.55136, 13.00851]]}}, {"type": "Feature", "properties": {}, "geometry": {"type": "LineString", "coordinates": [[77.55358, 13.00835], [77.55261, 13.008]]}}, {"type": "Feature", "properties": {}, "geometry": {"type": "LineString", "coordinates": [[77.5505, 12.99771], [77.55032, 12.99768]]}}, {"type": "Feature", "properties": {}, "geometry": {"type": "LineString", "coordinates": [[77.55043, 13.00845], [77.55079, 13.00897]]}}, {"type": "Feature", "properties": {}, "geometry": {"type": "LineString", "coordinates": [[77.55438, 13.0121], [77.55441, 13.00883]]}}, {"type": "Feature", "properties": {}, "geometry": {"type": "LineString", "coordinates": [[77.55441, 13.00883], [77.55409, 13.00862]]}}, {"type": "Feature", "properties": {}, "geometry": {"type": "LineString", "coordinates": [[77.55409, 13.00862], [77.55358, 13.00835]]}}, {"type": "Feature", "properties": {}, "geometry": {"type": "LineString", "coordinates": [[77.55358, 13.00835], [77.55261, 13.008]]}}, {"type": "Feature", "properties": {}, "geometry": {"type": "LineString", "coordinates": [[77.55261, 13.008], [77.55153, 13.00787]]}}, {"type": "Feature", "properties": {}, "geometry": {"type": "LineString", "coordinates": [[77.55111, 13.00897], [77.55136, 13.00851]]}}, {"type": "Feature", "properties": {}, "geometry": {"type": "LineString", "coordinates": [[77.55136, 13.00851], [77.55104, 13.00855]]}}, {"type": "Feature", "properties": {}, "geometry": {"type": "LineString", "coordinates": [[77.54507, 13.00058], [77.54618, 13.00082], [77.54625, 13.0004]]}}, {"type": "Feature", "properties": {}, "geometry": {"type": "LineString", "coordinates": [[77.54116, 13.00087], [77.54116, 13.00083]]}}, {"type": "Feature", "properties": {}, "geometry": {"type": "LineString", "coordinates": [[77.54112, 13.00083], [77.54116, 13.00087]]}}, {"type": "Feature", "properties": {}, "geometry": {"type": "LineString", "coordinates": [[77.54159, 13.00083], [77.54288, 13.00074]]}}, {"type": "Feature", "properties": {}, "geometry": {"type": "LineString", "coordinates": [[77.54116, 13.00083], [77.54159, 13.00083]]}}, {"type": "Feature", "properties": {}, "geometry": {"type": "LineString", "coordinates": [[77.54109, 13.00083], [77.54112, 13.00083]]}}, {"type": "Feature", "properties": {}, "geometry": {"type": "LineString", "coordinates": [[77.54288, 13.00074], [77.54328, 13.00071]]}}, {"type": "Feature", "properties": {}, "geometry": {"type": "LineString", "coordinates": [[77.54328, 13.00071], [77.54432, 13.00063]]}}, {"type": "Feature", "properties": {}, "geometry": {"type": "LineString", "coordinates": [[77.54435, 13.00059], [77.54507, 13.00058]]}}, {"type": "Feature", "properties": {}, "geometry": {"type": "LineString", "coordinates": [[77.54432, 13.00063], [77.54435, 13.00059]]}}, {"type": "Feature", "properties": {}, "geometry": {"type": "LineString", "coordinates": [[77.54625, 13.0004], [77.54628, 12.99997]]}}, {"type": "Feature", "properties": {}, "geometry": {"type": "LineString", "coordinates": [[77.54628, 12.99997], [77.54638, 12.99923]]}}, {"type": "Feature", "properties": {}, "geometry": {"type": "LineString", "coordinates": [[77.54638, 12.99923], [77.54635, 12.99916]]}}, {"type": "Feature", "properties": {}, "geometry": {"type": "LineString", "coordinates": [[77.54635, 12.99916], [77.5461, 12.99913]]}}, {"type": "Feature", "properties": {}, "geometry": {"type": "LineString", "coordinates": [[77.54161, 12.99917], [77.54157, 12.99914]]}}, {"type": "Feature", "properties": {}, "geometry": {"type": "LineString", "coordinates": [[77.55316, 12.99825], [77.55319, 12.99822]]}}, {"type": "Feature", "properties": {}, "geometry": {"type": "LineString", "coordinates": [[77.55319, 12.99822], [77.55556, 12.99443]]}}, {"type": "Feature", "properties": {}, "geometry": {"type": "LineString", "coordinates": [[77.55556, 12.99443], [77.55694, 12.99248]]}}, {"type": "Feature", "properties": {}, "geometry": {"type": "LineString", "coordinates": [[77.55694, 12.99248], [77.55796, 12.9911]]}}, {"type": "Feature", "properties": {}, "geometry": {"type": "LineString", "coordinates": [[77.55796, 12.9911], [77.5592, 12.98897]]}}, {"type": "Feature", "properties": {}, "geometry": {"type": "LineString", "coordinates": [[77.55261, 13.008], [77.55265, 13.00793]]}}, {"type": "Feature", "properties": {}, "geometry": {"type": "LineString", "coordinates": [[77.55265, 13.00793], [77.55265, 13.0079]]}}, {"type": "Feature", "properties": {}, "geometry": {"type": "LineString", "coordinates": [[77.55265, 13.0079], [77.55268, 13.0079]]}}, {"type": "Feature", "properties": {}, "geometry": {"type": "LineString", "coordinates": [[77.55268, 13.0079], [77.55264, 13.00786]]}}, {"type": "Feature", "properties": {}, "geometry": {"type": "LineString", "coordinates": [[77.55264, 13.00786], [77.55232, 13.00748], [77.55138, 13.00728], [77.55109, 13.00672]]}}, {"type": "Feature", "properties": {}, "geometry": {"type": "LineString", "coordinates": [[77.55109, 13.00672], [77.55105, 13.00661]]}}, {"type": "Feature", "properties": {}, "geometry": {"type": "LineString", "coordinates": [[77.55178, 13.00752], [77.55128, 13.00731]]}}, {"type": "Feature", "properties": {}, "geometry": {"type": "LineString", "coordinates": [[77.55128, 13.00731], [77.55124, 13.00731]]}}, {"type": "Feature", "properties": {}, "geometry": {"type": "LineString", "coordinates": [[77.55124, 13.00731], [77.55084, 13.00711]]}}, {"type": "Feature", "properties": {}, "geometry": {"type": "LineString", "coordinates": [[77.55084, 13.00711], [77.5498, 13.00662]]}}, {"type": "Feature", "properties": {}, "geometry": {"type": "LineString", "coordinates": [[77.5498, 13.00662], [77.54973, 13.00659]]}}, {"type": "Feature", "properties": {}, "geometry": {"type": "LineString", "coordinates": [[77.54973, 13.00659], [77.54965, 13.00656]]}}, {"type": "Feature", "properties": {}, "geometry": {"type": "LineString", "coordinates": [[77.54965, 13.00656], [77.54958, 13.00652]]}}, {"type": "Feature", "properties": {}, "geometry": {"type": "LineString", "coordinates": [[77.54958, 13.00652], [77.54882, 13.00618]]}}, {"type": "Feature", "properties": {}, "geometry": {"type": "LineString", "coordinates": [[77.55268, 13.0079], [77.55448, 13.00862]]}}, {"type": "Feature", "properties": {}, "geometry": {"type": "LineString", "coordinates": [[77.55228, 13.00773], [77.55268, 13.0079]]}}, {"type": "Feature", "properties": {}, "geometry": {"type": "LineString", "coordinates": [[77.55124, 13.00728], [77.55228, 13.00773]]}}, {"type": "Feature", "properties": {}, "geometry": {"type": "LineString", "coordinates": [[77.5498, 13.00662], [77.55124, 13.00728]]}}, {"type": "Feature", "properties": {}, "geometry": {"type": "LineString", "coordinates": [[77.54973, 13.00659], [77.5498, 13.00662]]}}, {"type": "Feature", "properties": {}, "geometry": {"type": "LineString", "coordinates": [[77.54965, 13.00656], [77.54973, 13.00659]]}}, {"type": "Feature", "properties": {}, "geometry": {"type": "LineString", "coordinates": [[77.54958, 13.00652], [77.54965, 13.00656]]}}, {"type": "Feature", "properties": {}, "geometry": {"type": "LineString", "coordinates": [[77.54882, 13.00614], [77.54958, 13.00652]]}}, {"type": "Feature", "properties": {}, "geometry": {"type": "LineString", "coordinates": [[77.55082, 13.00792], [77.551, 13.00795]]}}, {"type": "Feature", "properties": {}, "geometry": {"type": "LineString", "coordinates": [[77.55074, 13.00792], [77.55082, 13.00792]]}}, {"type": "Feature", "properties": {}, "geometry": {"type": "LineString", "coordinates": [[77.55071, 13.00792], [77.55074, 13.00792]]}}, {"type": "Feature", "properties": {}, "geometry": {"type": "LineString", "coordinates": [[77.54592, 12.99899], [77.54591, 12.99896]]}}, {"type": "Feature", "properties": {}, "geometry": {"type": "LineString", "coordinates": [[77.54628, 12.99909], [77.54627, 12.99902]]}}, {"type": "Feature", "properties": {}, "geometry": {"type": "LineString", "coordinates": [[77.55068, 13.00855], [77.55043, 13.00845]]}}, {"type": "Feature", "properties": {}, "geometry": {"type": "LineString", "coordinates": [[77.55043, 13.00845], [77.55046, 13.00785]]}}, {"type": "Feature", "properties": {}, "geometry": {"type": "LineString", "coordinates": [[77.55046, 13.00785], [77.55049, 13.00778]]}}, {"type": "Feature", "properties": {}, "geometry": {"type": "LineString", "coordinates": [[77.55049, 13.00778], [77.55052, 13.00697]]}}, {"type": "Feature", "properties": {}, "geometry": {"type": "LineString", "coordinates": [[77.55149, 13.00766], [77.55149, 13.00759]]}}, {"type": "Feature", "properties": {}, "geometry": {"type": "LineString", "coordinates": [[77.55104, 13.00862], [77.55125, 13.00862]]}}, {"type": "Feature", "properties": {}, "geometry": {"type": "LineString", "coordinates": [[77.54074, 13.00228], [77.541, 13.00245]]}}, {"type": "Feature", "properties": {}, "geometry": {"type": "LineString", "coordinates": [[77.54109, 13.00083], [77.54074, 13.00228]]}}, {"type": "Feature", "properties": {}, "geometry": {"type": "LineString", "coordinates": [[77.54119, 13.00023], [77.54109, 13.00083]]}}, {"type": "Feature", "properties": {}, "geometry": {"type": "LineString", "coordinates": [[77.54118, 12.99949], [77.54119, 13.00023]]}}, {"type": "Feature", "properties": {}, "geometry": {"type": "LineString", "coordinates": [[77.54118, 12.99942], [77.54118, 12.99949]]}}, {"type": "Feature", "properties": {}, "geometry": {"type": "LineString", "coordinates": [[77.54118, 12.99939], [77.54118, 12.99942]]}}, {"type": "Feature", "properties": {}, "geometry": {"type": "LineString", "coordinates": [[77.54118, 12.99935], [77.54118, 12.99939]]}}, {"type": "Feature", "properties": {}, "geometry": {"type": "LineString", "coordinates": [[77.5404, 12.99693], [77.54118, 12.99935]]}}, {"type": "Feature", "properties": {}, "geometry": {"type": "LineString", "coordinates": [[77.53985, 12.99535], [77.5404, 12.99693]]}}, {"type": "Feature", "properties": {}, "geometry": {"type": "LineString", "coordinates": [[77.53985, 12.99532], [77.53985, 12.99533]]}}, {"type": "Feature", "properties": {}, "geometry": {"type": "LineString", "coordinates": [[77.53985, 12.99533], [77.53985, 12.99535]]}}, {"type": "Feature", "properties": {}, "geometry": {"type": "LineString", "coordinates": [[77.53911, 12.99332], [77.53985, 12.99532]]}}, {"type": "Feature", "properties": {}, "geometry": {"type": "LineString", "coordinates": [[77.53848, 12.9916], [77.53911, 12.99332]]}}, {"type": "Feature", "properties": {}, "geometry": {"type": "LineString", "coordinates": [[77.53796, 12.98971], [77.53848, 12.9916]]}}, {"type": "Feature", "properties": {}, "geometry": {"type": "LineString", "coordinates": [[77.53796, 12.98967], [77.53796, 12.98971]]}}, {"type": "Feature", "properties": {}, "geometry": {"type": "LineString", "coordinates": [[77.53755, 12.98802], [77.53796, 12.98967]]}}, {"type": "Feature", "properties": {}, "geometry": {"type": "LineString", "coordinates": [[77.54996, 12.9879], [77.55007, 12.98779]]}}, {"type": "Feature", "properties": {}, "geometry": {"type": "LineString", "coordinates": [[77.55007, 12.98779], [77.55025, 12.98779]]}}, {"type": "Feature", "properties": {}, "geometry": {"type": "LineString", "coordinates": [[77.55078, 13.00809], [77.55082, 13.00792]]}}, {"type": "Feature", "properties": {}, "geometry": {"type": "LineString", "coordinates": [[77.55082, 13.00792], [77.55081, 13.00785]]}}, {"type": "Feature", "properties": {}, "geometry": {"type": "LineString", "coordinates": [[77.55081, 13.00785], [77.55078, 13.00756]]}}, {"type": "Feature", "properties": {}, "geometry": {"type": "LineString", "coordinates": [[77.55078, 13.00756], [77.55084, 13.00714]]}}, {"type": "Feature", "properties": {}, "geometry": {"type": "LineString", "coordinates": [[77.55084, 13.00714], [77.55084, 13.00711]]}}, {"type": "Feature", "properties": {}, "geometry": {"type": "LineString", "coordinates": [[77.55071, 13.00792], [77.55071, 13.00788]]}}, {"type": "Feature", "properties": {}, "geometry": {"type": "LineString", "coordinates": [[77.55046, 13.00785], [77.55071, 13.00792]]}}, {"type": "Feature", "properties": {}, "geometry": {"type": "LineString", "coordinates": [[77.55071, 13.00788], [77.55071, 13.00781]]}}, {"type": "Feature", "properties": {}, "geometry": {"type": "LineString", "coordinates": [[77.55016, 13.00729], [77.55046, 13.00785]]}}, {"type": "Feature", "properties": {}, "geometry": {"type": "LineString", "coordinates": [[77.55071, 13.00781], [77.55078, 13.00756]]}}, {"type": "Feature", "properties": {}, "geometry": {"type": "LineString", "coordinates": [[77.54962, 13.00656], [77.55016, 13.00729]]}}, {"type": "Feature", "properties": {}, "geometry": {"type": "LineString", "coordinates": [[77.54965, 13.00656], [77.54962, 13.00656]]}}, {"type": "Feature", "properties": {}, "geometry": {"type": "LineString", "coordinates": [[77.54962, 13.00645], [77.54965, 13.00656]]}}, {"type": "Feature", "properties": {}, "geometry": {"type": "LineString", "coordinates": [[77.54958, 13.00645], [77.54962, 13.00645]]}}, {"type": "Feature", "properties": {}, "geometry": {"type": "LineString", "coordinates": [[77.54931, 13.00434], [77.5491, 13.00505], [77.54958, 13.00645]]}}, {"type": "Feature", "properties": {}, "geometry": {"type": "LineString", "coordinates": [[77.53931, 12.9954], [77.53974, 12.99536]]}}, {"type": "Feature", "properties": {}, "geometry": {"type": "LineString", "coordinates": [[77.53838, 12.99537], [77.53931, 12.9954]]}}, {"type": "Feature", "properties": {}, "geometry": {"type": "LineString", "coordinates": [[77.53974, 12.99536], [77.53978, 12.99539]]}}, {"type": "Feature", "properties": {}, "geometry": {"type": "LineString", "coordinates": [[77.53788, 12.99534], [77.53838, 12.99537]]}}, {"type": "Feature", "properties": {}, "geometry": {"type": "LineString", "coordinates": [[77.53787, 12.9953], [77.53788, 12.99534]]}}, {"type": "Feature", "properties": {}, "geometry": {"type": "LineString", "coordinates": [[77.55298, 12.99836], [77.55301, 12.99836]]}}, {"type": "Feature", "properties": {}, "geometry": {"type": "LineString", "coordinates": [[77.55301, 12.99836], [77.55305, 12.99836]]}}, {"type": "Feature", "properties": {}, "geometry": {"type": "LineString", "coordinates": [[77.55244, 12.99822], [77.55298, 12.99836]]}}, {"type": "Feature", "properties": {}, "geometry": {"type": "LineString", "coordinates": [[77.55244, 12.99819], [77.55244, 12.99822]]}}, {"type": "Feature", "properties": {}, "geometry": {"type": "LineString", "coordinates": [[77.55215, 12.99816], [77.55244, 12.99819]]}}, {"type": "Feature", "properties": {}, "geometry": {"type": "LineString", "coordinates": [[77.55107, 12.99792], [77.55215, 12.99816]]}}, {"type": "Feature", "properties": {}, "geometry": {"type": "LineString", "coordinates": [[77.55104, 12.99792], [77.55107, 12.99792]]}}, {"type": "Feature", "properties": {}, "geometry": {"type": "LineString", "coordinates": [[77.55046, 12.99789], [77.55104, 12.99792]]}}, {"type": "Feature", "properties": {}, "geometry": {"type": "LineString", "coordinates": [[77.55409, 13.00862], [77.55448, 13.00876]]}}, {"type": "Feature", "properties": {}, "geometry": {"type": "LineString", "coordinates": [[77.55358, 13.00835], [77.55409, 13.00862]]}}, {"type": "Feature", "properties": {}, "geometry": {"type": "LineString", "coordinates": [[77.55265, 13.00793], [77.55358, 13.00835]]}}, {"type": "Feature", "properties": {}, "geometry": {"type": "LineString", "coordinates": [[77.55229, 13.0078], [77.55265, 13.00793]]}}, {"type": "Feature", "properties": {}, "geometry": {"type": "LineString", "coordinates": [[77.55128, 13.00735], [77.55229, 13.0078]]}}, {"type": "Feature", "properties": {}, "geometry": {"type": "LineString", "coordinates": [[77.55124, 13.00731], [77.55128, 13.00735]]}}, {"type": "Feature", "properties": {}, "geometry": {"type": "LineString", "coordinates": [[77.55084, 13.00714], [77.55124, 13.00731]]}}, {"type": "Feature", "properties": {}, "geometry": {"type": "LineString", "coordinates": [[77.55052, 13.00697], [77.55084, 13.00714]]}}, {"type": "Feature", "properties": {}, "geometry": {"type": "LineString", "coordinates": [[77.55045, 13.00693], [77.55052, 13.00697]]}}, {"type": "Feature", "properties": {}, "geometry": {"type": "LineString", "coordinates": [[77.5498, 13.00666], [77.55045, 13.00693]]}}, {"type": "Feature", "properties": {}, "geometry": {"type": "LineString", "coordinates": [[77.54973, 13.00662], [77.5498, 13.00666]]}}, {"type": "Feature", "properties": {}, "geometry": {"type": "LineString", "coordinates": [[77.54962, 13.00656], [77.54973, 13.00662]]}}, {"type": "Feature", "properties": {}, "geometry": {"type": "LineString", "coordinates": [[77.54958, 13.00652], [77.54962, 13.00656]]}}, {"type": "Feature", "properties": {}, "geometry": {"type": "LineString", "coordinates": [[77.54882, 13.00618], [77.54958, 13.00652]]}}, {"type": "Feature", "properties": {}, "geometry": {"type": "LineString", "coordinates": [[77.55599, 12.98752], [77.55438, 12.98765]]}}, {"type": "Feature", "properties": {}, "geometry": {"type": "LineString", "coordinates": [[77.55599, 12.98717], [77.55599, 12.98752]]}}, {"type": "Feature", "properties": {}, "geometry": {"type": "LineString", "coordinates": [[77.55606, 12.98714], [77.55599, 12.98717]]}}, {"type": "Feature", "properties": {}, "geometry": {"type": "LineString", "coordinates": [[77.5581, 12.98708], [77.55606, 12.98714]]}}, {"type": "Feature", "properties": {}, "geometry": {"type": "LineString", "coordinates": [[77.55142, 13.00763], [77.55146, 13.00756]]}}, {"type": "Feature", "properties": {}, "geometry": {"type": "LineString", "coordinates": [[77.55064, 13.00785], [77.55071, 13.00781]]}}, {"type": "Feature", "properties": {}, "geometry": {"type": "LineString", "coordinates": [[77.53751, 12.98802], [77.53755, 12.98802]]}}, {"type": "Feature", "properties": {}, "geometry": {"type": "LineString", "coordinates": [[77.5384, 13.00107], [77.53836, 13.00082]]}}, {"type": "Feature", "properties": {}, "geometry": {"type": "LineString", "coordinates": [[77.53836, 13.00082], [77.53836, 13.00079]]}}, {"type": "Feature", "properties": {}, "geometry": {"type": "LineString", "coordinates": [[77.53836, 13.00079], [77.53829, 13.00047]]}}, {"type": "Feature", "properties": {}, "geometry": {"type": "LineString", "coordinates": [[77.53829, 13.00047], [77.53825, 13.00019]]}}, {"type": "Feature", "properties": {}, "geometry": {"type": "LineString", "coordinates": [[77.53825, 13.00019], [77.53936, 13.00004]]}}, {"type": "Feature", "properties": {}, "geometry": {"type": "LineString", "coordinates": [[77.53936, 13.00004], [77.53972, 12.99997]]}}, {"type": "Feature", "properties": {}, "geometry": {"type": "LineString", "coordinates": [[77.53972, 12.99997], [77.54007, 12.99993]]}}, {"type": "Feature", "properties": {}, "geometry": {"type": "LineString", "coordinates": [[77.54007, 12.99993], [77.54108, 12.99946]]}}, {"type": "Feature", "properties": {}, "geometry": {"type": "LineString", "coordinates": [[77.5211, 12.98663], [77.52035, 12.98696]]}}, {"type": "Feature", "properties": {}, "geometry": {"type": "LineString", "coordinates": [[77.52338, 12.98535], [77.52253, 12.98602], [77.52124, 12.98656]]}}, {"type": "Feature", "properties": {}, "geometry": {"type": "LineString", "coordinates": [[77.52651, 12.98595], [77.5263, 12.98602]]}}, {"type": "Feature", "properties": {}, "geometry": {"type": "LineString", "coordinates": [[77.52601, 12.98602], [77.52514, 12.98547]]}}, {"type": "Feature", "properties": {}, "geometry": {"type": "LineString", "coordinates": [[77.52697, 12.98559], [77.52655, 12.98591]]}}, {"type": "Feature", "properties": {}, "geometry": {"type": "LineString", "coordinates": [[77.52705, 12.98552], [77.52697, 12.98559]]}}, {"type": "Feature", "properties": {}, "geometry": {"type": "LineString", "coordinates": [[77.52726, 12.98534], [77.52705, 12.98552]]}}, {"type": "Feature", "properties": {}, "geometry": {"type": "LineString", "coordinates": [[77.52868, 12.98392], [77.52808, 12.98453]]}}, {"type": "Feature", "properties": {}, "geometry": {"type": "LineString", "coordinates": [[77.52882, 12.98388], [77.52879, 12.98388]]}}, {"type": "Feature", "properties": {}, "geometry": {"type": "LineString", "coordinates": [[77.55071, 13.00848], [77.55074, 13.00792]]}}, {"type": "Feature", "properties": {}, "geometry": {"type": "LineString", "coordinates": [[77.55074, 13.00792], [77.55074, 13.00785]]}}, {"type": "Feature", "properties": {}, "geometry": {"type": "LineString", "coordinates": [[77.54403, 13.00394], [77.54882, 13.00618]]}}, {"type": "Feature", "properties": {}, "geometry": {"type": "LineString", "coordinates": [[77.54096, 13.00252], [77.54403, 13.00394]]}}, {"type": "Feature", "properties": {}, "geometry": {"type": "LineString", "coordinates": [[77.54071, 13.00238], [77.54096, 13.00252]]}}, {"type": "Feature", "properties": {}, "geometry": {"type": "LineString", "coordinates": [[77.53729, 13.00133], [77.54036, 13.00227]]}}, {"type": "Feature", "properties": {}, "geometry": {"type": "LineString", "coordinates": [[77.54036, 13.00227], [77.54071, 13.00238]]}}, {"type": "Feature", "properties": {}, "geometry": {"type": "LineString", "coordinates": [[77.52819, 12.99923], [77.53729, 13.00133]]}}, {"type": "Feature", "properties": {}, "geometry": {"type": "LineString", "coordinates": [[77.54917, 12.97718], [77.54918, 12.97767]]}}, {"type": "Feature", "properties": {}, "geometry": {"type": "LineString", "coordinates": [[77.54854, 12.975], [77.54909, 12.9763], [77.54917, 12.97718]]}}, {"type": "Feature", "properties": {}, "geometry": {"type": "LineString", "coordinates": [[77.55082, 13.00792], [77.55096, 13.00788]]}}, {"type": "Feature", "properties": {}, "geometry": {"type": "LineString", "coordinates": [[77.55074, 13.00785], [77.55082, 13.00792]]}}, {"type": "Feature", "properties": {}, "geometry": {"type": "LineString", "coordinates": [[77.55071, 13.00788], [77.55074, 13.00785]]}}, {"type": "Feature", "properties": {}, "geometry": {"type": "LineString", "coordinates": [[77.55064, 13.00785], [77.55071, 13.00788]]}}, {"type": "Feature", "properties": {}, "geometry": {"type": "LineString", "coordinates": [[77.55049, 13.00778], [77.55064, 13.00785]]}}, {"type": "Feature", "properties": {}, "geometry": {"type": "LineString", "coordinates": [[77.5498, 13.00666], [77.55049, 13.00778]]}}, {"type": "Feature", "properties": {}, "geometry": {"type": "LineString", "coordinates": [[77.5498, 13.00662], [77.5498, 13.00666]]}}, {"type": "Feature", "properties": {}, "geometry": {"type": "LineString", "coordinates": [[77.54962, 13.00645], [77.5498, 13.00662]]}}, {"type": "Feature", "properties": {}, "geometry": {"type": "LineString", "coordinates": [[77.54941, 13.00395], [77.5491, 13.00505], [77.54958, 13.00645]]}}, {"type": "Feature", "properties": {}, "geometry": {"type": "LineString", "coordinates": [[77.54958, 13.00645], [77.54962, 13.00645]]}}, {"type": "Feature", "properties": {}, "geometry": {"type": "LineString", "coordinates": [[77.55046, 12.99789], [77.54981, 13.00075], [77.54941, 13.00395]]}}, {"type": "Feature", "properties": {}, "geometry": {"type": "LineString", "coordinates": [[77.5505, 12.99771], [77.55046, 12.99789]]}}, {"type": "Feature", "properties": {}, "geometry": {"type": "LineString", "coordinates": [[77.55049, 12.99761], [77.5505, 12.99771]]}}, {"type": "Feature", "properties": {}, "geometry": {"type": "LineString", "coordinates": [[77.55119, 12.99239], [77.55122, 12.9944], [77.55049, 12.9976]]}}, {"type": "Feature", "properties": {}, "geometry": {"type": "LineString", "coordinates": [[77.55049, 12.9976], [77.55049, 12.99761]]}}, {"type": "Feature", "properties": {}, "geometry": {"type": "LineString", "coordinates": [[77.55007, 12.98783], [77.55104, 12.99095], [77.55119, 12.99239]]}}, {"type": "Feature", "properties": {}, "geometry": {"type": "LineString", "coordinates": [[77.55007, 12.98779], [77.55007, 12.98783]]}}, {"type": "Feature", "properties": {}, "geometry": {"type": "LineString", "coordinates": [[77.54922, 12.98182], [77.54929, 12.98474], [77.55007, 12.98779]]}}, {"type": "Feature", "properties": {}, "geometry": {"type": "LineString", "coordinates": [[77.54918, 12.9777], [77.54922, 12.98182]]}}, {"type": "Feature", "properties": {}, "geometry": {"type": "LineString", "coordinates": [[77.54887, 12.97552], [77.54935, 12.97661], [77.54936, 12.97756], [77.54918, 12.9777]]}}, {"type": "Feature", "properties": {}, "geometry": {"type": "LineString", "coordinates": [[77.54858, 12.97496], [77.54887, 12.97552]]}}, {"type": "Feature", "properties": {}, "geometry": {"type": "LineString", "coordinates": [[77.55244, 12.99819], [77.55265, 12.99822]]}}, {"type": "Feature", "properties": {}, "geometry": {"type": "LineString", "coordinates": [[77.55215, 12.99812], [77.55244, 12.99819]]}}, {"type": "Feature", "properties": {}, "geometry": {"type": "LineString", "coordinates": [[77.55107, 12.99788], [77.55215, 12.99812]]}}, {"type": "Feature", "properties": {}, "geometry": {"type": "LineString", "coordinates": [[77.55104, 12.99788], [77.55107, 12.99788]]}}, {"type": "Feature", "properties": {}, "geometry": {"type": "LineString", "coordinates": [[77.5505, 12.99778], [77.55104, 12.99788]]}}, {"type": "Feature", "properties": {}, "geometry": {"type": "LineString", "coordinates": [[77.55294, 12.99811], [77.55247, 12.99801]]}}, {"type": "Feature", "properties": {}, "geometry": {"type": "LineString", "coordinates": [[77.55247, 12.99801], [77.5524, 12.99801]]}}, {"type": "Feature", "properties": {}, "geometry": {"type": "LineString", "coordinates": [[77.54012, 13.02878], [77.54162, 13.02792]]}}, {"type": "Feature", "properties": {}, "geometry": {"type": "LineString", "coordinates": [[77.54162, 13.02792], [77.54165, 13.02792]]}}, {"type": "Feature", "properties": {}, "geometry": {"type": "LineString", "coordinates": [[77.55149, 13.00766], [77.55146, 13.0077]]}}, {"type": "Feature", "properties": {}, "geometry": {"type": "LineString", "coordinates": [[77.5524, 12.9877], [77.55215, 12.9877]]}}, {"type": "Feature", "properties": {}, "geometry": {"type": "LineString", "coordinates": [[77.55244, 12.9877], [77.5524, 12.9877]]}}, {"type": "Feature", "properties": {}, "geometry": {"type": "LineString", "coordinates": [[77.55273, 12.98766], [77.55244, 12.9877]]}}, {"type": "Feature", "properties": {}, "geometry": {"type": "LineString", "coordinates": [[77.55276, 12.98766], [77.55273, 12.98766]]}}, {"type": "Feature", "properties": {}, "geometry": {"type": "LineString", "coordinates": [[77.55283, 12.98766], [77.55276, 12.98766]]}}, {"type": "Feature", "properties": {}, "geometry": {"type": "LineString", "coordinates": [[77.55434, 12.98765], [77.5543, 12.98765]]}}, {"type": "Feature", "properties": {}, "geometry": {"type": "LineString", "coordinates": [[77.5543, 12.98765], [77.55387, 12.98765]]}}, {"type": "Feature", "properties": {}, "geometry": {"type": "LineString", "coordinates": [[77.55316, 12.98766], [77.55283, 12.98766]]}}, {"type": "Feature", "properties": {}, "geometry": {"type": "LineString", "coordinates": [[77.55387, 12.98765], [77.55351, 12.98765]]}}, {"type": "Feature", "properties": {}, "geometry": {"type": "LineString", "coordinates": [[77.55351, 12.98765], [77.55316, 12.98766]]}}, {"type": "Feature", "properties": {}, "geometry": {"type": "LineString", "coordinates": [[77.55438, 12.98765], [77.55434, 12.98765]]}}, {"type": "Feature", "properties": {}, "geometry": {"type": "LineString", "coordinates": [[77.55923, 12.98894], [77.55923, 12.9889]]}}, {"type": "Feature", "properties": {}, "geometry": {"type": "LineString", "coordinates": [[77.55923, 12.9889], [77.55997, 12.98749], [77.56017, 12.98594]]}}, {"type": "Feature", "properties": {}, "geometry": {"type": "LineString", "coordinates": [[77.56017, 12.98594], [77.56036, 12.98372]]}}, {"type": "Feature", "properties": {}, "geometry": {"type": "LineString", "coordinates": [[77.56036, 12.98372], [77.56047, 12.98347]]}}, {"type": "Feature", "properties": {}, "geometry": {"type": "LineString", "coordinates": [[77.55923, 12.98894], [77.5592, 12.98897]]}}, {"type": "Feature", "properties": {}, "geometry": {"type": "LineString", "coordinates": [[77.55448, 13.00865], [77.55265, 13.0079]]}}, {"type": "Feature", "properties": {}, "geometry": {"type": "LineString", "coordinates": [[77.55265, 13.0079], [77.55229, 13.00776]]}}, {"type": "Feature", "properties": {}, "geometry": {"type": "LineString", "coordinates": [[77.55229, 13.00776], [77.55182, 13.00752]]}}, {"type": "Feature", "properties": {}, "geometry": {"type": "LineString", "coordinates": [[77.55178, 13.00752], [77.55182, 13.00752]]}}, {"type": "Feature", "properties": {}, "geometry": {"type": "LineString", "coordinates": [[77.51091, 12.98364], [77.51093, 12.98483], [77.51232, 12.98746], [77.51476, 12.98775], [77.51641, 12.98826], [77.51935, 12.98735]]}}, {"type": "Feature", "properties": {}, "geometry": {"type": "LineString", "coordinates": [[77.51112, 12.98261], [77.51091, 12.98364]]}}, {"type": "Feature", "properties": {}, "geometry": {"type": "LineString", "coordinates": [[77.51107, 12.98114], [77.51112, 12.98261]]}}, {"type": "Feature", "properties": {}, "geometry": {"type": "LineString", "coordinates": [[77.51107, 12.98107], [77.51107, 12.98114]]}}, {"type": "Feature", "properties": {}, "geometry": {"type": "LineString", "coordinates": [[77.51088, 12.97984], [77.51107, 12.98107]]}}, {"type": "Feature", "properties": {}, "geometry": {"type": "LineString", "coordinates": [[77.51084, 12.9798], [77.51088, 12.97984]]}}, {"type": "Feature", "properties": {}, "geometry": {"type": "LineString", "coordinates": [[77.51084, 12.97973], [77.51084, 12.9798]]}}, {"type": "Feature", "properties": {}, "geometry": {"type": "LineString", "coordinates": [[77.50921, 12.97429], [77.50994, 12.97618], [77.51084, 12.97973]]}}, {"type": "Feature", "properties": {}, "geometry": {"type": "LineString", "coordinates": [[77.50917, 12.97429], [77.50921, 12.97429]]}}, {"type": "Feature", "properties": {}, "geometry": {"type": "LineString", "coordinates": [[77.50917, 12.97426], [77.50917, 12.97429]]}}, {"type": "Feature", "properties": {}, "geometry": {"type": "LineString", "coordinates": [[77.51077, 12.97984], [77.51027, 12.98002]]}}, {"type": "Feature", "properties": {}, "geometry": {"type": "LineString", "coordinates": [[77.51027, 12.98002], [77.51023, 12.97998]]}}, {"type": "Feature", "properties": {}, "geometry": {"type": "LineString", "coordinates": [[77.51084, 12.9798], [77.51077, 12.97984]]}}, {"type": "Feature", "properties": {}, "geometry": {"type": "LineString", "coordinates": [[77.50974, 12.97407], [77.50921, 12.97429]]}}, {"type": "Feature", "properties": {}, "geometry": {"type": "LineString", "coordinates": [[77.50999, 12.97393], [77.50974, 12.97407]]}}, {"type": "Feature", "properties": {}, "geometry": {"type": "LineString", "coordinates": [[77.51003, 12.97393], [77.50999, 12.97393]]}}, {"type": "Feature", "properties": {}, "geometry": {"type": "LineString", "coordinates": [[77.51177, 12.97272], [77.51003, 12.97393]]}}, {"type": "Feature", "properties": {}, "geometry": {"type": "LineString", "coordinates": [[77.51195, 12.97258], [77.51177, 12.97272]]}}, {"type": "Feature", "properties": {}, "geometry": {"type": "LineString", "coordinates": [[77.51173, 12.97212], [77.51195, 12.97258]]}}, {"type": "Feature", "properties": {}, "geometry": {"type": "LineString", "coordinates": [[77.51155, 12.97173], [77.51173, 12.97212]]}}, {"type": "Feature", "properties": {}, "geometry": {"type": "LineString", "coordinates": [[77.51155, 12.9717], [77.51155, 12.97173]]}}, {"type": "Feature", "properties": {}, "geometry": {"type": "LineString", "coordinates": [[77.5114, 12.97131], [77.51155, 12.9717]]}}, {"type": "Feature", "properties": {}, "geometry": {"type": "LineString", "coordinates": [[77.51179, 12.97096], [77.5114, 12.97131]]}}, {"type": "Feature", "properties": {}, "geometry": {"type": "LineString", "coordinates": [[77.51179, 12.97089], [77.51179, 12.97096]]}}, {"type": "Feature", "properties": {}, "geometry": {"type": "LineString", "coordinates": [[77.51077, 12.97987], [77.51034, 12.97998]]}}, {"type": "Feature", "properties": {}, "geometry": {"type": "LineString", "coordinates": [[77.51088, 12.97984], [77.51077, 12.97987]]}}, {"type": "Feature", "properties": {}, "geometry": {"type": "LineString", "coordinates": [[77.51105, 12.97976], [77.51088, 12.97984]]}}, {"type": "Feature", "properties": {}, "geometry": {"type": "LineString", "coordinates": [[77.56147, 12.98283], [77.56158, 12.98279]]}}, {"type": "Feature", "properties": {}, "geometry": {"type": "LineString", "coordinates": [[77.56147, 12.98283], [77.56158, 12.98279]]}}, {"type": "Feature", "properties": {}, "geometry": {"type": "LineString", "coordinates": [[77.54165, 13.02792], [77.54419, 13.02649]]}}, {"type": "Feature", "properties": {}, "geometry": {"type": "LineString", "coordinates": [[77.54165, 13.02792], [77.54419, 13.02649]]}}, {"type": "Feature", "properties": {}, "geometry": {"type": "LineString", "coordinates": [[77.54115, 13.02821], [77.54165, 13.02792]]}}, {"type": "Feature", "properties": {}, "geometry": {"type": "LineString", "coordinates": [[77.54115, 13.02821], [77.54165, 13.02792]]}}, {"type": "Feature", "properties": {}, "geometry": {"type": "LineString", "coordinates": [[77.54918, 12.97767], [77.54918, 12.9777]]}}, {"type": "Feature", "properties": {}, "geometry": {"type": "LineString", "coordinates": [[77.54918, 12.97767], [77.54918, 12.9777]]}}, {"type": "Feature", "properties": {}, "geometry": {"type": "LineString", "coordinates": [[77.50735, 12.95791], [77.50728, 12.95791]]}}, {"type": "Feature", "properties": {}, "geometry": {"type": "LineString", "coordinates": [[77.55092, 13.00784], [77.55096, 13.00784]]}}, {"type": "Feature", "properties": {}, "geometry": {"type": "LineString", "coordinates": [[77.54606, 12.99902], [77.54606, 12.99909]]}}, {"type": "Feature", "properties": {}, "geometry": {"type": "LineString", "coordinates": [[77.55464, 12.99612], [77.55479, 12.99609]]}}, {"type": "Feature", "properties": {}, "geometry": {"type": "LineString", "coordinates": [[77.5498, 13.00666], [77.54983, 13.00669]]}}, {"type": "Feature", "properties": {}, "geometry": {"type": "LineString", "coordinates": [[77.53848, 12.9916], [77.53852, 12.99167]]}}, {"type": "Feature", "properties": {}, "geometry": {"type": "LineString", "coordinates": [[77.5604, 12.98361], [77.56036, 12.98368]]}}, {"type": "Feature", "properties": {}, "geometry": {"type": "LineString", "coordinates": [[77.5303, 13.00907], [77.53051, 13.0091], [77.53052, 13.00938]]}}, {"type": "Feature", "properties": {}, "geometry": {"type": "LineString", "coordinates": [[77.54118, 12.99949], [77.54118, 12.99964]]}}, {"type": "Feature", "properties": {}, "geometry": {"type": "LineString", "coordinates": [[77.54118, 12.99949], [77.54118, 12.99928]]}}, {"type": "Feature", "properties": {}, "geometry": {"type": "LineString", "coordinates": [[77.5392, 13.03365], [77.53923, 13.03365]]}}, {"type": "Feature", "properties": {}, "geometry": {"type": "LineString", "coordinates": [[77.51679, 13.04981], [77.51828, 13.0487]]}}, {"type": "Feature", "properties": {}, "geometry": {"type": "LineString", "coordinates": [[77.51828, 13.0487], [77.52078, 13.04692]]}}, {"type": "Feature", "properties": {}, "geometry": {"type": "LineString", "coordinates": [[77.52078, 13.04692], [77.52217, 13.04599]]}}, {"type": "Feature", "properties": {}, "geometry": {"type": "LineString", "coordinates": [[77.52217, 13.04599], [77.5222, 13.04596]]}}, {"type": "Feature", "properties": {}, "geometry": {"type": "LineString", "coordinates": [[77.5222, 13.04596], [77.52224, 13.04592]]}}, {"type": "Feature", "properties": {}, "geometry": {"type": "LineString", "coordinates": [[77.52224, 13.04592], [77.52277, 13.04553]]}}, {"type": "Feature", "properties": {}, "geometry": {"type": "LineString", "coordinates": [[77.52277, 13.04553], [77.52331, 13.04517]]}}, {"type": "Feature", "properties": {}, "geometry": {"type": "LineString", "coordinates": [[77.52331, 13.04517], [77.52537, 13.04374]]}}, {"type": "Feature", "properties": {}, "geometry": {"type": "LineString", "coordinates": [[77.52537, 13.04374], [77.52616, 13.04321]]}}, {"type": "Feature", "properties": {}, "geometry": {"type": "LineString", "coordinates": [[77.52616, 13.04321], [77.52687, 13.04278]]}}, {"type": "Feature", "properties": {}, "geometry": {"type": "LineString", "coordinates": [[77.52687, 13.04278], [77.52844, 13.04164]]}}, {"type": "Feature", "properties": {}, "geometry": {"type": "LineString", "coordinates": [[77.52844, 13.04164], [77.53115, 13.03971]]}}, {"type": "Feature", "properties": {}, "geometry": {"type": "LineString", "coordinates": [[77.53115, 13.03971], [77.53118, 13.03968]]}}, {"type": "Feature", "properties": {}, "geometry": {"type": "LineString", "coordinates": [[77.53118, 13.03968], [77.54077, 13.03251]]}}, {"type": "Feature", "properties": {}, "geometry": {"type": "LineString", "coordinates": [[77.54077, 13.03251], [77.54828, 13.02719], [77.54761, 13.02473], [77.54915, 13.02384]]}}, {"type": "Feature", "properties": {}, "geometry": {"type": "LineString", "coordinates": [[77.54915, 13.02384], [77.55118, 13.02266]]}}, {"type": "Feature", "properties": {}, "geometry": {"type": "LineString", "coordinates": [[77.52078, 13.04692], [77.52035, 13.04724]]}}, {"type": "Feature", "properties": {}, "geometry": {"type": "LineString", "coordinates": [[77.52217, 13.04596], [77.52078, 13.04692]]}}, {"type": "Feature", "properties": {}, "geometry": {"type": "LineString", "coordinates": [[77.5222, 13.04596], [77.52217, 13.04596]]}}, {"type": "Feature", "properties": {}, "geometry": {"type": "LineString", "coordinates": [[77.5222, 13.04592], [77.5222, 13.04596]]}}, {"type": "Feature", "properties": {}, "geometry": {"type": "LineString", "coordinates": [[77.52224, 13.04592], [77.5222, 13.04592]]}}, {"type": "Feature", "properties": {}, "geometry": {"type": "LineString", "coordinates": [[77.52277, 13.04553], [77.52224, 13.04592]]}}, {"type": "Feature", "properties": {}, "geometry": {"type": "LineString", "coordinates": [[77.52331, 13.04517], [77.52277, 13.04553]]}}, {"type": "Feature", "properties": {}, "geometry": {"type": "LineString", "coordinates": [[77.52534, 13.04371], [77.52508, 13.0439]]}}, {"type": "Feature", "properties": {}, "geometry": {"type": "LineString", "coordinates": [[77.52508, 13.0439], [77.52331, 13.04517]]}}, {"type": "Feature", "properties": {}, "geometry": {"type": "LineString", "coordinates": [[77.52612, 13.04321], [77.52593, 13.04333]]}}, {"type": "Feature", "properties": {}, "geometry": {"type": "LineString", "coordinates": [[77.52593, 13.04333], [77.52534, 13.04371]]}}, {"type": "Feature", "properties": {}, "geometry": {"type": "LineString", "coordinates": [[77.52616, 13.04317], [77.52612, 13.04321]]}}, {"type": "Feature", "properties": {}, "geometry": {"type": "LineString", "coordinates": [[77.52684, 13.04278], [77.52616, 13.04317]]}}, {"type": "Feature", "properties": {}, "geometry": {"type": "LineString", "coordinates": [[77.5284, 13.04164], [77.52684, 13.04278]]}}, {"type": "Feature", "properties": {}, "geometry": {"type": "LineString", "coordinates": [[77.53111, 13.03968], [77.5284, 13.04164]]}}, {"type": "Feature", "properties": {}, "geometry": {"type": "LineString", "coordinates": [[77.53115, 13.03968], [77.53111, 13.03968]]}}, {"type": "Feature", "properties": {}, "geometry": {"type": "LineString", "coordinates": [[77.53496, 13.03686], [77.53115, 13.03968]]}}, {"type": "Feature", "properties": {}, "geometry": {"type": "LineString", "coordinates": [[77.535, 13.03682], [77.53496, 13.03686]]}}, {"type": "Feature", "properties": {}, "geometry": {"type": "LineString", "coordinates": [[77.54077, 13.03247], [77.54075, 13.03249]]}}, {"type": "Feature", "properties": {}, "geometry": {"type": "LineString", "coordinates": [[77.54075, 13.03249], [77.54055, 13.03263]]}}, {"type": "Feature", "properties": {}, "geometry": {"type": "LineString", "coordinates": [[77.54055, 13.03263], [77.535, 13.03682]]}}, {"type": "Feature", "properties": {}, "geometry": {"type": "LineString", "coordinates": [[77.54469, 13.02976], [77.54077, 13.03247]]}}, {"type": "Feature", "properties": {}, "geometry": {"type": "LineString", "coordinates": [[77.51732, 13.04945], [77.51415, 13.05177]]}}, {"type": "Feature", "properties": {}, "geometry": {"type": "LineString", "coordinates": [[77.5392, 13.03365], [77.52844, 13.04167], [77.51828, 13.04874]]}}, {"type": "Feature", "properties": {}, "geometry": {"type": "LineString", "coordinates": [[77.53941, 13.03351], [77.5392, 13.03365]]}}, {"type": "Feature", "properties": {}, "geometry": {"type": "LineString", "coordinates": [[77.52729, 13.04503], [77.52733, 13.04503]]}}, {"type": "Feature", "properties": {}, "geometry": {"type": "LineString", "coordinates": [[77.51369, 13.05213], [77.51361, 13.05216]]}}, {"type": "Feature", "properties": {}, "geometry": {"type": "LineString", "coordinates": [[77.51408, 13.05184], [77.51369, 13.05213]]}}, {"type": "Feature", "properties": {}, "geometry": {"type": "LineString", "coordinates": [[77.51415, 13.05177], [77.51408, 13.05184]]}}, {"type": "Feature", "properties": {}, "geometry": {"type": "LineString", "coordinates": [[77.5201, 13.04742], [77.52021, 13.04738]]}}, {"type": "Feature", "properties": {}, "geometry": {"type": "LineString", "coordinates": [[77.52227, 13.04592], [77.52235, 13.04589]]}}, {"type": "Feature", "properties": {}, "geometry": {"type": "LineString", "coordinates": [[77.52217, 13.04596], [77.52213, 13.04599]]}}, {"type": "Feature", "properties": {}, "geometry": {"type": "LineString", "coordinates": [[77.5222, 13.04596], [77.52217, 13.04596]]}}, {"type": "Feature", "properties": {}, "geometry": {"type": "LineString", "coordinates": [[77.50409, 13.06204], [77.50341, 13.06226]]}}, {"type": "Feature", "properties": {}, "geometry": {"type": "LineString", "coordinates": [[77.50341, 13.06229], [77.50379, 13.06377]]}}, {"type": "Feature", "properties": {}, "geometry": {"type": "LineString", "coordinates": [[77.50341, 13.06226], [77.50341, 13.06229]]}}, {"type": "Feature", "properties": {}, "geometry": {"type": "LineString", "coordinates": [[77.52224, 13.04592], [77.5222, 13.04592]]}}, {"type": "Feature", "properties": {}, "geometry": {"type": "LineString", "coordinates": [[77.51828, 13.0487], [77.51675, 13.04981]]}}, {"type": "Feature", "properties": {}, "geometry": {"type": "LineString", "coordinates": [[77.52031, 13.04728], [77.51828, 13.0487]]}}, {"type": "Feature", "properties": {}, "geometry": {"type": "LineString", "coordinates": [[77.52031, 13.04724], [77.52031, 13.04728]]}}, {"type": "Feature", "properties": {}, "geometry": {"type": "LineString", "coordinates": [[77.52035, 13.04724], [77.52031, 13.04724]]}}, {"type": "Feature", "properties": {}, "geometry": {"type": "LineString", "coordinates": [[77.52231, 13.04585], [77.52224, 13.04592]]}}, {"type": "Feature", "properties": {}, "geometry": {"type": "LineString", "coordinates": [[77.50166, 13.06671], [77.5017, 13.06671]]}}, {"type": "Feature", "properties": {}, "geometry": {"type": "LineString", "coordinates": [[77.51724, 13.0415], [77.51717, 13.04154]]}}, {"type": "Feature", "properties": {}, "geometry": {"type": "LineString", "coordinates": [[77.55096, 13.05356], [77.55096, 13.05349]]}}, {"type": "Feature", "properties": {}, "geometry": {"type": "LineString", "coordinates": [[77.55096, 13.05349], [77.55092, 13.05328]]}}, {"type": "Feature", "properties": {}, "geometry": {"type": "LineString", "coordinates": [[77.55092, 13.05328], [77.55092, 13.05317]]}}, {"type": "Feature", "properties": {}, "geometry": {"type": "LineString", "coordinates": [[77.55092, 13.05317], [77.55092, 13.0531]]}}, {"type": "Feature", "properties": {}, "geometry": {"type": "LineString", "coordinates": [[77.55092, 13.0531], [77.55057, 13.05011], [77.55016, 13.04889]]}}, {"type": "Feature", "properties": {}, "geometry": {"type": "LineString", "coordinates": [[77.51717, 13.04154], [77.51713, 13.04157]]}}, {"type": "Feature", "properties": {}, "geometry": {"type": "LineString", "coordinates": [[77.53434, 13.0319], [77.53698, 13.03043]]}}, {"type": "Feature", "properties": {}, "geometry": {"type": "LineString", "coordinates": [[77.51969, 13.02856], [77.51966, 13.02863]]}}, {"type": "Feature", "properties": {}, "geometry": {"type": "LineString", "coordinates": [[77.51116, 12.99725], [77.51123, 12.99722]]}}, {"type": "Feature", "properties": {}, "geometry": {"type": "LineString", "coordinates": [[77.51126, 12.99711], [77.51123, 12.99722]]}}, {"type": "Feature", "properties": {}, "geometry": {"type": "LineString", "coordinates": [[77.51676, 13.02257], [77.51676, 13.02282]]}}, {"type": "Feature", "properties": {}, "geometry": {"type": "LineString", "coordinates": [[77.51682, 13.02173], [77.51681, 13.02193]]}}, {"type": "Feature", "properties": {}, "geometry": {"type": "LineString", "coordinates": [[77.51681, 13.02193], [77.51676, 13.02257]]}}, {"type": "Feature", "properties": {}, "geometry": {"type": "LineString", "coordinates": [[77.51565, 13.0191], [77.51682, 13.02173]]}}, {"type": "Feature", "properties": {}, "geometry": {"type": "LineString", "coordinates": [[77.51474, 13.01795], [77.51506, 13.01808], [77.51565, 13.0191]]}}, {"type": "Feature", "properties": {}, "geometry": {"type": "LineString", "coordinates": [[77.51116, 12.99722], [77.51076, 12.99687], [77.50904, 12.99727], [77.507, 12.998], [77.50711, 12.99828], [77.50693, 12.99835], [77.50428, 12.99894], [77.50474, 13.00164], [77.50447, 13.00326], [77.50513, 13.0046], [77.50612, 13.00969], [77.5063, 13.01001]]}}, {"type": "Feature", "properties": {}, "geometry": {"type": "LineString", "coordinates": [[77.5063, 13.01001], [77.50685, 13.01095], [77.50836, 13.01164], [77.50883, 13.01209], [77.51043, 13.01433], [77.51171, 13.01674], [77.51213, 13.01691]]}}, {"type": "Feature", "properties": {}, "geometry": {"type": "LineString", "coordinates": [[77.51213, 13.01691], [77.51271, 13.01714]]}}, {"type": "Feature", "properties": {}, "geometry": {"type": "LineString", "coordinates": [[77.51271, 13.01714], [77.51425, 13.01775]]}}, {"type": "Feature", "properties": {}, "geometry": {"type": "LineString", "coordinates": [[77.51425, 13.01775], [77.51474, 13.01795]]}}, {"type": "Feature", "properties": {}, "geometry": {"type": "LineString", "coordinates": [[77.51123, 12.99722], [77.51119, 12.99722]]}}, {"type": "Feature", "properties": {}, "geometry": {"type": "LineString", "coordinates": [[77.51119, 12.99722], [77.51109, 12.99715]]}}, {"type": "Feature", "properties": {}, "geometry": {"type": "LineString", "coordinates": [[77.51123, 12.99722], [77.51119, 12.99722]]}}, {"type": "Feature", "properties": {}, "geometry": {"type": "LineString", "coordinates": [[77.53157, 13.02834], [77.52834, 13.02119]]}}, {"type": "Feature", "properties": {}, "geometry": {"type": "LineString", "coordinates": [[77.53323, 13.03258], [77.53505, 13.03154]]}}, {"type": "Feature", "properties": {}, "geometry": {"type": "LineString", "coordinates": [[77.53323, 13.03258], [77.53505, 13.03154]]}}, {"type": "Feature", "properties": {}, "geometry": {"type": "LineString", "coordinates": [[77.51949, 12.98732], [77.52035, 12.98696]]}}, {"type": "Feature", "properties": {}, "geometry": {"type": "LineString", "coordinates": [[77.51949, 12.98732], [77.52035, 12.98696]]}}, {"type": "Feature", "properties": {}, "geometry": {"type": "LineString", "coordinates": [[77.51497, 13.05117], [77.515, 13.05116]]}}, {"type": "Feature", "properties": {}, "geometry": {"type": "LineString", "coordinates": [[77.51828, 13.04874], [77.51739, 13.04942]]}}, {"type": "Feature", "properties": {}, "geometry": {"type": "LineString", "coordinates": [[77.51739, 13.04942], [77.51732, 13.04945]]}}, {"type": "Feature", "properties": {}, "geometry": {"type": "LineString", "coordinates": [[77.51739, 13.04942], [77.51732, 13.04945]]}}, {"type": "Feature", "properties": {}, "geometry": {"type": "LineString", "coordinates": [[77.53351, 13.03233], [77.53275, 13.03086]]}}, {"type": "Feature", "properties": {}, "geometry": {"type": "LineString", "coordinates": [[77.53275, 13.03086], [77.53161, 13.02845]]}}, {"type": "Feature", "properties": {}, "geometry": {"type": "LineString", "coordinates": [[77.53161, 13.02845], [77.53157, 13.02834]]}}, {"type": "Feature", "properties": {}, "geometry": {"type": "LineString", "coordinates": [[77.53157, 13.02834], [77.53161, 13.02845]]}}, {"type": "Feature", "properties": {}, "geometry": {"type": "LineString", "coordinates": [[77.52347, 12.99794], [77.52391, 12.99804]]}}, {"type": "Feature", "properties": {}, "geometry": {"type": "LineString", "coordinates": [[77.52301, 12.99784], [77.52409, 12.99808]]}}, {"type": "Feature", "properties": {}, "geometry": {"type": "LineString", "coordinates": [[77.52409, 12.99808], [77.52301, 12.99781]]}}, {"type": "Feature", "properties": {}, "geometry": {"type": "LineString", "coordinates": [[77.52409, 12.99808], [77.52301, 12.99781]]}}, {"type": "Feature", "properties": {}, "geometry": {"type": "LineString", "coordinates": [[77.52391, 12.99804], [77.52437, 12.99815]]}}, {"type": "Feature", "properties": {}, "geometry": {"type": "LineString", "coordinates": [[77.52409, 12.99808], [77.52639, 12.99862]]}}, {"type": "Feature", "properties": {}, "geometry": {"type": "LineString", "coordinates": [[77.52409, 12.99808], [77.52642, 12.99858]]}}, {"type": "Feature", "properties": {}, "geometry": {"type": "LineString", "coordinates": [[77.52409, 12.99808], [77.52642, 12.99855]]}}, {"type": "Feature", "properties": {}, "geometry": {"type": "LineString", "coordinates": [[77.51679, 13.04981], [77.51675, 13.04985]]}}, {"type": "Feature", "properties": {}, "geometry": {"type": "LineString", "coordinates": [[77.52834, 13.02119], [77.52841, 13.02119]]}}, {"type": "Feature", "properties": {}, "geometry": {"type": "LineString", "coordinates": [[77.54005, 13.02882], [77.54005, 13.02889]]}}, {"type": "Feature", "properties": {}, "geometry": {"type": "LineString", "coordinates": [[77.52437, 12.99815], [77.52466, 12.99825]]}}, {"type": "Feature", "properties": {}, "geometry": {"type": "LineString", "coordinates": [[77.52639, 12.99862], [77.52682, 12.99872]]}}, {"type": "Feature", "properties": {}, "geometry": {"type": "LineString", "coordinates": [[77.52642, 12.99858], [77.52682, 12.99868]]}}, {"type": "Feature", "properties": {}, "geometry": {"type": "LineString", "coordinates": [[77.52642, 12.99855], [77.52682, 12.99868]]}}, {"type": "Feature", "properties": {}, "geometry": {"type": "LineString", "coordinates": [[77.52301, 12.99784], [77.52261, 12.99774]]}}, {"type": "Feature", "properties": {}, "geometry": {"type": "LineString", "coordinates": [[77.52301, 12.99781], [77.52261, 12.99774]]}}, {"type": "Feature", "properties": {}, "geometry": {"type": "LineString", "coordinates": [[77.52301, 12.99781], [77.52261, 12.9977]]}}, {"type": "Feature", "properties": {}, "geometry": {"type": "LineString", "coordinates": [[77.52347, 12.99794], [77.52315, 12.99788]]}}, {"type": "Feature", "properties": {}, "geometry": {"type": "LineString", "coordinates": [[77.51188, 13.04349], [77.51205, 13.04342]]}}, {"type": "Feature", "properties": {}, "geometry": {"type": "LineString", "coordinates": [[77.54825, 13.02723], [77.54821, 13.02726]]}}, {"type": "Feature", "properties": {}, "geometry": {"type": "LineString", "coordinates": [[77.51959, 12.99696], [77.51977, 12.99703]]}}, {"type": "Feature", "properties": {}, "geometry": {"type": "LineString", "coordinates": [[77.58831, 12.99646], [77.58835, 12.99674]]}}, {"type": "Feature", "properties": {}, "geometry": {"type": "LineString", "coordinates": [[77.58781, 12.99675], [77.58813, 12.9971]]}}, {"type": "Feature", "properties": {}, "geometry": {"type": "LineString", "coordinates": [[77.59668, 12.99455], [77.60057, 12.99563], [77.60186, 12.99541]]}}, {"type": "Feature", "properties": {}, "geometry": {"type": "LineString", "coordinates": [[77.60186, 12.99544], [77.60186, 12.99548]]}}, {"type": "Feature", "properties": {}, "geometry": {"type": "LineString", "coordinates": [[77.60186, 12.99541], [77.60186, 12.99544]]}}, {"type": "Feature", "properties": {}, "geometry": {"type": "LineString", "coordinates": [[77.59665, 12.99458], [77.59668, 12.99455]]}}, {"type": "Feature", "properties": {}, "geometry": {"type": "LineString", "coordinates": [[77.56518, 12.99176], [77.56519, 12.99219]]}}, {"type": "Feature", "properties": {}, "geometry": {"type": "LineString", "coordinates": [[77.56521, 12.99102], [77.56518, 12.99176]]}}, {"type": "Feature", "properties": {}, "geometry": {"type": "LineString", "coordinates": [[77.56517, 12.99067], [77.56521, 12.99102]]}}, {"type": "Feature", "properties": {}, "geometry": {"type": "LineString", "coordinates": [[77.56517, 12.98993], [77.56517, 12.99067]]}}, {"type": "Feature", "properties": {}, "geometry": {"type": "LineString", "coordinates": [[77.56516, 12.9899], [77.56517, 12.98993]]}}, {"type": "Feature", "properties": {}, "geometry": {"type": "LineString", "coordinates": [[77.56516, 12.98972], [77.56516, 12.9899]]}}, {"type": "Feature", "properties": {}, "geometry": {"type": "LineString", "coordinates": [[77.56516, 12.98948], [77.56516, 12.98972]]}}, {"type": "Feature", "properties": {}, "geometry": {"type": "LineString", "coordinates": [[77.56516, 12.98926], [77.56516, 12.98948]]}}, {"type": "Feature", "properties": {}, "geometry": {"type": "LineString", "coordinates": [[77.59676, 12.99458], [77.60064, 12.9957], [77.60186, 12.99541]]}}, {"type": "Feature", "properties": {}, "geometry": {"type": "LineString", "coordinates": [[77.60186, 12.99541], [77.60215, 12.99534]]}}, {"type": "Feature", "properties": {}, "geometry": {"type": "LineString", "coordinates": [[77.60222, 12.99537], [77.60222, 12.99541]]}}, {"type": "Feature", "properties": {}, "geometry": {"type": "LineString", "coordinates": [[77.60215, 12.99534], [77.60222, 12.99537]]}}, {"type": "Feature", "properties": {}, "geometry": {"type": "LineString", "coordinates": [[77.59668, 12.99455], [77.59676, 12.99458]]}}, {"type": "Feature", "properties": {}, "geometry": {"type": "LineString", "coordinates": [[77.59661, 12.99455], [77.59668, 12.99455]]}}, {"type": "Feature", "properties": {}, "geometry": {"type": "LineString", "coordinates": [[77.59654, 12.99444], [77.59661, 12.99455]]}}, {"type": "Feature", "properties": {}, "geometry": {"type": "LineString", "coordinates": [[77.60222, 12.99537], [77.60222, 12.99541]]}}, {"type": "Feature", "properties": {}, "geometry": {"type": "LineString", "coordinates": [[77.59683, 12.99465], [77.60054, 12.99577], [77.60211, 12.99544]]}}, {"type": "Feature", "properties": {}, "geometry": {"type": "LineString", "coordinates": [[77.59661, 12.99455], [77.59683, 12.99465]]}}, {"type": "Feature", "properties": {}, "geometry": {"type": "LineString", "coordinates": [[77.58396, 13.02342], [77.58387, 13.02191]]}}, {"type": "Feature", "properties": {}, "geometry": {"type": "LineString", "coordinates": [[77.58387, 13.02191], [77.58336, 13.01467]]}}, {"type": "Feature", "properties": {}, "geometry": {"type": "LineString", "coordinates": [[77.56183, 12.98279], [77.56541, 12.98226], [77.56573, 12.98201]]}}, {"type": "Feature", "properties": {}, "geometry": {"type": "LineString", "coordinates": [[77.56649, 12.99351], [77.56739, 12.9935]]}}, {"type": "Feature", "properties": {}, "geometry": {"type": "LineString", "coordinates": [[77.56646, 12.99351], [77.56649, 12.99351]]}}, {"type": "Feature", "properties": {}, "geometry": {"type": "LineString", "coordinates": [[77.56836, 12.99349], [77.5685, 12.99349]]}}, {"type": "Feature", "properties": {}, "geometry": {"type": "LineString", "coordinates": [[77.56739, 12.9935], [77.56782, 12.9935]]}}, {"type": "Feature", "properties": {}, "geometry": {"type": "LineString", "coordinates": [[77.56818, 12.99349], [77.56832, 12.99349]]}}, {"type": "Feature", "properties": {}, "geometry": {"type": "LineString", "coordinates": [[77.56782, 12.9935], [77.56818, 12.99349]]}}, {"type": "Feature", "properties": {}, "geometry": {"type": "LineString", "coordinates": [[77.56649, 12.99351], [77.56649, 12.99347]]}}, {"type": "Feature", "properties": {}, "geometry": {"type": "LineString", "coordinates": [[77.56649, 12.99347], [77.56649, 12.9933]]}}, {"type": "Feature", "properties": {}, "geometry": {"type": "LineString", "coordinates": [[77.56649, 12.9933], [77.56649, 12.99323]]}}, {"type": "Feature", "properties": {}, "geometry": {"type": "LineString", "coordinates": [[77.56649, 12.99323], [77.56649, 12.99284]]}}, {"type": "Feature", "properties": {}, "geometry": {"type": "LineString", "coordinates": [[77.56649, 12.99284], [77.56652, 12.99217]]}}, {"type": "Feature", "properties": {}, "geometry": {"type": "LineString", "coordinates": [[77.56652, 12.99217], [77.56655, 12.99175]]}}, {"type": "Feature", "properties": {}, "geometry": {"type": "LineString", "coordinates": [[77.56655, 12.99175], [77.56654, 12.99133]]}}, {"type": "Feature", "properties": {}, "geometry": {"type": "LineString", "coordinates": [[77.56654, 12.99133], [77.56658, 12.99097]]}}, {"type": "Feature", "properties": {}, "geometry": {"type": "LineString", "coordinates": [[77.56658, 12.99097], [77.56661, 12.99069]]}}, {"type": "Feature", "properties": {}, "geometry": {"type": "LineString", "coordinates": [[77.56661, 12.99069], [77.56657, 12.99066]]}}, {"type": "Feature", "properties": {}, "geometry": {"type": "LineString", "coordinates": [[77.56657, 12.99066], [77.56646, 12.99066]]}}, {"type": "Feature", "properties": {}, "geometry": {"type": "LineString", "coordinates": [[77.56161, 12.98275], [77.56183, 12.98279]]}}, {"type": "Feature", "properties": {}, "geometry": {"type": "LineString", "coordinates": [[77.56513, 12.99317], [77.56513, 12.99359]]}}, {"type": "Feature", "properties": {}, "geometry": {"type": "LineString", "coordinates": [[77.56516, 12.99289], [77.56513, 12.99317]]}}, {"type": "Feature", "properties": {}, "geometry": {"type": "LineString", "coordinates": [[77.56516, 12.99254], [77.56516, 12.99289]]}}, {"type": "Feature", "properties": {}, "geometry": {"type": "LineString", "coordinates": [[77.56519, 12.99219], [77.56516, 12.99254]]}}, {"type": "Feature", "properties": {}, "geometry": {"type": "LineString", "coordinates": [[77.56649, 12.9933], [77.56649, 12.99323]]}}, {"type": "Feature", "properties": {}, "geometry": {"type": "LineString", "coordinates": [[77.57292, 12.98363], [77.57289, 12.98366]]}}, {"type": "Feature", "properties": {}, "geometry": {"type": "LineString", "coordinates": [[77.58479, 12.99604], [77.58475, 12.99621]]}}, {"type": "Feature", "properties": {}, "geometry": {"type": "LineString", "coordinates": [[77.58392, 12.99598], [77.58403, 12.99597]]}}, {"type": "Feature", "properties": {}, "geometry": {"type": "LineString", "coordinates": [[77.58306, 12.99567], [77.58378, 12.99594]]}}, {"type": "Feature", "properties": {}, "geometry": {"type": "LineString", "coordinates": [[77.58437, 12.9978], [77.58441, 12.9978]]}}, {"type": "Feature", "properties": {}, "geometry": {"type": "LineString", "coordinates": [[77.57905, 12.98973], [77.57909, 12.98969]]}}, {"type": "Feature", "properties": {}, "geometry": {"type": "LineString", "coordinates": [[77.56328, 13.00899], [77.56224, 13.00907], [77.56244, 13.00372], [77.56444, 12.99983], [77.56642, 12.99671]]}}, {"type": "Feature", "properties": {}, "geometry": {"type": "LineString", "coordinates": [[77.56183, 13.02857], [77.56176, 13.02854]]}}, {"type": "Feature", "properties": {}, "geometry": {"type": "LineString", "coordinates": [[77.56176, 13.02854], [77.56172, 13.02854]]}}, {"type": "Feature", "properties": {}, "geometry": {"type": "LineString", "coordinates": [[77.56725, 13.01117], [77.56757, 13.01071]]}}, {"type": "Feature", "properties": {}, "geometry": {"type": "LineString", "coordinates": [[77.56757, 13.01071], [77.56757, 13.01067]]}}, {"type": "Feature", "properties": {}, "geometry": {"type": "LineString", "coordinates": [[77.56757, 13.01067], [77.56757, 13.01064]]}}, {"type": "Feature", "properties": {}, "geometry": {"type": "LineString", "coordinates": [[77.56757, 13.01064], [77.56764, 13.01057]]}}, {"type": "Feature", "properties": {}, "geometry": {"type": "LineString", "coordinates": [[77.56764, 13.01057], [77.5681, 13.00982]]}}, {"type": "Feature", "properties": {}, "geometry": {"type": "LineString", "coordinates": [[77.5681, 13.00982], [77.5681, 13.00979]]}}, {"type": "Feature", "properties": {}, "geometry": {"type": "LineString", "coordinates": [[77.5681, 13.00979], [77.56813, 13.00975]]}}, {"type": "Feature", "properties": {}, "geometry": {"type": "LineString", "coordinates": [[77.56813, 13.00975], [77.56877, 13.00876], [77.57124, 13.00859]]}}, {"type": "Feature", "properties": {}, "geometry": {"type": "LineString", "coordinates": [[77.57124, 13.00859], [77.57128, 13.00856]]}}, {"type": "Feature", "properties": {}, "geometry": {"type": "LineString", "coordinates": [[77.57128, 13.00856], [77.57171, 13.00852], [77.57228, 13.00795], [77.57363, 13.00727], [77.57672, 13.00717], [77.57854, 13.00648]]}}, {"type": "Feature", "properties": {}, "geometry": {"type": "LineString", "coordinates": [[77.57854, 13.00648], [77.57876, 13.00637]]}}, {"type": "Feature", "properties": {}, "geometry": {"type": "LineString", "coordinates": [[77.57876, 13.00637], [77.57883, 13.00637]]}}, {"type": "Feature", "properties": {}, "geometry": {"type": "LineString", "coordinates": [[77.58383, 13.01139], [77.58404, 13.01431]]}}, {"type": "Feature", "properties": {}, "geometry": {"type": "LineString", "coordinates": [[77.57877, 12.99047], [77.57884, 12.9905]]}}, {"type": "Feature", "properties": {}, "geometry": {"type": "LineString", "coordinates": [[77.57845, 12.99033], [77.57877, 12.99047]]}}, {"type": "Feature", "properties": {}, "geometry": {"type": "LineString", "coordinates": [[77.58179, 13.01169], [77.58183, 13.01169]]}}, {"type": "Feature", "properties": {}, "geometry": {"type": "LineString", "coordinates": [[77.58183, 13.01169], [77.58186, 13.01169]]}}, {"type": "Feature", "properties": {}, "geometry": {"type": "LineString", "coordinates": [[77.56725, 13.01078], [77.56707, 13.01106]]}}, {"type": "Feature", "properties": {}, "geometry": {"type": "LineString", "coordinates": [[77.56739, 13.0106], [77.56725, 13.01078]]}}, {"type": "Feature", "properties": {}, "geometry": {"type": "LineString", "coordinates": [[77.56739, 13.01057], [77.56739, 13.0106]]}}, {"type": "Feature", "properties": {}, "geometry": {"type": "LineString", "coordinates": [[77.56746, 13.01046], [77.56739, 13.01057]]}}, {"type": "Feature", "properties": {}, "geometry": {"type": "LineString", "coordinates": [[77.56799, 13.00972], [77.56746, 13.01046]]}}, {"type": "Feature", "properties": {}, "geometry": {"type": "LineString", "coordinates": [[77.56802, 13.00968], [77.56799, 13.00972]]}}, {"type": "Feature", "properties": {}, "geometry": {"type": "LineString", "coordinates": [[77.56813, 13.00951], [77.56802, 13.00968]]}}, {"type": "Feature", "properties": {}, "geometry": {"type": "LineString", "coordinates": [[77.5682, 13.00947], [77.56813, 13.00951]]}}, {"type": "Feature", "properties": {}, "geometry": {"type": "LineString", "coordinates": [[77.5687, 13.00865], [77.5682, 13.00947]]}}, {"type": "Feature", "properties": {}, "geometry": {"type": "LineString", "coordinates": [[77.56901, 13.00819], [77.5687, 13.00865]]}}, {"type": "Feature", "properties": {}, "geometry": {"type": "LineString", "coordinates": [[77.56919, 13.00795], [77.56901, 13.00819]]}}, {"type": "Feature", "properties": {}, "geometry": {"type": "LineString", "coordinates": [[77.56958, 13.00734], [77.56919, 13.00795]]}}, {"type": "Feature", "properties": {}, "geometry": {"type": "LineString", "coordinates": [[77.56961, 13.00724], [77.56958, 13.00734]]}}, {"type": "Feature", "properties": {}, "geometry": {"type": "LineString", "coordinates": [[77.56993, 13.00678], [77.56961, 13.00724]]}}, {"type": "Feature", "properties": {}, "geometry": {"type": "LineString", "coordinates": [[77.56997, 13.00671], [77.56993, 13.00678]]}}, {"type": "Feature", "properties": {}, "geometry": {"type": "LineString", "coordinates": [[77.57011, 13.00646], [77.56997, 13.00671]]}}, {"type": "Feature", "properties": {}, "geometry": {"type": "LineString", "coordinates": [[77.57074, 13.00557], [77.57011, 13.00646]]}}, {"type": "Feature", "properties": {}, "geometry": {"type": "LineString", "coordinates": [[77.57074, 13.00554], [77.57074, 13.00557]]}}, {"type": "Feature", "properties": {}, "geometry": {"type": "LineString", "coordinates": [[77.57082, 13.00547], [77.57074, 13.00554]]}}, {"type": "Feature", "properties": {}, "geometry": {"type": "LineString", "coordinates": [[77.57131, 13.00472], [77.57082, 13.00547]]}}, {"type": "Feature", "properties": {}, "geometry": {"type": "LineString", "coordinates": [[77.57135, 13.00472], [77.57131, 13.00472]]}}, {"type": "Feature", "properties": {}, "geometry": {"type": "LineString", "coordinates": [[77.57209, 13.00348], [77.57135, 13.00472]]}}, {"type": "Feature", "properties": {}, "geometry": {"type": "LineString", "coordinates": [[77.57216, 13.00341], [77.57209, 13.00348]]}}, {"type": "Feature", "properties": {}, "geometry": {"type": "LineString", "coordinates": [[77.57223, 13.00331], [77.57216, 13.00341]]}}, {"type": "Feature", "properties": {}, "geometry": {"type": "LineString", "coordinates": [[77.57226, 13.00285], [77.57223, 13.00331]]}}, {"type": "Feature", "properties": {}, "geometry": {"type": "LineString", "coordinates": [[77.57229, 13.0019], [77.57226, 13.00285]]}}, {"type": "Feature", "properties": {}, "geometry": {"type": "LineString", "coordinates": [[77.57235, 13.00109], [77.57229, 13.0019]]}}, {"type": "Feature", "properties": {}, "geometry": {"type": "LineString", "coordinates": [[77.57314, 13.00108], [77.57282, 13.00108]]}}, {"type": "Feature", "properties": {}, "geometry": {"type": "LineString", "coordinates": [[77.57332, 13.00104], [77.57317, 13.00108]]}}, {"type": "Feature", "properties": {}, "geometry": {"type": "LineString", "coordinates": [[77.57317, 13.00108], [77.57314, 13.00108]]}}, {"type": "Feature", "properties": {}, "geometry": {"type": "LineString", "coordinates": [[77.57282, 13.00108], [77.57235, 13.00109]]}}, {"type": "Feature", "properties": {}, "geometry": {"type": "LineString", "coordinates": [[77.57416, 12.99945], [77.57332, 13.00104]]}}, {"type": "Feature", "properties": {}, "geometry": {"type": "LineString", "coordinates": [[77.57437, 12.99903], [77.57416, 12.99945]]}}, {"type": "Feature", "properties": {}, "geometry": {"type": "LineString", "coordinates": [[77.5722, 13.01467], [77.56908, 13.01446]]}}, {"type": "Feature", "properties": {}, "geometry": {"type": "LineString", "coordinates": [[77.56725, 13.01078], [77.56707, 13.01106]]}}, {"type": "Feature", "properties": {}, "geometry": {"type": "LineString", "coordinates": [[77.56735, 13.0106], [77.56725, 13.01078]]}}, {"type": "Feature", "properties": {}, "geometry": {"type": "LineString", "coordinates": [[77.56739, 13.01057], [77.56735, 13.0106]]}}, {"type": "Feature", "properties": {}, "geometry": {"type": "LineString", "coordinates": [[77.56746, 13.01046], [77.56739, 13.01057]]}}, {"type": "Feature", "properties": {}, "geometry": {"type": "LineString", "coordinates": [[77.56799, 13.00968], [77.56746, 13.01046]]}}, {"type": "Feature", "properties": {}, "geometry": {"type": "LineString", "coordinates": [[77.56813, 13.00951], [77.56799, 13.00968]]}}, {"type": "Feature", "properties": {}, "geometry": {"type": "LineString", "coordinates": [[77.56813, 13.00919], [77.56813, 13.00951]]}}, {"type": "Feature", "properties": {}, "geometry": {"type": "LineString", "coordinates": [[77.56813, 13.00912], [77.56813, 13.00919]]}}, {"type": "Feature", "properties": {}, "geometry": {"type": "LineString", "coordinates": [[77.56816, 13.00873], [77.56813, 13.00912]]}}, {"type": "Feature", "properties": {}, "geometry": {"type": "LineString", "coordinates": [[77.56818, 13.00746], [77.56816, 13.00873]]}}, {"type": "Feature", "properties": {}, "geometry": {"type": "LineString", "coordinates": [[77.56817, 13.00687], [77.56818, 13.00746]]}}, {"type": "Feature", "properties": {}, "geometry": {"type": "LineString", "coordinates": [[77.5682, 13.00563], [77.56817, 13.00687]]}}, {"type": "Feature", "properties": {}, "geometry": {"type": "LineString", "coordinates": [[77.5682, 13.0056], [77.5682, 13.00563]]}}, {"type": "Feature", "properties": {}, "geometry": {"type": "LineString", "coordinates": [[77.5683, 13.00197], [77.5682, 13.0056]]}}, {"type": "Feature", "properties": {}, "geometry": {"type": "LineString", "coordinates": [[77.56833, 13.00141], [77.5683, 13.00197]]}}, {"type": "Feature", "properties": {}, "geometry": {"type": "LineString", "coordinates": [[77.56836, 13.00021], [77.56833, 13.00141]]}}, {"type": "Feature", "properties": {}, "geometry": {"type": "LineString", "coordinates": [[77.56842, 12.99926], [77.56836, 13.00021]]}}, {"type": "Feature", "properties": {}, "geometry": {"type": "LineString", "coordinates": [[77.56845, 12.99835], [77.56842, 12.99926]]}}, {"type": "Feature", "properties": {}, "geometry": {"type": "LineString", "coordinates": [[77.56857, 12.9968], [77.56845, 12.99835]]}}, {"type": "Feature", "properties": {}, "geometry": {"type": "LineString", "coordinates": [[77.56888, 12.99567], [77.56857, 12.9968]]}}, {"type": "Feature", "properties": {}, "geometry": {"type": "LineString", "coordinates": [[77.56888, 12.99563], [77.56888, 12.99567]]}}, {"type": "Feature", "properties": {}, "geometry": {"type": "LineString", "coordinates": [[77.56927, 12.99461], [77.56888, 12.99563]]}}, {"type": "Feature", "properties": {}, "geometry": {"type": "LineString", "coordinates": [[77.56944, 12.99411], [77.56927, 12.99461]]}}, {"type": "Feature", "properties": {}, "geometry": {"type": "LineString", "coordinates": [[77.58137, 12.99906], [77.58183, 12.99871]]}}, {"type": "Feature", "properties": {}, "geometry": {"type": "LineString", "coordinates": [[77.58183, 12.99871], [77.58191, 12.99867]]}}, {"type": "Feature", "properties": {}, "geometry": {"type": "LineString", "coordinates": [[77.58191, 12.99867], [77.58194, 12.99846]]}}, {"type": "Feature", "properties": {}, "geometry": {"type": "LineString", "coordinates": [[77.58194, 12.99846], [77.58215, 12.99768]]}}, {"type": "Feature", "properties": {}, "geometry": {"type": "LineString", "coordinates": [[77.58215, 12.99768], [77.58232, 12.99715]]}}, {"type": "Feature", "properties": {}, "geometry": {"type": "LineString", "coordinates": [[77.58232, 12.99715], [77.58274, 12.99627]]}}, {"type": "Feature", "properties": {}, "geometry": {"type": "LineString", "coordinates": [[77.58274, 12.99627], [77.58295, 12.99581]]}}, {"type": "Feature", "properties": {}, "geometry": {"type": "LineString", "coordinates": [[77.58378, 12.99594], [77.58392, 12.99598]]}}, {"type": "Feature", "properties": {}, "geometry": {"type": "LineString", "coordinates": [[77.58295, 12.99581], [77.58306, 12.99567]]}}, {"type": "Feature", "properties": {}, "geometry": {"type": "LineString", "coordinates": [[77.57437, 12.99903], [77.57441, 12.99896]]}}, {"type": "Feature", "properties": {}, "geometry": {"type": "LineString", "coordinates": [[77.57441, 12.99896], [77.57462, 12.99857]]}}, {"type": "Feature", "properties": {}, "geometry": {"type": "LineString", "coordinates": [[77.57462, 12.99857], [77.57473, 12.99835]]}}, {"type": "Feature", "properties": {}, "geometry": {"type": "LineString", "coordinates": [[77.57473, 12.99835], [77.57487, 12.99811]]}}, {"type": "Feature", "properties": {}, "geometry": {"type": "LineString", "coordinates": [[77.57487, 12.99811], [77.5755, 12.99687]]}}, {"type": "Feature", "properties": {}, "geometry": {"type": "LineString", "coordinates": [[77.5755, 12.99687], [77.57568, 12.99655]]}}, {"type": "Feature", "properties": {}, "geometry": {"type": "LineString", "coordinates": [[77.57568, 12.99655], [77.57582, 12.99627]]}}, {"type": "Feature", "properties": {}, "geometry": {"type": "LineString", "coordinates": [[77.57582, 12.99627], [77.57606, 12.99581]]}}, {"type": "Feature", "properties": {}, "geometry": {"type": "LineString", "coordinates": [[77.57606, 12.99581], [77.57613, 12.9957]]}}, {"type": "Feature", "properties": {}, "geometry": {"type": "LineString", "coordinates": [[77.57613, 12.9957], [77.5762, 12.99552]]}}, {"type": "Feature", "properties": {}, "geometry": {"type": "LineString", "coordinates": [[77.5762, 12.99552], [77.57631, 12.99538]]}}, {"type": "Feature", "properties": {}, "geometry": {"type": "LineString", "coordinates": [[77.57631, 12.99538], [77.57656, 12.99485]]}}, {"type": "Feature", "properties": {}, "geometry": {"type": "LineString", "coordinates": [[77.57656, 12.99485], [77.5768, 12.99439]]}}, {"type": "Feature", "properties": {}, "geometry": {"type": "LineString", "coordinates": [[77.5768, 12.99439], [77.57715, 12.99376]]}}, {"type": "Feature", "properties": {}, "geometry": {"type": "LineString", "coordinates": [[77.57715, 12.99376], [77.57715, 12.99369]]}}, {"type": "Feature", "properties": {}, "geometry": {"type": "LineString", "coordinates": [[77.57715, 12.99369], [77.57803, 12.99213]]}}, {"type": "Feature", "properties": {}, "geometry": {"type": "LineString", "coordinates": [[77.57803, 12.99213], [77.57835, 12.99153]]}}, {"type": "Feature", "properties": {}, "geometry": {"type": "LineString", "coordinates": [[77.57835, 12.99153], [77.57863, 12.99096]]}}, {"type": "Feature", "properties": {}, "geometry": {"type": "LineString", "coordinates": [[77.57863, 12.99096], [77.57884, 12.9905]]}}, {"type": "Feature", "properties": {}, "geometry": {"type": "LineString", "coordinates": [[77.57884, 12.9905], [77.57891, 12.99036]]}}, {"type": "Feature", "properties": {}, "geometry": {"type": "LineString", "coordinates": [[77.57891, 12.99036], [77.57902, 12.99004]]}}, {"type": "Feature", "properties": {}, "geometry": {"type": "LineString", "coordinates": [[77.57902, 12.99004], [77.57887, 12.9898]]}}, {"type": "Feature", "properties": {}, "geometry": {"type": "LineString", "coordinates": [[77.57887, 12.9898], [77.57884, 12.9898]]}}, {"type": "Feature", "properties": {}, "geometry": {"type": "LineString", "coordinates": [[77.57884, 12.9898], [77.57883, 12.98966]]}}, {"type": "Feature", "properties": {}, "geometry": {"type": "LineString", "coordinates": [[77.57883, 12.98966], [77.57898, 12.98959]]}}, {"type": "Feature", "properties": {}, "geometry": {"type": "LineString", "coordinates": [[77.58462, 13.00441], [77.58534, 13.00465], [77.58685, 13.00446], [77.58811, 13.00508], [77.59109, 13.00558], [77.59296, 13.00521]]}}, {"type": "Feature", "properties": {}, "geometry": {"type": "LineString", "coordinates": [[77.59296, 13.00521], [77.59338, 13.00507]]}}, {"type": "Feature", "properties": {}, "geometry": {"type": "LineString", "coordinates": [[77.59338, 13.00507], [77.59342, 13.00503]]}}, {"type": "Feature", "properties": {}, "geometry": {"type": "LineString", "coordinates": [[77.59342, 13.00503], [77.59446, 13.00164]]}}, {"type": "Feature", "properties": {}, "geometry": {"type": "LineString", "coordinates": [[77.59446, 13.00161], [77.5945, 13.00154]]}}, {"type": "Feature", "properties": {}, "geometry": {"type": "LineString", "coordinates": [[77.5945, 13.00154], [77.59495, 13.00005]]}}, {"type": "Feature", "properties": {}, "geometry": {"type": "LineString", "coordinates": [[77.59495, 13.00005], [77.59509, 12.99998]]}}, {"type": "Feature", "properties": {}, "geometry": {"type": "LineString", "coordinates": [[77.59509, 12.99998], [77.59595, 12.99987]]}}, {"type": "Feature", "properties": {}, "geometry": {"type": "LineString", "coordinates": [[77.59595, 12.99987], [77.59727, 12.99954]]}}, {"type": "Feature", "properties": {}, "geometry": {"type": "LineString", "coordinates": [[77.59857, 12.99945], [77.59968, 12.99972]]}}, {"type": "Feature", "properties": {}, "geometry": {"type": "LineString", "coordinates": [[77.59727, 12.99954], [77.59763, 12.99953]]}}, {"type": "Feature", "properties": {}, "geometry": {"type": "LineString", "coordinates": [[77.59763, 12.99953], [77.59842, 12.99946]]}}, {"type": "Feature", "properties": {}, "geometry": {"type": "LineString", "coordinates": [[77.59842, 12.99946], [77.59857, 12.99945]]}}, {"type": "Feature", "properties": {}, "geometry": {"type": "LineString", "coordinates": [[77.56609, 13.01051], [77.56644, 13.00952], [77.56669, 13.00948], [77.56676, 13.00565], [77.57789, 13.00543], [77.57864, 13.00546], [77.57868, 13.00585]]}}, {"type": "Feature", "properties": {}, "geometry": {"type": "LineString", "coordinates": [[77.56274, 13.00203], [77.56317, 13.00227]]}}, {"type": "Feature", "properties": {}, "geometry": {"type": "LineString", "coordinates": [[77.55985, 13.03116], [77.55981, 13.03123]]}}, {"type": "Feature", "properties": {}, "geometry": {"type": "LineString", "coordinates": [[77.55995, 13.03102], [77.55985, 13.03116]]}}, {"type": "Feature", "properties": {}, "geometry": {"type": "LineString", "coordinates": [[77.56162, 13.02868], [77.55995, 13.03102]]}}, {"type": "Feature", "properties": {}, "geometry": {"type": "LineString", "coordinates": [[77.56165, 13.02868], [77.56162, 13.02868]]}}, {"type": "Feature", "properties": {}, "geometry": {"type": "LineString", "coordinates": [[77.56172, 13.02854], [77.56165, 13.02868]]}}, {"type": "Feature", "properties": {}, "geometry": {"type": "LineString", "coordinates": [[77.56193, 13.02822], [77.56172, 13.02854]]}}, {"type": "Feature", "properties": {}, "geometry": {"type": "LineString", "coordinates": [[77.56191, 13.02635], [77.56193, 13.02822]]}}, {"type": "Feature", "properties": {}, "geometry": {"type": "LineString", "coordinates": [[77.56261, 13.02462], [77.56191, 13.02635]]}}, {"type": "Feature", "properties": {}, "geometry": {"type": "LineString", "coordinates": [[77.56289, 13.02374], [77.56261, 13.02462]]}}, {"type": "Feature", "properties": {}, "geometry": {"type": "LineString", "coordinates": [[77.56317, 13.02247], [77.56289, 13.02374]]}}, {"type": "Feature", "properties": {}, "geometry": {"type": "LineString", "coordinates": [[77.56272, 13.02057], [77.5632, 13.02156]]}}, {"type": "Feature", "properties": {}, "geometry": {"type": "LineString", "coordinates": [[77.5632, 13.02156], [77.56323, 13.02162], [77.56317, 13.02247]]}}, {"type": "Feature", "properties": {}, "geometry": {"type": "LineString", "coordinates": [[77.56257, 13.02029], [77.56272, 13.02057]]}}, {"type": "Feature", "properties": {}, "geometry": {"type": "LineString", "coordinates": [[77.56173, 13.01921], [77.56257, 13.02029]]}}, {"type": "Feature", "properties": {}, "geometry": {"type": "LineString", "coordinates": [[77.5606, 13.01725], [77.56173, 13.01921]]}}, {"type": "Feature", "properties": {}, "geometry": {"type": "LineString", "coordinates": [[77.56438, 13.0151], [77.5606, 13.01725]]}}, {"type": "Feature", "properties": {}, "geometry": {"type": "LineString", "coordinates": [[77.55118, 13.02266], [77.55221, 13.02135]]}}, {"type": "Feature", "properties": {}, "geometry": {"type": "LineString", "coordinates": [[77.56267, 13.00199], [77.56274, 13.00203]]}}, {"type": "Feature", "properties": {}, "geometry": {"type": "LineString", "coordinates": [[77.56739, 13.01096], [77.56757, 13.01071]]}}, {"type": "Feature", "properties": {}, "geometry": {"type": "LineString", "coordinates": [[77.56757, 13.01071], [77.56757, 13.01067]]}}, {"type": "Feature", "properties": {}, "geometry": {"type": "LineString", "coordinates": [[77.56757, 13.01067], [77.5676, 13.01067]]}}, {"type": "Feature", "properties": {}, "geometry": {"type": "LineString", "coordinates": [[77.5676, 13.01067], [77.56764, 13.0106]]}}, {"type": "Feature", "properties": {}, "geometry": {"type": "LineString", "coordinates": [[77.56764, 13.0106], [77.5681, 13.00982]]}}, {"type": "Feature", "properties": {}, "geometry": {"type": "LineString", "coordinates": [[77.5681, 13.00982], [77.56813, 13.00979]]}}, {"type": "Feature", "properties": {}, "geometry": {"type": "LineString", "coordinates": [[77.56813, 13.00979], [77.56877, 13.00876], [77.57124, 13.00859]]}}, {"type": "Feature", "properties": {}, "geometry": {"type": "LineString", "coordinates": [[77.57124, 13.00859], [77.57128, 13.00859]]}}, {"type": "Feature", "properties": {}, "geometry": {"type": "LineString", "coordinates": [[77.57128, 13.00859], [77.57171, 13.00855], [77.57224, 13.00799], [77.57363, 13.0073], [77.57733, 13.00709], [77.57854, 13.00648]]}}, {"type": "Feature", "properties": {}, "geometry": {"type": "LineString", "coordinates": [[77.57854, 13.00648], [77.57876, 13.00641]]}}, {"type": "Feature", "properties": {}, "geometry": {"type": "LineString", "coordinates": [[77.57876, 13.00641], [77.57883, 13.00641]]}}, {"type": "Feature", "properties": {}, "geometry": {"type": "LineString", "coordinates": [[77.5671, 13.01106], [77.56742, 13.0106]]}}, {"type": "Feature", "properties": {}, "geometry": {"type": "LineString", "coordinates": [[77.56742, 13.0106], [77.56742, 13.01057]]}}, {"type": "Feature", "properties": {}, "geometry": {"type": "LineString", "coordinates": [[77.56742, 13.01057], [77.56799, 13.00975]]}}, {"type": "Feature", "properties": {}, "geometry": {"type": "LineString", "coordinates": [[77.56799, 13.00975], [77.56802, 13.00972]]}}, {"type": "Feature", "properties": {}, "geometry": {"type": "LineString", "coordinates": [[77.56802, 13.00972], [77.5687, 13.00873]]}}, {"type": "Feature", "properties": {}, "geometry": {"type": "LineString", "coordinates": [[77.5687, 13.00873], [77.57124, 13.00856]]}}, {"type": "Feature", "properties": {}, "geometry": {"type": "LineString", "coordinates": [[77.57124, 13.00856], [77.57128, 13.00856]]}}, {"type": "Feature", "properties": {}, "geometry": {"type": "LineString", "coordinates": [[77.57128, 13.00856], [77.57171, 13.00852], [77.57242, 13.00784], [77.57406, 13.00719]]}}, {"type": "Feature", "properties": {}, "geometry": {"type": "LineString", "coordinates": [[77.57406, 13.00719], [77.57715, 13.00709], [77.57854, 13.00645]]}}, {"type": "Feature", "properties": {}, "geometry": {"type": "LineString", "coordinates": [[77.57854, 13.00645], [77.57864, 13.00581]]}}, {"type": "Feature", "properties": {}, "geometry": {"type": "LineString", "coordinates": [[77.57864, 13.00581], [77.57868, 13.00578]]}}, {"type": "Feature", "properties": {}, "geometry": {"type": "LineString", "coordinates": [[77.58336, 13.01453], [77.58336, 13.01467]]}}, {"type": "Feature", "properties": {}, "geometry": {"type": "LineString", "coordinates": [[77.58336, 13.01449], [77.58336, 13.01453]]}}, {"type": "Feature", "properties": {}, "geometry": {"type": "LineString", "coordinates": [[77.58327, 13.01291], [77.58336, 13.01449]]}}, {"type": "Feature", "properties": {}, "geometry": {"type": "LineString", "coordinates": [[77.58284, 13.01295], [77.58327, 13.01291]]}}, {"type": "Feature", "properties": {}, "geometry": {"type": "LineString", "coordinates": [[77.58277, 13.01291], [77.58284, 13.01295]]}}, {"type": "Feature", "properties": {}, "geometry": {"type": "LineString", "coordinates": [[77.58183, 13.0119], [77.58277, 13.01291]]}}, {"type": "Feature", "properties": {}, "geometry": {"type": "LineString", "coordinates": [[77.58383, 13.01143], [77.58397, 13.01456]]}}, {"type": "Feature", "properties": {}, "geometry": {"type": "LineString", "coordinates": [[77.59328, 13.00552], [77.59332, 13.00545]]}}, {"type": "Feature", "properties": {}, "geometry": {"type": "LineString", "coordinates": [[77.59332, 13.00545], [77.59342, 13.00503]]}}, {"type": "Feature", "properties": {}, "geometry": {"type": "LineString", "coordinates": [[77.59342, 13.00503], [77.5939, 13.00334]]}}, {"type": "Feature", "properties": {}, "geometry": {"type": "LineString", "coordinates": [[77.5939, 13.00334], [77.59439, 13.00174]]}}, {"type": "Feature", "properties": {}, "geometry": {"type": "LineString", "coordinates": [[77.59439, 13.00174], [77.59443, 13.00161]]}}, {"type": "Feature", "properties": {}, "geometry": {"type": "LineString", "coordinates": [[77.59443, 13.00161], [77.59446, 13.00154]]}}, {"type": "Feature", "properties": {}, "geometry": {"type": "LineString", "coordinates": [[77.59446, 13.00154], [77.59495, 13.00005]]}}, {"type": "Feature", "properties": {}, "geometry": {"type": "LineString", "coordinates": [[77.59495, 13.00005], [77.59643, 12.99455]]}}, {"type": "Feature", "properties": {}, "geometry": {"type": "LineString", "coordinates": [[77.59797, 13.00755], [77.598, 13.00755]]}}, {"type": "Feature", "properties": {}, "geometry": {"type": "LineString", "coordinates": [[77.598, 13.00755], [77.59822, 13.00741]]}}, {"type": "Feature", "properties": {}, "geometry": {"type": "LineString", "coordinates": [[77.59822, 13.00741], [77.599, 13.00705]]}}, {"type": "Feature", "properties": {}, "geometry": {"type": "LineString", "coordinates": [[77.599, 13.00705], [77.59957, 13.00669]]}}, {"type": "Feature", "properties": {}, "geometry": {"type": "LineString", "coordinates": [[77.59957, 13.00669], [77.59961, 13.00666]]}}, {"type": "Feature", "properties": {}, "geometry": {"type": "LineString", "coordinates": [[77.59961, 13.00666], [77.59982, 13.00648]]}}, {"type": "Feature", "properties": {}, "geometry": {"type": "LineString", "coordinates": [[77.59442, 13.00491], [77.59635, 13.00345]]}}, {"type": "Feature", "properties": {}, "geometry": {"type": "LineString", "coordinates": [[77.59635, 13.00345], [77.59681, 13.00324]]}}, {"type": "Feature", "properties": {}, "geometry": {"type": "LineString", "coordinates": [[77.5939, 13.0033], [77.5939, 13.00334]]}}, {"type": "Feature", "properties": {}, "geometry": {"type": "LineString", "coordinates": [[77.58933, 13.00208], [77.59073, 13.00207], [77.5939, 13.0033]]}}, {"type": "Feature", "properties": {}, "geometry": {"type": "LineString", "coordinates": [[77.58427, 13.00199], [77.58933, 13.00208]]}}, {"type": "Feature", "properties": {}, "geometry": {"type": "LineString", "coordinates": [[77.59986, 12.99983], [77.59948, 13.00117]]}}, {"type": "Feature", "properties": {}, "geometry": {"type": "LineString", "coordinates": [[77.59975, 12.99976], [77.59986, 12.99983]]}}, {"type": "Feature", "properties": {}, "geometry": {"type": "LineString", "coordinates": [[77.59325, 13.00552], [77.59328, 13.00552]]}}, {"type": "Feature", "properties": {}, "geometry": {"type": "LineString", "coordinates": [[77.59328, 13.00552], [77.59335, 13.00552]]}}, {"type": "Feature", "properties": {}, "geometry": {"type": "LineString", "coordinates": [[77.59335, 13.00552], [77.59392, 13.00527]]}}, {"type": "Feature", "properties": {}, "geometry": {"type": "LineString", "coordinates": [[77.59392, 13.00527], [77.59442, 13.00491]]}}, {"type": "Feature", "properties": {}, "geometry": {"type": "LineString", "coordinates": [[77.58179, 13.01183], [77.58175, 13.01155]]}}, {"type": "Feature", "properties": {}, "geometry": {"type": "LineString", "coordinates": [[77.58175, 13.01155], [77.58179, 13.01148]]}}, {"type": "Feature", "properties": {}, "geometry": {"type": "LineString", "coordinates": [[77.58182, 13.01148], [77.58373, 13.01143]]}}, {"type": "Feature", "properties": {}, "geometry": {"type": "LineString", "coordinates": [[77.58179, 13.01148], [77.58182, 13.01148]]}}, {"type": "Feature", "properties": {}, "geometry": {"type": "LineString", "coordinates": [[77.58373, 13.01143], [77.58376, 13.01143]]}}, {"type": "Feature", "properties": {}, "geometry": {"type": "LineString", "coordinates": [[77.58376, 13.01143], [77.5838, 13.01143]]}}, {"type": "Feature", "properties": {}, "geometry": {"type": "LineString", "coordinates": [[77.5838, 13.01143], [77.58383, 13.01143]]}}, {"type": "Feature", "properties": {}, "geometry": {"type": "LineString", "coordinates": [[77.58183, 13.01187], [77.58186, 13.01187]]}}, {"type": "Feature", "properties": {}, "geometry": {"type": "LineString", "coordinates": [[77.58186, 13.01187], [77.58186, 13.01169]]}}, {"type": "Feature", "properties": {}, "geometry": {"type": "LineString", "coordinates": [[77.58186, 13.01169], [77.58186, 13.01152]]}}, {"type": "Feature", "properties": {}, "geometry": {"type": "LineString", "coordinates": [[77.5827, 13.01967], [77.58271, 13.02118]]}}, {"type": "Feature", "properties": {}, "geometry": {"type": "LineString", "coordinates": [[77.58021, 13.01484], [77.58243, 13.01471], [77.5827, 13.01967]]}}, {"type": "Feature", "properties": {}, "geometry": {"type": "LineString", "coordinates": [[77.5801, 13.01484], [77.58021, 13.01484]]}}, {"type": "Feature", "properties": {}, "geometry": {"type": "LineString", "coordinates": [[77.56725, 13.01078], [77.56707, 13.01106]]}}, {"type": "Feature", "properties": {}, "geometry": {"type": "LineString", "coordinates": [[77.56739, 13.0106], [77.56725, 13.01078]]}}, {"type": "Feature", "properties": {}, "geometry": {"type": "LineString", "coordinates": [[77.56739, 13.01057], [77.56739, 13.0106]]}}, {"type": "Feature", "properties": {}, "geometry": {"type": "LineString", "coordinates": [[77.56742, 13.01057], [77.56739, 13.01057]]}}, {"type": "Feature", "properties": {}, "geometry": {"type": "LineString", "coordinates": [[77.56746, 13.01046], [77.56742, 13.01057]]}}, {"type": "Feature", "properties": {}, "geometry": {"type": "LineString", "coordinates": [[77.56802, 13.00972], [77.56746, 13.01046]]}}, {"type": "Feature", "properties": {}, "geometry": {"type": "LineString", "coordinates": [[77.56802, 13.00968], [77.56802, 13.00972]]}}, {"type": "Feature", "properties": {}, "geometry": {"type": "LineString", "coordinates": [[77.56817, 13.0095], [77.56802, 13.00968]]}}, {"type": "Feature", "properties": {}, "geometry": {"type": "LineString", "coordinates": [[77.5682, 13.00947], [77.56817, 13.0095]]}}, {"type": "Feature", "properties": {}, "geometry": {"type": "LineString", "coordinates": [[77.56873, 13.00865], [77.5682, 13.00947]]}}, {"type": "Feature", "properties": {}, "geometry": {"type": "LineString", "coordinates": [[77.56901, 13.00819], [77.56873, 13.00865]]}}, {"type": "Feature", "properties": {}, "geometry": {"type": "LineString", "coordinates": [[77.56919, 13.00795], [77.56901, 13.00819]]}}, {"type": "Feature", "properties": {}, "geometry": {"type": "LineString", "coordinates": [[77.56958, 13.00734], [77.56919, 13.00795]]}}, {"type": "Feature", "properties": {}, "geometry": {"type": "LineString", "coordinates": [[77.56961, 13.00727], [77.56958, 13.00734]]}}, {"type": "Feature", "properties": {}, "geometry": {"type": "LineString", "coordinates": [[77.56993, 13.00681], [77.56961, 13.00727]]}}, {"type": "Feature", "properties": {}, "geometry": {"type": "LineString", "coordinates": [[77.56997, 13.00674], [77.56993, 13.00681]]}}, {"type": "Feature", "properties": {}, "geometry": {"type": "LineString", "coordinates": [[77.57014, 13.00646], [77.56997, 13.00674]]}}, {"type": "Feature", "properties": {}, "geometry": {"type": "LineString", "coordinates": [[77.57078, 13.00557], [77.57014, 13.00646]]}}, {"type": "Feature", "properties": {}, "geometry": {"type": "LineString", "coordinates": [[77.57078, 13.00554], [77.57078, 13.00557]]}}, {"type": "Feature", "properties": {}, "geometry": {"type": "LineString", "coordinates": [[77.57082, 13.0055], [77.57078, 13.00554]]}}, {"type": "Feature", "properties": {}, "geometry": {"type": "LineString", "coordinates": [[77.57131, 13.0049], [77.57082, 13.0055]]}}, {"type": "Feature", "properties": {}, "geometry": {"type": "LineString", "coordinates": [[77.57135, 13.0049], [77.57131, 13.0049]]}}, {"type": "Feature", "properties": {}, "geometry": {"type": "LineString", "coordinates": [[77.57202, 13.00362], [77.57135, 13.0049]]}}, {"type": "Feature", "properties": {}, "geometry": {"type": "LineString", "coordinates": [[77.59397, 13.02329], [77.59397, 13.02336]]}}, {"type": "Feature", "properties": {}, "geometry": {"type": "LineString", "coordinates": [[77.59389, 13.02308], [77.59397, 13.02329]]}}, {"type": "Feature", "properties": {}, "geometry": {"type": "LineString", "coordinates": [[77.5936, 13.02203], [77.59389, 13.02308]]}}, {"type": "Feature", "properties": {}, "geometry": {"type": "LineString", "coordinates": [[77.59209, 13.01828], [77.59263, 13.02235]]}}, {"type": "Feature", "properties": {}, "geometry": {"type": "LineString", "coordinates": [[77.59263, 13.02235], [77.5932, 13.02214]]}}, {"type": "Feature", "properties": {}, "geometry": {"type": "LineString", "coordinates": [[77.5932, 13.02214], [77.5936, 13.02203]]}}, {"type": "Feature", "properties": {}, "geometry": {"type": "LineString", "coordinates": [[77.59118, 13.01719], [77.59155, 13.01842]]}}, {"type": "Feature", "properties": {}, "geometry": {"type": "LineString", "coordinates": [[77.59155, 13.01842], [77.59209, 13.01828]]}}, {"type": "Feature", "properties": {}, "geometry": {"type": "LineString", "coordinates": [[77.58407, 13.01705], [77.5845, 13.01726], [77.58803, 13.01691]]}}, {"type": "Feature", "properties": {}, "geometry": {"type": "LineString", "coordinates": [[77.58803, 13.01691], [77.58888, 13.01683]]}}, {"type": "Feature", "properties": {}, "geometry": {"type": "LineString", "coordinates": [[77.59114, 13.01705], [77.59118, 13.01719]]}}, {"type": "Feature", "properties": {}, "geometry": {"type": "LineString", "coordinates": [[77.58888, 13.01683], [77.58999, 13.01706], [77.59099, 13.01667]]}}, {"type": "Feature", "properties": {}, "geometry": {"type": "LineString", "coordinates": [[77.59107, 13.01688], [77.59114, 13.01705]]}}, {"type": "Feature", "properties": {}, "geometry": {"type": "LineString", "coordinates": [[77.58403, 13.01705], [77.58407, 13.01705]]}}, {"type": "Feature", "properties": {}, "geometry": {"type": "LineString", "coordinates": [[77.58397, 13.01456], [77.58403, 13.01705]]}}, {"type": "Feature", "properties": {}, "geometry": {"type": "LineString", "coordinates": [[77.59103, 13.01674], [77.59107, 13.01688]]}}, {"type": "Feature", "properties": {}, "geometry": {"type": "LineString", "coordinates": [[77.59099, 13.01667], [77.59103, 13.01674]]}}, {"type": "Feature", "properties": {}, "geometry": {"type": "LineString", "coordinates": [[77.58139, 13.01148], [77.58139, 13.01152]]}}, {"type": "Feature", "properties": {}, "geometry": {"type": "LineString", "coordinates": [[77.58157, 13.01141], [77.58139, 13.01148]]}}, {"type": "Feature", "properties": {}, "geometry": {"type": "LineString", "coordinates": [[77.58207, 13.01137], [77.58157, 13.01141]]}}, {"type": "Feature", "properties": {}, "geometry": {"type": "LineString", "coordinates": [[77.58207, 13.01084], [77.58207, 13.01137]]}}, {"type": "Feature", "properties": {}, "geometry": {"type": "LineString", "coordinates": [[77.5821, 13.01025], [77.58207, 13.01084]]}}, {"type": "Feature", "properties": {}, "geometry": {"type": "LineString", "coordinates": [[77.58213, 13.00965], [77.5821, 13.01025]]}}, {"type": "Feature", "properties": {}, "geometry": {"type": "LineString", "coordinates": [[77.58216, 13.00915], [77.58213, 13.00965]]}}, {"type": "Feature", "properties": {}, "geometry": {"type": "LineString", "coordinates": [[77.58219, 13.00912], [77.58216, 13.00915]]}}, {"type": "Feature", "properties": {}, "geometry": {"type": "LineString", "coordinates": [[77.58298, 13.00904], [77.58219, 13.00912]]}}, {"type": "Feature", "properties": {}, "geometry": {"type": "LineString", "coordinates": [[77.58308, 13.0083], [77.58298, 13.00904]]}}, {"type": "Feature", "properties": {}, "geometry": {"type": "LineString", "coordinates": [[77.58321, 13.00679], [77.58308, 13.0083]]}}, {"type": "Feature", "properties": {}, "geometry": {"type": "LineString", "coordinates": [[77.5833, 13.00485], [77.58321, 13.00679]]}}, {"type": "Feature", "properties": {}, "geometry": {"type": "LineString", "coordinates": [[77.58115, 13.00508], [77.58247, 13.00426]]}}, {"type": "Feature", "properties": {}, "geometry": {"type": "LineString", "coordinates": [[77.58115, 13.00505], [77.58115, 13.00508]]}}, {"type": "Feature", "properties": {}, "geometry": {"type": "LineString", "coordinates": [[77.58115, 13.00501], [77.58115, 13.00505]]}}, {"type": "Feature", "properties": {}, "geometry": {"type": "LineString", "coordinates": [[77.58115, 13.00498], [77.58115, 13.00501]]}}, {"type": "Feature", "properties": {}, "geometry": {"type": "LineString", "coordinates": [[77.58107, 13.00445], [77.58115, 13.00498]]}}, {"type": "Feature", "properties": {}, "geometry": {"type": "LineString", "coordinates": [[77.58333, 13.00404], [77.5833, 13.00485]]}}, {"type": "Feature", "properties": {}, "geometry": {"type": "LineString", "coordinates": [[77.58107, 13.00438], [77.58107, 13.00445]]}}, {"type": "Feature", "properties": {}, "geometry": {"type": "LineString", "coordinates": [[77.58103, 13.00431], [77.58107, 13.00438]]}}, {"type": "Feature", "properties": {}, "geometry": {"type": "LineString", "coordinates": [[77.58099, 13.0034], [77.58103, 13.00431]]}}, {"type": "Feature", "properties": {}, "geometry": {"type": "LineString", "coordinates": [[77.58247, 13.00426], [77.58332, 13.00376]]}}, {"type": "Feature", "properties": {}, "geometry": {"type": "LineString", "coordinates": [[77.58332, 13.0039], [77.58333, 13.00404]]}}, {"type": "Feature", "properties": {}, "geometry": {"type": "LineString", "coordinates": [[77.58332, 13.00379], [77.58332, 13.0039]]}}, {"type": "Feature", "properties": {}, "geometry": {"type": "LineString", "coordinates": [[77.58332, 13.00376], [77.58332, 13.00379]]}}, {"type": "Feature", "properties": {}, "geometry": {"type": "LineString", "coordinates": [[77.58095, 13.00297], [77.58099, 13.0034]]}}, {"type": "Feature", "properties": {}, "geometry": {"type": "LineString", "coordinates": [[77.58094, 13.00266], [77.58095, 13.00297]]}}, {"type": "Feature", "properties": {}, "geometry": {"type": "LineString", "coordinates": [[77.5809, 13.00199], [77.58094, 13.00266]]}}, {"type": "Feature", "properties": {}, "geometry": {"type": "LineString", "coordinates": [[77.5809, 13.00171], [77.5809, 13.00199]]}}, {"type": "Feature", "properties": {}, "geometry": {"type": "LineString", "coordinates": [[77.58086, 13.00143], [77.5809, 13.00171]]}}, {"type": "Feature", "properties": {}, "geometry": {"type": "LineString", "coordinates": [[77.58086, 13.00118], [77.58086, 13.00143]]}}, {"type": "Feature", "properties": {}, "geometry": {"type": "LineString", "coordinates": [[77.58085, 13.00083], [77.58086, 13.00118]]}}, {"type": "Feature", "properties": {}, "geometry": {"type": "LineString", "coordinates": [[77.58081, 13.00055], [77.58085, 13.00083]]}}, {"type": "Feature", "properties": {}, "geometry": {"type": "LineString", "coordinates": [[77.58081, 13.00034], [77.58081, 13.00055]]}}, {"type": "Feature", "properties": {}, "geometry": {"type": "LineString", "coordinates": [[77.58081, 13.0003], [77.58081, 13.00034]]}}, {"type": "Feature", "properties": {}, "geometry": {"type": "LineString", "coordinates": [[77.58077, 12.99998], [77.58081, 13.0003]]}}, {"type": "Feature", "properties": {}, "geometry": {"type": "LineString", "coordinates": [[77.58077, 12.99967], [77.58077, 12.99998]]}}, {"type": "Feature", "properties": {}, "geometry": {"type": "LineString", "coordinates": [[77.58077, 12.99939], [77.58077, 12.99967]]}}, {"type": "Feature", "properties": {}, "geometry": {"type": "LineString", "coordinates": [[77.58076, 12.99917], [77.58077, 12.99939]]}}, {"type": "Feature", "properties": {}, "geometry": {"type": "LineString", "coordinates": [[77.5906, 13.01006], [77.58777, 13.01385], [77.58593, 13.0144]]}}, {"type": "Feature", "properties": {}, "geometry": {"type": "LineString", "coordinates": [[77.58593, 13.0144], [77.58584, 13.01443], [77.58575, 13.01443]]}}, {"type": "Feature", "properties": {}, "geometry": {"type": "LineString", "coordinates": [[77.58575, 13.01443], [77.58404, 13.01434]]}}, {"type": "Feature", "properties": {}, "geometry": {"type": "LineString", "coordinates": [[77.58404, 13.01434], [77.58404, 13.01431]]}}, {"type": "Feature", "properties": {}, "geometry": {"type": "LineString", "coordinates": [[77.5906, 13.01002], [77.5906, 13.01006]]}}, {"type": "Feature", "properties": {}, "geometry": {"type": "LineString", "coordinates": [[77.59067, 13.00995], [77.5906, 13.01002]]}}, {"type": "Feature", "properties": {}, "geometry": {"type": "LineString", "coordinates": [[77.59223, 13.00751], [77.59067, 13.00995]]}}, {"type": "Feature", "properties": {}, "geometry": {"type": "LineString", "coordinates": [[77.59226, 13.00747], [77.59223, 13.00751]]}}, {"type": "Feature", "properties": {}, "geometry": {"type": "LineString", "coordinates": [[77.59325, 13.00552], [77.59226, 13.00747]]}}, {"type": "Feature", "properties": {}, "geometry": {"type": "LineString", "coordinates": [[77.58115, 13.00508], [77.57897, 13.0063]]}}, {"type": "Feature", "properties": {}, "geometry": {"type": "LineString", "coordinates": [[77.57897, 13.0063], [77.5789, 13.0063]]}}, {"type": "Feature", "properties": {}, "geometry": {"type": "LineString", "coordinates": [[77.5789, 13.0063], [77.57871, 13.00585]]}}, {"type": "Feature", "properties": {}, "geometry": {"type": "LineString", "coordinates": [[77.57871, 13.00585], [77.57868, 13.00578]]}}, {"type": "Feature", "properties": {}, "geometry": {"type": "LineString", "coordinates": [[77.57868, 13.00578], [77.57943, 13.00535]]}}, {"type": "Feature", "properties": {}, "geometry": {"type": "LineString", "coordinates": [[77.57943, 13.00535], [77.58, 13.00499]]}}, {"type": "Feature", "properties": {}, "geometry": {"type": "LineString", "coordinates": [[77.58, 13.00499], [77.58071, 13.00459]]}}, {"type": "Feature", "properties": {}, "geometry": {"type": "LineString", "coordinates": [[77.58173, 13.01254], [77.58148, 13.01254]]}}, {"type": "Feature", "properties": {}, "geometry": {"type": "LineString", "coordinates": [[77.57904, 13.00641], [77.58332, 13.0039]]}}, {"type": "Feature", "properties": {}, "geometry": {"type": "LineString", "coordinates": [[77.57883, 13.00641], [77.57904, 13.00641]]}}, {"type": "Feature", "properties": {}, "geometry": {"type": "LineString", "coordinates": [[77.58332, 13.0039], [77.58361, 13.00376]]}}, {"type": "Feature", "properties": {}, "geometry": {"type": "LineString", "coordinates": [[77.57249, 13.01471], [77.57902, 13.01485]]}}, {"type": "Feature", "properties": {}, "geometry": {"type": "LineString", "coordinates": [[77.57902, 13.01485], [77.58014, 13.01481]]}}, {"type": "Feature", "properties": {}, "geometry": {"type": "LineString", "coordinates": [[77.58014, 13.01481], [77.5801, 13.01484]]}}, {"type": "Feature", "properties": {}, "geometry": {"type": "LineString", "coordinates": [[77.57902, 13.01485], [77.57981, 13.0147]]}}, {"type": "Feature", "properties": {}, "geometry": {"type": "LineString", "coordinates": [[77.57981, 13.0147], [77.57977, 13.014]]}}, {"type": "Feature", "properties": {}, "geometry": {"type": "LineString", "coordinates": [[77.57977, 13.014], [77.57976, 13.01351]]}}, {"type": "Feature", "properties": {}, "geometry": {"type": "LineString", "coordinates": [[77.57976, 13.01351], [77.57972, 13.01319]]}}, {"type": "Feature", "properties": {}, "geometry": {"type": "LineString", "coordinates": [[77.57972, 13.01319], [77.57972, 13.01316]]}}, {"type": "Feature", "properties": {}, "geometry": {"type": "LineString", "coordinates": [[77.57972, 13.01316], [77.57972, 13.01308]]}}, {"type": "Feature", "properties": {}, "geometry": {"type": "LineString", "coordinates": [[77.57972, 13.01308], [77.57968, 13.01203]]}}, {"type": "Feature", "properties": {}, "geometry": {"type": "LineString", "coordinates": [[77.57968, 13.01203], [77.57967, 13.01161]]}}, {"type": "Feature", "properties": {}, "geometry": {"type": "LineString", "coordinates": [[77.5815, 13.01155], [77.5815, 13.01191]]}}, {"type": "Feature", "properties": {}, "geometry": {"type": "LineString", "coordinates": [[77.57967, 13.01161], [77.57967, 13.01157]]}}, {"type": "Feature", "properties": {}, "geometry": {"type": "LineString", "coordinates": [[77.57967, 13.01157], [77.58132, 13.01152]]}}, {"type": "Feature", "properties": {}, "geometry": {"type": "LineString", "coordinates": [[77.58139, 13.01152], [77.5815, 13.01155]]}}, {"type": "Feature", "properties": {}, "geometry": {"type": "LineString", "coordinates": [[77.58132, 13.01152], [77.58139, 13.01152]]}}, {"type": "Feature", "properties": {}, "geometry": {"type": "LineString", "coordinates": [[77.5818, 13.01257], [77.5818, 13.01296], [77.58277, 13.01291]]}}, {"type": "Feature", "properties": {}, "geometry": {"type": "LineString", "coordinates": [[77.58277, 13.01291], [77.58284, 13.01291]]}}, {"type": "Feature", "properties": {}, "geometry": {"type": "LineString", "coordinates": [[77.58284, 13.01291], [77.58335, 13.01287]]}}, {"type": "Feature", "properties": {}, "geometry": {"type": "LineString", "coordinates": [[77.58335, 13.01287], [77.58374, 13.01276]]}}, {"type": "Feature", "properties": {}, "geometry": {"type": "LineString", "coordinates": [[77.5716, 12.991], [77.57201, 12.98906]]}}, {"type": "Feature", "properties": {}, "geometry": {"type": "LineString", "coordinates": [[77.57201, 12.98906], [77.57211, 12.98853]]}}, {"type": "Feature", "properties": {}, "geometry": {"type": "LineString", "coordinates": [[77.57211, 12.98853], [77.57215, 12.98846]]}}, {"type": "Feature", "properties": {}, "geometry": {"type": "LineString", "coordinates": [[77.57215, 12.98846], [77.5722, 12.98687]]}}, {"type": "Feature", "properties": {}, "geometry": {"type": "LineString", "coordinates": [[77.5722, 12.98687], [77.57226, 12.98536]]}}, {"type": "Feature", "properties": {}, "geometry": {"type": "LineString", "coordinates": [[77.57226, 12.98536], [77.57229, 12.98532]]}}, {"type": "Feature", "properties": {}, "geometry": {"type": "LineString", "coordinates": [[77.57229, 12.98532], [77.57229, 12.98529]]}}, {"type": "Feature", "properties": {}, "geometry": {"type": "LineString", "coordinates": [[77.57229, 12.98529], [77.57279, 12.98416]]}}, {"type": "Feature", "properties": {}, "geometry": {"type": "LineString", "coordinates": [[77.57285, 12.98387], [77.57279, 12.98416]]}}, {"type": "Feature", "properties": {}, "geometry": {"type": "LineString", "coordinates": [[77.57289, 12.98366], [77.57285, 12.98387]]}}, {"type": "Feature", "properties": {}, "geometry": {"type": "LineString", "coordinates": [[77.5648, 13.01007], [77.56422, 13.00965], [77.56282, 13.0097], [77.56328, 13.00895], [77.56228, 13.00904], [77.56233, 13.00759]]}}, {"type": "Feature", "properties": {}, "geometry": {"type": "LineString", "coordinates": [[77.58434, 12.9978], [77.58434, 12.99791]]}}, {"type": "Feature", "properties": {}, "geometry": {"type": "LineString", "coordinates": [[77.58437, 12.99777], [77.58434, 12.9978]]}}, {"type": "Feature", "properties": {}, "geometry": {"type": "LineString", "coordinates": [[77.58475, 12.99604], [77.58437, 12.99777]]}}, {"type": "Feature", "properties": {}, "geometry": {"type": "LineString", "coordinates": [[77.58434, 12.99791], [77.58434, 12.99792]]}}, {"type": "Feature", "properties": {}, "geometry": {"type": "LineString", "coordinates": [[77.58434, 12.99792], [77.58419, 12.99947]]}}, {"type": "Feature", "properties": {}, "geometry": {"type": "LineString", "coordinates": [[77.58419, 12.99947], [77.58418, 12.99953]]}}, {"type": "Feature", "properties": {}, "geometry": {"type": "LineString", "coordinates": [[77.58437, 12.9978], [77.58436, 12.99783]]}}, {"type": "Feature", "properties": {}, "geometry": {"type": "LineString", "coordinates": [[77.58436, 12.99783], [77.58435, 12.99787]]}}, {"type": "Feature", "properties": {}, "geometry": {"type": "LineString", "coordinates": [[77.58435, 12.99787], [77.58434, 12.99791]]}}, {"type": "Feature", "properties": {}, "geometry": {"type": "LineString", "coordinates": [[77.58437, 12.99777], [77.58437, 12.9978]]}}, {"type": "Feature", "properties": {}, "geometry": {"type": "LineString", "coordinates": [[77.58475, 12.99621], [77.58437, 12.99777]]}}, {"type": "Feature", "properties": {}, "geometry": {"type": "LineString", "coordinates": [[77.58427, 13.00199], [77.58425, 13.00361]]}}, {"type": "Feature", "properties": {}, "geometry": {"type": "LineString", "coordinates": [[77.58448, 12.99794], [77.58427, 13.00199]]}}, {"type": "Feature", "properties": {}, "geometry": {"type": "LineString", "coordinates": [[77.58183, 13.01187], [77.58186, 13.01187]]}}, {"type": "Feature", "properties": {}, "geometry": {"type": "LineString", "coordinates": [[77.57943, 13.00531], [77.57943, 13.00535]]}}, {"type": "Feature", "properties": {}, "geometry": {"type": "LineString", "coordinates": [[77.57942, 13.0051], [77.57943, 13.00531]]}}, {"type": "Feature", "properties": {}, "geometry": {"type": "LineString", "coordinates": [[77.56687, 13.01244], [77.56605, 13.01301]]}}, {"type": "Feature", "properties": {}, "geometry": {"type": "LineString", "coordinates": [[77.56669, 13.0123], [77.56622, 13.01273], [77.56594, 13.01262]]}}, {"type": "Feature", "properties": {}, "geometry": {"type": "LineString", "coordinates": [[77.56426, 13.01011], [77.56433, 13.00993]]}}, {"type": "Feature", "properties": {}, "geometry": {"type": "LineString", "coordinates": [[77.56658, 13.01223], [77.56676, 13.01195], [77.56654, 13.01181]]}}, {"type": "Feature", "properties": {}, "geometry": {"type": "LineString", "coordinates": [[77.57585, 13.03396], [77.57614, 13.03406]]}}, {"type": "Feature", "properties": {}, "geometry": {"type": "LineString", "coordinates": [[77.57627, 13.03307], [77.57585, 13.03396]]}}, {"type": "Feature", "properties": {}, "geometry": {"type": "LineString", "coordinates": [[77.5768, 13.03215], [77.57627, 13.03307]]}}, {"type": "Feature", "properties": {}, "geometry": {"type": "LineString", "coordinates": [[77.57683, 13.03205], [77.5768, 13.03215]]}}, {"type": "Feature", "properties": {}, "geometry": {"type": "LineString", "coordinates": [[77.57853, 13.02957], [77.57683, 13.03205]]}}, {"type": "Feature", "properties": {}, "geometry": {"type": "LineString", "coordinates": [[77.57878, 13.02914], [77.57853, 13.02957]]}}, {"type": "Feature", "properties": {}, "geometry": {"type": "LineString", "coordinates": [[77.57902, 13.02868], [77.57878, 13.02914]]}}, {"type": "Feature", "properties": {}, "geometry": {"type": "LineString", "coordinates": [[77.57906, 13.02868], [77.57902, 13.02868]]}}, {"type": "Feature", "properties": {}, "geometry": {"type": "LineString", "coordinates": [[77.57941, 13.02787], [77.57906, 13.02868]]}}, {"type": "Feature", "properties": {}, "geometry": {"type": "LineString", "coordinates": [[77.57141, 13.02848], [77.57199, 13.0284]]}}, {"type": "Feature", "properties": {}, "geometry": {"type": "LineString", "coordinates": [[77.57206, 13.02523], [77.57197, 13.02706], [77.57141, 13.02848]]}}, {"type": "Feature", "properties": {}, "geometry": {"type": "LineString", "coordinates": [[77.57199, 13.0284], [77.57353, 13.02807]]}}, {"type": "Feature", "properties": {}, "geometry": {"type": "LineString", "coordinates": [[77.57353, 13.02807], [77.57464, 13.02785]]}}, {"type": "Feature", "properties": {}, "geometry": {"type": "LineString", "coordinates": [[77.57962, 13.02734], [77.57941, 13.02787]]}}, {"type": "Feature", "properties": {}, "geometry": {"type": "LineString", "coordinates": [[77.57464, 13.02785], [77.57467, 13.02784]]}}, {"type": "Feature", "properties": {}, "geometry": {"type": "LineString", "coordinates": [[77.57467, 13.02784], [77.57528, 13.02773]]}}, {"type": "Feature", "properties": {}, "geometry": {"type": "LineString", "coordinates": [[77.57528, 13.02773], [77.57589, 13.02762]]}}, {"type": "Feature", "properties": {}, "geometry": {"type": "LineString", "coordinates": [[77.57589, 13.02762], [77.57696, 13.02743]]}}, {"type": "Feature", "properties": {}, "geometry": {"type": "LineString", "coordinates": [[77.57696, 13.02743], [77.57962, 13.02734]]}}, {"type": "Feature", "properties": {}, "geometry": {"type": "LineString", "coordinates": [[77.57227, 13.01474], [77.57271, 13.01481], [77.57206, 13.02523]]}}, {"type": "Feature", "properties": {}, "geometry": {"type": "LineString", "coordinates": [[77.56624, 13.01427], [77.57227, 13.01474]]}}, {"type": "Feature", "properties": {}, "geometry": {"type": "LineString", "coordinates": [[77.5662, 13.01417], [77.56624, 13.01427]]}}, {"type": "Feature", "properties": {}, "geometry": {"type": "LineString", "coordinates": [[77.56617, 13.01406], [77.5662, 13.01417]]}}, {"type": "Feature", "properties": {}, "geometry": {"type": "LineString", "coordinates": [[77.56634, 13.01392], [77.56617, 13.01406]]}}, {"type": "Feature", "properties": {}, "geometry": {"type": "LineString", "coordinates": [[77.56649, 13.01385], [77.56638, 13.01392]]}}, {"type": "Feature", "properties": {}, "geometry": {"type": "LineString", "coordinates": [[77.56734, 13.01331], [77.56649, 13.01385]]}}, {"type": "Feature", "properties": {}, "geometry": {"type": "LineString", "coordinates": [[77.56756, 13.01303], [77.56734, 13.01331]]}}, {"type": "Feature", "properties": {}, "geometry": {"type": "LineString", "coordinates": [[77.56687, 13.01244], [77.56756, 13.01303]]}}, {"type": "Feature", "properties": {}, "geometry": {"type": "LineString", "coordinates": [[77.56669, 13.0123], [77.56687, 13.01244]]}}, {"type": "Feature", "properties": {}, "geometry": {"type": "LineString", "coordinates": [[77.56658, 13.01223], [77.56669, 13.0123]]}}, {"type": "Feature", "properties": {}, "geometry": {"type": "LineString", "coordinates": [[77.56654, 13.01216], [77.56658, 13.01223]]}}, {"type": "Feature", "properties": {}, "geometry": {"type": "LineString", "coordinates": [[77.58081, 13.01719], [77.58081, 13.01751]]}}, {"type": "Feature", "properties": {}, "geometry": {"type": "LineString", "coordinates": [[77.5808, 13.01684], [77.58081, 13.01719]]}}, {"type": "Feature", "properties": {}, "geometry": {"type": "LineString", "coordinates": [[77.58081, 13.01719], [77.577, 13.01733]]}}, {"type": "Feature", "properties": {}, "geometry": {"type": "LineString", "coordinates": [[77.57871, 13.00585], [77.57868, 13.00585]]}}, {"type": "Feature", "properties": {}, "geometry": {"type": "LineString", "coordinates": [[77.58, 13.00506], [77.57871, 13.00585]]}}, {"type": "Feature", "properties": {}, "geometry": {"type": "LineString", "coordinates": [[77.58107, 13.00445], [77.58, 13.00506]]}}, {"type": "Feature", "properties": {}, "geometry": {"type": "LineString", "coordinates": [[77.58242, 13.00359], [77.58107, 13.00445]]}}, {"type": "Feature", "properties": {}, "geometry": {"type": "LineString", "coordinates": [[77.58396, 13.00305], [77.58342, 13.00302], [77.58242, 13.00359]]}}, {"type": "Feature", "properties": {}, "geometry": {"type": "LineString", "coordinates": [[77.58418, 12.99953], [77.58418, 12.99993]]}}, {"type": "Feature", "properties": {}, "geometry": {"type": "LineString", "coordinates": [[77.58418, 12.99993], [77.58414, 13.00305]]}}, {"type": "Feature", "properties": {}, "geometry": {"type": "LineString", "coordinates": [[77.58414, 13.00305], [77.58396, 13.00305]]}}, {"type": "Feature", "properties": {}, "geometry": {"type": "LineString", "coordinates": [[77.60039, 12.99873], [77.60074, 12.99813]]}}, {"type": "Feature", "properties": {}, "geometry": {"type": "LineString", "coordinates": [[77.60074, 12.99813], [77.60081, 12.99799]]}}, {"type": "Feature", "properties": {}, "geometry": {"type": "LineString", "coordinates": [[77.60081, 12.99799], [77.60081, 12.99795]]}}, {"type": "Feature", "properties": {}, "geometry": {"type": "LineString", "coordinates": [[77.60081, 12.99795], [77.60045, 12.99778]]}}, {"type": "Feature", "properties": {}, "geometry": {"type": "LineString", "coordinates": [[77.60045, 12.99778], [77.60009, 12.9975]]}}, {"type": "Feature", "properties": {}, "geometry": {"type": "LineString", "coordinates": [[77.60009, 12.9975], [77.60012, 12.9974]]}}, {"type": "Feature", "properties": {}, "geometry": {"type": "LineString", "coordinates": [[77.60012, 12.9974], [77.60009, 12.99736]]}}, {"type": "Feature", "properties": {}, "geometry": {"type": "LineString", "coordinates": [[77.57883, 13.00637], [77.58332, 13.00379]]}}, {"type": "Feature", "properties": {}, "geometry": {"type": "LineString", "coordinates": [[77.58332, 13.00379], [77.58414, 13.00315]]}}, {"type": "Feature", "properties": {}, "geometry": {"type": "LineString", "coordinates": [[77.58183, 13.01169], [77.58182, 13.01152]]}}, {"type": "Feature", "properties": {}, "geometry": {"type": "LineString", "coordinates": [[77.58182, 13.01152], [77.58182, 13.01148]]}}, {"type": "Feature", "properties": {}, "geometry": {"type": "LineString", "coordinates": [[77.58412, 13.00435], [77.5843, 13.00435]]}}, {"type": "Feature", "properties": {}, "geometry": {"type": "LineString", "coordinates": [[77.58148, 13.01254], [77.58173, 13.01254]]}}, {"type": "Feature", "properties": {}, "geometry": {"type": "LineString", "coordinates": [[77.58147, 13.01191], [77.58148, 13.01254]]}}, {"type": "Feature", "properties": {}, "geometry": {"type": "LineString", "coordinates": [[77.5815, 13.01155], [77.58147, 13.01191]]}}, {"type": "Feature", "properties": {}, "geometry": {"type": "LineString", "coordinates": [[77.58154, 13.01152], [77.5815, 13.01155]]}}, {"type": "Feature", "properties": {}, "geometry": {"type": "LineString", "coordinates": [[77.58179, 13.01152], [77.58175, 13.01155]]}}, {"type": "Feature", "properties": {}, "geometry": {"type": "LineString", "coordinates": [[77.58175, 13.01155], [77.58157, 13.01152]]}}, {"type": "Feature", "properties": {}, "geometry": {"type": "LineString", "coordinates": [[77.58157, 13.01152], [77.58154, 13.01152]]}}, {"type": "Feature", "properties": {}, "geometry": {"type": "LineString", "coordinates": [[77.58182, 13.01152], [77.58179, 13.01152]]}}, {"type": "Feature", "properties": {}, "geometry": {"type": "LineString", "coordinates": [[77.58186, 13.01152], [77.58182, 13.01152]]}}, {"type": "Feature", "properties": {}, "geometry": {"type": "LineString", "coordinates": [[77.58369, 13.01146], [77.58186, 13.01152]]}}, {"type": "Feature", "properties": {}, "geometry": {"type": "LineString", "coordinates": [[77.58376, 13.01146], [77.58373, 13.01146]]}}, {"type": "Feature", "properties": {}, "geometry": {"type": "LineString", "coordinates": [[77.58373, 13.01146], [77.58369, 13.01146]]}}, {"type": "Feature", "properties": {}, "geometry": {"type": "LineString", "coordinates": [[77.5838, 13.01143], [77.58376, 13.01146]]}}, {"type": "Feature", "properties": {}, "geometry": {"type": "LineString", "coordinates": [[77.5838, 13.01139], [77.5838, 13.01143]]}}, {"type": "Feature", "properties": {}, "geometry": {"type": "LineString", "coordinates": [[77.58412, 13.00438], [77.5838, 13.01139]]}}, {"type": "Feature", "properties": {}, "geometry": {"type": "LineString", "coordinates": [[77.58412, 13.00435], [77.58412, 13.00438]]}}, {"type": "Feature", "properties": {}, "geometry": {"type": "LineString", "coordinates": [[77.58411, 13.00361], [77.58412, 13.00435]]}}, {"type": "Feature", "properties": {}, "geometry": {"type": "LineString", "coordinates": [[77.58414, 13.00315], [77.58411, 13.00361]]}}, {"type": "Feature", "properties": {}, "geometry": {"type": "LineString", "coordinates": [[77.58414, 13.00308], [77.58414, 13.00315]]}}, {"type": "Feature", "properties": {}, "geometry": {"type": "LineString", "coordinates": [[77.58414, 13.00305], [77.58414, 13.00308]]}}, {"type": "Feature", "properties": {}, "geometry": {"type": "LineString", "coordinates": [[77.58414, 12.99953], [77.58414, 13.00145]]}}, {"type": "Feature", "properties": {}, "geometry": {"type": "LineString", "coordinates": [[77.58414, 13.00145], [77.58414, 13.00305]]}}, {"type": "Feature", "properties": {}, "geometry": {"type": "LineString", "coordinates": [[77.58373, 13.01146], [77.58374, 13.01276]]}}, {"type": "Feature", "properties": {}, "geometry": {"type": "LineString", "coordinates": [[77.58373, 13.01143], [77.58373, 13.01146]]}}, {"type": "Feature", "properties": {}, "geometry": {"type": "LineString", "coordinates": [[77.5838, 13.01139], [77.58373, 13.01143]]}}, {"type": "Feature", "properties": {}, "geometry": {"type": "LineString", "coordinates": [[77.58383, 13.01139], [77.5838, 13.01139]]}}, {"type": "Feature", "properties": {}, "geometry": {"type": "LineString", "coordinates": [[77.58992, 13.04131], [77.58996, 13.04135]]}}, {"type": "Feature", "properties": {}, "geometry": {"type": "LineString", "coordinates": [[77.58819, 13.03369], [77.58916, 13.03667], [77.58924, 13.03833], [77.58992, 13.04131]]}}, {"type": "Feature", "properties": {}, "geometry": {"type": "LineString", "coordinates": [[77.58698, 13.03082], [77.58819, 13.03369]]}}, {"type": "Feature", "properties": {}, "geometry": {"type": "LineString", "coordinates": [[77.58543, 13.0271], [77.58698, 13.03082]]}}, {"type": "Feature", "properties": {}, "geometry": {"type": "LineString", "coordinates": [[77.58513, 13.0257], [77.58543, 13.0271]]}}, {"type": "Feature", "properties": {}, "geometry": {"type": "LineString", "coordinates": [[77.58513, 13.02566], [77.58513, 13.0257]]}}, {"type": "Feature", "properties": {}, "geometry": {"type": "LineString", "coordinates": [[77.58486, 13.02444], [77.58513, 13.02566]]}}, {"type": "Feature", "properties": {}, "geometry": {"type": "LineString", "coordinates": [[77.58486, 13.02444], [77.58453, 13.0231]]}}, {"type": "Feature", "properties": {}, "geometry": {"type": "LineString", "coordinates": [[77.58434, 12.9978], [77.58437, 12.9978]]}}, {"type": "Feature", "properties": {}, "geometry": {"type": "LineString", "coordinates": [[77.57441, 12.99903], [77.57445, 12.99899]]}}, {"type": "Feature", "properties": {}, "geometry": {"type": "LineString", "coordinates": [[77.57445, 12.99899], [77.57444, 12.99896]]}}, {"type": "Feature", "properties": {}, "geometry": {"type": "LineString", "coordinates": [[77.57444, 12.99896], [77.57466, 12.99857]]}}, {"type": "Feature", "properties": {}, "geometry": {"type": "LineString", "coordinates": [[77.57466, 12.99857], [77.57476, 12.99835]]}}, {"type": "Feature", "properties": {}, "geometry": {"type": "LineString", "coordinates": [[77.57476, 12.99835], [77.5749, 12.99811]]}}, {"type": "Feature", "properties": {}, "geometry": {"type": "LineString", "coordinates": [[77.5749, 12.99811], [77.57518, 12.99754]]}}, {"type": "Feature", "properties": {}, "geometry": {"type": "LineString", "coordinates": [[77.57518, 12.99754], [77.57554, 12.9969]]}}, {"type": "Feature", "properties": {}, "geometry": {"type": "LineString", "coordinates": [[77.57554, 12.9969], [77.57571, 12.99655]]}}, {"type": "Feature", "properties": {}, "geometry": {"type": "LineString", "coordinates": [[77.57571, 12.99655], [77.57582, 12.99627]]}}, {"type": "Feature", "properties": {}, "geometry": {"type": "LineString", "coordinates": [[77.57582, 12.99627], [77.5761, 12.99581]]}}, {"type": "Feature", "properties": {}, "geometry": {"type": "LineString", "coordinates": [[77.5761, 12.99581], [77.57613, 12.9957]]}}, {"type": "Feature", "properties": {}, "geometry": {"type": "LineString", "coordinates": [[77.57613, 12.9957], [77.57631, 12.99538]]}}, {"type": "Feature", "properties": {}, "geometry": {"type": "LineString", "coordinates": [[77.57631, 12.99538], [77.57656, 12.99485]]}}, {"type": "Feature", "properties": {}, "geometry": {"type": "LineString", "coordinates": [[77.57656, 12.99485], [77.5768, 12.99443]]}}, {"type": "Feature", "properties": {}, "geometry": {"type": "LineString", "coordinates": [[77.5768, 12.99443], [77.57715, 12.99376]]}}, {"type": "Feature", "properties": {}, "geometry": {"type": "LineString", "coordinates": [[77.57715, 12.99376], [77.57719, 12.99369]]}}, {"type": "Feature", "properties": {}, "geometry": {"type": "LineString", "coordinates": [[77.57719, 12.99369], [77.57803, 12.99213]]}}, {"type": "Feature", "properties": {}, "geometry": {"type": "LineString", "coordinates": [[77.57803, 12.99213], [77.57835, 12.99153]]}}, {"type": "Feature", "properties": {}, "geometry": {"type": "LineString", "coordinates": [[77.57835, 12.99153], [77.57839, 12.99146]]}}, {"type": "Feature", "properties": {}, "geometry": {"type": "LineString", "coordinates": [[77.57839, 12.99146], [77.57863, 12.991]]}}, {"type": "Feature", "properties": {}, "geometry": {"type": "LineString", "coordinates": [[77.57863, 12.991], [77.57891, 12.99036]]}}, {"type": "Feature", "properties": {}, "geometry": {"type": "LineString", "coordinates": [[77.57891, 12.99036], [77.57902, 12.99004]]}}, {"type": "Feature", "properties": {}, "geometry": {"type": "LineString", "coordinates": [[77.57902, 12.99004], [77.57891, 12.9898]]}}, {"type": "Feature", "properties": {}, "geometry": {"type": "LineString", "coordinates": [[77.57891, 12.9898], [77.57905, 12.98973]]}}, {"type": "Feature", "properties": {}, "geometry": {"type": "LineString", "coordinates": [[77.56644, 12.99481], [77.56631, 12.99647]]}}, {"type": "Feature", "properties": {}, "geometry": {"type": "LineString", "coordinates": [[77.56643, 12.99453], [77.56644, 12.99481]]}}, {"type": "Feature", "properties": {}, "geometry": {"type": "LineString", "coordinates": [[77.56643, 12.99421], [77.56643, 12.99453]]}}, {"type": "Feature", "properties": {}, "geometry": {"type": "LineString", "coordinates": [[77.56643, 12.99418], [77.56643, 12.99421]]}}, {"type": "Feature", "properties": {}, "geometry": {"type": "LineString", "coordinates": [[77.56646, 12.9939], [77.56643, 12.99418]]}}, {"type": "Feature", "properties": {}, "geometry": {"type": "LineString", "coordinates": [[77.56646, 12.99354], [77.56646, 12.9939]]}}, {"type": "Feature", "properties": {}, "geometry": {"type": "LineString", "coordinates": [[77.56646, 12.99351], [77.56646, 12.99354]]}}, {"type": "Feature", "properties": {}, "geometry": {"type": "LineString", "coordinates": [[77.56657, 12.99354], [77.56782, 12.9935]]}}, {"type": "Feature", "properties": {}, "geometry": {"type": "LineString", "coordinates": [[77.56782, 12.9935], [77.56818, 12.99349]]}}, {"type": "Feature", "properties": {}, "geometry": {"type": "LineString", "coordinates": [[77.56818, 12.99349], [77.5685, 12.99349]]}}, {"type": "Feature", "properties": {}, "geometry": {"type": "LineString", "coordinates": [[77.56429, 12.99906], [77.5627, 13.00196]]}}, {"type": "Feature", "properties": {}, "geometry": {"type": "LineString", "coordinates": [[77.56461, 12.9986], [77.56429, 12.99906]]}}, {"type": "Feature", "properties": {}, "geometry": {"type": "LineString", "coordinates": [[77.56631, 12.99647], [77.56461, 12.9986]]}}, {"type": "Feature", "properties": {}, "geometry": {"type": "LineString", "coordinates": [[77.56644, 12.99485], [77.56631, 12.99647]]}}, {"type": "Feature", "properties": {}, "geometry": {"type": "LineString", "coordinates": [[77.56643, 12.99453], [77.56644, 12.99485]]}}, {"type": "Feature", "properties": {}, "geometry": {"type": "LineString", "coordinates": [[77.56643, 12.99421], [77.56643, 12.99453]]}}, {"type": "Feature", "properties": {}, "geometry": {"type": "LineString", "coordinates": [[77.56647, 12.99421], [77.56643, 12.99421]]}}, {"type": "Feature", "properties": {}, "geometry": {"type": "LineString", "coordinates": [[77.56646, 12.99418], [77.56647, 12.99421]]}}, {"type": "Feature", "properties": {}, "geometry": {"type": "LineString", "coordinates": [[77.56646, 12.9939], [77.56646, 12.99418]]}}, {"type": "Feature", "properties": {}, "geometry": {"type": "LineString", "coordinates": [[77.56646, 12.99386], [77.56646, 12.9939]]}}, {"type": "Feature", "properties": {}, "geometry": {"type": "LineString", "coordinates": [[77.56649, 12.99354], [77.56646, 12.99386]]}}, {"type": "Feature", "properties": {}, "geometry": {"type": "LineString", "coordinates": [[77.56649, 12.99351], [77.56649, 12.99354]]}}, {"type": "Feature", "properties": {}, "geometry": {"type": "LineString", "coordinates": [[77.56646, 12.99354], [77.56646, 12.99351]]}}, {"type": "Feature", "properties": {}, "geometry": {"type": "LineString", "coordinates": [[77.58428, 13.0028], [77.58427, 13.00199]]}}, {"type": "Feature", "properties": {}, "geometry": {"type": "LineString", "coordinates": [[77.58427, 13.00199], [77.58459, 12.99794]]}}, {"type": "Feature", "properties": {}, "geometry": {"type": "LineString", "coordinates": [[77.57074, 13.02901], [77.57031, 13.02972]]}}, {"type": "Feature", "properties": {}, "geometry": {"type": "LineString", "coordinates": [[77.5712, 13.02858], [77.57074, 13.02901]]}}, {"type": "Feature", "properties": {}, "geometry": {"type": "LineString", "coordinates": [[77.57134, 13.02851], [77.57121, 13.02857]]}}, {"type": "Feature", "properties": {}, "geometry": {"type": "LineString", "coordinates": [[77.57121, 13.02857], [77.5712, 13.02858]]}}, {"type": "Feature", "properties": {}, "geometry": {"type": "LineString", "coordinates": [[77.57141, 13.02848], [77.57134, 13.02851]]}}, {"type": "Feature", "properties": {}, "geometry": {"type": "LineString", "coordinates": [[77.56594, 13.03705], [77.56572, 13.03726]]}}, {"type": "Feature", "properties": {}, "geometry": {"type": "LineString", "coordinates": [[77.56608, 13.03683], [77.56594, 13.03705]]}}, {"type": "Feature", "properties": {}, "geometry": {"type": "LineString", "coordinates": [[77.56619, 13.03676], [77.56608, 13.03683]]}}, {"type": "Feature", "properties": {}, "geometry": {"type": "LineString", "coordinates": [[77.56693, 13.03602], [77.56619, 13.03676]]}}, {"type": "Feature", "properties": {}, "geometry": {"type": "LineString", "coordinates": [[77.56697, 13.03594], [77.56693, 13.03602]]}}, {"type": "Feature", "properties": {}, "geometry": {"type": "LineString", "coordinates": [[77.56856, 13.03417], [77.56697, 13.03594]]}}, {"type": "Feature", "properties": {}, "geometry": {"type": "LineString", "coordinates": [[77.57007, 13.03064], [77.57043, 13.03088], [77.57012, 13.03187], [77.56856, 13.03417]]}}, {"type": "Feature", "properties": {}, "geometry": {"type": "LineString", "coordinates": [[77.57003, 13.0306], [77.57007, 13.03064]]}}, {"type": "Feature", "properties": {}, "geometry": {"type": "LineString", "coordinates": [[77.57024, 13.02986], [77.57003, 13.0306]]}}, {"type": "Feature", "properties": {}, "geometry": {"type": "LineString", "coordinates": [[77.55224, 13.02127], [77.55228, 13.0212]]}}, {"type": "Feature", "properties": {}, "geometry": {"type": "LineString", "coordinates": [[77.55658, 13.01697], [77.55662, 13.01704]]}}, {"type": "Feature", "properties": {}, "geometry": {"type": "LineString", "coordinates": [[77.56408, 13.01313], [77.56499, 13.01147]]}}, {"type": "Feature", "properties": {}, "geometry": {"type": "LineString", "coordinates": [[77.58021, 13.01484], [77.58232, 13.01475], [77.58252, 13.01943]]}}, {"type": "Feature", "properties": {}, "geometry": {"type": "LineString", "coordinates": [[77.56029, 12.99734], [77.56043, 12.99726]]}}, {"type": "Feature", "properties": {}, "geometry": {"type": "LineString", "coordinates": [[77.57109, 12.99346], [77.56965, 12.99337], [77.56944, 12.99404]]}}, {"type": "Feature", "properties": {}, "geometry": {"type": "LineString", "coordinates": [[77.57145, 12.99346], [77.57109, 12.99346]]}}, {"type": "Feature", "properties": {}, "geometry": {"type": "LineString", "coordinates": [[77.56944, 12.99404], [77.56944, 12.99411]]}}, {"type": "Feature", "properties": {}, "geometry": {"type": "LineString", "coordinates": [[77.56944, 12.99411], [77.56944, 12.99404]]}}, {"type": "Feature", "properties": {}, "geometry": {"type": "LineString", "coordinates": [[77.568, 13.01429], [77.56807, 13.0144]]}}, {"type": "Feature", "properties": {}, "geometry": {"type": "LineString", "coordinates": [[77.56734, 13.01331], [77.56728, 13.01412], [77.568, 13.01429]]}}, {"type": "Feature", "properties": {}, "geometry": {"type": "LineString", "coordinates": [[77.56415, 13.00965], [77.56418, 13.00972]]}}, {"type": "Feature", "properties": {}, "geometry": {"type": "LineString", "coordinates": [[77.56328, 13.00903], [77.56293, 13.00966], [77.56415, 13.00961]]}}, {"type": "Feature", "properties": {}, "geometry": {"type": "LineString", "coordinates": [[77.56415, 13.00961], [77.56415, 13.00965]]}}, {"type": "Feature", "properties": {}, "geometry": {"type": "LineString", "coordinates": [[77.56228, 13.00907], [77.56324, 13.00903]]}}, {"type": "Feature", "properties": {}, "geometry": {"type": "LineString", "coordinates": [[77.56228, 13.00904], [77.56228, 13.00907]]}}, {"type": "Feature", "properties": {}, "geometry": {"type": "LineString", "coordinates": [[77.56324, 13.00903], [77.56328, 13.00903]]}}, {"type": "Feature", "properties": {}, "geometry": {"type": "LineString", "coordinates": [[77.5623, 13.0084], [77.56228, 13.00904]]}}, {"type": "Feature", "properties": {}, "geometry": {"type": "LineString", "coordinates": [[77.56233, 13.00773], [77.5623, 13.0084]]}}, {"type": "Feature", "properties": {}, "geometry": {"type": "LineString", "coordinates": [[77.56233, 13.00766], [77.56233, 13.00773]]}}, {"type": "Feature", "properties": {}, "geometry": {"type": "LineString", "coordinates": [[77.56236, 13.00675], [77.56233, 13.00766]]}}, {"type": "Feature", "properties": {}, "geometry": {"type": "LineString", "coordinates": [[77.56242, 13.00573], [77.56236, 13.00675]]}}, {"type": "Feature", "properties": {}, "geometry": {"type": "LineString", "coordinates": [[77.56244, 13.0046], [77.56242, 13.00573]]}}, {"type": "Feature", "properties": {}, "geometry": {"type": "LineString", "coordinates": [[77.56247, 13.00379], [77.56244, 13.0046]]}}, {"type": "Feature", "properties": {}, "geometry": {"type": "LineString", "coordinates": [[77.56247, 13.00372], [77.56247, 13.00379]]}}, {"type": "Feature", "properties": {}, "geometry": {"type": "LineString", "coordinates": [[77.56244, 13.00372], [77.56247, 13.00372]]}}, {"type": "Feature", "properties": {}, "geometry": {"type": "LineString", "coordinates": [[77.56239, 13.0027], [77.562, 13.00337], [77.56244, 13.00372]]}}, {"type": "Feature", "properties": {}, "geometry": {"type": "LineString", "coordinates": [[77.56435, 13.01507], [77.56438, 13.0151]]}}, {"type": "Feature", "properties": {}, "geometry": {"type": "LineString", "coordinates": [[77.56524, 13.01457], [77.56435, 13.01507]]}}, {"type": "Feature", "properties": {}, "geometry": {"type": "LineString", "coordinates": [[77.56588, 13.01414], [77.56524, 13.01457]]}}, {"type": "Feature", "properties": {}, "geometry": {"type": "LineString", "coordinates": [[77.58375, 13.00368], [77.58411, 13.00361]]}}, {"type": "Feature", "properties": {}, "geometry": {"type": "LineString", "coordinates": [[77.58411, 13.00361], [77.58418, 13.00361]]}}, {"type": "Feature", "properties": {}, "geometry": {"type": "LineString", "coordinates": [[77.58361, 13.00376], [77.58375, 13.00368]]}}, {"type": "Feature", "properties": {}, "geometry": {"type": "LineString", "coordinates": [[77.58361, 13.00376], [77.58375, 13.00368]]}}, {"type": "Feature", "properties": {}, "geometry": {"type": "LineString", "coordinates": [[77.5843, 13.00435], [77.58448, 13.00442]]}}, {"type": "Feature", "properties": {}, "geometry": {"type": "LineString", "coordinates": [[77.58425, 13.00368], [77.5843, 13.00435]]}}, {"type": "Feature", "properties": {}, "geometry": {"type": "LineString", "coordinates": [[77.58448, 13.00442], [77.58462, 13.00441]]}}, {"type": "Feature", "properties": {}, "geometry": {"type": "LineString", "coordinates": [[77.58425, 13.00361], [77.58425, 13.00368]]}}, {"type": "Feature", "properties": {}, "geometry": {"type": "LineString", "coordinates": [[77.58418, 13.00361], [77.58425, 13.00361]]}}, {"type": "Feature", "properties": {}, "geometry": {"type": "LineString", "coordinates": [[77.56654, 13.01181], [77.5665, 13.01181]]}}, {"type": "Feature", "properties": {}, "geometry": {"type": "LineString", "coordinates": [[77.56286, 13.00294], [77.563, 13.00266]]}}, {"type": "Feature", "properties": {}, "geometry": {"type": "LineString", "coordinates": [[77.563, 13.00266], [77.56317, 13.0023]]}}, {"type": "Feature", "properties": {}, "geometry": {"type": "LineString", "coordinates": [[77.56317, 13.0023], [77.56346, 13.00181]]}}, {"type": "Feature", "properties": {}, "geometry": {"type": "LineString", "coordinates": [[77.56346, 13.00181], [77.56398, 13.00075]]}}, {"type": "Feature", "properties": {}, "geometry": {"type": "LineString", "coordinates": [[77.56398, 13.00075], [77.5643, 13.00011]]}}, {"type": "Feature", "properties": {}, "geometry": {"type": "LineString", "coordinates": [[77.5643, 13.00011], [77.5666, 12.9965]]}}, {"type": "Feature", "properties": {}, "geometry": {"type": "LineString", "coordinates": [[77.5666, 12.9965], [77.56861, 12.99373]]}}, {"type": "Feature", "properties": {}, "geometry": {"type": "LineString", "coordinates": [[77.5643, 13.00011], [77.5666, 12.9965]]}}, {"type": "Feature", "properties": {}, "geometry": {"type": "LineString", "coordinates": [[77.5666, 12.9965], [77.56861, 12.99373]]}}, {"type": "Feature", "properties": {}, "geometry": {"type": "LineString", "coordinates": [[77.5643, 13.00011], [77.56395, 13.00075]]}}, {"type": "Feature", "properties": {}, "geometry": {"type": "LineString", "coordinates": [[77.56861, 12.99373], [77.56868, 12.99352], [77.5685, 12.99349]]}}, {"type": "Feature", "properties": {}, "geometry": {"type": "LineString", "coordinates": [[77.56286, 13.00294], [77.563, 13.00266]]}}, {"type": "Feature", "properties": {}, "geometry": {"type": "LineString", "coordinates": [[77.563, 13.00266], [77.56317, 13.0023]]}}, {"type": "Feature", "properties": {}, "geometry": {"type": "LineString", "coordinates": [[77.60602, 13.02598], [77.60697, 13.02787]]}}, {"type": "Feature", "properties": {}, "geometry": {"type": "LineString", "coordinates": [[77.58538, 13.02563], [77.58575, 13.027], [77.58901, 13.02626], [77.59103, 13.02677], [77.59182, 13.02669]]}}, {"type": "Feature", "properties": {}, "geometry": {"type": "LineString", "coordinates": [[77.59182, 13.02669], [77.59264, 13.02654]]}}, {"type": "Feature", "properties": {}, "geometry": {"type": "LineString", "coordinates": [[77.59264, 13.02654], [77.59325, 13.02643]]}}, {"type": "Feature", "properties": {}, "geometry": {"type": "LineString", "coordinates": [[77.59325, 13.02643], [77.59332, 13.02643]]}}, {"type": "Feature", "properties": {}, "geometry": {"type": "LineString", "coordinates": [[77.59332, 13.02643], [77.59328, 13.02593], [77.59367, 13.02586]]}}, {"type": "Feature", "properties": {}, "geometry": {"type": "LineString", "coordinates": [[77.60576, 13.02539], [77.60602, 13.02598]]}}, {"type": "Feature", "properties": {}, "geometry": {"type": "LineString", "coordinates": [[77.59367, 13.02586], [77.59453, 13.02571]]}}, {"type": "Feature", "properties": {}, "geometry": {"type": "LineString", "coordinates": [[77.59453, 13.02571], [77.59493, 13.0256]]}}, {"type": "Feature", "properties": {}, "geometry": {"type": "LineString", "coordinates": [[77.59493, 13.0256], [77.59496, 13.0256]]}}, {"type": "Feature", "properties": {}, "geometry": {"type": "LineString", "coordinates": [[77.59496, 13.0256], [77.59481, 13.02476], [77.59502, 13.02472]]}}, {"type": "Feature", "properties": {}, "geometry": {"type": "LineString", "coordinates": [[77.58513, 13.02566], [77.58538, 13.02563]]}}, {"type": "Feature", "properties": {}, "geometry": {"type": "LineString", "coordinates": [[77.60438, 13.02329], [77.60576, 13.02539]]}}, {"type": "Feature", "properties": {}, "geometry": {"type": "LineString", "coordinates": [[77.59502, 13.02472], [77.59531, 13.02465]]}}, {"type": "Feature", "properties": {}, "geometry": {"type": "LineString", "coordinates": [[77.59531, 13.02465], [77.59556, 13.02457]]}}, {"type": "Feature", "properties": {}, "geometry": {"type": "LineString", "coordinates": [[77.59556, 13.02457], [77.59585, 13.02454]]}}, {"type": "Feature", "properties": {}, "geometry": {"type": "LineString", "coordinates": [[77.59585, 13.02454], [77.59606, 13.0245]]}}, {"type": "Feature", "properties": {}, "geometry": {"type": "LineString", "coordinates": [[77.59606, 13.0245], [77.59628, 13.02443]]}}, {"type": "Feature", "properties": {}, "geometry": {"type": "LineString", "coordinates": [[77.59628, 13.02443], [77.59707, 13.02429]]}}, {"type": "Feature", "properties": {}, "geometry": {"type": "LineString", "coordinates": [[77.59707, 13.02429], [77.5971, 13.02428]]}}, {"type": "Feature", "properties": {}, "geometry": {"type": "LineString", "coordinates": [[77.5971, 13.02428], [77.598, 13.02423]]}}, {"type": "Feature", "properties": {}, "geometry": {"type": "LineString", "coordinates": [[77.598, 13.02423], [77.59872, 13.02416]]}}, {"type": "Feature", "properties": {}, "geometry": {"type": "LineString", "coordinates": [[77.59872, 13.02416], [77.59897, 13.02405]]}}, {"type": "Feature", "properties": {}, "geometry": {"type": "LineString", "coordinates": [[77.60194, 13.02381], [77.60205, 13.02409], [77.60305, 13.02373]]}}, {"type": "Feature", "properties": {}, "geometry": {"type": "LineString", "coordinates": [[77.59897, 13.02405], [77.59925, 13.0239]]}}, {"type": "Feature", "properties": {}, "geometry": {"type": "LineString", "coordinates": [[77.59925, 13.0239], [77.59961, 13.02376]]}}, {"type": "Feature", "properties": {}, "geometry": {"type": "LineString", "coordinates": [[77.60194, 13.02377], [77.60194, 13.02381]]}}, {"type": "Feature", "properties": {}, "geometry": {"type": "LineString", "coordinates": [[77.60093, 13.02311], [77.60154, 13.02276], [77.60194, 13.02377]]}}, {"type": "Feature", "properties": {}, "geometry": {"type": "LineString", "coordinates": [[77.60305, 13.02373], [77.60434, 13.02329]]}}, {"type": "Feature", "properties": {}, "geometry": {"type": "LineString", "coordinates": [[77.59961, 13.02376], [77.59986, 13.02365]]}}, {"type": "Feature", "properties": {}, "geometry": {"type": "LineString", "coordinates": [[77.59986, 13.02365], [77.60018, 13.02351]]}}, {"type": "Feature", "properties": {}, "geometry": {"type": "LineString", "coordinates": [[77.60018, 13.02351], [77.60043, 13.0234]]}}, {"type": "Feature", "properties": {}, "geometry": {"type": "LineString", "coordinates": [[77.60043, 13.0234], [77.60093, 13.02311]]}}, {"type": "Feature", "properties": {}, "geometry": {"type": "LineString", "coordinates": [[77.60434, 13.02329], [77.60438, 13.02329]]}}, {"type": "Feature", "properties": {}, "geometry": {"type": "LineString", "coordinates": [[77.60712, 13.02826], [77.60823, 13.02793], [77.60819, 13.02776]]}}, {"type": "Feature", "properties": {}, "geometry": {"type": "LineString", "coordinates": [[77.60819, 13.02776], [77.60816, 13.02772]]}}, {"type": "Feature", "properties": {}, "geometry": {"type": "LineString", "coordinates": [[77.60697, 13.02787], [77.60794, 13.02751]]}}, {"type": "Feature", "properties": {}, "geometry": {"type": "LineString", "coordinates": [[77.60794, 13.02751], [77.60816, 13.02772]]}}, {"type": "Feature", "properties": {}, "geometry": {"type": "LineString", "coordinates": [[77.60794, 13.02751], [77.60819, 13.02776]]}}, {"type": "Feature", "properties": {}, "geometry": {"type": "LineString", "coordinates": [[77.57205, 13.00359], [77.57209, 13.00352]]}}, {"type": "Feature", "properties": {}, "geometry": {"type": "LineString", "coordinates": [[77.57205, 13.00359], [77.57202, 13.00362]]}}, {"type": "Feature", "properties": {}, "geometry": {"type": "LineString", "coordinates": [[77.57212, 13.00348], [77.57209, 13.00352]]}}, {"type": "Feature", "properties": {}, "geometry": {"type": "LineString", "coordinates": [[77.57216, 13.00345], [77.57212, 13.00348]]}}, {"type": "Feature", "properties": {}, "geometry": {"type": "LineString", "coordinates": [[77.57223, 13.00331], [77.57216, 13.00345]]}}, {"type": "Feature", "properties": {}, "geometry": {"type": "LineString", "coordinates": [[77.57226, 13.00285], [77.57223, 13.00331]]}}, {"type": "Feature", "properties": {}, "geometry": {"type": "LineString", "coordinates": [[77.57229, 13.00193], [77.57226, 13.00285]]}}, {"type": "Feature", "properties": {}, "geometry": {"type": "LineString", "coordinates": [[77.57235, 13.00112], [77.57229, 13.00193]]}}, {"type": "Feature", "properties": {}, "geometry": {"type": "LineString", "coordinates": [[77.57318, 13.00111], [77.57314, 13.00112]]}}, {"type": "Feature", "properties": {}, "geometry": {"type": "LineString", "coordinates": [[77.57314, 13.00112], [77.57282, 13.00112]]}}, {"type": "Feature", "properties": {}, "geometry": {"type": "LineString", "coordinates": [[77.57332, 13.00104], [77.57318, 13.00111]]}}, {"type": "Feature", "properties": {}, "geometry": {"type": "LineString", "coordinates": [[77.57282, 13.00112], [77.57235, 13.00112]]}}, {"type": "Feature", "properties": {}, "geometry": {"type": "LineString", "coordinates": [[77.57409, 12.99963], [77.57332, 13.00104]]}}, {"type": "Feature", "properties": {}, "geometry": {"type": "LineString", "coordinates": [[77.57416, 12.99949], [77.57409, 12.99963]]}}, {"type": "Feature", "properties": {}, "geometry": {"type": "LineString", "coordinates": [[77.57441, 12.99903], [77.57416, 12.99949]]}}, {"type": "Feature", "properties": {}, "geometry": {"type": "LineString", "coordinates": [[77.57209, 13.00352], [77.57202, 13.00362]]}}, {"type": "Feature", "properties": {}, "geometry": {"type": "LineString", "coordinates": [[77.58252, 13.01943], [77.58266, 13.01964]]}}, {"type": "Feature", "properties": {}, "geometry": {"type": "LineString", "coordinates": [[77.58449, 13.023], [77.58453, 13.0231]]}}, {"type": "Feature", "properties": {}, "geometry": {"type": "LineString", "coordinates": [[77.58449, 13.02296], [77.58449, 13.023]]}}, {"type": "Feature", "properties": {}, "geometry": {"type": "LineString", "coordinates": [[77.58387, 13.02191], [77.58416, 13.02205], [77.58449, 13.02296]]}}, {"type": "Feature", "properties": {}, "geometry": {"type": "LineString", "coordinates": [[77.58272, 13.02147], [77.58387, 13.02191]]}}, {"type": "Feature", "properties": {}, "geometry": {"type": "LineString", "coordinates": [[77.58271, 13.02125], [77.58271, 13.02122]]}}, {"type": "Feature", "properties": {}, "geometry": {"type": "LineString", "coordinates": [[77.58271, 13.02122], [77.58271, 13.02118]]}}, {"type": "Feature", "properties": {}, "geometry": {"type": "LineString", "coordinates": [[77.58271, 13.02125], [77.58272, 13.02147]]}}, {"type": "Feature", "properties": {}, "geometry": {"type": "LineString", "coordinates": [[77.58271, 13.02118], [77.58271, 13.02125]]}}, {"type": "Feature", "properties": {}, "geometry": {"type": "LineString", "coordinates": [[77.57476, 12.99839], [77.57448, 12.99896]]}}, {"type": "Feature", "properties": {}, "geometry": {"type": "LineString", "coordinates": [[77.5749, 12.99811], [77.57476, 12.99839]]}}, {"type": "Feature", "properties": {}, "geometry": {"type": "LineString", "coordinates": [[77.57522, 12.99754], [77.5749, 12.99811]]}}, {"type": "Feature", "properties": {}, "geometry": {"type": "LineString", "coordinates": [[77.57554, 12.9969], [77.57522, 12.99754]]}}, {"type": "Feature", "properties": {}, "geometry": {"type": "LineString", "coordinates": [[77.57571, 12.99659], [77.57554, 12.9969]]}}, {"type": "Feature", "properties": {}, "geometry": {"type": "LineString", "coordinates": [[77.57613, 12.99581], [77.57571, 12.99659]]}}, {"type": "Feature", "properties": {}, "geometry": {"type": "LineString", "coordinates": [[77.57635, 12.99542], [77.57613, 12.99581]]}}, {"type": "Feature", "properties": {}, "geometry": {"type": "LineString", "coordinates": [[77.57649, 12.99513], [77.57635, 12.99542]]}}, {"type": "Feature", "properties": {}, "geometry": {"type": "LineString", "coordinates": [[77.57666, 12.99482], [77.57649, 12.99513]]}}, {"type": "Feature", "properties": {}, "geometry": {"type": "LineString", "coordinates": [[77.57666, 12.99478], [77.57666, 12.99482]]}}, {"type": "Feature", "properties": {}, "geometry": {"type": "LineString", "coordinates": [[77.57719, 12.99379], [77.57666, 12.99478]]}}, {"type": "Feature", "properties": {}, "geometry": {"type": "LineString", "coordinates": [[77.55929, 12.99773], [77.5594, 12.9977]]}}, {"type": "Feature", "properties": {}, "geometry": {"type": "LineString", "coordinates": [[77.56476, 13.00996], [77.5644, 13.00975]]}}, {"type": "Feature", "properties": {}, "geometry": {"type": "LineString", "coordinates": [[77.5644, 13.00975], [77.56436, 13.00972]]}}, {"type": "Feature", "properties": {}, "geometry": {"type": "LineString", "coordinates": [[77.56436, 13.00972], [77.5644, 13.00975]]}}, {"type": "Feature", "properties": {}, "geometry": {"type": "LineString", "coordinates": [[77.58996, 13.04138], [77.59007, 13.0417]]}}, {"type": "Feature", "properties": {}, "geometry": {"type": "LineString", "coordinates": [[77.58996, 13.04138], [77.58996, 13.04135]]}}, {"type": "Feature", "properties": {}, "geometry": {"type": "LineString", "coordinates": [[77.56564, 13.01203], [77.56499, 13.01147]]}}, {"type": "Feature", "properties": {}, "geometry": {"type": "LineString", "coordinates": [[77.56499, 13.01147], [77.56496, 13.01144]]}}, {"type": "Feature", "properties": {}, "geometry": {"type": "LineString", "coordinates": [[77.56581, 13.01407], [77.56404, 13.01317]]}}, {"type": "Feature", "properties": {}, "geometry": {"type": "LineString", "coordinates": [[77.56404, 13.01317], [77.56408, 13.01313]]}}, {"type": "Feature", "properties": {}, "geometry": {"type": "LineString", "coordinates": [[77.56436, 13.00972], [77.56415, 13.00965]]}}, {"type": "Feature", "properties": {}, "geometry": {"type": "LineString", "coordinates": [[77.56408, 13.00965], [77.56293, 13.0097]]}}, {"type": "Feature", "properties": {}, "geometry": {"type": "LineString", "coordinates": [[77.56415, 13.00965], [77.56408, 13.00965]]}}, {"type": "Feature", "properties": {}, "geometry": {"type": "LineString", "coordinates": [[77.56286, 13.0097], [77.56286, 13.00966]]}}, {"type": "Feature", "properties": {}, "geometry": {"type": "LineString", "coordinates": [[77.58266, 13.01964], [77.5827, 13.01967]]}}, {"type": "Feature", "properties": {}, "geometry": {"type": "LineString", "coordinates": [[77.57445, 12.99899], [77.57441, 12.99903]]}}, {"type": "Feature", "properties": {}, "geometry": {"type": "LineString", "coordinates": [[77.57448, 12.99896], [77.57445, 12.99899]]}}, {"type": "Feature", "properties": {}, "geometry": {"type": "LineString", "coordinates": [[77.59975, 12.99976], [77.60011, 12.9993]]}}, {"type": "Feature", "properties": {}, "geometry": {"type": "LineString", "coordinates": [[77.59968, 12.99972], [77.59975, 12.99976]]}}, {"type": "Feature", "properties": {}, "geometry": {"type": "LineString", "coordinates": [[77.60011, 12.9993], [77.60039, 12.99873]]}}, {"type": "Feature", "properties": {}, "geometry": {"type": "LineString", "coordinates": [[77.56233, 13.00759], [77.56236, 13.00675]]}}, {"type": "Feature", "properties": {}, "geometry": {"type": "LineString", "coordinates": [[77.56236, 13.00675], [77.56238, 13.00573]]}}, {"type": "Feature", "properties": {}, "geometry": {"type": "LineString", "coordinates": [[77.56238, 13.00573], [77.56244, 13.0046]]}}, {"type": "Feature", "properties": {}, "geometry": {"type": "LineString", "coordinates": [[77.56244, 13.0046], [77.56247, 13.00375]]}}, {"type": "Feature", "properties": {}, "geometry": {"type": "LineString", "coordinates": [[77.56247, 13.00375], [77.56247, 13.00372]]}}, {"type": "Feature", "properties": {}, "geometry": {"type": "LineString", "coordinates": [[77.56247, 13.00372], [77.56282, 13.00301]]}}, {"type": "Feature", "properties": {}, "geometry": {"type": "LineString", "coordinates": [[77.56282, 13.00301], [77.56286, 13.00294]]}}, {"type": "Feature", "properties": {}, "geometry": {"type": "LineString", "coordinates": [[77.56342, 13.00181], [77.56317, 13.0023]]}}, {"type": "Feature", "properties": {}, "geometry": {"type": "LineString", "coordinates": [[77.56395, 13.00075], [77.56346, 13.00181]]}}, {"type": "Feature", "properties": {}, "geometry": {"type": "LineString", "coordinates": [[77.56729, 13.01117], [77.56714, 13.01127]]}}, {"type": "Feature", "properties": {}, "geometry": {"type": "LineString", "coordinates": [[77.56725, 13.01117], [77.56714, 13.01124]]}}, {"type": "Feature", "properties": {}, "geometry": {"type": "LineString", "coordinates": [[77.56707, 13.01106], [77.56703, 13.01113]]}}, {"type": "Feature", "properties": {}, "geometry": {"type": "LineString", "coordinates": [[77.59326, 13.05173], [77.59353, 13.0532], [77.59338, 13.05588]]}}, {"type": "Feature", "properties": {}, "geometry": {"type": "LineString", "coordinates": [[77.59007, 13.0417], [77.59013, 13.04199]]}}, {"type": "Feature", "properties": {}, "geometry": {"type": "LineString", "coordinates": [[77.59013, 13.04199], [77.59033, 13.04304]]}}, {"type": "Feature", "properties": {}, "geometry": {"type": "LineString", "coordinates": [[77.59033, 13.04304], [77.59083, 13.04563], [77.59237, 13.04868], [77.59326, 13.05173]]}}, {"type": "Feature", "properties": {}, "geometry": {"type": "LineString", "coordinates": [[77.56807, 13.0144], [77.56624, 13.01427]]}}, {"type": "Feature", "properties": {}, "geometry": {"type": "LineString", "coordinates": [[77.56624, 13.01427], [77.56592, 13.01421]]}}, {"type": "Feature", "properties": {}, "geometry": {"type": "LineString", "coordinates": [[77.56592, 13.01421], [77.56588, 13.01414]]}}, {"type": "Feature", "properties": {}, "geometry": {"type": "LineString", "coordinates": [[77.56588, 13.01414], [77.56584, 13.01414]]}}, {"type": "Feature", "properties": {}, "geometry": {"type": "LineString", "coordinates": [[77.56584, 13.01414], [77.56581, 13.01407]]}}, {"type": "Feature", "properties": {}, "geometry": {"type": "LineString", "coordinates": [[77.56585, 13.01421], [77.56438, 13.0151]]}}, {"type": "Feature", "properties": {}, "geometry": {"type": "LineString", "coordinates": [[77.56418, 13.00972], [77.56422, 13.00972]]}}, {"type": "Feature", "properties": {}, "geometry": {"type": "LineString", "coordinates": [[77.56832, 12.99349], [77.56836, 12.99349]]}}, {"type": "Feature", "properties": {}, "geometry": {"type": "LineString", "coordinates": [[77.56513, 12.99359], [77.56646, 12.99354]]}}, {"type": "Feature", "properties": {}, "geometry": {"type": "LineString", "coordinates": [[77.56646, 12.99354], [77.56649, 12.99354]]}}, {"type": "Feature", "properties": {}, "geometry": {"type": "LineString", "coordinates": [[77.56649, 12.99354], [77.56657, 12.99354]]}}, {"type": "Feature", "properties": {}, "geometry": {"type": "LineString", "coordinates": [[77.56267, 13.00199], [77.5627, 13.00196]]}}, {"type": "Feature", "properties": {}, "geometry": {"type": "LineString", "coordinates": [[77.58082, 13.00452], [77.58107, 13.00438]]}}, {"type": "Feature", "properties": {}, "geometry": {"type": "LineString", "coordinates": [[77.58107, 13.00438], [77.58239, 13.00359]]}}, {"type": "Feature", "properties": {}, "geometry": {"type": "LineString", "coordinates": [[77.58239, 13.00359], [77.58242, 13.00356]]}}, {"type": "Feature", "properties": {}, "geometry": {"type": "LineString", "coordinates": [[77.58242, 13.00356], [77.58335, 13.00302], [77.58396, 13.00305]]}}, {"type": "Feature", "properties": {}, "geometry": {"type": "LineString", "coordinates": [[77.58396, 13.00305], [77.58414, 13.00305]]}}, {"type": "Feature", "properties": {}, "geometry": {"type": "LineString", "coordinates": [[77.56183, 13.02857], [77.56183, 13.02861]]}}, {"type": "Feature", "properties": {}, "geometry": {"type": "LineString", "coordinates": [[77.55228, 13.0212], [77.55379, 13.01816], [77.55416, 13.0158], [77.55438, 13.01566], [77.55527, 13.01565], [77.55576, 13.01595]]}}, {"type": "Feature", "properties": {}, "geometry": {"type": "LineString", "coordinates": [[77.55576, 13.01595], [77.556, 13.0161], [77.55775, 13.0189], [77.56524, 13.01453]]}}, {"type": "Feature", "properties": {}, "geometry": {"type": "LineString", "coordinates": [[77.56524, 13.01453], [77.56581, 13.01417]]}}, {"type": "Feature", "properties": {}, "geometry": {"type": "LineString", "coordinates": [[77.55224, 13.02127], [77.55221, 13.02135]]}}, {"type": "Feature", "properties": {}, "geometry": {"type": "LineString", "coordinates": [[77.56286, 13.0097], [77.56289, 13.0097]]}}, {"type": "Feature", "properties": {}, "geometry": {"type": "LineString", "coordinates": [[77.56289, 13.0097], [77.56293, 13.0097]]}}, {"type": "Feature", "properties": {}, "geometry": {"type": "LineString", "coordinates": [[77.56676, 13.01223], [77.56759, 13.01296], [77.56863, 13.01232]]}}, {"type": "Feature", "properties": {}, "geometry": {"type": "LineString", "coordinates": [[77.5687, 13.01228], [77.56891, 13.01214]]}}, {"type": "Feature", "properties": {}, "geometry": {"type": "LineString", "coordinates": [[77.56863, 13.01232], [77.56866, 13.01228]]}}, {"type": "Feature", "properties": {}, "geometry": {"type": "LineString", "coordinates": [[77.56866, 13.01228], [77.5687, 13.01228]]}}, {"type": "Feature", "properties": {}, "geometry": {"type": "LineString", "coordinates": [[77.57145, 12.99346], [77.57148, 12.99332]]}}, {"type": "Feature", "properties": {}, "geometry": {"type": "LineString", "coordinates": [[77.57148, 12.99332], [77.5716, 12.99103]]}}, {"type": "Feature", "properties": {}, "geometry": {"type": "LineString", "coordinates": [[77.5716, 12.99103], [77.5716, 12.991]]}}, {"type": "Feature", "properties": {}, "geometry": {"type": "LineString", "coordinates": [[77.5716, 12.991], [77.5716, 12.99103]]}}, {"type": "Feature", "properties": {}, "geometry": {"type": "LineString", "coordinates": [[77.56729, 13.01117], [77.56729, 13.01113]]}}, {"type": "Feature", "properties": {}, "geometry": {"type": "LineString", "coordinates": [[77.56729, 13.01113], [77.56739, 13.01099]]}}, {"type": "Feature", "properties": {}, "geometry": {"type": "LineString", "coordinates": [[77.56739, 13.01099], [77.56739, 13.01096]]}}, {"type": "Feature", "properties": {}, "geometry": {"type": "LineString", "coordinates": [[77.56764, 13.01074], [77.5682, 13.00982]]}}, {"type": "Feature", "properties": {}, "geometry": {"type": "LineString", "coordinates": [[77.56757, 13.01071], [77.56764, 13.01074]]}}, {"type": "Feature", "properties": {}, "geometry": {"type": "LineString", "coordinates": [[77.56746, 13.01064], [77.56757, 13.01071]]}}, {"type": "Feature", "properties": {}, "geometry": {"type": "LineString", "coordinates": [[77.56742, 13.0106], [77.56746, 13.01064]]}}, {"type": "Feature", "properties": {}, "geometry": {"type": "LineString", "coordinates": [[77.56739, 13.0106], [77.56742, 13.0106]]}}, {"type": "Feature", "properties": {}, "geometry": {"type": "LineString", "coordinates": [[77.56735, 13.0106], [77.56739, 13.0106]]}}, {"type": "Feature", "properties": {}, "geometry": {"type": "LineString", "coordinates": [[77.5682, 13.00982], [77.56813, 13.00979]]}}, {"type": "Feature", "properties": {}, "geometry": {"type": "LineString", "coordinates": [[77.56813, 13.00979], [77.56813, 13.00975]]}}, {"type": "Feature", "properties": {}, "geometry": {"type": "LineString", "coordinates": [[77.56813, 13.00975], [77.56806, 13.00972]]}}, {"type": "Feature", "properties": {}, "geometry": {"type": "LineString", "coordinates": [[77.56806, 13.00972], [77.56802, 13.00972]]}}, {"type": "Feature", "properties": {}, "geometry": {"type": "LineString", "coordinates": [[77.56802, 13.00972], [77.56802, 13.00968]]}}, {"type": "Feature", "properties": {}, "geometry": {"type": "LineString", "coordinates": [[77.56802, 13.00968], [77.56799, 13.00968]]}}, {"type": "Feature", "properties": {}, "geometry": {"type": "LineString", "coordinates": [[77.56813, 13.00912], [77.56813, 13.00919]]}}, {"type": "Feature", "properties": {}, "geometry": {"type": "LineString", "coordinates": [[77.56516, 12.98912], [77.56516, 12.98926]]}}, {"type": "Feature", "properties": {}, "geometry": {"type": "LineString", "coordinates": [[77.56516, 12.98902], [77.56516, 12.98912]]}}, {"type": "Feature", "properties": {}, "geometry": {"type": "LineString", "coordinates": [[77.56515, 12.98884], [77.56516, 12.98902]]}}, {"type": "Feature", "properties": {}, "geometry": {"type": "LineString", "coordinates": [[77.56512, 12.98874], [77.56515, 12.98884]]}}, {"type": "Feature", "properties": {}, "geometry": {"type": "LineString", "coordinates": [[77.56512, 12.98863], [77.56512, 12.98874]]}}, {"type": "Feature", "properties": {}, "geometry": {"type": "LineString", "coordinates": [[77.56519, 12.98926], [77.56516, 12.98926]]}}, {"type": "Feature", "properties": {}, "geometry": {"type": "LineString", "coordinates": [[77.56527, 12.98926], [77.56519, 12.98926]]}}, {"type": "Feature", "properties": {}, "geometry": {"type": "LineString", "coordinates": [[77.56729, 13.01117], [77.56729, 13.01113]]}}, {"type": "Feature", "properties": {}, "geometry": {"type": "LineString", "coordinates": [[77.56729, 13.01113], [77.56728, 13.0111]]}}, {"type": "Feature", "properties": {}, "geometry": {"type": "LineString", "coordinates": [[77.5722, 13.01467], [77.57245, 13.01471]]}}, {"type": "Feature", "properties": {}, "geometry": {"type": "LineString", "coordinates": [[77.57245, 13.01471], [77.57249, 13.01471]]}}, {"type": "Feature", "properties": {}, "geometry": {"type": "LineString", "coordinates": [[77.57839, 12.99146], [77.57839, 12.99149]]}}, {"type": "Feature", "properties": {}, "geometry": {"type": "LineString", "coordinates": [[77.60211, 12.99544], [77.6019, 12.99548]]}}, {"type": "Feature", "properties": {}, "geometry": {"type": "LineString", "coordinates": [[77.60211, 12.99544], [77.6019, 12.99548]]}}, {"type": "Feature", "properties": {}, "geometry": {"type": "LineString", "coordinates": [[77.60186, 12.99548], [77.6005, 12.99574], [77.59683, 12.99462]]}}, {"type": "Feature", "properties": {}, "geometry": {"type": "LineString", "coordinates": [[77.59683, 12.99462], [77.59665, 12.99458]]}}, {"type": "Feature", "properties": {}, "geometry": {"type": "LineString", "coordinates": [[77.60186, 12.99548], [77.6005, 12.99574], [77.59683, 12.99462]]}}, {"type": "Feature", "properties": {}, "geometry": {"type": "LineString", "coordinates": [[77.59683, 12.99462], [77.59665, 12.99458]]}}, {"type": "Feature", "properties": {}, "geometry": {"type": "LineString", "coordinates": [[77.57279, 12.98416], [77.57279, 12.98419]]}}, {"type": "Feature", "properties": {}, "geometry": {"type": "LineString", "coordinates": [[77.56342, 13.00181], [77.56342, 13.00177]]}}, {"type": "Feature", "properties": {}, "geometry": {"type": "LineString", "coordinates": [[77.59665, 12.99458], [77.59661, 12.99455]]}}, {"type": "Feature", "properties": {}, "geometry": {"type": "LineString", "coordinates": [[77.59661, 12.99455], [77.59654, 12.99444]]}}, {"type": "Feature", "properties": {}, "geometry": {"type": "LineString", "coordinates": [[77.59665, 12.99458], [77.59661, 12.99455]]}}, {"type": "Feature", "properties": {}, "geometry": {"type": "LineString", "coordinates": [[77.59661, 12.99455], [77.59654, 12.99444]]}}, {"type": "Feature", "properties": {}, "geometry": {"type": "LineString", "coordinates": [[77.56342, 13.00177], [77.56346, 13.00181]]}}, {"type": "Feature", "properties": {}, "geometry": {"type": "LineString", "coordinates": [[77.59446, 13.00164], [77.59446, 13.00161]]}}, {"type": "Feature", "properties": {}, "geometry": {"type": "LineString", "coordinates": [[77.56638, 13.01392], [77.56634, 13.01392]]}}, {"type": "Feature", "properties": {}, "geometry": {"type": "LineString", "coordinates": [[77.56638, 13.01392], [77.56634, 13.01392]]}}, {"type": "Feature", "properties": {}, "geometry": {"type": "LineString", "coordinates": [[77.57719, 12.99376], [77.57719, 12.99379]]}}, {"type": "Feature", "properties": {}, "geometry": {"type": "LineString", "coordinates": [[77.57719, 12.99376], [77.57719, 12.99379]]}}, {"type": "Feature", "properties": {}, "geometry": {"type": "LineString", "coordinates": [[77.6019, 12.99548], [77.60186, 12.99548]]}}, {"type": "Feature", "properties": {}, "geometry": {"type": "LineString", "coordinates": [[77.6019, 12.99548], [77.60186, 12.99548]]}}, {"type": "Feature", "properties": {}, "geometry": {"type": "LineString", "coordinates": [[77.6019, 12.99548], [77.60186, 12.99548]]}}, {"type": "Feature", "properties": {}, "geometry": {"type": "LineString", "coordinates": [[77.57288, 13.00763], [77.57285, 13.00763]]}}, {"type": "Feature", "properties": {}, "geometry": {"type": "LineString", "coordinates": [[77.56832, 12.99349], [77.56836, 12.99349]]}}, {"type": "Feature", "properties": {}, "geometry": {"type": "LineString", "coordinates": [[77.57026, 13.01455], [77.57026, 13.01427]]}}, {"type": "Feature", "properties": {}, "geometry": {"type": "LineString", "coordinates": [[77.56642, 12.99671], [77.56656, 12.9965]]}}, {"type": "Feature", "properties": {}, "geometry": {"type": "LineString", "coordinates": [[77.56656, 12.9965], [77.56861, 12.9937]]}}, {"type": "Feature", "properties": {}, "geometry": {"type": "LineString", "coordinates": [[77.56496, 13.01144], [77.56467, 13.01123], [77.56483, 13.01007]]}}, {"type": "Feature", "properties": {}, "geometry": {"type": "LineString", "coordinates": [[77.56483, 13.01007], [77.5648, 13.01007]]}}, {"type": "Feature", "properties": {}, "geometry": {"type": "LineString", "coordinates": [[77.56483, 13.01007], [77.5648, 13.01007]]}}, {"type": "Feature", "properties": {}, "geometry": {"type": "LineString", "coordinates": [[77.56286, 13.00966], [77.56328, 13.00899]]}}, {"type": "Feature", "properties": {}, "geometry": {"type": "LineString", "coordinates": [[77.58434, 12.99791], [77.58434, 12.99792]]}}, {"type": "Feature", "properties": {}, "geometry": {"type": "LineString", "coordinates": [[77.58434, 12.99792], [77.58417, 12.9993]]}}, {"type": "Feature", "properties": {}, "geometry": {"type": "LineString", "coordinates": [[77.58417, 12.9993], [77.58415, 12.99946]]}}, {"type": "Feature", "properties": {}, "geometry": {"type": "LineString", "coordinates": [[77.58415, 12.99946], [77.58414, 12.99953]]}}, {"type": "Feature", "properties": {}, "geometry": {"type": "LineString", "coordinates": [[77.57106, 13.00518], [77.57117, 13.00508]]}}, {"type": "Feature", "properties": {}, "geometry": {"type": "LineString", "coordinates": [[77.56503, 13.01179], [77.56475, 13.01242], [77.56554, 13.01284]]}}, {"type": "Feature", "properties": {}, "geometry": {"type": "LineString", "coordinates": [[77.57192, 13.01468], [77.57281, 13.01477]]}}, {"type": "Feature", "properties": {}, "geometry": {"type": "LineString", "coordinates": [[77.59341, 13.02446], [77.59334, 13.02446]]}}, {"type": "Feature", "properties": {}, "geometry": {"type": "LineString", "coordinates": [[77.56714, 13.01127], [77.56711, 13.01127]]}}, {"type": "Feature", "properties": {}, "geometry": {"type": "LineString", "coordinates": [[77.56897, 13.01446], [77.56807, 13.0144]]}}, {"type": "Feature", "properties": {}, "geometry": {"type": "LineString", "coordinates": [[77.56908, 13.01446], [77.56897, 13.01446]]}}, {"type": "Feature", "properties": {}, "geometry": {"type": "LineString", "coordinates": [[77.56897, 13.01446], [77.56908, 13.01446]]}}, {"type": "Feature", "properties": {}, "geometry": {"type": "LineString", "coordinates": [[77.56944, 13.01449], [77.56933, 13.01449]]}}, {"type": "Feature", "properties": {}, "geometry": {"type": "LineString", "coordinates": [[77.57281, 13.01474], [77.57285, 13.01474]]}}, {"type": "Feature", "properties": {}, "geometry": {"type": "LineString", "coordinates": [[77.56647, 13.01184], [77.56643, 13.01181]]}}, {"type": "Feature", "properties": {}, "geometry": {"type": "LineString", "coordinates": [[77.5665, 13.01181], [77.56647, 13.01184]]}}, {"type": "Feature", "properties": {}, "geometry": {"type": "LineString", "coordinates": [[77.56172, 13.02854], [77.56176, 13.02854]]}}, {"type": "Feature", "properties": {}, "geometry": {"type": "LineString", "coordinates": [[77.56703, 13.01113], [77.56707, 13.01113]]}}, {"type": "Feature", "properties": {}, "geometry": {"type": "LineString", "coordinates": [[77.60067, 12.9982], [77.60071, 12.99817]]}}, {"type": "Feature", "properties": {}, "geometry": {"type": "LineString", "coordinates": [[77.5654, 13.01273], [77.56529, 13.0127]]}}, {"type": "Feature", "properties": {}, "geometry": {"type": "LineString", "coordinates": [[77.56499, 13.01147], [77.56503, 13.0114]]}}, {"type": "Feature", "properties": {}, "geometry": {"type": "LineString", "coordinates": [[77.5651, 13.01165], [77.56514, 13.01161]]}}, {"type": "Feature", "properties": {}, "geometry": {"type": "LineString", "coordinates": [[77.56729, 13.01117], [77.56725, 13.01117]]}}, {"type": "Feature", "properties": {}, "geometry": {"type": "LineString", "coordinates": [[77.56683, 13.0123], [77.56683, 13.01233]]}}, {"type": "Feature", "properties": {}, "geometry": {"type": "LineString", "coordinates": [[77.56447, 13.00979], [77.56451, 13.00982]]}}, {"type": "Feature", "properties": {}, "geometry": {"type": "LineString", "coordinates": [[77.56609, 13.01055], [77.56609, 13.01051]]}}, {"type": "Feature", "properties": {}, "geometry": {"type": "LineString", "coordinates": [[77.5661, 13.01058], [77.56609, 13.01055]]}}, {"type": "Feature", "properties": {}, "geometry": {"type": "LineString", "coordinates": [[77.56609, 13.01055], [77.56609, 13.01051]]}}, {"type": "Feature", "properties": {}, "geometry": {"type": "LineString", "coordinates": [[77.56507, 13.01175], [77.56503, 13.01179]]}}, {"type": "Feature", "properties": {}, "geometry": {"type": "LineString", "coordinates": [[77.5651, 13.01165], [77.56507, 13.01175]]}}, {"type": "Feature", "properties": {}, "geometry": {"type": "LineString", "coordinates": [[77.56507, 13.01175], [77.56503, 13.01179]]}}, {"type": "Feature", "properties": {}, "geometry": {"type": "LineString", "coordinates": [[77.56426, 13.00965], [77.56429, 13.00965]]}}, {"type": "Feature", "properties": {}, "geometry": {"type": "LineString", "coordinates": [[77.56426, 13.00965], [77.56429, 13.00968]]}}, {"type": "Feature", "properties": {}, "geometry": {"type": "LineString", "coordinates": [[77.56487, 13.01003], [77.56483, 13.01]]}}, {"type": "Feature", "properties": {}, "geometry": {"type": "LineString", "coordinates": [[77.56483, 13.01], [77.56476, 13.00996]]}}, {"type": "Feature", "properties": {}, "geometry": {"type": "LineString", "coordinates": [[77.56483, 13.01], [77.56476, 13.00996]]}}, {"type": "Feature", "properties": {}, "geometry": {"type": "LineString", "coordinates": [[77.56668, 13.01202], [77.56668, 13.01205]]}}, {"type": "Feature", "properties": {}, "geometry": {"type": "LineString", "coordinates": [[77.56429, 13.00965], [77.56436, 13.00965]]}}, {"type": "Feature", "properties": {}, "geometry": {"type": "LineString", "coordinates": [[77.56429, 13.00968], [77.56436, 13.00972]]}}, {"type": "Feature", "properties": {}, "geometry": {"type": "LineString", "coordinates": [[77.56624, 13.01023], [77.5662, 13.01033]]}}, {"type": "Feature", "properties": {}, "geometry": {"type": "LineString", "coordinates": [[77.58571, 13.02671], [77.58571, 13.02675]]}}, {"type": "Feature", "properties": {}, "geometry": {"type": "LineString", "coordinates": [[77.58336, 13.01453], [77.58333, 13.01453]]}}, {"type": "Feature", "properties": {}, "geometry": {"type": "LineString", "coordinates": [[77.56861, 12.9937], [77.5685, 12.99349]]}}, {"type": "Feature", "properties": {}, "geometry": {"type": "LineString", "coordinates": [[77.58207, 13.01148], [77.58211, 13.01148]]}}]}