{"type":"FeatureCollection","features":[{"type":"Feature","properties":{},"geometry":{"type":"Point","coordinates":[77.679771,12.944157]}},{"type":"Feature","properties":{},"geometry":{"type":"Point","coordinates":[77.680666,12.94495]}},{"type":"Feature","properties":{},"geometry":{"type":"Point","coordinates":[77.682355,12.945309]}},{"type":"Feature","properties":{},"geometry":{"type":"Point","coordinates":[77.683046,12.946074]}},{"type":"Feature","properties":{},"geometry":{"type":"Point","coordinates":[77.672639,12.946881]}},{"type":"Feature","properties":{},"geometry":{"type":"Point","coordinates":[77.681252,12.946981]}},{"type":"Feature","properties":{},"geometry":{"type":"Point","coordinates":[77.684266,12.946975]}},{"type":"Feature","properties":{},"geometry":{"type":"Point","coordinates":[77.646212,12.947403]}},{"type":"Feature","properties":{},"geometry":{"type":"Point","coordinates":[77.682739,12.947849]}},{"type":"Feature","properties":{},"geometry":{"type":"Point","coordinates":[77.696391,12.954452]}},{"type":"Feature","properties":{},"geometry":{"type":"Point","coordinates":[77.697023,12.954772]}},{"type":"Feature","properties":{},"geometry":{"type":"Point","coordinates":[77.622709,12.979977]}},{"type":"Feature","properties":{},"geometry":{"type":"Point","coordinates":[77.623699,12.980763]}},{"type":"Feature","properties":{},"geometry":{"type":"Point","coordinates":[77.644105,12.992928]}},{"type":"Feature","properties":{},"geometry":{"type":"Point","coordinates":[77.638199,12.96127]}},{"type":"Feature","properties":{},"geometry":{"type":"Point","coordinates":[77.597164,12.959335]}},{"type":"Feature","properties":{},"geometry":{"type":"Point","coordinates":[77.595337,12.959363]}},{"type":"Feature","properties":{},"geometry":{"type":"Point","coordinates":[77.596763,12.959762]}},{"type":"Feature","properties":{},"geometry":{"type":"Point","coordinates":[77.597087,12.960486]}},{"type":"Feature","properties":{},"geometry":{"type":"Point","coordinates":[77.597971,12.961588]}},{"type":"Feature","properties":{},"geometry":{"type":"Point","coordinates":[77.597953,12.961636]}},{"type":"Feature","properties":{},"geometry":{"type":"Point","coordinates":[77.637245,12.97316]}},{"type":"Feature","properties":{},"geometry":{"type":"Point","coordinates":[77.637499,12.973308]}},{"type":"Feature","properties":{},"geometry":{"type":"Point","coordinates":[77.638689,12.973388]}},{"type":"Feature","properties":{},"geometry":{"type":"Point","coordinates":[77.6369,12.973429]}},{"type":"Feature","properties":{},"geometry":{"type":"Point","coordinates":[77.638546,12.97368]}},{"type":"Feature","properties":{},"geometry":{"type":"Point","coordinates":[77.638424,12.974604]}},{"type":"Feature","properties":{},"geometry":{"type":"Point","coordinates":[77.639484,12.974615]}},{"type":"Feature","properties":{},"geometry":{"type":"Point","coordinates":[77.639123,12.974701]}},{"type":"Feature","properties":{},"geometry":{"type":"Point","coordinates":[77.639854,12.975548]}},{"type":"Feature","properties":{},"geometry":{"type":"Point","coordinates":[77.639074,12.975791]}},{"type":"Feature","properties":{},"geometry":{"type":"Point","coordinates":[77.657828,12.988202]}},{"type":"Feature","properties":{},"geometry":{"type":"Point","coordinates":[77.658575,12.988539]}},{"type":"Feature","properties":{},"geometry":{"type":"Point","coordinates":[77.658417,12.989198]}},{"type":"Feature","properties":{},"geometry":{"type":"Point","coordinates":[77.658943,12.989339]}},{"type":"Feature","properties":{},"geometry":{"type":"Point","coordinates":[77.658735,12.989357]}},{"type":"Feature","properties":{},"geometry":{"type":"Point","coordinates":[77.659785,12.992862]}},{"type":"Feature","properties":{},"geometry":{"type":"Point","coordinates":[77.65667,12.994608]}},{"type":"Feature","properties":{},"geometry":{"type":"Point","coordinates":[77.655948,12.995195]}},{"type":"Feature","properties":{},"geometry":{"type":"Point","coordinates":[77.65569,12.996255]}},{"type":"Feature","properties":{},"geometry":{"type":"Point","coordinates":[77.652773,12.996936]}},{"type":"Feature","properties":{},"geometry":{"type":"Point","coordinates":[77.654251,13.004322]}},{"type":"Feature","properties":{},"geometry":{"type":"Point","coordinates":[77.649129,13.005021]}},{"type":"Feature","properties":{},"geometry":{"type":"Point","coordinates":[77.622902,12.951099]}},{"type":"Feature","properties":{},"geometry":{"type":"Point","coordinates":[77.624087,12.949946]}},{"type":"Feature","properties":{},"geometry":{"type":"Point","coordinates":[77.623884,12.950254]}},{"type":"Feature","properties":{},"geometry":{"type":"Point","coordinates":[77.623741,12.949439]}},{"type":"Feature","properties":{},"geometry":{"type":"Point","coordinates":[77.623465,12.948453]}},{"type":"Feature","properties":{},"geometry":{"type":"Point","coordinates":[77.62416,12.948929]}},{"type":"Feature","properties":{},"geometry":{"type":"Point","coordinates":[77.623944,12.947878]}},{"type":"Feature","properties":{},"geometry":{"type":"Point","coordinates":[77.624891,12.947205]}},{"type":"Feature","properties":{},"geometry":{"type":"Point","coordinates":[77.624689,12.946029]}},{"type":"Feature","properties":{},"geometry":{"type":"Point","coordinates":[77.624627,12.945961]}},{"type":"Feature","properties":{},"geometry":{"type":"Point","coordinates":[77.625409,12.945503]}},{"type":"Feature","properties":{},"geometry":{"type":"Point","coordinates":[77.626547,12.945497]}},{"type":"Feature","properties":{},"geometry":{"type":"Point","coordinates":[77.626807,12.945826]}},{"type":"Feature","properties":{},"geometry":{"type":"Point","coordinates":[77.626743,12.946016]}},{"type":"Feature","properties":{},"geometry":{"type":"Point","coordinates":[77.626766,12.944809]}},{"type":"Feature","properties":{},"geometry":{"type":"Point","coordinates":[77.627174,12.944149]}},{"type":"Feature","properties":{},"geometry":{"type":"Point","coordinates":[77.62761,12.944439]}},{"type":"Feature","properties":{},"geometry":{"type":"Point","coordinates":[77.627606,12.944379]}},{"type":"Feature","properties":{},"geometry":{"type":"Point","coordinates":[77.627264,12.945161]}},{"type":"Feature","properties":{},"geometry":{"type":"Point","coordinates":[77.627875,12.945033]}},{"type":"Feature","properties":{},"geometry":{"type":"Point","coordinates":[77.628838,12.944969]}},{"type":"Feature","properties":{},"geometry":{"type":"Point","coordinates":[77.628829,12.944811]}},{"type":"Feature","properties":{},"geometry":{"type":"Point","coordinates":[77.628391,12.944274]}},{"type":"Feature","properties":{},"geometry":{"type":"Point","coordinates":[77.628911,12.944461]}},{"type":"Feature","properties":{},"geometry":{"type":"Point","coordinates":[77.628436,12.943325]}},{"type":"Feature","properties":{},"geometry":{"type":"Point","coordinates":[77.626779,12.943108]}},{"type":"Feature","properties":{},"geometry":{"type":"Point","coordinates":[77.626855,12.943082]}},{"type":"Feature","properties":{},"geometry":{"type":"Point","coordinates":[77.62658,12.941969]}},{"type":"Feature","properties":{},"geometry":{"type":"Point","coordinates":[77.626891,12.941571]}},{"type":"Feature","properties":{},"geometry":{"type":"Point","coordinates":[77.628959,12.942451]}},{"type":"Feature","properties":{},"geometry":{"type":"Point","coordinates":[77.629276,12.941638]}},{"type":"Feature","properties":{},"geometry":{"type":"Point","coordinates":[77.629924,12.942492]}},{"type":"Feature","properties":{},"geometry":{"type":"Point","coordinates":[77.630157,12.94212]}},{"type":"Feature","properties":{},"geometry":{"type":"Point","coordinates":[77.63051,12.942667]}},{"type":"Feature","properties":{},"geometry":{"type":"Point","coordinates":[77.630553,12.941863]}},{"type":"Feature","properties":{},"geometry":{"type":"Point","coordinates":[77.632855,12.989527]}},{"type":"Feature","properties":{},"geometry":{"type":"Point","coordinates":[77.627284,12.980972]}},{"type":"Feature","properties":{},"geometry":{"type":"Point","coordinates":[77.646265,12.971882]}},{"type":"Feature","properties":{},"geometry":{"type":"Point","coordinates":[77.627985,12.981434]}},{"type":"Feature","properties":{},"geometry":{"type":"Point","coordinates":[77.627162,12.981774]}},{"type":"Feature","properties":{},"geometry":{"type":"Point","coordinates":[77.627438,12.981634]}},{"type":"Feature","properties":{},"geometry":{"type":"Point","coordinates":[77.625343,12.981189]}},{"type":"Feature","properties":{},"geometry":{"type":"Point","coordinates":[77.641221,12.99824]}},{"type":"Feature","properties":{},"geometry":{"type":"Point","coordinates":[77.627289,12.979043]}},{"type":"Feature","properties":{},"geometry":{"type":"Point","coordinates":[77.641248,12.982404]}},{"type":"Feature","properties":{},"geometry":{"type":"Point","coordinates":[77.626716,12.979091]}},{"type":"Feature","properties":{},"geometry":{"type":"Point","coordinates":[77.628077,12.980758]}},{"type":"Feature","properties":{},"geometry":{"type":"Point","coordinates":[77.626152,12.981414]}},{"type":"Feature","properties":{},"geometry":{"type":"Point","coordinates":[77.626277,12.980292]}},{"type":"Feature","properties":{},"geometry":{"type":"Point","coordinates":[77.628644,12.981511]}},{"type":"Feature","properties":{},"geometry":{"type":"Point","coordinates":[77.64618,12.972038]}},{"type":"Feature","properties":{},"geometry":{"type":"Point","coordinates":[77.630409,12.978767]}},{"type":"Feature","properties":{},"geometry":{"type":"Point","coordinates":[77.62627,12.979896]}},{"type":"Feature","properties":{},"geometry":{"type":"Point","coordinates":[77.630333,12.979363]}},{"type":"Feature","properties":{},"geometry":{"type":"Point","coordinates":[77.626874,12.980186]}},{"type":"Feature","properties":{},"geometry":{"type":"Point","coordinates":[77.630843,12.979254]}},{"type":"Feature","properties":{},"geometry":{"type":"Point","coordinates":[77.632129,12.977014]}},{"type":"Feature","properties":{},"geometry":{"type":"Point","coordinates":[77.632449,12.976583]}},{"type":"Feature","properties":{},"geometry":{"type":"Point","coordinates":[77.632367,12.978432]}},{"type":"Feature","properties":{},"geometry":{"type":"Point","coordinates":[77.63832,12.980072]}},{"type":"Feature","properties":{},"geometry":{"type":"Point","coordinates":[77.647089,12.972012]}},{"type":"Feature","properties":{},"geometry":{"type":"Point","coordinates":[77.656353,13.005415]}},{"type":"Feature","properties":{},"geometry":{"type":"Point","coordinates":[77.648115,13.0062]}},{"type":"Feature","properties":{},"geometry":{"type":"Point","coordinates":[77.648086,13.007492]}},{"type":"Feature","properties":{},"geometry":{"type":"Point","coordinates":[77.642968,13.005921]}},{"type":"Feature","properties":{},"geometry":{"type":"Point","coordinates":[77.653352,13.006079]}},{"type":"Feature","properties":{},"geometry":{"type":"Point","coordinates":[77.653724,13.006414]}},{"type":"Feature","properties":{},"geometry":{"type":"Point","coordinates":[77.656726,13.008114]}},{"type":"Feature","properties":{},"geometry":{"type":"Point","coordinates":[77.662039,13.00943]}},{"type":"Feature","properties":{},"geometry":{"type":"Point","coordinates":[77.657304,13.007504]}},{"type":"Feature","properties":{},"geometry":{"type":"Point","coordinates":[77.660981,13.007499]}},{"type":"Feature","properties":{},"geometry":{"type":"Point","coordinates":[77.662087,12.99544]}},{"type":"Feature","properties":{},"geometry":{"type":"Point","coordinates":[77.655856,12.995364]}},{"type":"Feature","properties":{},"geometry":{"type":"Point","coordinates":[77.662115,12.999656]}},{"type":"Feature","properties":{},"geometry":{"type":"Point","coordinates":[77.645939,13.006081]}},{"type":"Feature","properties":{},"geometry":{"type":"Point","coordinates":[77.649,13.006154]}},{"type":"Feature","properties":{},"geometry":{"type":"Point","coordinates":[77.647109,13.005609]}},{"type":"Feature","properties":{},"geometry":{"type":"Point","coordinates":[77.655034,12.996847]}},{"type":"Feature","properties":{},"geometry":{"type":"Point","coordinates":[77.65265,12.997006]}},{"type":"Feature","properties":{},"geometry":{"type":"Point","coordinates":[77.655858,12.995872]}},{"type":"Feature","properties":{},"geometry":{"type":"Point","coordinates":[77.654194,13.005003]}},{"type":"Feature","properties":{},"geometry":{"type":"Point","coordinates":[77.661586,13.000598]}},{"type":"Feature","properties":{},"geometry":{"type":"Point","coordinates":[77.676812,12.981901]}},{"type":"Feature","properties":{},"geometry":{"type":"Point","coordinates":[77.677138,12.982444]}},{"type":"Feature","properties":{},"geometry":{"type":"Point","coordinates":[77.678708,12.981292]}},{"type":"Feature","properties":{},"geometry":{"type":"Point","coordinates":[77.656214,12.979575]}},{"type":"Feature","properties":{},"geometry":{"type":"Point","coordinates":[77.656628,12.98045]}},{"type":"Feature","properties":{},"geometry":{"type":"Point","coordinates":[77.657604,12.981594]}},{"type":"Feature","properties":{},"geometry":{"type":"Point","coordinates":[77.657396,12.982917]}},{"type":"Feature","properties":{},"geometry":{"type":"Point","coordinates":[77.655268,12.984193]}},{"type":"Feature","properties":{},"geometry":{"type":"Point","coordinates":[77.655723,12.983444]}},{"type":"Feature","properties":{},"geometry":{"type":"Point","coordinates":[77.655401,12.982224]}},{"type":"Feature","properties":{},"geometry":{"type":"Point","coordinates":[77.656599,12.983732]}},{"type":"Feature","properties":{},"geometry":{"type":"Point","coordinates":[77.671471,12.974549]}},{"type":"Feature","properties":{},"geometry":{"type":"Point","coordinates":[77.66983,12.976457]}},{"type":"Feature","properties":{},"geometry":{"type":"Point","coordinates":[77.672351,12.97611]}},{"type":"Feature","properties":{},"geometry":{"type":"Point","coordinates":[77.657084,12.984418]}},{"type":"Feature","properties":{},"geometry":{"type":"Point","coordinates":[77.65535,12.982957]}},{"type":"Feature","properties":{},"geometry":{"type":"Point","coordinates":[77.633235,12.970152]}},{"type":"Feature","properties":{},"geometry":{"type":"Point","coordinates":[77.638514,12.966711]}},{"type":"Feature","properties":{},"geometry":{"type":"Point","coordinates":[77.639728,12.957525]}},{"type":"Feature","properties":{},"geometry":{"type":"Point","coordinates":[77.639733,12.957488]}},{"type":"Feature","properties":{},"geometry":{"type":"Point","coordinates":[77.635748,12.958044]}},{"type":"Feature","properties":{},"geometry":{"type":"Point","coordinates":[77.638973,12.961768]}},{"type":"Feature","properties":{},"geometry":{"type":"Point","coordinates":[77.633637,12.970297]}},{"type":"Feature","properties":{},"geometry":{"type":"Point","coordinates":[77.635845,12.957673]}},{"type":"Feature","properties":{},"geometry":{"type":"Point","coordinates":[77.636358,12.956535]}},{"type":"Feature","properties":{},"geometry":{"type":"Point","coordinates":[77.636209,12.95669]}},{"type":"Feature","properties":{},"geometry":{"type":"Point","coordinates":[77.637139,12.9595]}},{"type":"Feature","properties":{},"geometry":{"type":"Point","coordinates":[77.636261,12.96139]}},{"type":"Feature","properties":{},"geometry":{"type":"Point","coordinates":[77.640806,12.956598]}},{"type":"Feature","properties":{},"geometry":{"type":"Point","coordinates":[77.640393,12.96654]}},{"type":"Feature","properties":{},"geometry":{"type":"Point","coordinates":[77.641622,12.957945]}},{"type":"Feature","properties":{},"geometry":{"type":"Point","coordinates":[77.639469,12.967759]}},{"type":"Feature","properties":{},"geometry":{"type":"Point","coordinates":[77.638054,12.961308]}},{"type":"Feature","properties":{},"geometry":{"type":"Point","coordinates":[77.638362,12.967283]}},{"type":"Feature","properties":{},"geometry":{"type":"Point","coordinates":[77.628799,12.967744]}},{"type":"Feature","properties":{},"geometry":{"type":"Point","coordinates":[77.62515,12.96858]}},{"type":"Feature","properties":{},"geometry":{"type":"Point","coordinates":[77.625071,12.968721]}},{"type":"Feature","properties":{},"geometry":{"type":"Point","coordinates":[77.628852,12.968087]}},{"type":"Feature","properties":{},"geometry":{"type":"Point","coordinates":[77.626483,12.968319]}},{"type":"Feature","properties":{},"geometry":{"type":"Point","coordinates":[77.626471,12.969901]}},{"type":"Feature","properties":{},"geometry":{"type":"Point","coordinates":[77.625135,12.968639]}},{"type":"Feature","properties":{},"geometry":{"type":"Point","coordinates":[77.624489,12.967817]}},{"type":"Feature","properties":{},"geometry":{"type":"Point","coordinates":[77.623712,12.968704]}},{"type":"Feature","properties":{},"geometry":{"type":"Point","coordinates":[77.624512,12.969336]}},{"type":"Feature","properties":{},"geometry":{"type":"Point","coordinates":[77.62435,12.969706]}},{"type":"Feature","properties":{},"geometry":{"type":"Point","coordinates":[77.617921,12.961544]}},{"type":"Feature","properties":{},"geometry":{"type":"Point","coordinates":[77.618519,12.960626]}},{"type":"Feature","properties":{},"geometry":{"type":"Point","coordinates":[77.618356,12.9601]}},{"type":"Feature","properties":{},"geometry":{"type":"Point","coordinates":[77.619358,12.958887]}},{"type":"Feature","properties":{},"geometry":{"type":"Point","coordinates":[77.619453,12.958179]}},{"type":"Feature","properties":{},"geometry":{"type":"Point","coordinates":[77.618523,12.958014]}},{"type":"Feature","properties":{},"geometry":{"type":"Point","coordinates":[77.617174,12.95804]}},{"type":"Feature","properties":{},"geometry":{"type":"Point","coordinates":[77.616904,12.957932]}},{"type":"Feature","properties":{},"geometry":{"type":"Point","coordinates":[77.616851,12.959101]}},{"type":"Feature","properties":{},"geometry":{"type":"Point","coordinates":[77.617012,12.958987]}},{"type":"Feature","properties":{},"geometry":{"type":"Point","coordinates":[77.617101,12.959091]}},{"type":"Feature","properties":{},"geometry":{"type":"Point","coordinates":[77.617338,12.959831]}},{"type":"Feature","properties":{},"geometry":{"type":"Point","coordinates":[77.617353,12.960985]}},{"type":"Feature","properties":{},"geometry":{"type":"Point","coordinates":[77.616524,12.960843]}},{"type":"Feature","properties":{},"geometry":{"type":"Point","coordinates":[77.617804,12.95946]}},{"type":"Feature","properties":{},"geometry":{"type":"Point","coordinates":[77.616099,12.958713]}},{"type":"Feature","properties":{},"geometry":{"type":"Point","coordinates":[77.61357,12.959164]}},{"type":"Feature","properties":{},"geometry":{"type":"Point","coordinates":[77.614592,12.960251]}},{"type":"Feature","properties":{},"geometry":{"type":"Point","coordinates":[77.614401,12.960269]}},{"type":"Feature","properties":{},"geometry":{"type":"Point","coordinates":[77.615207,12.960044]}},{"type":"Feature","properties":{},"geometry":{"type":"Point","coordinates":[77.615687,12.961249]}},{"type":"Feature","properties":{},"geometry":{"type":"Point","coordinates":[77.614943,12.95891]}},{"type":"Feature","properties":{},"geometry":{"type":"Point","coordinates":[77.615439,12.959948]}},{"type":"Feature","properties":{},"geometry":{"type":"Point","coordinates":[77.656509,12.952888]}},{"type":"Feature","properties":{},"geometry":{"type":"Point","coordinates":[77.659949,12.960845]}},{"type":"Feature","properties":{},"geometry":{"type":"Point","coordinates":[77.658905,12.954905]}},{"type":"Feature","properties":{},"geometry":{"type":"Point","coordinates":[77.657549,12.95428]}},{"type":"Feature","properties":{},"geometry":{"type":"Point","coordinates":[77.655869,12.954792]}},{"type":"Feature","properties":{},"geometry":{"type":"Point","coordinates":[77.654861,12.956687]}},{"type":"Feature","properties":{},"geometry":{"type":"Point","coordinates":[77.649339,12.956511]}},{"type":"Feature","properties":{},"geometry":{"type":"Point","coordinates":[77.646239,12.958462]}},{"type":"Feature","properties":{},"geometry":{"type":"Point","coordinates":[77.659021,12.956503]}},{"type":"Feature","properties":{},"geometry":{"type":"Point","coordinates":[77.659025,12.958424]}},{"type":"Feature","properties":{},"geometry":{"type":"Point","coordinates":[77.659487,12.9608]}},{"type":"Feature","properties":{},"geometry":{"type":"Point","coordinates":[77.659505,12.963076]}},{"type":"Feature","properties":{},"geometry":{"type":"Point","coordinates":[77.659319,12.956631]}},{"type":"Feature","properties":{},"geometry":{"type":"Point","coordinates":[77.656838,12.955539]}},{"type":"Feature","properties":{},"geometry":{"type":"Point","coordinates":[77.656697,12.956375]}},{"type":"Feature","properties":{},"geometry":{"type":"Point","coordinates":[77.64651,12.958272]}},{"type":"Feature","properties":{},"geometry":{"type":"Point","coordinates":[77.62388,12.980897]}},{"type":"Feature","properties":{},"geometry":{"type":"Point","coordinates":[77.624688,12.97885]}},{"type":"Feature","properties":{},"geometry":{"type":"Point","coordinates":[77.624668,12.978854]}},{"type":"Feature","properties":{},"geometry":{"type":"Point","coordinates":[77.622812,12.980825]}},{"type":"Feature","properties":{},"geometry":{"type":"Point","coordinates":[77.623728,12.975016]}},{"type":"Feature","properties":{},"geometry":{"type":"Point","coordinates":[77.619359,12.979544]}},{"type":"Feature","properties":{},"geometry":{"type":"Point","coordinates":[77.621957,12.977835]}},{"type":"Feature","properties":{},"geometry":{"type":"Point","coordinates":[77.626437,12.978493]}},{"type":"Feature","properties":{},"geometry":{"type":"Point","coordinates":[77.625747,12.980107]}},{"type":"Feature","properties":{},"geometry":{"type":"Point","coordinates":[77.625132,12.980077]}},{"type":"Feature","properties":{},"geometry":{"type":"Point","coordinates":[77.623796,12.979841]}},{"type":"Feature","properties":{},"geometry":{"type":"Point","coordinates":[77.639771,12.973379]}},{"type":"Feature","properties":{},"geometry":{"type":"Point","coordinates":[77.638291,12.975568]}},{"type":"Feature","properties":{},"geometry":{"type":"Point","coordinates":[77.638199,12.974442]}},{"type":"Feature","properties":{},"geometry":{"type":"Point","coordinates":[77.638961,12.974499]}},{"type":"Feature","properties":{},"geometry":{"type":"Point","coordinates":[77.637003,12.973899]}},{"type":"Feature","properties":{},"geometry":{"type":"Point","coordinates":[77.636581,12.973869]}},{"type":"Feature","properties":{},"geometry":{"type":"Point","coordinates":[77.637183,12.973008]}},{"type":"Feature","properties":{},"geometry":{"type":"Point","coordinates":[77.639068,12.973378]}},{"type":"Feature","properties":{},"geometry":{"type":"Point","coordinates":[77.639505,12.974233]}},{"type":"Feature","properties":{},"geometry":{"type":"Point","coordinates":[77.639852,12.973216]}},{"type":"Feature","properties":{},"geometry":{"type":"Point","coordinates":[77.631155,12.972111]}},{"type":"Feature","properties":{},"geometry":{"type":"Point","coordinates":[77.627348,12.973474]}},{"type":"Feature","properties":{},"geometry":{"type":"Point","coordinates":[77.628928,12.978176]}},{"type":"Feature","properties":{},"geometry":{"type":"Point","coordinates":[77.631531,12.974234]}},{"type":"Feature","properties":{},"geometry":{"type":"Point","coordinates":[77.638266,12.973241]}},{"type":"Feature","properties":{},"geometry":{"type":"Point","coordinates":[77.647247,12.9642]}},{"type":"Feature","properties":{},"geometry":{"type":"Point","coordinates":[77.649359,12.967953]}},{"type":"Feature","properties":{},"geometry":{"type":"Point","coordinates":[77.661454,12.96371]}},{"type":"Feature","properties":{},"geometry":{"type":"Point","coordinates":[77.647719,12.961142]}},{"type":"Feature","properties":{},"geometry":{"type":"Point","coordinates":[77.656846,12.967987]}},{"type":"Feature","properties":{},"geometry":{"type":"Point","coordinates":[77.64891,12.96422]}},{"type":"Feature","properties":{},"geometry":{"type":"Point","coordinates":[77.647821,12.965945]}},{"type":"Feature","properties":{},"geometry":{"type":"Point","coordinates":[77.647785,12.963097]}},{"type":"Feature","properties":{},"geometry":{"type":"Point","coordinates":[77.647515,12.961788]}},{"type":"Feature","properties":{},"geometry":{"type":"Point","coordinates":[77.649602,12.966922]}},{"type":"Feature","properties":{},"geometry":{"type":"Point","coordinates":[77.649668,12.965205]}},{"type":"Feature","properties":{},"geometry":{"type":"Point","coordinates":[77.648806,12.966144]}},{"type":"Feature","properties":{},"geometry":{"type":"Point","coordinates":[77.659114,12.963922]}},{"type":"Feature","properties":{},"geometry":{"type":"Point","coordinates":[77.666405,12.982476]}},{"type":"Feature","properties":{},"geometry":{"type":"Point","coordinates":[77.663082,12.977126]}},{"type":"Feature","properties":{},"geometry":{"type":"Point","coordinates":[77.656112,12.96947]}},{"type":"Feature","properties":{},"geometry":{"type":"Point","coordinates":[77.653024,12.970384]}},{"type":"Feature","properties":{},"geometry":{"type":"Point","coordinates":[77.641958,12.969673]}},{"type":"Feature","properties":{},"geometry":{"type":"Point","coordinates":[77.651871,12.969832]}},{"type":"Feature","properties":{},"geometry":{"type":"Point","coordinates":[77.648515,12.974414]}},{"type":"Feature","properties":{},"geometry":{"type":"Point","coordinates":[77.647544,12.98042]}},{"type":"Feature","properties":{},"geometry":{"type":"Point","coordinates":[77.646287,12.98079]}},{"type":"Feature","properties":{},"geometry":{"type":"Point","coordinates":[77.666581,12.975393]}},{"type":"Feature","properties":{},"geometry":{"type":"Point","coordinates":[77.66695,12.982361]}},{"type":"Feature","properties":{},"geometry":{"type":"Point","coordinates":[77.664582,12.974836]}},{"type":"Feature","properties":{},"geometry":{"type":"Point","coordinates":[77.66563,12.981817]}},{"type":"Feature","properties":{},"geometry":{"type":"Point","coordinates":[77.665572,12.984994]}},{"type":"Feature","properties":{},"geometry":{"type":"Point","coordinates":[77.650162,12.97506]}},{"type":"Feature","properties":{},"geometry":{"type":"Point","coordinates":[77.665504,12.982314]}},{"type":"Feature","properties":{},"geometry":{"type":"Point","coordinates":[77.665877,12.98132]}},{"type":"Feature","properties":{},"geometry":{"type":"Point","coordinates":[77.665678,12.979672]}},{"type":"Feature","properties":{},"geometry":{"type":"Point","coordinates":[77.620597,12.955449]}},{"type":"Feature","properties":{},"geometry":{"type":"Point","coordinates":[77.620372,12.957753]}},{"type":"Feature","properties":{},"geometry":{"type":"Point","coordinates":[77.62083,12.952089]}},{"type":"Feature","properties":{},"geometry":{"type":"Point","coordinates":[77.621843,12.952874]}},{"type":"Feature","properties":{},"geometry":{"type":"Point","coordinates":[77.621836,12.953712]}},{"type":"Feature","properties":{},"geometry":{"type":"Point","coordinates":[77.617657,12.953706]}},{"type":"Feature","properties":{},"geometry":{"type":"Point","coordinates":[77.611501,12.955898]}},{"type":"Feature","properties":{},"geometry":{"type":"Point","coordinates":[77.616069,12.957439]}},{"type":"Feature","properties":{},"geometry":{"type":"Point","coordinates":[77.616091,12.95751]}},{"type":"Feature","properties":{},"geometry":{"type":"Point","coordinates":[77.620585,12.955376]}},{"type":"Feature","properties":{},"geometry":{"type":"Point","coordinates":[77.611516,12.955806]}},{"type":"Feature","properties":{},"geometry":{"type":"Point","coordinates":[77.620352,12.957737]}},{"type":"Feature","properties":{},"geometry":{"type":"Point","coordinates":[77.620349,12.955311]}},{"type":"Feature","properties":{},"geometry":{"type":"Point","coordinates":[77.617341,12.954989]}},{"type":"Feature","properties":{},"geometry":{"type":"Point","coordinates":[77.613086,12.959875]}},{"type":"Feature","properties":{},"geometry":{"type":"Point","coordinates":[77.617499,12.954368]}},{"type":"Feature","properties":{},"geometry":{"type":"Point","coordinates":[77.615564,12.954832]}},{"type":"Feature","properties":{},"geometry":{"type":"Point","coordinates":[77.623634,12.952766]}},{"type":"Feature","properties":{},"geometry":{"type":"Point","coordinates":[77.613183,12.951495]}},{"type":"Feature","properties":{},"geometry":{"type":"Point","coordinates":[77.613582,12.951367]}},{"type":"Feature","properties":{},"geometry":{"type":"Point","coordinates":[77.614898,12.957376]}},{"type":"Feature","properties":{},"geometry":{"type":"Point","coordinates":[77.614358,12.954061]}},{"type":"Feature","properties":{},"geometry":{"type":"Point","coordinates":[77.610177,12.950251]}},{"type":"Feature","properties":{},"geometry":{"type":"Point","coordinates":[77.615174,12.98151]}},{"type":"Feature","properties":{},"geometry":{"type":"Point","coordinates":[77.61806,12.948822]}},{"type":"Feature","properties":{},"geometry":{"type":"Point","coordinates":[77.618713,12.948305]}},{"type":"Feature","properties":{},"geometry":{"type":"Point","coordinates":[77.614495,12.951718]}},{"type":"Feature","properties":{},"geometry":{"type":"Point","coordinates":[77.612337,12.954596]}},{"type":"Feature","properties":{},"geometry":{"type":"Point","coordinates":[77.613183,12.952268]}},{"type":"Feature","properties":{},"geometry":{"type":"Point","coordinates":[77.595651,12.957082]}},{"type":"Feature","properties":{},"geometry":{"type":"Point","coordinates":[77.61608,12.947689]}},{"type":"Feature","properties":{},"geometry":{"type":"Point","coordinates":[77.62081,12.946562]}},{"type":"Feature","properties":{},"geometry":{"type":"Point","coordinates":[77.620589,12.948469]}},{"type":"Feature","properties":{},"geometry":{"type":"Point","coordinates":[77.618046,12.948829]}},{"type":"Feature","properties":{},"geometry":{"type":"Point","coordinates":[77.621074,12.945115]}},{"type":"Feature","properties":{},"geometry":{"type":"Point","coordinates":[77.61646,12.954095]}},{"type":"Feature","properties":{},"geometry":{"type":"Point","coordinates":[77.620413,12.94976]}},{"type":"Feature","properties":{},"geometry":{"type":"Point","coordinates":[77.616031,12.949406]}},{"type":"Feature","properties":{},"geometry":{"type":"Point","coordinates":[77.619989,12.947214]}},{"type":"Feature","properties":{},"geometry":{"type":"Point","coordinates":[77.61958,12.948918]}},{"type":"Feature","properties":{},"geometry":{"type":"Point","coordinates":[77.634224,12.939672]}},{"type":"Feature","properties":{},"geometry":{"type":"Point","coordinates":[77.625865,12.94039]}},{"type":"Feature","properties":{},"geometry":{"type":"Point","coordinates":[77.625586,12.948289]}},{"type":"Feature","properties":{},"geometry":{"type":"Point","coordinates":[77.630647,12.939942]}},{"type":"Feature","properties":{},"geometry":{"type":"Point","coordinates":[77.627293,12.944678]}},{"type":"Feature","properties":{},"geometry":{"type":"Point","coordinates":[77.631721,12.93658]}},{"type":"Feature","properties":{},"geometry":{"type":"Point","coordinates":[77.626582,12.945555]}},{"type":"Feature","properties":{},"geometry":{"type":"Point","coordinates":[77.634236,12.939453]}},{"type":"Feature","properties":{},"geometry":{"type":"Point","coordinates":[77.62679,12.945862]}},{"type":"Feature","properties":{},"geometry":{"type":"Point","coordinates":[77.622607,12.949412]}},{"type":"Feature","properties":{},"geometry":{"type":"Point","coordinates":[77.624632,12.945925]}},{"type":"Feature","properties":{},"geometry":{"type":"Point","coordinates":[77.624403,12.951979]}},{"type":"Feature","properties":{},"geometry":{"type":"Point","coordinates":[77.635942,12.939388]}},{"type":"Feature","properties":{},"geometry":{"type":"Point","coordinates":[77.627751,12.941549]}},{"type":"Feature","properties":{},"geometry":{"type":"Point","coordinates":[77.62873,12.944827]}},{"type":"Feature","properties":{},"geometry":{"type":"Point","coordinates":[77.682581,12.936832]}},{"type":"Feature","properties":{},"geometry":{"type":"Point","coordinates":[77.635942,12.939388]}},{"type":"Feature","properties":{},"geometry":{"type":"Point","coordinates":[77.633161,12.939632]}},{"type":"Feature","properties":{},"geometry":{"type":"Point","coordinates":[77.628794,12.946664]}},{"type":"Feature","properties":{},"geometry":{"type":"Point","coordinates":[77.626782,12.95587]}},{"type":"Feature","properties":{},"geometry":{"type":"Point","coordinates":[77.62585,12.94037]}},{"type":"Feature","properties":{},"geometry":{"type":"Point","coordinates":[77.62885,12.94667]}},{"type":"Feature","properties":{},"geometry":{"type":"Point","coordinates":[77.63108,12.93872]}},{"type":"Feature","properties":{},"geometry":{"type":"Point","coordinates":[77.62619,12.95189]}},{"type":"Feature","properties":{},"geometry":{"type":"Point","coordinates":[77.62885,12.945749]}},{"type":"Feature","properties":{},"geometry":{"type":"Point","coordinates":[77.62462,12.94636]}},{"type":"Feature","properties":{},"geometry":{"type":"Point","coordinates":[77.630541,12.940371]}},{"type":"Feature","properties":{},"geometry":{"type":"Point","coordinates":[77.62462,12.9462]}},{"type":"Feature","properties":{},"geometry":{"type":"Point","coordinates":[77.62965,12.94274]}},{"type":"Feature","properties":{},"geometry":{"type":"Point","coordinates":[77.625825,12.94436]}},{"type":"Feature","properties":{},"geometry":{"type":"Point","coordinates":[77.630559,12.941589]}},{"type":"Feature","properties":{},"geometry":{"type":"Point","coordinates":[77.625583,12.947351]}},{"type":"Feature","properties":{},"geometry":{"type":"Point","coordinates":[77.6256,12.939332]}},{"type":"Feature","properties":{},"geometry":{"type":"Point","coordinates":[77.624619,12.945931]}},{"type":"Feature","properties":{},"geometry":{"type":"Point","coordinates":[77.627321,12.946748]}},{"type":"Feature","properties":{},"geometry":{"type":"Point","coordinates":[77.63089,12.934308]}},{"type":"Feature","properties":{},"geometry":{"type":"Point","coordinates":[77.629371,12.938307]}},{"type":"Feature","properties":{},"geometry":{"type":"Point","coordinates":[77.628593,12.938223]}},{"type":"Feature","properties":{},"geometry":{"type":"Point","coordinates":[77.62585,12.940364]}},{"type":"Feature","properties":{},"geometry":{"type":"Point","coordinates":[77.635421,12.941407]}},{"type":"Feature","properties":{},"geometry":{"type":"Point","coordinates":[77.625687,12.9504]}},{"type":"Feature","properties":{},"geometry":{"type":"Point","coordinates":[77.635403,12.938432]}},{"type":"Feature","properties":{},"geometry":{"type":"Point","coordinates":[77.632763,12.939022]}},{"type":"Feature","properties":{},"geometry":{"type":"Point","coordinates":[77.625816,12.945173]}},{"type":"Feature","properties":{},"geometry":{"type":"Point","coordinates":[77.625827,12.945106]}},{"type":"Feature","properties":{},"geometry":{"type":"Point","coordinates":[77.625825,12.945139]}},{"type":"Feature","properties":{},"geometry":{"type":"Point","coordinates":[77.622088,12.945784]}},{"type":"Feature","properties":{},"geometry":{"type":"Point","coordinates":[77.624623,12.946338]}},{"type":"Feature","properties":{},"geometry":{"type":"Point","coordinates":[77.631846,12.93672]}},{"type":"Feature","properties":{},"geometry":{"type":"Point","coordinates":[77.625651,12.940877]}},{"type":"Feature","properties":{},"geometry":{"type":"Point","coordinates":[77.624636,12.9459]}},{"type":"Feature","properties":{},"geometry":{"type":"Point","coordinates":[77.625839,12.94436]}},{"type":"Feature","properties":{},"geometry":{"type":"Point","coordinates":[77.622407,12.950819]}},{"type":"Feature","properties":{},"geometry":{"type":"Point","coordinates":[77.625316,12.944359]}},{"type":"Feature","properties":{},"geometry":{"type":"Point","coordinates":[77.631697,12.93478]}},{"type":"Feature","properties":{},"geometry":{"type":"Point","coordinates":[77.625894,12.94982]}},{"type":"Feature","properties":{},"geometry":{"type":"Point","coordinates":[77.620435,12.949747]}},{"type":"Feature","properties":{},"geometry":{"type":"Point","coordinates":[77.629505,12.939998]}},{"type":"Feature","properties":{},"geometry":{"type":"Point","coordinates":[77.617458,12.943585]}},{"type":"Feature","properties":{},"geometry":{"type":"Point","coordinates":[77.613856,12.942359]}},{"type":"Feature","properties":{},"geometry":{"type":"Point","coordinates":[77.606443,12.949315]}},{"type":"Feature","properties":{},"geometry":{"type":"Point","coordinates":[77.613854,12.942364]}},{"type":"Feature","properties":{},"geometry":{"type":"Point","coordinates":[77.60926,12.941461]}},{"type":"Feature","properties":{},"geometry":{"type":"Point","coordinates":[77.615941,12.941738]}},{"type":"Feature","properties":{},"geometry":{"type":"Point","coordinates":[77.613963,12.943777]}},{"type":"Feature","properties":{},"geometry":{"type":"Point","coordinates":[77.612378,12.941136]}},{"type":"Feature","properties":{},"geometry":{"type":"Point","coordinates":[77.610214,12.940725]}},{"type":"Feature","properties":{},"geometry":{"type":"Point","coordinates":[77.610178,12.940622]}},{"type":"Feature","properties":{},"geometry":{"type":"Point","coordinates":[77.610404,12.94078]}},{"type":"Feature","properties":{},"geometry":{"type":"Point","coordinates":[77.608906,12.941941]}},{"type":"Feature","properties":{},"geometry":{"type":"Point","coordinates":[77.609395,12.944704]}},{"type":"Feature","properties":{},"geometry":{"type":"Point","coordinates":[77.614904,12.942189]}},{"type":"Feature","properties":{},"geometry":{"type":"Point","coordinates":[77.609422,12.944882]}},{"type":"Feature","properties":{},"geometry":{"type":"Point","coordinates":[77.607152,12.939359]}},{"type":"Feature","properties":{},"geometry":{"type":"Point","coordinates":[77.609037,12.941056]}},{"type":"Feature","properties":{},"geometry":{"type":"Point","coordinates":[77.61228,12.941111]}},{"type":"Feature","properties":{},"geometry":{"type":"Point","coordinates":[77.6094,12.94352]}},{"type":"Feature","properties":{},"geometry":{"type":"Point","coordinates":[77.607149,12.939263]}},{"type":"Feature","properties":{},"geometry":{"type":"Point","coordinates":[77.614875,12.942047]}},{"type":"Feature","properties":{},"geometry":{"type":"Point","coordinates":[77.607142,12.949378]}},{"type":"Feature","properties":{},"geometry":{"type":"Point","coordinates":[77.618579,12.941352]}},{"type":"Feature","properties":{},"geometry":{"type":"Point","coordinates":[77.623876,12.934476]}},{"type":"Feature","properties":{},"geometry":{"type":"Point","coordinates":[77.623781,12.93459]}},{"type":"Feature","properties":{},"geometry":{"type":"Point","coordinates":[77.617529,12.944223]}},{"type":"Feature","properties":{},"geometry":{"type":"Point","coordinates":[77.621092,12.941223]}},{"type":"Feature","properties":{},"geometry":{"type":"Point","coordinates":[77.6192,12.946115]}},{"type":"Feature","properties":{},"geometry":{"type":"Point","coordinates":[77.619472,12.926082]}},{"type":"Feature","properties":{},"geometry":{"type":"Point","coordinates":[77.619845,12.923799]}},{"type":"Feature","properties":{},"geometry":{"type":"Point","coordinates":[77.624932,12.927572]}},{"type":"Feature","properties":{},"geometry":{"type":"Point","coordinates":[77.621442,12.91971]}},{"type":"Feature","properties":{},"geometry":{"type":"Point","coordinates":[77.620308,12.943202]}},{"type":"Feature","properties":{},"geometry":{"type":"Point","coordinates":[77.61984,12.94135]}},{"type":"Feature","properties":{},"geometry":{"type":"Point","coordinates":[77.636553,12.928683]}},{"type":"Feature","properties":{},"geometry":{"type":"Point","coordinates":[77.613853,12.9486]}},{"type":"Feature","properties":{},"geometry":{"type":"Point","coordinates":[77.615942,12.941721]}},{"type":"Feature","properties":{},"geometry":{"type":"Point","coordinates":[77.615704,12.947859]}},{"type":"Feature","properties":{},"geometry":{"type":"Point","coordinates":[77.615697,12.947936]}},{"type":"Feature","properties":{},"geometry":{"type":"Point","coordinates":[77.616604,12.946089]}},{"type":"Feature","properties":{},"geometry":{"type":"Point","coordinates":[77.615713,12.947933]}},{"type":"Feature","properties":{},"geometry":{"type":"Point","coordinates":[77.615717,12.94895]}},{"type":"Feature","properties":{},"geometry":{"type":"Point","coordinates":[77.62,12.947204]}},{"type":"Feature","properties":{},"geometry":{"type":"Point","coordinates":[77.61358,12.951374]}},{"type":"Feature","properties":{},"geometry":{"type":"Point","coordinates":[77.6149,12.957368]}},{"type":"Feature","properties":{},"geometry":{"type":"Point","coordinates":[77.61436,12.954057]}},{"type":"Feature","properties":{},"geometry":{"type":"Point","coordinates":[77.615159,12.951506]}},{"type":"Feature","properties":{},"geometry":{"type":"Point","coordinates":[77.6187,12.948289]}},{"type":"Feature","properties":{},"geometry":{"type":"Point","coordinates":[77.614493,12.951693]}},{"type":"Feature","properties":{},"geometry":{"type":"Point","coordinates":[77.612327,12.95458]}},{"type":"Feature","properties":{},"geometry":{"type":"Point","coordinates":[77.61316,12.952266]}},{"type":"Feature","properties":{},"geometry":{"type":"Point","coordinates":[77.610149,12.947491]}},{"type":"Feature","properties":{},"geometry":{"type":"Point","coordinates":[77.614487,12.947806]}},{"type":"Feature","properties":{},"geometry":{"type":"Point","coordinates":[77.61571,12.947896]}},{"type":"Feature","properties":{},"geometry":{"type":"Point","coordinates":[77.620408,12.94976]}},{"type":"Feature","properties":{},"geometry":{"type":"Point","coordinates":[77.62085,12.946659]}},{"type":"Feature","properties":{},"geometry":{"type":"Point","coordinates":[77.620201,12.94849]}},{"type":"Feature","properties":{},"geometry":{"type":"Point","coordinates":[77.618061,12.948832]}},{"type":"Feature","properties":{},"geometry":{"type":"Point","coordinates":[77.62107,12.945108]}},{"type":"Feature","properties":{},"geometry":{"type":"Point","coordinates":[77.61647,12.954038]}},{"type":"Feature","properties":{},"geometry":{"type":"Point","coordinates":[77.620411,12.94976]}},{"type":"Feature","properties":{},"geometry":{"type":"Point","coordinates":[77.616031,12.949431]}},{"type":"Feature","properties":{},"geometry":{"type":"Point","coordinates":[77.61999,12.94722]}},{"type":"Feature","properties":{},"geometry":{"type":"Point","coordinates":[77.61957,12.94889]}},{"type":"Feature","properties":{},"geometry":{"type":"Point","coordinates":[77.637135,12.924596]}},{"type":"Feature","properties":{},"geometry":{"type":"Point","coordinates":[77.640014,12.920966]}},{"type":"Feature","properties":{},"geometry":{"type":"Point","coordinates":[77.637811,12.923356]}},{"type":"Feature","properties":{},"geometry":{"type":"Point","coordinates":[77.640815,12.920521]}},{"type":"Feature","properties":{},"geometry":{"type":"Point","coordinates":[77.635019,12.918544]}},{"type":"Feature","properties":{},"geometry":{"type":"Point","coordinates":[77.638744,12.918054]}},{"type":"Feature","properties":{},"geometry":{"type":"Point","coordinates":[77.637865,12.922376]}},{"type":"Feature","properties":{},"geometry":{"type":"Point","coordinates":[77.637898,12.923474]}},{"type":"Feature","properties":{},"geometry":{"type":"Point","coordinates":[77.631356,12.919328]}},{"type":"Feature","properties":{},"geometry":{"type":"Point","coordinates":[77.638836,12.924099]}},{"type":"Feature","properties":{},"geometry":{"type":"Point","coordinates":[77.631289,12.919064]}},{"type":"Feature","properties":{},"geometry":{"type":"Point","coordinates":[77.631322,12.919077]}},{"type":"Feature","properties":{},"geometry":{"type":"Point","coordinates":[77.638867,12.924063]}},{"type":"Feature","properties":{},"geometry":{"type":"Point","coordinates":[77.631308,12.919066]}},{"type":"Feature","properties":{},"geometry":{"type":"Point","coordinates":[77.631401,12.919198]}},{"type":"Feature","properties":{},"geometry":{"type":"Point","coordinates":[77.6361,12.921235]}},{"type":"Feature","properties":{},"geometry":{"type":"Point","coordinates":[77.634304,12.917828]}},{"type":"Feature","properties":{},"geometry":{"type":"Point","coordinates":[77.63909,12.91912]}},{"type":"Feature","properties":{},"geometry":{"type":"Point","coordinates":[77.63938,12.921008]}},{"type":"Feature","properties":{},"geometry":{"type":"Point","coordinates":[77.631323,12.919063]}},{"type":"Feature","properties":{},"geometry":{"type":"Point","coordinates":[77.633616,12.918969]}},{"type":"Feature","properties":{},"geometry":{"type":"Point","coordinates":[77.630145,12.919501]}},{"type":"Feature","properties":{},"geometry":{"type":"Point","coordinates":[77.63138,12.919059]}},{"type":"Feature","properties":{},"geometry":{"type":"Point","coordinates":[77.631137,12.924532]}},{"type":"Feature","properties":{},"geometry":{"type":"Point","coordinates":[77.636094,12.921213]}},{"type":"Feature","properties":{},"geometry":{"type":"Point","coordinates":[77.63313,12.920664]}},{"type":"Feature","properties":{},"geometry":{"type":"Point","coordinates":[77.630163,12.920099]}},{"type":"Feature","properties":{},"geometry":{"type":"Point","coordinates":[77.609335,12.967386]}},{"type":"Feature","properties":{},"geometry":{"type":"Point","coordinates":[77.60834,12.968163]}},{"type":"Feature","properties":{},"geometry":{"type":"Point","coordinates":[77.60816,12.968105]}},{"type":"Feature","properties":{},"geometry":{"type":"Point","coordinates":[77.613244,12.960569]}},{"type":"Feature","properties":{},"geometry":{"type":"Point","coordinates":[77.614152,12.966706]}},{"type":"Feature","properties":{},"geometry":{"type":"Point","coordinates":[77.607011,12.967169]}},{"type":"Feature","properties":{},"geometry":{"type":"Point","coordinates":[77.618249,12.963168]}},{"type":"Feature","properties":{},"geometry":{"type":"Point","coordinates":[77.610726,12.968584]}},{"type":"Feature","properties":{},"geometry":{"type":"Point","coordinates":[77.618174,12.965407]}},{"type":"Feature","properties":{},"geometry":{"type":"Point","coordinates":[77.598774,12.962662]}},{"type":"Feature","properties":{},"geometry":{"type":"Point","coordinates":[77.619291,12.965267]}},{"type":"Feature","properties":{},"geometry":{"type":"Point","coordinates":[77.67904,13.010363]}},{"type":"Feature","properties":{},"geometry":{"type":"Point","coordinates":[77.678472,13.010151]}},{"type":"Feature","properties":{},"geometry":{"type":"Point","coordinates":[77.677286,13.01005]}},{"type":"Feature","properties":{},"geometry":{"type":"Point","coordinates":[77.67593,13.009646]}},{"type":"Feature","properties":{},"geometry":{"type":"Point","coordinates":[77.679845,13.010096]}},{"type":"Feature","properties":{},"geometry":{"type":"Point","coordinates":[77.667385,13.009269]}},{"type":"Feature","properties":{},"geometry":{"type":"Point","coordinates":[77.672193,13.010347]}},{"type":"Feature","properties":{},"geometry":{"type":"Point","coordinates":[77.67685,13.010051]}},{"type":"Feature","properties":{},"geometry":{"type":"Point","coordinates":[77.677672,13.011048]}},{"type":"Feature","properties":{},"geometry":{"type":"Point","coordinates":[77.676696,13.011261]}},{"type":"Feature","properties":{},"geometry":{"type":"Point","coordinates":[77.676102,13.00974]}},{"type":"Feature","properties":{},"geometry":{"type":"Point","coordinates":[77.67557,13.01051]}},{"type":"Feature","properties":{},"geometry":{"type":"Point","coordinates":[77.67856,13.010783]}},{"type":"Feature","properties":{},"geometry":{"type":"Point","coordinates":[77.677212,13.010107]}},{"type":"Feature","properties":{},"geometry":{"type":"Point","coordinates":[77.675931,13.009672]}},{"type":"Feature","properties":{},"geometry":{"type":"Point","coordinates":[77.692656,13.008209]}},{"type":"Feature","properties":{},"geometry":{"type":"Point","coordinates":[77.665877,13.004835]}},{"type":"Feature","properties":{},"geometry":{"type":"Point","coordinates":[77.6648,13.003475]}},{"type":"Feature","properties":{},"geometry":{"type":"Point","coordinates":[77.667874,13.003182]}},{"type":"Feature","properties":{},"geometry":{"type":"Point","coordinates":[77.66923,13.003384]}},{"type":"Feature","properties":{},"geometry":{"type":"Point","coordinates":[77.674521,13.00157]}},{"type":"Feature","properties":{},"geometry":{"type":"Point","coordinates":[77.67236,13.0019]}},{"type":"Feature","properties":{},"geometry":{"type":"Point","coordinates":[77.67602,13.00211]}},{"type":"Feature","properties":{},"geometry":{"type":"Point","coordinates":[77.67559,13.00313]}},{"type":"Feature","properties":{},"geometry":{"type":"Point","coordinates":[77.67558,13.00355]}},{"type":"Feature","properties":{},"geometry":{"type":"Point","coordinates":[77.67528,13.00381]}},{"type":"Feature","properties":{},"geometry":{"type":"Point","coordinates":[77.67316,13.00434]}},{"type":"Feature","properties":{},"geometry":{"type":"Point","coordinates":[77.67196,13.00329]}},{"type":"Feature","properties":{},"geometry":{"type":"Point","coordinates":[77.67231,13.00353]}},{"type":"Feature","properties":{},"geometry":{"type":"Point","coordinates":[77.66881,13.00846]}},{"type":"Feature","properties":{},"geometry":{"type":"Point","coordinates":[77.66913,13.0086]}},{"type":"Feature","properties":{},"geometry":{"type":"Point","coordinates":[77.6725,13.00363]}},{"type":"Feature","properties":{},"geometry":{"type":"Point","coordinates":[77.67206,13.00198]}},{"type":"Feature","properties":{},"geometry":{"type":"Point","coordinates":[77.67228,13.0027]}},{"type":"Feature","properties":{},"geometry":{"type":"Point","coordinates":[77.67236,13.0019]}},{"type":"Feature","properties":{},"geometry":{"type":"Point","coordinates":[77.67155,13.00312]}},{"type":"Feature","properties":{},"geometry":{"type":"Point","coordinates":[77.66499,13.00235]}},{"type":"Feature","properties":{},"geometry":{"type":"Point","coordinates":[77.66751,13.00842]}},{"type":"Feature","properties":{},"geometry":{"type":"Point","coordinates":[77.66717,13.00499]}},{"type":"Feature","properties":{},"geometry":{"type":"Point","coordinates":[77.66389,12.99889]}},{"type":"Feature","properties":{},"geometry":{"type":"Point","coordinates":[77.66753,13.00032]}},{"type":"Feature","properties":{},"geometry":{"type":"Point","coordinates":[77.66827,13.00296]}},{"type":"Feature","properties":{},"geometry":{"type":"Point","coordinates":[77.66515,13.00244]}},{"type":"Feature","properties":{},"geometry":{"type":"Point","coordinates":[77.6659,13.00094]}},{"type":"Feature","properties":{},"geometry":{"type":"Point","coordinates":[77.67282,13.003798]}},{"type":"Feature","properties":{},"geometry":{"type":"Point","coordinates":[77.69413,13.00268]}},{"type":"Feature","properties":{},"geometry":{"type":"Point","coordinates":[77.674261,13.008459]}},{"type":"Feature","properties":{},"geometry":{"type":"Point","coordinates":[77.6798,13.010879]}},{"type":"Feature","properties":{},"geometry":{"type":"Point","coordinates":[77.679581,13.010181]}},{"type":"Feature","properties":{},"geometry":{"type":"Point","coordinates":[77.679861,13.010549]}},{"type":"Feature","properties":{},"geometry":{"type":"Point","coordinates":[77.675362,13.011019]}},{"type":"Feature","properties":{},"geometry":{"type":"Point","coordinates":[77.63436,13.01107]}},{"type":"Feature","properties":{},"geometry":{"type":"Point","coordinates":[77.67179,13.011439]}},{"type":"Feature","properties":{},"geometry":{"type":"Point","coordinates":[77.671981,13.010818]}},{"type":"Feature","properties":{},"geometry":{"type":"Point","coordinates":[77.672471,13.010758]}},{"type":"Feature","properties":{},"geometry":{"type":"Point","coordinates":[77.62164,13.009879]}},{"type":"Feature","properties":{},"geometry":{"type":"Point","coordinates":[77.6715,13.002269]}},{"type":"Feature","properties":{},"geometry":{"type":"Point","coordinates":[77.671269,13.009048]}},{"type":"Feature","properties":{},"geometry":{"type":"Point","coordinates":[77.670601,13.01113]}},{"type":"Feature","properties":{},"geometry":{"type":"Point","coordinates":[77.668931,13.011819]}},{"type":"Feature","properties":{},"geometry":{"type":"Point","coordinates":[77.668331,13.011161]}},{"type":"Feature","properties":{},"geometry":{"type":"Point","coordinates":[77.666861,13.008968]}},{"type":"Feature","properties":{},"geometry":{"type":"Point","coordinates":[77.667151,13.006358]}},{"type":"Feature","properties":{},"geometry":{"type":"Point","coordinates":[77.669691,13.00808]}},{"type":"Feature","properties":{},"geometry":{"type":"Point","coordinates":[77.66985,13.007149]}},{"type":"Feature","properties":{},"geometry":{"type":"Point","coordinates":[77.67021,12.999177]}},{"type":"Feature","properties":{},"geometry":{"type":"Point","coordinates":[77.671221,13.005159]}},{"type":"Feature","properties":{},"geometry":{"type":"Point","coordinates":[77.67089,13.007919]}},{"type":"Feature","properties":{},"geometry":{"type":"Point","coordinates":[77.670879,13.007889]}},{"type":"Feature","properties":{},"geometry":{"type":"Point","coordinates":[77.571191,13.00793]}},{"type":"Feature","properties":{},"geometry":{"type":"Point","coordinates":[77.67281,13.00631]}},{"type":"Feature","properties":{},"geometry":{"type":"Point","coordinates":[77.67245,13.006969]}},{"type":"Feature","properties":{},"geometry":{"type":"Point","coordinates":[77.67272,13.006549]}},{"type":"Feature","properties":{},"geometry":{"type":"Point","coordinates":[77.67322,13.005959]}},{"type":"Feature","properties":{},"geometry":{"type":"Point","coordinates":[77.673081,13.00495]}},{"type":"Feature","properties":{},"geometry":{"type":"Point","coordinates":[77.674559,13.00585]}},{"type":"Feature","properties":{},"geometry":{"type":"Point","coordinates":[77.67431,13.00746]}},{"type":"Feature","properties":{},"geometry":{"type":"Point","coordinates":[77.67416,13.008809]}},{"type":"Feature","properties":{},"geometry":{"type":"Point","coordinates":[77.67383,13.008451]}},{"type":"Feature","properties":{},"geometry":{"type":"Point","coordinates":[77.69226,13.004519]}},{"type":"Feature","properties":{},"geometry":{"type":"Point","coordinates":[77.697981,13.006571]}},{"type":"Feature","properties":{},"geometry":{"type":"Point","coordinates":[77.694011,13.00825]}},{"type":"Feature","properties":{},"geometry":{"type":"Point","coordinates":[77.69678,13.004219]}},{"type":"Feature","properties":{},"geometry":{"type":"Point","coordinates":[77.69497,13.005999]}},{"type":"Feature","properties":{},"geometry":{"type":"Point","coordinates":[77.6951,13.005899]}},{"type":"Feature","properties":{},"geometry":{"type":"Point","coordinates":[77.69194,13.004969]}},{"type":"Feature","properties":{},"geometry":{"type":"Point","coordinates":[77.69226,13.004519]}},{"type":"Feature","properties":{},"geometry":{"type":"Point","coordinates":[77.69675,13.00601]}},{"type":"Feature","properties":{},"geometry":{"type":"Point","coordinates":[77.69239,13.0009]}},{"type":"Feature","properties":{},"geometry":{"type":"Point","coordinates":[77.69507,13.00374]}},{"type":"Feature","properties":{},"geometry":{"type":"Point","coordinates":[77.69392,13.00497]}},{"type":"Feature","properties":{},"geometry":{"type":"Point","coordinates":[77.69678,13.00924]}},{"type":"Feature","properties":{},"geometry":{"type":"Point","coordinates":[77.696,13.0076]}},{"type":"Feature","properties":{},"geometry":{"type":"Point","coordinates":[77.69499,13.00622]}},{"type":"Feature","properties":{},"geometry":{"type":"Point","coordinates":[77.69574,13.00607]}},{"type":"Feature","properties":{},"geometry":{"type":"Point","coordinates":[77.69493,13.005199]}},{"type":"Feature","properties":{},"geometry":{"type":"Point","coordinates":[77.69662,13.00582]}},{"type":"Feature","properties":{},"geometry":{"type":"Point","coordinates":[77.69652,13.00761]}},{"type":"Feature","properties":{},"geometry":{"type":"Point","coordinates":[77.68823,12.99872]}},{"type":"Feature","properties":{},"geometry":{"type":"Point","coordinates":[77.68535,12.99622]}},{"type":"Feature","properties":{},"geometry":{"type":"Point","coordinates":[77.68314,12.99531]}},{"type":"Feature","properties":{},"geometry":{"type":"Point","coordinates":[77.68354,12.996461]}},{"type":"Feature","properties":{},"geometry":{"type":"Point","coordinates":[77.68459,12.997699]}},{"type":"Feature","properties":{},"geometry":{"type":"Point","coordinates":[77.68201,13.00011]}},{"type":"Feature","properties":{},"geometry":{"type":"Point","coordinates":[77.68472,13.00005]}},{"type":"Feature","properties":{},"geometry":{"type":"Point","coordinates":[77.68503,12.99953]}},{"type":"Feature","properties":{},"geometry":{"type":"Point","coordinates":[77.68569,12.99984]}},{"type":"Feature","properties":{},"geometry":{"type":"Point","coordinates":[77.68574,12.999249]}},{"type":"Feature","properties":{},"geometry":{"type":"Point","coordinates":[77.69572,13.00768]}},{"type":"Feature","properties":{},"geometry":{"type":"Point","coordinates":[77.693011,13.010107]}},{"type":"Feature","properties":{},"geometry":{"type":"Point","coordinates":[77.706274,13.012906]}},{"type":"Feature","properties":{},"geometry":{"type":"Point","coordinates":[77.706567,13.023592]}},{"type":"Feature","properties":{},"geometry":{"type":"Point","coordinates":[77.697269,13.013841]}},{"type":"Feature","properties":{},"geometry":{"type":"Point","coordinates":[77.702711,13.011659]}},{"type":"Feature","properties":{},"geometry":{"type":"Point","coordinates":[77.694018,13.011652]}},{"type":"Feature","properties":{},"geometry":{"type":"Point","coordinates":[77.700781,13.011014]}},{"type":"Feature","properties":{},"geometry":{"type":"Point","coordinates":[77.700951,13.025151]}},{"type":"Feature","properties":{},"geometry":{"type":"Point","coordinates":[77.694934,13.014848]}},{"type":"Feature","properties":{},"geometry":{"type":"Point","coordinates":[77.704523,13.019404]}},{"type":"Feature","properties":{},"geometry":{"type":"Point","coordinates":[77.70092,13.010379]}},{"type":"Feature","properties":{},"geometry":{"type":"Point","coordinates":[77.695046,13.023225]}},{"type":"Feature","properties":{},"geometry":{"type":"Point","coordinates":[77.706786,13.022855]}},{"type":"Feature","properties":{},"geometry":{"type":"Point","coordinates":[77.713017,13.01998]}},{"type":"Feature","properties":{},"geometry":{"type":"Point","coordinates":[77.6958,13.013335]}},{"type":"Feature","properties":{},"geometry":{"type":"Point","coordinates":[77.69259,13.01323]}},{"type":"Feature","properties":{},"geometry":{"type":"Point","coordinates":[77.697823,13.014202]}},{"type":"Feature","properties":{},"geometry":{"type":"Point","coordinates":[77.694236,13.014618]}},{"type":"Feature","properties":{},"geometry":{"type":"Point","coordinates":[77.697484,13.014781]}},{"type":"Feature","properties":{},"geometry":{"type":"Point","coordinates":[77.698175,13.014198]}},{"type":"Feature","properties":{},"geometry":{"type":"Point","coordinates":[77.704287,13.015418]}},{"type":"Feature","properties":{},"geometry":{"type":"Point","coordinates":[77.690091,13.011311]}},{"type":"Feature","properties":{},"geometry":{"type":"Point","coordinates":[77.693316,13.012095]}},{"type":"Feature","properties":{},"geometry":{"type":"Point","coordinates":[77.69669,13.019858]}},{"type":"Feature","properties":{},"geometry":{"type":"Point","coordinates":[77.694835,13.023322]}},{"type":"Feature","properties":{},"geometry":{"type":"Point","coordinates":[77.695181,13.014945]}},{"type":"Feature","properties":{},"geometry":{"type":"Point","coordinates":[77.701967,13.026337]}},{"type":"Feature","properties":{},"geometry":{"type":"Point","coordinates":[77.694924,13.023515]}},{"type":"Feature","properties":{},"geometry":{"type":"Point","coordinates":[77.709756,13.018832]}},{"type":"Feature","properties":{},"geometry":{"type":"Point","coordinates":[77.707456,13.024092]}},{"type":"Feature","properties":{},"geometry":{"type":"Point","coordinates":[77.709379,13.015648]}},{"type":"Feature","properties":{},"geometry":{"type":"Point","coordinates":[77.705108,13.015774]}},{"type":"Feature","properties":{},"geometry":{"type":"Point","coordinates":[77.69184,13.014804]}},{"type":"Feature","properties":{},"geometry":{"type":"Point","coordinates":[77.688361,13.020443]}},{"type":"Feature","properties":{},"geometry":{"type":"Point","coordinates":[77.694952,13.01384]}},{"type":"Feature","properties":{},"geometry":{"type":"Point","coordinates":[77.696742,13.01442]}},{"type":"Feature","properties":{},"geometry":{"type":"Point","coordinates":[77.699437,13.012876]}},{"type":"Feature","properties":{},"geometry":{"type":"Point","coordinates":[77.697023,13.019502]}},{"type":"Feature","properties":{},"geometry":{"type":"Point","coordinates":[77.697018,13.0183]}},{"type":"Feature","properties":{},"geometry":{"type":"Point","coordinates":[77.69676,13.021996]}},{"type":"Feature","properties":{},"geometry":{"type":"Point","coordinates":[77.701073,13.023171]}},{"type":"Feature","properties":{},"geometry":{"type":"Point","coordinates":[77.706335,13.024123]}},{"type":"Feature","properties":{},"geometry":{"type":"Point","coordinates":[77.707162,13.023838]}},{"type":"Feature","properties":{},"geometry":{"type":"Point","coordinates":[77.709884,13.025774]}},{"type":"Feature","properties":{},"geometry":{"type":"Point","coordinates":[77.709884,13.015882]}},{"type":"Feature","properties":{},"geometry":{"type":"Point","coordinates":[77.702169,13.012263]}},{"type":"Feature","properties":{},"geometry":{"type":"Point","coordinates":[77.698288,13.011252]}},{"type":"Feature","properties":{},"geometry":{"type":"Point","coordinates":[77.71524,13.020516]}},{"type":"Feature","properties":{},"geometry":{"type":"Point","coordinates":[77.73756,12.999721]}},{"type":"Feature","properties":{},"geometry":{"type":"Point","coordinates":[77.73475,13.003212]}},{"type":"Feature","properties":{},"geometry":{"type":"Point","coordinates":[77.737479,12.999002]}},{"type":"Feature","properties":{},"geometry":{"type":"Point","coordinates":[77.73596,13.002014]}},{"type":"Feature","properties":{},"geometry":{"type":"Point","coordinates":[77.732349,12.998957]}},{"type":"Feature","properties":{},"geometry":{"type":"Point","coordinates":[77.734117,13.005679]}},{"type":"Feature","properties":{},"geometry":{"type":"Point","coordinates":[77.729804,13.003579]}},{"type":"Feature","properties":{},"geometry":{"type":"Point","coordinates":[77.727805,13.004716]}},{"type":"Feature","properties":{},"geometry":{"type":"Point","coordinates":[77.727296,13.007104]}},{"type":"Feature","properties":{},"geometry":{"type":"Point","coordinates":[77.727262,13.001761]}},{"type":"Feature","properties":{},"geometry":{"type":"Point","coordinates":[77.729292,13.001837]}},{"type":"Feature","properties":{},"geometry":{"type":"Point","coordinates":[77.732197,12.998144]}},{"type":"Feature","properties":{},"geometry":{"type":"Point","coordinates":[77.729448,13.001758]}},{"type":"Feature","properties":{},"geometry":{"type":"Point","coordinates":[77.720076,12.997021]}},{"type":"Feature","properties":{},"geometry":{"type":"Point","coordinates":[77.7244,12.998385]}},{"type":"Feature","properties":{},"geometry":{"type":"Point","coordinates":[77.716234,12.993334]}},{"type":"Feature","properties":{},"geometry":{"type":"Point","coordinates":[77.718554,12.995452]}},{"type":"Feature","properties":{},"geometry":{"type":"Point","coordinates":[77.718647,12.99541]}},{"type":"Feature","properties":{},"geometry":{"type":"Point","coordinates":[77.717054,12.994711]}},{"type":"Feature","properties":{},"geometry":{"type":"Point","coordinates":[77.71446,12.996609]}},{"type":"Feature","properties":{},"geometry":{"type":"Point","coordinates":[77.714779,12.996585]}},{"type":"Feature","properties":{},"geometry":{"type":"Point","coordinates":[77.714439,12.996677]}},{"type":"Feature","properties":{},"geometry":{"type":"Point","coordinates":[77.71611,12.99903]}},{"type":"Feature","properties":{},"geometry":{"type":"Point","coordinates":[77.71549,12.99934]}},{"type":"Feature","properties":{},"geometry":{"type":"Point","coordinates":[77.721223,12.991327]}},{"type":"Feature","properties":{},"geometry":{"type":"Point","coordinates":[77.722565,12.994338]}},{"type":"Feature","properties":{},"geometry":{"type":"Point","coordinates":[77.724365,12.99843]}},{"type":"Feature","properties":{},"geometry":{"type":"Point","coordinates":[77.727091,12.99345]}},{"type":"Feature","properties":{},"geometry":{"type":"Point","coordinates":[77.725882,12.996093]}},{"type":"Feature","properties":{},"geometry":{"type":"Point","coordinates":[77.726207,12.996573]}},{"type":"Feature","properties":{},"geometry":{"type":"Point","coordinates":[77.726046,12.996286]}},{"type":"Feature","properties":{},"geometry":{"type":"Point","coordinates":[77.720421,12.994253]}},{"type":"Feature","properties":{},"geometry":{"type":"Point","coordinates":[77.717698,13.002532]}},{"type":"Feature","properties":{},"geometry":{"type":"Point","coordinates":[77.709276,13.003251]}},{"type":"Feature","properties":{},"geometry":{"type":"Point","coordinates":[77.709336,13.003824]}},{"type":"Feature","properties":{},"geometry":{"type":"Point","coordinates":[77.707917,13.002664]}},{"type":"Feature","properties":{},"geometry":{"type":"Point","coordinates":[77.708681,13.002853]}},{"type":"Feature","properties":{},"geometry":{"type":"Point","coordinates":[77.707047,13.000196]}},{"type":"Feature","properties":{},"geometry":{"type":"Point","coordinates":[77.70963,13.002938]}},{"type":"Feature","properties":{},"geometry":{"type":"Point","coordinates":[77.71416,13.001957]}},{"type":"Feature","properties":{},"geometry":{"type":"Point","coordinates":[77.708369,13.002754]}},{"type":"Feature","properties":{},"geometry":{"type":"Point","coordinates":[77.70762,13.001051]}},{"type":"Feature","properties":{},"geometry":{"type":"Point","coordinates":[77.708723,13.00135]}},{"type":"Feature","properties":{},"geometry":{"type":"Point","coordinates":[77.715324,12.999931]}},{"type":"Feature","properties":{},"geometry":{"type":"Point","coordinates":[77.710595,13.002738]}},{"type":"Feature","properties":{},"geometry":{"type":"Point","coordinates":[77.706315,13.001472]}},{"type":"Feature","properties":{},"geometry":{"type":"Point","coordinates":[77.736717,12.980621]}},{"type":"Feature","properties":{},"geometry":{"type":"Point","coordinates":[77.739044,12.920501]}},{"type":"Feature","properties":{},"geometry":{"type":"Point","coordinates":[77.797534,12.977653]}},{"type":"Feature","properties":{},"geometry":{"type":"Point","coordinates":[77.73373,12.976288]}},{"type":"Feature","properties":{},"geometry":{"type":"Point","coordinates":[77.720947,12.990533]}},{"type":"Feature","properties":{},"geometry":{"type":"Point","coordinates":[77.712959,12.980801]}},{"type":"Feature","properties":{},"geometry":{"type":"Point","coordinates":[77.718637,12.984113]}},{"type":"Feature","properties":{},"geometry":{"type":"Point","coordinates":[77.72022,12.984574]}},{"type":"Feature","properties":{},"geometry":{"type":"Point","coordinates":[77.71823,12.988016]}},{"type":"Feature","properties":{},"geometry":{"type":"Point","coordinates":[77.718222,12.988609]}},{"type":"Feature","properties":{},"geometry":{"type":"Point","coordinates":[77.717773,12.990397]}},{"type":"Feature","properties":{},"geometry":{"type":"Point","coordinates":[77.718469,12.990631]}},{"type":"Feature","properties":{},"geometry":{"type":"Point","coordinates":[77.719699,12.984735]}},{"type":"Feature","properties":{},"geometry":{"type":"Point","coordinates":[77.71922,12.985443]}},{"type":"Feature","properties":{},"geometry":{"type":"Point","coordinates":[77.721109,12.986649]}},{"type":"Feature","properties":{},"geometry":{"type":"Point","coordinates":[77.716684,12.991856]}},{"type":"Feature","properties":{},"geometry":{"type":"Point","coordinates":[77.719199,12.983678]}},{"type":"Feature","properties":{},"geometry":{"type":"Point","coordinates":[77.704646,12.996732]}},{"type":"Feature","properties":{},"geometry":{"type":"Point","coordinates":[77.70865,12.998421]}},{"type":"Feature","properties":{},"geometry":{"type":"Point","coordinates":[77.703719,12.994382]}},{"type":"Feature","properties":{},"geometry":{"type":"Point","coordinates":[77.70382,12.999297]}},{"type":"Feature","properties":{},"geometry":{"type":"Point","coordinates":[77.70008,12.989299]}},{"type":"Feature","properties":{},"geometry":{"type":"Point","coordinates":[77.700093,12.989405]}},{"type":"Feature","properties":{},"geometry":{"type":"Point","coordinates":[77.700153,12.989344]}},{"type":"Feature","properties":{},"geometry":{"type":"Point","coordinates":[77.695852,12.994308]}},{"type":"Feature","properties":{},"geometry":{"type":"Point","coordinates":[77.695813,12.994231]}},{"type":"Feature","properties":{},"geometry":{"type":"Point","coordinates":[77.695821,12.994298]}},{"type":"Feature","properties":{},"geometry":{"type":"Point","coordinates":[77.691753,12.991165]}},{"type":"Feature","properties":{},"geometry":{"type":"Point","coordinates":[77.700035,12.986916]}},{"type":"Feature","properties":{},"geometry":{"type":"Point","coordinates":[77.696205,12.988439]}},{"type":"Feature","properties":{},"geometry":{"type":"Point","coordinates":[77.691791,12.994702]}},{"type":"Feature","properties":{},"geometry":{"type":"Point","coordinates":[77.697175,12.988436]}},{"type":"Feature","properties":{},"geometry":{"type":"Point","coordinates":[77.69742,12.990594]}},{"type":"Feature","properties":{},"geometry":{"type":"Point","coordinates":[77.696603,12.990008]}},{"type":"Feature","properties":{},"geometry":{"type":"Point","coordinates":[77.696465,12.990007]}},{"type":"Feature","properties":{},"geometry":{"type":"Point","coordinates":[77.690489,12.991575]}},{"type":"Feature","properties":{},"geometry":{"type":"Point","coordinates":[77.69387,12.992903]}},{"type":"Feature","properties":{},"geometry":{"type":"Point","coordinates":[77.691367,12.994933]}},{"type":"Feature","properties":{},"geometry":{"type":"Point","coordinates":[77.675635,13.011831]}},{"type":"Feature","properties":{},"geometry":{"type":"Point","coordinates":[77.670425,13.01408]}},{"type":"Feature","properties":{},"geometry":{"type":"Point","coordinates":[77.670143,13.013621]}},{"type":"Feature","properties":{},"geometry":{"type":"Point","coordinates":[77.671914,13.01433]}},{"type":"Feature","properties":{},"geometry":{"type":"Point","coordinates":[77.672685,13.01298]}},{"type":"Feature","properties":{},"geometry":{"type":"Point","coordinates":[77.670185,13.013778]}},{"type":"Feature","properties":{},"geometry":{"type":"Point","coordinates":[77.676064,13.015209]}},{"type":"Feature","properties":{},"geometry":{"type":"Point","coordinates":[77.670814,13.016591]}},{"type":"Feature","properties":{},"geometry":{"type":"Point","coordinates":[77.669595,13.016179]}},{"type":"Feature","properties":{},"geometry":{"type":"Point","coordinates":[77.673875,13.015148]}},{"type":"Feature","properties":{},"geometry":{"type":"Point","coordinates":[77.673395,13.012398]}},{"type":"Feature","properties":{},"geometry":{"type":"Point","coordinates":[77.670575,13.013601]}},{"type":"Feature","properties":{},"geometry":{"type":"Point","coordinates":[77.677504,13.020561]}},{"type":"Feature","properties":{},"geometry":{"type":"Point","coordinates":[77.678305,13.01561]}},{"type":"Feature","properties":{},"geometry":{"type":"Point","coordinates":[77.676054,13.021442]}},{"type":"Feature","properties":{},"geometry":{"type":"Point","coordinates":[77.676726,13.021391]}},{"type":"Feature","properties":{},"geometry":{"type":"Point","coordinates":[77.677555,13.020831]}},{"type":"Feature","properties":{},"geometry":{"type":"Point","coordinates":[77.673115,13.02029]}},{"type":"Feature","properties":{},"geometry":{"type":"Point","coordinates":[77.670176,13.015839]}},{"type":"Feature","properties":{},"geometry":{"type":"Point","coordinates":[77.677415,13.014651]}},{"type":"Feature","properties":{},"geometry":{"type":"Point","coordinates":[77.676884,13.018857]}},{"type":"Feature","properties":{},"geometry":{"type":"Point","coordinates":[77.672805,13.018831]}},{"type":"Feature","properties":{},"geometry":{"type":"Point","coordinates":[77.694759,12.957151]}},{"type":"Feature","properties":{},"geometry":{"type":"Point","coordinates":[77.696296,12.957485]}},{"type":"Feature","properties":{},"geometry":{"type":"Point","coordinates":[77.700557,12.957527]}},{"type":"Feature","properties":{},"geometry":{"type":"Point","coordinates":[77.695824,12.959]}},{"type":"Feature","properties":{},"geometry":{"type":"Point","coordinates":[77.695732,12.959316]}},{"type":"Feature","properties":{},"geometry":{"type":"Point","coordinates":[77.733099,12.970328]}},{"type":"Feature","properties":{},"geometry":{"type":"Point","coordinates":[77.742055,12.970531]}},{"type":"Feature","properties":{},"geometry":{"type":"Point","coordinates":[77.734779,12.971515]}},{"type":"Feature","properties":{},"geometry":{"type":"Point","coordinates":[77.752318,12.971998]}},{"type":"Feature","properties":{},"geometry":{"type":"Point","coordinates":[77.734372,12.973435]}},{"type":"Feature","properties":{},"geometry":{"type":"Point","coordinates":[77.7529,12.973911]}},{"type":"Feature","properties":{},"geometry":{"type":"Point","coordinates":[77.743108,12.974315]}},{"type":"Feature","properties":{},"geometry":{"type":"Point","coordinates":[77.743848,12.976484]}},{"type":"Feature","properties":{},"geometry":{"type":"Point","coordinates":[77.744579,12.977509]}},{"type":"Feature","properties":{},"geometry":{"type":"Point","coordinates":[77.721113,12.991312]}},{"type":"Feature","properties":{},"geometry":{"type":"Point","coordinates":[77.716048,12.992426]}},{"type":"Feature","properties":{},"geometry":{"type":"Point","coordinates":[77.716015,12.992668]}},{"type":"Feature","properties":{},"geometry":{"type":"Point","coordinates":[77.720778,12.994208]}},{"type":"Feature","properties":{},"geometry":{"type":"Point","coordinates":[77.718108,12.995203]}},{"type":"Feature","properties":{},"geometry":{"type":"Point","coordinates":[77.765293,12.995035]}},{"type":"Feature","properties":{},"geometry":{"type":"Point","coordinates":[77.71907,12.995868]}},{"type":"Feature","properties":{},"geometry":{"type":"Point","coordinates":[77.724957,12.996021]}},{"type":"Feature","properties":{},"geometry":{"type":"Point","coordinates":[77.725229,12.996039]}},{"type":"Feature","properties":{},"geometry":{"type":"Point","coordinates":[77.76082,12.997364]}},{"type":"Feature","properties":{},"geometry":{"type":"Point","coordinates":[77.716108,12.999084]}},{"type":"Feature","properties":{},"geometry":{"type":"Point","coordinates":[77.707247,12.999922]}},{"type":"Feature","properties":{},"geometry":{"type":"Point","coordinates":[77.714722,13.000174]}},{"type":"Feature","properties":{},"geometry":{"type":"Point","coordinates":[77.711674,13.000782]}},{"type":"Feature","properties":{},"geometry":{"type":"Point","coordinates":[77.706783,13.002275]}},{"type":"Feature","properties":{},"geometry":{"type":"Point","coordinates":[77.711998,13.00248]}},{"type":"Feature","properties":{},"geometry":{"type":"Point","coordinates":[77.712529,13.003557]}},{"type":"Feature","properties":{},"geometry":{"type":"Point","coordinates":[77.712288,13.00404]}},{"type":"Feature","properties":{},"geometry":{"type":"Point","coordinates":[77.730324,13.00854]}},{"type":"Feature","properties":{},"geometry":{"type":"Point","coordinates":[77.622902,13.039266]}},{"type":"Feature","properties":{},"geometry":{"type":"Point","coordinates":[77.622917,13.041661]}},{"type":"Feature","properties":{},"geometry":{"type":"Point","coordinates":[77.624178,13.045624]}},{"type":"Feature","properties":{},"geometry":{"type":"Point","coordinates":[77.626854,13.027432]}},{"type":"Feature","properties":{},"geometry":{"type":"Point","coordinates":[77.626558,13.027638]}},{"type":"Feature","properties":{},"geometry":{"type":"Point","coordinates":[77.627158,13.01297]}},{"type":"Feature","properties":{},"geometry":{"type":"Point","coordinates":[77.629125,13.012979]}},{"type":"Feature","properties":{},"geometry":{"type":"Point","coordinates":[77.661162,13.003896]}},{"type":"Feature","properties":{},"geometry":{"type":"Point","coordinates":[77.655556,13.004621]}},{"type":"Feature","properties":{},"geometry":{"type":"Point","coordinates":[77.644618,13.007446]}},{"type":"Feature","properties":{},"geometry":{"type":"Point","coordinates":[77.655622,13.005165]}},{"type":"Feature","properties":{},"geometry":{"type":"Point","coordinates":[77.650358,13.005286]}},{"type":"Feature","properties":{},"geometry":{"type":"Point","coordinates":[77.65219,13.004941]}},{"type":"Feature","properties":{},"geometry":{"type":"Point","coordinates":[77.658506,13.003918]}},{"type":"Feature","properties":{},"geometry":{"type":"Point","coordinates":[77.655844,13.005342]}},{"type":"Feature","properties":{},"geometry":{"type":"Point","coordinates":[77.660209,13.008898]}},{"type":"Feature","properties":{},"geometry":{"type":"Point","coordinates":[77.653318,13.006632]}},{"type":"Feature","properties":{},"geometry":{"type":"Point","coordinates":[77.655429,13.00489]}},{"type":"Feature","properties":{},"geometry":{"type":"Point","coordinates":[77.707427,12.954635]}},{"type":"Feature","properties":{},"geometry":{"type":"Point","coordinates":[77.709987,12.952456]}},{"type":"Feature","properties":{},"geometry":{"type":"Point","coordinates":[77.708948,12.951792]}},{"type":"Feature","properties":{},"geometry":{"type":"Point","coordinates":[77.707947,12.954594]}},{"type":"Feature","properties":{},"geometry":{"type":"Point","coordinates":[77.710416,12.953155]}},{"type":"Feature","properties":{},"geometry":{"type":"Point","coordinates":[77.70976,12.950971]}},{"type":"Feature","properties":{},"geometry":{"type":"Point","coordinates":[77.711272,12.949529]}},{"type":"Feature","properties":{},"geometry":{"type":"Point","coordinates":[77.715148,12.946999]}},{"type":"Feature","properties":{},"geometry":{"type":"Point","coordinates":[77.709954,12.948837]}},{"type":"Feature","properties":{},"geometry":{"type":"Point","coordinates":[77.710125,12.948899]}},{"type":"Feature","properties":{},"geometry":{"type":"Point","coordinates":[77.709145,12.94877]}},{"type":"Feature","properties":{},"geometry":{"type":"Point","coordinates":[77.710174,12.948514]}},{"type":"Feature","properties":{},"geometry":{"type":"Point","coordinates":[77.711624,12.946228]}},{"type":"Feature","properties":{},"geometry":{"type":"Point","coordinates":[77.713673,12.946319]}},{"type":"Feature","properties":{},"geometry":{"type":"Point","coordinates":[77.709303,12.945899]}},{"type":"Feature","properties":{},"geometry":{"type":"Point","coordinates":[77.709816,12.946882]}},{"type":"Feature","properties":{},"geometry":{"type":"Point","coordinates":[77.70596,12.948782]}},{"type":"Feature","properties":{},"geometry":{"type":"Point","coordinates":[77.706468,12.946271]}},{"type":"Feature","properties":{},"geometry":{"type":"Point","coordinates":[77.70722,12.946222]}},{"type":"Feature","properties":{},"geometry":{"type":"Point","coordinates":[77.707295,12.946639]}},{"type":"Feature","properties":{},"geometry":{"type":"Point","coordinates":[77.70664,12.945021]}},{"type":"Feature","properties":{},"geometry":{"type":"Point","coordinates":[77.706325,12.951078]}},{"type":"Feature","properties":{},"geometry":{"type":"Point","coordinates":[77.70679,12.949585]}},{"type":"Feature","properties":{},"geometry":{"type":"Point","coordinates":[77.706608,12.949189]}},{"type":"Feature","properties":{},"geometry":{"type":"Point","coordinates":[77.707635,12.949317]}},{"type":"Feature","properties":{},"geometry":{"type":"Point","coordinates":[77.708242,12.948299]}},{"type":"Feature","properties":{},"geometry":{"type":"Point","coordinates":[77.707931,12.948801]}},{"type":"Feature","properties":{},"geometry":{"type":"Point","coordinates":[77.704074,12.955594]}},{"type":"Feature","properties":{},"geometry":{"type":"Point","coordinates":[77.701828,12.954116]}},{"type":"Feature","properties":{},"geometry":{"type":"Point","coordinates":[77.7049,12.953921]}},{"type":"Feature","properties":{},"geometry":{"type":"Point","coordinates":[77.704425,12.953861]}},{"type":"Feature","properties":{},"geometry":{"type":"Point","coordinates":[77.70414,12.952699]}},{"type":"Feature","properties":{},"geometry":{"type":"Point","coordinates":[77.703606,12.952417]}},{"type":"Feature","properties":{},"geometry":{"type":"Point","coordinates":[77.704495,12.953029]}},{"type":"Feature","properties":{},"geometry":{"type":"Point","coordinates":[77.704544,12.952593]}},{"type":"Feature","properties":{},"geometry":{"type":"Point","coordinates":[77.704285,12.95254]}},{"type":"Feature","properties":{},"geometry":{"type":"Point","coordinates":[77.701566,12.953337]}},{"type":"Feature","properties":{},"geometry":{"type":"Point","coordinates":[77.700165,12.950224]}},{"type":"Feature","properties":{},"geometry":{"type":"Point","coordinates":[77.703177,12.946852]}},{"type":"Feature","properties":{},"geometry":{"type":"Point","coordinates":[77.702145,12.949213]}},{"type":"Feature","properties":{},"geometry":{"type":"Point","coordinates":[77.703823,12.959588]}},{"type":"Feature","properties":{},"geometry":{"type":"Point","coordinates":[77.704162,12.958554]}},{"type":"Feature","properties":{},"geometry":{"type":"Point","coordinates":[77.702724,12.957713]}},{"type":"Feature","properties":{},"geometry":{"type":"Point","coordinates":[77.701573,12.960973]}},{"type":"Feature","properties":{},"geometry":{"type":"Point","coordinates":[77.70122,12.96218]}},{"type":"Feature","properties":{},"geometry":{"type":"Point","coordinates":[77.697758,12.950421]}},{"type":"Feature","properties":{},"geometry":{"type":"Point","coordinates":[77.697722,12.950338]}},{"type":"Feature","properties":{},"geometry":{"type":"Point","coordinates":[77.697817,12.951447]}},{"type":"Feature","properties":{},"geometry":{"type":"Point","coordinates":[77.695865,12.952913]}},{"type":"Feature","properties":{},"geometry":{"type":"Point","coordinates":[77.69383,12.951963]}},{"type":"Feature","properties":{},"geometry":{"type":"Point","coordinates":[77.695031,12.952906]}},{"type":"Feature","properties":{},"geometry":{"type":"Point","coordinates":[77.696472,12.950445]}},{"type":"Feature","properties":{},"geometry":{"type":"Point","coordinates":[77.694759,12.952622]}},{"type":"Feature","properties":{},"geometry":{"type":"Point","coordinates":[77.693505,12.950978]}},{"type":"Feature","properties":{},"geometry":{"type":"Point","coordinates":[77.693909,12.950926]}},{"type":"Feature","properties":{},"geometry":{"type":"Point","coordinates":[77.69383,12.951963]}},{"type":"Feature","properties":{},"geometry":{"type":"Point","coordinates":[77.696221,12.958383]}},{"type":"Feature","properties":{},"geometry":{"type":"Point","coordinates":[77.696967,12.957114]}},{"type":"Feature","properties":{},"geometry":{"type":"Point","coordinates":[77.696034,12.95739]}},{"type":"Feature","properties":{},"geometry":{"type":"Point","coordinates":[77.695253,12.957793]}},{"type":"Feature","properties":{},"geometry":{"type":"Point","coordinates":[77.694726,12.956489]}},{"type":"Feature","properties":{},"geometry":{"type":"Point","coordinates":[77.696307,12.958713]}},{"type":"Feature","properties":{},"geometry":{"type":"Point","coordinates":[77.695596,12.959119]}},{"type":"Feature","properties":{},"geometry":{"type":"Point","coordinates":[77.695756,12.959634]}},{"type":"Feature","properties":{},"geometry":{"type":"Point","coordinates":[77.695756,12.959634]}},{"type":"Feature","properties":{},"geometry":{"type":"Point","coordinates":[77.694275,12.956683]}},{"type":"Feature","properties":{},"geometry":{"type":"Point","coordinates":[77.694084,12.956417]}},{"type":"Feature","properties":{},"geometry":{"type":"Point","coordinates":[77.692559,12.955843]}},{"type":"Feature","properties":{},"geometry":{"type":"Point","coordinates":[77.753943,12.998826]}},{"type":"Feature","properties":{},"geometry":{"type":"Point","coordinates":[77.753762,12.999026]}},{"type":"Feature","properties":{},"geometry":{"type":"Point","coordinates":[77.756665,12.998598]}},{"type":"Feature","properties":{},"geometry":{"type":"Point","coordinates":[77.757642,12.997455]}},{"type":"Feature","properties":{},"geometry":{"type":"Point","coordinates":[77.760434,12.998383]}},{"type":"Feature","properties":{},"geometry":{"type":"Point","coordinates":[77.760837,12.997822]}},{"type":"Feature","properties":{},"geometry":{"type":"Point","coordinates":[77.760431,12.99749]}},{"type":"Feature","properties":{},"geometry":{"type":"Point","coordinates":[77.761931,13.000226]}},{"type":"Feature","properties":{},"geometry":{"type":"Point","coordinates":[77.761936,12.999954]}},{"type":"Feature","properties":{},"geometry":{"type":"Point","coordinates":[77.763491,13.001048]}},{"type":"Feature","properties":{},"geometry":{"type":"Point","coordinates":[77.763668,12.996757]}},{"type":"Feature","properties":{},"geometry":{"type":"Point","coordinates":[77.764322,12.995875]}},{"type":"Feature","properties":{},"geometry":{"type":"Point","coordinates":[77.764998,12.996294]}},{"type":"Feature","properties":{},"geometry":{"type":"Point","coordinates":[77.765109,12.996596]}},{"type":"Feature","properties":{},"geometry":{"type":"Point","coordinates":[77.769755,12.99563]}},{"type":"Feature","properties":{},"geometry":{"type":"Point","coordinates":[77.769243,12.995783]}},{"type":"Feature","properties":{},"geometry":{"type":"Point","coordinates":[77.768621,12.996054]}},{"type":"Feature","properties":{},"geometry":{"type":"Point","coordinates":[77.768156,12.994852]}},{"type":"Feature","properties":{},"geometry":{"type":"Point","coordinates":[77.768988,12.994018]}},{"type":"Feature","properties":{},"geometry":{"type":"Point","coordinates":[77.763432,12.989675]}},{"type":"Feature","properties":{},"geometry":{"type":"Point","coordinates":[77.765045,12.990674]}},{"type":"Feature","properties":{},"geometry":{"type":"Point","coordinates":[77.766622,12.9923]}},{"type":"Feature","properties":{},"geometry":{"type":"Point","coordinates":[77.766596,12.99186]}},{"type":"Feature","properties":{},"geometry":{"type":"Point","coordinates":[77.766327,12.993627]}},{"type":"Feature","properties":{},"geometry":{"type":"Point","coordinates":[77.766343,12.994054]}},{"type":"Feature","properties":{},"geometry":{"type":"Point","coordinates":[77.760766,12.992079]}},{"type":"Feature","properties":{},"geometry":{"type":"Point","coordinates":[77.76237,12.991746]}},{"type":"Feature","properties":{},"geometry":{"type":"Point","coordinates":[77.747137,12.983609]}},{"type":"Feature","properties":{},"geometry":{"type":"Point","coordinates":[77.748868,12.983389]}},{"type":"Feature","properties":{},"geometry":{"type":"Point","coordinates":[77.748971,12.983206]}},{"type":"Feature","properties":{},"geometry":{"type":"Point","coordinates":[77.747372,12.984045]}},{"type":"Feature","properties":{},"geometry":{"type":"Point","coordinates":[77.760655,12.997982]}},{"type":"Feature","properties":{},"geometry":{"type":"Point","coordinates":[77.76029,12.998826]}},{"type":"Feature","properties":{},"geometry":{"type":"Point","coordinates":[77.766107,12.992231]}},{"type":"Feature","properties":{},"geometry":{"type":"Point","coordinates":[77.766021,12.993647]}},{"type":"Feature","properties":{},"geometry":{"type":"Point","coordinates":[77.765403,12.991187]}},{"type":"Feature","properties":{},"geometry":{"type":"Point","coordinates":[77.747792,12.982472]}},{"type":"Feature","properties":{},"geometry":{"type":"Point","coordinates":[77.749475,12.980095]}},{"type":"Feature","properties":{},"geometry":{"type":"Point","coordinates":[77.748383,12.980094]}},{"type":"Feature","properties":{},"geometry":{"type":"Point","coordinates":[77.749328,12.978909]}},{"type":"Feature","properties":{},"geometry":{"type":"Point","coordinates":[77.753372,12.978475]}},{"type":"Feature","properties":{},"geometry":{"type":"Point","coordinates":[77.752919,12.980342]}},{"type":"Feature","properties":{},"geometry":{"type":"Point","coordinates":[77.752906,12.980293]}},{"type":"Feature","properties":{},"geometry":{"type":"Point","coordinates":[77.754613,12.981586]}},{"type":"Feature","properties":{},"geometry":{"type":"Point","coordinates":[77.756304,12.98091]}},{"type":"Feature","properties":{},"geometry":{"type":"Point","coordinates":[77.756144,12.979811]}},{"type":"Feature","properties":{},"geometry":{"type":"Point","coordinates":[77.755434,12.98155]}},{"type":"Feature","properties":{},"geometry":{"type":"Point","coordinates":[77.746381,12.97492]}},{"type":"Feature","properties":{},"geometry":{"type":"Point","coordinates":[77.741508,12.975985]}},{"type":"Feature","properties":{},"geometry":{"type":"Point","coordinates":[77.746346,12.965657]}},{"type":"Feature","properties":{},"geometry":{"type":"Point","coordinates":[77.746691,12.965768]}},{"type":"Feature","properties":{},"geometry":{"type":"Point","coordinates":[77.745889,12.965303]}},{"type":"Feature","properties":{},"geometry":{"type":"Point","coordinates":[77.747265,12.966609]}},{"type":"Feature","properties":{},"geometry":{"type":"Point","coordinates":[77.746316,12.959439]}},{"type":"Feature","properties":{},"geometry":{"type":"Point","coordinates":[77.751379,12.96914]}},{"type":"Feature","properties":{},"geometry":{"type":"Point","coordinates":[77.752426,12.968051]}},{"type":"Feature","properties":{},"geometry":{"type":"Point","coordinates":[77.752293,12.969093]}},{"type":"Feature","properties":{},"geometry":{"type":"Point","coordinates":[77.752024,12.969264]}},{"type":"Feature","properties":{},"geometry":{"type":"Point","coordinates":[77.752304,12.97149]}},{"type":"Feature","properties":{},"geometry":{"type":"Point","coordinates":[77.752589,12.970716]}},{"type":"Feature","properties":{},"geometry":{"type":"Point","coordinates":[77.75199,12.972541]}},{"type":"Feature","properties":{},"geometry":{"type":"Point","coordinates":[77.752392,12.972334]}},{"type":"Feature","properties":{},"geometry":{"type":"Point","coordinates":[77.742157,12.965775]}},{"type":"Feature","properties":{},"geometry":{"type":"Point","coordinates":[77.742188,12.965542]}},{"type":"Feature","properties":{},"geometry":{"type":"Point","coordinates":[77.741902,12.965076]}},{"type":"Feature","properties":{},"geometry":{"type":"Point","coordinates":[77.741606,12.964018]}},{"type":"Feature","properties":{},"geometry":{"type":"Point","coordinates":[77.741724,12.963456]}},{"type":"Feature","properties":{},"geometry":{"type":"Point","coordinates":[77.748518,12.969047]}},{"type":"Feature","properties":{},"geometry":{"type":"Point","coordinates":[77.742129,12.970842]}},{"type":"Feature","properties":{},"geometry":{"type":"Point","coordinates":[77.740149,12.9713]}},{"type":"Feature","properties":{},"geometry":{"type":"Point","coordinates":[77.739842,12.969165]}},{"type":"Feature","properties":{},"geometry":{"type":"Point","coordinates":[77.738162,12.969236]}},{"type":"Feature","properties":{},"geometry":{"type":"Point","coordinates":[77.737604,12.969279]}},{"type":"Feature","properties":{},"geometry":{"type":"Point","coordinates":[77.733838,12.970623]}},{"type":"Feature","properties":{},"geometry":{"type":"Point","coordinates":[77.734736,12.972638]}},{"type":"Feature","properties":{},"geometry":{"type":"Point","coordinates":[77.734531,12.972841]}},{"type":"Feature","properties":{},"geometry":{"type":"Point","coordinates":[77.734033,12.970015]}},{"type":"Feature","properties":{},"geometry":{"type":"Point","coordinates":[77.739281,12.978286]}},{"type":"Feature","properties":{},"geometry":{"type":"Point","coordinates":[77.754453,12.978]}},{"type":"Feature","properties":{},"geometry":{"type":"Point","coordinates":[77.719296,12.971517]}},{"type":"Feature","properties":{},"geometry":{"type":"Point","coordinates":[77.719294,12.972196]}},{"type":"Feature","properties":{},"geometry":{"type":"Point","coordinates":[77.719073,12.97171]}},{"type":"Feature","properties":{},"geometry":{"type":"Point","coordinates":[77.71913,12.971127]}},{"type":"Feature","properties":{},"geometry":{"type":"Point","coordinates":[77.7192,12.970986]}},{"type":"Feature","properties":{},"geometry":{"type":"Point","coordinates":[77.719064,12.967779]}},{"type":"Feature","properties":{},"geometry":{"type":"Point","coordinates":[77.719319,12.960406]}},{"type":"Feature","properties":{},"geometry":{"type":"Point","coordinates":[77.719277,12.960124]}},{"type":"Feature","properties":{},"geometry":{"type":"Point","coordinates":[77.713987,12.962194]}},{"type":"Feature","properties":{},"geometry":{"type":"Point","coordinates":[77.713874,12.962547]}},{"type":"Feature","properties":{},"geometry":{"type":"Point","coordinates":[77.714007,12.962696]}},{"type":"Feature","properties":{},"geometry":{"type":"Point","coordinates":[77.715109,12.966508]}},{"type":"Feature","properties":{},"geometry":{"type":"Point","coordinates":[77.708361,12.963929]}},{"type":"Feature","properties":{},"geometry":{"type":"Point","coordinates":[77.709427,12.961617]}},{"type":"Feature","properties":{},"geometry":{"type":"Point","coordinates":[77.705032,12.968217]}},{"type":"Feature","properties":{},"geometry":{"type":"Point","coordinates":[77.70498,12.960412]}},{"type":"Feature","properties":{},"geometry":{"type":"Point","coordinates":[77.704629,12.959504]}},{"type":"Feature","properties":{},"geometry":{"type":"Point","coordinates":[77.704606,12.959424]}},{"type":"Feature","properties":{},"geometry":{"type":"Point","coordinates":[77.704492,12.959951]}},{"type":"Feature","properties":{},"geometry":{"type":"Point","coordinates":[77.703716,12.966267]}},{"type":"Feature","properties":{},"geometry":{"type":"Point","coordinates":[77.704779,12.967753]}},{"type":"Feature","properties":{},"geometry":{"type":"Point","coordinates":[77.704199,12.967211]}},{"type":"Feature","properties":{},"geometry":{"type":"Point","coordinates":[77.704315,12.967651]}},{"type":"Feature","properties":{},"geometry":{"type":"Point","coordinates":[77.702876,12.972131]}},{"type":"Feature","properties":{},"geometry":{"type":"Point","coordinates":[77.702594,12.965016]}},{"type":"Feature","properties":{},"geometry":{"type":"Point","coordinates":[77.702977,12.965175]}},{"type":"Feature","properties":{},"geometry":{"type":"Point","coordinates":[77.702947,12.959565]}},{"type":"Feature","properties":{},"geometry":{"type":"Point","coordinates":[77.701911,12.959985]}},{"type":"Feature","properties":{},"geometry":{"type":"Point","coordinates":[77.702229,12.960091]}},{"type":"Feature","properties":{},"geometry":{"type":"Point","coordinates":[77.69317,12.967381]}},{"type":"Feature","properties":{},"geometry":{"type":"Point","coordinates":[77.693175,12.967488]}},{"type":"Feature","properties":{},"geometry":{"type":"Point","coordinates":[77.693268,12.967602]}},{"type":"Feature","properties":{},"geometry":{"type":"Point","coordinates":[77.693303,12.967796]}},{"type":"Feature","properties":{},"geometry":{"type":"Point","coordinates":[77.692244,12.968472]}},{"type":"Feature","properties":{},"geometry":{"type":"Point","coordinates":[77.690753,12.967608]}},{"type":"Feature","properties":{},"geometry":{"type":"Point","coordinates":[77.690437,12.967641]}},{"type":"Feature","properties":{},"geometry":{"type":"Point","coordinates":[77.690193,12.968715]}},{"type":"Feature","properties":{},"geometry":{"type":"Point","coordinates":[77.689463,12.969103]}},{"type":"Feature","properties":{},"geometry":{"type":"Point","coordinates":[77.689538,12.96962]}},{"type":"Feature","properties":{},"geometry":{"type":"Point","coordinates":[77.691206,12.969402]}},{"type":"Feature","properties":{},"geometry":{"type":"Point","coordinates":[77.692142,12.968985]}},{"type":"Feature","properties":{},"geometry":{"type":"Point","coordinates":[77.691985,12.969677]}},{"type":"Feature","properties":{},"geometry":{"type":"Point","coordinates":[77.692211,12.970709]}},{"type":"Feature","properties":{},"geometry":{"type":"Point","coordinates":[77.691231,12.971334]}},{"type":"Feature","properties":{},"geometry":{"type":"Point","coordinates":[77.691649,12.972113]}},{"type":"Feature","properties":{},"geometry":{"type":"Point","coordinates":[77.691508,12.972693]}},{"type":"Feature","properties":{},"geometry":{"type":"Point","coordinates":[77.691508,12.973013]}},{"type":"Feature","properties":{},"geometry":{"type":"Point","coordinates":[77.69155,12.973372]}},{"type":"Feature","properties":{},"geometry":{"type":"Point","coordinates":[77.691632,12.973681]}},{"type":"Feature","properties":{},"geometry":{"type":"Point","coordinates":[77.691812,12.97414]}},{"type":"Feature","properties":{},"geometry":{"type":"Point","coordinates":[77.694284,12.973309]}},{"type":"Feature","properties":{},"geometry":{"type":"Point","coordinates":[77.693831,12.974659]}},{"type":"Feature","properties":{},"geometry":{"type":"Point","coordinates":[77.693016,12.970297]}},{"type":"Feature","properties":{},"geometry":{"type":"Point","coordinates":[77.694513,12.968568]}},{"type":"Feature","properties":{},"geometry":{"type":"Point","coordinates":[77.694583,12.968889]}},{"type":"Feature","properties":{},"geometry":{"type":"Point","coordinates":[77.695617,12.969339]}},{"type":"Feature","properties":{},"geometry":{"type":"Point","coordinates":[77.697574,12.970513]}},{"type":"Feature","properties":{},"geometry":{"type":"Point","coordinates":[77.698176,12.972653]}},{"type":"Feature","properties":{},"geometry":{"type":"Point","coordinates":[77.696866,12.970646]}},{"type":"Feature","properties":{},"geometry":{"type":"Point","coordinates":[77.696888,12.971106]}},{"type":"Feature","properties":{},"geometry":{"type":"Point","coordinates":[77.696012,12.970821]}},{"type":"Feature","properties":{},"geometry":{"type":"Point","coordinates":[77.695914,12.970282]}},{"type":"Feature","properties":{},"geometry":{"type":"Point","coordinates":[77.695916,12.971661]}},{"type":"Feature","properties":{},"geometry":{"type":"Point","coordinates":[77.696689,12.972343]}},{"type":"Feature","properties":{},"geometry":{"type":"Point","coordinates":[77.696069,12.972528]}},{"type":"Feature","properties":{},"geometry":{"type":"Point","coordinates":[77.695338,12.972483]}},{"type":"Feature","properties":{},"geometry":{"type":"Point","coordinates":[77.694909,12.971697]}},{"type":"Feature","properties":{},"geometry":{"type":"Point","coordinates":[77.695114,12.971409]}},{"type":"Feature","properties":{},"geometry":{"type":"Point","coordinates":[77.695553,12.979232]}},{"type":"Feature","properties":{},"geometry":{"type":"Point","coordinates":[77.712736,12.96942]}},{"type":"Feature","properties":{},"geometry":{"type":"Point","coordinates":[77.710788,12.96877]}},{"type":"Feature","properties":{},"geometry":{"type":"Point","coordinates":[77.712634,12.970098]}},{"type":"Feature","properties":{},"geometry":{"type":"Point","coordinates":[77.712087,12.969954]}},{"type":"Feature","properties":{},"geometry":{"type":"Point","coordinates":[77.712344,12.970801]}},{"type":"Feature","properties":{},"geometry":{"type":"Point","coordinates":[77.711828,12.971928]}},{"type":"Feature","properties":{},"geometry":{"type":"Point","coordinates":[77.711428,12.971635]}},{"type":"Feature","properties":{},"geometry":{"type":"Point","coordinates":[77.711504,12.977143]}},{"type":"Feature","properties":{},"geometry":{"type":"Point","coordinates":[77.711309,12.977126]}},{"type":"Feature","properties":{},"geometry":{"type":"Point","coordinates":[77.712841,12.959552]}},{"type":"Feature","properties":{},"geometry":{"type":"Point","coordinates":[77.718302,12.967775]}},{"type":"Feature","properties":{},"geometry":{"type":"Point","coordinates":[77.719112,12.968459]}},{"type":"Feature","properties":{},"geometry":{"type":"Point","coordinates":[77.617268,13.029238]}},{"type":"Feature","properties":{},"geometry":{"type":"Point","coordinates":[77.620929,13.03309]}},{"type":"Feature","properties":{},"geometry":{"type":"Point","coordinates":[77.616291,13.03073]}},{"type":"Feature","properties":{},"geometry":{"type":"Point","coordinates":[77.621618,13.032048]}},{"type":"Feature","properties":{},"geometry":{"type":"Point","coordinates":[77.614924,13.03028]}},{"type":"Feature","properties":{},"geometry":{"type":"Point","coordinates":[77.615604,13.028807]}},{"type":"Feature","properties":{},"geometry":{"type":"Point","coordinates":[77.619396,13.031459]}},{"type":"Feature","properties":{},"geometry":{"type":"Point","coordinates":[77.617266,13.031569]}},{"type":"Feature","properties":{},"geometry":{"type":"Point","coordinates":[77.616528,13.02977]}},{"type":"Feature","properties":{},"geometry":{"type":"Point","coordinates":[77.617801,13.0286]}},{"type":"Feature","properties":{},"geometry":{"type":"Point","coordinates":[77.615438,13.031295]}},{"type":"Feature","properties":{},"geometry":{"type":"Point","coordinates":[77.619261,13.031049]}},{"type":"Feature","properties":{},"geometry":{"type":"Point","coordinates":[77.616677,13.030121]}},{"type":"Feature","properties":{},"geometry":{"type":"Point","coordinates":[77.616144,13.031069]}},{"type":"Feature","properties":{},"geometry":{"type":"Point","coordinates":[77.616131,13.031042]}},{"type":"Feature","properties":{},"geometry":{"type":"Point","coordinates":[77.619367,13.031586]}},{"type":"Feature","properties":{},"geometry":{"type":"Point","coordinates":[77.620296,13.032672]}},{"type":"Feature","properties":{},"geometry":{"type":"Point","coordinates":[77.612191,13.033897]}},{"type":"Feature","properties":{},"geometry":{"type":"Point","coordinates":[77.612996,13.032005]}},{"type":"Feature","properties":{},"geometry":{"type":"Point","coordinates":[77.614934,13.029584]}},{"type":"Feature","properties":{},"geometry":{"type":"Point","coordinates":[77.616121,13.030743]}},{"type":"Feature","properties":{},"geometry":{"type":"Point","coordinates":[77.61416,13.030548]}},{"type":"Feature","properties":{},"geometry":{"type":"Point","coordinates":[77.612387,13.032818]}},{"type":"Feature","properties":{},"geometry":{"type":"Point","coordinates":[77.617488,13.031147]}},{"type":"Feature","properties":{},"geometry":{"type":"Point","coordinates":[77.619356,13.032766]}},{"type":"Feature","properties":{},"geometry":{"type":"Point","coordinates":[77.615744,13.03001]}},{"type":"Feature","properties":{},"geometry":{"type":"Point","coordinates":[77.617749,13.029274]}},{"type":"Feature","properties":{},"geometry":{"type":"Point","coordinates":[77.618584,13.031114]}},{"type":"Feature","properties":{},"geometry":{"type":"Point","coordinates":[77.613985,13.032312]}},{"type":"Feature","properties":{},"geometry":{"type":"Point","coordinates":[77.672325,12.970482]}},{"type":"Feature","properties":{},"geometry":{"type":"Point","coordinates":[77.678874,12.965418]}},{"type":"Feature","properties":{},"geometry":{"type":"Point","coordinates":[77.677393,12.965321]}},{"type":"Feature","properties":{},"geometry":{"type":"Point","coordinates":[77.676105,12.964992]}},{"type":"Feature","properties":{},"geometry":{"type":"Point","coordinates":[77.676137,12.967323]}},{"type":"Feature","properties":{},"geometry":{"type":"Point","coordinates":[77.666742,12.968427]}},{"type":"Feature","properties":{},"geometry":{"type":"Point","coordinates":[77.667047,12.969314]}},{"type":"Feature","properties":{},"geometry":{"type":"Point","coordinates":[77.667097,12.969316]}},{"type":"Feature","properties":{},"geometry":{"type":"Point","coordinates":[77.666917,12.969365]}},{"type":"Feature","properties":{},"geometry":{"type":"Point","coordinates":[77.668273,12.970882]}},{"type":"Feature","properties":{},"geometry":{"type":"Point","coordinates":[77.67175,12.969762]}},{"type":"Feature","properties":{},"geometry":{"type":"Point","coordinates":[77.67155,12.969836]}},{"type":"Feature","properties":{},"geometry":{"type":"Point","coordinates":[77.669568,12.967794]}},{"type":"Feature","properties":{},"geometry":{"type":"Point","coordinates":[77.669577,12.967543]}},{"type":"Feature","properties":{},"geometry":{"type":"Point","coordinates":[77.674278,12.968877]}},{"type":"Feature","properties":{},"geometry":{"type":"Point","coordinates":[77.674751,12.9693]}},{"type":"Feature","properties":{},"geometry":{"type":"Point","coordinates":[77.67391,12.968406]}},{"type":"Feature","properties":{},"geometry":{"type":"Point","coordinates":[77.673807,12.966932]}},{"type":"Feature","properties":{},"geometry":{"type":"Point","coordinates":[77.673749,12.9667]}},{"type":"Feature","properties":{},"geometry":{"type":"Point","coordinates":[77.675983,12.969142]}},{"type":"Feature","properties":{},"geometry":{"type":"Point","coordinates":[77.681685,12.975785]}},{"type":"Feature","properties":{},"geometry":{"type":"Point","coordinates":[77.681037,12.973039]}},{"type":"Feature","properties":{},"geometry":{"type":"Point","coordinates":[77.678787,12.966724]}},{"type":"Feature","properties":{},"geometry":{"type":"Point","coordinates":[77.679459,12.996138]}},{"type":"Feature","properties":{},"geometry":{"type":"Point","coordinates":[77.681247,12.975335]}},{"type":"Feature","properties":{},"geometry":{"type":"Point","coordinates":[77.680738,12.973617]}},{"type":"Feature","properties":{},"geometry":{"type":"Point","coordinates":[77.688068,12.990402]}},{"type":"Feature","properties":{},"geometry":{"type":"Point","coordinates":[77.686767,12.989775]}},{"type":"Feature","properties":{},"geometry":{"type":"Point","coordinates":[77.685118,12.987216]}},{"type":"Feature","properties":{},"geometry":{"type":"Point","coordinates":[77.68445,12.98863]}},{"type":"Feature","properties":{},"geometry":{"type":"Point","coordinates":[77.683282,12.990525]}},{"type":"Feature","properties":{},"geometry":{"type":"Point","coordinates":[77.681088,12.991361]}},{"type":"Feature","properties":{},"geometry":{"type":"Point","coordinates":[77.682959,12.990654]}},{"type":"Feature","properties":{},"geometry":{"type":"Point","coordinates":[77.683157,12.994685]}},{"type":"Feature","properties":{},"geometry":{"type":"Point","coordinates":[77.680362,12.992279]}},{"type":"Feature","properties":{},"geometry":{"type":"Point","coordinates":[77.680865,12.992205]}},{"type":"Feature","properties":{},"geometry":{"type":"Point","coordinates":[77.679281,12.966838]}},{"type":"Feature","properties":{},"geometry":{"type":"Point","coordinates":[77.676346,12.965015]}},{"type":"Feature","properties":{},"geometry":{"type":"Point","coordinates":[77.686864,12.969316]}},{"type":"Feature","properties":{},"geometry":{"type":"Point","coordinates":[77.671494,12.967882]}},{"type":"Feature","properties":{},"geometry":{"type":"Point","coordinates":[77.676406,12.965364]}},{"type":"Feature","properties":{},"geometry":{"type":"Point","coordinates":[77.68236,12.967062]}},{"type":"Feature","properties":{},"geometry":{"type":"Point","coordinates":[77.681978,12.966099]}},{"type":"Feature","properties":{},"geometry":{"type":"Point","coordinates":[77.685388,12.969717]}},{"type":"Feature","properties":{},"geometry":{"type":"Point","coordinates":[77.682739,12.969247]}},{"type":"Feature","properties":{},"geometry":{"type":"Point","coordinates":[77.679062,12.971125]}},{"type":"Feature","properties":{},"geometry":{"type":"Point","coordinates":[77.680939,12.969624]}},{"type":"Feature","properties":{},"geometry":{"type":"Point","coordinates":[77.683036,12.975232]}},{"type":"Feature","properties":{},"geometry":{"type":"Point","coordinates":[77.683718,12.974572]}},{"type":"Feature","properties":{},"geometry":{"type":"Point","coordinates":[77.680373,12.981528]}},{"type":"Feature","properties":{},"geometry":{"type":"Point","coordinates":[77.680474,12.982301]}},{"type":"Feature","properties":{},"geometry":{"type":"Point","coordinates":[77.676736,12.990295]}},{"type":"Feature","properties":{},"geometry":{"type":"Point","coordinates":[77.677017,12.990214]}},{"type":"Feature","properties":{},"geometry":{"type":"Point","coordinates":[77.68346,12.98956]}},{"type":"Feature","properties":{},"geometry":{"type":"Point","coordinates":[77.683585,12.988796]}},{"type":"Feature","properties":{},"geometry":{"type":"Point","coordinates":[77.690273,12.990884]}},{"type":"Feature","properties":{},"geometry":{"type":"Point","coordinates":[77.691007,12.991455]}},{"type":"Feature","properties":{},"geometry":{"type":"Point","coordinates":[77.690651,12.989157]}},{"type":"Feature","properties":{},"geometry":{"type":"Point","coordinates":[77.676611,12.966088]}},{"type":"Feature","properties":{},"geometry":{"type":"Point","coordinates":[77.678996,12.967625]}},{"type":"Feature","properties":{},"geometry":{"type":"Point","coordinates":[77.681471,12.970716]}},{"type":"Feature","properties":{},"geometry":{"type":"Point","coordinates":[77.678841,12.971891]}},{"type":"Feature","properties":{},"geometry":{"type":"Point","coordinates":[77.6774,12.98544]}},{"type":"Feature","properties":{},"geometry":{"type":"Point","coordinates":[77.670169,12.968427]}},{"type":"Feature","properties":{},"geometry":{"type":"Point","coordinates":[77.691862,12.955786]}},{"type":"Feature","properties":{},"geometry":{"type":"Point","coordinates":[77.691554,12.95548]}},{"type":"Feature","properties":{},"geometry":{"type":"Point","coordinates":[77.691419,12.955298]}},{"type":"Feature","properties":{},"geometry":{"type":"Point","coordinates":[77.691463,12.954659]}},{"type":"Feature","properties":{},"geometry":{"type":"Point","coordinates":[77.691588,12.954677]}},{"type":"Feature","properties":{},"geometry":{"type":"Point","coordinates":[77.68734,12.949079]}},{"type":"Feature","properties":{},"geometry":{"type":"Point","coordinates":[77.684352,12.948432]}},{"type":"Feature","properties":{},"geometry":{"type":"Point","coordinates":[77.684314,12.948229]}},{"type":"Feature","properties":{},"geometry":{"type":"Point","coordinates":[77.682537,12.948679]}},{"type":"Feature","properties":{},"geometry":{"type":"Point","coordinates":[77.681762,12.948552]}},{"type":"Feature","properties":{},"geometry":{"type":"Point","coordinates":[77.680705,12.948458]}},{"type":"Feature","properties":{},"geometry":{"type":"Point","coordinates":[77.681225,12.946123]}},{"type":"Feature","properties":{},"geometry":{"type":"Point","coordinates":[77.68074,12.945709]}},{"type":"Feature","properties":{},"geometry":{"type":"Point","coordinates":[77.680212,12.946738]}},{"type":"Feature","properties":{},"geometry":{"type":"Point","coordinates":[77.68165,12.947418]}},{"type":"Feature","properties":{},"geometry":{"type":"Point","coordinates":[77.682075,12.946171]}},{"type":"Feature","properties":{},"geometry":{"type":"Point","coordinates":[77.682599,12.94762]}},{"type":"Feature","properties":{},"geometry":{"type":"Point","coordinates":[77.682616,12.947691]}},{"type":"Feature","properties":{},"geometry":{"type":"Point","coordinates":[77.680643,12.945589]}},{"type":"Feature","properties":{},"geometry":{"type":"Point","coordinates":[77.681924,12.945253]}},{"type":"Feature","properties":{},"geometry":{"type":"Point","coordinates":[77.680495,12.945234]}},{"type":"Feature","properties":{},"geometry":{"type":"Point","coordinates":[77.679938,12.944147]}},{"type":"Feature","properties":{},"geometry":{"type":"Point","coordinates":[77.679859,12.944491]}},{"type":"Feature","properties":{},"geometry":{"type":"Point","coordinates":[77.673067,12.946371]}},{"type":"Feature","properties":{},"geometry":{"type":"Point","coordinates":[77.672854,12.945965]}},{"type":"Feature","properties":{},"geometry":{"type":"Point","coordinates":[77.67266,12.945945]}},{"type":"Feature","properties":{},"geometry":{"type":"Point","coordinates":[77.672629,12.946143]}},{"type":"Feature","properties":{},"geometry":{"type":"Point","coordinates":[77.661819,12.945562]}},{"type":"Feature","properties":{},"geometry":{"type":"Point","coordinates":[77.648912,12.945673]}},{"type":"Feature","properties":{},"geometry":{"type":"Point","coordinates":[77.64867,12.945765]}},{"type":"Feature","properties":{},"geometry":{"type":"Point","coordinates":[77.648902,12.945224]}},{"type":"Feature","properties":{},"geometry":{"type":"Point","coordinates":[77.64903,12.945007]}},{"type":"Feature","properties":{},"geometry":{"type":"Point","coordinates":[77.649018,12.944143]}},{"type":"Feature","properties":{},"geometry":{"type":"Point","coordinates":[77.648862,12.944157]}},{"type":"Feature","properties":{},"geometry":{"type":"Point","coordinates":[77.648635,12.944326]}},{"type":"Feature","properties":{},"geometry":{"type":"Point","coordinates":[77.652133,12.944192]}},{"type":"Feature","properties":{},"geometry":{"type":"Point","coordinates":[77.653663,12.94357]}},{"type":"Feature","properties":{},"geometry":{"type":"Point","coordinates":[77.653581,12.943664]}},{"type":"Feature","properties":{},"geometry":{"type":"Point","coordinates":[77.654985,12.943062]}},{"type":"Feature","properties":{},"geometry":{"type":"Point","coordinates":[77.655913,12.942663]}},{"type":"Feature","properties":{},"geometry":{"type":"Point","coordinates":[77.656293,12.942645]}},{"type":"Feature","properties":{},"geometry":{"type":"Point","coordinates":[77.655835,12.94339]}},{"type":"Feature","properties":{},"geometry":{"type":"Point","coordinates":[77.656149,12.943786]}},{"type":"Feature","properties":{},"geometry":{"type":"Point","coordinates":[77.658821,12.94284]}},{"type":"Feature","properties":{},"geometry":{"type":"Point","coordinates":[77.655909,12.940126]}},{"type":"Feature","properties":{},"geometry":{"type":"Point","coordinates":[77.651044,12.944505]}},{"type":"Feature","properties":{},"geometry":{"type":"Point","coordinates":[77.635162,13.012497]}},{"type":"Feature","properties":{},"geometry":{"type":"Point","coordinates":[77.63299,13.017704]}},{"type":"Feature","properties":{},"geometry":{"type":"Point","coordinates":[77.634485,13.011272]}},{"type":"Feature","properties":{},"geometry":{"type":"Point","coordinates":[77.635297,13.011437]}},{"type":"Feature","properties":{},"geometry":{"type":"Point","coordinates":[77.631598,13.010613]}},{"type":"Feature","properties":{},"geometry":{"type":"Point","coordinates":[77.623332,13.009814]}},{"type":"Feature","properties":{},"geometry":{"type":"Point","coordinates":[77.633218,13.008203]}},{"type":"Feature","properties":{},"geometry":{"type":"Point","coordinates":[77.632474,13.007676]}},{"type":"Feature","properties":{},"geometry":{"type":"Point","coordinates":[77.637164,13.005273]}},{"type":"Feature","properties":{},"geometry":{"type":"Point","coordinates":[77.637083,13.006109]}},{"type":"Feature","properties":{},"geometry":{"type":"Point","coordinates":[77.642421,13.009829]}},{"type":"Feature","properties":{},"geometry":{"type":"Point","coordinates":[77.642036,13.010703]}},{"type":"Feature","properties":{},"geometry":{"type":"Point","coordinates":[77.640223,13.008718]}},{"type":"Feature","properties":{},"geometry":{"type":"Point","coordinates":[77.640242,13.008683]}},{"type":"Feature","properties":{},"geometry":{"type":"Point","coordinates":[77.638771,13.009554]}},{"type":"Feature","properties":{},"geometry":{"type":"Point","coordinates":[77.640505,13.010842]}},{"type":"Feature","properties":{},"geometry":{"type":"Point","coordinates":[77.663883,13.012254]}},{"type":"Feature","properties":{},"geometry":{"type":"Point","coordinates":[77.637481,13.011603]}},{"type":"Feature","properties":{},"geometry":{"type":"Point","coordinates":[77.640023,13.009512]}},{"type":"Feature","properties":{},"geometry":{"type":"Point","coordinates":[77.635793,13.00566]}},{"type":"Feature","properties":{},"geometry":{"type":"Point","coordinates":[77.611838,13.040295]}},{"type":"Feature","properties":{},"geometry":{"type":"Point","coordinates":[77.614184,13.038046]}},{"type":"Feature","properties":{},"geometry":{"type":"Point","coordinates":[77.61439,13.037584]}},{"type":"Feature","properties":{},"geometry":{"type":"Point","coordinates":[77.615275,13.03644]}},{"type":"Feature","properties":{},"geometry":{"type":"Point","coordinates":[77.615942,13.036679]}},{"type":"Feature","properties":{},"geometry":{"type":"Point","coordinates":[77.616782,13.035767]}},{"type":"Feature","properties":{},"geometry":{"type":"Point","coordinates":[77.615887,13.035802]}},{"type":"Feature","properties":{},"geometry":{"type":"Point","coordinates":[77.616732,13.034937]}},{"type":"Feature","properties":{},"geometry":{"type":"Point","coordinates":[77.612996,13.032005]}},{"type":"Feature","properties":{},"geometry":{"type":"Point","coordinates":[77.612322,13.032721]}},{"type":"Feature","properties":{},"geometry":{"type":"Point","coordinates":[77.612211,13.033885]}},{"type":"Feature","properties":{},"geometry":{"type":"Point","coordinates":[77.614068,13.030461]}},{"type":"Feature","properties":{},"geometry":{"type":"Point","coordinates":[77.621615,13.031986]}},{"type":"Feature","properties":{},"geometry":{"type":"Point","coordinates":[77.62092,13.033085]}},{"type":"Feature","properties":{},"geometry":{"type":"Point","coordinates":[77.62031,13.03269]}},{"type":"Feature","properties":{},"geometry":{"type":"Point","coordinates":[77.619375,13.032829]}},{"type":"Feature","properties":{},"geometry":{"type":"Point","coordinates":[77.618771,13.033341]}},{"type":"Feature","properties":{},"geometry":{"type":"Point","coordinates":[77.619306,13.034363]}},{"type":"Feature","properties":{},"geometry":{"type":"Point","coordinates":[77.617474,13.031127]}},{"type":"Feature","properties":{},"geometry":{"type":"Point","coordinates":[77.621353,13.034964]}},{"type":"Feature","properties":{},"geometry":{"type":"Point","coordinates":[77.619261,13.031067]}},{"type":"Feature","properties":{},"geometry":{"type":"Point","coordinates":[77.61937,13.031552]}},{"type":"Feature","properties":{},"geometry":{"type":"Point","coordinates":[77.619372,13.031436]}},{"type":"Feature","properties":{},"geometry":{"type":"Point","coordinates":[77.617271,13.031522]}},{"type":"Feature","properties":{},"geometry":{"type":"Point","coordinates":[77.61563,13.028849]}},{"type":"Feature","properties":{},"geometry":{"type":"Point","coordinates":[77.616124,13.031062]}},{"type":"Feature","properties":{},"geometry":{"type":"Point","coordinates":[77.61613,13.031049]}},{"type":"Feature","properties":{},"geometry":{"type":"Point","coordinates":[77.614991,13.030127]}},{"type":"Feature","properties":{},"geometry":{"type":"Point","coordinates":[77.611941,13.041173]}},{"type":"Feature","properties":{},"geometry":{"type":"Point","coordinates":[77.614932,13.030029]}},{"type":"Feature","properties":{},"geometry":{"type":"Point","coordinates":[77.614921,13.029562]}},{"type":"Feature","properties":{},"geometry":{"type":"Point","coordinates":[77.615443,13.031263]}},{"type":"Feature","properties":{},"geometry":{"type":"Point","coordinates":[77.617857,13.029049]}},{"type":"Feature","properties":{},"geometry":{"type":"Point","coordinates":[77.616483,13.02966]}},{"type":"Feature","properties":{},"geometry":{"type":"Point","coordinates":[77.616097,13.030723]}},{"type":"Feature","properties":{},"geometry":{"type":"Point","coordinates":[77.618205,13.030721]}},{"type":"Feature","properties":{},"geometry":{"type":"Point","coordinates":[77.618495,13.034102]}},{"type":"Feature","properties":{},"geometry":{"type":"Point","coordinates":[77.616722,13.034708]}},{"type":"Feature","properties":{},"geometry":{"type":"Point","coordinates":[77.619157,13.033887]}},{"type":"Feature","properties":{},"geometry":{"type":"Point","coordinates":[77.619771,13.033657]}},{"type":"Feature","properties":{},"geometry":{"type":"Point","coordinates":[77.613518,13.031273]}},{"type":"Feature","properties":{},"geometry":{"type":"Point","coordinates":[77.618618,13.034606]}},{"type":"Feature","properties":{},"geometry":{"type":"Point","coordinates":[77.612308,13.032746]}},{"type":"Feature","properties":{},"geometry":{"type":"Point","coordinates":[77.611842,13.07117]}},{"type":"Feature","properties":{},"geometry":{"type":"Point","coordinates":[77.616544,13.034414]}},{"type":"Feature","properties":{},"geometry":{"type":"Point","coordinates":[77.620905,13.034526]}},{"type":"Feature","properties":{},"geometry":{"type":"Point","coordinates":[77.612091,13.040302]}},{"type":"Feature","properties":{},"geometry":{"type":"Point","coordinates":[77.617714,13.029487]}},{"type":"Feature","properties":{},"geometry":{"type":"Point","coordinates":[77.618601,13.031065]}},{"type":"Feature","properties":{},"geometry":{"type":"Point","coordinates":[77.681325,13.011152]}},{"type":"Feature","properties":{},"geometry":{"type":"Point","coordinates":[77.68116,13.013605]}},{"type":"Feature","properties":{},"geometry":{"type":"Point","coordinates":[77.680999,13.012726]}},{"type":"Feature","properties":{},"geometry":{"type":"Point","coordinates":[77.681588,13.013976]}},{"type":"Feature","properties":{},"geometry":{"type":"Point","coordinates":[77.684819,13.015895]}},{"type":"Feature","properties":{},"geometry":{"type":"Point","coordinates":[77.683342,13.016094]}},{"type":"Feature","properties":{},"geometry":{"type":"Point","coordinates":[77.68547,13.015365]}},{"type":"Feature","properties":{},"geometry":{"type":"Point","coordinates":[77.68498,13.025195]}},{"type":"Feature","properties":{},"geometry":{"type":"Point","coordinates":[77.685325,13.023112]}},{"type":"Feature","properties":{},"geometry":{"type":"Point","coordinates":[77.687111,13.021504]}},{"type":"Feature","properties":{},"geometry":{"type":"Point","coordinates":[77.679893,13.019084]}},{"type":"Feature","properties":{},"geometry":{"type":"Point","coordinates":[77.67829,13.019125]}},{"type":"Feature","properties":{},"geometry":{"type":"Point","coordinates":[77.687371,13.019534]}},{"type":"Feature","properties":{},"geometry":{"type":"Point","coordinates":[77.685371,13.016015]}},{"type":"Feature","properties":{},"geometry":{"type":"Point","coordinates":[77.681848,13.015746]}},{"type":"Feature","properties":{},"geometry":{"type":"Point","coordinates":[77.678749,13.012116]}},{"type":"Feature","properties":{},"geometry":{"type":"Point","coordinates":[77.683021,13.016784]}},{"type":"Feature","properties":{},"geometry":{"type":"Point","coordinates":[77.678618,13.019076]}},{"type":"Feature","properties":{},"geometry":{"type":"Point","coordinates":[77.677451,13.020826]}},{"type":"Feature","properties":{},"geometry":{"type":"Point","coordinates":[77.680313,13.010924]}},{"type":"Feature","properties":{},"geometry":{"type":"Point","coordinates":[77.685461,13.015387]}},{"type":"Feature","properties":{},"geometry":{"type":"Point","coordinates":[77.68323,13.016325]}},{"type":"Feature","properties":{},"geometry":{"type":"Point","coordinates":[77.681045,13.018999]}},{"type":"Feature","properties":{},"geometry":{"type":"Point","coordinates":[77.69415,13.023066]}},{"type":"Feature","properties":{},"geometry":{"type":"Point","coordinates":[77.690809,13.021319]}},{"type":"Feature","properties":{},"geometry":{"type":"Point","coordinates":[77.675461,13.019161]}},{"type":"Feature","properties":{},"geometry":{"type":"Point","coordinates":[77.681129,13.012038]}},{"type":"Feature","properties":{},"geometry":{"type":"Point","coordinates":[77.677184,13.010298]}},{"type":"Feature","properties":{},"geometry":{"type":"Point","coordinates":[77.683874,13.0216]}},{"type":"Feature","properties":{},"geometry":{"type":"Point","coordinates":[77.67027,12.998255]}},{"type":"Feature","properties":{},"geometry":{"type":"Point","coordinates":[77.670108,12.998544]}},{"type":"Feature","properties":{},"geometry":{"type":"Point","coordinates":[77.672282,12.998346]}},{"type":"Feature","properties":{},"geometry":{"type":"Point","coordinates":[77.673718,12.993599]}},{"type":"Feature","properties":{},"geometry":{"type":"Point","coordinates":[77.66423,12.995518]}},{"type":"Feature","properties":{},"geometry":{"type":"Point","coordinates":[77.673586,12.998435]}},{"type":"Feature","properties":{},"geometry":{"type":"Point","coordinates":[77.674365,12.999831]}},{"type":"Feature","properties":{},"geometry":{"type":"Point","coordinates":[77.670085,12.998639]}},{"type":"Feature","properties":{},"geometry":{"type":"Point","coordinates":[77.67523,12.994964]}},{"type":"Feature","properties":{},"geometry":{"type":"Point","coordinates":[77.674853,12.996069]}},{"type":"Feature","properties":{},"geometry":{"type":"Point","coordinates":[77.669055,12.991679]}},{"type":"Feature","properties":{},"geometry":{"type":"Point","coordinates":[77.669015,12.991721]}},{"type":"Feature","properties":{},"geometry":{"type":"Point","coordinates":[77.668437,12.992134]}},{"type":"Feature","properties":{},"geometry":{"type":"Point","coordinates":[77.670072,12.992447]}},{"type":"Feature","properties":{},"geometry":{"type":"Point","coordinates":[77.674907,12.989904]}},{"type":"Feature","properties":{},"geometry":{"type":"Point","coordinates":[77.576378,12.989304]}},{"type":"Feature","properties":{},"geometry":{"type":"Point","coordinates":[77.677198,12.989769]}},{"type":"Feature","properties":{},"geometry":{"type":"Point","coordinates":[77.67592,12.990815]}},{"type":"Feature","properties":{},"geometry":{"type":"Point","coordinates":[77.672225,12.990361]}},{"type":"Feature","properties":{},"geometry":{"type":"Point","coordinates":[77.669993,12.990926]}},{"type":"Feature","properties":{},"geometry":{"type":"Point","coordinates":[77.66991,12.990979]}},{"type":"Feature","properties":{},"geometry":{"type":"Point","coordinates":[77.66998,12.989954]}},{"type":"Feature","properties":{},"geometry":{"type":"Point","coordinates":[77.669043,12.990594]}},{"type":"Feature","properties":{},"geometry":{"type":"Point","coordinates":[77.675898,12.990724]}},{"type":"Feature","properties":{},"geometry":{"type":"Point","coordinates":[77.676742,12.992784]}},{"type":"Feature","properties":{},"geometry":{"type":"Point","coordinates":[77.67585,12.994421]}},{"type":"Feature","properties":{},"geometry":{"type":"Point","coordinates":[77.6796,12.994323]}},{"type":"Feature","properties":{},"geometry":{"type":"Point","coordinates":[77.67536,12.993579]}},{"type":"Feature","properties":{},"geometry":{"type":"Point","coordinates":[77.67277,12.996019]}},{"type":"Feature","properties":{},"geometry":{"type":"Point","coordinates":[77.67346,12.994949]}},{"type":"Feature","properties":{},"geometry":{"type":"Point","coordinates":[77.673379,12.995026]}},{"type":"Feature","properties":{},"geometry":{"type":"Point","coordinates":[77.674185,12.994454]}},{"type":"Feature","properties":{},"geometry":{"type":"Point","coordinates":[77.6749,12.994481]}},{"type":"Feature","properties":{},"geometry":{"type":"Point","coordinates":[77.671685,12.994129]}},{"type":"Feature","properties":{},"geometry":{"type":"Point","coordinates":[77.671227,12.991829]}},{"type":"Feature","properties":{},"geometry":{"type":"Point","coordinates":[77.671445,12.994514]}},{"type":"Feature","properties":{},"geometry":{"type":"Point","coordinates":[77.666858,12.994509]}},{"type":"Feature","properties":{},"geometry":{"type":"Point","coordinates":[77.572392,12.988234]}},{"type":"Feature","properties":{},"geometry":{"type":"Point","coordinates":[77.678075,12.991766]}},{"type":"Feature","properties":{},"geometry":{"type":"Point","coordinates":[77.669342,12.993289]}},{"type":"Feature","properties":{},"geometry":{"type":"Point","coordinates":[77.672363,12.989601]}},{"type":"Feature","properties":{},"geometry":{"type":"Point","coordinates":[77.670955,12.989872]}},{"type":"Feature","properties":{},"geometry":{"type":"Point","coordinates":[77.67129,12.994638]}},{"type":"Feature","properties":{},"geometry":{"type":"Point","coordinates":[77.674778,12.987591]}},{"type":"Feature","properties":{},"geometry":{"type":"Point","coordinates":[77.672145,12.993149]}},{"type":"Feature","properties":{},"geometry":{"type":"Point","coordinates":[77.671305,12.998062]}},{"type":"Feature","properties":{},"geometry":{"type":"Point","coordinates":[77.57811,12.996474]}},{"type":"Feature","properties":{},"geometry":{"type":"Point","coordinates":[77.675667,12.990169]}},{"type":"Feature","properties":{},"geometry":{"type":"Point","coordinates":[77.669343,12.993322]}},{"type":"Feature","properties":{},"geometry":{"type":"Point","coordinates":[77.681057,12.961781]}},{"type":"Feature","properties":{},"geometry":{"type":"Point","coordinates":[77.675777,12.963218]}},{"type":"Feature","properties":{},"geometry":{"type":"Point","coordinates":[77.664744,12.970685]}},{"type":"Feature","properties":{},"geometry":{"type":"Point","coordinates":[77.674304,12.961895]}},{"type":"Feature","properties":{},"geometry":{"type":"Point","coordinates":[77.674401,12.96403]}},{"type":"Feature","properties":{},"geometry":{"type":"Point","coordinates":[77.672101,12.962482]}},{"type":"Feature","properties":{},"geometry":{"type":"Point","coordinates":[77.589709,12.958461]}},{"type":"Feature","properties":{},"geometry":{"type":"Point","coordinates":[77.609203,13.015445]}},{"type":"Feature","properties":{},"geometry":{"type":"Point","coordinates":[77.611964,13.01598]}},{"type":"Feature","properties":{},"geometry":{"type":"Point","coordinates":[77.612357,13.013978]}},{"type":"Feature","properties":{},"geometry":{"type":"Point","coordinates":[77.61264,13.015922]}},{"type":"Feature","properties":{},"geometry":{"type":"Point","coordinates":[77.608193,13.018672]}},{"type":"Feature","properties":{},"geometry":{"type":"Point","coordinates":[77.611533,13.010014]}},{"type":"Feature","properties":{},"geometry":{"type":"Point","coordinates":[77.611496,13.015408]}},{"type":"Feature","properties":{},"geometry":{"type":"Point","coordinates":[77.610027,13.016391]}},{"type":"Feature","properties":{},"geometry":{"type":"Point","coordinates":[77.610246,13.011176]}},{"type":"Feature","properties":{},"geometry":{"type":"Point","coordinates":[77.612351,13.016385]}},{"type":"Feature","properties":{},"geometry":{"type":"Point","coordinates":[77.609433,13.018144]}},{"type":"Feature","properties":{},"geometry":{"type":"Point","coordinates":[77.610708,13.017893]}},{"type":"Feature","properties":{},"geometry":{"type":"Point","coordinates":[77.61195,13.012589]}},{"type":"Feature","properties":{},"geometry":{"type":"Point","coordinates":[77.61136,13.016461]}},{"type":"Feature","properties":{},"geometry":{"type":"Point","coordinates":[77.610727,13.01184]}},{"type":"Feature","properties":{},"geometry":{"type":"Point","coordinates":[77.610375,13.0134]}},{"type":"Feature","properties":{},"geometry":{"type":"Point","coordinates":[77.609868,13.011012]}},{"type":"Feature","properties":{},"geometry":{"type":"Point","coordinates":[77.609928,13.010561]}},{"type":"Feature","properties":{},"geometry":{"type":"Point","coordinates":[77.610967,13.013395]}},{"type":"Feature","properties":{},"geometry":{"type":"Point","coordinates":[77.61233,13.015602]}},{"type":"Feature","properties":{},"geometry":{"type":"Point","coordinates":[77.613025,13.014186]}},{"type":"Feature","properties":{},"geometry":{"type":"Point","coordinates":[77.610019,13.013449]}},{"type":"Feature","properties":{},"geometry":{"type":"Point","coordinates":[77.611226,13.015751]}},{"type":"Feature","properties":{},"geometry":{"type":"Point","coordinates":[77.607868,13.019438]}},{"type":"Feature","properties":{},"geometry":{"type":"Point","coordinates":[77.609383,13.01885]}},{"type":"Feature","properties":{},"geometry":{"type":"Point","coordinates":[77.608765,13.015576]}},{"type":"Feature","properties":{},"geometry":{"type":"Point","coordinates":[77.609529,13.015395]}},{"type":"Feature","properties":{},"geometry":{"type":"Point","coordinates":[77.611312,13.0149]}},{"type":"Feature","properties":{},"geometry":{"type":"Point","coordinates":[77.610823,13.015307]}},{"type":"Feature","properties":{},"geometry":{"type":"Point","coordinates":[77.610254,13.012888]}},{"type":"Feature","properties":{},"geometry":{"type":"Point","coordinates":[77.610407,13.010262]}},{"type":"Feature","properties":{},"geometry":{"type":"Point","coordinates":[77.611782,13.010853]}},{"type":"Feature","properties":{},"geometry":{"type":"Point","coordinates":[77.613154,13.010957]}},{"type":"Feature","properties":{},"geometry":{"type":"Point","coordinates":[77.611469,13.011147]}},{"type":"Feature","properties":{},"geometry":{"type":"Point","coordinates":[77.609248,13.01728]}},{"type":"Feature","properties":{},"geometry":{"type":"Point","coordinates":[77.610525,13.01735]}},{"type":"Feature","properties":{},"geometry":{"type":"Point","coordinates":[77.549679,12.975317]}},{"type":"Feature","properties":{},"geometry":{"type":"Point","coordinates":[77.55151,12.975528]}},{"type":"Feature","properties":{},"geometry":{"type":"Point","coordinates":[77.550653,12.975653]}},{"type":"Feature","properties":{},"geometry":{"type":"Point","coordinates":[77.550751,12.976275]}},{"type":"Feature","properties":{},"geometry":{"type":"Point","coordinates":[77.552699,12.976337]}},{"type":"Feature","properties":{},"geometry":{"type":"Point","coordinates":[77.494908,12.976954]}},{"type":"Feature","properties":{},"geometry":{"type":"Point","coordinates":[77.553394,12.976999]}},{"type":"Feature","properties":{},"geometry":{"type":"Point","coordinates":[77.552005,12.977324]}},{"type":"Feature","properties":{},"geometry":{"type":"Point","coordinates":[77.552385,12.977415]}},{"type":"Feature","properties":{},"geometry":{"type":"Point","coordinates":[77.55345,12.977616]}},{"type":"Feature","properties":{},"geometry":{"type":"Point","coordinates":[77.545624,12.977848]}},{"type":"Feature","properties":{},"geometry":{"type":"Point","coordinates":[77.553825,12.977788]}},{"type":"Feature","properties":{},"geometry":{"type":"Point","coordinates":[77.553482,12.978254]}},{"type":"Feature","properties":{},"geometry":{"type":"Point","coordinates":[77.544551,12.978362]}},{"type":"Feature","properties":{},"geometry":{"type":"Point","coordinates":[77.542944,12.978678]}},{"type":"Feature","properties":{},"geometry":{"type":"Point","coordinates":[77.545497,12.97866]}},{"type":"Feature","properties":{},"geometry":{"type":"Point","coordinates":[77.544611,12.97872]}},{"type":"Feature","properties":{},"geometry":{"type":"Point","coordinates":[77.553857,12.978941]}},{"type":"Feature","properties":{},"geometry":{"type":"Point","coordinates":[77.55324,12.979147]}},{"type":"Feature","properties":{},"geometry":{"type":"Point","coordinates":[77.553884,12.979265]}},{"type":"Feature","properties":{},"geometry":{"type":"Point","coordinates":[77.542746,12.979464]}},{"type":"Feature","properties":{},"geometry":{"type":"Point","coordinates":[77.542241,12.979563]}},{"type":"Feature","properties":{},"geometry":{"type":"Point","coordinates":[77.546136,12.979552]}},{"type":"Feature","properties":{},"geometry":{"type":"Point","coordinates":[77.543759,12.979662]}},{"type":"Feature","properties":{},"geometry":{"type":"Point","coordinates":[77.554657,12.97959]}},{"type":"Feature","properties":{},"geometry":{"type":"Point","coordinates":[77.544373,12.979909]}},{"type":"Feature","properties":{},"geometry":{"type":"Point","coordinates":[77.540641,12.979961]}},{"type":"Feature","properties":{},"geometry":{"type":"Point","coordinates":[77.554435,12.979909]}},{"type":"Feature","properties":{},"geometry":{"type":"Point","coordinates":[77.553163,12.97995]}},{"type":"Feature","properties":{},"geometry":{"type":"Point","coordinates":[77.543784,12.980445]}},{"type":"Feature","properties":{},"geometry":{"type":"Point","coordinates":[77.553073,12.980577]}},{"type":"Feature","properties":{},"geometry":{"type":"Point","coordinates":[77.502295,12.981172]}},{"type":"Feature","properties":{},"geometry":{"type":"Point","coordinates":[77.542397,12.980797]}},{"type":"Feature","properties":{},"geometry":{"type":"Point","coordinates":[77.543764,12.980882]}},{"type":"Feature","properties":{},"geometry":{"type":"Point","coordinates":[77.546467,12.981016]}},{"type":"Feature","properties":{},"geometry":{"type":"Point","coordinates":[77.545249,12.981245]}},{"type":"Feature","properties":{},"geometry":{"type":"Point","coordinates":[77.541502,12.981376]}},{"type":"Feature","properties":{},"geometry":{"type":"Point","coordinates":[77.540765,12.98156]}},{"type":"Feature","properties":{},"geometry":{"type":"Point","coordinates":[77.542258,12.981547]}},{"type":"Feature","properties":{},"geometry":{"type":"Point","coordinates":[77.543279,12.981935]}},{"type":"Feature","properties":{},"geometry":{"type":"Point","coordinates":[77.522391,12.991025]}},{"type":"Feature","properties":{},"geometry":{"type":"Point","coordinates":[77.530007,12.990952]}},{"type":"Feature","properties":{},"geometry":{"type":"Point","coordinates":[77.500492,12.991266]}},{"type":"Feature","properties":{},"geometry":{"type":"Point","coordinates":[77.538227,12.990912]}},{"type":"Feature","properties":{},"geometry":{"type":"Point","coordinates":[77.532279,12.99107]}},{"type":"Feature","properties":{},"geometry":{"type":"Point","coordinates":[77.522282,12.99119]}},{"type":"Feature","properties":{},"geometry":{"type":"Point","coordinates":[77.505737,12.991374]}},{"type":"Feature","properties":{},"geometry":{"type":"Point","coordinates":[77.556044,12.990889]}},{"type":"Feature","properties":{},"geometry":{"type":"Point","coordinates":[77.524837,12.991253]}},{"type":"Feature","properties":{},"geometry":{"type":"Point","coordinates":[77.528225,12.991231]}},{"type":"Feature","properties":{},"geometry":{"type":"Point","coordinates":[77.55655,12.990968]}},{"type":"Feature","properties":{},"geometry":{"type":"Point","coordinates":[77.527937,12.991279]}},{"type":"Feature","properties":{},"geometry":{"type":"Point","coordinates":[77.541957,12.991189]}},{"type":"Feature","properties":{},"geometry":{"type":"Point","coordinates":[77.535136,12.991292]}},{"type":"Feature","properties":{},"geometry":{"type":"Point","coordinates":[77.55604,12.991192]}},{"type":"Feature","properties":{},"geometry":{"type":"Point","coordinates":[77.546555,12.991357]}},{"type":"Feature","properties":{},"geometry":{"type":"Point","coordinates":[77.547725,12.991347]}},{"type":"Feature","properties":{},"geometry":{"type":"Point","coordinates":[77.533856,12.991564]}},{"type":"Feature","properties":{},"geometry":{"type":"Point","coordinates":[77.509011,12.992054]}},{"type":"Feature","properties":{},"geometry":{"type":"Point","coordinates":[77.527298,12.991888]}},{"type":"Feature","properties":{},"geometry":{"type":"Point","coordinates":[77.542841,12.99176]}},{"type":"Feature","properties":{},"geometry":{"type":"Point","coordinates":[77.499955,12.992236]}},{"type":"Feature","properties":{},"geometry":{"type":"Point","coordinates":[77.523047,12.992049]}},{"type":"Feature","properties":{},"geometry":{"type":"Point","coordinates":[77.525649,12.992066]}},{"type":"Feature","properties":{},"geometry":{"type":"Point","coordinates":[77.50251,12.992357]}},{"type":"Feature","properties":{},"geometry":{"type":"Point","coordinates":[77.500982,12.992486]}},{"type":"Feature","properties":{},"geometry":{"type":"Point","coordinates":[77.555749,12.992002]}},{"type":"Feature","properties":{},"geometry":{"type":"Point","coordinates":[77.554573,12.992179]}},{"type":"Feature","properties":{},"geometry":{"type":"Point","coordinates":[77.545225,12.992336]}},{"type":"Feature","properties":{},"geometry":{"type":"Point","coordinates":[77.535304,12.992479]}},{"type":"Feature","properties":{},"geometry":{"type":"Point","coordinates":[77.554788,12.992354]}},{"type":"Feature","properties":{},"geometry":{"type":"Point","coordinates":[77.503736,12.992868]}},{"type":"Feature","properties":{},"geometry":{"type":"Point","coordinates":[77.549219,12.992519]}},{"type":"Feature","properties":{},"geometry":{"type":"Point","coordinates":[77.550293,12.992542]}},{"type":"Feature","properties":{},"geometry":{"type":"Point","coordinates":[77.556001,12.992524]}},{"type":"Feature","properties":{},"geometry":{"type":"Point","coordinates":[77.52476,12.992959]}},{"type":"Feature","properties":{},"geometry":{"type":"Point","coordinates":[77.536552,12.99289]}},{"type":"Feature","properties":{},"geometry":{"type":"Point","coordinates":[77.541965,12.993009]}},{"type":"Feature","properties":{},"geometry":{"type":"Point","coordinates":[77.53143,12.993156]}},{"type":"Feature","properties":{},"geometry":{"type":"Point","coordinates":[77.555568,12.992943]}},{"type":"Feature","properties":{},"geometry":{"type":"Point","coordinates":[77.555574,12.992945]}},{"type":"Feature","properties":{},"geometry":{"type":"Point","coordinates":[77.556016,12.992988]}},{"type":"Feature","properties":{},"geometry":{"type":"Point","coordinates":[77.537474,12.993181]}},{"type":"Feature","properties":{},"geometry":{"type":"Point","coordinates":[77.503715,12.993512]}},{"type":"Feature","properties":{},"geometry":{"type":"Point","coordinates":[77.533992,12.993313]}},{"type":"Feature","properties":{},"geometry":{"type":"Point","coordinates":[77.508978,12.99365]}},{"type":"Feature","properties":{},"geometry":{"type":"Point","coordinates":[77.513475,12.993683]}},{"type":"Feature","properties":{},"geometry":{"type":"Point","coordinates":[77.543861,12.993397]}},{"type":"Feature","properties":{},"geometry":{"type":"Point","coordinates":[77.532358,12.993541]}},{"type":"Feature","properties":{},"geometry":{"type":"Point","coordinates":[77.534148,12.993579]}},{"type":"Feature","properties":{},"geometry":{"type":"Point","coordinates":[77.531819,12.993621]}},{"type":"Feature","properties":{},"geometry":{"type":"Point","coordinates":[77.554977,12.993405]}},{"type":"Feature","properties":{},"geometry":{"type":"Point","coordinates":[77.538279,12.993636]}},{"type":"Feature","properties":{},"geometry":{"type":"Point","coordinates":[77.544001,12.99369]}},{"type":"Feature","properties":{},"geometry":{"type":"Point","coordinates":[77.53106,12.993818]}},{"type":"Feature","properties":{},"geometry":{"type":"Point","coordinates":[77.542467,12.99374]}},{"type":"Feature","properties":{},"geometry":{"type":"Point","coordinates":[77.534162,12.993829]}},{"type":"Feature","properties":{},"geometry":{"type":"Point","coordinates":[77.528964,12.993905]}},{"type":"Feature","properties":{},"geometry":{"type":"Point","coordinates":[77.503064,12.994184]}},{"type":"Feature","properties":{},"geometry":{"type":"Point","coordinates":[77.526729,12.993968]}},{"type":"Feature","properties":{},"geometry":{"type":"Point","coordinates":[77.550345,12.993753]}},{"type":"Feature","properties":{},"geometry":{"type":"Point","coordinates":[77.505575,12.994222]}},{"type":"Feature","properties":{},"geometry":{"type":"Point","coordinates":[77.547792,12.993892]}},{"type":"Feature","properties":{},"geometry":{"type":"Point","coordinates":[77.527975,12.994103]}},{"type":"Feature","properties":{},"geometry":{"type":"Point","coordinates":[77.535344,12.994046]}},{"type":"Feature","properties":{},"geometry":{"type":"Point","coordinates":[77.549687,12.994052]}},{"type":"Feature","properties":{},"geometry":{"type":"Point","coordinates":[77.547196,12.99409]}},{"type":"Feature","properties":{},"geometry":{"type":"Point","coordinates":[77.544901,12.994123]}},{"type":"Feature","properties":{},"geometry":{"type":"Point","coordinates":[77.523527,12.994359]}},{"type":"Feature","properties":{},"geometry":{"type":"Point","coordinates":[77.544706,12.994153]}},{"type":"Feature","properties":{},"geometry":{"type":"Point","coordinates":[77.53015,12.994397]}},{"type":"Feature","properties":{},"geometry":{"type":"Point","coordinates":[77.525962,12.994495]}},{"type":"Feature","properties":{},"geometry":{"type":"Point","coordinates":[77.532799,12.994462]}},{"type":"Feature","properties":{},"geometry":{"type":"Point","coordinates":[77.529744,12.994529]}},{"type":"Feature","properties":{},"geometry":{"type":"Point","coordinates":[77.52288,12.994601]}},{"type":"Feature","properties":{},"geometry":{"type":"Point","coordinates":[77.5436,12.994434]}},{"type":"Feature","properties":{},"geometry":{"type":"Point","coordinates":[77.527105,12.994679]}},{"type":"Feature","properties":{},"geometry":{"type":"Point","coordinates":[77.551884,12.994481]}},{"type":"Feature","properties":{},"geometry":{"type":"Point","coordinates":[77.554446,12.99447]}},{"type":"Feature","properties":{},"geometry":{"type":"Point","coordinates":[77.545194,12.994578]}},{"type":"Feature","properties":{},"geometry":{"type":"Point","coordinates":[77.553791,12.994504]}},{"type":"Feature","properties":{},"geometry":{"type":"Point","coordinates":[77.547259,12.994606]}},{"type":"Feature","properties":{},"geometry":{"type":"Point","coordinates":[77.547348,12.994691]}},{"type":"Feature","properties":{},"geometry":{"type":"Point","coordinates":[77.548834,12.994724]}},{"type":"Feature","properties":{},"geometry":{"type":"Point","coordinates":[77.548916,12.994793]}},{"type":"Feature","properties":{},"geometry":{"type":"Point","coordinates":[77.526016,12.99505]}},{"type":"Feature","properties":{},"geometry":{"type":"Point","coordinates":[77.508927,12.995218]}},{"type":"Feature","properties":{},"geometry":{"type":"Point","coordinates":[77.525555,12.995079]}},{"type":"Feature","properties":{},"geometry":{"type":"Point","coordinates":[77.54976,12.994843]}},{"type":"Feature","properties":{},"geometry":{"type":"Point","coordinates":[77.549672,12.994883]}},{"type":"Feature","properties":{},"geometry":{"type":"Point","coordinates":[77.524557,12.995155]}},{"type":"Feature","properties":{},"geometry":{"type":"Point","coordinates":[77.545538,12.994972]}},{"type":"Feature","properties":{},"geometry":{"type":"Point","coordinates":[77.533216,12.995112]}},{"type":"Feature","properties":{},"geometry":{"type":"Point","coordinates":[77.522575,12.995293]}},{"type":"Feature","properties":{},"geometry":{"type":"Point","coordinates":[77.538479,12.995188]}},{"type":"Feature","properties":{},"geometry":{"type":"Point","coordinates":[77.528727,12.995296]}},{"type":"Feature","properties":{},"geometry":{"type":"Point","coordinates":[77.548314,12.995132]}},{"type":"Feature","properties":{},"geometry":{"type":"Point","coordinates":[77.548374,12.995143]}},{"type":"Feature","properties":{},"geometry":{"type":"Point","coordinates":[77.533147,12.99533]}},{"type":"Feature","properties":{},"geometry":{"type":"Point","coordinates":[77.545289,12.995291]}},{"type":"Feature","properties":{},"geometry":{"type":"Point","coordinates":[77.502403,12.995779]}},{"type":"Feature","properties":{},"geometry":{"type":"Point","coordinates":[77.502064,12.995799]}},{"type":"Feature","properties":{},"geometry":{"type":"Point","coordinates":[77.501799,12.995825]}},{"type":"Feature","properties":{},"geometry":{"type":"Point","coordinates":[77.547027,12.995411]}},{"type":"Feature","properties":{},"geometry":{"type":"Point","coordinates":[77.507712,12.995805]}},{"type":"Feature","properties":{},"geometry":{"type":"Point","coordinates":[77.547092,12.995533]}},{"type":"Feature","properties":{},"geometry":{"type":"Point","coordinates":[77.522643,12.995789]}},{"type":"Feature","properties":{},"geometry":{"type":"Point","coordinates":[77.549286,12.995541]}},{"type":"Feature","properties":{},"geometry":{"type":"Point","coordinates":[77.545389,12.995602]}},{"type":"Feature","properties":{},"geometry":{"type":"Point","coordinates":[77.550589,12.995587]}},{"type":"Feature","properties":{},"geometry":{"type":"Point","coordinates":[77.546132,12.995647]}},{"type":"Feature","properties":{},"geometry":{"type":"Point","coordinates":[77.526113,12.995862]}},{"type":"Feature","properties":{},"geometry":{"type":"Point","coordinates":[77.538764,12.99576]}},{"type":"Feature","properties":{},"geometry":{"type":"Point","coordinates":[77.505837,13.003713]}},{"type":"Feature","properties":{},"geometry":{"type":"Point","coordinates":[77.533447,13.003469]}},{"type":"Feature","properties":{},"geometry":{"type":"Point","coordinates":[77.497307,13.003985]}},{"type":"Feature","properties":{},"geometry":{"type":"Point","coordinates":[77.535977,13.003626]}},{"type":"Feature","properties":{},"geometry":{"type":"Point","coordinates":[77.518647,13.003818]}},{"type":"Feature","properties":{},"geometry":{"type":"Point","coordinates":[77.499694,13.004024]}},{"type":"Feature","properties":{},"geometry":{"type":"Point","coordinates":[77.504506,13.003986]}},{"type":"Feature","properties":{},"geometry":{"type":"Point","coordinates":[77.526186,13.003818]}},{"type":"Feature","properties":{},"geometry":{"type":"Point","coordinates":[77.521283,13.003972]}},{"type":"Feature","properties":{},"geometry":{"type":"Point","coordinates":[77.515391,13.004046]}},{"type":"Feature","properties":{},"geometry":{"type":"Point","coordinates":[77.532665,13.003879]}},{"type":"Feature","properties":{},"geometry":{"type":"Point","coordinates":[77.52865,13.003923]}},{"type":"Feature","properties":{},"geometry":{"type":"Point","coordinates":[77.536951,13.003851]}},{"type":"Feature","properties":{},"geometry":{"type":"Point","coordinates":[77.535279,13.003881]}},{"type":"Feature","properties":{},"geometry":{"type":"Point","coordinates":[77.539466,13.003876]}},{"type":"Feature","properties":{},"geometry":{"type":"Point","coordinates":[77.527151,13.004098]}},{"type":"Feature","properties":{},"geometry":{"type":"Point","coordinates":[77.51867,13.004231]}},{"type":"Feature","properties":{},"geometry":{"type":"Point","coordinates":[77.507113,13.004361]}},{"type":"Feature","properties":{},"geometry":{"type":"Point","coordinates":[77.503024,13.0044]}},{"type":"Feature","properties":{},"geometry":{"type":"Point","coordinates":[77.53358,13.004126]}},{"type":"Feature","properties":{},"geometry":{"type":"Point","coordinates":[77.504943,13.004423]}},{"type":"Feature","properties":{},"geometry":{"type":"Point","coordinates":[77.533865,13.004197]}},{"type":"Feature","properties":{},"geometry":{"type":"Point","coordinates":[77.534741,13.004237]}},{"type":"Feature","properties":{},"geometry":{"type":"Point","coordinates":[77.536206,13.004236]}},{"type":"Feature","properties":{},"geometry":{"type":"Point","coordinates":[77.517207,13.004438]}},{"type":"Feature","properties":{},"geometry":{"type":"Point","coordinates":[77.540901,13.004294]}},{"type":"Feature","properties":{},"geometry":{"type":"Point","coordinates":[77.535577,13.004397]}},{"type":"Feature","properties":{},"geometry":{"type":"Point","coordinates":[77.532071,13.004433]}},{"type":"Feature","properties":{},"geometry":{"type":"Point","coordinates":[77.533179,13.004452]}},{"type":"Feature","properties":{},"geometry":{"type":"Point","coordinates":[77.534025,13.004537]}},{"type":"Feature","properties":{},"geometry":{"type":"Point","coordinates":[77.538251,13.004544]}},{"type":"Feature","properties":{},"geometry":{"type":"Point","coordinates":[77.537779,13.004549]}},{"type":"Feature","properties":{},"geometry":{"type":"Point","coordinates":[77.531781,13.004639]}},{"type":"Feature","properties":{},"geometry":{"type":"Point","coordinates":[77.502071,13.004938]}},{"type":"Feature","properties":{},"geometry":{"type":"Point","coordinates":[77.529099,13.004677]}},{"type":"Feature","properties":{},"geometry":{"type":"Point","coordinates":[77.524867,13.00483]}},{"type":"Feature","properties":{},"geometry":{"type":"Point","coordinates":[77.535559,13.004746]}},{"type":"Feature","properties":{},"geometry":{"type":"Point","coordinates":[77.534245,13.004791]}},{"type":"Feature","properties":{},"geometry":{"type":"Point","coordinates":[77.515468,13.004978]}},{"type":"Feature","properties":{},"geometry":{"type":"Point","coordinates":[77.534683,13.005933]}},{"type":"Feature","properties":{},"geometry":{"type":"Point","coordinates":[77.535078,13.005954]}},{"type":"Feature","properties":{},"geometry":{"type":"Point","coordinates":[77.527574,13.006062]}},{"type":"Feature","properties":{},"geometry":{"type":"Point","coordinates":[77.541708,13.005996]}},{"type":"Feature","properties":{},"geometry":{"type":"Point","coordinates":[77.526611,13.006163]}},{"type":"Feature","properties":{},"geometry":{"type":"Point","coordinates":[77.504452,13.006445]}},{"type":"Feature","properties":{},"geometry":{"type":"Point","coordinates":[77.5064,13.006437]}},{"type":"Feature","properties":{},"geometry":{"type":"Point","coordinates":[77.500589,13.006502]}},{"type":"Feature","properties":{},"geometry":{"type":"Point","coordinates":[77.524249,13.00634]}},{"type":"Feature","properties":{},"geometry":{"type":"Point","coordinates":[77.505007,13.006536]}},{"type":"Feature","properties":{},"geometry":{"type":"Point","coordinates":[77.501908,13.00659]}},{"type":"Feature","properties":{},"geometry":{"type":"Point","coordinates":[77.5293,13.006368]}},{"type":"Feature","properties":{},"geometry":{"type":"Point","coordinates":[77.506112,13.006614]}},{"type":"Feature","properties":{},"geometry":{"type":"Point","coordinates":[77.528302,13.006403]}},{"type":"Feature","properties":{},"geometry":{"type":"Point","coordinates":[77.502649,13.006656]}},{"type":"Feature","properties":{},"geometry":{"type":"Point","coordinates":[77.531706,13.006375]}},{"type":"Feature","properties":{},"geometry":{"type":"Point","coordinates":[77.500841,13.00669]}},{"type":"Feature","properties":{},"geometry":{"type":"Point","coordinates":[77.505777,13.006704]}},{"type":"Feature","properties":{},"geometry":{"type":"Point","coordinates":[77.546071,13.006336]}},{"type":"Feature","properties":{},"geometry":{"type":"Point","coordinates":[77.534956,13.006468]}},{"type":"Feature","properties":{},"geometry":{"type":"Point","coordinates":[77.528,13.006548]}},{"type":"Feature","properties":{},"geometry":{"type":"Point","coordinates":[77.547518,13.006362]}},{"type":"Feature","properties":{},"geometry":{"type":"Point","coordinates":[77.499456,13.006833]}},{"type":"Feature","properties":{},"geometry":{"type":"Point","coordinates":[77.529094,13.006581]}},{"type":"Feature","properties":{},"geometry":{"type":"Point","coordinates":[77.528735,13.006618]}},{"type":"Feature","properties":{},"geometry":{"type":"Point","coordinates":[77.546169,13.006469]}},{"type":"Feature","properties":{},"geometry":{"type":"Point","coordinates":[77.529537,13.006654]}},{"type":"Feature","properties":{},"geometry":{"type":"Point","coordinates":[77.536358,13.006687]}},{"type":"Feature","properties":{},"geometry":{"type":"Point","coordinates":[77.531536,13.006812]}},{"type":"Feature","properties":{},"geometry":{"type":"Point","coordinates":[77.500786,13.007112]}},{"type":"Feature","properties":{},"geometry":{"type":"Point","coordinates":[77.532874,13.006818]}},{"type":"Feature","properties":{},"geometry":{"type":"Point","coordinates":[77.52954,13.006855]}},{"type":"Feature","properties":{},"geometry":{"type":"Point","coordinates":[77.531229,13.006861]}},{"type":"Feature","properties":{},"geometry":{"type":"Point","coordinates":[77.500197,13.007199]}},{"type":"Feature","properties":{},"geometry":{"type":"Point","coordinates":[77.500197,13.007199]}},{"type":"Feature","properties":{},"geometry":{"type":"Point","coordinates":[77.557114,13.006666]}},{"type":"Feature","properties":{},"geometry":{"type":"Point","coordinates":[77.547734,13.006788]}},{"type":"Feature","properties":{},"geometry":{"type":"Point","coordinates":[77.54304,13.006884]}},{"type":"Feature","properties":{},"geometry":{"type":"Point","coordinates":[77.504051,13.007366]}},{"type":"Feature","properties":{},"geometry":{"type":"Point","coordinates":[77.503742,13.007385]}},{"type":"Feature","properties":{},"geometry":{"type":"Point","coordinates":[77.540629,13.007037]}},{"type":"Feature","properties":{},"geometry":{"type":"Point","coordinates":[77.501044,13.007431]}},{"type":"Feature","properties":{},"geometry":{"type":"Point","coordinates":[77.513846,13.007309]}},{"type":"Feature","properties":{},"geometry":{"type":"Point","coordinates":[77.527355,13.00719]}},{"type":"Feature","properties":{},"geometry":{"type":"Point","coordinates":[77.551445,13.006963]}},{"type":"Feature","properties":{},"geometry":{"type":"Point","coordinates":[77.522958,13.007265]}},{"type":"Feature","properties":{},"geometry":{"type":"Point","coordinates":[77.578368,12.97124]}},{"type":"Feature","properties":{},"geometry":{"type":"Point","coordinates":[77.57968,12.97191]}},{"type":"Feature","properties":{},"geometry":{"type":"Point","coordinates":[77.575342,12.971161]}},{"type":"Feature","properties":{},"geometry":{"type":"Point","coordinates":[77.581269,12.967249]}},{"type":"Feature","properties":{},"geometry":{"type":"Point","coordinates":[77.581164,12.968172]}},{"type":"Feature","properties":{},"geometry":{"type":"Point","coordinates":[77.582001,12.968699]}},{"type":"Feature","properties":{},"geometry":{"type":"Point","coordinates":[77.58014,12.970732]}},{"type":"Feature","properties":{},"geometry":{"type":"Point","coordinates":[77.574831,12.972629]}},{"type":"Feature","properties":{},"geometry":{"type":"Point","coordinates":[77.580022,12.969459]}},{"type":"Feature","properties":{},"geometry":{"type":"Point","coordinates":[77.577406,12.967217]}},{"type":"Feature","properties":{},"geometry":{"type":"Point","coordinates":[77.573157,12.970572]}},{"type":"Feature","properties":{},"geometry":{"type":"Point","coordinates":[77.574229,12.965499]}},{"type":"Feature","properties":{},"geometry":{"type":"Point","coordinates":[77.573189,12.96501]}},{"type":"Feature","properties":{},"geometry":{"type":"Point","coordinates":[77.53126,13.013466]}},{"type":"Feature","properties":{},"geometry":{"type":"Point","coordinates":[77.503157,13.013739]}},{"type":"Feature","properties":{},"geometry":{"type":"Point","coordinates":[77.511554,13.013686]}},{"type":"Feature","properties":{},"geometry":{"type":"Point","coordinates":[77.512616,13.013709]}},{"type":"Feature","properties":{},"geometry":{"type":"Point","coordinates":[77.518103,13.013665]}},{"type":"Feature","properties":{},"geometry":{"type":"Point","coordinates":[77.525571,13.013627]}},{"type":"Feature","properties":{},"geometry":{"type":"Point","coordinates":[77.5113,13.013849]}},{"type":"Feature","properties":{},"geometry":{"type":"Point","coordinates":[77.540472,13.013603]}},{"type":"Feature","properties":{},"geometry":{"type":"Point","coordinates":[77.524343,13.013767]}},{"type":"Feature","properties":{},"geometry":{"type":"Point","coordinates":[77.515738,13.013859]}},{"type":"Feature","properties":{},"geometry":{"type":"Point","coordinates":[77.532459,13.013699]}},{"type":"Feature","properties":{},"geometry":{"type":"Point","coordinates":[77.519362,13.01386]}},{"type":"Feature","properties":{},"geometry":{"type":"Point","coordinates":[77.530186,13.013777]}},{"type":"Feature","properties":{},"geometry":{"type":"Point","coordinates":[77.538601,13.013724]}},{"type":"Feature","properties":{},"geometry":{"type":"Point","coordinates":[77.544915,13.013686]}},{"type":"Feature","properties":{},"geometry":{"type":"Point","coordinates":[77.52169,13.013969]}},{"type":"Feature","properties":{},"geometry":{"type":"Point","coordinates":[77.527001,13.013937]}},{"type":"Feature","properties":{},"geometry":{"type":"Point","coordinates":[77.526869,13.013953]}},{"type":"Feature","properties":{},"geometry":{"type":"Point","coordinates":[77.532455,13.01397]}},{"type":"Feature","properties":{},"geometry":{"type":"Point","coordinates":[77.518353,13.014168]}},{"type":"Feature","properties":{},"geometry":{"type":"Point","coordinates":[77.516792,13.014209]}},{"type":"Feature","properties":{},"geometry":{"type":"Point","coordinates":[77.528957,13.014118]}},{"type":"Feature","properties":{},"geometry":{"type":"Point","coordinates":[77.514485,13.014323]}},{"type":"Feature","properties":{},"geometry":{"type":"Point","coordinates":[77.512638,13.014399]}},{"type":"Feature","properties":{},"geometry":{"type":"Point","coordinates":[77.514157,13.014394]}},{"type":"Feature","properties":{},"geometry":{"type":"Point","coordinates":[77.540491,13.014174]}},{"type":"Feature","properties":{},"geometry":{"type":"Point","coordinates":[77.517076,13.014442]}},{"type":"Feature","properties":{},"geometry":{"type":"Point","coordinates":[77.527135,13.014382]}},{"type":"Feature","properties":{},"geometry":{"type":"Point","coordinates":[77.537282,13.018558]}},{"type":"Feature","properties":{},"geometry":{"type":"Point","coordinates":[77.517731,13.018761]}},{"type":"Feature","properties":{},"geometry":{"type":"Point","coordinates":[77.53774,13.01862]}},{"type":"Feature","properties":{},"geometry":{"type":"Point","coordinates":[77.531483,13.018705]}},{"type":"Feature","properties":{},"geometry":{"type":"Point","coordinates":[77.543267,13.018618]}},{"type":"Feature","properties":{},"geometry":{"type":"Point","coordinates":[77.522881,13.018863]}},{"type":"Feature","properties":{},"geometry":{"type":"Point","coordinates":[77.531393,13.0188]}},{"type":"Feature","properties":{},"geometry":{"type":"Point","coordinates":[77.516879,13.018945]}},{"type":"Feature","properties":{},"geometry":{"type":"Point","coordinates":[77.534589,13.018776]}},{"type":"Feature","properties":{},"geometry":{"type":"Point","coordinates":[77.536608,13.018773]}},{"type":"Feature","properties":{},"geometry":{"type":"Point","coordinates":[77.523077,13.018928]}},{"type":"Feature","properties":{},"geometry":{"type":"Point","coordinates":[77.521288,13.018954]}},{"type":"Feature","properties":{},"geometry":{"type":"Point","coordinates":[77.516593,13.019033]}},{"type":"Feature","properties":{},"geometry":{"type":"Point","coordinates":[77.53647,13.018859]}},{"type":"Feature","properties":{},"geometry":{"type":"Point","coordinates":[77.538667,13.018843]}},{"type":"Feature","properties":{},"geometry":{"type":"Point","coordinates":[77.537611,13.018886]}},{"type":"Feature","properties":{},"geometry":{"type":"Point","coordinates":[77.534639,13.018974]}},{"type":"Feature","properties":{},"geometry":{"type":"Point","coordinates":[77.532161,13.019024]}},{"type":"Feature","properties":{},"geometry":{"type":"Point","coordinates":[77.534145,13.019031]}},{"type":"Feature","properties":{},"geometry":{"type":"Point","coordinates":[77.541368,13.018991]}},{"type":"Feature","properties":{},"geometry":{"type":"Point","coordinates":[77.521226,13.019321]}},{"type":"Feature","properties":{},"geometry":{"type":"Point","coordinates":[77.516951,13.019416]}},{"type":"Feature","properties":{},"geometry":{"type":"Point","coordinates":[77.515839,13.019462]}},{"type":"Feature","properties":{},"geometry":{"type":"Point","coordinates":[77.526009,13.019399]}},{"type":"Feature","properties":{},"geometry":{"type":"Point","coordinates":[77.530279,13.019377]}},{"type":"Feature","properties":{},"geometry":{"type":"Point","coordinates":[77.537796,13.019314]}},{"type":"Feature","properties":{},"geometry":{"type":"Point","coordinates":[77.517017,13.019602]}},{"type":"Feature","properties":{},"geometry":{"type":"Point","coordinates":[77.542567,13.019407]}},{"type":"Feature","properties":{},"geometry":{"type":"Point","coordinates":[77.518236,13.019645]}},{"type":"Feature","properties":{},"geometry":{"type":"Point","coordinates":[77.536079,13.01948]}},{"type":"Feature","properties":{},"geometry":{"type":"Point","coordinates":[77.515625,13.019682]}},{"type":"Feature","properties":{},"geometry":{"type":"Point","coordinates":[77.520531,13.019646]}},{"type":"Feature","properties":{},"geometry":{"type":"Point","coordinates":[77.518055,13.019714]}},{"type":"Feature","properties":{},"geometry":{"type":"Point","coordinates":[77.535899,13.019611]}},{"type":"Feature","properties":{},"geometry":{"type":"Point","coordinates":[77.535134,13.01963]}},{"type":"Feature","properties":{},"geometry":{"type":"Point","coordinates":[77.546714,13.019598]}},{"type":"Feature","properties":{},"geometry":{"type":"Point","coordinates":[77.499842,13.051223]}},{"type":"Feature","properties":{},"geometry":{"type":"Point","coordinates":[77.575288,13.050662]}},{"type":"Feature","properties":{},"geometry":{"type":"Point","coordinates":[77.505095,13.051502]}},{"type":"Feature","properties":{},"geometry":{"type":"Point","coordinates":[77.503749,13.048486]}},{"type":"Feature","properties":{},"geometry":{"type":"Point","coordinates":[77.51282,13.054753]}},{"type":"Feature","properties":{},"geometry":{"type":"Point","coordinates":[77.511842,13.053941]}},{"type":"Feature","properties":{},"geometry":{"type":"Point","coordinates":[77.533085,13.055254]}},{"type":"Feature","properties":{},"geometry":{"type":"Point","coordinates":[77.589786,13.054809]}},{"type":"Feature","properties":{},"geometry":{"type":"Point","coordinates":[77.515691,13.05562]}},{"type":"Feature","properties":{},"geometry":{"type":"Point","coordinates":[77.503405,13.056537]}},{"type":"Feature","properties":{},"geometry":{"type":"Point","coordinates":[77.588958,13.056182]}},{"type":"Feature","properties":{},"geometry":{"type":"Point","coordinates":[77.507434,13.057778]}},{"type":"Feature","properties":{},"geometry":{"type":"Point","coordinates":[77.509384,13.056299]}},{"type":"Feature","properties":{},"geometry":{"type":"Point","coordinates":[77.493707,13.058426]}},{"type":"Feature","properties":{},"geometry":{"type":"Point","coordinates":[77.510418,13.05718]}},{"type":"Feature","properties":{},"geometry":{"type":"Point","coordinates":[77.512142,13.058553]}},{"type":"Feature","properties":{},"geometry":{"type":"Point","coordinates":[77.501616,13.056863]}},{"type":"Feature","properties":{},"geometry":{"type":"Point","coordinates":[77.510414,13.058786]}},{"type":"Feature","properties":{},"geometry":{"type":"Point","coordinates":[77.551708,13.058433]}},{"type":"Feature","properties":{},"geometry":{"type":"Point","coordinates":[77.510691,13.059688]}},{"type":"Feature","properties":{},"geometry":{"type":"Point","coordinates":[77.551081,13.060047]}},{"type":"Feature","properties":{},"geometry":{"type":"Point","coordinates":[77.496233,13.060985]}},{"type":"Feature","properties":{},"geometry":{"type":"Point","coordinates":[77.503883,13.061126]}},{"type":"Feature","properties":{},"geometry":{"type":"Point","coordinates":[77.511721,13.059904]}},{"type":"Feature","properties":{},"geometry":{"type":"Point","coordinates":[77.573054,13.062012]}},{"type":"Feature","properties":{},"geometry":{"type":"Point","coordinates":[77.508874,13.059416]}},{"type":"Feature","properties":{},"geometry":{"type":"Point","coordinates":[77.562392,13.062559]}},{"type":"Feature","properties":{},"geometry":{"type":"Point","coordinates":[77.532537,13.062953]}},{"type":"Feature","properties":{},"geometry":{"type":"Point","coordinates":[77.574463,13.062807]}},{"type":"Feature","properties":{},"geometry":{"type":"Point","coordinates":[77.558687,13.063147]}},{"type":"Feature","properties":{},"geometry":{"type":"Point","coordinates":[77.50247,13.062855]}},{"type":"Feature","properties":{},"geometry":{"type":"Point","coordinates":[77.532068,13.064165]}},{"type":"Feature","properties":{},"geometry":{"type":"Point","coordinates":[77.528055,13.064231]}},{"type":"Feature","properties":{},"geometry":{"type":"Point","coordinates":[77.528776,13.064257]}},{"type":"Feature","properties":{},"geometry":{"type":"Point","coordinates":[77.526518,13.064371]}},{"type":"Feature","properties":{},"geometry":{"type":"Point","coordinates":[77.527748,13.064476]}},{"type":"Feature","properties":{},"geometry":{"type":"Point","coordinates":[77.530228,13.063095]}},{"type":"Feature","properties":{},"geometry":{"type":"Point","coordinates":[77.523267,13.065666]}},{"type":"Feature","properties":{},"geometry":{"type":"Point","coordinates":[77.520697,13.06579]}},{"type":"Feature","properties":{},"geometry":{"type":"Point","coordinates":[77.530588,13.065746]}},{"type":"Feature","properties":{},"geometry":{"type":"Point","coordinates":[77.521886,13.06626]}},{"type":"Feature","properties":{},"geometry":{"type":"Point","coordinates":[77.522343,13.066455]}},{"type":"Feature","properties":{},"geometry":{"type":"Point","coordinates":[77.525206,13.066474]}},{"type":"Feature","properties":{},"geometry":{"type":"Point","coordinates":[77.531889,13.066726]}},{"type":"Feature","properties":{},"geometry":{"type":"Point","coordinates":[77.523271,13.068141]}},{"type":"Feature","properties":{},"geometry":{"type":"Point","coordinates":[77.57854,13.069147]}},{"type":"Feature","properties":{},"geometry":{"type":"Point","coordinates":[77.632341,13.070152]}},{"type":"Feature","properties":{},"geometry":{"type":"Point","coordinates":[77.530218,13.072483]}},{"type":"Feature","properties":{},"geometry":{"type":"Point","coordinates":[77.530218,13.072483]}},{"type":"Feature","properties":{},"geometry":{"type":"Point","coordinates":[77.627437,13.07195]}},{"type":"Feature","properties":{},"geometry":{"type":"Point","coordinates":[77.553,13.073221]}},{"type":"Feature","properties":{},"geometry":{"type":"Point","coordinates":[77.589942,13.080895]}},{"type":"Feature","properties":{},"geometry":{"type":"Point","coordinates":[77.542162,13.081637]}},{"type":"Feature","properties":{},"geometry":{"type":"Point","coordinates":[77.58522,13.081584]}},{"type":"Feature","properties":{},"geometry":{"type":"Point","coordinates":[77.584762,13.083193]}},{"type":"Feature","properties":{},"geometry":{"type":"Point","coordinates":[77.588055,13.083967]}},{"type":"Feature","properties":{},"geometry":{"type":"Point","coordinates":[77.562873,13.101891]}},{"type":"Feature","properties":{},"geometry":{"type":"Point","coordinates":[77.562214,13.1012]}},{"type":"Feature","properties":{},"geometry":{"type":"Point","coordinates":[77.565833,13.103416]}},{"type":"Feature","properties":{},"geometry":{"type":"Point","coordinates":[77.566661,13.10235]}},{"type":"Feature","properties":{},"geometry":{"type":"Point","coordinates":[77.565888,13.101594]}},{"type":"Feature","properties":{},"geometry":{"type":"Point","coordinates":[77.5647,13.101382]}},{"type":"Feature","properties":{},"geometry":{"type":"Point","coordinates":[77.563964,13.098008]}},{"type":"Feature","properties":{},"geometry":{"type":"Point","coordinates":[77.5634,13.099064]}},{"type":"Feature","properties":{},"geometry":{"type":"Point","coordinates":[77.565603,13.099238]}},{"type":"Feature","properties":{},"geometry":{"type":"Point","coordinates":[77.569225,13.09878]}},{"type":"Feature","properties":{},"geometry":{"type":"Point","coordinates":[77.568821,13.098789]}},{"type":"Feature","properties":{},"geometry":{"type":"Point","coordinates":[77.569361,13.100101]}},{"type":"Feature","properties":{},"geometry":{"type":"Point","coordinates":[77.569447,13.099386]}},{"type":"Feature","properties":{},"geometry":{"type":"Point","coordinates":[77.56926,13.100828]}},{"type":"Feature","properties":{},"geometry":{"type":"Point","coordinates":[77.568971,13.101302]}},{"type":"Feature","properties":{},"geometry":{"type":"Point","coordinates":[77.568318,13.101577]}},{"type":"Feature","properties":{},"geometry":{"type":"Point","coordinates":[77.567313,13.101419]}},{"type":"Feature","properties":{},"geometry":{"type":"Point","coordinates":[77.568066,13.102666]}},{"type":"Feature","properties":{},"geometry":{"type":"Point","coordinates":[77.569374,13.104583]}},{"type":"Feature","properties":{},"geometry":{"type":"Point","coordinates":[77.56579,13.108359]}},{"type":"Feature","properties":{},"geometry":{"type":"Point","coordinates":[77.566855,13.108454]}},{"type":"Feature","properties":{},"geometry":{"type":"Point","coordinates":[77.679894,12.991885]}},{"type":"Feature","properties":{},"geometry":{"type":"Point","coordinates":[77.67942,12.991501]}},{"type":"Feature","properties":{},"geometry":{"type":"Point","coordinates":[77.679451,12.99165]}},{"type":"Feature","properties":{},"geometry":{"type":"Point","coordinates":[77.679461,12.991474]}},{"type":"Feature","properties":{},"geometry":{"type":"Point","coordinates":[77.676632,12.99083]}},{"type":"Feature","properties":{},"geometry":{"type":"Point","coordinates":[77.675366,12.993423]}},{"type":"Feature","properties":{},"geometry":{"type":"Point","coordinates":[77.676542,12.992889]}},{"type":"Feature","properties":{},"geometry":{"type":"Point","coordinates":[77.677624,12.992139]}},{"type":"Feature","properties":{},"geometry":{"type":"Point","coordinates":[77.680271,12.966509]}},{"type":"Feature","properties":{},"geometry":{"type":"Point","coordinates":[77.679884,12.969173]}},{"type":"Feature","properties":{},"geometry":{"type":"Point","coordinates":[77.683572,13.016618]}},{"type":"Feature","properties":{},"geometry":{"type":"Point","coordinates":[77.683832,13.010498]}},{"type":"Feature","properties":{},"geometry":{"type":"Point","coordinates":[77.686779,13.017338]}},{"type":"Feature","properties":{},"geometry":{"type":"Point","coordinates":[77.680551,13.010754]}},{"type":"Feature","properties":{},"geometry":{"type":"Point","coordinates":[77.680416,13.013849]}},{"type":"Feature","properties":{},"geometry":{"type":"Point","coordinates":[77.683723,13.021198]}},{"type":"Feature","properties":{},"geometry":{"type":"Point","coordinates":[77.691979,13.025389]}},{"type":"Feature","properties":{},"geometry":{"type":"Point","coordinates":[77.687672,13.01883]}},{"type":"Feature","properties":{},"geometry":{"type":"Point","coordinates":[77.677863,13.018113]}},{"type":"Feature","properties":{},"geometry":{"type":"Point","coordinates":[77.681122,13.011658]}},{"type":"Feature","properties":{},"geometry":{"type":"Point","coordinates":[77.688399,13.018248]}},{"type":"Feature","properties":{},"geometry":{"type":"Point","coordinates":[77.669111,13.018777]}},{"type":"Feature","properties":{},"geometry":{"type":"Point","coordinates":[77.683789,12.99512]}},{"type":"Feature","properties":{},"geometry":{"type":"Point","coordinates":[77.68256,12.995078]}},{"type":"Feature","properties":{},"geometry":{"type":"Point","coordinates":[77.67941,12.994959]}},{"type":"Feature","properties":{},"geometry":{"type":"Point","coordinates":[77.678639,12.995059]}},{"type":"Feature","properties":{},"geometry":{"type":"Point","coordinates":[77.672068,12.997809]}},{"type":"Feature","properties":{},"geometry":{"type":"Point","coordinates":[77.678359,12.995309]}},{"type":"Feature","properties":{},"geometry":{"type":"Point","coordinates":[77.578351,12.99586]}},{"type":"Feature","properties":{},"geometry":{"type":"Point","coordinates":[77.679609,12.995602]}},{"type":"Feature","properties":{},"geometry":{"type":"Point","coordinates":[77.67881,12.996661]}},{"type":"Feature","properties":{},"geometry":{"type":"Point","coordinates":[77.68217,12.998179]}},{"type":"Feature","properties":{},"geometry":{"type":"Point","coordinates":[77.681215,12.99912]}},{"type":"Feature","properties":{},"geometry":{"type":"Point","coordinates":[77.676406,12.993651]}},{"type":"Feature","properties":{},"geometry":{"type":"Point","coordinates":[77.673652,12.989639]}},{"type":"Feature","properties":{},"geometry":{"type":"Point","coordinates":[77.67445,12.990279]}},{"type":"Feature","properties":{},"geometry":{"type":"Point","coordinates":[77.67745,12.99618]}},{"type":"Feature","properties":{},"geometry":{"type":"Point","coordinates":[77.673248,12.986955]}},{"type":"Feature","properties":{},"geometry":{"type":"Point","coordinates":[77.66978,12.983741]}},{"type":"Feature","properties":{},"geometry":{"type":"Point","coordinates":[77.672767,12.98887]}},{"type":"Feature","properties":{},"geometry":{"type":"Point","coordinates":[77.67172,12.991302]}},{"type":"Feature","properties":{},"geometry":{"type":"Point","coordinates":[77.672158,12.991122]}},{"type":"Feature","properties":{},"geometry":{"type":"Point","coordinates":[77.673299,12.991101]}},{"type":"Feature","properties":{},"geometry":{"type":"Point","coordinates":[77.674161,12.990235]}},{"type":"Feature","properties":{},"geometry":{"type":"Point","coordinates":[77.675432,12.990467]}},{"type":"Feature","properties":{},"geometry":{"type":"Point","coordinates":[77.675479,12.99091]}},{"type":"Feature","properties":{},"geometry":{"type":"Point","coordinates":[77.671791,12.99682]}},{"type":"Feature","properties":{},"geometry":{"type":"Point","coordinates":[77.671519,12.994412]}},{"type":"Feature","properties":{},"geometry":{"type":"Point","coordinates":[77.671465,12.994472]}},{"type":"Feature","properties":{},"geometry":{"type":"Point","coordinates":[77.671588,12.996337]}},{"type":"Feature","properties":{},"geometry":{"type":"Point","coordinates":[77.670196,12.993905]}},{"type":"Feature","properties":{},"geometry":{"type":"Point","coordinates":[77.668484,12.994789]}},{"type":"Feature","properties":{},"geometry":{"type":"Point","coordinates":[77.668776,12.991789]}},{"type":"Feature","properties":{},"geometry":{"type":"Point","coordinates":[77.669055,12.991679]}},{"type":"Feature","properties":{},"geometry":{"type":"Point","coordinates":[77.668678,12.991155]}},{"type":"Feature","properties":{},"geometry":{"type":"Point","coordinates":[77.669322,12.990464]}},{"type":"Feature","properties":{},"geometry":{"type":"Point","coordinates":[77.667579,12.991795]}},{"type":"Feature","properties":{},"geometry":{"type":"Point","coordinates":[77.666923,12.992473]}},{"type":"Feature","properties":{},"geometry":{"type":"Point","coordinates":[77.667291,12.992895]}},{"type":"Feature","properties":{},"geometry":{"type":"Point","coordinates":[77.668776,12.991789]}},{"type":"Feature","properties":{},"geometry":{"type":"Point","coordinates":[77.66855,12.991922]}},{"type":"Feature","properties":{},"geometry":{"type":"Point","coordinates":[77.66856,12.995524]}},{"type":"Feature","properties":{},"geometry":{"type":"Point","coordinates":[77.668522,12.995666]}},{"type":"Feature","properties":{},"geometry":{"type":"Point","coordinates":[77.571499,12.965326]}},{"type":"Feature","properties":{},"geometry":{"type":"Point","coordinates":[77.571205,12.965679]}},{"type":"Feature","properties":{},"geometry":{"type":"Point","coordinates":[77.59256,12.966804]}},{"type":"Feature","properties":{},"geometry":{"type":"Point","coordinates":[77.593501,12.967152]}},{"type":"Feature","properties":{},"geometry":{"type":"Point","coordinates":[77.59021,12.967278]}},{"type":"Feature","properties":{},"geometry":{"type":"Point","coordinates":[77.587169,12.967328]}},{"type":"Feature","properties":{},"geometry":{"type":"Point","coordinates":[77.584811,12.969424]}},{"type":"Feature","properties":{},"geometry":{"type":"Point","coordinates":[77.601979,12.986056]}},{"type":"Feature","properties":{},"geometry":{"type":"Point","coordinates":[77.601573,12.986686]}},{"type":"Feature","properties":{},"geometry":{"type":"Point","coordinates":[77.599323,12.988545]}},{"type":"Feature","properties":{},"geometry":{"type":"Point","coordinates":[77.600501,12.990916]}},{"type":"Feature","properties":{},"geometry":{"type":"Point","coordinates":[77.627431,12.995092]}},{"type":"Feature","properties":{},"geometry":{"type":"Point","coordinates":[77.632502,12.9952]}},{"type":"Feature","properties":{},"geometry":{"type":"Point","coordinates":[77.631929,12.995528]}},{"type":"Feature","properties":{},"geometry":{"type":"Point","coordinates":[77.642732,12.995516]}},{"type":"Feature","properties":{},"geometry":{"type":"Point","coordinates":[77.642603,12.995668]}},{"type":"Feature","properties":{},"geometry":{"type":"Point","coordinates":[77.630578,12.99667]}},{"type":"Feature","properties":{},"geometry":{"type":"Point","coordinates":[77.632347,12.996659]}},{"type":"Feature","properties":{},"geometry":{"type":"Point","coordinates":[77.632177,12.99678]}},{"type":"Feature","properties":{},"geometry":{"type":"Point","coordinates":[77.632253,12.996962]}},{"type":"Feature","properties":{},"geometry":{"type":"Point","coordinates":[77.631371,12.997113]}},{"type":"Feature","properties":{},"geometry":{"type":"Point","coordinates":[77.641927,12.997182]}},{"type":"Feature","properties":{},"geometry":{"type":"Point","coordinates":[77.630746,12.997318]}},{"type":"Feature","properties":{},"geometry":{"type":"Point","coordinates":[77.630002,12.997357]}},{"type":"Feature","properties":{},"geometry":{"type":"Point","coordinates":[77.632945,12.997953]}},{"type":"Feature","properties":{},"geometry":{"type":"Point","coordinates":[77.629838,12.998106]}},{"type":"Feature","properties":{},"geometry":{"type":"Point","coordinates":[77.63204,12.998328]}},{"type":"Feature","properties":{},"geometry":{"type":"Point","coordinates":[77.638111,13.000337]}},{"type":"Feature","properties":{},"geometry":{"type":"Point","coordinates":[77.636999,13.001023]}},{"type":"Feature","properties":{},"geometry":{"type":"Point","coordinates":[77.63922,13.001078]}},{"type":"Feature","properties":{},"geometry":{"type":"Point","coordinates":[77.63841,13.001399]}},{"type":"Feature","properties":{},"geometry":{"type":"Point","coordinates":[77.622518,13.005555]}},{"type":"Feature","properties":{},"geometry":{"type":"Point","coordinates":[77.623715,13.005662]}},{"type":"Feature","properties":{},"geometry":{"type":"Point","coordinates":[77.622033,13.007064]}},{"type":"Feature","properties":{},"geometry":{"type":"Point","coordinates":[77.613787,13.009842]}},{"type":"Feature","properties":{},"geometry":{"type":"Point","coordinates":[77.61148,13.01005]}},{"type":"Feature","properties":{},"geometry":{"type":"Point","coordinates":[77.609761,13.011564]}},{"type":"Feature","properties":{},"geometry":{"type":"Point","coordinates":[77.619445,13.011729]}},{"type":"Feature","properties":{},"geometry":{"type":"Point","coordinates":[77.618401,13.012156]}},{"type":"Feature","properties":{},"geometry":{"type":"Point","coordinates":[77.612033,13.012381]}},{"type":"Feature","properties":{},"geometry":{"type":"Point","coordinates":[77.617912,13.012854]}},{"type":"Feature","properties":{},"geometry":{"type":"Point","coordinates":[77.6134,13.014143]}},{"type":"Feature","properties":{},"geometry":{"type":"Point","coordinates":[77.611972,13.0142]}},{"type":"Feature","properties":{},"geometry":{"type":"Point","coordinates":[77.620918,13.014265]}},{"type":"Feature","properties":{},"geometry":{"type":"Point","coordinates":[77.602442,13.014776]}},{"type":"Feature","properties":{},"geometry":{"type":"Point","coordinates":[77.611396,13.014883]}},{"type":"Feature","properties":{},"geometry":{"type":"Point","coordinates":[77.61743,13.014866]}},{"type":"Feature","properties":{},"geometry":{"type":"Point","coordinates":[77.621542,13.014948]}},{"type":"Feature","properties":{},"geometry":{"type":"Point","coordinates":[77.61142,13.015281]}},{"type":"Feature","properties":{},"geometry":{"type":"Point","coordinates":[77.614865,13.015492]}},{"type":"Feature","properties":{},"geometry":{"type":"Point","coordinates":[77.60512,13.015648]}},{"type":"Feature","properties":{},"geometry":{"type":"Point","coordinates":[77.613524,13.015643]}},{"type":"Feature","properties":{},"geometry":{"type":"Point","coordinates":[77.615199,13.015882]}},{"type":"Feature","properties":{},"geometry":{"type":"Point","coordinates":[77.61478,13.015976]}},{"type":"Feature","properties":{},"geometry":{"type":"Point","coordinates":[77.612067,13.016021]}},{"type":"Feature","properties":{},"geometry":{"type":"Point","coordinates":[77.612558,13.016324]}},{"type":"Feature","properties":{},"geometry":{"type":"Point","coordinates":[77.610072,13.016359]}},{"type":"Feature","properties":{},"geometry":{"type":"Point","coordinates":[77.612084,13.016647]}},{"type":"Feature","properties":{},"geometry":{"type":"Point","coordinates":[77.62064,13.017207]}},{"type":"Feature","properties":{},"geometry":{"type":"Point","coordinates":[77.622261,13.017407]}},{"type":"Feature","properties":{},"geometry":{"type":"Point","coordinates":[77.615571,13.017623]}},{"type":"Feature","properties":{},"geometry":{"type":"Point","coordinates":[77.610725,13.017686]}},{"type":"Feature","properties":{},"geometry":{"type":"Point","coordinates":[77.613096,13.017744]}},{"type":"Feature","properties":{},"geometry":{"type":"Point","coordinates":[77.619238,13.017798]}},{"type":"Feature","properties":{},"geometry":{"type":"Point","coordinates":[77.60947,13.017967]}},{"type":"Feature","properties":{},"geometry":{"type":"Point","coordinates":[77.60801,13.018091]}},{"type":"Feature","properties":{},"geometry":{"type":"Point","coordinates":[77.611994,13.01832]}},{"type":"Feature","properties":{},"geometry":{"type":"Point","coordinates":[77.621811,13.018295]}},{"type":"Feature","properties":{},"geometry":{"type":"Point","coordinates":[77.607572,13.018533]}},{"type":"Feature","properties":{},"geometry":{"type":"Point","coordinates":[77.612665,13.018987]}},{"type":"Feature","properties":{},"geometry":{"type":"Point","coordinates":[77.616767,13.0191]}},{"type":"Feature","properties":{},"geometry":{"type":"Point","coordinates":[77.623182,13.019477]}},{"type":"Feature","properties":{},"geometry":{"type":"Point","coordinates":[77.623312,13.019508]}},{"type":"Feature","properties":{},"geometry":{"type":"Point","coordinates":[77.623218,13.019808]}},{"type":"Feature","properties":{},"geometry":{"type":"Point","coordinates":[77.620743,13.02001]}},{"type":"Feature","properties":{},"geometry":{"type":"Point","coordinates":[77.62193,13.020278]}},{"type":"Feature","properties":{},"geometry":{"type":"Point","coordinates":[77.618934,13.020322]}},{"type":"Feature","properties":{},"geometry":{"type":"Point","coordinates":[77.616662,13.020368]}},{"type":"Feature","properties":{},"geometry":{"type":"Point","coordinates":[77.622553,13.020574]}},{"type":"Feature","properties":{},"geometry":{"type":"Point","coordinates":[77.623178,13.020586]}},{"type":"Feature","properties":{},"geometry":{"type":"Point","coordinates":[77.621543,13.020794]}},{"type":"Feature","properties":{},"geometry":{"type":"Point","coordinates":[77.619713,13.021404]}},{"type":"Feature","properties":{},"geometry":{"type":"Point","coordinates":[77.612757,13.018786]}},{"type":"Feature","properties":{},"geometry":{"type":"Point","coordinates":[77.612212,13.01826]}},{"type":"Feature","properties":{},"geometry":{"type":"Point","coordinates":[77.613668,13.019427]}},{"type":"Feature","properties":{},"geometry":{"type":"Point","coordinates":[77.611827,13.018659]}},{"type":"Feature","properties":{},"geometry":{"type":"Point","coordinates":[77.616218,13.015336]}},{"type":"Feature","properties":{},"geometry":{"type":"Point","coordinates":[77.613893,13.015485]}},{"type":"Feature","properties":{},"geometry":{"type":"Point","coordinates":[77.61656,13.019175]}},{"type":"Feature","properties":{},"geometry":{"type":"Point","coordinates":[77.615367,13.018246]}},{"type":"Feature","properties":{},"geometry":{"type":"Point","coordinates":[77.616309,13.016785]}},{"type":"Feature","properties":{},"geometry":{"type":"Point","coordinates":[77.616925,13.020315]}},{"type":"Feature","properties":{},"geometry":{"type":"Point","coordinates":[77.613946,13.016072]}},{"type":"Feature","properties":{},"geometry":{"type":"Point","coordinates":[77.613356,13.014762]}},{"type":"Feature","properties":{},"geometry":{"type":"Point","coordinates":[77.613388,13.01733]}},{"type":"Feature","properties":{},"geometry":{"type":"Point","coordinates":[77.614445,13.013735]}},{"type":"Feature","properties":{},"geometry":{"type":"Point","coordinates":[77.611137,13.018386]}},{"type":"Feature","properties":{},"geometry":{"type":"Point","coordinates":[77.611996,13.018567]}},{"type":"Feature","properties":{},"geometry":{"type":"Point","coordinates":[77.614297,13.011503]}},{"type":"Feature","properties":{},"geometry":{"type":"Point","coordinates":[77.612658,13.019728]}},{"type":"Feature","properties":{},"geometry":{"type":"Point","coordinates":[77.612875,13.018717]}},{"type":"Feature","properties":{},"geometry":{"type":"Point","coordinates":[77.613447,13.01968]}},{"type":"Feature","properties":{},"geometry":{"type":"Point","coordinates":[77.617835,13.018869]}},{"type":"Feature","properties":{},"geometry":{"type":"Point","coordinates":[77.611768,13.02001]}},{"type":"Feature","properties":{},"geometry":{"type":"Point","coordinates":[77.614227,13.014081]}},{"type":"Feature","properties":{},"geometry":{"type":"Point","coordinates":[77.615679,13.011944]}},{"type":"Feature","properties":{},"geometry":{"type":"Point","coordinates":[77.613109,13.019864]}},{"type":"Feature","properties":{},"geometry":{"type":"Point","coordinates":[77.613541,13.020154]}},{"type":"Feature","properties":{},"geometry":{"type":"Point","coordinates":[77.615446,13.019821]}},{"type":"Feature","properties":{},"geometry":{"type":"Point","coordinates":[77.616079,13.019018]}},{"type":"Feature","properties":{},"geometry":{"type":"Point","coordinates":[77.615698,13.019064]}},{"type":"Feature","properties":{},"geometry":{"type":"Point","coordinates":[77.614661,13.015155]}},{"type":"Feature","properties":{},"geometry":{"type":"Point","coordinates":[77.615657,13.01386]}},{"type":"Feature","properties":{},"geometry":{"type":"Point","coordinates":[77.614739,13.013564]}},{"type":"Feature","properties":{},"geometry":{"type":"Point","coordinates":[77.613535,13.011122]}},{"type":"Feature","properties":{},"geometry":{"type":"Point","coordinates":[77.614473,13.012573]}},{"type":"Feature","properties":{},"geometry":{"type":"Point","coordinates":[77.613143,13.017675]}},{"type":"Feature","properties":{},"geometry":{"type":"Point","coordinates":[77.611024,13.016813]}},{"type":"Feature","properties":{},"geometry":{"type":"Point","coordinates":[77.610273,13.01684]}},{"type":"Feature","properties":{},"geometry":{"type":"Point","coordinates":[77.611041,13.01695]}},{"type":"Feature","properties":{},"geometry":{"type":"Point","coordinates":[77.612587,13.016668]}},{"type":"Feature","properties":{},"geometry":{"type":"Point","coordinates":[77.612003,13.014999]}},{"type":"Feature","properties":{},"geometry":{"type":"Point","coordinates":[77.611605,13.014557]}},{"type":"Feature","properties":{},"geometry":{"type":"Point","coordinates":[77.609763,13.018504]}},{"type":"Feature","properties":{},"geometry":{"type":"Point","coordinates":[77.601903,13.017449]}},{"type":"Feature","properties":{},"geometry":{"type":"Point","coordinates":[77.601453,13.016397]}},{"type":"Feature","properties":{},"geometry":{"type":"Point","coordinates":[77.602102,13.016675]}},{"type":"Feature","properties":{},"geometry":{"type":"Point","coordinates":[77.602954,13.017102]}},{"type":"Feature","properties":{},"geometry":{"type":"Point","coordinates":[77.602461,13.014971]}},{"type":"Feature","properties":{},"geometry":{"type":"Point","coordinates":[77.609883,13.011637]}},{"type":"Feature","properties":{},"geometry":{"type":"Point","coordinates":[77.609326,13.013093]}},{"type":"Feature","properties":{},"geometry":{"type":"Point","coordinates":[77.60593,13.018996]}},{"type":"Feature","properties":{},"geometry":{"type":"Point","coordinates":[77.602873,13.016875]}},{"type":"Feature","properties":{},"geometry":{"type":"Point","coordinates":[77.607359,13.015169]}},{"type":"Feature","properties":{},"geometry":{"type":"Point","coordinates":[77.605317,13.016266]}},{"type":"Feature","properties":{},"geometry":{"type":"Point","coordinates":[77.609427,13.01425]}},{"type":"Feature","properties":{},"geometry":{"type":"Point","coordinates":[77.605663,13.013884]}},{"type":"Feature","properties":{},"geometry":{"type":"Point","coordinates":[77.602153,13.016204]}},{"type":"Feature","properties":{},"geometry":{"type":"Point","coordinates":[77.602491,13.015344]}},{"type":"Feature","properties":{},"geometry":{"type":"Point","coordinates":[77.603104,13.015924]}},{"type":"Feature","properties":{},"geometry":{"type":"Point","coordinates":[77.604148,13.017091]}},{"type":"Feature","properties":{},"geometry":{"type":"Point","coordinates":[77.602451,13.014557]}},{"type":"Feature","properties":{},"geometry":{"type":"Point","coordinates":[77.603808,13.014712]}},{"type":"Feature","properties":{},"geometry":{"type":"Point","coordinates":[77.604909,13.012348]}},{"type":"Feature","properties":{},"geometry":{"type":"Point","coordinates":[77.607461,13.01254]}},{"type":"Feature","properties":{},"geometry":{"type":"Point","coordinates":[77.605335,13.01786]}},{"type":"Feature","properties":{},"geometry":{"type":"Point","coordinates":[77.607676,13.01447]}},{"type":"Feature","properties":{},"geometry":{"type":"Point","coordinates":[77.608511,13.015555]}},{"type":"Feature","properties":{},"geometry":{"type":"Point","coordinates":[77.604244,13.012412]}},{"type":"Feature","properties":{},"geometry":{"type":"Point","coordinates":[77.605913,13.012646]}},{"type":"Feature","properties":{},"geometry":{"type":"Point","coordinates":[77.607525,13.013331]}},{"type":"Feature","properties":{},"geometry":{"type":"Point","coordinates":[77.606649,13.011824]}},{"type":"Feature","properties":{},"geometry":{"type":"Point","coordinates":[77.606,13.02023]}},{"type":"Feature","properties":{},"geometry":{"type":"Point","coordinates":[77.606444,13.013165]}},{"type":"Feature","properties":{},"geometry":{"type":"Point","coordinates":[77.607576,13.012494]}},{"type":"Feature","properties":{},"geometry":{"type":"Point","coordinates":[77.609068,13.011059]}},{"type":"Feature","properties":{},"geometry":{"type":"Point","coordinates":[77.605745,13.020602]}},{"type":"Feature","properties":{},"geometry":{"type":"Point","coordinates":[77.604834,13.019852]}},{"type":"Feature","properties":{},"geometry":{"type":"Point","coordinates":[77.606211,13.018951]}},{"type":"Feature","properties":{},"geometry":{"type":"Point","coordinates":[77.605278,13.019949]}},{"type":"Feature","properties":{},"geometry":{"type":"Point","coordinates":[77.605446,13.017239]}},{"type":"Feature","properties":{},"geometry":{"type":"Point","coordinates":[77.606731,13.015626]}},{"type":"Feature","properties":{},"geometry":{"type":"Point","coordinates":[77.607399,13.017055]}},{"type":"Feature","properties":{},"geometry":{"type":"Point","coordinates":[77.607544,13.015534]}},{"type":"Feature","properties":{},"geometry":{"type":"Point","coordinates":[77.60999,13.012428]}},{"type":"Feature","properties":{},"geometry":{"type":"Point","coordinates":[77.608276,13.011487]}},{"type":"Feature","properties":{},"geometry":{"type":"Point","coordinates":[77.603242,13.013225]}},{"type":"Feature","properties":{},"geometry":{"type":"Point","coordinates":[77.602192,13.013437]}},{"type":"Feature","properties":{},"geometry":{"type":"Point","coordinates":[77.608666,13.012872]}},{"type":"Feature","properties":{},"geometry":{"type":"Point","coordinates":[77.608295,13.01214]}},{"type":"Feature","properties":{},"geometry":{"type":"Point","coordinates":[77.609054,13.012917]}},{"type":"Feature","properties":{},"geometry":{"type":"Point","coordinates":[77.606819,13.013624]}},{"type":"Feature","properties":{},"geometry":{"type":"Point","coordinates":[77.601947,13.017543]}},{"type":"Feature","properties":{},"geometry":{"type":"Point","coordinates":[77.601551,13.016357]}},{"type":"Feature","properties":{},"geometry":{"type":"Point","coordinates":[77.602733,13.016498]}},{"type":"Feature","properties":{},"geometry":{"type":"Point","coordinates":[77.605129,13.016005]}},{"type":"Feature","properties":{},"geometry":{"type":"Point","coordinates":[77.608424,13.015194]}},{"type":"Feature","properties":{},"geometry":{"type":"Point","coordinates":[77.603729,13.013388]}},{"type":"Feature","properties":{},"geometry":{"type":"Point","coordinates":[77.605776,13.018652]}},{"type":"Feature","properties":{},"geometry":{"type":"Point","coordinates":[77.605495,13.019177]}},{"type":"Feature","properties":{},"geometry":{"type":"Point","coordinates":[77.607452,13.011953]}},{"type":"Feature","properties":{},"geometry":{"type":"Point","coordinates":[77.614808,13.008338]}},{"type":"Feature","properties":{},"geometry":{"type":"Point","coordinates":[77.61492,13.009303]}},{"type":"Feature","properties":{},"geometry":{"type":"Point","coordinates":[77.616401,13.008693]}},{"type":"Feature","properties":{},"geometry":{"type":"Point","coordinates":[77.617277,13.008342]}},{"type":"Feature","properties":{},"geometry":{"type":"Point","coordinates":[77.618235,13.008835]}},{"type":"Feature","properties":{},"geometry":{"type":"Point","coordinates":[77.616281,13.007502]}},{"type":"Feature","properties":{},"geometry":{"type":"Point","coordinates":[77.616594,13.009307]}},{"type":"Feature","properties":{},"geometry":{"type":"Point","coordinates":[77.62158,13.007244]}},{"type":"Feature","properties":{},"geometry":{"type":"Point","coordinates":[77.620332,13.00825]}},{"type":"Feature","properties":{},"geometry":{"type":"Point","coordinates":[77.621155,13.007979]}},{"type":"Feature","properties":{},"geometry":{"type":"Point","coordinates":[77.618323,13.006904]}},{"type":"Feature","properties":{},"geometry":{"type":"Point","coordinates":[77.615674,13.008354]}},{"type":"Feature","properties":{},"geometry":{"type":"Point","coordinates":[77.614274,13.008662]}},{"type":"Feature","properties":{},"geometry":{"type":"Point","coordinates":[77.615946,13.009125]}},{"type":"Feature","properties":{},"geometry":{"type":"Point","coordinates":[77.617495,13.00917]}},{"type":"Feature","properties":{},"geometry":{"type":"Point","coordinates":[77.618673,13.008757]}},{"type":"Feature","properties":{},"geometry":{"type":"Point","coordinates":[77.620258,13.007384]}},{"type":"Feature","properties":{},"geometry":{"type":"Point","coordinates":[77.619138,13.006488]}},{"type":"Feature","properties":{},"geometry":{"type":"Point","coordinates":[77.61514,13.001848]}},{"type":"Feature","properties":{},"geometry":{"type":"Point","coordinates":[77.610953,12.995391]}},{"type":"Feature","properties":{},"geometry":{"type":"Point","coordinates":[77.618953,13.000034]}},{"type":"Feature","properties":{},"geometry":{"type":"Point","coordinates":[77.61701,12.999998]}},{"type":"Feature","properties":{},"geometry":{"type":"Point","coordinates":[77.61732,12.998046]}},{"type":"Feature","properties":{},"geometry":{"type":"Point","coordinates":[77.611197,13.000725]}},{"type":"Feature","properties":{},"geometry":{"type":"Point","coordinates":[77.614873,12.99976]}},{"type":"Feature","properties":{},"geometry":{"type":"Point","coordinates":[77.614784,13.000231]}},{"type":"Feature","properties":{},"geometry":{"type":"Point","coordinates":[77.611289,12.998089]}},{"type":"Feature","properties":{},"geometry":{"type":"Point","coordinates":[77.603707,13.012479]}},{"type":"Feature","properties":{},"geometry":{"type":"Point","coordinates":[77.602915,13.011513]}},{"type":"Feature","properties":{},"geometry":{"type":"Point","coordinates":[77.608063,13.010934]}},{"type":"Feature","properties":{},"geometry":{"type":"Point","coordinates":[77.605171,13.003269]}},{"type":"Feature","properties":{},"geometry":{"type":"Point","coordinates":[77.607638,13.000697]}},{"type":"Feature","properties":{},"geometry":{"type":"Point","coordinates":[77.608914,13.000285]}},{"type":"Feature","properties":{},"geometry":{"type":"Point","coordinates":[77.607543,13.003795]}},{"type":"Feature","properties":{},"geometry":{"type":"Point","coordinates":[77.605797,13.004722]}},{"type":"Feature","properties":{},"geometry":{"type":"Point","coordinates":[77.606843,13.003217]}},{"type":"Feature","properties":{},"geometry":{"type":"Point","coordinates":[77.603793,13.01189]}},{"type":"Feature","properties":{},"geometry":{"type":"Point","coordinates":[77.604592,13.011846]}},{"type":"Feature","properties":{},"geometry":{"type":"Point","coordinates":[77.607683,13.002042]}},{"type":"Feature","properties":{},"geometry":{"type":"Point","coordinates":[77.60692,13.001383]}},{"type":"Feature","properties":{},"geometry":{"type":"Point","coordinates":[77.607738,13.009921]}},{"type":"Feature","properties":{},"geometry":{"type":"Point","coordinates":[77.604429,13.010699]}},{"type":"Feature","properties":{},"geometry":{"type":"Point","coordinates":[77.603813,13.011512]}},{"type":"Feature","properties":{},"geometry":{"type":"Point","coordinates":[77.606009,13.011547]}},{"type":"Feature","properties":{},"geometry":{"type":"Point","coordinates":[77.6087,13.009988]}},{"type":"Feature","properties":{},"geometry":{"type":"Point","coordinates":[77.612586,13.008283]}},{"type":"Feature","properties":{},"geometry":{"type":"Point","coordinates":[77.606847,12.999868]}},{"type":"Feature","properties":{},"geometry":{"type":"Point","coordinates":[77.607057,13.004642]}},{"type":"Feature","properties":{},"geometry":{"type":"Point","coordinates":[77.477272,12.920413]}},{"type":"Feature","properties":{},"geometry":{"type":"Point","coordinates":[77.477899,12.921124]}},{"type":"Feature","properties":{},"geometry":{"type":"Point","coordinates":[77.477306,12.921527]}},{"type":"Feature","properties":{},"geometry":{"type":"Point","coordinates":[77.484491,12.929634]}},{"type":"Feature","properties":{},"geometry":{"type":"Point","coordinates":[77.486794,12.931336]}},{"type":"Feature","properties":{},"geometry":{"type":"Point","coordinates":[77.487197,12.931415]}},{"type":"Feature","properties":{},"geometry":{"type":"Point","coordinates":[77.48517,12.931704]}},{"type":"Feature","properties":{},"geometry":{"type":"Point","coordinates":[77.486253,12.932189]}},{"type":"Feature","properties":{},"geometry":{"type":"Point","coordinates":[77.48595,12.932259]}},{"type":"Feature","properties":{},"geometry":{"type":"Point","coordinates":[77.484216,12.932999]}},{"type":"Feature","properties":{},"geometry":{"type":"Point","coordinates":[77.484782,12.933518]}},{"type":"Feature","properties":{},"geometry":{"type":"Point","coordinates":[77.49773,12.964342]}},{"type":"Feature","properties":{},"geometry":{"type":"Point","coordinates":[77.549339,12.974747]}},{"type":"Feature","properties":{},"geometry":{"type":"Point","coordinates":[77.550775,12.974974]}},{"type":"Feature","properties":{},"geometry":{"type":"Point","coordinates":[77.545015,12.981972]}},{"type":"Feature","properties":{},"geometry":{"type":"Point","coordinates":[77.539951,12.982268]}},{"type":"Feature","properties":{},"geometry":{"type":"Point","coordinates":[77.539767,12.982305]}},{"type":"Feature","properties":{},"geometry":{"type":"Point","coordinates":[77.532683,12.982556]}},{"type":"Feature","properties":{},"geometry":{"type":"Point","coordinates":[77.544687,12.982568]}},{"type":"Feature","properties":{},"geometry":{"type":"Point","coordinates":[77.531756,12.982702]}},{"type":"Feature","properties":{},"geometry":{"type":"Point","coordinates":[77.532021,12.982715]}},{"type":"Feature","properties":{},"geometry":{"type":"Point","coordinates":[77.545802,12.982741]}},{"type":"Feature","properties":{},"geometry":{"type":"Point","coordinates":[77.543082,12.98291]}},{"type":"Feature","properties":{},"geometry":{"type":"Point","coordinates":[77.542618,12.982963]}},{"type":"Feature","properties":{},"geometry":{"type":"Point","coordinates":[77.53914,12.983007]}},{"type":"Feature","properties":{},"geometry":{"type":"Point","coordinates":[77.541084,12.983058]}},{"type":"Feature","properties":{},"geometry":{"type":"Point","coordinates":[77.540493,12.983071]}},{"type":"Feature","properties":{},"geometry":{"type":"Point","coordinates":[77.538368,12.983154]}},{"type":"Feature","properties":{},"geometry":{"type":"Point","coordinates":[77.541674,12.983153]}},{"type":"Feature","properties":{},"geometry":{"type":"Point","coordinates":[77.545391,12.983204]}},{"type":"Feature","properties":{},"geometry":{"type":"Point","coordinates":[77.538248,12.983351]}},{"type":"Feature","properties":{},"geometry":{"type":"Point","coordinates":[77.538522,12.983426]}},{"type":"Feature","properties":{},"geometry":{"type":"Point","coordinates":[77.53096,12.983663]}},{"type":"Feature","properties":{},"geometry":{"type":"Point","coordinates":[77.534261,12.983659]}},{"type":"Feature","properties":{},"geometry":{"type":"Point","coordinates":[77.544968,12.983817]}},{"type":"Feature","properties":{},"geometry":{"type":"Point","coordinates":[77.53507,12.984058]}},{"type":"Feature","properties":{},"geometry":{"type":"Point","coordinates":[77.539739,12.984044]}},{"type":"Feature","properties":{},"geometry":{"type":"Point","coordinates":[77.545354,12.984039]}},{"type":"Feature","properties":{},"geometry":{"type":"Point","coordinates":[77.545161,12.984176]}},{"type":"Feature","properties":{},"geometry":{"type":"Point","coordinates":[77.539245,12.984246]}},{"type":"Feature","properties":{},"geometry":{"type":"Point","coordinates":[77.546037,12.984186]}},{"type":"Feature","properties":{},"geometry":{"type":"Point","coordinates":[77.531053,12.984389]}},{"type":"Feature","properties":{},"geometry":{"type":"Point","coordinates":[77.535762,12.984361]}},{"type":"Feature","properties":{},"geometry":{"type":"Point","coordinates":[77.537628,12.984413]}},{"type":"Feature","properties":{},"geometry":{"type":"Point","coordinates":[77.530722,12.984551]}},{"type":"Feature","properties":{},"geometry":{"type":"Point","coordinates":[77.530042,12.984581]}},{"type":"Feature","properties":{},"geometry":{"type":"Point","coordinates":[77.531801,12.98494]}},{"type":"Feature","properties":{},"geometry":{"type":"Point","coordinates":[77.535607,12.985231]}},{"type":"Feature","properties":{},"geometry":{"type":"Point","coordinates":[77.535474,12.985295]}},{"type":"Feature","properties":{},"geometry":{"type":"Point","coordinates":[77.530776,12.985396]}},{"type":"Feature","properties":{},"geometry":{"type":"Point","coordinates":[77.529135,12.985417]}},{"type":"Feature","properties":{},"geometry":{"type":"Point","coordinates":[77.529612,12.985709]}},{"type":"Feature","properties":{},"geometry":{"type":"Point","coordinates":[77.529447,12.985718]}},{"type":"Feature","properties":{},"geometry":{"type":"Point","coordinates":[77.527788,12.98587]}},{"type":"Feature","properties":{},"geometry":{"type":"Point","coordinates":[77.525556,12.986007]}},{"type":"Feature","properties":{},"geometry":{"type":"Point","coordinates":[77.535059,12.985941]}},{"type":"Feature","properties":{},"geometry":{"type":"Point","coordinates":[77.533794,12.98607]}},{"type":"Feature","properties":{},"geometry":{"type":"Point","coordinates":[77.54736,12.986043]}},{"type":"Feature","properties":{},"geometry":{"type":"Point","coordinates":[77.553103,12.985994]}},{"type":"Feature","properties":{},"geometry":{"type":"Point","coordinates":[77.525767,12.986285]}},{"type":"Feature","properties":{},"geometry":{"type":"Point","coordinates":[77.53097,12.986326]}},{"type":"Feature","properties":{},"geometry":{"type":"Point","coordinates":[77.546156,12.986217]}},{"type":"Feature","properties":{},"geometry":{"type":"Point","coordinates":[77.531896,12.987034]}},{"type":"Feature","properties":{},"geometry":{"type":"Point","coordinates":[77.52982,12.987067]}},{"type":"Feature","properties":{},"geometry":{"type":"Point","coordinates":[77.529231,12.987228]}},{"type":"Feature","properties":{},"geometry":{"type":"Point","coordinates":[77.531643,12.987218]}},{"type":"Feature","properties":{},"geometry":{"type":"Point","coordinates":[77.528271,12.987253]}},{"type":"Feature","properties":{},"geometry":{"type":"Point","coordinates":[77.524148,12.98739]}},{"type":"Feature","properties":{},"geometry":{"type":"Point","coordinates":[77.53173,12.987347]}},{"type":"Feature","properties":{},"geometry":{"type":"Point","coordinates":[77.549375,12.987247]}},{"type":"Feature","properties":{},"geometry":{"type":"Point","coordinates":[77.530774,12.987487]}},{"type":"Feature","properties":{},"geometry":{"type":"Point","coordinates":[77.525287,12.987678]}},{"type":"Feature","properties":{},"geometry":{"type":"Point","coordinates":[77.526611,12.987717]}},{"type":"Feature","properties":{},"geometry":{"type":"Point","coordinates":[77.528902,12.987801]}},{"type":"Feature","properties":{},"geometry":{"type":"Point","coordinates":[77.547633,12.98764]}},{"type":"Feature","properties":{},"geometry":{"type":"Point","coordinates":[77.530778,12.987828]}},{"type":"Feature","properties":{},"geometry":{"type":"Point","coordinates":[77.529302,12.987934]}},{"type":"Feature","properties":{},"geometry":{"type":"Point","coordinates":[77.501899,12.988411]}},{"type":"Feature","properties":{},"geometry":{"type":"Point","coordinates":[77.545886,12.988012]}},{"type":"Feature","properties":{},"geometry":{"type":"Point","coordinates":[77.53245,12.988249]}},{"type":"Feature","properties":{},"geometry":{"type":"Point","coordinates":[77.532367,12.988315]}},{"type":"Feature","properties":{},"geometry":{"type":"Point","coordinates":[77.528668,12.988358]}},{"type":"Feature","properties":{},"geometry":{"type":"Point","coordinates":[77.552539,12.988207]}},{"type":"Feature","properties":{},"geometry":{"type":"Point","coordinates":[77.529782,12.988553]}},{"type":"Feature","properties":{},"geometry":{"type":"Point","coordinates":[77.509006,12.988826]}},{"type":"Feature","properties":{},"geometry":{"type":"Point","coordinates":[77.524982,12.988719]}},{"type":"Feature","properties":{},"geometry":{"type":"Point","coordinates":[77.527515,12.98886]}},{"type":"Feature","properties":{},"geometry":{"type":"Point","coordinates":[77.526093,12.988986]}},{"type":"Feature","properties":{},"geometry":{"type":"Point","coordinates":[77.54395,12.988862]}},{"type":"Feature","properties":{},"geometry":{"type":"Point","coordinates":[77.507704,12.989263]}},{"type":"Feature","properties":{},"geometry":{"type":"Point","coordinates":[77.548458,12.988885]}},{"type":"Feature","properties":{},"geometry":{"type":"Point","coordinates":[77.547645,12.988947]}},{"type":"Feature","properties":{},"geometry":{"type":"Point","coordinates":[77.524493,12.989187]}},{"type":"Feature","properties":{},"geometry":{"type":"Point","coordinates":[77.535988,12.989081]}},{"type":"Feature","properties":{},"geometry":{"type":"Point","coordinates":[77.54423,12.989008]}},{"type":"Feature","properties":{},"geometry":{"type":"Point","coordinates":[77.533983,12.989185]}},{"type":"Feature","properties":{},"geometry":{"type":"Point","coordinates":[77.521881,12.989309]}},{"type":"Feature","properties":{},"geometry":{"type":"Point","coordinates":[77.526633,12.989299]}},{"type":"Feature","properties":{},"geometry":{"type":"Point","coordinates":[77.545018,12.989124]}},{"type":"Feature","properties":{},"geometry":{"type":"Point","coordinates":[77.543694,12.989143]}},{"type":"Feature","properties":{},"geometry":{"type":"Point","coordinates":[77.500998,12.989579]}},{"type":"Feature","properties":{},"geometry":{"type":"Point","coordinates":[77.545678,12.989198]}},{"type":"Feature","properties":{},"geometry":{"type":"Point","coordinates":[77.537596,12.989297]}},{"type":"Feature","properties":{},"geometry":{"type":"Point","coordinates":[77.499407,12.989711]}},{"type":"Feature","properties":{},"geometry":{"type":"Point","coordinates":[77.533265,12.989563]}},{"type":"Feature","properties":{},"geometry":{"type":"Point","coordinates":[77.545729,12.989489]}},{"type":"Feature","properties":{},"geometry":{"type":"Point","coordinates":[77.553623,12.989426]}},{"type":"Feature","properties":{},"geometry":{"type":"Point","coordinates":[77.549646,12.989536]}},{"type":"Feature","properties":{},"geometry":{"type":"Point","coordinates":[77.528747,12.989801]}},{"type":"Feature","properties":{},"geometry":{"type":"Point","coordinates":[77.541626,12.989736]}},{"type":"Feature","properties":{},"geometry":{"type":"Point","coordinates":[77.530653,12.989869]}},{"type":"Feature","properties":{},"geometry":{"type":"Point","coordinates":[77.523286,12.989984]}},{"type":"Feature","properties":{},"geometry":{"type":"Point","coordinates":[77.546479,12.989779]}},{"type":"Feature","properties":{},"geometry":{"type":"Point","coordinates":[77.542419,12.989829]}},{"type":"Feature","properties":{},"geometry":{"type":"Point","coordinates":[77.533358,12.989932]}},{"type":"Feature","properties":{},"geometry":{"type":"Point","coordinates":[77.529585,12.990122]}},{"type":"Feature","properties":{},"geometry":{"type":"Point","coordinates":[77.538033,12.99004]}},{"type":"Feature","properties":{},"geometry":{"type":"Point","coordinates":[77.543714,12.990026]}},{"type":"Feature","properties":{},"geometry":{"type":"Point","coordinates":[77.530603,12.990208]}},{"type":"Feature","properties":{},"geometry":{"type":"Point","coordinates":[77.525624,12.990328]}},{"type":"Feature","properties":{},"geometry":{"type":"Point","coordinates":[77.523451,12.990414]}},{"type":"Feature","properties":{},"geometry":{"type":"Point","coordinates":[77.535855,12.990294]}},{"type":"Feature","properties":{},"geometry":{"type":"Point","coordinates":[77.527179,12.990399]}},{"type":"Feature","properties":{},"geometry":{"type":"Point","coordinates":[77.524146,12.990595]}},{"type":"Feature","properties":{},"geometry":{"type":"Point","coordinates":[77.531202,12.990528]}},{"type":"Feature","properties":{},"geometry":{"type":"Point","coordinates":[77.503477,12.990827]}},{"type":"Feature","properties":{},"geometry":{"type":"Point","coordinates":[77.552964,12.990364]}},{"type":"Feature","properties":{},"geometry":{"type":"Point","coordinates":[77.534081,12.990713]}},{"type":"Feature","properties":{},"geometry":{"type":"Point","coordinates":[77.500176,12.991053]}},{"type":"Feature","properties":{},"geometry":{"type":"Point","coordinates":[77.532613,12.990741]}},{"type":"Feature","properties":{},"geometry":{"type":"Point","coordinates":[77.53265,12.99078]}},{"type":"Feature","properties":{},"geometry":{"type":"Point","coordinates":[77.529378,12.990824]}},{"type":"Feature","properties":{},"geometry":{"type":"Point","coordinates":[77.501593,12.991106]}},{"type":"Feature","properties":{},"geometry":{"type":"Point","coordinates":[77.533137,12.995924]}},{"type":"Feature","properties":{},"geometry":{"type":"Point","coordinates":[77.533194,12.995998]}},{"type":"Feature","properties":{},"geometry":{"type":"Point","coordinates":[77.544397,12.995928]}},{"type":"Feature","properties":{},"geometry":{"type":"Point","coordinates":[77.52846,12.996085]}},{"type":"Feature","properties":{},"geometry":{"type":"Point","coordinates":[77.50361,12.996344]}},{"type":"Feature","properties":{},"geometry":{"type":"Point","coordinates":[77.503008,12.996431]}},{"type":"Feature","properties":{},"geometry":{"type":"Point","coordinates":[77.526837,12.996236]}},{"type":"Feature","properties":{},"geometry":{"type":"Point","coordinates":[77.527914,12.996248]}},{"type":"Feature","properties":{},"geometry":{"type":"Point","coordinates":[77.506194,12.996475]}},{"type":"Feature","properties":{},"geometry":{"type":"Point","coordinates":[77.547956,12.99612]}},{"type":"Feature","properties":{},"geometry":{"type":"Point","coordinates":[77.53116,12.996291]}},{"type":"Feature","properties":{},"geometry":{"type":"Point","coordinates":[77.522604,12.996385]}},{"type":"Feature","properties":{},"geometry":{"type":"Point","coordinates":[77.532812,12.996324]}},{"type":"Feature","properties":{},"geometry":{"type":"Point","coordinates":[77.53354,12.996495]}},{"type":"Feature","properties":{},"geometry":{"type":"Point","coordinates":[77.529024,12.996599]}},{"type":"Feature","properties":{},"geometry":{"type":"Point","coordinates":[77.519606,12.996695]}},{"type":"Feature","properties":{},"geometry":{"type":"Point","coordinates":[77.522185,12.996705]}},{"type":"Feature","properties":{},"geometry":{"type":"Point","coordinates":[77.530823,12.996648]}},{"type":"Feature","properties":{},"geometry":{"type":"Point","coordinates":[77.523103,12.996759]}},{"type":"Feature","properties":{},"geometry":{"type":"Point","coordinates":[77.534658,12.996655]}},{"type":"Feature","properties":{},"geometry":{"type":"Point","coordinates":[77.549908,12.996511]}},{"type":"Feature","properties":{},"geometry":{"type":"Point","coordinates":[77.531477,12.99676]}},{"type":"Feature","properties":{},"geometry":{"type":"Point","coordinates":[77.50109,12.997082]}},{"type":"Feature","properties":{},"geometry":{"type":"Point","coordinates":[77.518105,12.99692]}},{"type":"Feature","properties":{},"geometry":{"type":"Point","coordinates":[77.53134,12.996824]}},{"type":"Feature","properties":{},"geometry":{"type":"Point","coordinates":[77.520388,12.997]}},{"type":"Feature","properties":{},"geometry":{"type":"Point","coordinates":[77.53255,12.996933]}},{"type":"Feature","properties":{},"geometry":{"type":"Point","coordinates":[77.525599,12.997113]}},{"type":"Feature","properties":{},"geometry":{"type":"Point","coordinates":[77.531423,12.997093]}},{"type":"Feature","properties":{},"geometry":{"type":"Point","coordinates":[77.527419,12.997145]}},{"type":"Feature","properties":{},"geometry":{"type":"Point","coordinates":[77.520421,12.997214]}},{"type":"Feature","properties":{},"geometry":{"type":"Point","coordinates":[77.529107,12.997159]}},{"type":"Feature","properties":{},"geometry":{"type":"Point","coordinates":[77.528621,12.997165]}},{"type":"Feature","properties":{},"geometry":{"type":"Point","coordinates":[77.54856,12.996985]}},{"type":"Feature","properties":{},"geometry":{"type":"Point","coordinates":[77.549432,12.997036]}},{"type":"Feature","properties":{},"geometry":{"type":"Point","coordinates":[77.538215,12.997191]}},{"type":"Feature","properties":{},"geometry":{"type":"Point","coordinates":[77.523415,12.997418]}},{"type":"Feature","properties":{},"geometry":{"type":"Point","coordinates":[77.50506,12.997615]}},{"type":"Feature","properties":{},"geometry":{"type":"Point","coordinates":[77.525458,12.997459]}},{"type":"Feature","properties":{},"geometry":{"type":"Point","coordinates":[77.52797,12.997464]}},{"type":"Feature","properties":{},"geometry":{"type":"Point","coordinates":[77.53139,12.99745]}},{"type":"Feature","properties":{},"geometry":{"type":"Point","coordinates":[77.551766,12.997257]}},{"type":"Feature","properties":{},"geometry":{"type":"Point","coordinates":[77.551271,12.997271]}},{"type":"Feature","properties":{},"geometry":{"type":"Point","coordinates":[77.527498,12.997538]}},{"type":"Feature","properties":{},"geometry":{"type":"Point","coordinates":[77.530391,12.997668]}},{"type":"Feature","properties":{},"geometry":{"type":"Point","coordinates":[77.520055,12.997777]}},{"type":"Feature","properties":{},"geometry":{"type":"Point","coordinates":[77.500187,12.99804]}},{"type":"Feature","properties":{},"geometry":{"type":"Point","coordinates":[77.528924,12.997781]}},{"type":"Feature","properties":{},"geometry":{"type":"Point","coordinates":[77.501421,12.998229]}},{"type":"Feature","properties":{},"geometry":{"type":"Point","coordinates":[77.525943,12.998044]}},{"type":"Feature","properties":{},"geometry":{"type":"Point","coordinates":[77.532181,12.997995]}},{"type":"Feature","properties":{},"geometry":{"type":"Point","coordinates":[77.515519,12.998344]}},{"type":"Feature","properties":{},"geometry":{"type":"Point","coordinates":[77.503042,12.998532]}},{"type":"Feature","properties":{},"geometry":{"type":"Point","coordinates":[77.49985,12.998644]}},{"type":"Feature","properties":{},"geometry":{"type":"Point","coordinates":[77.523735,12.998462]}},{"type":"Feature","properties":{},"geometry":{"type":"Point","coordinates":[77.552295,12.998298]}},{"type":"Feature","properties":{},"geometry":{"type":"Point","coordinates":[77.528354,12.998559]}},{"type":"Feature","properties":{},"geometry":{"type":"Point","coordinates":[77.530062,12.998651]}},{"type":"Feature","properties":{},"geometry":{"type":"Point","coordinates":[77.531194,12.998696]}},{"type":"Feature","properties":{},"geometry":{"type":"Point","coordinates":[77.49878,12.999136]}},{"type":"Feature","properties":{},"geometry":{"type":"Point","coordinates":[77.529773,12.998938]}},{"type":"Feature","properties":{},"geometry":{"type":"Point","coordinates":[77.497958,12.999246]}},{"type":"Feature","properties":{},"geometry":{"type":"Point","coordinates":[77.524168,12.999028]}},{"type":"Feature","properties":{},"geometry":{"type":"Point","coordinates":[77.523952,12.999065]}},{"type":"Feature","properties":{},"geometry":{"type":"Point","coordinates":[77.524225,12.999152]}},{"type":"Feature","properties":{},"geometry":{"type":"Point","coordinates":[77.524417,12.999225]}},{"type":"Feature","properties":{},"geometry":{"type":"Point","coordinates":[77.517679,12.999297]}},{"type":"Feature","properties":{},"geometry":{"type":"Point","coordinates":[77.498448,12.999495]}},{"type":"Feature","properties":{},"geometry":{"type":"Point","coordinates":[77.525813,12.999231]}},{"type":"Feature","properties":{},"geometry":{"type":"Point","coordinates":[77.505525,12.999469]}},{"type":"Feature","properties":{},"geometry":{"type":"Point","coordinates":[77.499896,12.999564]}},{"type":"Feature","properties":{},"geometry":{"type":"Point","coordinates":[77.540869,12.999167]}},{"type":"Feature","properties":{},"geometry":{"type":"Point","coordinates":[77.501706,12.999559]}},{"type":"Feature","properties":{},"geometry":{"type":"Point","coordinates":[77.531189,12.999326]}},{"type":"Feature","properties":{},"geometry":{"type":"Point","coordinates":[77.497884,12.99968]}},{"type":"Feature","properties":{},"geometry":{"type":"Point","coordinates":[77.504855,12.999649]}},{"type":"Feature","properties":{},"geometry":{"type":"Point","coordinates":[77.524392,12.999501]}},{"type":"Feature","properties":{},"geometry":{"type":"Point","coordinates":[77.528509,12.999466]}},{"type":"Feature","properties":{},"geometry":{"type":"Point","coordinates":[77.521244,12.999587]}},{"type":"Feature","properties":{},"geometry":{"type":"Point","coordinates":[77.503037,12.999952]}},{"type":"Feature","properties":{},"geometry":{"type":"Point","coordinates":[77.516752,12.999861]}},{"type":"Feature","properties":{},"geometry":{"type":"Point","coordinates":[77.52695,12.999825]}},{"type":"Feature","properties":{},"geometry":{"type":"Point","coordinates":[77.498449,13.000197]}},{"type":"Feature","properties":{},"geometry":{"type":"Point","coordinates":[77.521681,13.000004]}},{"type":"Feature","properties":{},"geometry":{"type":"Point","coordinates":[77.501953,13.00023]}},{"type":"Feature","properties":{},"geometry":{"type":"Point","coordinates":[77.535989,12.999909]}},{"type":"Feature","properties":{},"geometry":{"type":"Point","coordinates":[77.527272,13.000007]}},{"type":"Feature","properties":{},"geometry":{"type":"Point","coordinates":[77.502582,13.000299]}},{"type":"Feature","properties":{},"geometry":{"type":"Point","coordinates":[77.528837,13.000177]}},{"type":"Feature","properties":{},"geometry":{"type":"Point","coordinates":[77.503519,13.000538]}},{"type":"Feature","properties":{},"geometry":{"type":"Point","coordinates":[77.523035,13.000494]}},{"type":"Feature","properties":{},"geometry":{"type":"Point","coordinates":[77.522139,13.000542]}},{"type":"Feature","properties":{},"geometry":{"type":"Point","coordinates":[77.530312,13.000514]}},{"type":"Feature","properties":{},"geometry":{"type":"Point","coordinates":[77.539835,13.000484]}},{"type":"Feature","properties":{},"geometry":{"type":"Point","coordinates":[77.51212,13.000769]}},{"type":"Feature","properties":{},"geometry":{"type":"Point","coordinates":[77.525864,13.000652]}},{"type":"Feature","properties":{},"geometry":{"type":"Point","coordinates":[77.51173,13.000795]}},{"type":"Feature","properties":{},"geometry":{"type":"Point","coordinates":[77.508321,13.000846]}},{"type":"Feature","properties":{},"geometry":{"type":"Point","coordinates":[77.534233,13.000607]}},{"type":"Feature","properties":{},"geometry":{"type":"Point","coordinates":[77.531306,13.000637]}},{"type":"Feature","properties":{},"geometry":{"type":"Point","coordinates":[77.495992,13.001011]}},{"type":"Feature","properties":{},"geometry":{"type":"Point","coordinates":[77.539723,13.00066]}},{"type":"Feature","properties":{},"geometry":{"type":"Point","coordinates":[77.516533,13.000941]}},{"type":"Feature","properties":{},"geometry":{"type":"Point","coordinates":[77.550892,13.000622]}},{"type":"Feature","properties":{},"geometry":{"type":"Point","coordinates":[77.521539,13.000933]}},{"type":"Feature","properties":{},"geometry":{"type":"Point","coordinates":[77.510484,13.001077]}},{"type":"Feature","properties":{},"geometry":{"type":"Point","coordinates":[77.529224,13.00092]}},{"type":"Feature","properties":{},"geometry":{"type":"Point","coordinates":[77.497366,13.001247]}},{"type":"Feature","properties":{},"geometry":{"type":"Point","coordinates":[77.534452,13.000908]}},{"type":"Feature","properties":{},"geometry":{"type":"Point","coordinates":[77.551784,13.00076]}},{"type":"Feature","properties":{},"geometry":{"type":"Point","coordinates":[77.50729,13.001228]}},{"type":"Feature","properties":{},"geometry":{"type":"Point","coordinates":[77.531602,13.000993]}},{"type":"Feature","properties":{},"geometry":{"type":"Point","coordinates":[77.529746,13.001022]}},{"type":"Feature","properties":{},"geometry":{"type":"Point","coordinates":[77.550789,13.000819]}},{"type":"Feature","properties":{},"geometry":{"type":"Point","coordinates":[77.520296,13.00115]}},{"type":"Feature","properties":{},"geometry":{"type":"Point","coordinates":[77.501037,13.001347]}},{"type":"Feature","properties":{},"geometry":{"type":"Point","coordinates":[77.502239,13.001341]}},{"type":"Feature","properties":{},"geometry":{"type":"Point","coordinates":[77.545119,13.001099]}},{"type":"Feature","properties":{},"geometry":{"type":"Point","coordinates":[77.533066,13.001239]}},{"type":"Feature","properties":{},"geometry":{"type":"Point","coordinates":[77.525042,13.001326]}},{"type":"Feature","properties":{},"geometry":{"type":"Point","coordinates":[77.504035,13.001544]}},{"type":"Feature","properties":{},"geometry":{"type":"Point","coordinates":[77.540162,13.001247]}},{"type":"Feature","properties":{},"geometry":{"type":"Point","coordinates":[77.518188,13.001479]}},{"type":"Feature","properties":{},"geometry":{"type":"Point","coordinates":[77.495575,13.00177]}},{"type":"Feature","properties":{},"geometry":{"type":"Point","coordinates":[77.525584,13.001483]}},{"type":"Feature","properties":{},"geometry":{"type":"Point","coordinates":[77.500991,13.001763]}},{"type":"Feature","properties":{},"geometry":{"type":"Point","coordinates":[77.516854,13.001674]}},{"type":"Feature","properties":{},"geometry":{"type":"Point","coordinates":[77.525227,13.001601]}},{"type":"Feature","properties":{},"geometry":{"type":"Point","coordinates":[77.531072,13.001643]}},{"type":"Feature","properties":{},"geometry":{"type":"Point","coordinates":[77.497428,13.00203]}},{"type":"Feature","properties":{},"geometry":{"type":"Point","coordinates":[77.538201,13.001829]}},{"type":"Feature","properties":{},"geometry":{"type":"Point","coordinates":[77.526944,13.001998]}},{"type":"Feature","properties":{},"geometry":{"type":"Point","coordinates":[77.539164,13.001883]}},{"type":"Feature","properties":{},"geometry":{"type":"Point","coordinates":[77.518546,13.002086]}},{"type":"Feature","properties":{},"geometry":{"type":"Point","coordinates":[77.497578,13.002417]}},{"type":"Feature","properties":{},"geometry":{"type":"Point","coordinates":[77.526659,13.002185]}},{"type":"Feature","properties":{},"geometry":{"type":"Point","coordinates":[77.551534,13.001976]}},{"type":"Feature","properties":{},"geometry":{"type":"Point","coordinates":[77.509014,13.002442]}},{"type":"Feature","properties":{},"geometry":{"type":"Point","coordinates":[77.551635,13.002033]}},{"type":"Feature","properties":{},"geometry":{"type":"Point","coordinates":[77.537221,13.002189]}},{"type":"Feature","properties":{},"geometry":{"type":"Point","coordinates":[77.535162,13.002211]}},{"type":"Feature","properties":{},"geometry":{"type":"Point","coordinates":[77.507209,13.002569]}},{"type":"Feature","properties":{},"geometry":{"type":"Point","coordinates":[77.50619,13.002602]}},{"type":"Feature","properties":{},"geometry":{"type":"Point","coordinates":[77.538547,13.002321]}},{"type":"Feature","properties":{},"geometry":{"type":"Point","coordinates":[77.537635,13.002351]}},{"type":"Feature","properties":{},"geometry":{"type":"Point","coordinates":[77.493563,13.002784]}},{"type":"Feature","properties":{},"geometry":{"type":"Point","coordinates":[77.531159,13.002469]}},{"type":"Feature","properties":{},"geometry":{"type":"Point","coordinates":[77.534375,13.002472]}},{"type":"Feature","properties":{},"geometry":{"type":"Point","coordinates":[77.509856,13.002733]}},{"type":"Feature","properties":{},"geometry":{"type":"Point","coordinates":[77.53627,13.002487]}},{"type":"Feature","properties":{},"geometry":{"type":"Point","coordinates":[77.502037,13.002828]}},{"type":"Feature","properties":{},"geometry":{"type":"Point","coordinates":[77.531145,13.002608]}},{"type":"Feature","properties":{},"geometry":{"type":"Point","coordinates":[77.504807,13.002869]}},{"type":"Feature","properties":{},"geometry":{"type":"Point","coordinates":[77.536697,13.002561]}},{"type":"Feature","properties":{},"geometry":{"type":"Point","coordinates":[77.509119,13.002864]}},{"type":"Feature","properties":{},"geometry":{"type":"Point","coordinates":[77.52761,13.002739]}},{"type":"Feature","properties":{},"geometry":{"type":"Point","coordinates":[77.534755,13.002804]}},{"type":"Feature","properties":{},"geometry":{"type":"Point","coordinates":[77.544204,13.002825]}},{"type":"Feature","properties":{},"geometry":{"type":"Point","coordinates":[77.533056,13.002952]}},{"type":"Feature","properties":{},"geometry":{"type":"Point","coordinates":[77.526723,13.003032]}},{"type":"Feature","properties":{},"geometry":{"type":"Point","coordinates":[77.535909,13.002967]}},{"type":"Feature","properties":{},"geometry":{"type":"Point","coordinates":[77.517261,13.003165]}},{"type":"Feature","properties":{},"geometry":{"type":"Point","coordinates":[77.534831,13.003035]}},{"type":"Feature","properties":{},"geometry":{"type":"Point","coordinates":[77.530849,13.003122]}},{"type":"Feature","properties":{},"geometry":{"type":"Point","coordinates":[77.535571,13.003128]}},{"type":"Feature","properties":{},"geometry":{"type":"Point","coordinates":[77.52169,13.003263]}},{"type":"Feature","properties":{},"geometry":{"type":"Point","coordinates":[77.52565,13.003226]}},{"type":"Feature","properties":{},"geometry":{"type":"Point","coordinates":[77.50792,13.003433]}},{"type":"Feature","properties":{},"geometry":{"type":"Point","coordinates":[77.528204,13.003279]}},{"type":"Feature","properties":{},"geometry":{"type":"Point","coordinates":[77.50365,13.003524]}},{"type":"Feature","properties":{},"geometry":{"type":"Point","coordinates":[77.518628,13.00346]}},{"type":"Feature","properties":{},"geometry":{"type":"Point","coordinates":[77.545733,13.003308]}},{"type":"Feature","properties":{},"geometry":{"type":"Point","coordinates":[77.502939,13.005119]}},{"type":"Feature","properties":{},"geometry":{"type":"Point","coordinates":[77.499931,13.005183]}},{"type":"Feature","properties":{},"geometry":{"type":"Point","coordinates":[77.501412,13.005193]}},{"type":"Feature","properties":{},"geometry":{"type":"Point","coordinates":[77.516301,13.005056]}},{"type":"Feature","properties":{},"geometry":{"type":"Point","coordinates":[77.523843,13.004998]}},{"type":"Feature","properties":{},"geometry":{"type":"Point","coordinates":[77.552364,13.004728]}},{"type":"Feature","properties":{},"geometry":{"type":"Point","coordinates":[77.546312,13.004812]}},{"type":"Feature","properties":{},"geometry":{"type":"Point","coordinates":[77.545902,13.004837]}},{"type":"Feature","properties":{},"geometry":{"type":"Point","coordinates":[77.529449,13.005032]}},{"type":"Feature","properties":{},"geometry":{"type":"Point","coordinates":[77.538489,13.004949]}},{"type":"Feature","properties":{},"geometry":{"type":"Point","coordinates":[77.522128,13.005112]}},{"type":"Feature","properties":{},"geometry":{"type":"Point","coordinates":[77.536884,13.005069]}},{"type":"Feature","properties":{},"geometry":{"type":"Point","coordinates":[77.520248,13.005252]}},{"type":"Feature","properties":{},"geometry":{"type":"Point","coordinates":[77.540136,13.005066]}},{"type":"Feature","properties":{},"geometry":{"type":"Point","coordinates":[77.516395,13.005336]}},{"type":"Feature","properties":{},"geometry":{"type":"Point","coordinates":[77.515825,13.005348]}},{"type":"Feature","properties":{},"geometry":{"type":"Point","coordinates":[77.551687,13.005003]}},{"type":"Feature","properties":{},"geometry":{"type":"Point","coordinates":[77.533951,13.005267]}},{"type":"Feature","properties":{},"geometry":{"type":"Point","coordinates":[77.546241,13.005168]}},{"type":"Feature","properties":{},"geometry":{"type":"Point","coordinates":[77.523897,13.005482]}},{"type":"Feature","properties":{},"geometry":{"type":"Point","coordinates":[77.522839,13.005493]}},{"type":"Feature","properties":{},"geometry":{"type":"Point","coordinates":[77.536364,13.005421]}},{"type":"Feature","properties":{},"geometry":{"type":"Point","coordinates":[77.530113,13.005492]}},{"type":"Feature","properties":{},"geometry":{"type":"Point","coordinates":[77.536151,13.005489]}},{"type":"Feature","properties":{},"geometry":{"type":"Point","coordinates":[77.535413,13.005507]}},{"type":"Feature","properties":{},"geometry":{"type":"Point","coordinates":[77.537029,13.005531]}},{"type":"Feature","properties":{},"geometry":{"type":"Point","coordinates":[77.503031,13.005877]}},{"type":"Feature","properties":{},"geometry":{"type":"Point","coordinates":[77.508039,13.005848]}},{"type":"Feature","properties":{},"geometry":{"type":"Point","coordinates":[77.537802,13.005614]}},{"type":"Feature","properties":{},"geometry":{"type":"Point","coordinates":[77.502343,13.006027]}},{"type":"Feature","properties":{},"geometry":{"type":"Point","coordinates":[77.501896,13.006045]}},{"type":"Feature","properties":{},"geometry":{"type":"Point","coordinates":[77.54582,13.005645]}},{"type":"Feature","properties":{},"geometry":{"type":"Point","coordinates":[77.549995,13.005624]}},{"type":"Feature","properties":{},"geometry":{"type":"Point","coordinates":[77.535798,13.005779]}},{"type":"Feature","properties":{},"geometry":{"type":"Point","coordinates":[77.518448,13.005959]}},{"type":"Feature","properties":{},"geometry":{"type":"Point","coordinates":[77.501229,13.006128]}},{"type":"Feature","properties":{},"geometry":{"type":"Point","coordinates":[77.533606,13.00583]}},{"type":"Feature","properties":{},"geometry":{"type":"Point","coordinates":[77.500403,13.006176]}},{"type":"Feature","properties":{},"geometry":{"type":"Point","coordinates":[77.540389,13.005788]}},{"type":"Feature","properties":{},"geometry":{"type":"Point","coordinates":[77.526788,13.005973]}},{"type":"Feature","properties":{},"geometry":{"type":"Point","coordinates":[77.528618,13.007244]}},{"type":"Feature","properties":{},"geometry":{"type":"Point","coordinates":[77.503127,13.007492]}},{"type":"Feature","properties":{},"geometry":{"type":"Point","coordinates":[77.542268,13.007171]}},{"type":"Feature","properties":{},"geometry":{"type":"Point","coordinates":[77.506697,13.007567]}},{"type":"Feature","properties":{},"geometry":{"type":"Point","coordinates":[77.517056,13.007468]}},{"type":"Feature","properties":{},"geometry":{"type":"Point","coordinates":[77.518177,13.007469]}},{"type":"Feature","properties":{},"geometry":{"type":"Point","coordinates":[77.502214,13.00763]}},{"type":"Feature","properties":{},"geometry":{"type":"Point","coordinates":[77.518018,13.007499]}},{"type":"Feature","properties":{},"geometry":{"type":"Point","coordinates":[77.514112,13.007551]}},{"type":"Feature","properties":{},"geometry":{"type":"Point","coordinates":[77.52351,13.007503]}},{"type":"Feature","properties":{},"geometry":{"type":"Point","coordinates":[77.527249,13.007468]}},{"type":"Feature","properties":{},"geometry":{"type":"Point","coordinates":[77.518202,13.007602]}},{"type":"Feature","properties":{},"geometry":{"type":"Point","coordinates":[77.504568,13.007742]}},{"type":"Feature","properties":{},"geometry":{"type":"Point","coordinates":[77.532825,13.00747]}},{"type":"Feature","properties":{},"geometry":{"type":"Point","coordinates":[77.535495,13.007456]}},{"type":"Feature","properties":{},"geometry":{"type":"Point","coordinates":[77.504004,13.007784]}},{"type":"Feature","properties":{},"geometry":{"type":"Point","coordinates":[77.520119,13.007643]}},{"type":"Feature","properties":{},"geometry":{"type":"Point","coordinates":[77.502662,13.007867]}},{"type":"Feature","properties":{},"geometry":{"type":"Point","coordinates":[77.531884,13.007606]}},{"type":"Feature","properties":{},"geometry":{"type":"Point","coordinates":[77.505528,13.007912]}},{"type":"Feature","properties":{},"geometry":{"type":"Point","coordinates":[77.518885,13.007816]}},{"type":"Feature","properties":{},"geometry":{"type":"Point","coordinates":[77.515144,13.007909]}},{"type":"Feature","properties":{},"geometry":{"type":"Point","coordinates":[77.557169,13.007549]}},{"type":"Feature","properties":{},"geometry":{"type":"Point","coordinates":[77.50346,13.0081]}},{"type":"Feature","properties":{},"geometry":{"type":"Point","coordinates":[77.52474,13.007898]}},{"type":"Feature","properties":{},"geometry":{"type":"Point","coordinates":[77.533774,13.007867]}},{"type":"Feature","properties":{},"geometry":{"type":"Point","coordinates":[77.544168,13.007772]}},{"type":"Feature","properties":{},"geometry":{"type":"Point","coordinates":[77.537397,13.007853]}},{"type":"Feature","properties":{},"geometry":{"type":"Point","coordinates":[77.539961,13.007862]}},{"type":"Feature","properties":{},"geometry":{"type":"Point","coordinates":[77.518947,13.008155]}},{"type":"Feature","properties":{},"geometry":{"type":"Point","coordinates":[77.536805,13.008005]}},{"type":"Feature","properties":{},"geometry":{"type":"Point","coordinates":[77.529253,13.008132]}},{"type":"Feature","properties":{},"geometry":{"type":"Point","coordinates":[77.534236,13.008118]}},{"type":"Feature","properties":{},"geometry":{"type":"Point","coordinates":[77.537498,13.008087]}},{"type":"Feature","properties":{},"geometry":{"type":"Point","coordinates":[77.506936,13.008403]}},{"type":"Feature","properties":{},"geometry":{"type":"Point","coordinates":[77.532121,13.008185]}},{"type":"Feature","properties":{},"geometry":{"type":"Point","coordinates":[77.530265,13.008209]}},{"type":"Feature","properties":{},"geometry":{"type":"Point","coordinates":[77.512992,13.008392]}},{"type":"Feature","properties":{},"geometry":{"type":"Point","coordinates":[77.504826,13.008506]}},{"type":"Feature","properties":{},"geometry":{"type":"Point","coordinates":[77.506541,13.008526]}},{"type":"Feature","properties":{},"geometry":{"type":"Point","coordinates":[77.499985,13.008667]}},{"type":"Feature","properties":{},"geometry":{"type":"Point","coordinates":[77.53744,13.008323]}},{"type":"Feature","properties":{},"geometry":{"type":"Point","coordinates":[77.53367,13.008459]}},{"type":"Feature","properties":{},"geometry":{"type":"Point","coordinates":[77.502545,13.008823]}},{"type":"Feature","properties":{},"geometry":{"type":"Point","coordinates":[77.528363,13.008641]}},{"type":"Feature","properties":{},"geometry":{"type":"Point","coordinates":[77.536283,13.008568]}},{"type":"Feature","properties":{},"geometry":{"type":"Point","coordinates":[77.531654,13.008628]}},{"type":"Feature","properties":{},"geometry":{"type":"Point","coordinates":[77.505195,13.008889]}},{"type":"Feature","properties":{},"geometry":{"type":"Point","coordinates":[77.524407,13.008723]}},{"type":"Feature","properties":{},"geometry":{"type":"Point","coordinates":[77.527681,13.008703]}},{"type":"Feature","properties":{},"geometry":{"type":"Point","coordinates":[77.504994,13.008927]}},{"type":"Feature","properties":{},"geometry":{"type":"Point","coordinates":[77.518237,13.008822]}},{"type":"Feature","properties":{},"geometry":{"type":"Point","coordinates":[77.51498,13.008865]}},{"type":"Feature","properties":{},"geometry":{"type":"Point","coordinates":[77.532052,13.008702]}},{"type":"Feature","properties":{},"geometry":{"type":"Point","coordinates":[77.504133,13.009002]}},{"type":"Feature","properties":{},"geometry":{"type":"Point","coordinates":[77.543177,13.00869]}},{"type":"Feature","properties":{},"geometry":{"type":"Point","coordinates":[77.502613,13.009109]}},{"type":"Feature","properties":{},"geometry":{"type":"Point","coordinates":[77.527422,13.008939]}},{"type":"Feature","properties":{},"geometry":{"type":"Point","coordinates":[77.516647,13.009328]}},{"type":"Feature","properties":{},"geometry":{"type":"Point","coordinates":[77.534189,13.009198]}},{"type":"Feature","properties":{},"geometry":{"type":"Point","coordinates":[77.504675,13.00949]}},{"type":"Feature","properties":{},"geometry":{"type":"Point","coordinates":[77.529932,13.009246]}},{"type":"Feature","properties":{},"geometry":{"type":"Point","coordinates":[77.531233,13.009304]}},{"type":"Feature","properties":{},"geometry":{"type":"Point","coordinates":[77.528054,13.009339]}},{"type":"Feature","properties":{},"geometry":{"type":"Point","coordinates":[77.53061,13.009333]}},{"type":"Feature","properties":{},"geometry":{"type":"Point","coordinates":[77.530274,13.009391]}},{"type":"Feature","properties":{},"geometry":{"type":"Point","coordinates":[77.533119,13.00941]}},{"type":"Feature","properties":{},"geometry":{"type":"Point","coordinates":[77.505934,13.009679]}},{"type":"Feature","properties":{},"geometry":{"type":"Point","coordinates":[77.523926,13.009531]}},{"type":"Feature","properties":{},"geometry":{"type":"Point","coordinates":[77.538483,13.009436]}},{"type":"Feature","properties":{},"geometry":{"type":"Point","coordinates":[77.526739,13.009609]}},{"type":"Feature","properties":{},"geometry":{"type":"Point","coordinates":[77.518846,13.009693]}},{"type":"Feature","properties":{},"geometry":{"type":"Point","coordinates":[77.524881,13.009665]}},{"type":"Feature","properties":{},"geometry":{"type":"Point","coordinates":[77.533305,13.00967]}},{"type":"Feature","properties":{},"geometry":{"type":"Point","coordinates":[77.50743,13.009941]}},{"type":"Feature","properties":{},"geometry":{"type":"Point","coordinates":[77.531005,13.009738]}},{"type":"Feature","properties":{},"geometry":{"type":"Point","coordinates":[77.508459,13.009964]}},{"type":"Feature","properties":{},"geometry":{"type":"Point","coordinates":[77.525694,13.009824]}},{"type":"Feature","properties":{},"geometry":{"type":"Point","coordinates":[77.5331,13.009762]}},{"type":"Feature","properties":{},"geometry":{"type":"Point","coordinates":[77.548368,13.009666]}},{"type":"Feature","properties":{},"geometry":{"type":"Point","coordinates":[77.543208,13.009762]}},{"type":"Feature","properties":{},"geometry":{"type":"Point","coordinates":[77.540037,13.009799]}},{"type":"Feature","properties":{},"geometry":{"type":"Point","coordinates":[77.517178,13.010123]}},{"type":"Feature","properties":{},"geometry":{"type":"Point","coordinates":[77.537498,13.009972]}},{"type":"Feature","properties":{},"geometry":{"type":"Point","coordinates":[77.518685,13.010354]}},{"type":"Feature","properties":{},"geometry":{"type":"Point","coordinates":[77.52313,13.010321]}},{"type":"Feature","properties":{},"geometry":{"type":"Point","coordinates":[77.513244,13.010424]}},{"type":"Feature","properties":{},"geometry":{"type":"Point","coordinates":[77.512608,13.010503]}},{"type":"Feature","properties":{},"geometry":{"type":"Point","coordinates":[77.515941,13.010543]}},{"type":"Feature","properties":{},"geometry":{"type":"Point","coordinates":[77.517553,13.010537]}},{"type":"Feature","properties":{},"geometry":{"type":"Point","coordinates":[77.524323,13.010564]}},{"type":"Feature","properties":{},"geometry":{"type":"Point","coordinates":[77.542845,13.010387]}},{"type":"Feature","properties":{},"geometry":{"type":"Point","coordinates":[77.524134,13.010604]}},{"type":"Feature","properties":{},"geometry":{"type":"Point","coordinates":[77.53795,13.010471]}},{"type":"Feature","properties":{},"geometry":{"type":"Point","coordinates":[77.543475,13.010438]}},{"type":"Feature","properties":{},"geometry":{"type":"Point","coordinates":[77.508327,13.01083]}},{"type":"Feature","properties":{},"geometry":{"type":"Point","coordinates":[77.539174,13.010545]}},{"type":"Feature","properties":{},"geometry":{"type":"Point","coordinates":[77.507572,13.010928]}},{"type":"Feature","properties":{},"geometry":{"type":"Point","coordinates":[77.540468,13.010612]}},{"type":"Feature","properties":{},"geometry":{"type":"Point","coordinates":[77.552278,13.010505]}},{"type":"Feature","properties":{},"geometry":{"type":"Point","coordinates":[77.526652,13.010829]}},{"type":"Feature","properties":{},"geometry":{"type":"Point","coordinates":[77.552582,13.010673]}},{"type":"Feature","properties":{},"geometry":{"type":"Point","coordinates":[77.513768,13.011053]}},{"type":"Feature","properties":{},"geometry":{"type":"Point","coordinates":[77.528319,13.010915]}},{"type":"Feature","properties":{},"geometry":{"type":"Point","coordinates":[77.551928,13.010716]}},{"type":"Feature","properties":{},"geometry":{"type":"Point","coordinates":[77.529499,13.010939]}},{"type":"Feature","properties":{},"geometry":{"type":"Point","coordinates":[77.537534,13.010926]}},{"type":"Feature","properties":{},"geometry":{"type":"Point","coordinates":[77.508231,13.011215]}},{"type":"Feature","properties":{},"geometry":{"type":"Point","coordinates":[77.515119,13.011245]}},{"type":"Feature","properties":{},"geometry":{"type":"Point","coordinates":[77.513667,13.011272]}},{"type":"Feature","properties":{},"geometry":{"type":"Point","coordinates":[77.539959,13.011081]}},{"type":"Feature","properties":{},"geometry":{"type":"Point","coordinates":[77.509082,13.011386]}},{"type":"Feature","properties":{},"geometry":{"type":"Point","coordinates":[77.528662,13.011207]}},{"type":"Feature","properties":{},"geometry":{"type":"Point","coordinates":[77.541349,13.011091]}},{"type":"Feature","properties":{},"geometry":{"type":"Point","coordinates":[77.522326,13.011328]}},{"type":"Feature","properties":{},"geometry":{"type":"Point","coordinates":[77.551086,13.011075]}},{"type":"Feature","properties":{},"geometry":{"type":"Point","coordinates":[77.518815,13.011418]}},{"type":"Feature","properties":{},"geometry":{"type":"Point","coordinates":[77.521339,13.01142]}},{"type":"Feature","properties":{},"geometry":{"type":"Point","coordinates":[77.513919,13.011515]}},{"type":"Feature","properties":{},"geometry":{"type":"Point","coordinates":[77.516126,13.011528]}},{"type":"Feature","properties":{},"geometry":{"type":"Point","coordinates":[77.508122,13.011629]}},{"type":"Feature","properties":{},"geometry":{"type":"Point","coordinates":[77.532033,13.01146]}},{"type":"Feature","properties":{},"geometry":{"type":"Point","coordinates":[77.523171,13.011582]}},{"type":"Feature","properties":{},"geometry":{"type":"Point","coordinates":[77.515128,13.011685]}},{"type":"Feature","properties":{},"geometry":{"type":"Point","coordinates":[77.545696,13.011389]}},{"type":"Feature","properties":{},"geometry":{"type":"Point","coordinates":[77.551597,13.011397]}},{"type":"Feature","properties":{},"geometry":{"type":"Point","coordinates":[77.516829,13.011755]}},{"type":"Feature","properties":{},"geometry":{"type":"Point","coordinates":[77.542731,13.011539]}},{"type":"Feature","properties":{},"geometry":{"type":"Point","coordinates":[77.514058,13.011828]}},{"type":"Feature","properties":{},"geometry":{"type":"Point","coordinates":[77.551626,13.011478]}},{"type":"Feature","properties":{},"geometry":{"type":"Point","coordinates":[77.541344,13.011632]}},{"type":"Feature","properties":{},"geometry":{"type":"Point","coordinates":[77.516155,13.011885]}},{"type":"Feature","properties":{},"geometry":{"type":"Point","coordinates":[77.526133,13.011805]}},{"type":"Feature","properties":{},"geometry":{"type":"Point","coordinates":[77.510672,13.011985]}},{"type":"Feature","properties":{},"geometry":{"type":"Point","coordinates":[77.542267,13.011685]}},{"type":"Feature","properties":{},"geometry":{"type":"Point","coordinates":[77.524542,13.011911]}},{"type":"Feature","properties":{},"geometry":{"type":"Point","coordinates":[77.541894,13.011748]}},{"type":"Feature","properties":{},"geometry":{"type":"Point","coordinates":[77.529329,13.011884]}},{"type":"Feature","properties":{},"geometry":{"type":"Point","coordinates":[77.540916,13.011804]}},{"type":"Feature","properties":{},"geometry":{"type":"Point","coordinates":[77.518749,13.012068]}},{"type":"Feature","properties":{},"geometry":{"type":"Point","coordinates":[77.543807,13.011854]}},{"type":"Feature","properties":{},"geometry":{"type":"Point","coordinates":[77.526241,13.012053]}},{"type":"Feature","properties":{},"geometry":{"type":"Point","coordinates":[77.526365,13.012052]}},{"type":"Feature","properties":{},"geometry":{"type":"Point","coordinates":[77.526139,13.01208]}},{"type":"Feature","properties":{},"geometry":{"type":"Point","coordinates":[77.511439,13.012269]}},{"type":"Feature","properties":{},"geometry":{"type":"Point","coordinates":[77.510327,13.012301]}},{"type":"Feature","properties":{},"geometry":{"type":"Point","coordinates":[77.514385,13.012266]}},{"type":"Feature","properties":{},"geometry":{"type":"Point","coordinates":[77.525834,13.012184]}},{"type":"Feature","properties":{},"geometry":{"type":"Point","coordinates":[77.543649,13.01204]}},{"type":"Feature","properties":{},"geometry":{"type":"Point","coordinates":[77.542833,13.012061]}},{"type":"Feature","properties":{},"geometry":{"type":"Point","coordinates":[77.531199,13.01221]}},{"type":"Feature","properties":{},"geometry":{"type":"Point","coordinates":[77.519993,13.012329]}},{"type":"Feature","properties":{},"geometry":{"type":"Point","coordinates":[77.520828,13.01234]}},{"type":"Feature","properties":{},"geometry":{"type":"Point","coordinates":[77.550378,13.012054]}},{"type":"Feature","properties":{},"geometry":{"type":"Point","coordinates":[77.529022,13.012304]}},{"type":"Feature","properties":{},"geometry":{"type":"Point","coordinates":[77.509124,13.012506]}},{"type":"Feature","properties":{},"geometry":{"type":"Point","coordinates":[77.550045,13.012107]}},{"type":"Feature","properties":{},"geometry":{"type":"Point","coordinates":[77.514,13.012471]}},{"type":"Feature","properties":{},"geometry":{"type":"Point","coordinates":[77.510363,13.01251]}},{"type":"Feature","properties":{},"geometry":{"type":"Point","coordinates":[77.511294,13.012532]}},{"type":"Feature","properties":{},"geometry":{"type":"Point","coordinates":[77.519598,13.012459]}},{"type":"Feature","properties":{},"geometry":{"type":"Point","coordinates":[77.54513,13.012217]}},{"type":"Feature","properties":{},"geometry":{"type":"Point","coordinates":[77.51725,13.012545]}},{"type":"Feature","properties":{},"geometry":{"type":"Point","coordinates":[77.518243,13.012541]}},{"type":"Feature","properties":{},"geometry":{"type":"Point","coordinates":[77.540183,13.012341]}},{"type":"Feature","properties":{},"geometry":{"type":"Point","coordinates":[77.51579,13.0126]}},{"type":"Feature","properties":{},"geometry":{"type":"Point","coordinates":[77.541442,13.012422]}},{"type":"Feature","properties":{},"geometry":{"type":"Point","coordinates":[77.548475,13.012355]}},{"type":"Feature","properties":{},"geometry":{"type":"Point","coordinates":[77.517714,13.012762]}},{"type":"Feature","properties":{},"geometry":{"type":"Point","coordinates":[77.524617,13.012698]}},{"type":"Feature","properties":{},"geometry":{"type":"Point","coordinates":[77.510712,13.012857]}},{"type":"Feature","properties":{},"geometry":{"type":"Point","coordinates":[77.518198,13.012808]}},{"type":"Feature","properties":{},"geometry":{"type":"Point","coordinates":[77.526148,13.012881]}},{"type":"Feature","properties":{},"geometry":{"type":"Point","coordinates":[77.514139,13.013013]}},{"type":"Feature","properties":{},"geometry":{"type":"Point","coordinates":[77.550296,13.012688]}},{"type":"Feature","properties":{},"geometry":{"type":"Point","coordinates":[77.511104,13.013143]}},{"type":"Feature","properties":{},"geometry":{"type":"Point","coordinates":[77.528517,13.012976]}},{"type":"Feature","properties":{},"geometry":{"type":"Point","coordinates":[77.530256,13.013034]}},{"type":"Feature","properties":{},"geometry":{"type":"Point","coordinates":[77.513705,13.01321]}},{"type":"Feature","properties":{},"geometry":{"type":"Point","coordinates":[77.517565,13.013322]}},{"type":"Feature","properties":{},"geometry":{"type":"Point","coordinates":[77.511999,13.013378]}},{"type":"Feature","properties":{},"geometry":{"type":"Point","coordinates":[77.540244,13.013113]}},{"type":"Feature","properties":{},"geometry":{"type":"Point","coordinates":[77.520284,13.013317]}},{"type":"Feature","properties":{},"geometry":{"type":"Point","coordinates":[77.52892,13.01327]}},{"type":"Feature","properties":{},"geometry":{"type":"Point","coordinates":[77.523878,13.01333]}},{"type":"Feature","properties":{},"geometry":{"type":"Point","coordinates":[77.522414,13.013351]}},{"type":"Feature","properties":{},"geometry":{"type":"Point","coordinates":[77.509659,13.013505]}},{"type":"Feature","properties":{},"geometry":{"type":"Point","coordinates":[77.513801,13.013504]}},{"type":"Feature","properties":{},"geometry":{"type":"Point","coordinates":[77.526587,13.01341]}},{"type":"Feature","properties":{},"geometry":{"type":"Point","coordinates":[77.538033,13.0133]}},{"type":"Feature","properties":{},"geometry":{"type":"Point","coordinates":[77.529765,13.01339]}},{"type":"Feature","properties":{},"geometry":{"type":"Point","coordinates":[77.523029,13.01347]}},{"type":"Feature","properties":{},"geometry":{"type":"Point","coordinates":[77.515,13.013549]}},{"type":"Feature","properties":{},"geometry":{"type":"Point","coordinates":[77.51426,13.013606]}},{"type":"Feature","properties":{},"geometry":{"type":"Point","coordinates":[77.529111,13.014382]}},{"type":"Feature","properties":{},"geometry":{"type":"Point","coordinates":[77.5151,13.01455]}},{"type":"Feature","properties":{},"geometry":{"type":"Point","coordinates":[77.541152,13.014305]}},{"type":"Feature","properties":{},"geometry":{"type":"Point","coordinates":[77.520945,13.014502]}},{"type":"Feature","properties":{},"geometry":{"type":"Point","coordinates":[77.514374,13.014568]}},{"type":"Feature","properties":{},"geometry":{"type":"Point","coordinates":[77.516195,13.01458]}},{"type":"Feature","properties":{},"geometry":{"type":"Point","coordinates":[77.541655,13.014395]}},{"type":"Feature","properties":{},"geometry":{"type":"Point","coordinates":[77.532259,13.014505]}},{"type":"Feature","properties":{},"geometry":{"type":"Point","coordinates":[77.529433,13.014547]}},{"type":"Feature","properties":{},"geometry":{"type":"Point","coordinates":[77.525666,13.014585]}},{"type":"Feature","properties":{},"geometry":{"type":"Point","coordinates":[77.52886,13.014571]}},{"type":"Feature","properties":{},"geometry":{"type":"Point","coordinates":[77.517076,13.01476]}},{"type":"Feature","properties":{},"geometry":{"type":"Point","coordinates":[77.546762,13.014501]}},{"type":"Feature","properties":{},"geometry":{"type":"Point","coordinates":[77.511177,13.014957]}},{"type":"Feature","properties":{},"geometry":{"type":"Point","coordinates":[77.515407,13.014957]}},{"type":"Feature","properties":{},"geometry":{"type":"Point","coordinates":[77.511535,13.015001]}},{"type":"Feature","properties":{},"geometry":{"type":"Point","coordinates":[77.527739,13.014883]}},{"type":"Feature","properties":{},"geometry":{"type":"Point","coordinates":[77.519477,13.014973]}},{"type":"Feature","properties":{},"geometry":{"type":"Point","coordinates":[77.539287,13.014804]}},{"type":"Feature","properties":{},"geometry":{"type":"Point","coordinates":[77.510485,13.015091]}},{"type":"Feature","properties":{},"geometry":{"type":"Point","coordinates":[77.519515,13.015025]}},{"type":"Feature","properties":{},"geometry":{"type":"Point","coordinates":[77.526128,13.014974]}},{"type":"Feature","properties":{},"geometry":{"type":"Point","coordinates":[77.529047,13.014966]}},{"type":"Feature","properties":{},"geometry":{"type":"Point","coordinates":[77.514241,13.015137]}},{"type":"Feature","properties":{},"geometry":{"type":"Point","coordinates":[77.524459,13.015048]}},{"type":"Feature","properties":{},"geometry":{"type":"Point","coordinates":[77.514563,13.015214]}},{"type":"Feature","properties":{},"geometry":{"type":"Point","coordinates":[77.547055,13.015061]}},{"type":"Feature","properties":{},"geometry":{"type":"Point","coordinates":[77.519916,13.015334]}},{"type":"Feature","properties":{},"geometry":{"type":"Point","coordinates":[77.527125,13.015264]}},{"type":"Feature","properties":{},"geometry":{"type":"Point","coordinates":[77.521501,13.015343]}},{"type":"Feature","properties":{},"geometry":{"type":"Point","coordinates":[77.51706,13.015393]}},{"type":"Feature","properties":{},"geometry":{"type":"Point","coordinates":[77.5277,13.015335]}},{"type":"Feature","properties":{},"geometry":{"type":"Point","coordinates":[77.521058,13.015422]}},{"type":"Feature","properties":{},"geometry":{"type":"Point","coordinates":[77.529479,13.015344]}},{"type":"Feature","properties":{},"geometry":{"type":"Point","coordinates":[77.520055,13.015459]}},{"type":"Feature","properties":{},"geometry":{"type":"Point","coordinates":[77.529334,13.015374]}},{"type":"Feature","properties":{},"geometry":{"type":"Point","coordinates":[77.547828,13.015201]}},{"type":"Feature","properties":{},"geometry":{"type":"Point","coordinates":[77.527101,13.015416]}},{"type":"Feature","properties":{},"geometry":{"type":"Point","coordinates":[77.516579,13.015536]}},{"type":"Feature","properties":{},"geometry":{"type":"Point","coordinates":[77.51306,13.015584]}},{"type":"Feature","properties":{},"geometry":{"type":"Point","coordinates":[77.532871,13.015422]}},{"type":"Feature","properties":{},"geometry":{"type":"Point","coordinates":[77.512562,13.015622]}},{"type":"Feature","properties":{},"geometry":{"type":"Point","coordinates":[77.527908,13.015497]}},{"type":"Feature","properties":{},"geometry":{"type":"Point","coordinates":[77.520773,13.015601]}},{"type":"Feature","properties":{},"geometry":{"type":"Point","coordinates":[77.541102,13.015447]}},{"type":"Feature","properties":{},"geometry":{"type":"Point","coordinates":[77.517781,13.015693]}},{"type":"Feature","properties":{},"geometry":{"type":"Point","coordinates":[77.529978,13.01561]}},{"type":"Feature","properties":{},"geometry":{"type":"Point","coordinates":[77.530987,13.015607]}},{"type":"Feature","properties":{},"geometry":{"type":"Point","coordinates":[77.523815,13.01568]}},{"type":"Feature","properties":{},"geometry":{"type":"Point","coordinates":[77.534646,13.015589]}},{"type":"Feature","properties":{},"geometry":{"type":"Point","coordinates":[77.524151,13.015709]}},{"type":"Feature","properties":{},"geometry":{"type":"Point","coordinates":[77.533228,13.015636]}},{"type":"Feature","properties":{},"geometry":{"type":"Point","coordinates":[77.547048,13.015555]}},{"type":"Feature","properties":{},"geometry":{"type":"Point","coordinates":[77.529939,13.015755]}},{"type":"Feature","properties":{},"geometry":{"type":"Point","coordinates":[77.537287,13.01572]}},{"type":"Feature","properties":{},"geometry":{"type":"Point","coordinates":[77.541132,13.015683]}},{"type":"Feature","properties":{},"geometry":{"type":"Point","coordinates":[77.529803,13.015799]}},{"type":"Feature","properties":{},"geometry":{"type":"Point","coordinates":[77.527457,13.015832]}},{"type":"Feature","properties":{},"geometry":{"type":"Point","coordinates":[77.546248,13.015676]}},{"type":"Feature","properties":{},"geometry":{"type":"Point","coordinates":[77.539664,13.015742]}},{"type":"Feature","properties":{},"geometry":{"type":"Point","coordinates":[77.536029,13.015787]}},{"type":"Feature","properties":{},"geometry":{"type":"Point","coordinates":[77.515476,13.016002]}},{"type":"Feature","properties":{},"geometry":{"type":"Point","coordinates":[77.515312,13.016023]}},{"type":"Feature","properties":{},"geometry":{"type":"Point","coordinates":[77.52872,13.015893]}},{"type":"Feature","properties":{},"geometry":{"type":"Point","coordinates":[77.541899,13.015785]}},{"type":"Feature","properties":{},"geometry":{"type":"Point","coordinates":[77.512117,13.016075]}},{"type":"Feature","properties":{},"geometry":{"type":"Point","coordinates":[77.513814,13.016061]}},{"type":"Feature","properties":{},"geometry":{"type":"Point","coordinates":[77.523552,13.015974]}},{"type":"Feature","properties":{},"geometry":{"type":"Point","coordinates":[77.516248,13.016062]}},{"type":"Feature","properties":{},"geometry":{"type":"Point","coordinates":[77.511081,13.016139]}},{"type":"Feature","properties":{},"geometry":{"type":"Point","coordinates":[77.528866,13.015967]}},{"type":"Feature","properties":{},"geometry":{"type":"Point","coordinates":[77.516941,13.016086]}},{"type":"Feature","properties":{},"geometry":{"type":"Point","coordinates":[77.532142,13.015968]}},{"type":"Feature","properties":{},"geometry":{"type":"Point","coordinates":[77.531931,13.016001]}},{"type":"Feature","properties":{},"geometry":{"type":"Point","coordinates":[77.516174,13.016203]}},{"type":"Feature","properties":{},"geometry":{"type":"Point","coordinates":[77.533791,13.016117]}},{"type":"Feature","properties":{},"geometry":{"type":"Point","coordinates":[77.512905,13.016333]}},{"type":"Feature","properties":{},"geometry":{"type":"Point","coordinates":[77.541351,13.016089]}},{"type":"Feature","properties":{},"geometry":{"type":"Point","coordinates":[77.536709,13.016255]}},{"type":"Feature","properties":{},"geometry":{"type":"Point","coordinates":[77.512655,13.016497]}},{"type":"Feature","properties":{},"geometry":{"type":"Point","coordinates":[77.512348,13.016531]}},{"type":"Feature","properties":{},"geometry":{"type":"Point","coordinates":[77.514117,13.016571]}},{"type":"Feature","properties":{},"geometry":{"type":"Point","coordinates":[77.517248,13.016563]}},{"type":"Feature","properties":{},"geometry":{"type":"Point","coordinates":[77.511831,13.016762]}},{"type":"Feature","properties":{},"geometry":{"type":"Point","coordinates":[77.521398,13.016732]}},{"type":"Feature","properties":{},"geometry":{"type":"Point","coordinates":[77.530198,13.016659]}},{"type":"Feature","properties":{},"geometry":{"type":"Point","coordinates":[77.52182,13.016756]}},{"type":"Feature","properties":{},"geometry":{"type":"Point","coordinates":[77.530036,13.016678]}},{"type":"Feature","properties":{},"geometry":{"type":"Point","coordinates":[77.5125,13.016869]}},{"type":"Feature","properties":{},"geometry":{"type":"Point","coordinates":[77.519886,13.016817]}},{"type":"Feature","properties":{},"geometry":{"type":"Point","coordinates":[77.539667,13.016637]}},{"type":"Feature","properties":{},"geometry":{"type":"Point","coordinates":[77.537025,13.016684]}},{"type":"Feature","properties":{},"geometry":{"type":"Point","coordinates":[77.516784,13.016925]}},{"type":"Feature","properties":{},"geometry":{"type":"Point","coordinates":[77.511814,13.016994]}},{"type":"Feature","properties":{},"geometry":{"type":"Point","coordinates":[77.514521,13.017012]}},{"type":"Feature","properties":{},"geometry":{"type":"Point","coordinates":[77.526313,13.017004]}},{"type":"Feature","properties":{},"geometry":{"type":"Point","coordinates":[77.51232,13.01726]}},{"type":"Feature","properties":{},"geometry":{"type":"Point","coordinates":[77.517617,13.017212]}},{"type":"Feature","properties":{},"geometry":{"type":"Point","coordinates":[77.5323,13.017069]}},{"type":"Feature","properties":{},"geometry":{"type":"Point","coordinates":[77.541987,13.016993]}},{"type":"Feature","properties":{},"geometry":{"type":"Point","coordinates":[77.541263,13.017047]}},{"type":"Feature","properties":{},"geometry":{"type":"Point","coordinates":[77.518694,13.017279]}},{"type":"Feature","properties":{},"geometry":{"type":"Point","coordinates":[77.519137,13.017311]}},{"type":"Feature","properties":{},"geometry":{"type":"Point","coordinates":[77.518858,13.017366]}},{"type":"Feature","properties":{},"geometry":{"type":"Point","coordinates":[77.540922,13.017169]}},{"type":"Feature","properties":{},"geometry":{"type":"Point","coordinates":[77.541619,13.017172]}},{"type":"Feature","properties":{},"geometry":{"type":"Point","coordinates":[77.537414,13.017245]}},{"type":"Feature","properties":{},"geometry":{"type":"Point","coordinates":[77.519152,13.017481]}},{"type":"Feature","properties":{},"geometry":{"type":"Point","coordinates":[77.540949,13.017307]}},{"type":"Feature","properties":{},"geometry":{"type":"Point","coordinates":[77.519977,13.017523]}},{"type":"Feature","properties":{},"geometry":{"type":"Point","coordinates":[77.533522,13.017397]}},{"type":"Feature","properties":{},"geometry":{"type":"Point","coordinates":[77.516658,13.017589]}},{"type":"Feature","properties":{},"geometry":{"type":"Point","coordinates":[77.537373,13.017498]}},{"type":"Feature","properties":{},"geometry":{"type":"Point","coordinates":[77.518141,13.017731]}},{"type":"Feature","properties":{},"geometry":{"type":"Point","coordinates":[77.541723,13.017513]}},{"type":"Feature","properties":{},"geometry":{"type":"Point","coordinates":[77.51789,13.017748]}},{"type":"Feature","properties":{},"geometry":{"type":"Point","coordinates":[77.520418,13.017743]}},{"type":"Feature","properties":{},"geometry":{"type":"Point","coordinates":[77.545212,13.017508]}},{"type":"Feature","properties":{},"geometry":{"type":"Point","coordinates":[77.521211,13.017853]}},{"type":"Feature","properties":{},"geometry":{"type":"Point","coordinates":[77.540392,13.017677]}},{"type":"Feature","properties":{},"geometry":{"type":"Point","coordinates":[77.544691,13.017651]}},{"type":"Feature","properties":{},"geometry":{"type":"Point","coordinates":[77.531361,13.017824]}},{"type":"Feature","properties":{},"geometry":{"type":"Point","coordinates":[77.515431,13.017992]}},{"type":"Feature","properties":{},"geometry":{"type":"Point","coordinates":[77.52917,13.018003]}},{"type":"Feature","properties":{},"geometry":{"type":"Point","coordinates":[77.526775,13.018074]}},{"type":"Feature","properties":{},"geometry":{"type":"Point","coordinates":[77.53699,13.018028]}},{"type":"Feature","properties":{},"geometry":{"type":"Point","coordinates":[77.544925,13.017979]}},{"type":"Feature","properties":{},"geometry":{"type":"Point","coordinates":[77.528825,13.018188]}},{"type":"Feature","properties":{},"geometry":{"type":"Point","coordinates":[77.537925,13.018156]}},{"type":"Feature","properties":{},"geometry":{"type":"Point","coordinates":[77.516287,13.018439]}},{"type":"Feature","properties":{},"geometry":{"type":"Point","coordinates":[77.522312,13.018398]}},{"type":"Feature","properties":{},"geometry":{"type":"Point","coordinates":[77.537509,13.018271]}},{"type":"Feature","properties":{},"geometry":{"type":"Point","coordinates":[77.522437,13.018445]}},{"type":"Feature","properties":{},"geometry":{"type":"Point","coordinates":[77.531594,13.018383]}},{"type":"Feature","properties":{},"geometry":{"type":"Point","coordinates":[77.522623,13.018584]}},{"type":"Feature","properties":{},"geometry":{"type":"Point","coordinates":[77.524484,13.018594]}},{"type":"Feature","properties":{},"geometry":{"type":"Point","coordinates":[77.530741,13.01854]}},{"type":"Feature","properties":{},"geometry":{"type":"Point","coordinates":[77.544454,13.018432]}},{"type":"Feature","properties":{},"geometry":{"type":"Point","coordinates":[77.516251,13.019919]}},{"type":"Feature","properties":{},"geometry":{"type":"Point","coordinates":[77.537591,13.019804]}},{"type":"Feature","properties":{},"geometry":{"type":"Point","coordinates":[77.528461,13.019952]}},{"type":"Feature","properties":{},"geometry":{"type":"Point","coordinates":[77.542442,13.019827]}},{"type":"Feature","properties":{},"geometry":{"type":"Point","coordinates":[77.53561,13.019941]}},{"type":"Feature","properties":{},"geometry":{"type":"Point","coordinates":[77.517426,13.020133]}},{"type":"Feature","properties":{},"geometry":{"type":"Point","coordinates":[77.546426,13.019956]}},{"type":"Feature","properties":{},"geometry":{"type":"Point","coordinates":[77.542792,13.020008]}},{"type":"Feature","properties":{},"geometry":{"type":"Point","coordinates":[77.52,13.020236]}},{"type":"Feature","properties":{},"geometry":{"type":"Point","coordinates":[77.5283,13.020233]}},{"type":"Feature","properties":{},"geometry":{"type":"Point","coordinates":[77.535891,13.020185]}},{"type":"Feature","properties":{},"geometry":{"type":"Point","coordinates":[77.531699,13.020274]}},{"type":"Feature","properties":{},"geometry":{"type":"Point","coordinates":[77.517333,13.020443]}},{"type":"Feature","properties":{},"geometry":{"type":"Point","coordinates":[77.536035,13.020341]}},{"type":"Feature","properties":{},"geometry":{"type":"Point","coordinates":[77.516023,13.020566]}},{"type":"Feature","properties":{},"geometry":{"type":"Point","coordinates":[77.525442,13.020499]}},{"type":"Feature","properties":{},"geometry":{"type":"Point","coordinates":[77.525826,13.020558]}},{"type":"Feature","properties":{},"geometry":{"type":"Point","coordinates":[77.518456,13.02069]}},{"type":"Feature","properties":{},"geometry":{"type":"Point","coordinates":[77.515514,13.020843]}},{"type":"Feature","properties":{},"geometry":{"type":"Point","coordinates":[77.534825,13.020674]}},{"type":"Feature","properties":{},"geometry":{"type":"Point","coordinates":[77.542813,13.020627]}},{"type":"Feature","properties":{},"geometry":{"type":"Point","coordinates":[77.517815,13.020879]}},{"type":"Feature","properties":{},"geometry":{"type":"Point","coordinates":[77.53005,13.020816]}},{"type":"Feature","properties":{},"geometry":{"type":"Point","coordinates":[77.550583,13.02066]}},{"type":"Feature","properties":{},"geometry":{"type":"Point","coordinates":[77.5292,13.020962]}},{"type":"Feature","properties":{},"geometry":{"type":"Point","coordinates":[77.517521,13.021167]}},{"type":"Feature","properties":{},"geometry":{"type":"Point","coordinates":[77.527972,13.021083]}},{"type":"Feature","properties":{},"geometry":{"type":"Point","coordinates":[77.526582,13.021191]}},{"type":"Feature","properties":{},"geometry":{"type":"Point","coordinates":[77.527582,13.02119]}},{"type":"Feature","properties":{},"geometry":{"type":"Point","coordinates":[77.532904,13.021169]}},{"type":"Feature","properties":{},"geometry":{"type":"Point","coordinates":[77.528742,13.021272]}},{"type":"Feature","properties":{},"geometry":{"type":"Point","coordinates":[77.517019,13.021414]}},{"type":"Feature","properties":{},"geometry":{"type":"Point","coordinates":[77.528602,13.021315]}},{"type":"Feature","properties":{},"geometry":{"type":"Point","coordinates":[77.530364,13.021327]}},{"type":"Feature","properties":{},"geometry":{"type":"Point","coordinates":[77.528718,13.021406]}},{"type":"Feature","properties":{},"geometry":{"type":"Point","coordinates":[77.52683,13.021429]}},{"type":"Feature","properties":{},"geometry":{"type":"Point","coordinates":[77.518447,13.021518]}},{"type":"Feature","properties":{},"geometry":{"type":"Point","coordinates":[77.520092,13.021527]}},{"type":"Feature","properties":{},"geometry":{"type":"Point","coordinates":[77.519567,13.021539]}},{"type":"Feature","properties":{},"geometry":{"type":"Point","coordinates":[77.516859,13.021899]}},{"type":"Feature","properties":{},"geometry":{"type":"Point","coordinates":[77.532625,13.021802]}},{"type":"Feature","properties":{},"geometry":{"type":"Point","coordinates":[77.533899,13.021861]}},{"type":"Feature","properties":{},"geometry":{"type":"Point","coordinates":[77.532172,13.021886]}},{"type":"Feature","properties":{},"geometry":{"type":"Point","coordinates":[77.533139,13.022007]}},{"type":"Feature","properties":{},"geometry":{"type":"Point","coordinates":[77.518157,13.022315]}},{"type":"Feature","properties":{},"geometry":{"type":"Point","coordinates":[77.529854,13.022205]}},{"type":"Feature","properties":{},"geometry":{"type":"Point","coordinates":[77.530552,13.022329]}},{"type":"Feature","properties":{},"geometry":{"type":"Point","coordinates":[77.544403,13.022757]}},{"type":"Feature","properties":{},"geometry":{"type":"Point","coordinates":[77.537368,13.023262]}},{"type":"Feature","properties":{},"geometry":{"type":"Point","coordinates":[77.544698,13.023203]}},{"type":"Feature","properties":{},"geometry":{"type":"Point","coordinates":[77.537092,13.023606]}},{"type":"Feature","properties":{},"geometry":{"type":"Point","coordinates":[77.506936,13.024143]}},{"type":"Feature","properties":{},"geometry":{"type":"Point","coordinates":[77.542924,13.02393]}},{"type":"Feature","properties":{},"geometry":{"type":"Point","coordinates":[77.538914,13.024002]}},{"type":"Feature","properties":{},"geometry":{"type":"Point","coordinates":[77.541146,13.024095]}},{"type":"Feature","properties":{},"geometry":{"type":"Point","coordinates":[77.509373,13.024446]}},{"type":"Feature","properties":{},"geometry":{"type":"Point","coordinates":[77.506762,13.024712]}},{"type":"Feature","properties":{},"geometry":{"type":"Point","coordinates":[77.505095,13.025583]}},{"type":"Feature","properties":{},"geometry":{"type":"Point","coordinates":[77.50742,13.025773]}},{"type":"Feature","properties":{},"geometry":{"type":"Point","coordinates":[77.506861,13.025878]}},{"type":"Feature","properties":{},"geometry":{"type":"Point","coordinates":[77.506035,13.026436]}},{"type":"Feature","properties":{},"geometry":{"type":"Point","coordinates":[77.498217,13.026547]}},{"type":"Feature","properties":{},"geometry":{"type":"Point","coordinates":[77.501413,13.026776]}},{"type":"Feature","properties":{},"geometry":{"type":"Point","coordinates":[77.498662,13.026848]}},{"type":"Feature","properties":{},"geometry":{"type":"Point","coordinates":[77.53981,13.026518]}},{"type":"Feature","properties":{},"geometry":{"type":"Point","coordinates":[77.507435,13.02694]}},{"type":"Feature","properties":{},"geometry":{"type":"Point","coordinates":[77.539823,13.027008]}},{"type":"Feature","properties":{},"geometry":{"type":"Point","coordinates":[77.503771,13.027461]}},{"type":"Feature","properties":{},"geometry":{"type":"Point","coordinates":[77.505345,13.027621]}},{"type":"Feature","properties":{},"geometry":{"type":"Point","coordinates":[77.505888,13.027698]}},{"type":"Feature","properties":{},"geometry":{"type":"Point","coordinates":[77.50523,13.027726]}},{"type":"Feature","properties":{},"geometry":{"type":"Point","coordinates":[77.51746,13.02766]}},{"type":"Feature","properties":{},"geometry":{"type":"Point","coordinates":[77.497151,13.027862]}},{"type":"Feature","properties":{},"geometry":{"type":"Point","coordinates":[77.504583,13.027837]}},{"type":"Feature","properties":{},"geometry":{"type":"Point","coordinates":[77.504226,13.02786]}},{"type":"Feature","properties":{},"geometry":{"type":"Point","coordinates":[77.498504,13.027934]}},{"type":"Feature","properties":{},"geometry":{"type":"Point","coordinates":[77.506222,13.027939]}},{"type":"Feature","properties":{},"geometry":{"type":"Point","coordinates":[77.498563,13.028402]}},{"type":"Feature","properties":{},"geometry":{"type":"Point","coordinates":[77.498422,13.028421]}},{"type":"Feature","properties":{},"geometry":{"type":"Point","coordinates":[77.499524,13.028709]}},{"type":"Feature","properties":{},"geometry":{"type":"Point","coordinates":[77.503457,13.028903]}},{"type":"Feature","properties":{},"geometry":{"type":"Point","coordinates":[77.507038,13.02906]}},{"type":"Feature","properties":{},"geometry":{"type":"Point","coordinates":[77.498513,13.029205]}},{"type":"Feature","properties":{},"geometry":{"type":"Point","coordinates":[77.504973,13.029319]}},{"type":"Feature","properties":{},"geometry":{"type":"Point","coordinates":[77.500308,13.029481]}},{"type":"Feature","properties":{},"geometry":{"type":"Point","coordinates":[77.50666,13.029797]}},{"type":"Feature","properties":{},"geometry":{"type":"Point","coordinates":[77.506438,13.029843]}},{"type":"Feature","properties":{},"geometry":{"type":"Point","coordinates":[77.508307,13.030224]}},{"type":"Feature","properties":{},"geometry":{"type":"Point","coordinates":[77.569348,12.985691]}},{"type":"Feature","properties":{},"geometry":{"type":"Point","coordinates":[77.569817,12.987801]}},{"type":"Feature","properties":{},"geometry":{"type":"Point","coordinates":[77.5596,12.995702]}},{"type":"Feature","properties":{},"geometry":{"type":"Point","coordinates":[77.562941,12.995747]}},{"type":"Feature","properties":{},"geometry":{"type":"Point","coordinates":[77.564368,12.997802]}},{"type":"Feature","properties":{},"geometry":{"type":"Point","coordinates":[77.576747,12.996685]}},{"type":"Feature","properties":{},"geometry":{"type":"Point","coordinates":[77.561323,12.998083]}},{"type":"Feature","properties":{},"geometry":{"type":"Point","coordinates":[77.560398,12.998541]}},{"type":"Feature","properties":{},"geometry":{"type":"Point","coordinates":[77.57663,12.998677]}},{"type":"Feature","properties":{},"geometry":{"type":"Point","coordinates":[77.560351,12.998914]}},{"type":"Feature","properties":{},"geometry":{"type":"Point","coordinates":[77.562898,13.001443]}},{"type":"Feature","properties":{},"geometry":{"type":"Point","coordinates":[77.559469,13.001658]}},{"type":"Feature","properties":{},"geometry":{"type":"Point","coordinates":[77.57613,13.001667]}},{"type":"Feature","properties":{},"geometry":{"type":"Point","coordinates":[77.581139,13.002726]}},{"type":"Feature","properties":{},"geometry":{"type":"Point","coordinates":[77.59921,13.003125]}},{"type":"Feature","properties":{},"geometry":{"type":"Point","coordinates":[77.596882,13.004153]}},{"type":"Feature","properties":{},"geometry":{"type":"Point","coordinates":[77.600261,13.004729]}},{"type":"Feature","properties":{},"geometry":{"type":"Point","coordinates":[77.574256,13.005035]}},{"type":"Feature","properties":{},"geometry":{"type":"Point","coordinates":[77.598005,13.004825]}},{"type":"Feature","properties":{},"geometry":{"type":"Point","coordinates":[77.60132,13.007467]}},{"type":"Feature","properties":{},"geometry":{"type":"Point","coordinates":[77.602062,13.007549]}},{"type":"Feature","properties":{},"geometry":{"type":"Point","coordinates":[77.601192,13.008244]}},{"type":"Feature","properties":{},"geometry":{"type":"Point","coordinates":[77.555949,13.012862]}},{"type":"Feature","properties":{},"geometry":{"type":"Point","coordinates":[77.593979,13.012986]}},{"type":"Feature","properties":{},"geometry":{"type":"Point","coordinates":[77.594905,13.01342]}},{"type":"Feature","properties":{},"geometry":{"type":"Point","coordinates":[77.60158,13.016191]}},{"type":"Feature","properties":{},"geometry":{"type":"Point","coordinates":[77.596839,13.016712]}},{"type":"Feature","properties":{},"geometry":{"type":"Point","coordinates":[77.601744,13.016688]}},{"type":"Feature","properties":{},"geometry":{"type":"Point","coordinates":[77.602214,13.016801]}},{"type":"Feature","properties":{},"geometry":{"type":"Point","coordinates":[77.602513,13.016837]}},{"type":"Feature","properties":{},"geometry":{"type":"Point","coordinates":[77.602487,13.017218]}},{"type":"Feature","properties":{},"geometry":{"type":"Point","coordinates":[77.558556,13.019012]}},{"type":"Feature","properties":{},"geometry":{"type":"Point","coordinates":[77.562237,13.020138]}},{"type":"Feature","properties":{},"geometry":{"type":"Point","coordinates":[77.589637,13.019323]}},{"type":"Feature","properties":{},"geometry":{"type":"Point","coordinates":[77.588123,13.023259]}},{"type":"Feature","properties":{},"geometry":{"type":"Point","coordinates":[77.603344,13.02361]}},{"type":"Feature","properties":{},"geometry":{"type":"Point","coordinates":[77.597321,13.0246]}},{"type":"Feature","properties":{},"geometry":{"type":"Point","coordinates":[77.597821,13.024785]}},{"type":"Feature","properties":{},"geometry":{"type":"Point","coordinates":[77.591981,13.024845]}},{"type":"Feature","properties":{},"geometry":{"type":"Point","coordinates":[77.601409,13.028535]}},{"type":"Feature","properties":{},"geometry":{"type":"Point","coordinates":[77.596123,13.028891]}},{"type":"Feature","properties":{},"geometry":{"type":"Point","coordinates":[77.59901,13.028871]}},{"type":"Feature","properties":{},"geometry":{"type":"Point","coordinates":[77.602466,13.02935]}},{"type":"Feature","properties":{},"geometry":{"type":"Point","coordinates":[77.562758,13.029788]}},{"type":"Feature","properties":{},"geometry":{"type":"Point","coordinates":[77.596416,13.029696]}},{"type":"Feature","properties":{},"geometry":{"type":"Point","coordinates":[77.598968,13.0302]}},{"type":"Feature","properties":{},"geometry":{"type":"Point","coordinates":[77.605196,13.033693]}},{"type":"Feature","properties":{},"geometry":{"type":"Point","coordinates":[77.604975,13.039297]}},{"type":"Feature","properties":{},"geometry":{"type":"Point","coordinates":[77.564098,13.040196]}},{"type":"Feature","properties":{},"geometry":{"type":"Point","coordinates":[77.562635,13.040814]}},{"type":"Feature","properties":{},"geometry":{"type":"Point","coordinates":[77.565263,13.044159]}},{"type":"Feature","properties":{},"geometry":{"type":"Point","coordinates":[77.576751,13.04473]}},{"type":"Feature","properties":{},"geometry":{"type":"Point","coordinates":[77.513876,13.045562]}},{"type":"Feature","properties":{},"geometry":{"type":"Point","coordinates":[77.510216,13.046015]}},{"type":"Feature","properties":{},"geometry":{"type":"Point","coordinates":[77.515027,13.045917]}},{"type":"Feature","properties":{},"geometry":{"type":"Point","coordinates":[77.513544,13.046226]}},{"type":"Feature","properties":{},"geometry":{"type":"Point","coordinates":[77.512621,13.04633]}},{"type":"Feature","properties":{},"geometry":{"type":"Point","coordinates":[77.512417,13.047002]}},{"type":"Feature","properties":{},"geometry":{"type":"Point","coordinates":[77.51303,13.047359]}},{"type":"Feature","properties":{},"geometry":{"type":"Point","coordinates":[77.513651,13.047655]}},{"type":"Feature","properties":{},"geometry":{"type":"Point","coordinates":[77.508953,13.047869]}},{"type":"Feature","properties":{},"geometry":{"type":"Point","coordinates":[77.595705,13.04721]}},{"type":"Feature","properties":{},"geometry":{"type":"Point","coordinates":[77.508541,13.048632]}},{"type":"Feature","properties":{},"geometry":{"type":"Point","coordinates":[77.503514,13.048418]}},{"type":"Feature","properties":{},"geometry":{"type":"Point","coordinates":[77.502594,13.048645]}},{"type":"Feature","properties":{},"geometry":{"type":"Point","coordinates":[77.566162,13.048206]}},{"type":"Feature","properties":{},"geometry":{"type":"Point","coordinates":[77.504182,13.05429]}},{"type":"Feature","properties":{},"geometry":{"type":"Point","coordinates":[77.501878,13.049176]}},{"type":"Feature","properties":{},"geometry":{"type":"Point","coordinates":[77.502707,13.049184]}},{"type":"Feature","properties":{},"geometry":{"type":"Point","coordinates":[77.572533,13.048749]}},{"type":"Feature","properties":{},"geometry":{"type":"Point","coordinates":[77.503453,13.049476]}},{"type":"Feature","properties":{},"geometry":{"type":"Point","coordinates":[77.513167,13.050418]}},{"type":"Feature","properties":{},"geometry":{"type":"Point","coordinates":[77.502232,13.049706]}},{"type":"Feature","properties":{},"geometry":{"type":"Point","coordinates":[77.505762,13.049973]}},{"type":"Feature","properties":{},"geometry":{"type":"Point","coordinates":[77.503913,13.054369]}},{"type":"Feature","properties":{},"geometry":{"type":"Point","coordinates":[77.595998,13.049706]}},{"type":"Feature","properties":{},"geometry":{"type":"Point","coordinates":[77.506066,13.050598]}},{"type":"Feature","properties":{},"geometry":{"type":"Point","coordinates":[77.5057,13.050964]}},{"type":"Feature","properties":{},"geometry":{"type":"Point","coordinates":[77.587262,13.084908]}},{"type":"Feature","properties":{},"geometry":{"type":"Point","coordinates":[77.585723,13.08494]}},{"type":"Feature","properties":{},"geometry":{"type":"Point","coordinates":[77.555465,13.08556]}},{"type":"Feature","properties":{},"geometry":{"type":"Point","coordinates":[77.582922,13.086811]}},{"type":"Feature","properties":{},"geometry":{"type":"Point","coordinates":[77.591522,13.087366]}},{"type":"Feature","properties":{},"geometry":{"type":"Point","coordinates":[77.583081,13.088169]}},{"type":"Feature","properties":{},"geometry":{"type":"Point","coordinates":[77.581964,13.088679]}},{"type":"Feature","properties":{},"geometry":{"type":"Point","coordinates":[77.605637,13.089038]}},{"type":"Feature","properties":{},"geometry":{"type":"Point","coordinates":[77.606681,13.089258]}},{"type":"Feature","properties":{},"geometry":{"type":"Point","coordinates":[77.603282,13.089731]}},{"type":"Feature","properties":{},"geometry":{"type":"Point","coordinates":[77.602449,13.090844]}},{"type":"Feature","properties":{},"geometry":{"type":"Point","coordinates":[77.580887,13.091358]}},{"type":"Feature","properties":{},"geometry":{"type":"Point","coordinates":[77.578442,13.091699]}},{"type":"Feature","properties":{},"geometry":{"type":"Point","coordinates":[77.582087,13.091722]}},{"type":"Feature","properties":{},"geometry":{"type":"Point","coordinates":[77.584802,13.092455]}},{"type":"Feature","properties":{},"geometry":{"type":"Point","coordinates":[77.579017,13.093237]}},{"type":"Feature","properties":{},"geometry":{"type":"Point","coordinates":[77.580882,13.092651]}},{"type":"Feature","properties":{},"geometry":{"type":"Point","coordinates":[77.556745,13.093008]}},{"type":"Feature","properties":{},"geometry":{"type":"Point","coordinates":[77.600101,13.093706]}},{"type":"Feature","properties":{},"geometry":{"type":"Point","coordinates":[77.588064,13.093939]}},{"type":"Feature","properties":{},"geometry":{"type":"Point","coordinates":[77.580917,13.094192]}},{"type":"Feature","properties":{},"geometry":{"type":"Point","coordinates":[77.57777,13.095186]}},{"type":"Feature","properties":{},"geometry":{"type":"Point","coordinates":[77.592615,13.095225]}},{"type":"Feature","properties":{},"geometry":{"type":"Point","coordinates":[77.559564,13.096343]}},{"type":"Feature","properties":{},"geometry":{"type":"Point","coordinates":[77.593675,13.096779]}},{"type":"Feature","properties":{},"geometry":{"type":"Point","coordinates":[77.576703,13.097001]}},{"type":"Feature","properties":{},"geometry":{"type":"Point","coordinates":[77.627763,13.096651]}},{"type":"Feature","properties":{},"geometry":{"type":"Point","coordinates":[77.59906,13.096955]}},{"type":"Feature","properties":{},"geometry":{"type":"Point","coordinates":[77.559069,13.097565]}},{"type":"Feature","properties":{},"geometry":{"type":"Point","coordinates":[77.597573,13.097248]}},{"type":"Feature","properties":{},"geometry":{"type":"Point","coordinates":[77.588026,13.097833]}},{"type":"Feature","properties":{},"geometry":{"type":"Point","coordinates":[77.564826,13.099547]}},{"type":"Feature","properties":{},"geometry":{"type":"Point","coordinates":[77.566114,13.098235]}},{"type":"Feature","properties":{},"geometry":{"type":"Point","coordinates":[77.624632,13.097834]}},{"type":"Feature","properties":{},"geometry":{"type":"Point","coordinates":[77.562335,13.098593]}},{"type":"Feature","properties":{},"geometry":{"type":"Point","coordinates":[77.567698,13.098816]}},{"type":"Feature","properties":{},"geometry":{"type":"Point","coordinates":[77.576765,13.09875]}},{"type":"Feature","properties":{},"geometry":{"type":"Point","coordinates":[77.566745,13.098961]}},{"type":"Feature","properties":{},"geometry":{"type":"Point","coordinates":[77.583963,13.098883]}},{"type":"Feature","properties":{},"geometry":{"type":"Point","coordinates":[77.577984,13.099122]}},{"type":"Feature","properties":{},"geometry":{"type":"Point","coordinates":[77.593262,13.099062]}},{"type":"Feature","properties":{},"geometry":{"type":"Point","coordinates":[77.564862,13.099258]}},{"type":"Feature","properties":{},"geometry":{"type":"Point","coordinates":[77.567721,13.099374]}},{"type":"Feature","properties":{},"geometry":{"type":"Point","coordinates":[77.563796,13.099576]}},{"type":"Feature","properties":{},"geometry":{"type":"Point","coordinates":[77.564537,13.099994]}},{"type":"Feature","properties":{},"geometry":{"type":"Point","coordinates":[77.563612,13.100076]}},{"type":"Feature","properties":{},"geometry":{"type":"Point","coordinates":[77.572146,13.100009]}},{"type":"Feature","properties":{},"geometry":{"type":"Point","coordinates":[77.582329,13.100364]}},{"type":"Feature","properties":{},"geometry":{"type":"Point","coordinates":[77.568456,13.100811]}},{"type":"Feature","properties":{},"geometry":{"type":"Point","coordinates":[77.599947,13.101122]}},{"type":"Feature","properties":{},"geometry":{"type":"Point","coordinates":[77.585195,13.101436]}},{"type":"Feature","properties":{},"geometry":{"type":"Point","coordinates":[77.605055,13.10159]}},{"type":"Feature","properties":{},"geometry":{"type":"Point","coordinates":[77.618244,13.101578]}},{"type":"Feature","properties":{},"geometry":{"type":"Point","coordinates":[77.573667,13.102135]}},{"type":"Feature","properties":{},"geometry":{"type":"Point","coordinates":[77.567667,13.102341]}},{"type":"Feature","properties":{},"geometry":{"type":"Point","coordinates":[77.573236,13.102366]}},{"type":"Feature","properties":{},"geometry":{"type":"Point","coordinates":[77.565058,13.10282]}},{"type":"Feature","properties":{},"geometry":{"type":"Point","coordinates":[77.605271,13.102386]}},{"type":"Feature","properties":{},"geometry":{"type":"Point","coordinates":[77.604437,13.102483]}},{"type":"Feature","properties":{},"geometry":{"type":"Point","coordinates":[77.615781,13.102524]}},{"type":"Feature","properties":{},"geometry":{"type":"Point","coordinates":[77.573847,13.103894]}},{"type":"Feature","properties":{},"geometry":{"type":"Point","coordinates":[77.606075,13.103601]}},{"type":"Feature","properties":{},"geometry":{"type":"Point","coordinates":[77.605835,13.103673]}},{"type":"Feature","properties":{},"geometry":{"type":"Point","coordinates":[77.565733,13.104142]}},{"type":"Feature","properties":{},"geometry":{"type":"Point","coordinates":[77.616325,13.103761]}},{"type":"Feature","properties":{},"geometry":{"type":"Point","coordinates":[77.617107,13.103852]}},{"type":"Feature","properties":{},"geometry":{"type":"Point","coordinates":[77.634103,13.103715]}},{"type":"Feature","properties":{},"geometry":{"type":"Point","coordinates":[77.564944,13.104723]}},{"type":"Feature","properties":{},"geometry":{"type":"Point","coordinates":[77.61723,13.104237]}},{"type":"Feature","properties":{},"geometry":{"type":"Point","coordinates":[77.576916,13.10477]}},{"type":"Feature","properties":{},"geometry":{"type":"Point","coordinates":[77.596251,13.10459]}},{"type":"Feature","properties":{},"geometry":{"type":"Point","coordinates":[77.573939,13.104842]}},{"type":"Feature","properties":{},"geometry":{"type":"Point","coordinates":[77.59465,13.104837]}},{"type":"Feature","properties":{},"geometry":{"type":"Point","coordinates":[77.563394,13.105174]}},{"type":"Feature","properties":{},"geometry":{"type":"Point","coordinates":[77.572749,13.105481]}},{"type":"Feature","properties":{},"geometry":{"type":"Point","coordinates":[77.56401,13.105578]}},{"type":"Feature","properties":{},"geometry":{"type":"Point","coordinates":[77.616755,13.10515]}},{"type":"Feature","properties":{},"geometry":{"type":"Point","coordinates":[77.571652,13.108028]}},{"type":"Feature","properties":{},"geometry":{"type":"Point","coordinates":[77.595079,13.106032]}},{"type":"Feature","properties":{},"geometry":{"type":"Point","coordinates":[77.592348,13.106241]}},{"type":"Feature","properties":{},"geometry":{"type":"Point","coordinates":[77.592551,13.106345]}},{"type":"Feature","properties":{},"geometry":{"type":"Point","coordinates":[77.594538,13.106387]}},{"type":"Feature","properties":{},"geometry":{"type":"Point","coordinates":[77.591959,13.107321]}},{"type":"Feature","properties":{},"geometry":{"type":"Point","coordinates":[77.572549,13.107852]}},{"type":"Feature","properties":{},"geometry":{"type":"Point","coordinates":[77.565685,13.110171]}},{"type":"Feature","properties":{},"geometry":{"type":"Point","coordinates":[77.592972,13.108516]}},{"type":"Feature","properties":{},"geometry":{"type":"Point","coordinates":[77.606488,13.109656]}},{"type":"Feature","properties":{},"geometry":{"type":"Point","coordinates":[77.609016,13.110211]}},{"type":"Feature","properties":{},"geometry":{"type":"Point","coordinates":[77.608907,13.110617]}},{"type":"Feature","properties":{},"geometry":{"type":"Point","coordinates":[77.599864,13.111946]}},{"type":"Feature","properties":{},"geometry":{"type":"Point","coordinates":[77.578183,13.113635]}},{"type":"Feature","properties":{},"geometry":{"type":"Point","coordinates":[77.601681,13.113663]}},{"type":"Feature","properties":{},"geometry":{"type":"Point","coordinates":[77.601874,13.115477]}},{"type":"Feature","properties":{},"geometry":{"type":"Point","coordinates":[77.487487,13.058805]}},{"type":"Feature","properties":{},"geometry":{"type":"Point","coordinates":[77.489784,13.055385]}},{"type":"Feature","properties":{},"geometry":{"type":"Point","coordinates":[77.569902,13.117946]}},{"type":"Feature","properties":{},"geometry":{"type":"Point","coordinates":[77.515839,13.019462]}},{"type":"Feature","properties":{},"geometry":{"type":"Point","coordinates":[77.517731,13.018761]}},{"type":"Feature","properties":{},"geometry":{"type":"Point","coordinates":[77.516251,13.019919]}},{"type":"Feature","properties":{},"geometry":{"type":"Point","coordinates":[77.517426,13.020133]}},{"type":"Feature","properties":{},"geometry":{"type":"Point","coordinates":[77.505345,13.027621]}},{"type":"Feature","properties":{},"geometry":{"type":"Point","coordinates":[77.51789,13.017748]}},{"type":"Feature","properties":{},"geometry":{"type":"Point","coordinates":[77.518858,13.017366]}},{"type":"Feature","properties":{},"geometry":{"type":"Point","coordinates":[77.519152,13.017481]}},{"type":"Feature","properties":{},"geometry":{"type":"Point","coordinates":[77.519477,13.014973]}},{"type":"Feature","properties":{},"geometry":{"type":"Point","coordinates":[77.520055,13.015459]}},{"type":"Feature","properties":{},"geometry":{"type":"Point","coordinates":[77.518236,13.019645]}},{"type":"Feature","properties":{},"geometry":{"type":"Point","coordinates":[77.587221,13.078282]}},{"type":"Feature","properties":{},"geometry":{"type":"Point","coordinates":[77.589087,13.080214]}},{"type":"Feature","properties":{},"geometry":{"type":"Point","coordinates":[77.58752,13.081278]}},{"type":"Feature","properties":{},"geometry":{"type":"Point","coordinates":[77.585426,13.083434]}},{"type":"Feature","properties":{},"geometry":{"type":"Point","coordinates":[77.587415,13.083248]}},{"type":"Feature","properties":{},"geometry":{"type":"Point","coordinates":[77.588675,13.082943]}},{"type":"Feature","properties":{},"geometry":{"type":"Point","coordinates":[77.588854,13.084772]}},{"type":"Feature","properties":{},"geometry":{"type":"Point","coordinates":[77.586509,13.083968]}},{"type":"Feature","properties":{},"geometry":{"type":"Point","coordinates":[77.588351,13.087816]}},{"type":"Feature","properties":{},"geometry":{"type":"Point","coordinates":[77.587617,13.086577]}},{"type":"Feature","properties":{},"geometry":{"type":"Point","coordinates":[77.586216,13.088003]}},{"type":"Feature","properties":{},"geometry":{"type":"Point","coordinates":[77.582872,13.089317]}},{"type":"Feature","properties":{},"geometry":{"type":"Point","coordinates":[77.582975,13.089003]}},{"type":"Feature","properties":{},"geometry":{"type":"Point","coordinates":[77.58242,13.089562]}},{"type":"Feature","properties":{},"geometry":{"type":"Point","coordinates":[77.582099,13.088861]}},{"type":"Feature","properties":{},"geometry":{"type":"Point","coordinates":[77.582494,13.087748]}},{"type":"Feature","properties":{},"geometry":{"type":"Point","coordinates":[77.583066,13.086638]}},{"type":"Feature","properties":{},"geometry":{"type":"Point","coordinates":[77.584621,13.084579]}},{"type":"Feature","properties":{},"geometry":{"type":"Point","coordinates":[77.585396,13.085864]}},{"type":"Feature","properties":{},"geometry":{"type":"Point","coordinates":[77.585965,13.086017]}},{"type":"Feature","properties":{},"geometry":{"type":"Point","coordinates":[77.581288,13.08966]}},{"type":"Feature","properties":{},"geometry":{"type":"Point","coordinates":[77.581969,13.090239]}},{"type":"Feature","properties":{},"geometry":{"type":"Point","coordinates":[77.581868,13.090757]}},{"type":"Feature","properties":{},"geometry":{"type":"Point","coordinates":[77.581019,13.090404]}},{"type":"Feature","properties":{},"geometry":{"type":"Point","coordinates":[77.58086,13.090182]}},{"type":"Feature","properties":{},"geometry":{"type":"Point","coordinates":[77.580577,13.089318]}},{"type":"Feature","properties":{},"geometry":{"type":"Point","coordinates":[77.580044,13.087285]}},{"type":"Feature","properties":{},"geometry":{"type":"Point","coordinates":[77.580815,13.090885]}},{"type":"Feature","properties":{},"geometry":{"type":"Point","coordinates":[77.580335,13.090372]}},{"type":"Feature","properties":{},"geometry":{"type":"Point","coordinates":[77.579404,13.091204]}},{"type":"Feature","properties":{},"geometry":{"type":"Point","coordinates":[77.578207,13.091048]}},{"type":"Feature","properties":{},"geometry":{"type":"Point","coordinates":[77.577781,13.091547]}},{"type":"Feature","properties":{},"geometry":{"type":"Point","coordinates":[77.576432,13.092153]}},{"type":"Feature","properties":{},"geometry":{"type":"Point","coordinates":[77.577969,13.092761]}},{"type":"Feature","properties":{},"geometry":{"type":"Point","coordinates":[77.577328,13.092541]}},{"type":"Feature","properties":{},"geometry":{"type":"Point","coordinates":[77.580262,13.093589]}},{"type":"Feature","properties":{},"geometry":{"type":"Point","coordinates":[77.581003,13.092469]}},{"type":"Feature","properties":{},"geometry":{"type":"Point","coordinates":[77.581633,13.092558]}},{"type":"Feature","properties":{},"geometry":{"type":"Point","coordinates":[77.582139,13.092696]}},{"type":"Feature","properties":{},"geometry":{"type":"Point","coordinates":[77.582521,13.09104]}},{"type":"Feature","properties":{},"geometry":{"type":"Point","coordinates":[77.582598,13.092841]}},{"type":"Feature","properties":{},"geometry":{"type":"Point","coordinates":[77.584081,13.093055]}},{"type":"Feature","properties":{},"geometry":{"type":"Point","coordinates":[77.587841,13.093877]}},{"type":"Feature","properties":{},"geometry":{"type":"Point","coordinates":[77.58574,13.09321]}},{"type":"Feature","properties":{},"geometry":{"type":"Point","coordinates":[77.590917,13.093146]}},{"type":"Feature","properties":{},"geometry":{"type":"Point","coordinates":[77.592375,13.096835]}},{"type":"Feature","properties":{},"geometry":{"type":"Point","coordinates":[77.594225,13.09411]}},{"type":"Feature","properties":{},"geometry":{"type":"Point","coordinates":[77.594439,13.0942]}},{"type":"Feature","properties":{},"geometry":{"type":"Point","coordinates":[77.58211,13.094792]}},{"type":"Feature","properties":{},"geometry":{"type":"Point","coordinates":[77.581935,13.096164]}},{"type":"Feature","properties":{},"geometry":{"type":"Point","coordinates":[77.57961,13.095763]}},{"type":"Feature","properties":{},"geometry":{"type":"Point","coordinates":[77.581165,13.09752]}},{"type":"Feature","properties":{},"geometry":{"type":"Point","coordinates":[77.579614,13.097614]}},{"type":"Feature","properties":{},"geometry":{"type":"Point","coordinates":[77.578567,13.095606]}},{"type":"Feature","properties":{},"geometry":{"type":"Point","coordinates":[77.576823,13.094807]}},{"type":"Feature","properties":{},"geometry":{"type":"Point","coordinates":[77.576271,13.094851]}},{"type":"Feature","properties":{},"geometry":{"type":"Point","coordinates":[77.576923,13.095169]}},{"type":"Feature","properties":{},"geometry":{"type":"Point","coordinates":[77.576029,13.093799]}},{"type":"Feature","properties":{},"geometry":{"type":"Point","coordinates":[77.576348,13.098594]}},{"type":"Feature","properties":{},"geometry":{"type":"Point","coordinates":[77.575696,13.097638]}},{"type":"Feature","properties":{},"geometry":{"type":"Point","coordinates":[77.575615,13.097363]}},{"type":"Feature","properties":{},"geometry":{"type":"Point","coordinates":[77.576374,13.095684]}},{"type":"Feature","properties":{},"geometry":{"type":"Point","coordinates":[77.577787,13.097539]}},{"type":"Feature","properties":{},"geometry":{"type":"Point","coordinates":[77.57164,13.097475]}},{"type":"Feature","properties":{},"geometry":{"type":"Point","coordinates":[77.581119,13.093805]}},{"type":"Feature","properties":{},"geometry":{"type":"Point","coordinates":[77.578455,13.097491]}},{"type":"Feature","properties":{},"geometry":{"type":"Point","coordinates":[77.585546,13.098921]}},{"type":"Feature","properties":{},"geometry":{"type":"Point","coordinates":[77.591286,13.077575]}},{"type":"Feature","properties":{},"geometry":{"type":"Point","coordinates":[77.590023,13.077943]}},{"type":"Feature","properties":{},"geometry":{"type":"Point","coordinates":[77.565937,13.112132]}},{"type":"Feature","properties":{},"geometry":{"type":"Point","coordinates":[77.564632,13.106599]}},{"type":"Feature","properties":{},"geometry":{"type":"Point","coordinates":[77.563905,13.106899]}},{"type":"Feature","properties":{},"geometry":{"type":"Point","coordinates":[77.566494,13.103987]}},{"type":"Feature","properties":{},"geometry":{"type":"Point","coordinates":[77.56789,13.103713]}},{"type":"Feature","properties":{},"geometry":{"type":"Point","coordinates":[77.570124,13.10471]}},{"type":"Feature","properties":{},"geometry":{"type":"Point","coordinates":[77.57075,13.104218]}},{"type":"Feature","properties":{},"geometry":{"type":"Point","coordinates":[77.571491,13.104344]}},{"type":"Feature","properties":{},"geometry":{"type":"Point","coordinates":[77.571926,13.104299]}},{"type":"Feature","properties":{},"geometry":{"type":"Point","coordinates":[77.570853,13.107628]}},{"type":"Feature","properties":{},"geometry":{"type":"Point","coordinates":[77.570436,13.106006]}},{"type":"Feature","properties":{},"geometry":{"type":"Point","coordinates":[77.573509,13.108474]}},{"type":"Feature","properties":{},"geometry":{"type":"Point","coordinates":[77.57611,13.109441]}},{"type":"Feature","properties":{},"geometry":{"type":"Point","coordinates":[77.576923,13.107801]}},{"type":"Feature","properties":{},"geometry":{"type":"Point","coordinates":[77.577217,13.106681]}},{"type":"Feature","properties":{},"geometry":{"type":"Point","coordinates":[77.575845,13.105308]}},{"type":"Feature","properties":{},"geometry":{"type":"Point","coordinates":[77.575862,13.106149]}},{"type":"Feature","properties":{},"geometry":{"type":"Point","coordinates":[77.562141,13.106829]}},{"type":"Feature","properties":{},"geometry":{"type":"Point","coordinates":[77.566797,13.105979]}},{"type":"Feature","properties":{},"geometry":{"type":"Point","coordinates":[77.570264,13.100085]}},{"type":"Feature","properties":{},"geometry":{"type":"Point","coordinates":[77.575399,13.103405]}},{"type":"Feature","properties":{},"geometry":{"type":"Point","coordinates":[77.575948,13.103553]}},{"type":"Feature","properties":{},"geometry":{"type":"Point","coordinates":[77.561458,13.097724]}},{"type":"Feature","properties":{},"geometry":{"type":"Point","coordinates":[77.574652,13.107015]}},{"type":"Feature","properties":{},"geometry":{"type":"Point","coordinates":[77.573153,13.103085]}},{"type":"Feature","properties":{},"geometry":{"type":"Point","coordinates":[77.572545,13.101901]}},{"type":"Feature","properties":{},"geometry":{"type":"Point","coordinates":[77.56652,13.104676]}},{"type":"Feature","properties":{},"geometry":{"type":"Point","coordinates":[77.566705,13.100133]}},{"type":"Feature","properties":{},"geometry":{"type":"Point","coordinates":[77.567254,13.102037]}},{"type":"Feature","properties":{},"geometry":{"type":"Point","coordinates":[77.518777,13.057113]}},{"type":"Feature","properties":{},"geometry":{"type":"Point","coordinates":[77.518655,13.057139]}},{"type":"Feature","properties":{},"geometry":{"type":"Point","coordinates":[77.518052,13.056802]}},{"type":"Feature","properties":{},"geometry":{"type":"Point","coordinates":[77.518849,13.056304]}},{"type":"Feature","properties":{},"geometry":{"type":"Point","coordinates":[77.518961,13.055956]}},{"type":"Feature","properties":{},"geometry":{"type":"Point","coordinates":[77.518501,13.055724]}},{"type":"Feature","properties":{},"geometry":{"type":"Point","coordinates":[77.517955,13.054238]}},{"type":"Feature","properties":{},"geometry":{"type":"Point","coordinates":[77.517722,13.053534]}},{"type":"Feature","properties":{},"geometry":{"type":"Point","coordinates":[77.516503,13.053043]}},{"type":"Feature","properties":{},"geometry":{"type":"Point","coordinates":[77.517741,13.049926]}},{"type":"Feature","properties":{},"geometry":{"type":"Point","coordinates":[77.516289,13.051866]}},{"type":"Feature","properties":{},"geometry":{"type":"Point","coordinates":[77.518417,13.057669]}},{"type":"Feature","properties":{},"geometry":{"type":"Point","coordinates":[77.513276,13.050825]}},{"type":"Feature","properties":{},"geometry":{"type":"Point","coordinates":[77.513485,13.051328]}},{"type":"Feature","properties":{},"geometry":{"type":"Point","coordinates":[77.515785,13.057591]}},{"type":"Feature","properties":{},"geometry":{"type":"Point","coordinates":[77.509358,13.057799]}},{"type":"Feature","properties":{},"geometry":{"type":"Point","coordinates":[77.513969,13.057834]}},{"type":"Feature","properties":{},"geometry":{"type":"Point","coordinates":[77.51091,13.05577]}},{"type":"Feature","properties":{},"geometry":{"type":"Point","coordinates":[77.510675,13.05707]}},{"type":"Feature","properties":{},"geometry":{"type":"Point","coordinates":[77.511195,13.058801]}},{"type":"Feature","properties":{},"geometry":{"type":"Point","coordinates":[77.514939,13.053019]}},{"type":"Feature","properties":{},"geometry":{"type":"Point","coordinates":[77.600541,13.025685]}},{"type":"Feature","properties":{},"geometry":{"type":"Point","coordinates":[77.602572,13.022215]}},{"type":"Feature","properties":{},"geometry":{"type":"Point","coordinates":[77.603659,13.025269]}},{"type":"Feature","properties":{},"geometry":{"type":"Point","coordinates":[77.604861,13.027387]}},{"type":"Feature","properties":{},"geometry":{"type":"Point","coordinates":[77.604731,13.027745]}},{"type":"Feature","properties":{},"geometry":{"type":"Point","coordinates":[77.604895,13.02169]}},{"type":"Feature","properties":{},"geometry":{"type":"Point","coordinates":[77.60678,13.025315]}},{"type":"Feature","properties":{},"geometry":{"type":"Point","coordinates":[77.608592,13.029348]}},{"type":"Feature","properties":{},"geometry":{"type":"Point","coordinates":[77.609313,13.030645]}},{"type":"Feature","properties":{},"geometry":{"type":"Point","coordinates":[77.609916,13.031446]}},{"type":"Feature","properties":{},"geometry":{"type":"Point","coordinates":[77.610336,13.032227]}},{"type":"Feature","properties":{},"geometry":{"type":"Point","coordinates":[77.610367,13.033885]}},{"type":"Feature","properties":{},"geometry":{"type":"Point","coordinates":[77.610931,13.033754]}},{"type":"Feature","properties":{},"geometry":{"type":"Point","coordinates":[77.609467,13.034274]}},{"type":"Feature","properties":{},"geometry":{"type":"Point","coordinates":[77.609847,13.036887]}},{"type":"Feature","properties":{},"geometry":{"type":"Point","coordinates":[77.612396,13.031807]}},{"type":"Feature","properties":{},"geometry":{"type":"Point","coordinates":[77.612712,13.03055]}},{"type":"Feature","properties":{},"geometry":{"type":"Point","coordinates":[77.613692,13.029824]}},{"type":"Feature","properties":{},"geometry":{"type":"Point","coordinates":[77.612605,13.029498]}},{"type":"Feature","properties":{},"geometry":{"type":"Point","coordinates":[77.612703,13.027945]}},{"type":"Feature","properties":{},"geometry":{"type":"Point","coordinates":[77.60892,13.023544]}},{"type":"Feature","properties":{},"geometry":{"type":"Point","coordinates":[77.609148,13.024052]}},{"type":"Feature","properties":{},"geometry":{"type":"Point","coordinates":[77.608811,13.022855]}},{"type":"Feature","properties":{},"geometry":{"type":"Point","coordinates":[77.607626,13.021339]}},{"type":"Feature","properties":{},"geometry":{"type":"Point","coordinates":[77.607641,13.019962]}},{"type":"Feature","properties":{},"geometry":{"type":"Point","coordinates":[77.606434,13.020945]}},{"type":"Feature","properties":{},"geometry":{"type":"Point","coordinates":[77.606388,13.021732]}},{"type":"Feature","properties":{},"geometry":{"type":"Point","coordinates":[77.53317,13.055834]}},{"type":"Feature","properties":{},"geometry":{"type":"Point","coordinates":[77.532894,13.056354]}},{"type":"Feature","properties":{},"geometry":{"type":"Point","coordinates":[77.530809,13.061116]}},{"type":"Feature","properties":{},"geometry":{"type":"Point","coordinates":[77.532551,13.057168]}},{"type":"Feature","properties":{},"geometry":{"type":"Point","coordinates":[77.532434,13.057538]}},{"type":"Feature","properties":{},"geometry":{"type":"Point","coordinates":[77.532325,13.057507]}},{"type":"Feature","properties":{},"geometry":{"type":"Point","coordinates":[77.528924,13.06422]}},{"type":"Feature","properties":{},"geometry":{"type":"Point","coordinates":[77.528956,13.064371]}},{"type":"Feature","properties":{},"geometry":{"type":"Point","coordinates":[77.530918,13.06435]}},{"type":"Feature","properties":{},"geometry":{"type":"Point","coordinates":[77.529947,13.064501]}},{"type":"Feature","properties":{},"geometry":{"type":"Point","coordinates":[77.5318,13.064842]}},{"type":"Feature","properties":{},"geometry":{"type":"Point","coordinates":[77.531273,13.064943]}},{"type":"Feature","properties":{},"geometry":{"type":"Point","coordinates":[77.532232,13.062329]}},{"type":"Feature","properties":{},"geometry":{"type":"Point","coordinates":[77.53042,13.063502]}},{"type":"Feature","properties":{},"geometry":{"type":"Point","coordinates":[77.529426,13.065163]}},{"type":"Feature","properties":{},"geometry":{"type":"Point","coordinates":[77.534135,13.055889]}},{"type":"Feature","properties":{},"geometry":{"type":"Point","coordinates":[77.533916,13.056345]}},{"type":"Feature","properties":{},"geometry":{"type":"Point","coordinates":[77.53437,13.056107]}},{"type":"Feature","properties":{},"geometry":{"type":"Point","coordinates":[77.534614,13.056048]}},{"type":"Feature","properties":{},"geometry":{"type":"Point","coordinates":[77.534358,13.055953]}},{"type":"Feature","properties":{},"geometry":{"type":"Point","coordinates":[77.534667,13.055924]}},{"type":"Feature","properties":{},"geometry":{"type":"Point","coordinates":[77.535113,13.056076]}},{"type":"Feature","properties":{},"geometry":{"type":"Point","coordinates":[77.532762,13.057161]}},{"type":"Feature","properties":{},"geometry":{"type":"Point","coordinates":[77.533625,13.060097]}},{"type":"Feature","properties":{},"geometry":{"type":"Point","coordinates":[77.533255,13.05966]}},{"type":"Feature","properties":{},"geometry":{"type":"Point","coordinates":[77.533607,13.058735]}},{"type":"Feature","properties":{},"geometry":{"type":"Point","coordinates":[77.533608,13.058948]}},{"type":"Feature","properties":{},"geometry":{"type":"Point","coordinates":[77.533434,13.057119]}},{"type":"Feature","properties":{},"geometry":{"type":"Point","coordinates":[77.533747,13.057029]}},{"type":"Feature","properties":{},"geometry":{"type":"Point","coordinates":[77.532464,13.05864]}},{"type":"Feature","properties":{},"geometry":{"type":"Point","coordinates":[77.532535,13.05883]}},{"type":"Feature","properties":{},"geometry":{"type":"Point","coordinates":[77.534464,13.062804]}},{"type":"Feature","properties":{},"geometry":{"type":"Point","coordinates":[77.534437,13.063113]}},{"type":"Feature","properties":{},"geometry":{"type":"Point","coordinates":[77.533615,13.06202]}},{"type":"Feature","properties":{},"geometry":{"type":"Point","coordinates":[77.533406,13.061756]}},{"type":"Feature","properties":{},"geometry":{"type":"Point","coordinates":[77.533635,13.06144]}},{"type":"Feature","properties":{},"geometry":{"type":"Point","coordinates":[77.53356,13.060767]}},{"type":"Feature","properties":{},"geometry":{"type":"Point","coordinates":[77.533194,13.060869]}},{"type":"Feature","properties":{},"geometry":{"type":"Point","coordinates":[77.531799,13.061134]}},{"type":"Feature","properties":{},"geometry":{"type":"Point","coordinates":[77.531677,13.060687]}},{"type":"Feature","properties":{},"geometry":{"type":"Point","coordinates":[77.53213,13.0606]}},{"type":"Feature","properties":{},"geometry":{"type":"Point","coordinates":[77.531287,13.061764]}},{"type":"Feature","properties":{},"geometry":{"type":"Point","coordinates":[77.531025,13.063146]}},{"type":"Feature","properties":{},"geometry":{"type":"Point","coordinates":[77.530503,13.064801]}},{"type":"Feature","properties":{},"geometry":{"type":"Point","coordinates":[77.529883,13.06484]}},{"type":"Feature","properties":{},"geometry":{"type":"Point","coordinates":[77.530261,13.065109]}},{"type":"Feature","properties":{},"geometry":{"type":"Point","coordinates":[77.529557,13.065724]}},{"type":"Feature","properties":{},"geometry":{"type":"Point","coordinates":[77.530999,13.064973]}},{"type":"Feature","properties":{},"geometry":{"type":"Point","coordinates":[77.529109,13.066525]}},{"type":"Feature","properties":{},"geometry":{"type":"Point","coordinates":[77.527532,13.064866]}},{"type":"Feature","properties":{},"geometry":{"type":"Point","coordinates":[77.528117,13.064647]}},{"type":"Feature","properties":{},"geometry":{"type":"Point","coordinates":[77.532245,13.067539]}},{"type":"Feature","properties":{},"geometry":{"type":"Point","coordinates":[77.53256,13.067422]}},{"type":"Feature","properties":{},"geometry":{"type":"Point","coordinates":[77.533673,13.067073]}},{"type":"Feature","properties":{},"geometry":{"type":"Point","coordinates":[77.527774,13.064236]}},{"type":"Feature","properties":{},"geometry":{"type":"Point","coordinates":[77.529476,13.06362]}},{"type":"Feature","properties":{},"geometry":{"type":"Point","coordinates":[77.528885,13.063735]}},{"type":"Feature","properties":{},"geometry":{"type":"Point","coordinates":[77.527471,13.065913]}},{"type":"Feature","properties":{},"geometry":{"type":"Point","coordinates":[77.527402,13.067168]}},{"type":"Feature","properties":{},"geometry":{"type":"Point","coordinates":[77.524026,13.065138]}},{"type":"Feature","properties":{},"geometry":{"type":"Point","coordinates":[77.523089,13.065929]}},{"type":"Feature","properties":{},"geometry":{"type":"Point","coordinates":[77.528471,13.046299]}},{"type":"Feature","properties":{},"geometry":{"type":"Point","coordinates":[77.529779,13.046417]}},{"type":"Feature","properties":{},"geometry":{"type":"Point","coordinates":[77.527382,13.046073]}},{"type":"Feature","properties":{},"geometry":{"type":"Point","coordinates":[77.528322,13.046435]}},{"type":"Feature","properties":{},"geometry":{"type":"Point","coordinates":[77.527125,13.04686]}},{"type":"Feature","properties":{},"geometry":{"type":"Point","coordinates":[77.529697,13.047369]}},{"type":"Feature","properties":{},"geometry":{"type":"Point","coordinates":[77.528464,13.047308]}},{"type":"Feature","properties":{},"geometry":{"type":"Point","coordinates":[77.526599,13.045914]}},{"type":"Feature","properties":{},"geometry":{"type":"Point","coordinates":[77.526262,13.046007]}},{"type":"Feature","properties":{},"geometry":{"type":"Point","coordinates":[77.526101,13.046293]}},{"type":"Feature","properties":{},"geometry":{"type":"Point","coordinates":[77.527755,13.045831]}},{"type":"Feature","properties":{},"geometry":{"type":"Point","coordinates":[77.52795,13.046149]}},{"type":"Feature","properties":{},"geometry":{"type":"Point","coordinates":[77.530095,13.047541]}},{"type":"Feature","properties":{},"geometry":{"type":"Point","coordinates":[77.533079,13.052754]}},{"type":"Feature","properties":{},"geometry":{"type":"Point","coordinates":[77.53203,13.052933]}},{"type":"Feature","properties":{},"geometry":{"type":"Point","coordinates":[77.531961,13.052717]}},{"type":"Feature","properties":{},"geometry":{"type":"Point","coordinates":[77.532267,13.052537]}},{"type":"Feature","properties":{},"geometry":{"type":"Point","coordinates":[77.548113,13.044532]}},{"type":"Feature","properties":{},"geometry":{"type":"Point","coordinates":[77.548579,13.043703]}},{"type":"Feature","properties":{},"geometry":{"type":"Point","coordinates":[77.549132,13.043631]}},{"type":"Feature","properties":{},"geometry":{"type":"Point","coordinates":[77.549634,13.042684]}},{"type":"Feature","properties":{},"geometry":{"type":"Point","coordinates":[77.550844,13.043764]}},{"type":"Feature","properties":{},"geometry":{"type":"Point","coordinates":[77.551013,13.044147]}},{"type":"Feature","properties":{},"geometry":{"type":"Point","coordinates":[77.549998,13.045255]}},{"type":"Feature","properties":{},"geometry":{"type":"Point","coordinates":[77.550043,13.045482]}},{"type":"Feature","properties":{},"geometry":{"type":"Point","coordinates":[77.550084,13.046977]}},{"type":"Feature","properties":{},"geometry":{"type":"Point","coordinates":[77.549755,13.045749]}},{"type":"Feature","properties":{},"geometry":{"type":"Point","coordinates":[77.549438,13.047469]}},{"type":"Feature","properties":{},"geometry":{"type":"Point","coordinates":[77.549416,13.048253]}},{"type":"Feature","properties":{},"geometry":{"type":"Point","coordinates":[77.549208,13.048364]}},{"type":"Feature","properties":{},"geometry":{"type":"Point","coordinates":[77.549361,13.048435]}},{"type":"Feature","properties":{},"geometry":{"type":"Point","coordinates":[77.546953,13.048662]}},{"type":"Feature","properties":{},"geometry":{"type":"Point","coordinates":[77.546358,13.048692]}},{"type":"Feature","properties":{},"geometry":{"type":"Point","coordinates":[77.546508,13.048529]}},{"type":"Feature","properties":{},"geometry":{"type":"Point","coordinates":[77.549668,13.048141]}},{"type":"Feature","properties":{},"geometry":{"type":"Point","coordinates":[77.547676,13.049119]}},{"type":"Feature","properties":{},"geometry":{"type":"Point","coordinates":[77.545338,13.04874]}},{"type":"Feature","properties":{},"geometry":{"type":"Point","coordinates":[77.54601,13.048888]}},{"type":"Feature","properties":{},"geometry":{"type":"Point","coordinates":[77.543982,13.046953]}},{"type":"Feature","properties":{},"geometry":{"type":"Point","coordinates":[77.549667,13.049009]}},{"type":"Feature","properties":{},"geometry":{"type":"Point","coordinates":[77.548709,13.0472]}},{"type":"Feature","properties":{},"geometry":{"type":"Point","coordinates":[77.54544,13.048213]}},{"type":"Feature","properties":{},"geometry":{"type":"Point","coordinates":[77.536458,13.051536]}},{"type":"Feature","properties":{},"geometry":{"type":"Point","coordinates":[77.543753,13.046098]}},{"type":"Feature","properties":{},"geometry":{"type":"Point","coordinates":[77.544993,13.045556]}},{"type":"Feature","properties":{},"geometry":{"type":"Point","coordinates":[77.546353,13.045976]}},{"type":"Feature","properties":{},"geometry":{"type":"Point","coordinates":[77.546813,13.046535]}},{"type":"Feature","properties":{},"geometry":{"type":"Point","coordinates":[77.547922,13.045374]}},{"type":"Feature","properties":{},"geometry":{"type":"Point","coordinates":[77.548798,13.046916]}},{"type":"Feature","properties":{},"geometry":{"type":"Point","coordinates":[77.548954,13.046535]}},{"type":"Feature","properties":{},"geometry":{"type":"Point","coordinates":[77.549208,13.048364]}},{"type":"Feature","properties":{},"geometry":{"type":"Point","coordinates":[77.547354,13.046765]}},{"type":"Feature","properties":{},"geometry":{"type":"Point","coordinates":[77.5473,13.046649]}},{"type":"Feature","properties":{},"geometry":{"type":"Point","coordinates":[77.548127,13.046038]}},{"type":"Feature","properties":{},"geometry":{"type":"Point","coordinates":[77.545782,13.043236]}},{"type":"Feature","properties":{},"geometry":{"type":"Point","coordinates":[77.546779,13.042665]}},{"type":"Feature","properties":{},"geometry":{"type":"Point","coordinates":[77.544713,13.044301]}},{"type":"Feature","properties":{},"geometry":{"type":"Point","coordinates":[77.54581,13.043813]}},{"type":"Feature","properties":{},"geometry":{"type":"Point","coordinates":[77.610479,13.111171]}},{"type":"Feature","properties":{},"geometry":{"type":"Point","coordinates":[77.611483,13.109963]}},{"type":"Feature","properties":{},"geometry":{"type":"Point","coordinates":[77.607139,13.109647]}},{"type":"Feature","properties":{},"geometry":{"type":"Point","coordinates":[77.607748,13.10993]}},{"type":"Feature","properties":{},"geometry":{"type":"Point","coordinates":[77.608689,13.109978]}},{"type":"Feature","properties":{},"geometry":{"type":"Point","coordinates":[77.570952,13.042541]}},{"type":"Feature","properties":{},"geometry":{"type":"Point","coordinates":[77.57173,13.042103]}},{"type":"Feature","properties":{},"geometry":{"type":"Point","coordinates":[77.571793,13.042088]}},{"type":"Feature","properties":{},"geometry":{"type":"Point","coordinates":[77.570774,13.042037]}},{"type":"Feature","properties":{},"geometry":{"type":"Point","coordinates":[77.571757,13.041796]}},{"type":"Feature","properties":{},"geometry":{"type":"Point","coordinates":[77.57374,13.039471]}},{"type":"Feature","properties":{},"geometry":{"type":"Point","coordinates":[77.572109,13.040972]}},{"type":"Feature","properties":{},"geometry":{"type":"Point","coordinates":[77.571375,13.040348]}},{"type":"Feature","properties":{},"geometry":{"type":"Point","coordinates":[77.572217,13.039215]}},{"type":"Feature","properties":{},"geometry":{"type":"Point","coordinates":[77.571332,13.039116]}},{"type":"Feature","properties":{},"geometry":{"type":"Point","coordinates":[77.571696,13.03729]}},{"type":"Feature","properties":{},"geometry":{"type":"Point","coordinates":[77.575645,13.033274]}},{"type":"Feature","properties":{},"geometry":{"type":"Point","coordinates":[77.570797,13.04521]}},{"type":"Feature","properties":{},"geometry":{"type":"Point","coordinates":[77.57197,13.031068]}},{"type":"Feature","properties":{},"geometry":{"type":"Point","coordinates":[77.569524,13.045762]}},{"type":"Feature","properties":{},"geometry":{"type":"Point","coordinates":[77.568823,13.044383]}},{"type":"Feature","properties":{},"geometry":{"type":"Point","coordinates":[77.565425,13.045209]}},{"type":"Feature","properties":{},"geometry":{"type":"Point","coordinates":[77.563803,13.042943]}},{"type":"Feature","properties":{},"geometry":{"type":"Point","coordinates":[77.563992,13.040943]}},{"type":"Feature","properties":{},"geometry":{"type":"Point","coordinates":[77.564528,13.044814]}},{"type":"Feature","properties":{},"geometry":{"type":"Point","coordinates":[77.564505,13.045213]}},{"type":"Feature","properties":{},"geometry":{"type":"Point","coordinates":[77.564266,13.045201]}},{"type":"Feature","properties":{},"geometry":{"type":"Point","coordinates":[77.56817,13.038164]}},{"type":"Feature","properties":{},"geometry":{"type":"Point","coordinates":[77.578418,13.029197]}},{"type":"Feature","properties":{},"geometry":{"type":"Point","coordinates":[77.569627,13.045137]}},{"type":"Feature","properties":{},"geometry":{"type":"Point","coordinates":[77.550954,13.039855]}},{"type":"Feature","properties":{},"geometry":{"type":"Point","coordinates":[77.55112,13.039557]}},{"type":"Feature","properties":{},"geometry":{"type":"Point","coordinates":[77.551256,13.040359]}},{"type":"Feature","properties":{},"geometry":{"type":"Point","coordinates":[77.552393,13.041672]}},{"type":"Feature","properties":{},"geometry":{"type":"Point","coordinates":[77.552435,13.04229]}},{"type":"Feature","properties":{},"geometry":{"type":"Point","coordinates":[77.550372,13.04117]}},{"type":"Feature","properties":{},"geometry":{"type":"Point","coordinates":[77.548811,13.041306]}},{"type":"Feature","properties":{},"geometry":{"type":"Point","coordinates":[77.548758,13.040947]}},{"type":"Feature","properties":{},"geometry":{"type":"Point","coordinates":[77.550356,13.038996]}},{"type":"Feature","properties":{},"geometry":{"type":"Point","coordinates":[77.550682,13.038908]}},{"type":"Feature","properties":{},"geometry":{"type":"Point","coordinates":[77.54817,13.03658]}},{"type":"Feature","properties":{},"geometry":{"type":"Point","coordinates":[77.551176,13.029691]}},{"type":"Feature","properties":{},"geometry":{"type":"Point","coordinates":[77.552323,13.038653]}},{"type":"Feature","properties":{},"geometry":{"type":"Point","coordinates":[77.550657,13.030202]}},{"type":"Feature","properties":{},"geometry":{"type":"Point","coordinates":[77.550793,13.030477]}},{"type":"Feature","properties":{},"geometry":{"type":"Point","coordinates":[77.54982,13.028931]}},{"type":"Feature","properties":{},"geometry":{"type":"Point","coordinates":[77.549408,13.030746]}},{"type":"Feature","properties":{},"geometry":{"type":"Point","coordinates":[77.549403,13.030878]}},{"type":"Feature","properties":{},"geometry":{"type":"Point","coordinates":[77.549921,13.028269]}},{"type":"Feature","properties":{},"geometry":{"type":"Point","coordinates":[77.550116,13.028005]}},{"type":"Feature","properties":{},"geometry":{"type":"Point","coordinates":[77.549408,13.0295]}},{"type":"Feature","properties":{},"geometry":{"type":"Point","coordinates":[77.549724,13.029582]}},{"type":"Feature","properties":{},"geometry":{"type":"Point","coordinates":[77.550903,13.031494]}},{"type":"Feature","properties":{},"geometry":{"type":"Point","coordinates":[77.550903,13.031494]}},{"type":"Feature","properties":{},"geometry":{"type":"Point","coordinates":[77.551849,13.031028]}},{"type":"Feature","properties":{},"geometry":{"type":"Point","coordinates":[77.556603,13.034551]}},{"type":"Feature","properties":{},"geometry":{"type":"Point","coordinates":[77.551653,13.030831]}},{"type":"Feature","properties":{},"geometry":{"type":"Point","coordinates":[77.556243,13.034439]}},{"type":"Feature","properties":{},"geometry":{"type":"Point","coordinates":[77.557349,13.03639]}},{"type":"Feature","properties":{},"geometry":{"type":"Point","coordinates":[77.553219,13.040037]}},{"type":"Feature","properties":{},"geometry":{"type":"Point","coordinates":[77.553836,13.041412]}},{"type":"Feature","properties":{},"geometry":{"type":"Point","coordinates":[77.55341,13.038991]}},{"type":"Feature","properties":{},"geometry":{"type":"Point","coordinates":[77.549902,13.041167]}},{"type":"Feature","properties":{},"geometry":{"type":"Point","coordinates":[77.610148,13.122717]}},{"type":"Feature","properties":{},"geometry":{"type":"Point","coordinates":[77.610581,13.122676]}},{"type":"Feature","properties":{},"geometry":{"type":"Point","coordinates":[77.600072,13.115748]}},{"type":"Feature","properties":{},"geometry":{"type":"Point","coordinates":[77.600645,13.115459]}},{"type":"Feature","properties":{},"geometry":{"type":"Point","coordinates":[77.604812,13.102048]}},{"type":"Feature","properties":{},"geometry":{"type":"Point","coordinates":[77.604444,13.102761]}},{"type":"Feature","properties":{},"geometry":{"type":"Point","coordinates":[77.605235,13.102726]}},{"type":"Feature","properties":{},"geometry":{"type":"Point","coordinates":[77.60489,13.103488]}},{"type":"Feature","properties":{},"geometry":{"type":"Point","coordinates":[77.603764,13.103734]}},{"type":"Feature","properties":{},"geometry":{"type":"Point","coordinates":[77.605053,13.104529]}},{"type":"Feature","properties":{},"geometry":{"type":"Point","coordinates":[77.607306,13.103788]}},{"type":"Feature","properties":{},"geometry":{"type":"Point","coordinates":[77.610545,13.105084]}},{"type":"Feature","properties":{},"geometry":{"type":"Point","coordinates":[77.610983,13.105868]}},{"type":"Feature","properties":{},"geometry":{"type":"Point","coordinates":[77.611818,13.104551]}},{"type":"Feature","properties":{},"geometry":{"type":"Point","coordinates":[77.613244,13.104193]}},{"type":"Feature","properties":{},"geometry":{"type":"Point","coordinates":[77.608099,13.107634]}},{"type":"Feature","properties":{},"geometry":{"type":"Point","coordinates":[77.609304,13.108111]}},{"type":"Feature","properties":{},"geometry":{"type":"Point","coordinates":[77.606129,13.108697]}},{"type":"Feature","properties":{},"geometry":{"type":"Point","coordinates":[77.607183,13.110982]}},{"type":"Feature","properties":{},"geometry":{"type":"Point","coordinates":[77.606287,13.111398]}},{"type":"Feature","properties":{},"geometry":{"type":"Point","coordinates":[77.608548,13.113879]}},{"type":"Feature","properties":{},"geometry":{"type":"Point","coordinates":[77.595114,13.097257]}},{"type":"Feature","properties":{},"geometry":{"type":"Point","coordinates":[77.595303,13.098426]}},{"type":"Feature","properties":{},"geometry":{"type":"Point","coordinates":[77.59561,13.098316]}},{"type":"Feature","properties":{},"geometry":{"type":"Point","coordinates":[77.594221,13.099198]}},{"type":"Feature","properties":{},"geometry":{"type":"Point","coordinates":[77.595253,13.09935]}},{"type":"Feature","properties":{},"geometry":{"type":"Point","coordinates":[77.596328,13.098337]}},{"type":"Feature","properties":{},"geometry":{"type":"Point","coordinates":[77.596242,13.100106]}},{"type":"Feature","properties":{},"geometry":{"type":"Point","coordinates":[77.596429,13.101145]}},{"type":"Feature","properties":{},"geometry":{"type":"Point","coordinates":[77.597819,13.101272]}},{"type":"Feature","properties":{},"geometry":{"type":"Point","coordinates":[77.598141,13.102459]}},{"type":"Feature","properties":{},"geometry":{"type":"Point","coordinates":[77.598013,13.098767]}},{"type":"Feature","properties":{},"geometry":{"type":"Point","coordinates":[77.598672,13.098105]}},{"type":"Feature","properties":{},"geometry":{"type":"Point","coordinates":[77.597939,13.097874]}},{"type":"Feature","properties":{},"geometry":{"type":"Point","coordinates":[77.598552,13.099702]}},{"type":"Feature","properties":{},"geometry":{"type":"Point","coordinates":[77.599679,13.098628]}},{"type":"Feature","properties":{},"geometry":{"type":"Point","coordinates":[77.60269,13.093444]}},{"type":"Feature","properties":{},"geometry":{"type":"Point","coordinates":[77.599113,13.093106]}},{"type":"Feature","properties":{},"geometry":{"type":"Point","coordinates":[77.600459,13.093077]}},{"type":"Feature","properties":{},"geometry":{"type":"Point","coordinates":[77.599669,13.092545]}},{"type":"Feature","properties":{},"geometry":{"type":"Point","coordinates":[77.600926,13.092642]}},{"type":"Feature","properties":{},"geometry":{"type":"Point","coordinates":[77.599926,13.090683]}},{"type":"Feature","properties":{},"geometry":{"type":"Point","coordinates":[77.603164,13.089634]}},{"type":"Feature","properties":{},"geometry":{"type":"Point","coordinates":[77.602737,13.089473]}},{"type":"Feature","properties":{},"geometry":{"type":"Point","coordinates":[77.606195,13.087716]}},{"type":"Feature","properties":{},"geometry":{"type":"Point","coordinates":[77.593215,13.096795]}},{"type":"Feature","properties":{},"geometry":{"type":"Point","coordinates":[77.592682,13.106366]}},{"type":"Feature","properties":{},"geometry":{"type":"Point","coordinates":[77.592865,13.106262]}},{"type":"Feature","properties":{},"geometry":{"type":"Point","coordinates":[77.592402,13.107249]}},{"type":"Feature","properties":{},"geometry":{"type":"Point","coordinates":[77.591856,13.106689]}},{"type":"Feature","properties":{},"geometry":{"type":"Point","coordinates":[77.59235,13.106309]}},{"type":"Feature","properties":{},"geometry":{"type":"Point","coordinates":[77.59391,13.107219]}},{"type":"Feature","properties":{},"geometry":{"type":"Point","coordinates":[77.59342,13.106747]}},{"type":"Feature","properties":{},"geometry":{"type":"Point","coordinates":[77.594368,13.106577]}},{"type":"Feature","properties":{},"geometry":{"type":"Point","coordinates":[77.595496,13.106868]}},{"type":"Feature","properties":{},"geometry":{"type":"Point","coordinates":[77.595222,13.106008]}},{"type":"Feature","properties":{},"geometry":{"type":"Point","coordinates":[77.593223,13.10546]}},{"type":"Feature","properties":{},"geometry":{"type":"Point","coordinates":[77.59335,13.104368]}},{"type":"Feature","properties":{},"geometry":{"type":"Point","coordinates":[77.595406,13.104596]}},{"type":"Feature","properties":{},"geometry":{"type":"Point","coordinates":[77.595733,13.105277]}},{"type":"Feature","properties":{},"geometry":{"type":"Point","coordinates":[77.596175,13.10423]}},{"type":"Feature","properties":{},"geometry":{"type":"Point","coordinates":[77.595586,13.104391]}},{"type":"Feature","properties":{},"geometry":{"type":"Point","coordinates":[77.597108,13.104605]}},{"type":"Feature","properties":{},"geometry":{"type":"Point","coordinates":[77.596867,13.105481]}},{"type":"Feature","properties":{},"geometry":{"type":"Point","coordinates":[77.597422,13.104033]}},{"type":"Feature","properties":{},"geometry":{"type":"Point","coordinates":[77.596423,13.103539]}},{"type":"Feature","properties":{},"geometry":{"type":"Point","coordinates":[77.595443,13.103748]}},{"type":"Feature","properties":{},"geometry":{"type":"Point","coordinates":[77.59481,13.102776]}},{"type":"Feature","properties":{},"geometry":{"type":"Point","coordinates":[77.593852,13.102503]}},{"type":"Feature","properties":{},"geometry":{"type":"Point","coordinates":[77.592799,13.098263]}},{"type":"Feature","properties":{},"geometry":{"type":"Point","coordinates":[77.587366,13.104131]}},{"type":"Feature","properties":{},"geometry":{"type":"Point","coordinates":[77.58015,13.110858]}},{"type":"Feature","properties":{},"geometry":{"type":"Point","coordinates":[77.580702,13.110477]}},{"type":"Feature","properties":{},"geometry":{"type":"Point","coordinates":[77.582244,13.110328]}},{"type":"Feature","properties":{},"geometry":{"type":"Point","coordinates":[77.578733,13.11339]}},{"type":"Feature","properties":{},"geometry":{"type":"Point","coordinates":[77.57837,13.113675]}},{"type":"Feature","properties":{},"geometry":{"type":"Point","coordinates":[77.586257,13.115577]}},{"type":"Feature","properties":{},"geometry":{"type":"Point","coordinates":[77.599685,13.103698]}},{"type":"Feature","properties":{},"geometry":{"type":"Point","coordinates":[77.59885,13.104313]}},{"type":"Feature","properties":{},"geometry":{"type":"Point","coordinates":[77.571397,13.043024]}},{"type":"Feature","properties":{},"geometry":{"type":"Point","coordinates":[77.570416,13.035645]}},{"type":"Feature","properties":{},"geometry":{"type":"Point","coordinates":[77.567991,13.045213]}},{"type":"Feature","properties":{},"geometry":{"type":"Point","coordinates":[77.567464,13.045549]}},{"type":"Feature","properties":{},"geometry":{"type":"Point","coordinates":[77.573477,13.046374]}},{"type":"Feature","properties":{},"geometry":{"type":"Point","coordinates":[77.572966,13.046475]}},{"type":"Feature","properties":{},"geometry":{"type":"Point","coordinates":[77.575638,13.045142]}},{"type":"Feature","properties":{},"geometry":{"type":"Point","coordinates":[77.575258,13.044747]}},{"type":"Feature","properties":{},"geometry":{"type":"Point","coordinates":[77.575456,13.04428]}},{"type":"Feature","properties":{},"geometry":{"type":"Point","coordinates":[77.573777,13.043072]}},{"type":"Feature","properties":{},"geometry":{"type":"Point","coordinates":[77.577374,13.030517]}},{"type":"Feature","properties":{},"geometry":{"type":"Point","coordinates":[77.577539,13.030519]}},{"type":"Feature","properties":{},"geometry":{"type":"Point","coordinates":[77.578074,13.029122]}},{"type":"Feature","properties":{},"geometry":{"type":"Point","coordinates":[77.577044,13.029941]}},{"type":"Feature","properties":{},"geometry":{"type":"Point","coordinates":[77.577469,13.029709]}},{"type":"Feature","properties":{},"geometry":{"type":"Point","coordinates":[77.577199,13.029681]}},{"type":"Feature","properties":{},"geometry":{"type":"Point","coordinates":[77.578926,13.025393]}},{"type":"Feature","properties":{},"geometry":{"type":"Point","coordinates":[77.579737,13.025286]}},{"type":"Feature","properties":{},"geometry":{"type":"Point","coordinates":[77.579277,13.025355]}},{"type":"Feature","properties":{},"geometry":{"type":"Point","coordinates":[77.578793,13.025241]}},{"type":"Feature","properties":{},"geometry":{"type":"Point","coordinates":[77.578869,13.025135]}},{"type":"Feature","properties":{},"geometry":{"type":"Point","coordinates":[77.578861,13.025037]}},{"type":"Feature","properties":{},"geometry":{"type":"Point","coordinates":[77.567393,13.038747]}},{"type":"Feature","properties":{},"geometry":{"type":"Point","coordinates":[77.570897,13.043784]}},{"type":"Feature","properties":{},"geometry":{"type":"Point","coordinates":[77.570987,13.043766]}},{"type":"Feature","properties":{},"geometry":{"type":"Point","coordinates":[77.564543,13.044521]}},{"type":"Feature","properties":{},"geometry":{"type":"Point","coordinates":[77.574849,13.033597]}},{"type":"Feature","properties":{},"geometry":{"type":"Point","coordinates":[77.555115,13.028342]}},{"type":"Feature","properties":{},"geometry":{"type":"Point","coordinates":[77.554208,13.02525]}},{"type":"Feature","properties":{},"geometry":{"type":"Point","coordinates":[77.554969,13.027841]}},{"type":"Feature","properties":{},"geometry":{"type":"Point","coordinates":[77.554769,13.027499]}},{"type":"Feature","properties":{},"geometry":{"type":"Point","coordinates":[77.556286,13.027797]}},{"type":"Feature","properties":{},"geometry":{"type":"Point","coordinates":[77.553808,13.027922]}},{"type":"Feature","properties":{},"geometry":{"type":"Point","coordinates":[77.557746,13.026745]}},{"type":"Feature","properties":{},"geometry":{"type":"Point","coordinates":[77.557174,13.024493]}},{"type":"Feature","properties":{},"geometry":{"type":"Point","coordinates":[77.55635,13.024752]}},{"type":"Feature","properties":{},"geometry":{"type":"Point","coordinates":[77.55584,13.024568]}},{"type":"Feature","properties":{},"geometry":{"type":"Point","coordinates":[77.556146,13.02447]}},{"type":"Feature","properties":{},"geometry":{"type":"Point","coordinates":[77.55643,13.024382]}},{"type":"Feature","properties":{},"geometry":{"type":"Point","coordinates":[77.556812,13.024263]}},{"type":"Feature","properties":{},"geometry":{"type":"Point","coordinates":[77.555058,13.022858]}},{"type":"Feature","properties":{},"geometry":{"type":"Point","coordinates":[77.556149,13.022442]}},{"type":"Feature","properties":{},"geometry":{"type":"Point","coordinates":[77.554626,13.025009]}},{"type":"Feature","properties":{},"geometry":{"type":"Point","coordinates":[77.554515,13.026199]}},{"type":"Feature","properties":{},"geometry":{"type":"Point","coordinates":[77.554525,13.026572]}},{"type":"Feature","properties":{},"geometry":{"type":"Point","coordinates":[77.554072,13.024548]}},{"type":"Feature","properties":{},"geometry":{"type":"Point","coordinates":[77.553025,13.028782]}},{"type":"Feature","properties":{},"geometry":{"type":"Point","coordinates":[77.551258,13.028361]}},{"type":"Feature","properties":{},"geometry":{"type":"Point","coordinates":[77.554208,13.02525]}},{"type":"Feature","properties":{},"geometry":{"type":"Point","coordinates":[77.552404,13.024086]}},{"type":"Feature","properties":{},"geometry":{"type":"Point","coordinates":[77.552816,13.024102]}},{"type":"Feature","properties":{},"geometry":{"type":"Point","coordinates":[77.552404,13.024086]}},{"type":"Feature","properties":{},"geometry":{"type":"Point","coordinates":[77.552133,13.024269]}},{"type":"Feature","properties":{},"geometry":{"type":"Point","coordinates":[77.555115,13.028342]}},{"type":"Feature","properties":{},"geometry":{"type":"Point","coordinates":[77.554318,13.018842]}},{"type":"Feature","properties":{},"geometry":{"type":"Point","coordinates":[77.554751,13.018878]}},{"type":"Feature","properties":{},"geometry":{"type":"Point","coordinates":[77.554681,13.0186]}},{"type":"Feature","properties":{},"geometry":{"type":"Point","coordinates":[77.554739,13.018321]}},{"type":"Feature","properties":{},"geometry":{"type":"Point","coordinates":[77.553858,13.029429]}},{"type":"Feature","properties":{},"geometry":{"type":"Point","coordinates":[77.561812,13.039852]}},{"type":"Feature","properties":{},"geometry":{"type":"Point","coordinates":[77.561391,13.039634]}},{"type":"Feature","properties":{},"geometry":{"type":"Point","coordinates":[77.563292,13.036637]}},{"type":"Feature","properties":{},"geometry":{"type":"Point","coordinates":[77.563324,13.037047]}},{"type":"Feature","properties":{},"geometry":{"type":"Point","coordinates":[77.562453,13.036525]}},{"type":"Feature","properties":{},"geometry":{"type":"Point","coordinates":[77.559685,13.038411]}},{"type":"Feature","properties":{},"geometry":{"type":"Point","coordinates":[77.561443,13.03486]}},{"type":"Feature","properties":{},"geometry":{"type":"Point","coordinates":[77.560504,13.034315]}},{"type":"Feature","properties":{},"geometry":{"type":"Point","coordinates":[77.560057,13.034307]}},{"type":"Feature","properties":{},"geometry":{"type":"Point","coordinates":[77.558397,13.034427]}},{"type":"Feature","properties":{},"geometry":{"type":"Point","coordinates":[77.559976,13.037352]}},{"type":"Feature","properties":{},"geometry":{"type":"Point","coordinates":[77.561378,13.032977]}},{"type":"Feature","properties":{},"geometry":{"type":"Point","coordinates":[77.559034,13.033907]}},{"type":"Feature","properties":{},"geometry":{"type":"Point","coordinates":[77.561132,13.029938]}},{"type":"Feature","properties":{},"geometry":{"type":"Point","coordinates":[77.559053,13.032902]}},{"type":"Feature","properties":{},"geometry":{"type":"Point","coordinates":[77.558842,13.033268]}},{"type":"Feature","properties":{},"geometry":{"type":"Point","coordinates":[77.561335,13.028825]}},{"type":"Feature","properties":{},"geometry":{"type":"Point","coordinates":[77.559845,13.028663]}},{"type":"Feature","properties":{},"geometry":{"type":"Point","coordinates":[77.559145,13.028923]}},{"type":"Feature","properties":{},"geometry":{"type":"Point","coordinates":[77.561483,13.022664]}},{"type":"Feature","properties":{},"geometry":{"type":"Point","coordinates":[77.562783,13.02415]}},{"type":"Feature","properties":{},"geometry":{"type":"Point","coordinates":[77.505339,13.04686]}},{"type":"Feature","properties":{},"geometry":{"type":"Point","coordinates":[77.505424,13.048069]}},{"type":"Feature","properties":{},"geometry":{"type":"Point","coordinates":[77.502575,13.048898]}},{"type":"Feature","properties":{},"geometry":{"type":"Point","coordinates":[77.502607,13.049015]}},{"type":"Feature","properties":{},"geometry":{"type":"Point","coordinates":[77.505147,13.04823]}},{"type":"Feature","properties":{},"geometry":{"type":"Point","coordinates":[77.503473,13.047458]}},{"type":"Feature","properties":{},"geometry":{"type":"Point","coordinates":[77.504069,13.049913]}},{"type":"Feature","properties":{},"geometry":{"type":"Point","coordinates":[77.502753,13.05075]}},{"type":"Feature","properties":{},"geometry":{"type":"Point","coordinates":[77.502875,13.051536]}},{"type":"Feature","properties":{},"geometry":{"type":"Point","coordinates":[77.503259,13.05142]}},{"type":"Feature","properties":{},"geometry":{"type":"Point","coordinates":[77.493252,13.052035]}},{"type":"Feature","properties":{},"geometry":{"type":"Point","coordinates":[77.49341,13.053186]}},{"type":"Feature","properties":{},"geometry":{"type":"Point","coordinates":[77.493677,13.053752]}},{"type":"Feature","properties":{},"geometry":{"type":"Point","coordinates":[77.493763,13.054276]}},{"type":"Feature","properties":{},"geometry":{"type":"Point","coordinates":[77.493355,13.054548]}},{"type":"Feature","properties":{},"geometry":{"type":"Point","coordinates":[77.49675,13.056969]}},{"type":"Feature","properties":{},"geometry":{"type":"Point","coordinates":[77.493635,13.053438]}},{"type":"Feature","properties":{},"geometry":{"type":"Point","coordinates":[77.495166,13.053084]}},{"type":"Feature","properties":{},"geometry":{"type":"Point","coordinates":[77.495499,13.054736]}},{"type":"Feature","properties":{},"geometry":{"type":"Point","coordinates":[77.494484,13.05375]}},{"type":"Feature","properties":{},"geometry":{"type":"Point","coordinates":[77.498619,13.051018]}},{"type":"Feature","properties":{},"geometry":{"type":"Point","coordinates":[77.5012,13.050095]}},{"type":"Feature","properties":{},"geometry":{"type":"Point","coordinates":[77.501513,13.050043]}},{"type":"Feature","properties":{},"geometry":{"type":"Point","coordinates":[77.499305,13.053619]}},{"type":"Feature","properties":{},"geometry":{"type":"Point","coordinates":[77.499406,13.053478]}},{"type":"Feature","properties":{},"geometry":{"type":"Point","coordinates":[77.499851,13.054205]}},{"type":"Feature","properties":{},"geometry":{"type":"Point","coordinates":[77.50044,13.056393]}},{"type":"Feature","properties":{},"geometry":{"type":"Point","coordinates":[77.504191,13.05111]}},{"type":"Feature","properties":{},"geometry":{"type":"Point","coordinates":[77.503741,13.05152]}},{"type":"Feature","properties":{},"geometry":{"type":"Point","coordinates":[77.507855,13.052298]}},{"type":"Feature","properties":{},"geometry":{"type":"Point","coordinates":[77.502958,13.055277]}},{"type":"Feature","properties":{},"geometry":{"type":"Point","coordinates":[77.503095,13.054479]}},{"type":"Feature","properties":{},"geometry":{"type":"Point","coordinates":[77.50213,13.062749]}},{"type":"Feature","properties":{},"geometry":{"type":"Point","coordinates":[77.502736,13.062669]}},{"type":"Feature","properties":{},"geometry":{"type":"Point","coordinates":[77.50343,13.062874]}},{"type":"Feature","properties":{},"geometry":{"type":"Point","coordinates":[77.507507,13.060237]}},{"type":"Feature","properties":{},"geometry":{"type":"Point","coordinates":[77.506939,13.059678]}},{"type":"Feature","properties":{},"geometry":{"type":"Point","coordinates":[77.508152,13.058163]}},{"type":"Feature","properties":{},"geometry":{"type":"Point","coordinates":[77.509314,13.05581]}},{"type":"Feature","properties":{},"geometry":{"type":"Point","coordinates":[77.508601,13.055455]}},{"type":"Feature","properties":{},"geometry":{"type":"Point","coordinates":[77.508895,13.056815]}},{"type":"Feature","properties":{},"geometry":{"type":"Point","coordinates":[77.509504,13.055114]}},{"type":"Feature","properties":{},"geometry":{"type":"Point","coordinates":[77.509739,13.054934]}},{"type":"Feature","properties":{},"geometry":{"type":"Point","coordinates":[77.511262,13.053668]}},{"type":"Feature","properties":{},"geometry":{"type":"Point","coordinates":[77.510904,13.053904]}},{"type":"Feature","properties":{},"geometry":{"type":"Point","coordinates":[77.511332,13.051654]}},{"type":"Feature","properties":{},"geometry":{"type":"Point","coordinates":[77.511659,13.05309]}},{"type":"Feature","properties":{},"geometry":{"type":"Point","coordinates":[77.508212,13.050651]}},{"type":"Feature","properties":{},"geometry":{"type":"Point","coordinates":[77.508809,13.050539]}},{"type":"Feature","properties":{},"geometry":{"type":"Point","coordinates":[77.509172,13.05052]}},{"type":"Feature","properties":{},"geometry":{"type":"Point","coordinates":[77.509964,13.050357]}},{"type":"Feature","properties":{},"geometry":{"type":"Point","coordinates":[77.562831,13.032819]}},{"type":"Feature","properties":{},"geometry":{"type":"Point","coordinates":[77.561484,13.024166]}},{"type":"Feature","properties":{},"geometry":{"type":"Point","coordinates":[77.561667,13.026138]}},{"type":"Feature","properties":{},"geometry":{"type":"Point","coordinates":[77.56036,13.0254]}},{"type":"Feature","properties":{},"geometry":{"type":"Point","coordinates":[77.561501,13.023676]}},{"type":"Feature","properties":{},"geometry":{"type":"Point","coordinates":[77.561241,13.023767]}},{"type":"Feature","properties":{},"geometry":{"type":"Point","coordinates":[77.562945,13.021624]}},{"type":"Feature","properties":{},"geometry":{"type":"Point","coordinates":[77.558268,13.022108]}},{"type":"Feature","properties":{},"geometry":{"type":"Point","coordinates":[77.55953,13.027152]}},{"type":"Feature","properties":{},"geometry":{"type":"Point","coordinates":[77.559205,13.027244]}},{"type":"Feature","properties":{},"geometry":{"type":"Point","coordinates":[77.55971,13.026767]}},{"type":"Feature","properties":{},"geometry":{"type":"Point","coordinates":[77.559029,13.02661]}},{"type":"Feature","properties":{},"geometry":{"type":"Point","coordinates":[77.557421,13.021731]}},{"type":"Feature","properties":{},"geometry":{"type":"Point","coordinates":[77.559317,13.020716]}},{"type":"Feature","properties":{},"geometry":{"type":"Point","coordinates":[77.559646,13.022054]}},{"type":"Feature","properties":{},"geometry":{"type":"Point","coordinates":[77.557218,13.021197]}},{"type":"Feature","properties":{},"geometry":{"type":"Point","coordinates":[77.558091,13.022961]}},{"type":"Feature","properties":{},"geometry":{"type":"Point","coordinates":[77.556978,13.020635]}},{"type":"Feature","properties":{},"geometry":{"type":"Point","coordinates":[77.506341,13.050032]}},{"type":"Feature","properties":{},"geometry":{"type":"Point","coordinates":[77.524031,13.065783]}},{"type":"Feature","properties":{},"geometry":{"type":"Point","coordinates":[77.523267,13.066039]}},{"type":"Feature","properties":{},"geometry":{"type":"Point","coordinates":[77.523848,13.066641]}},{"type":"Feature","properties":{},"geometry":{"type":"Point","coordinates":[77.525651,13.06501]}},{"type":"Feature","properties":{},"geometry":{"type":"Point","coordinates":[77.524754,13.065247]}},{"type":"Feature","properties":{},"geometry":{"type":"Point","coordinates":[77.524404,13.065492]}},{"type":"Feature","properties":{},"geometry":{"type":"Point","coordinates":[77.524379,13.068035]}},{"type":"Feature","properties":{},"geometry":{"type":"Point","coordinates":[77.530487,13.065098]}},{"type":"Feature","properties":{},"geometry":{"type":"Point","coordinates":[77.530522,13.064476]}},{"type":"Feature","properties":{},"geometry":{"type":"Point","coordinates":[77.53287,13.06728]}},{"type":"Feature","properties":{},"geometry":{"type":"Point","coordinates":[77.509437,13.060681]}},{"type":"Feature","properties":{},"geometry":{"type":"Point","coordinates":[77.540521,13.068391]}},{"type":"Feature","properties":{},"geometry":{"type":"Point","coordinates":[77.541189,13.069682]}},{"type":"Feature","properties":{},"geometry":{"type":"Point","coordinates":[77.540737,13.070095]}},{"type":"Feature","properties":{},"geometry":{"type":"Point","coordinates":[77.540907,13.070714]}},{"type":"Feature","properties":{},"geometry":{"type":"Point","coordinates":[77.540832,13.071872]}},{"type":"Feature","properties":{},"geometry":{"type":"Point","coordinates":[77.540526,13.071952]}},{"type":"Feature","properties":{},"geometry":{"type":"Point","coordinates":[77.540061,13.070356]}},{"type":"Feature","properties":{},"geometry":{"type":"Point","coordinates":[77.53982,13.069793]}},{"type":"Feature","properties":{},"geometry":{"type":"Point","coordinates":[77.539104,13.070063]}},{"type":"Feature","properties":{},"geometry":{"type":"Point","coordinates":[77.538669,13.070719]}},{"type":"Feature","properties":{},"geometry":{"type":"Point","coordinates":[77.539499,13.070852]}},{"type":"Feature","properties":{},"geometry":{"type":"Point","coordinates":[77.539464,13.071263]}},{"type":"Feature","properties":{},"geometry":{"type":"Point","coordinates":[77.545725,13.08232]}},{"type":"Feature","properties":{},"geometry":{"type":"Point","coordinates":[77.546018,13.082368]}},{"type":"Feature","properties":{},"geometry":{"type":"Point","coordinates":[77.545792,13.081858]}},{"type":"Feature","properties":{},"geometry":{"type":"Point","coordinates":[77.546206,13.082803]}},{"type":"Feature","properties":{},"geometry":{"type":"Point","coordinates":[77.546273,13.082993]}},{"type":"Feature","properties":{},"geometry":{"type":"Point","coordinates":[77.546166,13.083348]}},{"type":"Feature","properties":{},"geometry":{"type":"Point","coordinates":[77.547007,13.084866]}},{"type":"Feature","properties":{},"geometry":{"type":"Point","coordinates":[77.547376,13.081515]}},{"type":"Feature","properties":{},"geometry":{"type":"Point","coordinates":[77.548675,13.081545]}},{"type":"Feature","properties":{},"geometry":{"type":"Point","coordinates":[77.54863,13.08083]}},{"type":"Feature","properties":{},"geometry":{"type":"Point","coordinates":[77.549176,13.07942]}},{"type":"Feature","properties":{},"geometry":{"type":"Point","coordinates":[77.549416,13.080148]}},{"type":"Feature","properties":{},"geometry":{"type":"Point","coordinates":[77.549323,13.081478]}},{"type":"Feature","properties":{},"geometry":{"type":"Point","coordinates":[77.551099,13.081161]}},{"type":"Feature","properties":{},"geometry":{"type":"Point","coordinates":[77.553184,13.080267]}},{"type":"Feature","properties":{},"geometry":{"type":"Point","coordinates":[77.555328,13.082349]}},{"type":"Feature","properties":{},"geometry":{"type":"Point","coordinates":[77.554982,13.082635]}},{"type":"Feature","properties":{},"geometry":{"type":"Point","coordinates":[77.554415,13.082235]}},{"type":"Feature","properties":{},"geometry":{"type":"Point","coordinates":[77.553956,13.082416]}},{"type":"Feature","properties":{},"geometry":{"type":"Point","coordinates":[77.553077,13.084225]}},{"type":"Feature","properties":{},"geometry":{"type":"Point","coordinates":[77.554024,13.083847]}},{"type":"Feature","properties":{},"geometry":{"type":"Point","coordinates":[77.554095,13.084849]}},{"type":"Feature","properties":{},"geometry":{"type":"Point","coordinates":[77.555125,13.084598]}},{"type":"Feature","properties":{},"geometry":{"type":"Point","coordinates":[77.554748,13.084336]}},{"type":"Feature","properties":{},"geometry":{"type":"Point","coordinates":[77.554564,13.08391]}},{"type":"Feature","properties":{},"geometry":{"type":"Point","coordinates":[77.553325,13.082669]}},{"type":"Feature","properties":{},"geometry":{"type":"Point","coordinates":[77.553658,13.082221]}},{"type":"Feature","properties":{},"geometry":{"type":"Point","coordinates":[77.553346,13.081289]}},{"type":"Feature","properties":{},"geometry":{"type":"Point","coordinates":[77.551544,13.081843]}},{"type":"Feature","properties":{},"geometry":{"type":"Point","coordinates":[77.550375,13.082035]}},{"type":"Feature","properties":{},"geometry":{"type":"Point","coordinates":[77.553144,13.026642]}},{"type":"Feature","properties":{},"geometry":{"type":"Point","coordinates":[77.549037,13.029717]}},{"type":"Feature","properties":{},"geometry":{"type":"Point","coordinates":[77.555201,13.017525]}},{"type":"Feature","properties":{},"geometry":{"type":"Point","coordinates":[77.554866,13.026902]}},{"type":"Feature","properties":{},"geometry":{"type":"Point","coordinates":[77.55519,13.026642]}},{"type":"Feature","properties":{},"geometry":{"type":"Point","coordinates":[77.560374,13.037494]}},{"type":"Feature","properties":{},"geometry":{"type":"Point","coordinates":[77.560282,13.037893]}},{"type":"Feature","properties":{},"geometry":{"type":"Point","coordinates":[77.560727,13.037401]}},{"type":"Feature","properties":{},"geometry":{"type":"Point","coordinates":[77.560492,13.03273]}},{"type":"Feature","properties":{},"geometry":{"type":"Point","coordinates":[77.562279,13.037396]}},{"type":"Feature","properties":{},"geometry":{"type":"Point","coordinates":[77.561077,13.039431]}},{"type":"Feature","properties":{},"geometry":{"type":"Point","coordinates":[77.500955,13.057202]}},{"type":"Feature","properties":{},"geometry":{"type":"Point","coordinates":[77.499154,13.057216]}},{"type":"Feature","properties":{},"geometry":{"type":"Point","coordinates":[77.49782,13.057608]}},{"type":"Feature","properties":{},"geometry":{"type":"Point","coordinates":[77.498856,13.057445]}},{"type":"Feature","properties":{},"geometry":{"type":"Point","coordinates":[77.497917,13.052838]}},{"type":"Feature","properties":{},"geometry":{"type":"Point","coordinates":[77.498397,13.054055]}},{"type":"Feature","properties":{},"geometry":{"type":"Point","coordinates":[77.492577,13.054906]}},{"type":"Feature","properties":{},"geometry":{"type":"Point","coordinates":[77.494519,13.055333]}},{"type":"Feature","properties":{},"geometry":{"type":"Point","coordinates":[77.49898,13.058323]}},{"type":"Feature","properties":{},"geometry":{"type":"Point","coordinates":[77.498851,13.058159]}},{"type":"Feature","properties":{},"geometry":{"type":"Point","coordinates":[77.504411,13.057465]}},{"type":"Feature","properties":{},"geometry":{"type":"Point","coordinates":[77.503415,13.057605]}},{"type":"Feature","properties":{},"geometry":{"type":"Point","coordinates":[77.503896,13.057176]}},{"type":"Feature","properties":{},"geometry":{"type":"Point","coordinates":[77.503814,13.056782]}},{"type":"Feature","properties":{},"geometry":{"type":"Point","coordinates":[77.503672,13.056183]}},{"type":"Feature","properties":{},"geometry":{"type":"Point","coordinates":[77.503848,13.055833]}},{"type":"Feature","properties":{},"geometry":{"type":"Point","coordinates":[77.50548,13.05844]}},{"type":"Feature","properties":{},"geometry":{"type":"Point","coordinates":[77.501755,13.059505]}},{"type":"Feature","properties":{},"geometry":{"type":"Point","coordinates":[77.5011,13.059691]}},{"type":"Feature","properties":{},"geometry":{"type":"Point","coordinates":[77.494435,13.058617]}},{"type":"Feature","properties":{},"geometry":{"type":"Point","coordinates":[77.494197,13.058992]}},{"type":"Feature","properties":{},"geometry":{"type":"Point","coordinates":[77.4999,13.059627]}},{"type":"Feature","properties":{},"geometry":{"type":"Point","coordinates":[77.495065,13.061288]}},{"type":"Feature","properties":{},"geometry":{"type":"Point","coordinates":[77.494921,13.061706]}},{"type":"Feature","properties":{},"geometry":{"type":"Point","coordinates":[77.494753,13.053495]}},{"type":"Feature","properties":{},"geometry":{"type":"Point","coordinates":[77.496722,13.061819]}},{"type":"Feature","properties":{},"geometry":{"type":"Point","coordinates":[77.495675,13.062044]}},{"type":"Feature","properties":{},"geometry":{"type":"Point","coordinates":[77.498829,13.061319]}},{"type":"Feature","properties":{},"geometry":{"type":"Point","coordinates":[77.539663,13.072179]}},{"type":"Feature","properties":{},"geometry":{"type":"Point","coordinates":[77.538633,13.072097]}},{"type":"Feature","properties":{},"geometry":{"type":"Point","coordinates":[77.539996,13.07302]}},{"type":"Feature","properties":{},"geometry":{"type":"Point","coordinates":[77.540822,13.072887]}},{"type":"Feature","properties":{},"geometry":{"type":"Point","coordinates":[77.540627,13.0725]}},{"type":"Feature","properties":{},"geometry":{"type":"Point","coordinates":[77.539275,13.073196]}},{"type":"Feature","properties":{},"geometry":{"type":"Point","coordinates":[77.538393,13.073268]}},{"type":"Feature","properties":{},"geometry":{"type":"Point","coordinates":[77.537247,13.072996]}},{"type":"Feature","properties":{},"geometry":{"type":"Point","coordinates":[77.536897,13.073601]}},{"type":"Feature","properties":{},"geometry":{"type":"Point","coordinates":[77.536218,13.073384]}},{"type":"Feature","properties":{},"geometry":{"type":"Point","coordinates":[77.532402,13.074864]}},{"type":"Feature","properties":{},"geometry":{"type":"Point","coordinates":[77.538207,13.076318]}},{"type":"Feature","properties":{},"geometry":{"type":"Point","coordinates":[77.538573,13.074679]}},{"type":"Feature","properties":{},"geometry":{"type":"Point","coordinates":[77.540825,13.075058]}},{"type":"Feature","properties":{},"geometry":{"type":"Point","coordinates":[77.541761,13.075689]}},{"type":"Feature","properties":{},"geometry":{"type":"Point","coordinates":[77.538457,13.078611]}},{"type":"Feature","properties":{},"geometry":{"type":"Point","coordinates":[77.538289,13.079449]}},{"type":"Feature","properties":{},"geometry":{"type":"Point","coordinates":[77.537938,13.07933]}},{"type":"Feature","properties":{},"geometry":{"type":"Point","coordinates":[77.536591,13.079099]}},{"type":"Feature","properties":{},"geometry":{"type":"Point","coordinates":[77.536125,13.077978]}},{"type":"Feature","properties":{},"geometry":{"type":"Point","coordinates":[77.540882,13.078096]}},{"type":"Feature","properties":{},"geometry":{"type":"Point","coordinates":[77.541279,13.081724]}},{"type":"Feature","properties":{},"geometry":{"type":"Point","coordinates":[77.541736,13.081648]}},{"type":"Feature","properties":{},"geometry":{"type":"Point","coordinates":[77.541565,13.080807]}},{"type":"Feature","properties":{},"geometry":{"type":"Point","coordinates":[77.542472,13.081813]}},{"type":"Feature","properties":{},"geometry":{"type":"Point","coordinates":[77.542365,13.081423]}},{"type":"Feature","properties":{},"geometry":{"type":"Point","coordinates":[77.542394,13.080804]}},{"type":"Feature","properties":{},"geometry":{"type":"Point","coordinates":[77.543268,13.08182]}},{"type":"Feature","properties":{},"geometry":{"type":"Point","coordinates":[77.542979,13.082839]}},{"type":"Feature","properties":{},"geometry":{"type":"Point","coordinates":[77.543739,13.082745]}},{"type":"Feature","properties":{},"geometry":{"type":"Point","coordinates":[77.545137,13.083243]}},{"type":"Feature","properties":{},"geometry":{"type":"Point","coordinates":[77.550715,13.05932]}},{"type":"Feature","properties":{},"geometry":{"type":"Point","coordinates":[77.550076,13.062665]}},{"type":"Feature","properties":{},"geometry":{"type":"Point","coordinates":[77.54984,13.062961]}},{"type":"Feature","properties":{},"geometry":{"type":"Point","coordinates":[77.549282,13.062411]}},{"type":"Feature","properties":{},"geometry":{"type":"Point","coordinates":[77.550183,13.061506]}},{"type":"Feature","properties":{},"geometry":{"type":"Point","coordinates":[77.550049,13.061147]}},{"type":"Feature","properties":{},"geometry":{"type":"Point","coordinates":[77.550502,13.060131]}},{"type":"Feature","properties":{},"geometry":{"type":"Point","coordinates":[77.551103,13.060328]}},{"type":"Feature","properties":{},"geometry":{"type":"Point","coordinates":[77.550492,13.058026]}},{"type":"Feature","properties":{},"geometry":{"type":"Point","coordinates":[77.550243,13.057623]}},{"type":"Feature","properties":{},"geometry":{"type":"Point","coordinates":[77.550187,13.058376]}},{"type":"Feature","properties":{},"geometry":{"type":"Point","coordinates":[77.549804,13.059867]}},{"type":"Feature","properties":{},"geometry":{"type":"Point","coordinates":[77.549788,13.059586]}},{"type":"Feature","properties":{},"geometry":{"type":"Point","coordinates":[77.548987,13.059564]}},{"type":"Feature","properties":{},"geometry":{"type":"Point","coordinates":[77.54719,13.05684]}},{"type":"Feature","properties":{},"geometry":{"type":"Point","coordinates":[77.547919,13.05565]}},{"type":"Feature","properties":{},"geometry":{"type":"Point","coordinates":[77.552018,13.082222]}},{"type":"Feature","properties":{},"geometry":{"type":"Point","coordinates":[77.555984,13.083555]}},{"type":"Feature","properties":{},"geometry":{"type":"Point","coordinates":[77.54321,13.082339]}},{"type":"Feature","properties":{},"geometry":{"type":"Point","coordinates":[77.550791,13.05973]}},{"type":"Feature","properties":{},"geometry":{"type":"Point","coordinates":[77.551622,13.079375]}},{"type":"Feature","properties":{},"geometry":{"type":"Point","coordinates":[77.553645,13.082843]}},{"type":"Feature","properties":{},"geometry":{"type":"Point","coordinates":[77.547752,13.078686]}},{"type":"Feature","properties":{},"geometry":{"type":"Point","coordinates":[77.549602,13.080701]}},{"type":"Feature","properties":{},"geometry":{"type":"Point","coordinates":[77.551787,13.083953]}},{"type":"Feature","properties":{},"geometry":{"type":"Point","coordinates":[77.550746,13.059988]}},{"type":"Feature","properties":{},"geometry":{"type":"Point","coordinates":[77.532633,13.074106]}},{"type":"Feature","properties":{},"geometry":{"type":"Point","coordinates":[77.537406,13.070753]}},{"type":"Feature","properties":{},"geometry":{"type":"Point","coordinates":[77.548098,13.055654]}},{"type":"Feature","properties":{},"geometry":{"type":"Point","coordinates":[77.551555,13.057825]}},{"type":"Feature","properties":{},"geometry":{"type":"Point","coordinates":[77.552434,13.057856]}},{"type":"Feature","properties":{},"geometry":{"type":"Point","coordinates":[77.551493,13.058576]}},{"type":"Feature","properties":{},"geometry":{"type":"Point","coordinates":[77.55204,13.060843]}},{"type":"Feature","properties":{},"geometry":{"type":"Point","coordinates":[77.552769,13.061283]}},{"type":"Feature","properties":{},"geometry":{"type":"Point","coordinates":[77.55115,13.061448]}},{"type":"Feature","properties":{},"geometry":{"type":"Point","coordinates":[77.550896,13.062337]}},{"type":"Feature","properties":{},"geometry":{"type":"Point","coordinates":[77.552851,13.063167]}},{"type":"Feature","properties":{},"geometry":{"type":"Point","coordinates":[77.552737,13.063292]}},{"type":"Feature","properties":{},"geometry":{"type":"Point","coordinates":[77.552483,13.064878]}},{"type":"Feature","properties":{},"geometry":{"type":"Point","coordinates":[77.552358,13.065037]}},{"type":"Feature","properties":{},"geometry":{"type":"Point","coordinates":[77.55343,13.066227]}},{"type":"Feature","properties":{},"geometry":{"type":"Point","coordinates":[77.552991,13.06581]}},{"type":"Feature","properties":{},"geometry":{"type":"Point","coordinates":[77.554115,13.064299]}},{"type":"Feature","properties":{},"geometry":{"type":"Point","coordinates":[77.55507,13.06411]}},{"type":"Feature","properties":{},"geometry":{"type":"Point","coordinates":[77.555084,13.064385]}},{"type":"Feature","properties":{},"geometry":{"type":"Point","coordinates":[77.555235,13.065032]}},{"type":"Feature","properties":{},"geometry":{"type":"Point","coordinates":[77.555044,13.067001]}},{"type":"Feature","properties":{},"geometry":{"type":"Point","coordinates":[77.555397,13.068888]}},{"type":"Feature","properties":{},"geometry":{"type":"Point","coordinates":[77.555915,13.068648]}},{"type":"Feature","properties":{},"geometry":{"type":"Point","coordinates":[77.557404,13.068481]}},{"type":"Feature","properties":{},"geometry":{"type":"Point","coordinates":[77.558456,13.067809]}},{"type":"Feature","properties":{},"geometry":{"type":"Point","coordinates":[77.558131,13.066434]}},{"type":"Feature","properties":{},"geometry":{"type":"Point","coordinates":[77.557368,13.067488]}},{"type":"Feature","properties":{},"geometry":{"type":"Point","coordinates":[77.556957,13.066861]}},{"type":"Feature","properties":{},"geometry":{"type":"Point","coordinates":[77.557496,13.065682]}},{"type":"Feature","properties":{},"geometry":{"type":"Point","coordinates":[77.556447,13.065921]}},{"type":"Feature","properties":{},"geometry":{"type":"Point","coordinates":[77.555993,13.065544]}},{"type":"Feature","properties":{},"geometry":{"type":"Point","coordinates":[77.556246,13.065297]}},{"type":"Feature","properties":{},"geometry":{"type":"Point","coordinates":[77.555952,13.065416]}},{"type":"Feature","properties":{},"geometry":{"type":"Point","coordinates":[77.557913,13.064184]}},{"type":"Feature","properties":{},"geometry":{"type":"Point","coordinates":[77.558275,13.063171]}},{"type":"Feature","properties":{},"geometry":{"type":"Point","coordinates":[77.557991,13.063869]}},{"type":"Feature","properties":{},"geometry":{"type":"Point","coordinates":[77.5573,13.06202]}},{"type":"Feature","properties":{},"geometry":{"type":"Point","coordinates":[77.556564,13.062202]}},{"type":"Feature","properties":{},"geometry":{"type":"Point","coordinates":[77.556621,13.061496]}},{"type":"Feature","properties":{},"geometry":{"type":"Point","coordinates":[77.55698,13.060727]}},{"type":"Feature","properties":{},"geometry":{"type":"Point","coordinates":[77.557739,13.06024]}},{"type":"Feature","properties":{},"geometry":{"type":"Point","coordinates":[77.558119,13.060358]}},{"type":"Feature","properties":{},"geometry":{"type":"Point","coordinates":[77.558139,13.060735]}},{"type":"Feature","properties":{},"geometry":{"type":"Point","coordinates":[77.556567,13.060059]}},{"type":"Feature","properties":{},"geometry":{"type":"Point","coordinates":[77.555098,13.066069]}},{"type":"Feature","properties":{},"geometry":{"type":"Point","coordinates":[77.557329,13.059688]}},{"type":"Feature","properties":{},"geometry":{"type":"Point","coordinates":[77.556124,13.05844]}},{"type":"Feature","properties":{},"geometry":{"type":"Point","coordinates":[77.551536,13.065932]}},{"type":"Feature","properties":{},"geometry":{"type":"Point","coordinates":[77.555926,13.059205]}},{"type":"Feature","properties":{},"geometry":{"type":"Point","coordinates":[77.555106,13.065848]}},{"type":"Feature","properties":{},"geometry":{"type":"Point","coordinates":[77.55529,13.065868]}},{"type":"Feature","properties":{},"geometry":{"type":"Point","coordinates":[77.554541,13.060018]}},{"type":"Feature","properties":{},"geometry":{"type":"Point","coordinates":[77.553528,13.058084]}},{"type":"Feature","properties":{},"geometry":{"type":"Point","coordinates":[77.555118,13.065693]}},{"type":"Feature","properties":{},"geometry":{"type":"Point","coordinates":[77.553504,13.059408]}},{"type":"Feature","properties":{},"geometry":{"type":"Point","coordinates":[77.553905,13.060218]}},{"type":"Feature","properties":{},"geometry":{"type":"Point","coordinates":[77.552953,13.060114]}},{"type":"Feature","properties":{},"geometry":{"type":"Point","coordinates":[77.554529,13.060125]}},{"type":"Feature","properties":{},"geometry":{"type":"Point","coordinates":[77.626375,13.095739]}},{"type":"Feature","properties":{},"geometry":{"type":"Point","coordinates":[77.627259,13.095868]}},{"type":"Feature","properties":{},"geometry":{"type":"Point","coordinates":[77.627389,13.095244]}},{"type":"Feature","properties":{},"geometry":{"type":"Point","coordinates":[77.627759,13.09562]}},{"type":"Feature","properties":{},"geometry":{"type":"Point","coordinates":[77.623536,13.097497]}},{"type":"Feature","properties":{},"geometry":{"type":"Point","coordinates":[77.628904,13.098415]}},{"type":"Feature","properties":{},"geometry":{"type":"Point","coordinates":[77.629342,13.099066]}},{"type":"Feature","properties":{},"geometry":{"type":"Point","coordinates":[77.629592,13.099866]}},{"type":"Feature","properties":{},"geometry":{"type":"Point","coordinates":[77.628811,13.099277]}},{"type":"Feature","properties":{},"geometry":{"type":"Point","coordinates":[77.627954,13.099349]}},{"type":"Feature","properties":{},"geometry":{"type":"Point","coordinates":[77.625729,13.099225]}},{"type":"Feature","properties":{},"geometry":{"type":"Point","coordinates":[77.627078,13.098312]}},{"type":"Feature","properties":{},"geometry":{"type":"Point","coordinates":[77.628218,13.101399]}},{"type":"Feature","properties":{},"geometry":{"type":"Point","coordinates":[77.627779,13.102057]}},{"type":"Feature","properties":{},"geometry":{"type":"Point","coordinates":[77.629266,13.102791]}},{"type":"Feature","properties":{},"geometry":{"type":"Point","coordinates":[77.631451,13.103265]}},{"type":"Feature","properties":{},"geometry":{"type":"Point","coordinates":[77.630873,13.10326]}},{"type":"Feature","properties":{},"geometry":{"type":"Point","coordinates":[77.631454,13.106499]}},{"type":"Feature","properties":{},"geometry":{"type":"Point","coordinates":[77.631252,13.105838]}},{"type":"Feature","properties":{},"geometry":{"type":"Point","coordinates":[77.631488,13.106798]}},{"type":"Feature","properties":{},"geometry":{"type":"Point","coordinates":[77.617729,13.107231]}},{"type":"Feature","properties":{},"geometry":{"type":"Point","coordinates":[77.617522,13.106633]}},{"type":"Feature","properties":{},"geometry":{"type":"Point","coordinates":[77.617565,13.106227]}},{"type":"Feature","properties":{},"geometry":{"type":"Point","coordinates":[77.617142,13.106203]}},{"type":"Feature","properties":{},"geometry":{"type":"Point","coordinates":[77.617849,13.105906]}},{"type":"Feature","properties":{},"geometry":{"type":"Point","coordinates":[77.630665,13.07664]}},{"type":"Feature","properties":{},"geometry":{"type":"Point","coordinates":[77.630896,13.076318]}},{"type":"Feature","properties":{},"geometry":{"type":"Point","coordinates":[77.631526,13.075253]}},{"type":"Feature","properties":{},"geometry":{"type":"Point","coordinates":[77.62445,13.073474]}},{"type":"Feature","properties":{},"geometry":{"type":"Point","coordinates":[77.623062,13.065426]}},{"type":"Feature","properties":{},"geometry":{"type":"Point","coordinates":[77.617265,13.065743]}},{"type":"Feature","properties":{},"geometry":{"type":"Point","coordinates":[77.554691,13.061262]}},{"type":"Feature","properties":{},"geometry":{"type":"Point","coordinates":[77.553513,13.062335]}},{"type":"Feature","properties":{},"geometry":{"type":"Point","coordinates":[77.554726,13.062345]}},{"type":"Feature","properties":{},"geometry":{"type":"Point","coordinates":[77.554823,13.062585]}},{"type":"Feature","properties":{},"geometry":{"type":"Point","coordinates":[77.555343,13.062496]}},{"type":"Feature","properties":{},"geometry":{"type":"Point","coordinates":[77.560697,13.060483]}},{"type":"Feature","properties":{},"geometry":{"type":"Point","coordinates":[77.560485,13.062508]}},{"type":"Feature","properties":{},"geometry":{"type":"Point","coordinates":[77.56002,13.061835]}},{"type":"Feature","properties":{},"geometry":{"type":"Point","coordinates":[77.559401,13.061849]}},{"type":"Feature","properties":{},"geometry":{"type":"Point","coordinates":[77.557787,13.061932]}},{"type":"Feature","properties":{},"geometry":{"type":"Point","coordinates":[77.558218,13.062106]}},{"type":"Feature","properties":{},"geometry":{"type":"Point","coordinates":[77.556265,13.060396]}},{"type":"Feature","properties":{},"geometry":{"type":"Point","coordinates":[77.555789,13.06014]}},{"type":"Feature","properties":{},"geometry":{"type":"Point","coordinates":[77.55687,13.062859]}},{"type":"Feature","properties":{},"geometry":{"type":"Point","coordinates":[77.554489,13.059085]}},{"type":"Feature","properties":{},"geometry":{"type":"Point","coordinates":[77.559506,13.062397]}},{"type":"Feature","properties":{},"geometry":{"type":"Point","coordinates":[77.560268,13.059688]}},{"type":"Feature","properties":{},"geometry":{"type":"Point","coordinates":[77.559492,13.059011]}},{"type":"Feature","properties":{},"geometry":{"type":"Point","coordinates":[77.56019,13.059063]}},{"type":"Feature","properties":{},"geometry":{"type":"Point","coordinates":[77.561961,13.060329]}},{"type":"Feature","properties":{},"geometry":{"type":"Point","coordinates":[77.561028,13.061735]}},{"type":"Feature","properties":{},"geometry":{"type":"Point","coordinates":[77.562213,13.060999]}},{"type":"Feature","properties":{},"geometry":{"type":"Point","coordinates":[77.56217,13.061693]}},{"type":"Feature","properties":{},"geometry":{"type":"Point","coordinates":[77.563995,13.061207]}},{"type":"Feature","properties":{},"geometry":{"type":"Point","coordinates":[77.562658,13.060182]}},{"type":"Feature","properties":{},"geometry":{"type":"Point","coordinates":[77.563089,13.058996]}},{"type":"Feature","properties":{},"geometry":{"type":"Point","coordinates":[77.564549,13.060181]}},{"type":"Feature","properties":{},"geometry":{"type":"Point","coordinates":[77.564247,13.05845]}},{"type":"Feature","properties":{},"geometry":{"type":"Point","coordinates":[77.565544,13.058231]}},{"type":"Feature","properties":{},"geometry":{"type":"Point","coordinates":[77.565652,13.058748]}},{"type":"Feature","properties":{},"geometry":{"type":"Point","coordinates":[77.569228,13.056596]}},{"type":"Feature","properties":{},"geometry":{"type":"Point","coordinates":[77.553341,13.077516]}},{"type":"Feature","properties":{},"geometry":{"type":"Point","coordinates":[77.552752,13.078357]}},{"type":"Feature","properties":{},"geometry":{"type":"Point","coordinates":[77.551898,13.079962]}},{"type":"Feature","properties":{},"geometry":{"type":"Point","coordinates":[77.554595,13.081419]}},{"type":"Feature","properties":{},"geometry":{"type":"Point","coordinates":[77.555925,13.080772]}},{"type":"Feature","properties":{},"geometry":{"type":"Point","coordinates":[77.555955,13.080436]}},{"type":"Feature","properties":{},"geometry":{"type":"Point","coordinates":[77.558299,13.083457]}},{"type":"Feature","properties":{},"geometry":{"type":"Point","coordinates":[77.558177,13.076055]}},{"type":"Feature","properties":{},"geometry":{"type":"Point","coordinates":[77.558805,13.078042]}},{"type":"Feature","properties":{},"geometry":{"type":"Point","coordinates":[77.558577,13.077708]}},{"type":"Feature","properties":{},"geometry":{"type":"Point","coordinates":[77.562008,13.084143]}},{"type":"Feature","properties":{},"geometry":{"type":"Point","coordinates":[77.560987,13.079826]}},{"type":"Feature","properties":{},"geometry":{"type":"Point","coordinates":[77.560831,13.081057]}},{"type":"Feature","properties":{},"geometry":{"type":"Point","coordinates":[77.564388,13.084027]}},{"type":"Feature","properties":{},"geometry":{"type":"Point","coordinates":[77.56231,13.078919]}},{"type":"Feature","properties":{},"geometry":{"type":"Point","coordinates":[77.561606,13.077852]}},{"type":"Feature","properties":{},"geometry":{"type":"Point","coordinates":[77.562038,13.077005]}},{"type":"Feature","properties":{},"geometry":{"type":"Point","coordinates":[77.55989,13.077768]}},{"type":"Feature","properties":{},"geometry":{"type":"Point","coordinates":[77.558743,13.076445]}},{"type":"Feature","properties":{},"geometry":{"type":"Point","coordinates":[77.560271,13.075723]}},{"type":"Feature","properties":{},"geometry":{"type":"Point","coordinates":[77.56034,13.075265]}},{"type":"Feature","properties":{},"geometry":{"type":"Point","coordinates":[77.559237,13.075141]}},{"type":"Feature","properties":{},"geometry":{"type":"Point","coordinates":[77.560744,13.072714]}},{"type":"Feature","properties":{},"geometry":{"type":"Point","coordinates":[77.560748,13.073412]}},{"type":"Feature","properties":{},"geometry":{"type":"Point","coordinates":[77.560248,13.071801]}},{"type":"Feature","properties":{},"geometry":{"type":"Point","coordinates":[77.560514,13.07157]}},{"type":"Feature","properties":{},"geometry":{"type":"Point","coordinates":[77.559572,13.069705]}},{"type":"Feature","properties":{},"geometry":{"type":"Point","coordinates":[77.559058,13.069952]}},{"type":"Feature","properties":{},"geometry":{"type":"Point","coordinates":[77.56189,13.069939]}},{"type":"Feature","properties":{},"geometry":{"type":"Point","coordinates":[77.561368,13.070514]}},{"type":"Feature","properties":{},"geometry":{"type":"Point","coordinates":[77.561516,13.071468]}},{"type":"Feature","properties":{},"geometry":{"type":"Point","coordinates":[77.562438,13.071329]}},{"type":"Feature","properties":{},"geometry":{"type":"Point","coordinates":[77.562233,13.071737]}},{"type":"Feature","properties":{},"geometry":{"type":"Point","coordinates":[77.562067,13.075534]}},{"type":"Feature","properties":{},"geometry":{"type":"Point","coordinates":[77.56373,13.074378]}},{"type":"Feature","properties":{},"geometry":{"type":"Point","coordinates":[77.564133,13.075443]}},{"type":"Feature","properties":{},"geometry":{"type":"Point","coordinates":[77.564599,13.076108]}},{"type":"Feature","properties":{},"geometry":{"type":"Point","coordinates":[77.563543,13.077034]}},{"type":"Feature","properties":{},"geometry":{"type":"Point","coordinates":[77.562286,13.07746]}},{"type":"Feature","properties":{},"geometry":{"type":"Point","coordinates":[77.562074,13.077981]}},{"type":"Feature","properties":{},"geometry":{"type":"Point","coordinates":[77.56281,13.078721]}},{"type":"Feature","properties":{},"geometry":{"type":"Point","coordinates":[77.563136,13.078561]}},{"type":"Feature","properties":{},"geometry":{"type":"Point","coordinates":[77.560819,13.075576]}},{"type":"Feature","properties":{},"geometry":{"type":"Point","coordinates":[77.568919,13.07447]}},{"type":"Feature","properties":{},"geometry":{"type":"Point","coordinates":[77.569957,13.07446]}},{"type":"Feature","properties":{},"geometry":{"type":"Point","coordinates":[77.567427,13.074764]}},{"type":"Feature","properties":{},"geometry":{"type":"Point","coordinates":[77.566282,13.074121]}},{"type":"Feature","properties":{},"geometry":{"type":"Point","coordinates":[77.566553,13.073184]}},{"type":"Feature","properties":{},"geometry":{"type":"Point","coordinates":[77.565786,13.073128]}},{"type":"Feature","properties":{},"geometry":{"type":"Point","coordinates":[77.564282,13.072121]}},{"type":"Feature","properties":{},"geometry":{"type":"Point","coordinates":[77.563586,13.071112]}},{"type":"Feature","properties":{},"geometry":{"type":"Point","coordinates":[77.565921,13.070906]}},{"type":"Feature","properties":{},"geometry":{"type":"Point","coordinates":[77.565432,13.0706]}},{"type":"Feature","properties":{},"geometry":{"type":"Point","coordinates":[77.564719,13.06893]}},{"type":"Feature","properties":{},"geometry":{"type":"Point","coordinates":[77.566556,13.070006]}},{"type":"Feature","properties":{},"geometry":{"type":"Point","coordinates":[77.566106,13.067642]}},{"type":"Feature","properties":{},"geometry":{"type":"Point","coordinates":[77.56575,13.067577]}},{"type":"Feature","properties":{},"geometry":{"type":"Point","coordinates":[77.565698,13.067259]}},{"type":"Feature","properties":{},"geometry":{"type":"Point","coordinates":[77.566671,13.067448]}},{"type":"Feature","properties":{},"geometry":{"type":"Point","coordinates":[77.567272,13.068131]}},{"type":"Feature","properties":{},"geometry":{"type":"Point","coordinates":[77.567317,13.068872]}},{"type":"Feature","properties":{},"geometry":{"type":"Point","coordinates":[77.567843,13.070498]}},{"type":"Feature","properties":{},"geometry":{"type":"Point","coordinates":[77.565978,13.071217]}},{"type":"Feature","properties":{},"geometry":{"type":"Point","coordinates":[77.566315,13.071412]}},{"type":"Feature","properties":{},"geometry":{"type":"Point","coordinates":[77.568793,13.07361]}},{"type":"Feature","properties":{},"geometry":{"type":"Point","coordinates":[77.568079,13.071541]}},{"type":"Feature","properties":{},"geometry":{"type":"Point","coordinates":[77.569525,13.07206]}},{"type":"Feature","properties":{},"geometry":{"type":"Point","coordinates":[77.569681,13.072833]}},{"type":"Feature","properties":{},"geometry":{"type":"Point","coordinates":[77.570364,13.073107]}},{"type":"Feature","properties":{},"geometry":{"type":"Point","coordinates":[77.568556,13.073315]}},{"type":"Feature","properties":{},"geometry":{"type":"Point","coordinates":[77.573241,13.071453]}},{"type":"Feature","properties":{},"geometry":{"type":"Point","coordinates":[77.573874,13.071698]}},{"type":"Feature","properties":{},"geometry":{"type":"Point","coordinates":[77.57109,13.070937]}},{"type":"Feature","properties":{},"geometry":{"type":"Point","coordinates":[77.573613,13.070093]}},{"type":"Feature","properties":{},"geometry":{"type":"Point","coordinates":[77.574869,13.068387]}},{"type":"Feature","properties":{},"geometry":{"type":"Point","coordinates":[77.575102,13.066916]}},{"type":"Feature","properties":{},"geometry":{"type":"Point","coordinates":[77.575106,13.065178]}},{"type":"Feature","properties":{},"geometry":{"type":"Point","coordinates":[77.574587,13.066089]}},{"type":"Feature","properties":{},"geometry":{"type":"Point","coordinates":[77.574646,13.06717]}},{"type":"Feature","properties":{},"geometry":{"type":"Point","coordinates":[77.573503,13.065138]}},{"type":"Feature","properties":{},"geometry":{"type":"Point","coordinates":[77.57143,13.063398]}},{"type":"Feature","properties":{},"geometry":{"type":"Point","coordinates":[77.570888,13.063043]}},{"type":"Feature","properties":{},"geometry":{"type":"Point","coordinates":[77.569672,13.06419]}},{"type":"Feature","properties":{},"geometry":{"type":"Point","coordinates":[77.56695,13.064922]}},{"type":"Feature","properties":{},"geometry":{"type":"Point","coordinates":[77.567314,13.066074]}},{"type":"Feature","properties":{},"geometry":{"type":"Point","coordinates":[77.567134,13.066639]}},{"type":"Feature","properties":{},"geometry":{"type":"Point","coordinates":[77.567429,13.067394]}},{"type":"Feature","properties":{},"geometry":{"type":"Point","coordinates":[77.567838,13.066625]}},{"type":"Feature","properties":{},"geometry":{"type":"Point","coordinates":[77.560821,13.070344]}},{"type":"Feature","properties":{},"geometry":{"type":"Point","coordinates":[77.579413,13.069739]}},{"type":"Feature","properties":{},"geometry":{"type":"Point","coordinates":[77.579624,13.069823]}},{"type":"Feature","properties":{},"geometry":{"type":"Point","coordinates":[77.579009,13.068397]}},{"type":"Feature","properties":{},"geometry":{"type":"Point","coordinates":[77.555669,13.07357]}},{"type":"Feature","properties":{},"geometry":{"type":"Point","coordinates":[77.560169,13.072671]}},{"type":"Feature","properties":{},"geometry":{"type":"Point","coordinates":[77.557417,13.082174]}},{"type":"Feature","properties":{},"geometry":{"type":"Point","coordinates":[77.573463,13.06758]}},{"type":"Feature","properties":{},"geometry":{"type":"Point","coordinates":[77.564649,13.060109]}},{"type":"Feature","properties":{},"geometry":{"type":"Point","coordinates":[77.578533,13.07019]}},{"type":"Feature","properties":{},"geometry":{"type":"Point","coordinates":[77.572633,13.061153]}},{"type":"Feature","properties":{},"geometry":{"type":"Point","coordinates":[77.570496,13.062555]}},{"type":"Feature","properties":{},"geometry":{"type":"Point","coordinates":[77.554044,13.079989]}},{"type":"Feature","properties":{},"geometry":{"type":"Point","coordinates":[77.568134,13.073904]}},{"type":"Feature","properties":{},"geometry":{"type":"Point","coordinates":[77.563219,13.061533]}},{"type":"Feature","properties":{},"geometry":{"type":"Point","coordinates":[77.564727,13.059145]}},{"type":"Feature","properties":{},"geometry":{"type":"Point","coordinates":[77.568777,13.074753]}},{"type":"Feature","properties":{},"geometry":{"type":"Point","coordinates":[77.56882,13.074631]}},{"type":"Feature","properties":{},"geometry":{"type":"Point","coordinates":[77.60561,13.076713]}},{"type":"Feature","properties":{},"geometry":{"type":"Point","coordinates":[77.60589,13.076576]}},{"type":"Feature","properties":{},"geometry":{"type":"Point","coordinates":[77.606416,13.076288]}},{"type":"Feature","properties":{},"geometry":{"type":"Point","coordinates":[77.607334,13.075993]}},{"type":"Feature","properties":{},"geometry":{"type":"Point","coordinates":[77.608387,13.074778]}},{"type":"Feature","properties":{},"geometry":{"type":"Point","coordinates":[77.605335,13.074621]}},{"type":"Feature","properties":{},"geometry":{"type":"Point","coordinates":[77.617514,13.066718]}},{"type":"Feature","properties":{},"geometry":{"type":"Point","coordinates":[77.618758,13.066717]}},{"type":"Feature","properties":{},"geometry":{"type":"Point","coordinates":[77.618826,13.068092]}},{"type":"Feature","properties":{},"geometry":{"type":"Point","coordinates":[77.619433,13.068097]}},{"type":"Feature","properties":{},"geometry":{"type":"Point","coordinates":[77.616487,13.075101]}},{"type":"Feature","properties":{},"geometry":{"type":"Point","coordinates":[77.618012,13.078154]}},{"type":"Feature","properties":{},"geometry":{"type":"Point","coordinates":[77.617945,13.078473]}},{"type":"Feature","properties":{},"geometry":{"type":"Point","coordinates":[77.618799,13.087438]}},{"type":"Feature","properties":{},"geometry":{"type":"Point","coordinates":[77.623715,13.090657]}},{"type":"Feature","properties":{},"geometry":{"type":"Point","coordinates":[77.624557,13.09756]}},{"type":"Feature","properties":{},"geometry":{"type":"Point","coordinates":[77.623632,13.098519]}},{"type":"Feature","properties":{},"geometry":{"type":"Point","coordinates":[77.625152,13.098057]}},{"type":"Feature","properties":{},"geometry":{"type":"Point","coordinates":[77.62636,13.095821]}},{"type":"Feature","properties":{},"geometry":{"type":"Point","coordinates":[77.515113,13.044383]}},{"type":"Feature","properties":{},"geometry":{"type":"Point","coordinates":[77.508989,13.04524]}},{"type":"Feature","properties":{},"geometry":{"type":"Point","coordinates":[77.509167,13.045638]}},{"type":"Feature","properties":{},"geometry":{"type":"Point","coordinates":[77.51149,13.046247]}},{"type":"Feature","properties":{},"geometry":{"type":"Point","coordinates":[77.513094,13.047236]}},{"type":"Feature","properties":{},"geometry":{"type":"Point","coordinates":[77.519235,13.046811]}},{"type":"Feature","properties":{},"geometry":{"type":"Point","coordinates":[77.515676,13.046939]}},{"type":"Feature","properties":{},"geometry":{"type":"Point","coordinates":[77.51043,13.044377]}},{"type":"Feature","properties":{},"geometry":{"type":"Point","coordinates":[77.51145,13.047898]}},{"type":"Feature","properties":{},"geometry":{"type":"Point","coordinates":[77.560736,12.992727]}},{"type":"Feature","properties":{},"geometry":{"type":"Point","coordinates":[77.563501,12.993597]}},{"type":"Feature","properties":{},"geometry":{"type":"Point","coordinates":[77.561535,12.992567]}},{"type":"Feature","properties":{},"geometry":{"type":"Point","coordinates":[77.56165,12.991915]}},{"type":"Feature","properties":{},"geometry":{"type":"Point","coordinates":[77.562268,12.992053]}},{"type":"Feature","properties":{},"geometry":{"type":"Point","coordinates":[77.562578,12.991561]}},{"type":"Feature","properties":{},"geometry":{"type":"Point","coordinates":[77.561936,12.991236]}},{"type":"Feature","properties":{},"geometry":{"type":"Point","coordinates":[77.561984,12.990021]}},{"type":"Feature","properties":{},"geometry":{"type":"Point","coordinates":[77.561948,12.988829]}},{"type":"Feature","properties":{},"geometry":{"type":"Point","coordinates":[77.56514,12.989953]}},{"type":"Feature","properties":{},"geometry":{"type":"Point","coordinates":[77.564814,12.989849]}},{"type":"Feature","properties":{},"geometry":{"type":"Point","coordinates":[77.565892,12.989382]}},{"type":"Feature","properties":{},"geometry":{"type":"Point","coordinates":[77.565679,12.990682]}},{"type":"Feature","properties":{},"geometry":{"type":"Point","coordinates":[77.564516,12.991402]}},{"type":"Feature","properties":{},"geometry":{"type":"Point","coordinates":[77.562263,12.992767]}},{"type":"Feature","properties":{},"geometry":{"type":"Point","coordinates":[77.541626,12.989736]}},{"type":"Feature","properties":{},"geometry":{"type":"Point","coordinates":[77.542419,12.989829]}},{"type":"Feature","properties":{},"geometry":{"type":"Point","coordinates":[77.541957,12.991189]}},{"type":"Feature","properties":{},"geometry":{"type":"Point","coordinates":[77.541965,12.993009]}},{"type":"Feature","properties":{},"geometry":{"type":"Point","coordinates":[77.545225,12.992336]}},{"type":"Feature","properties":{},"geometry":{"type":"Point","coordinates":[77.543694,12.989143]}},{"type":"Feature","properties":{},"geometry":{"type":"Point","coordinates":[77.54395,12.988862]}},{"type":"Feature","properties":{},"geometry":{"type":"Point","coordinates":[77.5436,12.994434]}},{"type":"Feature","properties":{},"geometry":{"type":"Point","coordinates":[77.545018,12.989124]}},{"type":"Feature","properties":{},"geometry":{"type":"Point","coordinates":[77.54423,12.989008]}},{"type":"Feature","properties":{},"geometry":{"type":"Point","coordinates":[77.545194,12.994578]}},{"type":"Feature","properties":{},"geometry":{"type":"Point","coordinates":[77.544706,12.994153]}},{"type":"Feature","properties":{},"geometry":{"type":"Point","coordinates":[77.543861,12.993397]}},{"type":"Feature","properties":{},"geometry":{"type":"Point","coordinates":[77.542467,12.99374]}},{"type":"Feature","properties":{},"geometry":{"type":"Point","coordinates":[77.542841,12.99176]}},{"type":"Feature","properties":{},"geometry":{"type":"Point","coordinates":[77.543714,12.990026]}},{"type":"Feature","properties":{},"geometry":{"type":"Point","coordinates":[77.54856,12.996985]}},{"type":"Feature","properties":{},"geometry":{"type":"Point","coordinates":[77.549286,12.995541]}},{"type":"Feature","properties":{},"geometry":{"type":"Point","coordinates":[77.546132,12.995647]}},{"type":"Feature","properties":{},"geometry":{"type":"Point","coordinates":[77.548374,12.995143]}},{"type":"Feature","properties":{},"geometry":{"type":"Point","coordinates":[77.545289,12.995291]}},{"type":"Feature","properties":{},"geometry":{"type":"Point","coordinates":[77.547027,12.995411]}},{"type":"Feature","properties":{},"geometry":{"type":"Point","coordinates":[77.549672,12.994883]}},{"type":"Feature","properties":{},"geometry":{"type":"Point","coordinates":[77.549908,12.996511]}},{"type":"Feature","properties":{},"geometry":{"type":"Point","coordinates":[77.547792,12.993892]}},{"type":"Feature","properties":{},"geometry":{"type":"Point","coordinates":[77.548834,12.994724]}},{"type":"Feature","properties":{},"geometry":{"type":"Point","coordinates":[77.550589,12.995587]}},{"type":"Feature","properties":{},"geometry":{"type":"Point","coordinates":[77.556016,12.992988]}},{"type":"Feature","properties":{},"geometry":{"type":"Point","coordinates":[77.549432,12.997036]}},{"type":"Feature","properties":{},"geometry":{"type":"Point","coordinates":[77.547259,12.994606]}},{"type":"Feature","properties":{},"geometry":{"type":"Point","coordinates":[77.554446,12.99447]}},{"type":"Feature","properties":{},"geometry":{"type":"Point","coordinates":[77.553791,12.994504]}},{"type":"Feature","properties":{},"geometry":{"type":"Point","coordinates":[77.554977,12.993405]}},{"type":"Feature","properties":{},"geometry":{"type":"Point","coordinates":[77.552964,12.990364]}},{"type":"Feature","properties":{},"geometry":{"type":"Point","coordinates":[77.555574,12.992945]}},{"type":"Feature","properties":{},"geometry":{"type":"Point","coordinates":[77.556044,12.990889]}},{"type":"Feature","properties":{},"geometry":{"type":"Point","coordinates":[77.555749,12.992002]}},{"type":"Feature","properties":{},"geometry":{"type":"Point","coordinates":[77.544397,12.995928]}},{"type":"Feature","properties":{},"geometry":{"type":"Point","coordinates":[77.55604,12.991192]}},{"type":"Feature","properties":{},"geometry":{"type":"Point","coordinates":[77.55655,12.990968]}},{"type":"Feature","properties":{},"geometry":{"type":"Point","coordinates":[77.554788,12.992354]}},{"type":"Feature","properties":{},"geometry":{"type":"Point","coordinates":[77.554573,12.992179]}},{"type":"Feature","properties":{},"geometry":{"type":"Point","coordinates":[77.551884,12.994481]}},{"type":"Feature","properties":{},"geometry":{"type":"Point","coordinates":[77.551766,12.997257]}},{"type":"Feature","properties":{},"geometry":{"type":"Point","coordinates":[77.551271,12.997271]}},{"type":"Feature","properties":{},"geometry":{"type":"Point","coordinates":[77.550345,12.993753]}},{"type":"Feature","properties":{},"geometry":{"type":"Point","coordinates":[77.532279,12.99107]}},{"type":"Feature","properties":{},"geometry":{"type":"Point","coordinates":[77.538227,12.990912]}},{"type":"Feature","properties":{},"geometry":{"type":"Point","coordinates":[77.538033,12.99004]}},{"type":"Feature","properties":{},"geometry":{"type":"Point","coordinates":[77.537596,12.989297]}},{"type":"Feature","properties":{},"geometry":{"type":"Point","coordinates":[77.530774,12.987487]}},{"type":"Feature","properties":{},"geometry":{"type":"Point","coordinates":[77.529612,12.985709]}},{"type":"Feature","properties":{},"geometry":{"type":"Point","coordinates":[77.529135,12.985417]}},{"type":"Feature","properties":{},"geometry":{"type":"Point","coordinates":[77.53096,12.983663]}},{"type":"Feature","properties":{},"geometry":{"type":"Point","coordinates":[77.531053,12.984389]}},{"type":"Feature","properties":{},"geometry":{"type":"Point","coordinates":[77.530722,12.984551]}},{"type":"Feature","properties":{},"geometry":{"type":"Point","coordinates":[77.53097,12.986326]}},{"type":"Feature","properties":{},"geometry":{"type":"Point","coordinates":[77.531756,12.982702]}},{"type":"Feature","properties":{},"geometry":{"type":"Point","coordinates":[77.532683,12.982556]}},{"type":"Feature","properties":{},"geometry":{"type":"Point","coordinates":[77.53507,12.984058]}},{"type":"Feature","properties":{},"geometry":{"type":"Point","coordinates":[77.535762,12.984361]}},{"type":"Feature","properties":{},"geometry":{"type":"Point","coordinates":[77.535607,12.985231]}},{"type":"Feature","properties":{},"geometry":{"type":"Point","coordinates":[77.535059,12.985941]}},{"type":"Feature","properties":{},"geometry":{"type":"Point","coordinates":[77.53245,12.988249]}},{"type":"Feature","properties":{},"geometry":{"type":"Point","coordinates":[77.533856,12.991564]}},{"type":"Feature","properties":{},"geometry":{"type":"Point","coordinates":[77.629695,13.073577]}},{"type":"Feature","properties":{},"geometry":{"type":"Point","coordinates":[77.611454,13.100782]}},{"type":"Feature","properties":{},"geometry":{"type":"Point","coordinates":[77.611798,13.100942]}},{"type":"Feature","properties":{},"geometry":{"type":"Point","coordinates":[77.627734,13.096753]}},{"type":"Feature","properties":{},"geometry":{"type":"Point","coordinates":[77.626942,13.097864]}},{"type":"Feature","properties":{},"geometry":{"type":"Point","coordinates":[77.627709,13.100047]}},{"type":"Feature","properties":{},"geometry":{"type":"Point","coordinates":[77.624554,13.097646]}},{"type":"Feature","properties":{},"geometry":{"type":"Point","coordinates":[77.629866,13.100506]}},{"type":"Feature","properties":{},"geometry":{"type":"Point","coordinates":[77.631292,13.076493]}},{"type":"Feature","properties":{},"geometry":{"type":"Point","coordinates":[77.614698,13.079362]}},{"type":"Feature","properties":{},"geometry":{"type":"Point","coordinates":[77.632526,13.108626]}},{"type":"Feature","properties":{},"geometry":{"type":"Point","coordinates":[77.625917,13.072873]}},{"type":"Feature","properties":{},"geometry":{"type":"Point","coordinates":[77.625751,13.072411]}},{"type":"Feature","properties":{},"geometry":{"type":"Point","coordinates":[77.630534,13.072286]}},{"type":"Feature","properties":{},"geometry":{"type":"Point","coordinates":[77.624639,13.041236]}},{"type":"Feature","properties":{},"geometry":{"type":"Point","coordinates":[77.62521,13.04306]}},{"type":"Feature","properties":{},"geometry":{"type":"Point","coordinates":[77.624177,13.043784]}},{"type":"Feature","properties":{},"geometry":{"type":"Point","coordinates":[77.624389,13.044208]}},{"type":"Feature","properties":{},"geometry":{"type":"Point","coordinates":[77.618284,13.041621]}},{"type":"Feature","properties":{},"geometry":{"type":"Point","coordinates":[77.616669,13.04163]}},{"type":"Feature","properties":{},"geometry":{"type":"Point","coordinates":[77.616365,13.041712]}},{"type":"Feature","properties":{},"geometry":{"type":"Point","coordinates":[77.622212,13.039449]}},{"type":"Feature","properties":{},"geometry":{"type":"Point","coordinates":[77.622145,13.040829]}},{"type":"Feature","properties":{},"geometry":{"type":"Point","coordinates":[77.61799,13.041051]}},{"type":"Feature","properties":{},"geometry":{"type":"Point","coordinates":[77.617592,13.042264]}},{"type":"Feature","properties":{},"geometry":{"type":"Point","coordinates":[77.617592,13.042264]}},{"type":"Feature","properties":{},"geometry":{"type":"Point","coordinates":[77.62245,13.041861]}},{"type":"Feature","properties":{},"geometry":{"type":"Point","coordinates":[77.62107,13.042668]}},{"type":"Feature","properties":{},"geometry":{"type":"Point","coordinates":[77.622669,13.03941]}},{"type":"Feature","properties":{},"geometry":{"type":"Point","coordinates":[77.567672,13.047141]}},{"type":"Feature","properties":{},"geometry":{"type":"Point","coordinates":[77.567426,13.047053]}},{"type":"Feature","properties":{},"geometry":{"type":"Point","coordinates":[77.567724,13.047116]}},{"type":"Feature","properties":{},"geometry":{"type":"Point","coordinates":[77.567361,13.047289]}},{"type":"Feature","properties":{},"geometry":{"type":"Point","coordinates":[77.567354,13.047901]}},{"type":"Feature","properties":{},"geometry":{"type":"Point","coordinates":[77.567499,13.048904]}},{"type":"Feature","properties":{},"geometry":{"type":"Point","coordinates":[77.567735,13.049445]}},{"type":"Feature","properties":{},"geometry":{"type":"Point","coordinates":[77.567778,13.050649]}},{"type":"Feature","properties":{},"geometry":{"type":"Point","coordinates":[77.569816,13.051084]}},{"type":"Feature","properties":{},"geometry":{"type":"Point","coordinates":[77.570298,13.050959]}},{"type":"Feature","properties":{},"geometry":{"type":"Point","coordinates":[77.569955,13.049815]}},{"type":"Feature","properties":{},"geometry":{"type":"Point","coordinates":[77.568058,13.048505]}},{"type":"Feature","properties":{},"geometry":{"type":"Point","coordinates":[77.56915,13.047536]}},{"type":"Feature","properties":{},"geometry":{"type":"Point","coordinates":[77.571439,13.050922]}},{"type":"Feature","properties":{},"geometry":{"type":"Point","coordinates":[77.572606,13.050216]}},{"type":"Feature","properties":{},"geometry":{"type":"Point","coordinates":[77.571829,13.048254]}},{"type":"Feature","properties":{},"geometry":{"type":"Point","coordinates":[77.571682,13.048342]}},{"type":"Feature","properties":{},"geometry":{"type":"Point","coordinates":[77.573339,13.049543]}},{"type":"Feature","properties":{},"geometry":{"type":"Point","coordinates":[77.573668,13.0482]}},{"type":"Feature","properties":{},"geometry":{"type":"Point","coordinates":[77.574219,13.048735]}},{"type":"Feature","properties":{},"geometry":{"type":"Point","coordinates":[77.574444,13.047823]}},{"type":"Feature","properties":{},"geometry":{"type":"Point","coordinates":[77.576722,13.053314]}},{"type":"Feature","properties":{},"geometry":{"type":"Point","coordinates":[77.577126,13.053619]}},{"type":"Feature","properties":{},"geometry":{"type":"Point","coordinates":[77.578123,13.052009]}},{"type":"Feature","properties":{},"geometry":{"type":"Point","coordinates":[77.578659,13.052075]}},{"type":"Feature","properties":{},"geometry":{"type":"Point","coordinates":[77.578326,13.049792]}},{"type":"Feature","properties":{},"geometry":{"type":"Point","coordinates":[77.576637,13.04952]}},{"type":"Feature","properties":{},"geometry":{"type":"Point","coordinates":[77.576273,13.048732]}},{"type":"Feature","properties":{},"geometry":{"type":"Point","coordinates":[77.577696,13.048313]}},{"type":"Feature","properties":{},"geometry":{"type":"Point","coordinates":[77.578071,13.048691]}},{"type":"Feature","properties":{},"geometry":{"type":"Point","coordinates":[77.578793,13.04835]}},{"type":"Feature","properties":{},"geometry":{"type":"Point","coordinates":[77.57875,13.053675]}},{"type":"Feature","properties":{},"geometry":{"type":"Point","coordinates":[77.577411,13.056778]}},{"type":"Feature","properties":{},"geometry":{"type":"Point","coordinates":[77.57757,13.055868]}},{"type":"Feature","properties":{},"geometry":{"type":"Point","coordinates":[77.579224,13.05729]}},{"type":"Feature","properties":{},"geometry":{"type":"Point","coordinates":[77.580815,13.055687]}},{"type":"Feature","properties":{},"geometry":{"type":"Point","coordinates":[77.581836,13.056455]}},{"type":"Feature","properties":{},"geometry":{"type":"Point","coordinates":[77.582801,13.057744]}},{"type":"Feature","properties":{},"geometry":{"type":"Point","coordinates":[77.582846,13.056317]}},{"type":"Feature","properties":{},"geometry":{"type":"Point","coordinates":[77.583093,13.05648]}},{"type":"Feature","properties":{},"geometry":{"type":"Point","coordinates":[77.581984,13.054071]}},{"type":"Feature","properties":{},"geometry":{"type":"Point","coordinates":[77.582145,13.05396]}},{"type":"Feature","properties":{},"geometry":{"type":"Point","coordinates":[77.584114,13.058537]}},{"type":"Feature","properties":{},"geometry":{"type":"Point","coordinates":[77.581989,13.058435]}},{"type":"Feature","properties":{},"geometry":{"type":"Point","coordinates":[77.580082,13.060249]}},{"type":"Feature","properties":{},"geometry":{"type":"Point","coordinates":[77.579984,13.060282]}},{"type":"Feature","properties":{},"geometry":{"type":"Point","coordinates":[77.575095,13.058867]}},{"type":"Feature","properties":{},"geometry":{"type":"Point","coordinates":[77.574395,13.058928]}},{"type":"Feature","properties":{},"geometry":{"type":"Point","coordinates":[77.574203,13.059935]}},{"type":"Feature","properties":{},"geometry":{"type":"Point","coordinates":[77.574104,13.060043]}},{"type":"Feature","properties":{},"geometry":{"type":"Point","coordinates":[77.577055,13.058129]}},{"type":"Feature","properties":{},"geometry":{"type":"Point","coordinates":[77.575306,13.06175]}},{"type":"Feature","properties":{},"geometry":{"type":"Point","coordinates":[77.575821,13.061959]}},{"type":"Feature","properties":{},"geometry":{"type":"Point","coordinates":[77.576785,13.062196]}},{"type":"Feature","properties":{},"geometry":{"type":"Point","coordinates":[77.579217,13.060889]}},{"type":"Feature","properties":{},"geometry":{"type":"Point","coordinates":[77.578868,13.061656]}},{"type":"Feature","properties":{},"geometry":{"type":"Point","coordinates":[77.578606,13.061812]}},{"type":"Feature","properties":{},"geometry":{"type":"Point","coordinates":[77.578325,13.06099]}},{"type":"Feature","properties":{},"geometry":{"type":"Point","coordinates":[77.57815,13.060358]}},{"type":"Feature","properties":{},"geometry":{"type":"Point","coordinates":[77.577566,13.060318]}},{"type":"Feature","properties":{},"geometry":{"type":"Point","coordinates":[77.577854,13.061502]}},{"type":"Feature","properties":{},"geometry":{"type":"Point","coordinates":[77.581371,13.063315]}},{"type":"Feature","properties":{},"geometry":{"type":"Point","coordinates":[77.585218,13.058987]}},{"type":"Feature","properties":{},"geometry":{"type":"Point","coordinates":[77.584746,13.059137]}},{"type":"Feature","properties":{},"geometry":{"type":"Point","coordinates":[77.583814,13.05914]}},{"type":"Feature","properties":{},"geometry":{"type":"Point","coordinates":[77.574282,13.057213]}},{"type":"Feature","properties":{},"geometry":{"type":"Point","coordinates":[77.581226,13.063414]}},{"type":"Feature","properties":{},"geometry":{"type":"Point","coordinates":[77.569564,13.048037]}},{"type":"Feature","properties":{},"geometry":{"type":"Point","coordinates":[77.571349,13.050677]}},{"type":"Feature","properties":{},"geometry":{"type":"Point","coordinates":[77.568747,13.05229]}},{"type":"Feature","properties":{},"geometry":{"type":"Point","coordinates":[77.56759,13.048249]}},{"type":"Feature","properties":{},"geometry":{"type":"Point","coordinates":[77.581709,13.052544]}},{"type":"Feature","properties":{},"geometry":{"type":"Point","coordinates":[77.575349,13.051073]}},{"type":"Feature","properties":{},"geometry":{"type":"Point","coordinates":[77.570629,13.054805]}},{"type":"Feature","properties":{},"geometry":{"type":"Point","coordinates":[77.580467,13.055242]}},{"type":"Feature","properties":{},"geometry":{"type":"Point","coordinates":[77.57713,13.056451]}},{"type":"Feature","properties":{},"geometry":{"type":"Point","coordinates":[77.576711,13.048584]}},{"type":"Feature","properties":{},"geometry":{"type":"Point","coordinates":[77.580369,13.058034]}},{"type":"Feature","properties":{},"geometry":{"type":"Point","coordinates":[77.576083,13.062813]}},{"type":"Feature","properties":{},"geometry":{"type":"Point","coordinates":[77.577278,13.058172]}},{"type":"Feature","properties":{},"geometry":{"type":"Point","coordinates":[77.578175,13.054057]}},{"type":"Feature","properties":{},"geometry":{"type":"Point","coordinates":[77.58664,13.055054]}},{"type":"Feature","properties":{},"geometry":{"type":"Point","coordinates":[77.583973,13.054018]}},{"type":"Feature","properties":{},"geometry":{"type":"Point","coordinates":[77.587912,13.055453]}},{"type":"Feature","properties":{},"geometry":{"type":"Point","coordinates":[77.59132,13.054014]}},{"type":"Feature","properties":{},"geometry":{"type":"Point","coordinates":[77.589612,13.056308]}},{"type":"Feature","properties":{},"geometry":{"type":"Point","coordinates":[77.591646,13.057577]}},{"type":"Feature","properties":{},"geometry":{"type":"Point","coordinates":[77.591553,13.058142]}},{"type":"Feature","properties":{},"geometry":{"type":"Point","coordinates":[77.59284,13.058327]}},{"type":"Feature","properties":{},"geometry":{"type":"Point","coordinates":[77.592855,13.059023]}},{"type":"Feature","properties":{},"geometry":{"type":"Point","coordinates":[77.589159,13.06204]}},{"type":"Feature","properties":{},"geometry":{"type":"Point","coordinates":[77.583809,13.067388]}},{"type":"Feature","properties":{},"geometry":{"type":"Point","coordinates":[77.587965,13.068952]}},{"type":"Feature","properties":{},"geometry":{"type":"Point","coordinates":[77.588626,13.068136]}},{"type":"Feature","properties":{},"geometry":{"type":"Point","coordinates":[77.589289,13.067825]}},{"type":"Feature","properties":{},"geometry":{"type":"Point","coordinates":[77.589687,13.066819]}},{"type":"Feature","properties":{},"geometry":{"type":"Point","coordinates":[77.591478,13.06664]}},{"type":"Feature","properties":{},"geometry":{"type":"Point","coordinates":[77.591811,13.066317]}},{"type":"Feature","properties":{},"geometry":{"type":"Point","coordinates":[77.591989,13.06541]}},{"type":"Feature","properties":{},"geometry":{"type":"Point","coordinates":[77.592863,13.06539]}},{"type":"Feature","properties":{},"geometry":{"type":"Point","coordinates":[77.594105,13.067037]}},{"type":"Feature","properties":{},"geometry":{"type":"Point","coordinates":[77.591794,13.077614]}},{"type":"Feature","properties":{},"geometry":{"type":"Point","coordinates":[77.592737,13.07811]}},{"type":"Feature","properties":{},"geometry":{"type":"Point","coordinates":[77.598059,13.068391]}},{"type":"Feature","properties":{},"geometry":{"type":"Point","coordinates":[77.594396,13.067011]}},{"type":"Feature","properties":{},"geometry":{"type":"Point","coordinates":[77.595567,13.066568]}},{"type":"Feature","properties":{},"geometry":{"type":"Point","coordinates":[77.598043,13.065766]}},{"type":"Feature","properties":{},"geometry":{"type":"Point","coordinates":[77.596338,13.067148]}},{"type":"Feature","properties":{},"geometry":{"type":"Point","coordinates":[77.596322,13.068707]}},{"type":"Feature","properties":{},"geometry":{"type":"Point","coordinates":[77.598163,13.068327]}},{"type":"Feature","properties":{},"geometry":{"type":"Point","coordinates":[77.597616,13.07063]}},{"type":"Feature","properties":{},"geometry":{"type":"Point","coordinates":[77.595502,13.073206]}},{"type":"Feature","properties":{},"geometry":{"type":"Point","coordinates":[77.595911,13.073104]}},{"type":"Feature","properties":{},"geometry":{"type":"Point","coordinates":[77.596416,13.072945]}},{"type":"Feature","properties":{},"geometry":{"type":"Point","coordinates":[77.5982,13.072809]}},{"type":"Feature","properties":{},"geometry":{"type":"Point","coordinates":[77.598593,13.072826]}},{"type":"Feature","properties":{},"geometry":{"type":"Point","coordinates":[77.598438,13.071858]}},{"type":"Feature","properties":{},"geometry":{"type":"Point","coordinates":[77.598228,13.071099]}},{"type":"Feature","properties":{},"geometry":{"type":"Point","coordinates":[77.599756,13.070567]}},{"type":"Feature","properties":{},"geometry":{"type":"Point","coordinates":[77.600094,13.072022]}},{"type":"Feature","properties":{},"geometry":{"type":"Point","coordinates":[77.600366,13.07297]}},{"type":"Feature","properties":{},"geometry":{"type":"Point","coordinates":[77.601055,13.072125]}},{"type":"Feature","properties":{},"geometry":{"type":"Point","coordinates":[77.601461,13.070552]}},{"type":"Feature","properties":{},"geometry":{"type":"Point","coordinates":[77.603844,13.071359]}},{"type":"Feature","properties":{},"geometry":{"type":"Point","coordinates":[77.603562,13.076087]}},{"type":"Feature","properties":{},"geometry":{"type":"Point","coordinates":[77.606385,13.067019]}},{"type":"Feature","properties":{},"geometry":{"type":"Point","coordinates":[77.605845,13.066438]}},{"type":"Feature","properties":{},"geometry":{"type":"Point","coordinates":[77.603868,13.066947]}},{"type":"Feature","properties":{},"geometry":{"type":"Point","coordinates":[77.59898,13.063927]}},{"type":"Feature","properties":{},"geometry":{"type":"Point","coordinates":[77.597893,13.066188]}},{"type":"Feature","properties":{},"geometry":{"type":"Point","coordinates":[77.597529,13.064604]}},{"type":"Feature","properties":{},"geometry":{"type":"Point","coordinates":[77.597329,13.063741]}},{"type":"Feature","properties":{},"geometry":{"type":"Point","coordinates":[77.596856,13.063512]}},{"type":"Feature","properties":{},"geometry":{"type":"Point","coordinates":[77.603148,13.063876]}},{"type":"Feature","properties":{},"geometry":{"type":"Point","coordinates":[77.600138,13.063561]}},{"type":"Feature","properties":{},"geometry":{"type":"Point","coordinates":[77.600615,13.063218]}},{"type":"Feature","properties":{},"geometry":{"type":"Point","coordinates":[77.600671,13.063394]}},{"type":"Feature","properties":{},"geometry":{"type":"Point","coordinates":[77.600927,13.060433]}},{"type":"Feature","properties":{},"geometry":{"type":"Point","coordinates":[77.59994,13.059959]}},{"type":"Feature","properties":{},"geometry":{"type":"Point","coordinates":[77.596729,13.058377]}},{"type":"Feature","properties":{},"geometry":{"type":"Point","coordinates":[77.598642,13.058196]}},{"type":"Feature","properties":{},"geometry":{"type":"Point","coordinates":[77.598701,13.055286]}},{"type":"Feature","properties":{},"geometry":{"type":"Point","coordinates":[77.597467,13.050008]}},{"type":"Feature","properties":{},"geometry":{"type":"Point","coordinates":[77.600803,13.052862]}},{"type":"Feature","properties":{},"geometry":{"type":"Point","coordinates":[77.604244,13.052633]}},{"type":"Feature","properties":{},"geometry":{"type":"Point","coordinates":[77.602614,13.050665]}},{"type":"Feature","properties":{},"geometry":{"type":"Point","coordinates":[77.602439,13.050849]}},{"type":"Feature","properties":{},"geometry":{"type":"Point","coordinates":[77.600619,13.05055]}},{"type":"Feature","properties":{},"geometry":{"type":"Point","coordinates":[77.600972,13.050162]}},{"type":"Feature","properties":{},"geometry":{"type":"Point","coordinates":[77.601276,13.049702]}},{"type":"Feature","properties":{},"geometry":{"type":"Point","coordinates":[77.601617,13.049929]}},{"type":"Feature","properties":{},"geometry":{"type":"Point","coordinates":[77.602422,13.050135]}},{"type":"Feature","properties":{},"geometry":{"type":"Point","coordinates":[77.603225,13.049781]}},{"type":"Feature","properties":{},"geometry":{"type":"Point","coordinates":[77.603537,13.04871]}},{"type":"Feature","properties":{},"geometry":{"type":"Point","coordinates":[77.60528,13.049945]}},{"type":"Feature","properties":{},"geometry":{"type":"Point","coordinates":[77.605773,13.050217]}},{"type":"Feature","properties":{},"geometry":{"type":"Point","coordinates":[77.606339,13.050626]}},{"type":"Feature","properties":{},"geometry":{"type":"Point","coordinates":[77.605614,13.051929]}},{"type":"Feature","properties":{},"geometry":{"type":"Point","coordinates":[77.603709,13.052525]}},{"type":"Feature","properties":{},"geometry":{"type":"Point","coordinates":[77.599125,13.047486]}},{"type":"Feature","properties":{},"geometry":{"type":"Point","coordinates":[77.598878,13.046161]}},{"type":"Feature","properties":{},"geometry":{"type":"Point","coordinates":[77.600138,13.047633]}},{"type":"Feature","properties":{},"geometry":{"type":"Point","coordinates":[77.601437,13.047192]}},{"type":"Feature","properties":{},"geometry":{"type":"Point","coordinates":[77.601076,13.045085]}},{"type":"Feature","properties":{},"geometry":{"type":"Point","coordinates":[77.599916,13.04215]}},{"type":"Feature","properties":{},"geometry":{"type":"Point","coordinates":[77.591141,13.042356]}},{"type":"Feature","properties":{},"geometry":{"type":"Point","coordinates":[77.600549,13.07073]}},{"type":"Feature","properties":{},"geometry":{"type":"Point","coordinates":[77.588859,13.057304]}},{"type":"Feature","properties":{},"geometry":{"type":"Point","coordinates":[77.588897,13.059118]}},{"type":"Feature","properties":{},"geometry":{"type":"Point","coordinates":[77.588421,13.058922]}},{"type":"Feature","properties":{},"geometry":{"type":"Point","coordinates":[77.603387,13.068407]}},{"type":"Feature","properties":{},"geometry":{"type":"Point","coordinates":[77.603453,13.076377]}},{"type":"Feature","properties":{},"geometry":{"type":"Point","coordinates":[77.595345,13.066854]}},{"type":"Feature","properties":{},"geometry":{"type":"Point","coordinates":[77.600099,13.046885]}},{"type":"Feature","properties":{},"geometry":{"type":"Point","coordinates":[77.611581,13.041844]}},{"type":"Feature","properties":{},"geometry":{"type":"Point","coordinates":[77.610116,13.041156]}},{"type":"Feature","properties":{},"geometry":{"type":"Point","coordinates":[77.608912,13.040968]}},{"type":"Feature","properties":{},"geometry":{"type":"Point","coordinates":[77.610273,13.039073]}},{"type":"Feature","properties":{},"geometry":{"type":"Point","coordinates":[77.597909,13.07047]}},{"type":"Feature","properties":{},"geometry":{"type":"Point","coordinates":[77.59644,13.063749]}},{"type":"Feature","properties":{},"geometry":{"type":"Point","coordinates":[77.597188,13.07205]}},{"type":"Feature","properties":{},"geometry":{"type":"Point","coordinates":[77.595488,13.047601]}},{"type":"Feature","properties":{},"geometry":{"type":"Point","coordinates":[77.596811,13.058361]}},{"type":"Feature","properties":{},"geometry":{"type":"Point","coordinates":[77.602009,13.066597]}},{"type":"Feature","properties":{},"geometry":{"type":"Point","coordinates":[77.605471,13.078667]}},{"type":"Feature","properties":{},"geometry":{"type":"Point","coordinates":[77.599327,13.054854]}},{"type":"Feature","properties":{},"geometry":{"type":"Point","coordinates":[77.601683,13.069829]}},{"type":"Feature","properties":{},"geometry":{"type":"Point","coordinates":[77.602586,13.068434]}},{"type":"Feature","properties":{},"geometry":{"type":"Point","coordinates":[77.601028,13.070609]}},{"type":"Feature","properties":{},"geometry":{"type":"Point","coordinates":[77.597903,13.064182]}},{"type":"Feature","properties":{},"geometry":{"type":"Point","coordinates":[77.600937,13.063716]}},{"type":"Feature","properties":{},"geometry":{"type":"Point","coordinates":[77.602981,13.048813]}},{"type":"Feature","properties":{},"geometry":{"type":"Point","coordinates":[77.600231,13.04753]}},{"type":"Feature","properties":{},"geometry":{"type":"Point","coordinates":[77.602136,13.050099]}},{"type":"Feature","properties":{},"geometry":{"type":"Point","coordinates":[77.597871,13.048792]}},{"type":"Feature","properties":{},"geometry":{"type":"Point","coordinates":[77.599076,13.052366]}},{"type":"Feature","properties":{},"geometry":{"type":"Point","coordinates":[77.598744,13.053455]}},{"type":"Feature","properties":{},"geometry":{"type":"Point","coordinates":[77.597556,13.053445]}},{"type":"Feature","properties":{},"geometry":{"type":"Point","coordinates":[77.592891,13.064519]}},{"type":"Feature","properties":{},"geometry":{"type":"Point","coordinates":[77.592112,13.059367]}},{"type":"Feature","properties":{},"geometry":{"type":"Point","coordinates":[77.588748,13.055435]}},{"type":"Feature","properties":{},"geometry":{"type":"Point","coordinates":[77.589298,13.058103]}},{"type":"Feature","properties":{},"geometry":{"type":"Point","coordinates":[77.598694,13.046933]}},{"type":"Feature","properties":{},"geometry":{"type":"Point","coordinates":[77.595946,13.048566]}},{"type":"Feature","properties":{},"geometry":{"type":"Point","coordinates":[77.588426,13.062767]}},{"type":"Feature","properties":{},"geometry":{"type":"Point","coordinates":[77.584912,13.064932]}},{"type":"Feature","properties":{},"geometry":{"type":"Point","coordinates":[77.581933,13.066339]}},{"type":"Feature","properties":{},"geometry":{"type":"Point","coordinates":[77.513292,13.050883]}},{"type":"Feature","properties":{},"geometry":{"type":"Point","coordinates":[77.509224,13.057514]}},{"type":"Feature","properties":{},"geometry":{"type":"Point","coordinates":[77.511975,13.050285]}},{"type":"Feature","properties":{},"geometry":{"type":"Point","coordinates":[77.513275,13.050292]}},{"type":"Feature","properties":{},"geometry":{"type":"Point","coordinates":[77.514245,13.049898]}},{"type":"Feature","properties":{},"geometry":{"type":"Point","coordinates":[77.512671,13.048459]}},{"type":"Feature","properties":{},"geometry":{"type":"Point","coordinates":[77.515531,13.049441]}},{"type":"Feature","properties":{},"geometry":{"type":"Point","coordinates":[77.516137,13.048595]}},{"type":"Feature","properties":{},"geometry":{"type":"Point","coordinates":[77.519014,13.05707]}},{"type":"Feature","properties":{},"geometry":{"type":"Point","coordinates":[77.514086,13.048042]}},{"type":"Feature","properties":{},"geometry":{"type":"Point","coordinates":[77.518251,13.051678]}},{"type":"Feature","properties":{},"geometry":{"type":"Point","coordinates":[77.516211,13.056558]}},{"type":"Feature","properties":{},"geometry":{"type":"Point","coordinates":[77.512386,13.056544]}},{"type":"Feature","properties":{},"geometry":{"type":"Point","coordinates":[77.519705,13.052713]}},{"type":"Feature","properties":{},"geometry":{"type":"Point","coordinates":[77.519396,13.052855]}},{"type":"Feature","properties":{},"geometry":{"type":"Point","coordinates":[77.515052,13.047811]}},{"type":"Feature","properties":{},"geometry":{"type":"Point","coordinates":[77.514768,13.048685]}},{"type":"Feature","properties":{},"geometry":{"type":"Point","coordinates":[77.518816,13.056229]}},{"type":"Feature","properties":{},"geometry":{"type":"Point","coordinates":[77.518178,13.04854]}},{"type":"Feature","properties":{},"geometry":{"type":"Point","coordinates":[77.51907,13.054265]}},{"type":"Feature","properties":{},"geometry":{"type":"Point","coordinates":[77.519475,13.055006]}},{"type":"Feature","properties":{},"geometry":{"type":"Point","coordinates":[77.519778,13.055556]}},{"type":"Feature","properties":{},"geometry":{"type":"Point","coordinates":[77.519793,13.055586]}},{"type":"Feature","properties":{},"geometry":{"type":"Point","coordinates":[77.518903,13.056694]}},{"type":"Feature","properties":{},"geometry":{"type":"Point","coordinates":[77.518696,13.056544]}},{"type":"Feature","properties":{},"geometry":{"type":"Point","coordinates":[77.519703,13.05813]}},{"type":"Feature","properties":{},"geometry":{"type":"Point","coordinates":[77.520223,13.058926]}},{"type":"Feature","properties":{},"geometry":{"type":"Point","coordinates":[77.518314,13.06004]}},{"type":"Feature","properties":{},"geometry":{"type":"Point","coordinates":[77.516956,13.058634]}},{"type":"Feature","properties":{},"geometry":{"type":"Point","coordinates":[77.516134,13.05613]}},{"type":"Feature","properties":{},"geometry":{"type":"Point","coordinates":[77.518022,13.05022]}},{"type":"Feature","properties":{},"geometry":{"type":"Point","coordinates":[77.514353,13.053108]}},{"type":"Feature","properties":{},"geometry":{"type":"Point","coordinates":[77.514787,13.054017]}},{"type":"Feature","properties":{},"geometry":{"type":"Point","coordinates":[77.512238,13.054165]}},{"type":"Feature","properties":{},"geometry":{"type":"Point","coordinates":[77.511641,13.055946]}},{"type":"Feature","properties":{},"geometry":{"type":"Point","coordinates":[77.511855,13.058306]}},{"type":"Feature","properties":{},"geometry":{"type":"Point","coordinates":[77.51226,13.058245]}},{"type":"Feature","properties":{},"geometry":{"type":"Point","coordinates":[77.509757,13.057699]}},{"type":"Feature","properties":{},"geometry":{"type":"Point","coordinates":[77.509614,13.058675]}},{"type":"Feature","properties":{},"geometry":{"type":"Point","coordinates":[77.509924,13.058553]}},{"type":"Feature","properties":{},"geometry":{"type":"Point","coordinates":[77.51297,13.04963]}},{"type":"Feature","properties":{},"geometry":{"type":"Point","coordinates":[77.514129,13.049438]}},{"type":"Feature","properties":{},"geometry":{"type":"Point","coordinates":[77.515611,13.048889]}},{"type":"Feature","properties":{},"geometry":{"type":"Point","coordinates":[77.515729,13.048866]}},{"type":"Feature","properties":{},"geometry":{"type":"Point","coordinates":[77.508844,13.048785]}},{"type":"Feature","properties":{},"geometry":{"type":"Point","coordinates":[77.511936,13.045938]}},{"type":"Feature","properties":{},"geometry":{"type":"Point","coordinates":[77.508985,13.046694]}},{"type":"Feature","properties":{},"geometry":{"type":"Point","coordinates":[77.512553,13.047117]}},{"type":"Feature","properties":{},"geometry":{"type":"Point","coordinates":[77.515558,13.045062]}},{"type":"Feature","properties":{},"geometry":{"type":"Point","coordinates":[77.514675,13.04604]}},{"type":"Feature","properties":{},"geometry":{"type":"Point","coordinates":[77.517853,13.04648]}},{"type":"Feature","properties":{},"geometry":{"type":"Point","coordinates":[77.516159,13.044816]}},{"type":"Feature","properties":{},"geometry":{"type":"Point","coordinates":[77.518243,13.046854]}},{"type":"Feature","properties":{},"geometry":{"type":"Point","coordinates":[77.520708,13.045773]}},{"type":"Feature","properties":{},"geometry":{"type":"Point","coordinates":[77.518102,13.044211]}},{"type":"Feature","properties":{},"geometry":{"type":"Point","coordinates":[77.516916,13.04475]}},{"type":"Feature","properties":{},"geometry":{"type":"Point","coordinates":[77.515683,13.043147]}},{"type":"Feature","properties":{},"geometry":{"type":"Point","coordinates":[77.517808,13.045814]}},{"type":"Feature","properties":{},"geometry":{"type":"Point","coordinates":[77.516731,13.044135]}},{"type":"Feature","properties":{},"geometry":{"type":"Point","coordinates":[77.50992,13.048469]}},{"type":"Feature","properties":{},"geometry":{"type":"Point","coordinates":[77.512563,13.046725]}},{"type":"Feature","properties":{},"geometry":{"type":"Point","coordinates":[77.517298,13.045966]}},{"type":"Feature","properties":{},"geometry":{"type":"Point","coordinates":[77.513813,13.045204]}},{"type":"Feature","properties":{},"geometry":{"type":"Point","coordinates":[77.517118,13.046725]}},{"type":"Feature","properties":{},"geometry":{"type":"Point","coordinates":[77.513914,13.046195]}},{"type":"Feature","properties":{},"geometry":{"type":"Point","coordinates":[77.518811,13.044669]}},{"type":"Feature","properties":{},"geometry":{"type":"Point","coordinates":[77.52001,13.046631]}},{"type":"Feature","properties":{},"geometry":{"type":"Point","coordinates":[77.515013,13.046]}},{"type":"Feature","properties":{},"geometry":{"type":"Point","coordinates":[77.513013,13.044055]}},{"type":"Feature","properties":{},"geometry":{"type":"Point","coordinates":[77.512817,13.04403]}},{"type":"Feature","properties":{},"geometry":{"type":"Point","coordinates":[77.512226,13.044148]}},{"type":"Feature","properties":{},"geometry":{"type":"Point","coordinates":[77.510869,13.044382]}},{"type":"Feature","properties":{},"geometry":{"type":"Point","coordinates":[77.512696,13.045874]}},{"type":"Feature","properties":{},"geometry":{"type":"Point","coordinates":[77.512883,13.047107]}},{"type":"Feature","properties":{},"geometry":{"type":"Point","coordinates":[77.512654,13.047511]}},{"type":"Feature","properties":{},"geometry":{"type":"Point","coordinates":[77.513265,13.04687]}},{"type":"Feature","properties":{},"geometry":{"type":"Point","coordinates":[77.513555,13.046838]}},{"type":"Feature","properties":{},"geometry":{"type":"Point","coordinates":[77.513916,13.047029]}},{"type":"Feature","properties":{},"geometry":{"type":"Point","coordinates":[77.512186,13.0483]}},{"type":"Feature","properties":{},"geometry":{"type":"Point","coordinates":[77.510471,13.047197]}},{"type":"Feature","properties":{},"geometry":{"type":"Point","coordinates":[77.510937,13.046878]}},{"type":"Feature","properties":{},"geometry":{"type":"Point","coordinates":[77.513565,13.044719]}},{"type":"Feature","properties":{},"geometry":{"type":"Point","coordinates":[77.520779,13.04656]}},{"type":"Feature","properties":{},"geometry":{"type":"Point","coordinates":[77.519102,13.0476]}},{"type":"Feature","properties":{},"geometry":{"type":"Point","coordinates":[77.519405,13.046696]}},{"type":"Feature","properties":{},"geometry":{"type":"Point","coordinates":[77.518175,13.04793]}},{"type":"Feature","properties":{},"geometry":{"type":"Point","coordinates":[77.513443,13.04681]}},{"type":"Feature","properties":{},"geometry":{"type":"Point","coordinates":[77.517477,13.047578]}},{"type":"Feature","properties":{},"geometry":{"type":"Point","coordinates":[77.519583,13.045082]}},{"type":"Feature","properties":{},"geometry":{"type":"Point","coordinates":[77.520199,13.044487]}},{"type":"Feature","properties":{},"geometry":{"type":"Point","coordinates":[77.514568,13.04488]}},{"type":"Feature","properties":{},"geometry":{"type":"Point","coordinates":[77.51709,13.044703]}},{"type":"Feature","properties":{},"geometry":{"type":"Point","coordinates":[77.518079,13.044707]}},{"type":"Feature","properties":{},"geometry":{"type":"Point","coordinates":[77.51465,13.043492]}},{"type":"Feature","properties":{},"geometry":{"type":"Point","coordinates":[77.514785,13.042946]}},{"type":"Feature","properties":{},"geometry":{"type":"Point","coordinates":[77.508731,13.048019]}},{"type":"Feature","properties":{},"geometry":{"type":"Point","coordinates":[77.509169,13.047892]}},{"type":"Feature","properties":{},"geometry":{"type":"Point","coordinates":[77.580884,13.04494]}},{"type":"Feature","properties":{},"geometry":{"type":"Point","coordinates":[77.573129,13.040703]}},{"type":"Feature","properties":{},"geometry":{"type":"Point","coordinates":[77.57955,13.031873]}},{"type":"Feature","properties":{},"geometry":{"type":"Point","coordinates":[77.57616,13.042611]}},{"type":"Feature","properties":{},"geometry":{"type":"Point","coordinates":[77.580458,13.04353]}},{"type":"Feature","properties":{},"geometry":{"type":"Point","coordinates":[77.582256,13.042443]}},{"type":"Feature","properties":{},"geometry":{"type":"Point","coordinates":[77.57587,13.044046]}},{"type":"Feature","properties":{},"geometry":{"type":"Point","coordinates":[77.579461,13.040378]}},{"type":"Feature","properties":{},"geometry":{"type":"Point","coordinates":[77.579432,13.037596]}},{"type":"Feature","properties":{},"geometry":{"type":"Point","coordinates":[77.576243,13.043011]}},{"type":"Feature","properties":{},"geometry":{"type":"Point","coordinates":[77.573836,13.040882]}},{"type":"Feature","properties":{},"geometry":{"type":"Point","coordinates":[77.575058,13.042296]}},{"type":"Feature","properties":{},"geometry":{"type":"Point","coordinates":[77.581196,13.042097]}},{"type":"Feature","properties":{},"geometry":{"type":"Point","coordinates":[77.575489,13.043905]}},{"type":"Feature","properties":{},"geometry":{"type":"Point","coordinates":[77.575442,13.043344]}},{"type":"Feature","properties":{},"geometry":{"type":"Point","coordinates":[77.575895,13.045897]}},{"type":"Feature","properties":{},"geometry":{"type":"Point","coordinates":[77.5786,13.029919]}},{"type":"Feature","properties":{},"geometry":{"type":"Point","coordinates":[77.578035,13.040922]}},{"type":"Feature","properties":{},"geometry":{"type":"Point","coordinates":[77.578705,13.043172]}},{"type":"Feature","properties":{},"geometry":{"type":"Point","coordinates":[77.576544,13.046244]}},{"type":"Feature","properties":{},"geometry":{"type":"Point","coordinates":[77.577961,13.040382]}},{"type":"Feature","properties":{},"geometry":{"type":"Point","coordinates":[77.575451,13.042165]}},{"type":"Feature","properties":{},"geometry":{"type":"Point","coordinates":[77.575608,13.04417]}},{"type":"Feature","properties":{},"geometry":{"type":"Point","coordinates":[77.573325,13.041858]}},{"type":"Feature","properties":{},"geometry":{"type":"Point","coordinates":[77.574445,13.041467]}},{"type":"Feature","properties":{},"geometry":{"type":"Point","coordinates":[77.575426,13.041751]}},{"type":"Feature","properties":{},"geometry":{"type":"Point","coordinates":[77.577785,13.031654]}},{"type":"Feature","properties":{},"geometry":{"type":"Point","coordinates":[77.580201,13.042882]}},{"type":"Feature","properties":{},"geometry":{"type":"Point","coordinates":[77.581939,13.044805]}},{"type":"Feature","properties":{},"geometry":{"type":"Point","coordinates":[77.574907,13.040807]}},{"type":"Feature","properties":{},"geometry":{"type":"Point","coordinates":[77.576381,13.041]}},{"type":"Feature","properties":{},"geometry":{"type":"Point","coordinates":[77.575471,13.043507]}},{"type":"Feature","properties":{},"geometry":{"type":"Point","coordinates":[77.591745,13.024455]}},{"type":"Feature","properties":{},"geometry":{"type":"Point","coordinates":[77.588317,13.028325]}},{"type":"Feature","properties":{},"geometry":{"type":"Point","coordinates":[77.591674,13.025979]}},{"type":"Feature","properties":{},"geometry":{"type":"Point","coordinates":[77.585681,13.024611]}},{"type":"Feature","properties":{},"geometry":{"type":"Point","coordinates":[77.590455,13.025289]}},{"type":"Feature","properties":{},"geometry":{"type":"Point","coordinates":[77.591342,13.040797]}},{"type":"Feature","properties":{},"geometry":{"type":"Point","coordinates":[77.589283,13.026761]}},{"type":"Feature","properties":{},"geometry":{"type":"Point","coordinates":[77.58692,13.027607]}},{"type":"Feature","properties":{},"geometry":{"type":"Point","coordinates":[77.594772,13.040032]}},{"type":"Feature","properties":{},"geometry":{"type":"Point","coordinates":[77.592794,13.040599]}},{"type":"Feature","properties":{},"geometry":{"type":"Point","coordinates":[77.591403,13.023751]}},{"type":"Feature","properties":{},"geometry":{"type":"Point","coordinates":[77.587744,13.02741]}},{"type":"Feature","properties":{},"geometry":{"type":"Point","coordinates":[77.590167,13.027074]}},{"type":"Feature","properties":{},"geometry":{"type":"Point","coordinates":[77.580013,13.028652]}},{"type":"Feature","properties":{},"geometry":{"type":"Point","coordinates":[77.591066,13.040079]}},{"type":"Feature","properties":{},"geometry":{"type":"Point","coordinates":[77.585322,13.028357]}},{"type":"Feature","properties":{},"geometry":{"type":"Point","coordinates":[77.589882,13.022815]}},{"type":"Feature","properties":{},"geometry":{"type":"Point","coordinates":[77.585606,13.024321]}},{"type":"Feature","properties":{},"geometry":{"type":"Point","coordinates":[77.594953,13.040878]}},{"type":"Feature","properties":{},"geometry":{"type":"Point","coordinates":[77.593829,13.040371]}},{"type":"Feature","properties":{},"geometry":{"type":"Point","coordinates":[77.59307,13.040243]}},{"type":"Feature","properties":{},"geometry":{"type":"Point","coordinates":[77.587147,13.027323]}},{"type":"Feature","properties":{},"geometry":{"type":"Point","coordinates":[77.586658,13.028085]}},{"type":"Feature","properties":{},"geometry":{"type":"Point","coordinates":[77.589251,13.028569]}},{"type":"Feature","properties":{},"geometry":{"type":"Point","coordinates":[77.591243,13.040383]}},{"type":"Feature","properties":{},"geometry":{"type":"Point","coordinates":[77.590336,13.041247]}},{"type":"Feature","properties":{},"geometry":{"type":"Point","coordinates":[77.600063,13.033837]}},{"type":"Feature","properties":{},"geometry":{"type":"Point","coordinates":[77.600031,13.033792]}},{"type":"Feature","properties":{},"geometry":{"type":"Point","coordinates":[77.596626,13.034007]}},{"type":"Feature","properties":{},"geometry":{"type":"Point","coordinates":[77.591199,13.038739]}},{"type":"Feature","properties":{},"geometry":{"type":"Point","coordinates":[77.599217,13.034125]}},{"type":"Feature","properties":{},"geometry":{"type":"Point","coordinates":[77.594836,13.029288]}},{"type":"Feature","properties":{},"geometry":{"type":"Point","coordinates":[77.594259,13.029484]}},{"type":"Feature","properties":{},"geometry":{"type":"Point","coordinates":[77.595353,13.039231]}},{"type":"Feature","properties":{},"geometry":{"type":"Point","coordinates":[77.598193,13.03399]}},{"type":"Feature","properties":{},"geometry":{"type":"Point","coordinates":[77.597044,13.03572]}},{"type":"Feature","properties":{},"geometry":{"type":"Point","coordinates":[77.597046,13.03395]}},{"type":"Feature","properties":{},"geometry":{"type":"Point","coordinates":[77.588582,13.029894]}},{"type":"Feature","properties":{},"geometry":{"type":"Point","coordinates":[77.599819,13.034121]}},{"type":"Feature","properties":{},"geometry":{"type":"Point","coordinates":[77.595451,13.029922]}},{"type":"Feature","properties":{},"geometry":{"type":"Point","coordinates":[77.588974,13.020531]}},{"type":"Feature","properties":{},"geometry":{"type":"Point","coordinates":[77.587994,13.021697]}},{"type":"Feature","properties":{},"geometry":{"type":"Point","coordinates":[77.589765,13.018014]}},{"type":"Feature","properties":{},"geometry":{"type":"Point","coordinates":[77.591715,13.023139]}},{"type":"Feature","properties":{},"geometry":{"type":"Point","coordinates":[77.590629,13.021416]}},{"type":"Feature","properties":{},"geometry":{"type":"Point","coordinates":[77.58693,13.019389]}},{"type":"Feature","properties":{},"geometry":{"type":"Point","coordinates":[77.585554,13.021293]}},{"type":"Feature","properties":{},"geometry":{"type":"Point","coordinates":[77.590208,13.020492]}},{"type":"Feature","properties":{},"geometry":{"type":"Point","coordinates":[77.587546,13.018917]}},{"type":"Feature","properties":{},"geometry":{"type":"Point","coordinates":[77.588677,13.020504]}},{"type":"Feature","properties":{},"geometry":{"type":"Point","coordinates":[77.589181,13.018847]}},{"type":"Feature","properties":{},"geometry":{"type":"Point","coordinates":[77.589028,13.017396]}},{"type":"Feature","properties":{},"geometry":{"type":"Point","coordinates":[77.585075,13.020807]}},{"type":"Feature","properties":{},"geometry":{"type":"Point","coordinates":[77.5862,13.020539]}},{"type":"Feature","properties":{},"geometry":{"type":"Point","coordinates":[77.592329,13.022669]}},{"type":"Feature","properties":{},"geometry":{"type":"Point","coordinates":[77.588574,13.01822]}},{"type":"Feature","properties":{},"geometry":{"type":"Point","coordinates":[77.590375,13.021798]}},{"type":"Feature","properties":{},"geometry":{"type":"Point","coordinates":[77.586342,13.021163]}},{"type":"Feature","properties":{},"geometry":{"type":"Point","coordinates":[77.59146,13.022194]}},{"type":"Feature","properties":{},"geometry":{"type":"Point","coordinates":[77.591522,13.021908]}},{"type":"Feature","properties":{},"geometry":{"type":"Point","coordinates":[77.5855,13.018606]}},{"type":"Feature","properties":{},"geometry":{"type":"Point","coordinates":[77.573078,12.999342]}},{"type":"Feature","properties":{},"geometry":{"type":"Point","coordinates":[77.572715,12.998799]}},{"type":"Feature","properties":{},"geometry":{"type":"Point","coordinates":[77.571499,12.996777]}},{"type":"Feature","properties":{},"geometry":{"type":"Point","coordinates":[77.578276,12.998762]}},{"type":"Feature","properties":{},"geometry":{"type":"Point","coordinates":[77.577663,12.998163]}},{"type":"Feature","properties":{},"geometry":{"type":"Point","coordinates":[77.578284,12.997608]}},{"type":"Feature","properties":{},"geometry":{"type":"Point","coordinates":[77.578617,12.996617]}},{"type":"Feature","properties":{},"geometry":{"type":"Point","coordinates":[77.57611,12.998527]}},{"type":"Feature","properties":{},"geometry":{"type":"Point","coordinates":[77.575843,12.998204]}},{"type":"Feature","properties":{},"geometry":{"type":"Point","coordinates":[77.575966,12.997629]}},{"type":"Feature","properties":{},"geometry":{"type":"Point","coordinates":[77.575537,12.997608]}},{"type":"Feature","properties":{},"geometry":{"type":"Point","coordinates":[77.576517,12.997325]}},{"type":"Feature","properties":{},"geometry":{"type":"Point","coordinates":[77.577471,12.996004]}},{"type":"Feature","properties":{},"geometry":{"type":"Point","coordinates":[77.572229,12.998388]}},{"type":"Feature","properties":{},"geometry":{"type":"Point","coordinates":[77.5756,12.993628]}},{"type":"Feature","properties":{},"geometry":{"type":"Point","coordinates":[77.576294,12.992822]}},{"type":"Feature","properties":{},"geometry":{"type":"Point","coordinates":[77.570701,12.99452]}},{"type":"Feature","properties":{},"geometry":{"type":"Point","coordinates":[77.573942,12.994314]}},{"type":"Feature","properties":{},"geometry":{"type":"Point","coordinates":[77.5749,12.994127]}},{"type":"Feature","properties":{},"geometry":{"type":"Point","coordinates":[77.574006,12.996931]}},{"type":"Feature","properties":{},"geometry":{"type":"Point","coordinates":[77.572519,12.997682]}},{"type":"Feature","properties":{},"geometry":{"type":"Point","coordinates":[77.570685,12.994765]}},{"type":"Feature","properties":{},"geometry":{"type":"Point","coordinates":[77.563239,12.993664]}},{"type":"Feature","properties":{},"geometry":{"type":"Point","coordinates":[77.562955,12.993305]}},{"type":"Feature","properties":{},"geometry":{"type":"Point","coordinates":[77.561997,12.993452]}},{"type":"Feature","properties":{},"geometry":{"type":"Point","coordinates":[77.562443,12.992966]}},{"type":"Feature","properties":{},"geometry":{"type":"Point","coordinates":[77.561287,12.993044]}},{"type":"Feature","properties":{},"geometry":{"type":"Point","coordinates":[77.562292,12.99248]}},{"type":"Feature","properties":{},"geometry":{"type":"Point","coordinates":[77.562579,12.992462]}},{"type":"Feature","properties":{},"geometry":{"type":"Point","coordinates":[77.561086,12.992153]}},{"type":"Feature","properties":{},"geometry":{"type":"Point","coordinates":[77.562672,12.991989]}},{"type":"Feature","properties":{},"geometry":{"type":"Point","coordinates":[77.562513,12.993407]}},{"type":"Feature","properties":{},"geometry":{"type":"Point","coordinates":[77.561731,12.991685]}},{"type":"Feature","properties":{},"geometry":{"type":"Point","coordinates":[77.56183,12.991241]}},{"type":"Feature","properties":{},"geometry":{"type":"Point","coordinates":[77.561863,12.990635]}},{"type":"Feature","properties":{},"geometry":{"type":"Point","coordinates":[77.560421,12.993411]}},{"type":"Feature","properties":{},"geometry":{"type":"Point","coordinates":[77.56047,12.992862]}},{"type":"Feature","properties":{},"geometry":{"type":"Point","coordinates":[77.560672,12.993744]}},{"type":"Feature","properties":{},"geometry":{"type":"Point","coordinates":[77.560941,12.993173]}},{"type":"Feature","properties":{},"geometry":{"type":"Point","coordinates":[77.562017,12.9883]}},{"type":"Feature","properties":{},"geometry":{"type":"Point","coordinates":[77.561926,12.98904]}},{"type":"Feature","properties":{},"geometry":{"type":"Point","coordinates":[77.563208,12.98841]}},{"type":"Feature","properties":{},"geometry":{"type":"Point","coordinates":[77.562385,12.988878]}},{"type":"Feature","properties":{},"geometry":{"type":"Point","coordinates":[77.563812,12.988884]}},{"type":"Feature","properties":{},"geometry":{"type":"Point","coordinates":[77.563861,12.989408]}},{"type":"Feature","properties":{},"geometry":{"type":"Point","coordinates":[77.563793,12.989779]}},{"type":"Feature","properties":{},"geometry":{"type":"Point","coordinates":[77.563965,12.990763]}},{"type":"Feature","properties":{},"geometry":{"type":"Point","coordinates":[77.564532,12.993235]}},{"type":"Feature","properties":{},"geometry":{"type":"Point","coordinates":[77.563478,12.992595]}},{"type":"Feature","properties":{},"geometry":{"type":"Point","coordinates":[77.565232,12.990678]}},{"type":"Feature","properties":{},"geometry":{"type":"Point","coordinates":[77.565046,12.989056]}},{"type":"Feature","properties":{},"geometry":{"type":"Point","coordinates":[77.565224,12.991209]}},{"type":"Feature","properties":{},"geometry":{"type":"Point","coordinates":[77.564284,12.991736]}},{"type":"Feature","properties":{},"geometry":{"type":"Point","coordinates":[77.567135,12.990407]}},{"type":"Feature","properties":{},"geometry":{"type":"Point","coordinates":[77.566107,12.991342]}},{"type":"Feature","properties":{},"geometry":{"type":"Point","coordinates":[77.56654,12.992289]}},{"type":"Feature","properties":{},"geometry":{"type":"Point","coordinates":[77.565187,12.992868]}},{"type":"Feature","properties":{},"geometry":{"type":"Point","coordinates":[77.567556,12.988503]}},{"type":"Feature","properties":{},"geometry":{"type":"Point","coordinates":[77.566257,12.99332]}},{"type":"Feature","properties":{},"geometry":{"type":"Point","coordinates":[77.566926,12.991299]}},{"type":"Feature","properties":{},"geometry":{"type":"Point","coordinates":[77.567743,12.990624]}},{"type":"Feature","properties":{},"geometry":{"type":"Point","coordinates":[77.567689,12.988496]}},{"type":"Feature","properties":{},"geometry":{"type":"Point","coordinates":[77.567463,12.989176]}},{"type":"Feature","properties":{},"geometry":{"type":"Point","coordinates":[77.566521,12.988779]}},{"type":"Feature","properties":{},"geometry":{"type":"Point","coordinates":[77.566551,12.98945]}},{"type":"Feature","properties":{},"geometry":{"type":"Point","coordinates":[77.566709,12.989894]}},{"type":"Feature","properties":{},"geometry":{"type":"Point","coordinates":[77.564794,12.989232]}},{"type":"Feature","properties":{},"geometry":{"type":"Point","coordinates":[77.566624,12.988622]}},{"type":"Feature","properties":{},"geometry":{"type":"Point","coordinates":[77.560581,12.992881]}},{"type":"Feature","properties":{},"geometry":{"type":"Point","coordinates":[77.560568,12.99313]}},{"type":"Feature","properties":{},"geometry":{"type":"Point","coordinates":[77.533794,12.98607]}},{"type":"Feature","properties":{},"geometry":{"type":"Point","coordinates":[77.53173,12.987347]}},{"type":"Feature","properties":{},"geometry":{"type":"Point","coordinates":[77.530778,12.987828]}},{"type":"Feature","properties":{},"geometry":{"type":"Point","coordinates":[77.535855,12.990294]}},{"type":"Feature","properties":{},"geometry":{"type":"Point","coordinates":[77.535136,12.991292]}},{"type":"Feature","properties":{},"geometry":{"type":"Point","coordinates":[77.534081,12.990713]}},{"type":"Feature","properties":{},"geometry":{"type":"Point","coordinates":[77.530042,12.984581]}},{"type":"Feature","properties":{},"geometry":{"type":"Point","coordinates":[77.52982,12.987067]}},{"type":"Feature","properties":{},"geometry":{"type":"Point","coordinates":[77.529447,12.985718]}},{"type":"Feature","properties":{},"geometry":{"type":"Point","coordinates":[77.533358,12.989932]}},{"type":"Feature","properties":{},"geometry":{"type":"Point","coordinates":[77.533265,12.989563]}},{"type":"Feature","properties":{},"geometry":{"type":"Point","coordinates":[77.534261,12.983659]}},{"type":"Feature","properties":{},"geometry":{"type":"Point","coordinates":[77.545886,12.988012]}},{"type":"Feature","properties":{},"geometry":{"type":"Point","coordinates":[77.549646,12.989536]}},{"type":"Feature","properties":{},"geometry":{"type":"Point","coordinates":[77.549219,12.992519]}},{"type":"Feature","properties":{},"geometry":{"type":"Point","coordinates":[77.550293,12.992542]}},{"type":"Feature","properties":{},"geometry":{"type":"Point","coordinates":[77.549375,12.987247]}},{"type":"Feature","properties":{},"geometry":{"type":"Point","coordinates":[77.545729,12.989489]}},{"type":"Feature","properties":{},"geometry":{"type":"Point","coordinates":[77.547645,12.988947]}},{"type":"Feature","properties":{},"geometry":{"type":"Point","coordinates":[77.548458,12.988885]}},{"type":"Feature","properties":{},"geometry":{"type":"Point","coordinates":[77.547633,12.98764]}},{"type":"Feature","properties":{},"geometry":{"type":"Point","coordinates":[77.546555,12.991357]}},{"type":"Feature","properties":{},"geometry":{"type":"Point","coordinates":[77.546156,12.986217]}},{"type":"Feature","properties":{},"geometry":{"type":"Point","coordinates":[77.553103,12.985994]}},{"type":"Feature","properties":{},"geometry":{"type":"Point","coordinates":[77.552539,12.988207]}},{"type":"Feature","properties":{},"geometry":{"type":"Point","coordinates":[77.553623,12.989426]}},{"type":"Feature","properties":{},"geometry":{"type":"Point","coordinates":[77.547725,12.991347]}},{"type":"Feature","properties":{},"geometry":{"type":"Point","coordinates":[77.546479,12.989779]}},{"type":"Feature","properties":{},"geometry":{"type":"Point","coordinates":[77.545678,12.989198]}},{"type":"Feature","properties":{},"geometry":{"type":"Point","coordinates":[77.54736,12.986043]}},{"type":"Feature","properties":{},"geometry":{"type":"Point","coordinates":[77.488895,12.899699]}},{"type":"Feature","properties":{},"geometry":{"type":"Point","coordinates":[77.487586,12.902366]}},{"type":"Feature","properties":{},"geometry":{"type":"Point","coordinates":[77.489713,12.904739]}},{"type":"Feature","properties":{},"geometry":{"type":"Point","coordinates":[77.488735,12.905258]}},{"type":"Feature","properties":{},"geometry":{"type":"Point","coordinates":[77.491169,12.905499]}},{"type":"Feature","properties":{},"geometry":{"type":"Point","coordinates":[77.503559,12.905475]}},{"type":"Feature","properties":{},"geometry":{"type":"Point","coordinates":[77.507347,12.905497]}},{"type":"Feature","properties":{},"geometry":{"type":"Point","coordinates":[77.508544,12.905789]}},{"type":"Feature","properties":{},"geometry":{"type":"Point","coordinates":[77.508388,12.906172]}},{"type":"Feature","properties":{},"geometry":{"type":"Point","coordinates":[77.50678,12.906201]}},{"type":"Feature","properties":{},"geometry":{"type":"Point","coordinates":[77.505338,12.906304]}},{"type":"Feature","properties":{},"geometry":{"type":"Point","coordinates":[77.509168,12.906392]}},{"type":"Feature","properties":{},"geometry":{"type":"Point","coordinates":[77.509566,12.90645]}},{"type":"Feature","properties":{},"geometry":{"type":"Point","coordinates":[77.492059,12.907453]}},{"type":"Feature","properties":{},"geometry":{"type":"Point","coordinates":[77.508994,12.907682]}},{"type":"Feature","properties":{},"geometry":{"type":"Point","coordinates":[77.478089,12.909415]}},{"type":"Feature","properties":{},"geometry":{"type":"Point","coordinates":[77.478054,12.909468]}},{"type":"Feature","properties":{},"geometry":{"type":"Point","coordinates":[77.507586,12.909313]}},{"type":"Feature","properties":{},"geometry":{"type":"Point","coordinates":[77.478357,12.909724]}},{"type":"Feature","properties":{},"geometry":{"type":"Point","coordinates":[77.480926,12.910122]}},{"type":"Feature","properties":{},"geometry":{"type":"Point","coordinates":[77.479817,12.910433]}},{"type":"Feature","properties":{},"geometry":{"type":"Point","coordinates":[77.482076,12.91065]}},{"type":"Feature","properties":{},"geometry":{"type":"Point","coordinates":[77.479596,12.910965]}},{"type":"Feature","properties":{},"geometry":{"type":"Point","coordinates":[77.479097,12.910991]}},{"type":"Feature","properties":{},"geometry":{"type":"Point","coordinates":[77.475488,12.911043]}},{"type":"Feature","properties":{},"geometry":{"type":"Point","coordinates":[77.47432,12.911054]}},{"type":"Feature","properties":{},"geometry":{"type":"Point","coordinates":[77.507537,12.910772]}},{"type":"Feature","properties":{},"geometry":{"type":"Point","coordinates":[77.480817,12.911056]}},{"type":"Feature","properties":{},"geometry":{"type":"Point","coordinates":[77.478956,12.911211]}},{"type":"Feature","properties":{},"geometry":{"type":"Point","coordinates":[77.474875,12.911264]}},{"type":"Feature","properties":{},"geometry":{"type":"Point","coordinates":[77.483914,12.911328]}},{"type":"Feature","properties":{},"geometry":{"type":"Point","coordinates":[77.474368,12.911471]}},{"type":"Feature","properties":{},"geometry":{"type":"Point","coordinates":[77.486593,12.911377]}},{"type":"Feature","properties":{},"geometry":{"type":"Point","coordinates":[77.481492,12.911565]}},{"type":"Feature","properties":{},"geometry":{"type":"Point","coordinates":[77.507747,12.911445]}},{"type":"Feature","properties":{},"geometry":{"type":"Point","coordinates":[77.477706,12.91182]}},{"type":"Feature","properties":{},"geometry":{"type":"Point","coordinates":[77.477494,12.911831]}},{"type":"Feature","properties":{},"geometry":{"type":"Point","coordinates":[77.477255,12.911839]}},{"type":"Feature","properties":{},"geometry":{"type":"Point","coordinates":[77.482212,12.91185]}},{"type":"Feature","properties":{},"geometry":{"type":"Point","coordinates":[77.480052,12.911975]}},{"type":"Feature","properties":{},"geometry":{"type":"Point","coordinates":[77.478776,12.912027]}},{"type":"Feature","properties":{},"geometry":{"type":"Point","coordinates":[77.476548,12.912053]}},{"type":"Feature","properties":{},"geometry":{"type":"Point","coordinates":[77.475153,12.912075]}},{"type":"Feature","properties":{},"geometry":{"type":"Point","coordinates":[77.474124,12.912239]}},{"type":"Feature","properties":{},"geometry":{"type":"Point","coordinates":[77.480871,12.912268]}},{"type":"Feature","properties":{},"geometry":{"type":"Point","coordinates":[77.509328,12.912008]}},{"type":"Feature","properties":{},"geometry":{"type":"Point","coordinates":[77.485822,12.912247]}},{"type":"Feature","properties":{},"geometry":{"type":"Point","coordinates":[77.484293,12.912445]}},{"type":"Feature","properties":{},"geometry":{"type":"Point","coordinates":[77.483455,12.912475]}},{"type":"Feature","properties":{},"geometry":{"type":"Point","coordinates":[77.479963,12.912601]}},{"type":"Feature","properties":{},"geometry":{"type":"Point","coordinates":[77.479216,12.913051]}},{"type":"Feature","properties":{},"geometry":{"type":"Point","coordinates":[77.504847,12.912963]}},{"type":"Feature","properties":{},"geometry":{"type":"Point","coordinates":[77.482952,12.913209]}},{"type":"Feature","properties":{},"geometry":{"type":"Point","coordinates":[77.496896,12.913478]}},{"type":"Feature","properties":{},"geometry":{"type":"Point","coordinates":[77.496921,12.91354]}},{"type":"Feature","properties":{},"geometry":{"type":"Point","coordinates":[77.507184,12.913477]}},{"type":"Feature","properties":{},"geometry":{"type":"Point","coordinates":[77.481671,12.914033]}},{"type":"Feature","properties":{},"geometry":{"type":"Point","coordinates":[77.510669,12.913914]}},{"type":"Feature","properties":{},"geometry":{"type":"Point","coordinates":[77.478365,12.914378]}},{"type":"Feature","properties":{},"geometry":{"type":"Point","coordinates":[77.498279,12.914197]}},{"type":"Feature","properties":{},"geometry":{"type":"Point","coordinates":[77.504283,12.914209]}},{"type":"Feature","properties":{},"geometry":{"type":"Point","coordinates":[77.478101,12.914468]}},{"type":"Feature","properties":{},"geometry":{"type":"Point","coordinates":[77.50682,12.914287]}},{"type":"Feature","properties":{},"geometry":{"type":"Point","coordinates":[77.478741,12.914555]}},{"type":"Feature","properties":{},"geometry":{"type":"Point","coordinates":[77.484005,12.914693]}},{"type":"Feature","properties":{},"geometry":{"type":"Point","coordinates":[77.503482,12.914534]}},{"type":"Feature","properties":{},"geometry":{"type":"Point","coordinates":[77.476375,12.914864]}},{"type":"Feature","properties":{},"geometry":{"type":"Point","coordinates":[77.480744,12.914872]}},{"type":"Feature","properties":{},"geometry":{"type":"Point","coordinates":[77.499208,12.914766]}},{"type":"Feature","properties":{},"geometry":{"type":"Point","coordinates":[77.479387,12.915054]}},{"type":"Feature","properties":{},"geometry":{"type":"Point","coordinates":[77.476862,12.915135]}},{"type":"Feature","properties":{},"geometry":{"type":"Point","coordinates":[77.50342,12.914896]}},{"type":"Feature","properties":{},"geometry":{"type":"Point","coordinates":[77.479539,12.915181]}},{"type":"Feature","properties":{},"geometry":{"type":"Point","coordinates":[77.505508,12.914979]}},{"type":"Feature","properties":{},"geometry":{"type":"Point","coordinates":[77.494625,12.915156]}},{"type":"Feature","properties":{},"geometry":{"type":"Point","coordinates":[77.484845,12.915304]}},{"type":"Feature","properties":{},"geometry":{"type":"Point","coordinates":[77.498185,12.915223]}},{"type":"Feature","properties":{},"geometry":{"type":"Point","coordinates":[77.480208,12.915442]}},{"type":"Feature","properties":{},"geometry":{"type":"Point","coordinates":[77.499339,12.915323]}},{"type":"Feature","properties":{},"geometry":{"type":"Point","coordinates":[77.476675,12.915681]}},{"type":"Feature","properties":{},"geometry":{"type":"Point","coordinates":[77.479642,12.915667]}},{"type":"Feature","properties":{},"geometry":{"type":"Point","coordinates":[77.494257,12.915677]}},{"type":"Feature","properties":{},"geometry":{"type":"Point","coordinates":[77.499679,12.915643]}},{"type":"Feature","properties":{},"geometry":{"type":"Point","coordinates":[77.500514,12.915667]}},{"type":"Feature","properties":{},"geometry":{"type":"Point","coordinates":[77.481082,12.915973]}},{"type":"Feature","properties":{},"geometry":{"type":"Point","coordinates":[77.503567,12.915968]}},{"type":"Feature","properties":{},"geometry":{"type":"Point","coordinates":[77.510264,12.915929]}},{"type":"Feature","properties":{},"geometry":{"type":"Point","coordinates":[77.498483,12.916122]}},{"type":"Feature","properties":{},"geometry":{"type":"Point","coordinates":[77.509634,12.916045]}},{"type":"Feature","properties":{},"geometry":{"type":"Point","coordinates":[77.49976,12.916201]}},{"type":"Feature","properties":{},"geometry":{"type":"Point","coordinates":[77.483952,12.916468]}},{"type":"Feature","properties":{},"geometry":{"type":"Point","coordinates":[77.496526,12.91641]}},{"type":"Feature","properties":{},"geometry":{"type":"Point","coordinates":[77.479352,12.916618]}},{"type":"Feature","properties":{},"geometry":{"type":"Point","coordinates":[77.49657,12.916591]}},{"type":"Feature","properties":{},"geometry":{"type":"Point","coordinates":[77.500283,12.916564]}},{"type":"Feature","properties":{},"geometry":{"type":"Point","coordinates":[77.50954,12.916479]}},{"type":"Feature","properties":{},"geometry":{"type":"Point","coordinates":[77.477687,12.91697]}},{"type":"Feature","properties":{},"geometry":{"type":"Point","coordinates":[77.483202,12.917253]}},{"type":"Feature","properties":{},"geometry":{"type":"Point","coordinates":[77.510897,12.91707]}},{"type":"Feature","properties":{},"geometry":{"type":"Point","coordinates":[77.480743,12.917422]}},{"type":"Feature","properties":{},"geometry":{"type":"Point","coordinates":[77.485918,12.917556]}},{"type":"Feature","properties":{},"geometry":{"type":"Point","coordinates":[77.47978,12.917669]}},{"type":"Feature","properties":{},"geometry":{"type":"Point","coordinates":[77.50925,12.917418]}},{"type":"Feature","properties":{},"geometry":{"type":"Point","coordinates":[77.48372,12.918119]}},{"type":"Feature","properties":{},"geometry":{"type":"Point","coordinates":[77.496403,12.918024]}},{"type":"Feature","properties":{},"geometry":{"type":"Point","coordinates":[77.476551,12.918599]}},{"type":"Feature","properties":{},"geometry":{"type":"Point","coordinates":[77.486183,12.918606]}},{"type":"Feature","properties":{},"geometry":{"type":"Point","coordinates":[77.510417,12.918382]}},{"type":"Feature","properties":{},"geometry":{"type":"Point","coordinates":[77.480723,12.918906]}},{"type":"Feature","properties":{},"geometry":{"type":"Point","coordinates":[77.509272,12.918635]}},{"type":"Feature","properties":{},"geometry":{"type":"Point","coordinates":[77.479942,12.918962]}},{"type":"Feature","properties":{},"geometry":{"type":"Point","coordinates":[77.510628,12.919119]}},{"type":"Feature","properties":{},"geometry":{"type":"Point","coordinates":[77.486622,12.91936]}},{"type":"Feature","properties":{},"geometry":{"type":"Point","coordinates":[77.509351,12.919213]}},{"type":"Feature","properties":{},"geometry":{"type":"Point","coordinates":[77.505875,12.919359]}},{"type":"Feature","properties":{},"geometry":{"type":"Point","coordinates":[77.484319,12.919643]}},{"type":"Feature","properties":{},"geometry":{"type":"Point","coordinates":[77.475051,12.919948]}},{"type":"Feature","properties":{},"geometry":{"type":"Point","coordinates":[77.480976,12.920008]}},{"type":"Feature","properties":{},"geometry":{"type":"Point","coordinates":[77.477272,12.920413]}},{"type":"Feature","properties":{},"geometry":{"type":"Point","coordinates":[77.507019,12.920166]}},{"type":"Feature","properties":{},"geometry":{"type":"Point","coordinates":[77.482963,12.920708]}},{"type":"Feature","properties":{},"geometry":{"type":"Point","coordinates":[77.480692,12.920739]}},{"type":"Feature","properties":{},"geometry":{"type":"Point","coordinates":[77.479945,12.920875]}},{"type":"Feature","properties":{},"geometry":{"type":"Point","coordinates":[77.510497,12.920665]}},{"type":"Feature","properties":{},"geometry":{"type":"Point","coordinates":[77.477899,12.921124]}},{"type":"Feature","properties":{},"geometry":{"type":"Point","coordinates":[77.506846,12.920858]}},{"type":"Feature","properties":{},"geometry":{"type":"Point","coordinates":[77.481833,12.921123]}},{"type":"Feature","properties":{},"geometry":{"type":"Point","coordinates":[77.510507,12.920866]}},{"type":"Feature","properties":{},"geometry":{"type":"Point","coordinates":[77.507369,12.921029]}},{"type":"Feature","properties":{},"geometry":{"type":"Point","coordinates":[77.480564,12.92131]}},{"type":"Feature","properties":{},"geometry":{"type":"Point","coordinates":[77.511373,12.92112]}},{"type":"Feature","properties":{},"geometry":{"type":"Point","coordinates":[77.477306,12.921527]}},{"type":"Feature","properties":{},"geometry":{"type":"Point","coordinates":[77.507508,12.92127]}},{"type":"Feature","properties":{},"geometry":{"type":"Point","coordinates":[77.482802,12.921537]}},{"type":"Feature","properties":{},"geometry":{"type":"Point","coordinates":[77.511673,12.921455]}},{"type":"Feature","properties":{},"geometry":{"type":"Point","coordinates":[77.482212,12.921753]}},{"type":"Feature","properties":{},"geometry":{"type":"Point","coordinates":[77.487069,12.921763]}},{"type":"Feature","properties":{},"geometry":{"type":"Point","coordinates":[77.473166,12.921902]}},{"type":"Feature","properties":{},"geometry":{"type":"Point","coordinates":[77.481527,12.921933]}},{"type":"Feature","properties":{},"geometry":{"type":"Point","coordinates":[77.508903,12.921707]}},{"type":"Feature","properties":{},"geometry":{"type":"Point","coordinates":[77.510603,12.921789]}},{"type":"Feature","properties":{},"geometry":{"type":"Point","coordinates":[77.480039,12.922109]}},{"type":"Feature","properties":{},"geometry":{"type":"Point","coordinates":[77.487758,12.922089]}},{"type":"Feature","properties":{},"geometry":{"type":"Point","coordinates":[77.485372,12.922195]}},{"type":"Feature","properties":{},"geometry":{"type":"Point","coordinates":[77.509286,12.922016]}},{"type":"Feature","properties":{},"geometry":{"type":"Point","coordinates":[77.486084,12.922274]}},{"type":"Feature","properties":{},"geometry":{"type":"Point","coordinates":[77.480648,12.922481]}},{"type":"Feature","properties":{},"geometry":{"type":"Point","coordinates":[77.484051,12.922806]}},{"type":"Feature","properties":{},"geometry":{"type":"Point","coordinates":[77.487992,12.922897]}},{"type":"Feature","properties":{},"geometry":{"type":"Point","coordinates":[77.482866,12.923274]}},{"type":"Feature","properties":{},"geometry":{"type":"Point","coordinates":[77.486728,12.923488]}},{"type":"Feature","properties":{},"geometry":{"type":"Point","coordinates":[77.508454,12.923489]}},{"type":"Feature","properties":{},"geometry":{"type":"Point","coordinates":[77.481779,12.923761]}},{"type":"Feature","properties":{},"geometry":{"type":"Point","coordinates":[77.489184,12.923852]}},{"type":"Feature","properties":{},"geometry":{"type":"Point","coordinates":[77.489735,12.924243]}},{"type":"Feature","properties":{},"geometry":{"type":"Point","coordinates":[77.506608,12.924207]}},{"type":"Feature","properties":{},"geometry":{"type":"Point","coordinates":[77.486247,12.924403]}},{"type":"Feature","properties":{},"geometry":{"type":"Point","coordinates":[77.48277,12.924522]}},{"type":"Feature","properties":{},"geometry":{"type":"Point","coordinates":[77.482844,12.924722]}},{"type":"Feature","properties":{},"geometry":{"type":"Point","coordinates":[77.482155,12.924868]}},{"type":"Feature","properties":{},"geometry":{"type":"Point","coordinates":[77.487046,12.924992]}},{"type":"Feature","properties":{},"geometry":{"type":"Point","coordinates":[77.482289,12.925095]}},{"type":"Feature","properties":{},"geometry":{"type":"Point","coordinates":[77.48526,12.925437]}},{"type":"Feature","properties":{},"geometry":{"type":"Point","coordinates":[77.486617,12.925432]}},{"type":"Feature","properties":{},"geometry":{"type":"Point","coordinates":[77.492777,12.925629]}},{"type":"Feature","properties":{},"geometry":{"type":"Point","coordinates":[77.482521,12.92574]}},{"type":"Feature","properties":{},"geometry":{"type":"Point","coordinates":[77.487714,12.925895]}},{"type":"Feature","properties":{},"geometry":{"type":"Point","coordinates":[77.488107,12.926223]}},{"type":"Feature","properties":{},"geometry":{"type":"Point","coordinates":[77.483405,12.926416]}},{"type":"Feature","properties":{},"geometry":{"type":"Point","coordinates":[77.48352,12.926492]}},{"type":"Feature","properties":{},"geometry":{"type":"Point","coordinates":[77.484539,12.926539]}},{"type":"Feature","properties":{},"geometry":{"type":"Point","coordinates":[77.486317,12.92655]}},{"type":"Feature","properties":{},"geometry":{"type":"Point","coordinates":[77.48424,12.926787]}},{"type":"Feature","properties":{},"geometry":{"type":"Point","coordinates":[77.487898,12.926902]}},{"type":"Feature","properties":{},"geometry":{"type":"Point","coordinates":[77.495594,12.927254]}},{"type":"Feature","properties":{},"geometry":{"type":"Point","coordinates":[77.497402,12.927349]}},{"type":"Feature","properties":{},"geometry":{"type":"Point","coordinates":[77.488713,12.927457]}},{"type":"Feature","properties":{},"geometry":{"type":"Point","coordinates":[77.48774,12.9275]}},{"type":"Feature","properties":{},"geometry":{"type":"Point","coordinates":[77.492105,12.927554]}},{"type":"Feature","properties":{},"geometry":{"type":"Point","coordinates":[77.493018,12.927663]}},{"type":"Feature","properties":{},"geometry":{"type":"Point","coordinates":[77.492575,12.927708]}},{"type":"Feature","properties":{},"geometry":{"type":"Point","coordinates":[77.495002,12.927969]}},{"type":"Feature","properties":{},"geometry":{"type":"Point","coordinates":[77.491516,12.928096]}},{"type":"Feature","properties":{},"geometry":{"type":"Point","coordinates":[77.498668,12.928182]}},{"type":"Feature","properties":{},"geometry":{"type":"Point","coordinates":[77.488354,12.928321]}},{"type":"Feature","properties":{},"geometry":{"type":"Point","coordinates":[77.497233,12.928327]}},{"type":"Feature","properties":{},"geometry":{"type":"Point","coordinates":[77.48947,12.928581]}},{"type":"Feature","properties":{},"geometry":{"type":"Point","coordinates":[77.497491,12.928627]}},{"type":"Feature","properties":{},"geometry":{"type":"Point","coordinates":[77.491793,12.929099]}},{"type":"Feature","properties":{},"geometry":{"type":"Point","coordinates":[77.509909,12.929035]}},{"type":"Feature","properties":{},"geometry":{"type":"Point","coordinates":[77.494507,12.929482]}},{"type":"Feature","properties":{},"geometry":{"type":"Point","coordinates":[77.48983,12.929555]}},{"type":"Feature","properties":{},"geometry":{"type":"Point","coordinates":[77.484491,12.929634]}},{"type":"Feature","properties":{},"geometry":{"type":"Point","coordinates":[77.496538,12.929531]}},{"type":"Feature","properties":{},"geometry":{"type":"Point","coordinates":[77.509586,12.929523]}},{"type":"Feature","properties":{},"geometry":{"type":"Point","coordinates":[77.522937,12.929481]}},{"type":"Feature","properties":{},"geometry":{"type":"Point","coordinates":[77.524125,12.929694]}},{"type":"Feature","properties":{},"geometry":{"type":"Point","coordinates":[77.488319,12.930072]}},{"type":"Feature","properties":{},"geometry":{"type":"Point","coordinates":[77.524614,12.929821]}},{"type":"Feature","properties":{},"geometry":{"type":"Point","coordinates":[77.509414,12.930046]}},{"type":"Feature","properties":{},"geometry":{"type":"Point","coordinates":[77.510265,12.930577]}},{"type":"Feature","properties":{},"geometry":{"type":"Point","coordinates":[77.524824,12.930622]}},{"type":"Feature","properties":{},"geometry":{"type":"Point","coordinates":[77.510899,12.930833]}},{"type":"Feature","properties":{},"geometry":{"type":"Point","coordinates":[77.525556,12.930724]}},{"type":"Feature","properties":{},"geometry":{"type":"Point","coordinates":[77.510891,12.930921]}},{"type":"Feature","properties":{},"geometry":{"type":"Point","coordinates":[77.486794,12.931336]}},{"type":"Feature","properties":{},"geometry":{"type":"Point","coordinates":[77.490193,12.931312]}},{"type":"Feature","properties":{},"geometry":{"type":"Point","coordinates":[77.487197,12.931415]}},{"type":"Feature","properties":{},"geometry":{"type":"Point","coordinates":[77.497876,12.931529]}},{"type":"Feature","properties":{},"geometry":{"type":"Point","coordinates":[77.498574,12.931569]}},{"type":"Feature","properties":{},"geometry":{"type":"Point","coordinates":[77.48517,12.931704]}},{"type":"Feature","properties":{},"geometry":{"type":"Point","coordinates":[77.524896,12.931377]}},{"type":"Feature","properties":{},"geometry":{"type":"Point","coordinates":[77.491301,12.931745]}},{"type":"Feature","properties":{},"geometry":{"type":"Point","coordinates":[77.525375,12.931578]}},{"type":"Feature","properties":{},"geometry":{"type":"Point","coordinates":[77.486253,12.932189]}},{"type":"Feature","properties":{},"geometry":{"type":"Point","coordinates":[77.48595,12.932259]}},{"type":"Feature","properties":{},"geometry":{"type":"Point","coordinates":[77.526334,12.931991]}},{"type":"Feature","properties":{},"geometry":{"type":"Point","coordinates":[77.525021,12.932219]}},{"type":"Feature","properties":{},"geometry":{"type":"Point","coordinates":[77.484216,12.932999]}},{"type":"Feature","properties":{},"geometry":{"type":"Point","coordinates":[77.494077,12.9333]}},{"type":"Feature","properties":{},"geometry":{"type":"Point","coordinates":[77.484782,12.933518]}},{"type":"Feature","properties":{},"geometry":{"type":"Point","coordinates":[77.489577,12.933708]}},{"type":"Feature","properties":{},"geometry":{"type":"Point","coordinates":[77.489786,12.934085]}},{"type":"Feature","properties":{},"geometry":{"type":"Point","coordinates":[77.520192,12.933794]}},{"type":"Feature","properties":{},"geometry":{"type":"Point","coordinates":[77.494775,12.934089]}},{"type":"Feature","properties":{},"geometry":{"type":"Point","coordinates":[77.487759,12.934313]}},{"type":"Feature","properties":{},"geometry":{"type":"Point","coordinates":[77.488621,12.934411]}},{"type":"Feature","properties":{},"geometry":{"type":"Point","coordinates":[77.489614,12.934731]}},{"type":"Feature","properties":{},"geometry":{"type":"Point","coordinates":[77.489925,12.934729]}},{"type":"Feature","properties":{},"geometry":{"type":"Point","coordinates":[77.492825,12.93478]}},{"type":"Feature","properties":{},"geometry":{"type":"Point","coordinates":[77.491726,12.934939]}},{"type":"Feature","properties":{},"geometry":{"type":"Point","coordinates":[77.491638,12.935056]}},{"type":"Feature","properties":{},"geometry":{"type":"Point","coordinates":[77.493705,12.935077]}},{"type":"Feature","properties":{},"geometry":{"type":"Point","coordinates":[77.49142,12.93514]}},{"type":"Feature","properties":{},"geometry":{"type":"Point","coordinates":[77.52459,12.93493]}},{"type":"Feature","properties":{},"geometry":{"type":"Point","coordinates":[77.491467,12.936238]}},{"type":"Feature","properties":{},"geometry":{"type":"Point","coordinates":[77.494393,12.936307]}},{"type":"Feature","properties":{},"geometry":{"type":"Point","coordinates":[77.489485,12.936568]}},{"type":"Feature","properties":{},"geometry":{"type":"Point","coordinates":[77.492422,12.936815]}},{"type":"Feature","properties":{},"geometry":{"type":"Point","coordinates":[77.494283,12.936904]}},{"type":"Feature","properties":{},"geometry":{"type":"Point","coordinates":[77.49,12.937584]}},{"type":"Feature","properties":{},"geometry":{"type":"Point","coordinates":[77.484826,12.937719]}},{"type":"Feature","properties":{},"geometry":{"type":"Point","coordinates":[77.493976,12.937764]}},{"type":"Feature","properties":{},"geometry":{"type":"Point","coordinates":[77.486552,12.937838]}},{"type":"Feature","properties":{},"geometry":{"type":"Point","coordinates":[77.523938,12.937487]}},{"type":"Feature","properties":{},"geometry":{"type":"Point","coordinates":[77.5242,12.937654]}},{"type":"Feature","properties":{},"geometry":{"type":"Point","coordinates":[77.490689,12.938127]}},{"type":"Feature","properties":{},"geometry":{"type":"Point","coordinates":[77.490716,12.938337]}},{"type":"Feature","properties":{},"geometry":{"type":"Point","coordinates":[77.488055,12.938582]}},{"type":"Feature","properties":{},"geometry":{"type":"Point","coordinates":[77.489574,12.938634]}},{"type":"Feature","properties":{},"geometry":{"type":"Point","coordinates":[77.493721,12.938859]}},{"type":"Feature","properties":{},"geometry":{"type":"Point","coordinates":[77.488601,12.938971]}},{"type":"Feature","properties":{},"geometry":{"type":"Point","coordinates":[77.488974,12.939203]}},{"type":"Feature","properties":{},"geometry":{"type":"Point","coordinates":[77.48685,12.939291]}},{"type":"Feature","properties":{},"geometry":{"type":"Point","coordinates":[77.524869,12.939195]}},{"type":"Feature","properties":{},"geometry":{"type":"Point","coordinates":[77.496844,12.939539]}},{"type":"Feature","properties":{},"geometry":{"type":"Point","coordinates":[77.496673,12.939615]}},{"type":"Feature","properties":{},"geometry":{"type":"Point","coordinates":[77.486078,12.9398]}},{"type":"Feature","properties":{},"geometry":{"type":"Point","coordinates":[77.524639,12.939679]}},{"type":"Feature","properties":{},"geometry":{"type":"Point","coordinates":[77.494817,12.939984]}},{"type":"Feature","properties":{},"geometry":{"type":"Point","coordinates":[77.490889,12.940052]}},{"type":"Feature","properties":{},"geometry":{"type":"Point","coordinates":[77.49526,12.940454]}},{"type":"Feature","properties":{},"geometry":{"type":"Point","coordinates":[77.490939,12.940499]}},{"type":"Feature","properties":{},"geometry":{"type":"Point","coordinates":[77.495962,12.940607]}},{"type":"Feature","properties":{},"geometry":{"type":"Point","coordinates":[77.525402,12.94083]}},{"type":"Feature","properties":{},"geometry":{"type":"Point","coordinates":[77.525258,12.94096]}},{"type":"Feature","properties":{},"geometry":{"type":"Point","coordinates":[77.485072,12.941362]}},{"type":"Feature","properties":{},"geometry":{"type":"Point","coordinates":[77.492947,12.941322]}},{"type":"Feature","properties":{},"geometry":{"type":"Point","coordinates":[77.485709,12.941591]}},{"type":"Feature","properties":{},"geometry":{"type":"Point","coordinates":[77.489229,12.941881]}},{"type":"Feature","properties":{},"geometry":{"type":"Point","coordinates":[77.495513,12.942107]}},{"type":"Feature","properties":{},"geometry":{"type":"Point","coordinates":[77.485211,12.942262]}},{"type":"Feature","properties":{},"geometry":{"type":"Point","coordinates":[77.48693,12.942294]}},{"type":"Feature","properties":{},"geometry":{"type":"Point","coordinates":[77.49344,12.942451]}},{"type":"Feature","properties":{},"geometry":{"type":"Point","coordinates":[77.524562,12.942215]}},{"type":"Feature","properties":{},"geometry":{"type":"Point","coordinates":[77.49034,12.942592]}},{"type":"Feature","properties":{},"geometry":{"type":"Point","coordinates":[77.488204,12.942649]}},{"type":"Feature","properties":{},"geometry":{"type":"Point","coordinates":[77.489745,12.942635]}},{"type":"Feature","properties":{},"geometry":{"type":"Point","coordinates":[77.487254,12.942936]}},{"type":"Feature","properties":{},"geometry":{"type":"Point","coordinates":[77.52469,12.942628]}},{"type":"Feature","properties":{},"geometry":{"type":"Point","coordinates":[77.525819,12.942619]}},{"type":"Feature","properties":{},"geometry":{"type":"Point","coordinates":[77.496166,12.943117]}},{"type":"Feature","properties":{},"geometry":{"type":"Point","coordinates":[77.518855,12.942932]}},{"type":"Feature","properties":{},"geometry":{"type":"Point","coordinates":[77.521208,12.942922]}},{"type":"Feature","properties":{},"geometry":{"type":"Point","coordinates":[77.489352,12.943363]}},{"type":"Feature","properties":{},"geometry":{"type":"Point","coordinates":[77.495994,12.943317]}},{"type":"Feature","properties":{},"geometry":{"type":"Point","coordinates":[77.525499,12.943166]}},{"type":"Feature","properties":{},"geometry":{"type":"Point","coordinates":[77.48885,12.943688]}},{"type":"Feature","properties":{},"geometry":{"type":"Point","coordinates":[77.491873,12.94375]}},{"type":"Feature","properties":{},"geometry":{"type":"Point","coordinates":[77.527118,12.943625]}},{"type":"Feature","properties":{},"geometry":{"type":"Point","coordinates":[77.51909,12.943767]}},{"type":"Feature","properties":{},"geometry":{"type":"Point","coordinates":[77.496049,12.944094]}},{"type":"Feature","properties":{},"geometry":{"type":"Point","coordinates":[77.487887,12.944214]}},{"type":"Feature","properties":{},"geometry":{"type":"Point","coordinates":[77.524575,12.943882]}},{"type":"Feature","properties":{},"geometry":{"type":"Point","coordinates":[77.521901,12.943995]}},{"type":"Feature","properties":{},"geometry":{"type":"Point","coordinates":[77.500758,12.944265]}},{"type":"Feature","properties":{},"geometry":{"type":"Point","coordinates":[77.493482,12.944469]}},{"type":"Feature","properties":{},"geometry":{"type":"Point","coordinates":[77.519768,12.944285]}},{"type":"Feature","properties":{},"geometry":{"type":"Point","coordinates":[77.487734,12.944776]}},{"type":"Feature","properties":{},"geometry":{"type":"Point","coordinates":[77.499438,12.944681]}},{"type":"Feature","properties":{},"geometry":{"type":"Point","coordinates":[77.52395,12.944476]}},{"type":"Feature","properties":{},"geometry":{"type":"Point","coordinates":[77.496783,12.94475]}},{"type":"Feature","properties":{},"geometry":{"type":"Point","coordinates":[77.491792,12.944931]}},{"type":"Feature","properties":{},"geometry":{"type":"Point","coordinates":[77.52647,12.944617]}},{"type":"Feature","properties":{},"geometry":{"type":"Point","coordinates":[77.526786,12.94465]}},{"type":"Feature","properties":{},"geometry":{"type":"Point","coordinates":[77.518705,12.945131]}},{"type":"Feature","properties":{},"geometry":{"type":"Point","coordinates":[77.494616,12.945379]}},{"type":"Feature","properties":{},"geometry":{"type":"Point","coordinates":[77.522148,12.945232]}},{"type":"Feature","properties":{},"geometry":{"type":"Point","coordinates":[77.498447,12.945483]}},{"type":"Feature","properties":{},"geometry":{"type":"Point","coordinates":[77.518745,12.945432]}},{"type":"Feature","properties":{},"geometry":{"type":"Point","coordinates":[77.498506,12.94577]}},{"type":"Feature","properties":{},"geometry":{"type":"Point","coordinates":[77.500375,12.945995]}},{"type":"Feature","properties":{},"geometry":{"type":"Point","coordinates":[77.519893,12.945828]}},{"type":"Feature","properties":{},"geometry":{"type":"Point","coordinates":[77.494315,12.946104]}},{"type":"Feature","properties":{},"geometry":{"type":"Point","coordinates":[77.493653,12.946152]}},{"type":"Feature","properties":{},"geometry":{"type":"Point","coordinates":[77.495604,12.946149]}},{"type":"Feature","properties":{},"geometry":{"type":"Point","coordinates":[77.49213,12.946485]}},{"type":"Feature","properties":{},"geometry":{"type":"Point","coordinates":[77.492407,12.946536]}},{"type":"Feature","properties":{},"geometry":{"type":"Point","coordinates":[77.491916,12.946554]}},{"type":"Feature","properties":{},"geometry":{"type":"Point","coordinates":[77.492776,12.946632]}},{"type":"Feature","properties":{},"geometry":{"type":"Point","coordinates":[77.538701,12.946194]}},{"type":"Feature","properties":{},"geometry":{"type":"Point","coordinates":[77.535628,12.946337]}},{"type":"Feature","properties":{},"geometry":{"type":"Point","coordinates":[77.535628,12.946337]}},{"type":"Feature","properties":{},"geometry":{"type":"Point","coordinates":[77.540503,12.946328]}},{"type":"Feature","properties":{},"geometry":{"type":"Point","coordinates":[77.498347,12.946786]}},{"type":"Feature","properties":{},"geometry":{"type":"Point","coordinates":[77.495114,12.946844]}},{"type":"Feature","properties":{},"geometry":{"type":"Point","coordinates":[77.523972,12.946589]}},{"type":"Feature","properties":{},"geometry":{"type":"Point","coordinates":[77.519157,12.946647]}},{"type":"Feature","properties":{},"geometry":{"type":"Point","coordinates":[77.540837,12.946464]}},{"type":"Feature","properties":{},"geometry":{"type":"Point","coordinates":[77.540837,12.946464]}},{"type":"Feature","properties":{},"geometry":{"type":"Point","coordinates":[77.521925,12.946661]}},{"type":"Feature","properties":{},"geometry":{"type":"Point","coordinates":[77.536402,12.946524]}},{"type":"Feature","properties":{},"geometry":{"type":"Point","coordinates":[77.519075,12.946887]}},{"type":"Feature","properties":{},"geometry":{"type":"Point","coordinates":[77.534373,12.946779]}},{"type":"Feature","properties":{},"geometry":{"type":"Point","coordinates":[77.541579,12.946764]}},{"type":"Feature","properties":{},"geometry":{"type":"Point","coordinates":[77.524197,12.946981]}},{"type":"Feature","properties":{},"geometry":{"type":"Point","coordinates":[77.542619,12.946946]}},{"type":"Feature","properties":{},"geometry":{"type":"Point","coordinates":[77.541223,12.946978]}},{"type":"Feature","properties":{},"geometry":{"type":"Point","coordinates":[77.542211,12.947107]}},{"type":"Feature","properties":{},"geometry":{"type":"Point","coordinates":[77.520852,12.947408]}},{"type":"Feature","properties":{},"geometry":{"type":"Point","coordinates":[77.543962,12.947205]}},{"type":"Feature","properties":{},"geometry":{"type":"Point","coordinates":[77.539157,12.947324]}},{"type":"Feature","properties":{},"geometry":{"type":"Point","coordinates":[77.52211,12.947511]}},{"type":"Feature","properties":{},"geometry":{"type":"Point","coordinates":[77.522485,12.947601]}},{"type":"Feature","properties":{},"geometry":{"type":"Point","coordinates":[77.52141,12.947959]}},{"type":"Feature","properties":{},"geometry":{"type":"Point","coordinates":[77.542252,12.947938]}},{"type":"Feature","properties":{},"geometry":{"type":"Point","coordinates":[77.521837,12.948534]}},{"type":"Feature","properties":{},"geometry":{"type":"Point","coordinates":[77.541552,12.948626]}},{"type":"Feature","properties":{},"geometry":{"type":"Point","coordinates":[77.530264,12.948951]}},{"type":"Feature","properties":{},"geometry":{"type":"Point","coordinates":[77.529915,12.949058]}},{"type":"Feature","properties":{},"geometry":{"type":"Point","coordinates":[77.524256,12.949314]}},{"type":"Feature","properties":{},"geometry":{"type":"Point","coordinates":[77.529365,12.949311]}},{"type":"Feature","properties":{},"geometry":{"type":"Point","coordinates":[77.523129,12.949716]}},{"type":"Feature","properties":{},"geometry":{"type":"Point","coordinates":[77.524604,12.950228]}},{"type":"Feature","properties":{},"geometry":{"type":"Point","coordinates":[77.526227,12.950552]}},{"type":"Feature","properties":{},"geometry":{"type":"Point","coordinates":[77.524875,12.950698]}},{"type":"Feature","properties":{},"geometry":{"type":"Point","coordinates":[77.542421,12.951168]}},{"type":"Feature","properties":{},"geometry":{"type":"Point","coordinates":[77.524934,12.951505]}},{"type":"Feature","properties":{},"geometry":{"type":"Point","coordinates":[77.523784,12.951761]}},{"type":"Feature","properties":{},"geometry":{"type":"Point","coordinates":[77.536152,12.951946]}},{"type":"Feature","properties":{},"geometry":{"type":"Point","coordinates":[77.495685,12.952794]}},{"type":"Feature","properties":{},"geometry":{"type":"Point","coordinates":[77.498635,12.952985]}},{"type":"Feature","properties":{},"geometry":{"type":"Point","coordinates":[77.495976,12.953117]}},{"type":"Feature","properties":{},"geometry":{"type":"Point","coordinates":[77.497284,12.953259]}},{"type":"Feature","properties":{},"geometry":{"type":"Point","coordinates":[77.525265,12.953128]}},{"type":"Feature","properties":{},"geometry":{"type":"Point","coordinates":[77.499198,12.953472]}},{"type":"Feature","properties":{},"geometry":{"type":"Point","coordinates":[77.498358,12.953546]}},{"type":"Feature","properties":{},"geometry":{"type":"Point","coordinates":[77.525147,12.953299]}},{"type":"Feature","properties":{},"geometry":{"type":"Point","coordinates":[77.496565,12.953748]}},{"type":"Feature","properties":{},"geometry":{"type":"Point","coordinates":[77.541074,12.953364]}},{"type":"Feature","properties":{},"geometry":{"type":"Point","coordinates":[77.541074,12.953364]}},{"type":"Feature","properties":{},"geometry":{"type":"Point","coordinates":[77.500312,12.953817]}},{"type":"Feature","properties":{},"geometry":{"type":"Point","coordinates":[77.495567,12.953886]}},{"type":"Feature","properties":{},"geometry":{"type":"Point","coordinates":[77.49696,12.953996]}},{"type":"Feature","properties":{},"geometry":{"type":"Point","coordinates":[77.541125,12.953909]}},{"type":"Feature","properties":{},"geometry":{"type":"Point","coordinates":[77.541125,12.953909]}},{"type":"Feature","properties":{},"geometry":{"type":"Point","coordinates":[77.500336,12.954315]}},{"type":"Feature","properties":{},"geometry":{"type":"Point","coordinates":[77.542406,12.953983]}},{"type":"Feature","properties":{},"geometry":{"type":"Point","coordinates":[77.542406,12.953983]}},{"type":"Feature","properties":{},"geometry":{"type":"Point","coordinates":[77.539725,12.954181]}},{"type":"Feature","properties":{},"geometry":{"type":"Point","coordinates":[77.539725,12.954181]}},{"type":"Feature","properties":{},"geometry":{"type":"Point","coordinates":[77.524841,12.954415]}},{"type":"Feature","properties":{},"geometry":{"type":"Point","coordinates":[77.539948,12.954319]}},{"type":"Feature","properties":{},"geometry":{"type":"Point","coordinates":[77.539948,12.954319]}},{"type":"Feature","properties":{},"geometry":{"type":"Point","coordinates":[77.495893,12.954877]}},{"type":"Feature","properties":{},"geometry":{"type":"Point","coordinates":[77.526134,12.954755]}},{"type":"Feature","properties":{},"geometry":{"type":"Point","coordinates":[77.494485,12.955368]}},{"type":"Feature","properties":{},"geometry":{"type":"Point","coordinates":[77.525333,12.955101]}},{"type":"Feature","properties":{},"geometry":{"type":"Point","coordinates":[77.499668,12.955376]}},{"type":"Feature","properties":{},"geometry":{"type":"Point","coordinates":[77.497452,12.955553]}},{"type":"Feature","properties":{},"geometry":{"type":"Point","coordinates":[77.495419,12.955603]}},{"type":"Feature","properties":{},"geometry":{"type":"Point","coordinates":[77.498266,12.955635]}},{"type":"Feature","properties":{},"geometry":{"type":"Point","coordinates":[77.500728,12.955708]}},{"type":"Feature","properties":{},"geometry":{"type":"Point","coordinates":[77.524252,12.955482]}},{"type":"Feature","properties":{},"geometry":{"type":"Point","coordinates":[77.496053,12.955763]}},{"type":"Feature","properties":{},"geometry":{"type":"Point","coordinates":[77.540136,12.95535]}},{"type":"Feature","properties":{},"geometry":{"type":"Point","coordinates":[77.540136,12.95535]}},{"type":"Feature","properties":{},"geometry":{"type":"Point","coordinates":[77.52514,12.955577]}},{"type":"Feature","properties":{},"geometry":{"type":"Point","coordinates":[77.500905,12.956085]}},{"type":"Feature","properties":{},"geometry":{"type":"Point","coordinates":[77.525103,12.955896]}},{"type":"Feature","properties":{},"geometry":{"type":"Point","coordinates":[77.523641,12.956148]}},{"type":"Feature","properties":{},"geometry":{"type":"Point","coordinates":[77.524514,12.95644]}},{"type":"Feature","properties":{},"geometry":{"type":"Point","coordinates":[77.52515,12.956544]}},{"type":"Feature","properties":{},"geometry":{"type":"Point","coordinates":[77.546485,12.956407]}},{"type":"Feature","properties":{},"geometry":{"type":"Point","coordinates":[77.546485,12.956407]}},{"type":"Feature","properties":{},"geometry":{"type":"Point","coordinates":[77.541539,12.956796]}},{"type":"Feature","properties":{},"geometry":{"type":"Point","coordinates":[77.541539,12.956796]}},{"type":"Feature","properties":{},"geometry":{"type":"Point","coordinates":[77.516609,12.957228]}},{"type":"Feature","properties":{},"geometry":{"type":"Point","coordinates":[77.537144,12.957032]}},{"type":"Feature","properties":{},"geometry":{"type":"Point","coordinates":[77.540813,12.95705]}},{"type":"Feature","properties":{},"geometry":{"type":"Point","coordinates":[77.540813,12.95705]}},{"type":"Feature","properties":{},"geometry":{"type":"Point","coordinates":[77.52256,12.957451]}},{"type":"Feature","properties":{},"geometry":{"type":"Point","coordinates":[77.545417,12.957344]}},{"type":"Feature","properties":{},"geometry":{"type":"Point","coordinates":[77.545417,12.957344]}},{"type":"Feature","properties":{},"geometry":{"type":"Point","coordinates":[77.541174,12.957441]}},{"type":"Feature","properties":{},"geometry":{"type":"Point","coordinates":[77.541174,12.957441]}},{"type":"Feature","properties":{},"geometry":{"type":"Point","coordinates":[77.539677,12.957558]}},{"type":"Feature","properties":{},"geometry":{"type":"Point","coordinates":[77.539677,12.957558]}},{"type":"Feature","properties":{},"geometry":{"type":"Point","coordinates":[77.515277,12.957829]}},{"type":"Feature","properties":{},"geometry":{"type":"Point","coordinates":[77.541985,12.95763]}},{"type":"Feature","properties":{},"geometry":{"type":"Point","coordinates":[77.541985,12.95763]}},{"type":"Feature","properties":{},"geometry":{"type":"Point","coordinates":[77.515465,12.958171]}},{"type":"Feature","properties":{},"geometry":{"type":"Point","coordinates":[77.541714,12.957968]}},{"type":"Feature","properties":{},"geometry":{"type":"Point","coordinates":[77.541714,12.957968]}},{"type":"Feature","properties":{},"geometry":{"type":"Point","coordinates":[77.543843,12.9582]}},{"type":"Feature","properties":{},"geometry":{"type":"Point","coordinates":[77.543843,12.9582]}},{"type":"Feature","properties":{},"geometry":{"type":"Point","coordinates":[77.540106,12.95826]}},{"type":"Feature","properties":{},"geometry":{"type":"Point","coordinates":[77.540106,12.95826]}},{"type":"Feature","properties":{},"geometry":{"type":"Point","coordinates":[77.541424,12.95829]}},{"type":"Feature","properties":{},"geometry":{"type":"Point","coordinates":[77.541424,12.95829]}},{"type":"Feature","properties":{},"geometry":{"type":"Point","coordinates":[77.516634,12.958691]}},{"type":"Feature","properties":{},"geometry":{"type":"Point","coordinates":[77.519798,12.958748]}},{"type":"Feature","properties":{},"geometry":{"type":"Point","coordinates":[77.540243,12.95856]}},{"type":"Feature","properties":{},"geometry":{"type":"Point","coordinates":[77.540243,12.95856]}},{"type":"Feature","properties":{},"geometry":{"type":"Point","coordinates":[77.54044,12.958728]}},{"type":"Feature","properties":{},"geometry":{"type":"Point","coordinates":[77.54044,12.958728]}},{"type":"Feature","properties":{},"geometry":{"type":"Point","coordinates":[77.545823,12.958992]}},{"type":"Feature","properties":{},"geometry":{"type":"Point","coordinates":[77.545823,12.958992]}},{"type":"Feature","properties":{},"geometry":{"type":"Point","coordinates":[77.51849,12.959382]}},{"type":"Feature","properties":{},"geometry":{"type":"Point","coordinates":[77.541173,12.95954]}},{"type":"Feature","properties":{},"geometry":{"type":"Point","coordinates":[77.541173,12.95954]}},{"type":"Feature","properties":{},"geometry":{"type":"Point","coordinates":[77.542655,12.959652]}},{"type":"Feature","properties":{},"geometry":{"type":"Point","coordinates":[77.542655,12.959652]}},{"type":"Feature","properties":{},"geometry":{"type":"Point","coordinates":[77.516349,12.960187]}},{"type":"Feature","properties":{},"geometry":{"type":"Point","coordinates":[77.542594,12.959964]}},{"type":"Feature","properties":{},"geometry":{"type":"Point","coordinates":[77.542594,12.959964]}},{"type":"Feature","properties":{},"geometry":{"type":"Point","coordinates":[77.54572,12.959945]}},{"type":"Feature","properties":{},"geometry":{"type":"Point","coordinates":[77.54572,12.959945]}},{"type":"Feature","properties":{},"geometry":{"type":"Point","coordinates":[77.517605,12.960286]}},{"type":"Feature","properties":{},"geometry":{"type":"Point","coordinates":[77.54297,12.960235]}},{"type":"Feature","properties":{},"geometry":{"type":"Point","coordinates":[77.54297,12.960235]}},{"type":"Feature","properties":{},"geometry":{"type":"Point","coordinates":[77.546035,12.960318]}},{"type":"Feature","properties":{},"geometry":{"type":"Point","coordinates":[77.503559,12.960879]}},{"type":"Feature","properties":{},"geometry":{"type":"Point","coordinates":[77.503054,12.960923]}},{"type":"Feature","properties":{},"geometry":{"type":"Point","coordinates":[77.504238,12.961465]}},{"type":"Feature","properties":{},"geometry":{"type":"Point","coordinates":[77.503391,12.961568]}},{"type":"Feature","properties":{},"geometry":{"type":"Point","coordinates":[77.501866,12.961841]}},{"type":"Feature","properties":{},"geometry":{"type":"Point","coordinates":[77.54218,12.961475]}},{"type":"Feature","properties":{},"geometry":{"type":"Point","coordinates":[77.503521,12.962031]}},{"type":"Feature","properties":{},"geometry":{"type":"Point","coordinates":[77.5032,12.962164]}},{"type":"Feature","properties":{},"geometry":{"type":"Point","coordinates":[77.502657,12.962191]}},{"type":"Feature","properties":{},"geometry":{"type":"Point","coordinates":[77.503153,12.962225]}},{"type":"Feature","properties":{},"geometry":{"type":"Point","coordinates":[77.518004,12.962138]}},{"type":"Feature","properties":{},"geometry":{"type":"Point","coordinates":[77.502199,12.962365]}},{"type":"Feature","properties":{},"geometry":{"type":"Point","coordinates":[77.502411,12.962549]}},{"type":"Feature","properties":{},"geometry":{"type":"Point","coordinates":[77.503567,12.962696]}},{"type":"Feature","properties":{},"geometry":{"type":"Point","coordinates":[77.503833,12.962781]}},{"type":"Feature","properties":{},"geometry":{"type":"Point","coordinates":[77.50427,12.963127]}},{"type":"Feature","properties":{},"geometry":{"type":"Point","coordinates":[77.503699,12.963322]}},{"type":"Feature","properties":{},"geometry":{"type":"Point","coordinates":[77.526398,12.963138]}},{"type":"Feature","properties":{},"geometry":{"type":"Point","coordinates":[77.503147,12.963405]}},{"type":"Feature","properties":{},"geometry":{"type":"Point","coordinates":[77.510128,12.963472]}},{"type":"Feature","properties":{},"geometry":{"type":"Point","coordinates":[77.521047,12.963403]}},{"type":"Feature","properties":{},"geometry":{"type":"Point","coordinates":[77.522826,12.963394]}},{"type":"Feature","properties":{},"geometry":{"type":"Point","coordinates":[77.544491,12.963289]}},{"type":"Feature","properties":{},"geometry":{"type":"Point","coordinates":[77.544491,12.963289]}},{"type":"Feature","properties":{},"geometry":{"type":"Point","coordinates":[77.503081,12.963779]}},{"type":"Feature","properties":{},"geometry":{"type":"Point","coordinates":[77.504095,12.963772]}},{"type":"Feature","properties":{},"geometry":{"type":"Point","coordinates":[77.522855,12.963675]}},{"type":"Feature","properties":{},"geometry":{"type":"Point","coordinates":[77.525955,12.963669]}},{"type":"Feature","properties":{},"geometry":{"type":"Point","coordinates":[77.516477,12.963792]}},{"type":"Feature","properties":{},"geometry":{"type":"Point","coordinates":[77.502543,12.964]}},{"type":"Feature","properties":{},"geometry":{"type":"Point","coordinates":[77.52595,12.963794]}},{"type":"Feature","properties":{},"geometry":{"type":"Point","coordinates":[77.53143,12.963826]}},{"type":"Feature","properties":{},"geometry":{"type":"Point","coordinates":[77.49773,12.964342]}},{"type":"Feature","properties":{},"geometry":{"type":"Point","coordinates":[77.525927,12.964264]}},{"type":"Feature","properties":{},"geometry":{"type":"Point","coordinates":[77.521116,12.964378]}},{"type":"Feature","properties":{},"geometry":{"type":"Point","coordinates":[77.526278,12.964332]}},{"type":"Feature","properties":{},"geometry":{"type":"Point","coordinates":[77.520599,12.964462]}},{"type":"Feature","properties":{},"geometry":{"type":"Point","coordinates":[77.52191,12.964542]}},{"type":"Feature","properties":{},"geometry":{"type":"Point","coordinates":[77.515666,12.964681]}},{"type":"Feature","properties":{},"geometry":{"type":"Point","coordinates":[77.518838,12.964718]}},{"type":"Feature","properties":{},"geometry":{"type":"Point","coordinates":[77.526649,12.964669]}},{"type":"Feature","properties":{},"geometry":{"type":"Point","coordinates":[77.547055,12.964922]}},{"type":"Feature","properties":{},"geometry":{"type":"Point","coordinates":[77.526876,12.965271]}},{"type":"Feature","properties":{},"geometry":{"type":"Point","coordinates":[77.531938,12.965268]}},{"type":"Feature","properties":{},"geometry":{"type":"Point","coordinates":[77.531578,12.965331]}},{"type":"Feature","properties":{},"geometry":{"type":"Point","coordinates":[77.531049,12.965597]}},{"type":"Feature","properties":{},"geometry":{"type":"Point","coordinates":[77.533295,12.965587]}},{"type":"Feature","properties":{},"geometry":{"type":"Point","coordinates":[77.523836,12.965708]}},{"type":"Feature","properties":{},"geometry":{"type":"Point","coordinates":[77.51904,12.965848]}},{"type":"Feature","properties":{},"geometry":{"type":"Point","coordinates":[77.52466,12.965942]}},{"type":"Feature","properties":{},"geometry":{"type":"Point","coordinates":[77.53228,12.966028]}},{"type":"Feature","properties":{},"geometry":{"type":"Point","coordinates":[77.534087,12.966068]}},{"type":"Feature","properties":{},"geometry":{"type":"Point","coordinates":[77.503749,12.966404]}},{"type":"Feature","properties":{},"geometry":{"type":"Point","coordinates":[77.522745,12.966344]}},{"type":"Feature","properties":{},"geometry":{"type":"Point","coordinates":[77.519533,12.966396]}},{"type":"Feature","properties":{},"geometry":{"type":"Point","coordinates":[77.524545,12.966397]}},{"type":"Feature","properties":{},"geometry":{"type":"Point","coordinates":[77.524876,12.9665]}},{"type":"Feature","properties":{},"geometry":{"type":"Point","coordinates":[77.525393,12.966654]}},{"type":"Feature","properties":{},"geometry":{"type":"Point","coordinates":[77.508367,12.966943]}},{"type":"Feature","properties":{},"geometry":{"type":"Point","coordinates":[77.533011,12.966803]}},{"type":"Feature","properties":{},"geometry":{"type":"Point","coordinates":[77.520117,12.967121]}},{"type":"Feature","properties":{},"geometry":{"type":"Point","coordinates":[77.534523,12.967093]}},{"type":"Feature","properties":{},"geometry":{"type":"Point","coordinates":[77.533041,12.967114]}},{"type":"Feature","properties":{},"geometry":{"type":"Point","coordinates":[77.530964,12.967233]}},{"type":"Feature","properties":{},"geometry":{"type":"Point","coordinates":[77.528977,12.967311]}},{"type":"Feature","properties":{},"geometry":{"type":"Point","coordinates":[77.531249,12.967447]}},{"type":"Feature","properties":{},"geometry":{"type":"Point","coordinates":[77.520372,12.967586]}},{"type":"Feature","properties":{},"geometry":{"type":"Point","coordinates":[77.534085,12.967519]}},{"type":"Feature","properties":{},"geometry":{"type":"Point","coordinates":[77.535938,12.967611]}},{"type":"Feature","properties":{},"geometry":{"type":"Point","coordinates":[77.535526,12.967709]}},{"type":"Feature","properties":{},"geometry":{"type":"Point","coordinates":[77.535236,12.96779]}},{"type":"Feature","properties":{},"geometry":{"type":"Point","coordinates":[77.550769,12.967681]}},{"type":"Feature","properties":{},"geometry":{"type":"Point","coordinates":[77.528279,12.968078]}},{"type":"Feature","properties":{},"geometry":{"type":"Point","coordinates":[77.506302,12.968367]}},{"type":"Feature","properties":{},"geometry":{"type":"Point","coordinates":[77.525262,12.968228]}},{"type":"Feature","properties":{},"geometry":{"type":"Point","coordinates":[77.5213,12.96835]}},{"type":"Feature","properties":{},"geometry":{"type":"Point","coordinates":[77.529403,12.968285]}},{"type":"Feature","properties":{},"geometry":{"type":"Point","coordinates":[77.52083,12.968422]}},{"type":"Feature","properties":{},"geometry":{"type":"Point","coordinates":[77.508242,12.968682]}},{"type":"Feature","properties":{},"geometry":{"type":"Point","coordinates":[77.530541,12.96847]}},{"type":"Feature","properties":{},"geometry":{"type":"Point","coordinates":[77.550258,12.968312]}},{"type":"Feature","properties":{},"geometry":{"type":"Point","coordinates":[77.504285,12.968799]}},{"type":"Feature","properties":{},"geometry":{"type":"Point","coordinates":[77.511203,12.968807]}},{"type":"Feature","properties":{},"geometry":{"type":"Point","coordinates":[77.550703,12.968436]}},{"type":"Feature","properties":{},"geometry":{"type":"Point","coordinates":[77.533496,12.968615]}},{"type":"Feature","properties":{},"geometry":{"type":"Point","coordinates":[77.551922,12.96848]}},{"type":"Feature","properties":{},"geometry":{"type":"Point","coordinates":[77.532022,12.968784]}},{"type":"Feature","properties":{},"geometry":{"type":"Point","coordinates":[77.519933,12.968925]}},{"type":"Feature","properties":{},"geometry":{"type":"Point","coordinates":[77.52513,12.968896]}},{"type":"Feature","properties":{},"geometry":{"type":"Point","coordinates":[77.535314,12.968846]}},{"type":"Feature","properties":{},"geometry":{"type":"Point","coordinates":[77.519603,12.969125]}},{"type":"Feature","properties":{},"geometry":{"type":"Point","coordinates":[77.526142,12.969266]}},{"type":"Feature","properties":{},"geometry":{"type":"Point","coordinates":[77.525538,12.969314]}},{"type":"Feature","properties":{},"geometry":{"type":"Point","coordinates":[77.498914,12.969588]}},{"type":"Feature","properties":{},"geometry":{"type":"Point","coordinates":[77.528736,12.96932]}},{"type":"Feature","properties":{},"geometry":{"type":"Point","coordinates":[77.508873,12.969531]}},{"type":"Feature","properties":{},"geometry":{"type":"Point","coordinates":[77.504632,12.969601]}},{"type":"Feature","properties":{},"geometry":{"type":"Point","coordinates":[77.554453,12.969117]}},{"type":"Feature","properties":{},"geometry":{"type":"Point","coordinates":[77.523004,12.969433]}},{"type":"Feature","properties":{},"geometry":{"type":"Point","coordinates":[77.526493,12.969414]}},{"type":"Feature","properties":{},"geometry":{"type":"Point","coordinates":[77.554842,12.969203]}},{"type":"Feature","properties":{},"geometry":{"type":"Point","coordinates":[77.523785,12.969561]}},{"type":"Feature","properties":{},"geometry":{"type":"Point","coordinates":[77.525695,12.969562]}},{"type":"Feature","properties":{},"geometry":{"type":"Point","coordinates":[77.508944,12.969745]}},{"type":"Feature","properties":{},"geometry":{"type":"Point","coordinates":[77.498734,12.969845]}},{"type":"Feature","properties":{},"geometry":{"type":"Point","coordinates":[77.526208,12.969583]}},{"type":"Feature","properties":{},"geometry":{"type":"Point","coordinates":[77.503071,12.96982]}},{"type":"Feature","properties":{},"geometry":{"type":"Point","coordinates":[77.555772,12.969317]}},{"type":"Feature","properties":{},"geometry":{"type":"Point","coordinates":[77.523384,12.969643]}},{"type":"Feature","properties":{},"geometry":{"type":"Point","coordinates":[77.533007,12.969562]}},{"type":"Feature","properties":{},"geometry":{"type":"Point","coordinates":[77.55531,12.969346]}},{"type":"Feature","properties":{},"geometry":{"type":"Point","coordinates":[77.528798,12.969675]}},{"type":"Feature","properties":{},"geometry":{"type":"Point","coordinates":[77.531236,12.969656]}},{"type":"Feature","properties":{},"geometry":{"type":"Point","coordinates":[77.522824,12.969755]}},{"type":"Feature","properties":{},"geometry":{"type":"Point","coordinates":[77.554024,12.969497]}},{"type":"Feature","properties":{},"geometry":{"type":"Point","coordinates":[77.501685,12.970015]}},{"type":"Feature","properties":{},"geometry":{"type":"Point","coordinates":[77.526903,12.969819]}},{"type":"Feature","properties":{},"geometry":{"type":"Point","coordinates":[77.554275,12.969565]}},{"type":"Feature","properties":{},"geometry":{"type":"Point","coordinates":[77.506671,12.970085]}},{"type":"Feature","properties":{},"geometry":{"type":"Point","coordinates":[77.547056,12.969702]}},{"type":"Feature","properties":{},"geometry":{"type":"Point","coordinates":[77.509069,12.970071]}},{"type":"Feature","properties":{},"geometry":{"type":"Point","coordinates":[77.556664,12.969639]}},{"type":"Feature","properties":{},"geometry":{"type":"Point","coordinates":[77.519076,12.970032]}},{"type":"Feature","properties":{},"geometry":{"type":"Point","coordinates":[77.521302,12.970012]}},{"type":"Feature","properties":{},"geometry":{"type":"Point","coordinates":[77.529729,12.969948]}},{"type":"Feature","properties":{},"geometry":{"type":"Point","coordinates":[77.5548,12.969704]}},{"type":"Feature","properties":{},"geometry":{"type":"Point","coordinates":[77.529197,12.969968]}},{"type":"Feature","properties":{},"geometry":{"type":"Point","coordinates":[77.555927,12.969722]}},{"type":"Feature","properties":{},"geometry":{"type":"Point","coordinates":[77.497079,12.970318]}},{"type":"Feature","properties":{},"geometry":{"type":"Point","coordinates":[77.554085,12.969774]}},{"type":"Feature","properties":{},"geometry":{"type":"Point","coordinates":[77.552782,12.969792]}},{"type":"Feature","properties":{},"geometry":{"type":"Point","coordinates":[77.498618,12.970331]}},{"type":"Feature","properties":{},"geometry":{"type":"Point","coordinates":[77.519342,12.970159]}},{"type":"Feature","properties":{},"geometry":{"type":"Point","coordinates":[77.516971,12.970202]}},{"type":"Feature","properties":{},"geometry":{"type":"Point","coordinates":[77.553619,12.969866]}},{"type":"Feature","properties":{},"geometry":{"type":"Point","coordinates":[77.528931,12.970107]}},{"type":"Feature","properties":{},"geometry":{"type":"Point","coordinates":[77.532818,12.970079]}},{"type":"Feature","properties":{},"geometry":{"type":"Point","coordinates":[77.554263,12.969907]}},{"type":"Feature","properties":{},"geometry":{"type":"Point","coordinates":[77.527286,12.970172]}},{"type":"Feature","properties":{},"geometry":{"type":"Point","coordinates":[77.528968,12.970163]}},{"type":"Feature","properties":{},"geometry":{"type":"Point","coordinates":[77.555604,12.969931]}},{"type":"Feature","properties":{},"geometry":{"type":"Point","coordinates":[77.500489,12.970471]}},{"type":"Feature","properties":{},"geometry":{"type":"Point","coordinates":[77.520828,12.970306]}},{"type":"Feature","properties":{},"geometry":{"type":"Point","coordinates":[77.516325,12.970356]}},{"type":"Feature","properties":{},"geometry":{"type":"Point","coordinates":[77.507588,12.970485]}},{"type":"Feature","properties":{},"geometry":{"type":"Point","coordinates":[77.525595,12.970329]}},{"type":"Feature","properties":{},"geometry":{"type":"Point","coordinates":[77.552845,12.970067]}},{"type":"Feature","properties":{},"geometry":{"type":"Point","coordinates":[77.508855,12.97054]}},{"type":"Feature","properties":{},"geometry":{"type":"Point","coordinates":[77.515649,12.970484]}},{"type":"Feature","properties":{},"geometry":{"type":"Point","coordinates":[77.506314,12.970575]}},{"type":"Feature","properties":{},"geometry":{"type":"Point","coordinates":[77.554119,12.970111]}},{"type":"Feature","properties":{},"geometry":{"type":"Point","coordinates":[77.522531,12.970434]}},{"type":"Feature","properties":{},"geometry":{"type":"Point","coordinates":[77.535016,12.970316]}},{"type":"Feature","properties":{},"geometry":{"type":"Point","coordinates":[77.531646,12.97036]}},{"type":"Feature","properties":{},"geometry":{"type":"Point","coordinates":[77.555234,12.970202]}},{"type":"Feature","properties":{},"geometry":{"type":"Point","coordinates":[77.527429,12.970475]}},{"type":"Feature","properties":{},"geometry":{"type":"Point","coordinates":[77.557036,12.970276]}},{"type":"Feature","properties":{},"geometry":{"type":"Point","coordinates":[77.554744,12.97032]}},{"type":"Feature","properties":{},"geometry":{"type":"Point","coordinates":[77.553327,12.970347]}},{"type":"Feature","properties":{},"geometry":{"type":"Point","coordinates":[77.553034,12.970384]}},{"type":"Feature","properties":{},"geometry":{"type":"Point","coordinates":[77.55533,12.97037]}},{"type":"Feature","properties":{},"geometry":{"type":"Point","coordinates":[77.521114,12.970719]}},{"type":"Feature","properties":{},"geometry":{"type":"Point","coordinates":[77.519437,12.970756]}},{"type":"Feature","properties":{},"geometry":{"type":"Point","coordinates":[77.523247,12.970774]}},{"type":"Feature","properties":{},"geometry":{"type":"Point","coordinates":[77.506434,12.970955]}},{"type":"Feature","properties":{},"geometry":{"type":"Point","coordinates":[77.556286,12.970479]}},{"type":"Feature","properties":{},"geometry":{"type":"Point","coordinates":[77.554211,12.970506]}},{"type":"Feature","properties":{},"geometry":{"type":"Point","coordinates":[77.555371,12.970505]}},{"type":"Feature","properties":{},"geometry":{"type":"Point","coordinates":[77.520183,12.970865]}},{"type":"Feature","properties":{},"geometry":{"type":"Point","coordinates":[77.526448,12.970847]}},{"type":"Feature","properties":{},"geometry":{"type":"Point","coordinates":[77.52769,12.970916]}},{"type":"Feature","properties":{},"geometry":{"type":"Point","coordinates":[77.524048,12.970954]}},{"type":"Feature","properties":{},"geometry":{"type":"Point","coordinates":[77.555253,12.970694]}},{"type":"Feature","properties":{},"geometry":{"type":"Point","coordinates":[77.51414,12.971119]}},{"type":"Feature","properties":{},"geometry":{"type":"Point","coordinates":[77.519523,12.971147]}},{"type":"Feature","properties":{},"geometry":{"type":"Point","coordinates":[77.520886,12.971156]}},{"type":"Feature","properties":{},"geometry":{"type":"Point","coordinates":[77.554564,12.970835]}},{"type":"Feature","properties":{},"geometry":{"type":"Point","coordinates":[77.54336,12.970961]}},{"type":"Feature","properties":{},"geometry":{"type":"Point","coordinates":[77.524819,12.971146]}},{"type":"Feature","properties":{},"geometry":{"type":"Point","coordinates":[77.527769,12.971218]}},{"type":"Feature","properties":{},"geometry":{"type":"Point","coordinates":[77.553506,12.970978]}},{"type":"Feature","properties":{},"geometry":{"type":"Point","coordinates":[77.49922,12.971554]}},{"type":"Feature","properties":{},"geometry":{"type":"Point","coordinates":[77.555491,12.971013]}},{"type":"Feature","properties":{},"geometry":{"type":"Point","coordinates":[77.521474,12.971348]}},{"type":"Feature","properties":{},"geometry":{"type":"Point","coordinates":[77.52638,12.971322]}},{"type":"Feature","properties":{},"geometry":{"type":"Point","coordinates":[77.524658,12.971353]}},{"type":"Feature","properties":{},"geometry":{"type":"Point","coordinates":[77.557016,12.971078]}},{"type":"Feature","properties":{},"geometry":{"type":"Point","coordinates":[77.554341,12.971151]}},{"type":"Feature","properties":{},"geometry":{"type":"Point","coordinates":[77.50664,12.971657]}},{"type":"Feature","properties":{},"geometry":{"type":"Point","coordinates":[77.51934,12.971562]}},{"type":"Feature","properties":{},"geometry":{"type":"Point","coordinates":[77.525553,12.971512]}},{"type":"Feature","properties":{},"geometry":{"type":"Point","coordinates":[77.553596,12.971244]}},{"type":"Feature","properties":{},"geometry":{"type":"Point","coordinates":[77.556107,12.971254]}},{"type":"Feature","properties":{},"geometry":{"type":"Point","coordinates":[77.523198,12.971604]}},{"type":"Feature","properties":{},"geometry":{"type":"Point","coordinates":[77.52763,12.971613]}},{"type":"Feature","properties":{},"geometry":{"type":"Point","coordinates":[77.525434,12.971673]}},{"type":"Feature","properties":{},"geometry":{"type":"Point","coordinates":[77.525122,12.971677]}},{"type":"Feature","properties":{},"geometry":{"type":"Point","coordinates":[77.519625,12.971737]}},{"type":"Feature","properties":{},"geometry":{"type":"Point","coordinates":[77.557607,12.971397]}},{"type":"Feature","properties":{},"geometry":{"type":"Point","coordinates":[77.516411,12.971829]}},{"type":"Feature","properties":{},"geometry":{"type":"Point","coordinates":[77.554118,12.971662]}},{"type":"Feature","properties":{},"geometry":{"type":"Point","coordinates":[77.523491,12.971977]}},{"type":"Feature","properties":{},"geometry":{"type":"Point","coordinates":[77.519114,12.972073]}},{"type":"Feature","properties":{},"geometry":{"type":"Point","coordinates":[77.520375,12.972124]}},{"type":"Feature","properties":{},"geometry":{"type":"Point","coordinates":[77.516574,12.972241]}},{"type":"Feature","properties":{},"geometry":{"type":"Point","coordinates":[77.556626,12.97187]}},{"type":"Feature","properties":{},"geometry":{"type":"Point","coordinates":[77.520047,12.972279]}},{"type":"Feature","properties":{},"geometry":{"type":"Point","coordinates":[77.55737,12.971948]}},{"type":"Feature","properties":{},"geometry":{"type":"Point","coordinates":[77.521733,12.972323]}},{"type":"Feature","properties":{},"geometry":{"type":"Point","coordinates":[77.523045,12.972333]}},{"type":"Feature","properties":{},"geometry":{"type":"Point","coordinates":[77.528247,12.972299]}},{"type":"Feature","properties":{},"geometry":{"type":"Point","coordinates":[77.555262,12.9721]}},{"type":"Feature","properties":{},"geometry":{"type":"Point","coordinates":[77.527149,12.9724]}},{"type":"Feature","properties":{},"geometry":{"type":"Point","coordinates":[77.557131,12.972113]}},{"type":"Feature","properties":{},"geometry":{"type":"Point","coordinates":[77.524871,12.972445]}},{"type":"Feature","properties":{},"geometry":{"type":"Point","coordinates":[77.498438,12.972719]}},{"type":"Feature","properties":{},"geometry":{"type":"Point","coordinates":[77.548676,12.972292]}},{"type":"Feature","properties":{},"geometry":{"type":"Point","coordinates":[77.554082,12.972279]}},{"type":"Feature","properties":{},"geometry":{"type":"Point","coordinates":[77.557684,12.972249]}},{"type":"Feature","properties":{},"geometry":{"type":"Point","coordinates":[77.528162,12.972612]}},{"type":"Feature","properties":{},"geometry":{"type":"Point","coordinates":[77.555995,12.972386]}},{"type":"Feature","properties":{},"geometry":{"type":"Point","coordinates":[77.524731,12.972754]}},{"type":"Feature","properties":{},"geometry":{"type":"Point","coordinates":[77.557167,12.972451]}},{"type":"Feature","properties":{},"geometry":{"type":"Point","coordinates":[77.557355,12.972462]}},{"type":"Feature","properties":{},"geometry":{"type":"Point","coordinates":[77.555254,12.97249]}},{"type":"Feature","properties":{},"geometry":{"type":"Point","coordinates":[77.520879,12.972848]}},{"type":"Feature","properties":{},"geometry":{"type":"Point","coordinates":[77.502977,12.973059]}},{"type":"Feature","properties":{},"geometry":{"type":"Point","coordinates":[77.521922,12.972895]}},{"type":"Feature","properties":{},"geometry":{"type":"Point","coordinates":[77.524956,12.97301]}},{"type":"Feature","properties":{},"geometry":{"type":"Point","coordinates":[77.506122,12.973203]}},{"type":"Feature","properties":{},"geometry":{"type":"Point","coordinates":[77.554817,12.972773]}},{"type":"Feature","properties":{},"geometry":{"type":"Point","coordinates":[77.556438,12.972769]}},{"type":"Feature","properties":{},"geometry":{"type":"Point","coordinates":[77.554803,12.972887]}},{"type":"Feature","properties":{},"geometry":{"type":"Point","coordinates":[77.553924,12.972903]}},{"type":"Feature","properties":{},"geometry":{"type":"Point","coordinates":[77.515487,12.973278]}},{"type":"Feature","properties":{},"geometry":{"type":"Point","coordinates":[77.495192,12.97352]}},{"type":"Feature","properties":{},"geometry":{"type":"Point","coordinates":[77.503923,12.973448]}},{"type":"Feature","properties":{},"geometry":{"type":"Point","coordinates":[77.516456,12.973336]}},{"type":"Feature","properties":{},"geometry":{"type":"Point","coordinates":[77.556186,12.972954]}},{"type":"Feature","properties":{},"geometry":{"type":"Point","coordinates":[77.504294,12.973511]}},{"type":"Feature","properties":{},"geometry":{"type":"Point","coordinates":[77.557869,12.973003]}},{"type":"Feature","properties":{},"geometry":{"type":"Point","coordinates":[77.557922,12.973043]}},{"type":"Feature","properties":{},"geometry":{"type":"Point","coordinates":[77.519077,12.973458]}},{"type":"Feature","properties":{},"geometry":{"type":"Point","coordinates":[77.520894,12.973453]}},{"type":"Feature","properties":{},"geometry":{"type":"Point","coordinates":[77.514641,12.973586]}},{"type":"Feature","properties":{},"geometry":{"type":"Point","coordinates":[77.554837,12.97327]}},{"type":"Feature","properties":{},"geometry":{"type":"Point","coordinates":[77.499698,12.973874]}},{"type":"Feature","properties":{},"geometry":{"type":"Point","coordinates":[77.53645,12.973545]}},{"type":"Feature","properties":{},"geometry":{"type":"Point","coordinates":[77.519734,12.973726]}},{"type":"Feature","properties":{},"geometry":{"type":"Point","coordinates":[77.554846,12.973398]}},{"type":"Feature","properties":{},"geometry":{"type":"Point","coordinates":[77.53014,12.973767]}},{"type":"Feature","properties":{},"geometry":{"type":"Point","coordinates":[77.555392,12.973528]}},{"type":"Feature","properties":{},"geometry":{"type":"Point","coordinates":[77.508925,12.974048]}},{"type":"Feature","properties":{},"geometry":{"type":"Point","coordinates":[77.514426,12.974082]}},{"type":"Feature","properties":{},"geometry":{"type":"Point","coordinates":[77.55423,12.973738]}},{"type":"Feature","properties":{},"geometry":{"type":"Point","coordinates":[77.557837,12.973739]}},{"type":"Feature","properties":{},"geometry":{"type":"Point","coordinates":[77.555063,12.973784]}},{"type":"Feature","properties":{},"geometry":{"type":"Point","coordinates":[77.551316,12.973852]}},{"type":"Feature","properties":{},"geometry":{"type":"Point","coordinates":[77.554785,12.973842]}},{"type":"Feature","properties":{},"geometry":{"type":"Point","coordinates":[77.518746,12.974215]}},{"type":"Feature","properties":{},"geometry":{"type":"Point","coordinates":[77.507401,12.974392]}},{"type":"Feature","properties":{},"geometry":{"type":"Point","coordinates":[77.557566,12.973937]}},{"type":"Feature","properties":{},"geometry":{"type":"Point","coordinates":[77.556258,12.974033]}},{"type":"Feature","properties":{},"geometry":{"type":"Point","coordinates":[77.557429,12.974049]}},{"type":"Feature","properties":{},"geometry":{"type":"Point","coordinates":[77.498419,12.974666]}},{"type":"Feature","properties":{},"geometry":{"type":"Point","coordinates":[77.556445,12.974106]}},{"type":"Feature","properties":{},"geometry":{"type":"Point","coordinates":[77.520423,12.974524]}},{"type":"Feature","properties":{},"geometry":{"type":"Point","coordinates":[77.555316,12.974205]}},{"type":"Feature","properties":{},"geometry":{"type":"Point","coordinates":[77.557084,12.974198]}},{"type":"Feature","properties":{},"geometry":{"type":"Point","coordinates":[77.516531,12.974637]}},{"type":"Feature","properties":{},"geometry":{"type":"Point","coordinates":[77.500484,12.974799]}},{"type":"Feature","properties":{},"geometry":{"type":"Point","coordinates":[77.555357,12.974281]}},{"type":"Feature","properties":{},"geometry":{"type":"Point","coordinates":[77.516338,12.974671]}},{"type":"Feature","properties":{},"geometry":{"type":"Point","coordinates":[77.514834,12.974702]}},{"type":"Feature","properties":{},"geometry":{"type":"Point","coordinates":[77.508762,12.974849]}},{"type":"Feature","properties":{},"geometry":{"type":"Point","coordinates":[77.557289,12.974422]}},{"type":"Feature","properties":{},"geometry":{"type":"Point","coordinates":[77.515232,12.974904]}},{"type":"Feature","properties":{},"geometry":{"type":"Point","coordinates":[77.502132,12.975043]}},{"type":"Feature","properties":{},"geometry":{"type":"Point","coordinates":[77.505865,12.975029]}},{"type":"Feature","properties":{},"geometry":{"type":"Point","coordinates":[77.514785,12.975027]}},{"type":"Feature","properties":{},"geometry":{"type":"Point","coordinates":[77.556659,12.974702]}},{"type":"Feature","properties":{},"geometry":{"type":"Point","coordinates":[77.501512,12.975267]}},{"type":"Feature","properties":{},"geometry":{"type":"Point","coordinates":[77.55841,12.974721]}},{"type":"Feature","properties":{},"geometry":{"type":"Point","coordinates":[77.514901,12.975194]}},{"type":"Feature","properties":{},"geometry":{"type":"Point","coordinates":[77.504935,12.975348]}},{"type":"Feature","properties":{},"geometry":{"type":"Point","coordinates":[77.556693,12.974872]}},{"type":"Feature","properties":{},"geometry":{"type":"Point","coordinates":[77.557534,12.974897]}},{"type":"Feature","properties":{},"geometry":{"type":"Point","coordinates":[77.506867,12.97547]}},{"type":"Feature","properties":{},"geometry":{"type":"Point","coordinates":[77.556103,12.975097]}},{"type":"Feature","properties":{},"geometry":{"type":"Point","coordinates":[77.514135,12.97553]}},{"type":"Feature","properties":{},"geometry":{"type":"Point","coordinates":[77.558122,12.975309]}},{"type":"Feature","properties":{},"geometry":{"type":"Point","coordinates":[77.529121,12.975596]}},{"type":"Feature","properties":{},"geometry":{"type":"Point","coordinates":[77.513224,12.975752]}},{"type":"Feature","properties":{},"geometry":{"type":"Point","coordinates":[77.556834,12.975384]}},{"type":"Feature","properties":{},"geometry":{"type":"Point","coordinates":[77.535686,12.975644]}},{"type":"Feature","properties":{},"geometry":{"type":"Point","coordinates":[77.556137,12.975453]}},{"type":"Feature","properties":{},"geometry":{"type":"Point","coordinates":[77.558204,12.975576]}},{"type":"Feature","properties":{},"geometry":{"type":"Point","coordinates":[77.533811,12.97582]}},{"type":"Feature","properties":{},"geometry":{"type":"Point","coordinates":[77.517482,12.976024]}},{"type":"Feature","properties":{},"geometry":{"type":"Point","coordinates":[77.536457,12.976014]}},{"type":"Feature","properties":{},"geometry":{"type":"Point","coordinates":[77.533566,12.976174]}},{"type":"Feature","properties":{},"geometry":{"type":"Point","coordinates":[77.516257,12.976376]}},{"type":"Feature","properties":{},"geometry":{"type":"Point","coordinates":[77.517364,12.976419]}},{"type":"Feature","properties":{},"geometry":{"type":"Point","coordinates":[77.515683,12.976496]}},{"type":"Feature","properties":{},"geometry":{"type":"Point","coordinates":[77.537022,12.976334]}},{"type":"Feature","properties":{},"geometry":{"type":"Point","coordinates":[77.513915,12.976644]}},{"type":"Feature","properties":{},"geometry":{"type":"Point","coordinates":[77.552699,12.976337]}},{"type":"Feature","properties":{},"geometry":{"type":"Point","coordinates":[77.526371,12.976622]}},{"type":"Feature","properties":{},"geometry":{"type":"Point","coordinates":[77.533688,12.976566]}},{"type":"Feature","properties":{},"geometry":{"type":"Point","coordinates":[77.494908,12.976954]}},{"type":"Feature","properties":{},"geometry":{"type":"Point","coordinates":[77.513342,12.976815]}},{"type":"Feature","properties":{},"geometry":{"type":"Point","coordinates":[77.513342,12.976815]}},{"type":"Feature","properties":{},"geometry":{"type":"Point","coordinates":[77.536041,12.976719]}},{"type":"Feature","properties":{},"geometry":{"type":"Point","coordinates":[77.535451,12.976898]}},{"type":"Feature","properties":{},"geometry":{"type":"Point","coordinates":[77.52755,12.977003]}},{"type":"Feature","properties":{},"geometry":{"type":"Point","coordinates":[77.537788,12.977016]}},{"type":"Feature","properties":{},"geometry":{"type":"Point","coordinates":[77.533849,12.977064]}},{"type":"Feature","properties":{},"geometry":{"type":"Point","coordinates":[77.499976,12.977428]}},{"type":"Feature","properties":{},"geometry":{"type":"Point","coordinates":[77.553394,12.976999]}},{"type":"Feature","properties":{},"geometry":{"type":"Point","coordinates":[77.538151,12.977261]}},{"type":"Feature","properties":{},"geometry":{"type":"Point","coordinates":[77.534491,12.977312]}},{"type":"Feature","properties":{},"geometry":{"type":"Point","coordinates":[77.527734,12.977439]}},{"type":"Feature","properties":{},"geometry":{"type":"Point","coordinates":[77.53676,12.977352]}},{"type":"Feature","properties":{},"geometry":{"type":"Point","coordinates":[77.542002,12.977323]}},{"type":"Feature","properties":{},"geometry":{"type":"Point","coordinates":[77.537935,12.977379]}},{"type":"Feature","properties":{},"geometry":{"type":"Point","coordinates":[77.53777,12.977442]}},{"type":"Feature","properties":{},"geometry":{"type":"Point","coordinates":[77.53503,12.977474]}},{"type":"Feature","properties":{},"geometry":{"type":"Point","coordinates":[77.522636,12.977607]}},{"type":"Feature","properties":{},"geometry":{"type":"Point","coordinates":[77.541392,12.977438]}},{"type":"Feature","properties":{},"geometry":{"type":"Point","coordinates":[77.536662,12.977486]}},{"type":"Feature","properties":{},"geometry":{"type":"Point","coordinates":[77.499844,12.977863]}},{"type":"Feature","properties":{},"geometry":{"type":"Point","coordinates":[77.524558,12.977658]}},{"type":"Feature","properties":{},"geometry":{"type":"Point","coordinates":[77.525472,12.977727]}},{"type":"Feature","properties":{},"geometry":{"type":"Point","coordinates":[77.515589,12.977832]}},{"type":"Feature","properties":{},"geometry":{"type":"Point","coordinates":[77.537445,12.977643]}},{"type":"Feature","properties":{},"geometry":{"type":"Point","coordinates":[77.526338,12.977778]}},{"type":"Feature","properties":{},"geometry":{"type":"Point","coordinates":[77.533927,12.977748]}},{"type":"Feature","properties":{},"geometry":{"type":"Point","coordinates":[77.524557,12.977856]}},{"type":"Feature","properties":{},"geometry":{"type":"Point","coordinates":[77.55345,12.977616]}},{"type":"Feature","properties":{},"geometry":{"type":"Point","coordinates":[77.535607,12.977799]}},{"type":"Feature","properties":{},"geometry":{"type":"Point","coordinates":[77.528868,12.977906]}},{"type":"Feature","properties":{},"geometry":{"type":"Point","coordinates":[77.534701,12.977905]}},{"type":"Feature","properties":{},"geometry":{"type":"Point","coordinates":[77.517474,12.978107]}},{"type":"Feature","properties":{},"geometry":{"type":"Point","coordinates":[77.553825,12.977788]}},{"type":"Feature","properties":{},"geometry":{"type":"Point","coordinates":[77.505276,12.978268]}},{"type":"Feature","properties":{},"geometry":{"type":"Point","coordinates":[77.518362,12.978196]}},{"type":"Feature","properties":{},"geometry":{"type":"Point","coordinates":[77.499408,12.978441]}},{"type":"Feature","properties":{},"geometry":{"type":"Point","coordinates":[77.535035,12.97812]}},{"type":"Feature","properties":{},"geometry":{"type":"Point","coordinates":[77.537604,12.978128]}},{"type":"Feature","properties":{},"geometry":{"type":"Point","coordinates":[77.536297,12.978151]}},{"type":"Feature","properties":{},"geometry":{"type":"Point","coordinates":[77.541098,12.978165]}},{"type":"Feature","properties":{},"geometry":{"type":"Point","coordinates":[77.538392,12.978382]}},{"type":"Feature","properties":{},"geometry":{"type":"Point","coordinates":[77.553482,12.978254]}},{"type":"Feature","properties":{},"geometry":{"type":"Point","coordinates":[77.541775,12.978369]}},{"type":"Feature","properties":{},"geometry":{"type":"Point","coordinates":[77.529257,12.978546]}},{"type":"Feature","properties":{},"geometry":{"type":"Point","coordinates":[77.503664,12.978834]}},{"type":"Feature","properties":{},"geometry":{"type":"Point","coordinates":[77.534707,12.978537]}},{"type":"Feature","properties":{},"geometry":{"type":"Point","coordinates":[77.536793,12.978531]}},{"type":"Feature","properties":{},"geometry":{"type":"Point","coordinates":[77.517493,12.978768]}},{"type":"Feature","properties":{},"geometry":{"type":"Point","coordinates":[77.537603,12.978616]}},{"type":"Feature","properties":{},"geometry":{"type":"Point","coordinates":[77.535437,12.978666]}},{"type":"Feature","properties":{},"geometry":{"type":"Point","coordinates":[77.516721,12.978855]}},{"type":"Feature","properties":{},"geometry":{"type":"Point","coordinates":[77.50316,12.97901]}},{"type":"Feature","properties":{},"geometry":{"type":"Point","coordinates":[77.537754,12.978695]}},{"type":"Feature","properties":{},"geometry":{"type":"Point","coordinates":[77.534967,12.9788]}},{"type":"Feature","properties":{},"geometry":{"type":"Point","coordinates":[77.537504,12.978893]}},{"type":"Feature","properties":{},"geometry":{"type":"Point","coordinates":[77.525272,12.979044]}},{"type":"Feature","properties":{},"geometry":{"type":"Point","coordinates":[77.524331,12.979169]}},{"type":"Feature","properties":{},"geometry":{"type":"Point","coordinates":[77.502097,12.979398]}},{"type":"Feature","properties":{},"geometry":{"type":"Point","coordinates":[77.529111,12.97918]}},{"type":"Feature","properties":{},"geometry":{"type":"Point","coordinates":[77.553857,12.978941]}},{"type":"Feature","properties":{},"geometry":{"type":"Point","coordinates":[77.534936,12.979147]}},{"type":"Feature","properties":{},"geometry":{"type":"Point","coordinates":[77.525431,12.979248]}},{"type":"Feature","properties":{},"geometry":{"type":"Point","coordinates":[77.52658,12.979281]}},{"type":"Feature","properties":{},"geometry":{"type":"Point","coordinates":[77.537788,12.979252]}},{"type":"Feature","properties":{},"geometry":{"type":"Point","coordinates":[77.526891,12.979417]}},{"type":"Feature","properties":{},"geometry":{"type":"Point","coordinates":[77.50948,12.979642]}},{"type":"Feature","properties":{},"geometry":{"type":"Point","coordinates":[77.53015,12.979487]}},{"type":"Feature","properties":{},"geometry":{"type":"Point","coordinates":[77.553884,12.979265]}},{"type":"Feature","properties":{},"geometry":{"type":"Point","coordinates":[77.535416,12.979461]}},{"type":"Feature","properties":{},"geometry":{"type":"Point","coordinates":[77.509516,12.979788]}},{"type":"Feature","properties":{},"geometry":{"type":"Point","coordinates":[77.499916,12.980044]}},{"type":"Feature","properties":{},"geometry":{"type":"Point","coordinates":[77.507254,12.97999]}},{"type":"Feature","properties":{},"geometry":{"type":"Point","coordinates":[77.554657,12.97959]}},{"type":"Feature","properties":{},"geometry":{"type":"Point","coordinates":[77.532329,12.979917]}},{"type":"Feature","properties":{},"geometry":{"type":"Point","coordinates":[77.526416,12.980024]}},{"type":"Feature","properties":{},"geometry":{"type":"Point","coordinates":[77.529695,12.980024]}},{"type":"Feature","properties":{},"geometry":{"type":"Point","coordinates":[77.509072,12.980259]}},{"type":"Feature","properties":{},"geometry":{"type":"Point","coordinates":[77.527045,12.980098]}},{"type":"Feature","properties":{},"geometry":{"type":"Point","coordinates":[77.554435,12.979909]}},{"type":"Feature","properties":{},"geometry":{"type":"Point","coordinates":[77.504099,12.98048]}},{"type":"Feature","properties":{},"geometry":{"type":"Point","coordinates":[77.504099,12.98048]}},{"type":"Feature","properties":{},"geometry":{"type":"Point","coordinates":[77.52734,12.980326]}},{"type":"Feature","properties":{},"geometry":{"type":"Point","coordinates":[77.525339,12.980358]}},{"type":"Feature","properties":{},"geometry":{"type":"Point","coordinates":[77.531146,12.980464]}},{"type":"Feature","properties":{},"geometry":{"type":"Point","coordinates":[77.503094,12.980841]}},{"type":"Feature","properties":{},"geometry":{"type":"Point","coordinates":[77.530761,12.980585]}},{"type":"Feature","properties":{},"geometry":{"type":"Point","coordinates":[77.529935,12.980699]}},{"type":"Feature","properties":{},"geometry":{"type":"Point","coordinates":[77.527908,12.980881]}},{"type":"Feature","properties":{},"geometry":{"type":"Point","coordinates":[77.502295,12.981172]}},{"type":"Feature","properties":{},"geometry":{"type":"Point","coordinates":[77.515383,12.981088]}},{"type":"Feature","properties":{},"geometry":{"type":"Point","coordinates":[77.504091,12.981233]}},{"type":"Feature","properties":{},"geometry":{"type":"Point","coordinates":[77.50391,12.981237]}},{"type":"Feature","properties":{},"geometry":{"type":"Point","coordinates":[77.502535,12.981316]}},{"type":"Feature","properties":{},"geometry":{"type":"Point","coordinates":[77.515647,12.981213]}},{"type":"Feature","properties":{},"geometry":{"type":"Point","coordinates":[77.524469,12.981127]}},{"type":"Feature","properties":{},"geometry":{"type":"Point","coordinates":[77.526556,12.981132]}},{"type":"Feature","properties":{},"geometry":{"type":"Point","coordinates":[77.527293,12.981241]}},{"type":"Feature","properties":{},"geometry":{"type":"Point","coordinates":[77.529876,12.981228]}},{"type":"Feature","properties":{},"geometry":{"type":"Point","coordinates":[77.529514,12.981244]}},{"type":"Feature","properties":{},"geometry":{"type":"Point","coordinates":[77.531948,12.981244]}},{"type":"Feature","properties":{},"geometry":{"type":"Point","coordinates":[77.515853,12.98164]}},{"type":"Feature","properties":{},"geometry":{"type":"Point","coordinates":[77.52752,12.981536]}},{"type":"Feature","properties":{},"geometry":{"type":"Point","coordinates":[77.515325,12.982042]}},{"type":"Feature","properties":{},"geometry":{"type":"Point","coordinates":[77.526357,12.982047]}},{"type":"Feature","properties":{},"geometry":{"type":"Point","coordinates":[77.527465,12.98219]}},{"type":"Feature","properties":{},"geometry":{"type":"Point","coordinates":[77.502657,12.982683]}},{"type":"Feature","properties":{},"geometry":{"type":"Point","coordinates":[77.526336,12.982567]}},{"type":"Feature","properties":{},"geometry":{"type":"Point","coordinates":[77.529063,12.982667]}},{"type":"Feature","properties":{},"geometry":{"type":"Point","coordinates":[77.515132,12.982865]}},{"type":"Feature","properties":{},"geometry":{"type":"Point","coordinates":[77.509398,12.983]}},{"type":"Feature","properties":{},"geometry":{"type":"Point","coordinates":[77.502534,12.98307]}},{"type":"Feature","properties":{},"geometry":{"type":"Point","coordinates":[77.527898,12.982839]}},{"type":"Feature","properties":{},"geometry":{"type":"Point","coordinates":[77.513208,12.983156]}},{"type":"Feature","properties":{},"geometry":{"type":"Point","coordinates":[77.512763,12.983202]}},{"type":"Feature","properties":{},"geometry":{"type":"Point","coordinates":[77.50233,12.983343]}},{"type":"Feature","properties":{},"geometry":{"type":"Point","coordinates":[77.529406,12.983116]}},{"type":"Feature","properties":{},"geometry":{"type":"Point","coordinates":[77.515106,12.983294]}},{"type":"Feature","properties":{},"geometry":{"type":"Point","coordinates":[77.502472,12.983583]}},{"type":"Feature","properties":{},"geometry":{"type":"Point","coordinates":[77.515003,12.983595]}},{"type":"Feature","properties":{},"geometry":{"type":"Point","coordinates":[77.514153,12.983637]}},{"type":"Feature","properties":{},"geometry":{"type":"Point","coordinates":[77.502715,12.983942]}},{"type":"Feature","properties":{},"geometry":{"type":"Point","coordinates":[77.508774,12.983985]}},{"type":"Feature","properties":{},"geometry":{"type":"Point","coordinates":[77.515479,12.984244]}},{"type":"Feature","properties":{},"geometry":{"type":"Point","coordinates":[77.527229,12.984229]}},{"type":"Feature","properties":{},"geometry":{"type":"Point","coordinates":[77.513439,12.984713]}},{"type":"Feature","properties":{},"geometry":{"type":"Point","coordinates":[77.514268,12.984846]}},{"type":"Feature","properties":{},"geometry":{"type":"Point","coordinates":[77.513515,12.98494]}},{"type":"Feature","properties":{},"geometry":{"type":"Point","coordinates":[77.516275,12.984944]}},{"type":"Feature","properties":{},"geometry":{"type":"Point","coordinates":[77.515842,12.985183]}},{"type":"Feature","properties":{},"geometry":{"type":"Point","coordinates":[77.512836,12.98522]}},{"type":"Feature","properties":{},"geometry":{"type":"Point","coordinates":[77.515662,12.985203]}},{"type":"Feature","properties":{},"geometry":{"type":"Point","coordinates":[77.505875,12.985432]}},{"type":"Feature","properties":{},"geometry":{"type":"Point","coordinates":[77.514546,12.985422]}},{"type":"Feature","properties":{},"geometry":{"type":"Point","coordinates":[77.512912,12.9855]}},{"type":"Feature","properties":{},"geometry":{"type":"Point","coordinates":[77.512922,12.98554]}},{"type":"Feature","properties":{},"geometry":{"type":"Point","coordinates":[77.515526,12.985588]}},{"type":"Feature","properties":{},"geometry":{"type":"Point","coordinates":[77.516412,12.985823]}},{"type":"Feature","properties":{},"geometry":{"type":"Point","coordinates":[77.514372,12.98595]}},{"type":"Feature","properties":{},"geometry":{"type":"Point","coordinates":[77.512894,12.986244]}},{"type":"Feature","properties":{},"geometry":{"type":"Point","coordinates":[77.517219,12.986227]}},{"type":"Feature","properties":{},"geometry":{"type":"Point","coordinates":[77.503034,12.98646]}},{"type":"Feature","properties":{},"geometry":{"type":"Point","coordinates":[77.502885,12.986508]}},{"type":"Feature","properties":{},"geometry":{"type":"Point","coordinates":[77.517759,12.986793]}},{"type":"Feature","properties":{},"geometry":{"type":"Point","coordinates":[77.517102,12.987162]}},{"type":"Feature","properties":{},"geometry":{"type":"Point","coordinates":[77.517457,12.987274]}},{"type":"Feature","properties":{},"geometry":{"type":"Point","coordinates":[77.518741,12.987387]}},{"type":"Feature","properties":{},"geometry":{"type":"Point","coordinates":[77.518408,12.987411]}},{"type":"Feature","properties":{},"geometry":{"type":"Point","coordinates":[77.503781,12.988122]}},{"type":"Feature","properties":{},"geometry":{"type":"Point","coordinates":[77.501899,12.988411]}},{"type":"Feature","properties":{},"geometry":{"type":"Point","coordinates":[77.501989,12.988415]}},{"type":"Feature","properties":{},"geometry":{"type":"Point","coordinates":[77.501936,12.988486]}},{"type":"Feature","properties":{},"geometry":{"type":"Point","coordinates":[77.503964,12.988816]}},{"type":"Feature","properties":{},"geometry":{"type":"Point","coordinates":[77.508811,12.988777]}},{"type":"Feature","properties":{},"geometry":{"type":"Point","coordinates":[77.504002,12.988914]}},{"type":"Feature","properties":{},"geometry":{"type":"Point","coordinates":[77.505855,12.98925]}},{"type":"Feature","properties":{},"geometry":{"type":"Point","coordinates":[77.504068,12.989386]}},{"type":"Feature","properties":{},"geometry":{"type":"Point","coordinates":[77.504096,12.989645]}},{"type":"Feature","properties":{},"geometry":{"type":"Point","coordinates":[77.503804,12.989714]}},{"type":"Feature","properties":{},"geometry":{"type":"Point","coordinates":[77.505138,12.989715]}},{"type":"Feature","properties":{},"geometry":{"type":"Point","coordinates":[77.466897,12.901288]}},{"type":"Feature","properties":{},"geometry":{"type":"Point","coordinates":[77.465232,12.904195]}},{"type":"Feature","properties":{},"geometry":{"type":"Point","coordinates":[77.464416,12.902629]}},{"type":"Feature","properties":{},"geometry":{"type":"Point","coordinates":[77.467319,12.904796]}},{"type":"Feature","properties":{},"geometry":{"type":"Point","coordinates":[77.462106,12.902336]}},{"type":"Feature","properties":{},"geometry":{"type":"Point","coordinates":[77.463062,12.902772]}},{"type":"Feature","properties":{},"geometry":{"type":"Point","coordinates":[77.465226,12.90003]}},{"type":"Feature","properties":{},"geometry":{"type":"Point","coordinates":[77.480086,12.907557]}},{"type":"Feature","properties":{},"geometry":{"type":"Point","coordinates":[77.479736,12.907572]}},{"type":"Feature","properties":{},"geometry":{"type":"Point","coordinates":[77.481301,12.906974]}},{"type":"Feature","properties":{},"geometry":{"type":"Point","coordinates":[77.483064,12.907851]}},{"type":"Feature","properties":{},"geometry":{"type":"Point","coordinates":[77.482399,12.908038]}},{"type":"Feature","properties":{},"geometry":{"type":"Point","coordinates":[77.482355,12.909203]}},{"type":"Feature","properties":{},"geometry":{"type":"Point","coordinates":[77.481924,12.909258]}},{"type":"Feature","properties":{},"geometry":{"type":"Point","coordinates":[77.481963,12.909651]}},{"type":"Feature","properties":{},"geometry":{"type":"Point","coordinates":[77.481872,12.909823]}},{"type":"Feature","properties":{},"geometry":{"type":"Point","coordinates":[77.482623,12.909667]}},{"type":"Feature","properties":{},"geometry":{"type":"Point","coordinates":[77.4836,12.909521]}},{"type":"Feature","properties":{},"geometry":{"type":"Point","coordinates":[77.483947,12.909453]}},{"type":"Feature","properties":{},"geometry":{"type":"Point","coordinates":[77.484063,12.909404]}},{"type":"Feature","properties":{},"geometry":{"type":"Point","coordinates":[77.48392,12.90913]}},{"type":"Feature","properties":{},"geometry":{"type":"Point","coordinates":[77.486455,12.901867]}},{"type":"Feature","properties":{},"geometry":{"type":"Point","coordinates":[77.485262,12.901302]}},{"type":"Feature","properties":{},"geometry":{"type":"Point","coordinates":[77.484625,12.901863]}},{"type":"Feature","properties":{},"geometry":{"type":"Point","coordinates":[77.48469,12.902034]}},{"type":"Feature","properties":{},"geometry":{"type":"Point","coordinates":[77.4852,12.89888]}},{"type":"Feature","properties":{},"geometry":{"type":"Point","coordinates":[77.485661,12.899323]}},{"type":"Feature","properties":{},"geometry":{"type":"Point","coordinates":[77.483274,12.900239]}},{"type":"Feature","properties":{},"geometry":{"type":"Point","coordinates":[77.486799,12.897361]}},{"type":"Feature","properties":{},"geometry":{"type":"Point","coordinates":[77.483508,12.897157]}},{"type":"Feature","properties":{},"geometry":{"type":"Point","coordinates":[77.485508,12.895055]}},{"type":"Feature","properties":{},"geometry":{"type":"Point","coordinates":[77.484717,12.894692]}},{"type":"Feature","properties":{},"geometry":{"type":"Point","coordinates":[77.484314,12.895916]}},{"type":"Feature","properties":{},"geometry":{"type":"Point","coordinates":[77.50415,12.989643]}},{"type":"Feature","properties":{},"geometry":{"type":"Point","coordinates":[77.509521,12.97971]}},{"type":"Feature","properties":{},"geometry":{"type":"Point","coordinates":[77.507391,12.974416]}},{"type":"Feature","properties":{},"geometry":{"type":"Point","coordinates":[77.50486,12.975262]}},{"type":"Feature","properties":{},"geometry":{"type":"Point","coordinates":[77.505753,12.991293]}},{"type":"Feature","properties":{},"geometry":{"type":"Point","coordinates":[77.5041,12.96378]}},{"type":"Feature","properties":{},"geometry":{"type":"Point","coordinates":[77.5004,12.95692]}},{"type":"Feature","properties":{},"geometry":{"type":"Point","coordinates":[77.49609,12.95573]}},{"type":"Feature","properties":{},"geometry":{"type":"Point","coordinates":[77.496571,12.9538]}},{"type":"Feature","properties":{},"geometry":{"type":"Point","coordinates":[77.50119,12.95811]}},{"type":"Feature","properties":{},"geometry":{"type":"Point","coordinates":[77.50324,12.959019]}},{"type":"Feature","properties":{},"geometry":{"type":"Point","coordinates":[77.50225,12.95904]}},{"type":"Feature","properties":{},"geometry":{"type":"Point","coordinates":[77.49992,12.95975]}},{"type":"Feature","properties":{},"geometry":{"type":"Point","coordinates":[77.50103,12.96044]}},{"type":"Feature","properties":{},"geometry":{"type":"Point","coordinates":[77.49884,12.95929]}},{"type":"Feature","properties":{},"geometry":{"type":"Point","coordinates":[77.49844,12.96071]}},{"type":"Feature","properties":{},"geometry":{"type":"Point","coordinates":[77.495951,12.96087]}},{"type":"Feature","properties":{},"geometry":{"type":"Point","coordinates":[77.49862,12.95864]}},{"type":"Feature","properties":{},"geometry":{"type":"Point","coordinates":[77.51052,12.9604]}},{"type":"Feature","properties":{},"geometry":{"type":"Point","coordinates":[77.51035,12.95894]}},{"type":"Feature","properties":{},"geometry":{"type":"Point","coordinates":[77.51045,12.95928]}},{"type":"Feature","properties":{},"geometry":{"type":"Point","coordinates":[77.50198,12.92074]}},{"type":"Feature","properties":{},"geometry":{"type":"Point","coordinates":[77.50094,12.92912]}},{"type":"Feature","properties":{},"geometry":{"type":"Point","coordinates":[77.51113,12.92773]}},{"type":"Feature","properties":{},"geometry":{"type":"Point","coordinates":[77.50518,12.92951]}},{"type":"Feature","properties":{},"geometry":{"type":"Point","coordinates":[77.50518,12.92938]}},{"type":"Feature","properties":{},"geometry":{"type":"Point","coordinates":[77.49594,12.94827]}},{"type":"Feature","properties":{},"geometry":{"type":"Point","coordinates":[77.497781,12.947399]}},{"type":"Feature","properties":{},"geometry":{"type":"Point","coordinates":[77.49812,12.947719]}},{"type":"Feature","properties":{},"geometry":{"type":"Point","coordinates":[77.495231,12.94834]}},{"type":"Feature","properties":{},"geometry":{"type":"Point","coordinates":[77.49495,12.94837]}},{"type":"Feature","properties":{},"geometry":{"type":"Point","coordinates":[77.494599,12.948]}},{"type":"Feature","properties":{},"geometry":{"type":"Point","coordinates":[77.49452,12.948811]}},{"type":"Feature","properties":{},"geometry":{"type":"Point","coordinates":[77.4939,12.9491]}},{"type":"Feature","properties":{},"geometry":{"type":"Point","coordinates":[77.49355,12.94846]}},{"type":"Feature","properties":{},"geometry":{"type":"Point","coordinates":[77.49556,12.94923]}},{"type":"Feature","properties":{},"geometry":{"type":"Point","coordinates":[77.49456,12.94932]}},{"type":"Feature","properties":{},"geometry":{"type":"Point","coordinates":[77.495579,12.95009]}},{"type":"Feature","properties":{},"geometry":{"type":"Point","coordinates":[77.49511,12.94983]}},{"type":"Feature","properties":{},"geometry":{"type":"Point","coordinates":[77.49432,12.95039]}},{"type":"Feature","properties":{},"geometry":{"type":"Point","coordinates":[77.49593,12.95093]}},{"type":"Feature","properties":{},"geometry":{"type":"Point","coordinates":[77.4962,12.95123]}},{"type":"Feature","properties":{},"geometry":{"type":"Point","coordinates":[77.49188,12.94867]}},{"type":"Feature","properties":{},"geometry":{"type":"Point","coordinates":[77.49037,12.94903]}},{"type":"Feature","properties":{},"geometry":{"type":"Point","coordinates":[77.49094,12.95085]}},{"type":"Feature","properties":{},"geometry":{"type":"Point","coordinates":[77.49035,12.95159]}},{"type":"Feature","properties":{},"geometry":{"type":"Point","coordinates":[77.49517,12.9507]}},{"type":"Feature","properties":{},"geometry":{"type":"Point","coordinates":[77.490891,12.9488]}},{"type":"Feature","properties":{},"geometry":{"type":"Point","coordinates":[77.49518,12.95079]}},{"type":"Feature","properties":{},"geometry":{"type":"Point","coordinates":[77.4985,12.95174]}},{"type":"Feature","properties":{},"geometry":{"type":"Point","coordinates":[77.49672,12.95215]}},{"type":"Feature","properties":{},"geometry":{"type":"Point","coordinates":[77.49422,12.95187]}},{"type":"Feature","properties":{},"geometry":{"type":"Point","coordinates":[77.494199,12.9545]}},{"type":"Feature","properties":{},"geometry":{"type":"Point","coordinates":[77.49393,12.95338]}},{"type":"Feature","properties":{},"geometry":{"type":"Point","coordinates":[77.49356,12.95288]}},{"type":"Feature","properties":{},"geometry":{"type":"Point","coordinates":[77.49249,12.95303]}},{"type":"Feature","properties":{},"geometry":{"type":"Point","coordinates":[77.49149,12.95205]}},{"type":"Feature","properties":{},"geometry":{"type":"Point","coordinates":[77.49339,12.95637]}},{"type":"Feature","properties":{},"geometry":{"type":"Point","coordinates":[77.49491,12.95703]}},{"type":"Feature","properties":{},"geometry":{"type":"Point","coordinates":[77.499811,12.96069]}},{"type":"Feature","properties":{},"geometry":{"type":"Point","coordinates":[77.52184,12.929138]}},{"type":"Feature","properties":{},"geometry":{"type":"Point","coordinates":[77.522664,12.927782]}},{"type":"Feature","properties":{},"geometry":{"type":"Point","coordinates":[77.522237,12.928258]}},{"type":"Feature","properties":{},"geometry":{"type":"Point","coordinates":[77.520137,12.925666]}},{"type":"Feature","properties":{},"geometry":{"type":"Point","coordinates":[77.529478,12.924181]}},{"type":"Feature","properties":{},"geometry":{"type":"Point","coordinates":[77.523651,12.92161]}},{"type":"Feature","properties":{},"geometry":{"type":"Point","coordinates":[77.52216,12.92195]}},{"type":"Feature","properties":{},"geometry":{"type":"Point","coordinates":[77.526211,12.92294]}},{"type":"Feature","properties":{},"geometry":{"type":"Point","coordinates":[77.524356,12.903742]}},{"type":"Feature","properties":{},"geometry":{"type":"Point","coordinates":[77.524551,12.901664]}},{"type":"Feature","properties":{},"geometry":{"type":"Point","coordinates":[77.522481,12.902758]}},{"type":"Feature","properties":{},"geometry":{"type":"Point","coordinates":[77.521576,12.901602]}},{"type":"Feature","properties":{},"geometry":{"type":"Point","coordinates":[77.520466,12.901358]}},{"type":"Feature","properties":{},"geometry":{"type":"Point","coordinates":[77.51931,12.900534]}},{"type":"Feature","properties":{},"geometry":{"type":"Point","coordinates":[77.519959,12.90184]}},{"type":"Feature","properties":{},"geometry":{"type":"Point","coordinates":[77.520102,12.903469]}},{"type":"Feature","properties":{},"geometry":{"type":"Point","coordinates":[77.527958,12.902691]}},{"type":"Feature","properties":{},"geometry":{"type":"Point","coordinates":[77.516262,12.90116]}},{"type":"Feature","properties":{},"geometry":{"type":"Point","coordinates":[77.515911,12.90057]}},{"type":"Feature","properties":{},"geometry":{"type":"Point","coordinates":[77.51712,12.903611]}},{"type":"Feature","properties":{},"geometry":{"type":"Point","coordinates":[77.521849,12.90313]}},{"type":"Feature","properties":{},"geometry":{"type":"Point","coordinates":[77.520041,12.90526]}},{"type":"Feature","properties":{},"geometry":{"type":"Point","coordinates":[77.52148,12.904611]}},{"type":"Feature","properties":{},"geometry":{"type":"Point","coordinates":[77.513639,12.909602]}},{"type":"Feature","properties":{},"geometry":{"type":"Point","coordinates":[77.513679,12.913891]}},{"type":"Feature","properties":{},"geometry":{"type":"Point","coordinates":[77.512421,12.91791]}},{"type":"Feature","properties":{},"geometry":{"type":"Point","coordinates":[77.511769,12.91911]}},{"type":"Feature","properties":{},"geometry":{"type":"Point","coordinates":[77.512482,12.919161]}},{"type":"Feature","properties":{},"geometry":{"type":"Point","coordinates":[77.512761,12.929531]}},{"type":"Feature","properties":{},"geometry":{"type":"Point","coordinates":[77.51252,12.920852]}},{"type":"Feature","properties":{},"geometry":{"type":"Point","coordinates":[77.512261,12.92134]}},{"type":"Feature","properties":{},"geometry":{"type":"Point","coordinates":[77.5134,12.920779]}},{"type":"Feature","properties":{},"geometry":{"type":"Point","coordinates":[77.513639,12.92034]}},{"type":"Feature","properties":{},"geometry":{"type":"Point","coordinates":[77.514889,12.92011]}},{"type":"Feature","properties":{},"geometry":{"type":"Point","coordinates":[77.53409,12.93456]}},{"type":"Feature","properties":{},"geometry":{"type":"Point","coordinates":[77.536921,12.93542]}},{"type":"Feature","properties":{},"geometry":{"type":"Point","coordinates":[77.53573,12.935931]}},{"type":"Feature","properties":{},"geometry":{"type":"Point","coordinates":[77.534831,12.93413]}},{"type":"Feature","properties":{},"geometry":{"type":"Point","coordinates":[77.53446,12.93434]}},{"type":"Feature","properties":{},"geometry":{"type":"Point","coordinates":[77.534701,12.934971]}},{"type":"Feature","properties":{},"geometry":{"type":"Point","coordinates":[77.52597,12.931121]}},{"type":"Feature","properties":{},"geometry":{"type":"Point","coordinates":[77.52977,12.92033]}},{"type":"Feature","properties":{},"geometry":{"type":"Point","coordinates":[77.528239,12.92818]}},{"type":"Feature","properties":{},"geometry":{"type":"Point","coordinates":[77.52827,12.927681]}},{"type":"Feature","properties":{},"geometry":{"type":"Point","coordinates":[77.528379,12.927431]}},{"type":"Feature","properties":{},"geometry":{"type":"Point","coordinates":[77.5272,12.929918]}},{"type":"Feature","properties":{},"geometry":{"type":"Point","coordinates":[77.513141,12.927841]}},{"type":"Feature","properties":{},"geometry":{"type":"Point","coordinates":[77.51355,12.923619]}},{"type":"Feature","properties":{},"geometry":{"type":"Point","coordinates":[77.51209,12.926401]}},{"type":"Feature","properties":{},"geometry":{"type":"Point","coordinates":[77.51974,12.928161]}},{"type":"Feature","properties":{},"geometry":{"type":"Point","coordinates":[77.51954,12.92853]}},{"type":"Feature","properties":{},"geometry":{"type":"Point","coordinates":[77.51941,12.927541]}},{"type":"Feature","properties":{},"geometry":{"type":"Point","coordinates":[77.51714,12.92698]}},{"type":"Feature","properties":{},"geometry":{"type":"Point","coordinates":[77.51714,12.926987]}},{"type":"Feature","properties":{},"geometry":{"type":"Point","coordinates":[77.51153,12.92367]}},{"type":"Feature","properties":{},"geometry":{"type":"Point","coordinates":[77.51175,12.92392]}},{"type":"Feature","properties":{},"geometry":{"type":"Point","coordinates":[77.512529,12.923311]}},{"type":"Feature","properties":{},"geometry":{"type":"Point","coordinates":[77.51288,12.9227]}},{"type":"Feature","properties":{},"geometry":{"type":"Point","coordinates":[77.51314,12.92313]}},{"type":"Feature","properties":{},"geometry":{"type":"Point","coordinates":[77.515061,12.92244]}},{"type":"Feature","properties":{},"geometry":{"type":"Point","coordinates":[77.51558,12.9224]}},{"type":"Feature","properties":{},"geometry":{"type":"Point","coordinates":[77.514079,12.92165]}},{"type":"Feature","properties":{},"geometry":{"type":"Point","coordinates":[77.5147,12.92159]}},{"type":"Feature","properties":{},"geometry":{"type":"Point","coordinates":[77.514413,12.920413]}},{"type":"Feature","properties":{},"geometry":{"type":"Point","coordinates":[77.515711,12.920919]}},{"type":"Feature","properties":{},"geometry":{"type":"Point","coordinates":[77.516391,12.92135]}},{"type":"Feature","properties":{},"geometry":{"type":"Point","coordinates":[77.518659,12.928631]}},{"type":"Feature","properties":{},"geometry":{"type":"Point","coordinates":[77.519871,12.927501]}},{"type":"Feature","properties":{},"geometry":{"type":"Point","coordinates":[77.518991,12.9137]}},{"type":"Feature","properties":{},"geometry":{"type":"Point","coordinates":[77.520999,12.91981]}},{"type":"Feature","properties":{},"geometry":{"type":"Point","coordinates":[77.526141,12.913079]}},{"type":"Feature","properties":{},"geometry":{"type":"Point","coordinates":[77.525341,12.913971]}},{"type":"Feature","properties":{},"geometry":{"type":"Point","coordinates":[77.523651,12.91507]}},{"type":"Feature","properties":{},"geometry":{"type":"Point","coordinates":[77.524541,12.914861]}},{"type":"Feature","properties":{},"geometry":{"type":"Point","coordinates":[77.523731,12.91575]}},{"type":"Feature","properties":{},"geometry":{"type":"Point","coordinates":[77.526581,12.915771]}},{"type":"Feature","properties":{},"geometry":{"type":"Point","coordinates":[77.524601,12.917571]}},{"type":"Feature","properties":{},"geometry":{"type":"Point","coordinates":[77.52589,12.9168]}},{"type":"Feature","properties":{},"geometry":{"type":"Point","coordinates":[77.525381,12.917161]}},{"type":"Feature","properties":{},"geometry":{"type":"Point","coordinates":[77.526361,12.91765]}},{"type":"Feature","properties":{},"geometry":{"type":"Point","coordinates":[77.525471,12.919381]}},{"type":"Feature","properties":{},"geometry":{"type":"Point","coordinates":[77.520351,12.916021]}},{"type":"Feature","properties":{},"geometry":{"type":"Point","coordinates":[77.524641,12.91814]}},{"type":"Feature","properties":{},"geometry":{"type":"Point","coordinates":[77.525651,12.91862]}},{"type":"Feature","properties":{},"geometry":{"type":"Point","coordinates":[77.52216,12.91746]}},{"type":"Feature","properties":{},"geometry":{"type":"Point","coordinates":[77.52105,12.921061]}},{"type":"Feature","properties":{},"geometry":{"type":"Point","coordinates":[77.520589,12.91917]}},{"type":"Feature","properties":{},"geometry":{"type":"Point","coordinates":[77.520521,12.91918]}},{"type":"Feature","properties":{},"geometry":{"type":"Point","coordinates":[77.525467,12.919371]}},{"type":"Feature","properties":{},"geometry":{"type":"Point","coordinates":[77.525615,12.91972]}},{"type":"Feature","properties":{},"geometry":{"type":"Point","coordinates":[77.526311,12.920461]}},{"type":"Feature","properties":{},"geometry":{"type":"Point","coordinates":[77.525071,12.92112]}},{"type":"Feature","properties":{},"geometry":{"type":"Point","coordinates":[77.5272,12.92392]}},{"type":"Feature","properties":{},"geometry":{"type":"Point","coordinates":[77.524452,12.924929]}},{"type":"Feature","properties":{},"geometry":{"type":"Point","coordinates":[77.526409,12.925421]}},{"type":"Feature","properties":{},"geometry":{"type":"Point","coordinates":[77.526661,12.924789]}},{"type":"Feature","properties":{},"geometry":{"type":"Point","coordinates":[77.529079,12.923701]}},{"type":"Feature","properties":{},"geometry":{"type":"Point","coordinates":[77.539721,12.92379]}},{"type":"Feature","properties":{},"geometry":{"type":"Point","coordinates":[77.539671,12.921871]}},{"type":"Feature","properties":{},"geometry":{"type":"Point","coordinates":[77.53738,12.92591]}},{"type":"Feature","properties":{},"geometry":{"type":"Point","coordinates":[77.52691,12.92414]}},{"type":"Feature","properties":{},"geometry":{"type":"Point","coordinates":[77.528719,12.92608]}},{"type":"Feature","properties":{},"geometry":{"type":"Point","coordinates":[77.516479,12.902192]}},{"type":"Feature","properties":{},"geometry":{"type":"Point","coordinates":[77.515982,12.91267]}},{"type":"Feature","properties":{},"geometry":{"type":"Point","coordinates":[77.52648,12.92585]}},{"type":"Feature","properties":{},"geometry":{"type":"Point","coordinates":[77.52299,12.93084]}},{"type":"Feature","properties":{},"geometry":{"type":"Point","coordinates":[77.521546,12.922392]}},{"type":"Feature","properties":{},"geometry":{"type":"Point","coordinates":[77.514851,12.9222]}},{"type":"Feature","properties":{},"geometry":{"type":"Point","coordinates":[77.522163,12.921969]}},{"type":"Feature","properties":{},"geometry":{"type":"Point","coordinates":[77.5252,12.94103]}},{"type":"Feature","properties":{},"geometry":{"type":"Point","coordinates":[77.512339,12.928181]}},{"type":"Feature","properties":{},"geometry":{"type":"Point","coordinates":[77.52402,12.939829]}},{"type":"Feature","properties":{},"geometry":{"type":"Point","coordinates":[77.527191,12.919472]}},{"type":"Feature","properties":{},"geometry":{"type":"Point","coordinates":[77.52575,12.92122]}},{"type":"Feature","properties":{},"geometry":{"type":"Point","coordinates":[77.525753,12.927183]}},{"type":"Feature","properties":{},"geometry":{"type":"Point","coordinates":[77.52572,12.92221]}},{"type":"Feature","properties":{},"geometry":{"type":"Point","coordinates":[77.515221,12.921449]}},{"type":"Feature","properties":{},"geometry":{"type":"Point","coordinates":[77.515721,12.903702]}},{"type":"Feature","properties":{},"geometry":{"type":"Point","coordinates":[77.513998,12.91941]}},{"type":"Feature","properties":{},"geometry":{"type":"Point","coordinates":[77.526293,12.91258]}},{"type":"Feature","properties":{},"geometry":{"type":"Point","coordinates":[77.52,12.932079]}},{"type":"Feature","properties":{},"geometry":{"type":"Point","coordinates":[77.524501,12.93164]}},{"type":"Feature","properties":{},"geometry":{"type":"Point","coordinates":[77.52561,12.930798]}},{"type":"Feature","properties":{},"geometry":{"type":"Point","coordinates":[77.509841,12.92745]}},{"type":"Feature","properties":{},"geometry":{"type":"Point","coordinates":[77.51294,12.92345]}},{"type":"Feature","properties":{},"geometry":{"type":"Point","coordinates":[77.514042,12.923001]}},{"type":"Feature","properties":{},"geometry":{"type":"Point","coordinates":[77.5165,12.90161]}},{"type":"Feature","properties":{},"geometry":{"type":"Point","coordinates":[77.526141,12.918031]}},{"type":"Feature","properties":{},"geometry":{"type":"Point","coordinates":[77.526332,12.92113]}},{"type":"Feature","properties":{},"geometry":{"type":"Point","coordinates":[77.560664,12.983401]}},{"type":"Feature","properties":{},"geometry":{"type":"Point","coordinates":[77.560181,12.983399]}},{"type":"Feature","properties":{},"geometry":{"type":"Point","coordinates":[77.558751,12.99088]}},{"type":"Feature","properties":{},"geometry":{"type":"Point","coordinates":[77.558139,12.99172]}},{"type":"Feature","properties":{},"geometry":{"type":"Point","coordinates":[77.55823,12.992611]}},{"type":"Feature","properties":{},"geometry":{"type":"Point","coordinates":[77.55941,12.990429]}},{"type":"Feature","properties":{},"geometry":{"type":"Point","coordinates":[77.561371,12.990331]}},{"type":"Feature","properties":{},"geometry":{"type":"Point","coordinates":[77.560279,12.9916]}},{"type":"Feature","properties":{},"geometry":{"type":"Point","coordinates":[77.56002,12.99122]}},{"type":"Feature","properties":{},"geometry":{"type":"Point","coordinates":[77.559841,12.99255]}},{"type":"Feature","properties":{},"geometry":{"type":"Point","coordinates":[77.55987,12.99371]}},{"type":"Feature","properties":{},"geometry":{"type":"Point","coordinates":[77.560019,12.994491]}},{"type":"Feature","properties":{},"geometry":{"type":"Point","coordinates":[77.558811,12.99465]}},{"type":"Feature","properties":{},"geometry":{"type":"Point","coordinates":[77.559221,12.9952]}},{"type":"Feature","properties":{},"geometry":{"type":"Point","coordinates":[77.559069,12.9958]}},{"type":"Feature","properties":{},"geometry":{"type":"Point","coordinates":[77.558751,12.996511]}},{"type":"Feature","properties":{},"geometry":{"type":"Point","coordinates":[77.558741,12.997559]}},{"type":"Feature","properties":{},"geometry":{"type":"Point","coordinates":[77.559191,12.99734]}},{"type":"Feature","properties":{},"geometry":{"type":"Point","coordinates":[77.55842,12.995741]}},{"type":"Feature","properties":{},"geometry":{"type":"Point","coordinates":[77.557681,12.99581]}},{"type":"Feature","properties":{},"geometry":{"type":"Point","coordinates":[77.55768,12.99677]}},{"type":"Feature","properties":{},"geometry":{"type":"Point","coordinates":[77.5572,12.99555]}},{"type":"Feature","properties":{},"geometry":{"type":"Point","coordinates":[77.557641,12.99802]}},{"type":"Feature","properties":{},"geometry":{"type":"Point","coordinates":[77.555421,12.99556]}},{"type":"Feature","properties":{},"geometry":{"type":"Point","coordinates":[77.557649,12.99412]}},{"type":"Feature","properties":{},"geometry":{"type":"Point","coordinates":[77.5559,12.9942]}},{"type":"Feature","properties":{},"geometry":{"type":"Point","coordinates":[77.555021,12.98669]}},{"type":"Feature","properties":{},"geometry":{"type":"Point","coordinates":[77.555161,12.98525]}},{"type":"Feature","properties":{},"geometry":{"type":"Point","coordinates":[77.55441,12.98402]}},{"type":"Feature","properties":{},"geometry":{"type":"Point","coordinates":[77.55571,12.9847]}},{"type":"Feature","properties":{},"geometry":{"type":"Point","coordinates":[77.55561,12.983641]}},{"type":"Feature","properties":{},"geometry":{"type":"Point","coordinates":[77.554941,12.983481]}},{"type":"Feature","properties":{},"geometry":{"type":"Point","coordinates":[77.554871,12.983]}},{"type":"Feature","properties":{},"geometry":{"type":"Point","coordinates":[77.55461,12.98727]}},{"type":"Feature","properties":{},"geometry":{"type":"Point","coordinates":[77.554612,12.98217]}},{"type":"Feature","properties":{},"geometry":{"type":"Point","coordinates":[77.554651,12.98115]}},{"type":"Feature","properties":{},"geometry":{"type":"Point","coordinates":[77.551568,12.981571]}},{"type":"Feature","properties":{},"geometry":{"type":"Point","coordinates":[77.554299,12.980381]}},{"type":"Feature","properties":{},"geometry":{"type":"Point","coordinates":[77.552841,12.980339]}},{"type":"Feature","properties":{},"geometry":{"type":"Point","coordinates":[77.551741,12.98239]}},{"type":"Feature","properties":{},"geometry":{"type":"Point","coordinates":[77.551681,12.981681]}},{"type":"Feature","properties":{},"geometry":{"type":"Point","coordinates":[77.55015,12.98164]}},{"type":"Feature","properties":{},"geometry":{"type":"Point","coordinates":[77.55482,12.97781]}},{"type":"Feature","properties":{},"geometry":{"type":"Point","coordinates":[77.55682,12.979351]}},{"type":"Feature","properties":{},"geometry":{"type":"Point","coordinates":[77.55717,12.97961]}},{"type":"Feature","properties":{},"geometry":{"type":"Point","coordinates":[77.557441,12.97981]}},{"type":"Feature","properties":{},"geometry":{"type":"Point","coordinates":[77.55784,12.98021]}},{"type":"Feature","properties":{},"geometry":{"type":"Point","coordinates":[77.55861,12.97961]}},{"type":"Feature","properties":{},"geometry":{"type":"Point","coordinates":[77.5605,12.98225]}},{"type":"Feature","properties":{},"geometry":{"type":"Point","coordinates":[77.55628,12.98281]}},{"type":"Feature","properties":{},"geometry":{"type":"Point","coordinates":[77.556471,12.98292]}},{"type":"Feature","properties":{},"geometry":{"type":"Point","coordinates":[77.55867,12.98401]}},{"type":"Feature","properties":{},"geometry":{"type":"Point","coordinates":[77.55867,12.98588]}},{"type":"Feature","properties":{},"geometry":{"type":"Point","coordinates":[77.55853,12.987801]}},{"type":"Feature","properties":{},"geometry":{"type":"Point","coordinates":[77.55797,12.98959]}},{"type":"Feature","properties":{},"geometry":{"type":"Point","coordinates":[77.55709,12.98836]}},{"type":"Feature","properties":{},"geometry":{"type":"Point","coordinates":[77.557379,12.98866]}},{"type":"Feature","properties":{},"geometry":{"type":"Point","coordinates":[77.55741,12.98939]}},{"type":"Feature","properties":{},"geometry":{"type":"Point","coordinates":[77.556721,12.98928]}},{"type":"Feature","properties":{},"geometry":{"type":"Point","coordinates":[77.55576,12.98897]}},{"type":"Feature","properties":{},"geometry":{"type":"Point","coordinates":[77.55712,12.98641]}},{"type":"Feature","properties":{},"geometry":{"type":"Point","coordinates":[77.55795,12.98517]}},{"type":"Feature","properties":{},"geometry":{"type":"Point","coordinates":[77.517174,13.0391]}},{"type":"Feature","properties":{},"geometry":{"type":"Point","coordinates":[77.51415,13.037211]}},{"type":"Feature","properties":{},"geometry":{"type":"Point","coordinates":[77.516732,13.037491]}},{"type":"Feature","properties":{},"geometry":{"type":"Point","coordinates":[77.515888,13.042502]}},{"type":"Feature","properties":{},"geometry":{"type":"Point","coordinates":[77.516423,13.04042]}},{"type":"Feature","properties":{},"geometry":{"type":"Point","coordinates":[77.51608,13.040181]}},{"type":"Feature","properties":{},"geometry":{"type":"Point","coordinates":[77.51433,13.03901]}},{"type":"Feature","properties":{},"geometry":{"type":"Point","coordinates":[77.514999,13.039891]}},{"type":"Feature","properties":{},"geometry":{"type":"Point","coordinates":[77.51418,13.036041]}},{"type":"Feature","properties":{},"geometry":{"type":"Point","coordinates":[77.51541,13.036562]}},{"type":"Feature","properties":{},"geometry":{"type":"Point","coordinates":[77.514916,13.028129]}},{"type":"Feature","properties":{},"geometry":{"type":"Point","coordinates":[77.509199,13.03739]}},{"type":"Feature","properties":{},"geometry":{"type":"Point","coordinates":[77.509149,13.038462]}},{"type":"Feature","properties":{},"geometry":{"type":"Point","coordinates":[77.509491,13.03938]}},{"type":"Feature","properties":{},"geometry":{"type":"Point","coordinates":[77.505341,13.04032]}},{"type":"Feature","properties":{},"geometry":{"type":"Point","coordinates":[77.508501,13.03999]}},{"type":"Feature","properties":{},"geometry":{"type":"Point","coordinates":[77.505931,13.043051]}},{"type":"Feature","properties":{},"geometry":{"type":"Point","coordinates":[77.506611,13.04394]}},{"type":"Feature","properties":{},"geometry":{"type":"Point","coordinates":[77.507271,13.043001]}},{"type":"Feature","properties":{},"geometry":{"type":"Point","coordinates":[77.507939,13.043281]}},{"type":"Feature","properties":{},"geometry":{"type":"Point","coordinates":[77.507289,13.042891]}},{"type":"Feature","properties":{},"geometry":{"type":"Point","coordinates":[77.507584,13.042588]}},{"type":"Feature","properties":{},"geometry":{"type":"Point","coordinates":[77.517314,13.036235]}},{"type":"Feature","properties":{},"geometry":{"type":"Point","coordinates":[77.516633,13.040923]}},{"type":"Feature","properties":{},"geometry":{"type":"Point","coordinates":[77.515267,13.041158]}},{"type":"Feature","properties":{},"geometry":{"type":"Point","coordinates":[77.51411,13.040275]}},{"type":"Feature","properties":{},"geometry":{"type":"Point","coordinates":[77.509334,13.043175]}},{"type":"Feature","properties":{},"geometry":{"type":"Point","coordinates":[77.515977,13.037258]}},{"type":"Feature","properties":{},"geometry":{"type":"Point","coordinates":[77.509295,13.043276]}},{"type":"Feature","properties":{},"geometry":{"type":"Point","coordinates":[77.514011,13.038036]}},{"type":"Feature","properties":{},"geometry":{"type":"Point","coordinates":[77.515901,13.028839]}},{"type":"Feature","properties":{},"geometry":{"type":"Point","coordinates":[77.515719,13.028129]}},{"type":"Feature","properties":{},"geometry":{"type":"Point","coordinates":[77.509841,13.043584]}},{"type":"Feature","properties":{},"geometry":{"type":"Point","coordinates":[77.5088,13.037297]}},{"type":"Feature","properties":{},"geometry":{"type":"Point","coordinates":[77.506069,13.042079]}},{"type":"Feature","properties":{},"geometry":{"type":"Point","coordinates":[77.510331,13.042727]}},{"type":"Feature","properties":{},"geometry":{"type":"Point","coordinates":[77.50551,13.043402]}},{"type":"Feature","properties":{},"geometry":{"type":"Point","coordinates":[77.51271,13.042008]}},{"type":"Feature","properties":{},"geometry":{"type":"Point","coordinates":[77.512971,13.042119]}},{"type":"Feature","properties":{},"geometry":{"type":"Point","coordinates":[77.508732,13.042151]}},{"type":"Feature","properties":{},"geometry":{"type":"Point","coordinates":[77.512161,13.042419]}},{"type":"Feature","properties":{},"geometry":{"type":"Point","coordinates":[77.511179,13.043218]}},{"type":"Feature","properties":{},"geometry":{"type":"Point","coordinates":[77.506778,13.042109]}},{"type":"Feature","properties":{},"geometry":{"type":"Point","coordinates":[77.504501,13.043149]}},{"type":"Feature","properties":{},"geometry":{"type":"Point","coordinates":[77.50186,13.044145]}},{"type":"Feature","properties":{},"geometry":{"type":"Point","coordinates":[77.502782,13.044776]}},{"type":"Feature","properties":{},"geometry":{"type":"Point","coordinates":[77.501298,13.044604]}},{"type":"Feature","properties":{},"geometry":{"type":"Point","coordinates":[77.499042,13.046339]}},{"type":"Feature","properties":{},"geometry":{"type":"Point","coordinates":[77.498761,13.047031]}},{"type":"Feature","properties":{},"geometry":{"type":"Point","coordinates":[77.495422,13.046271]}},{"type":"Feature","properties":{},"geometry":{"type":"Point","coordinates":[77.495045,13.045214]}},{"type":"Feature","properties":{},"geometry":{"type":"Point","coordinates":[77.49707,13.04544]}},{"type":"Feature","properties":{},"geometry":{"type":"Point","coordinates":[77.501091,13.0427]}},{"type":"Feature","properties":{},"geometry":{"type":"Point","coordinates":[77.504,13.04195]}},{"type":"Feature","properties":{},"geometry":{"type":"Point","coordinates":[77.50161,13.0418]}},{"type":"Feature","properties":{},"geometry":{"type":"Point","coordinates":[77.50463,13.04216]}},{"type":"Feature","properties":{},"geometry":{"type":"Point","coordinates":[77.50228,13.04403]}},{"type":"Feature","properties":{},"geometry":{"type":"Point","coordinates":[77.50463,13.04156]}},{"type":"Feature","properties":{},"geometry":{"type":"Point","coordinates":[77.5034,13.04135]}},{"type":"Feature","properties":{},"geometry":{"type":"Point","coordinates":[77.50325,13.04107]}},{"type":"Feature","properties":{},"geometry":{"type":"Point","coordinates":[77.50214,13.04092]}},{"type":"Feature","properties":{},"geometry":{"type":"Point","coordinates":[77.50311,13.04061]}},{"type":"Feature","properties":{},"geometry":{"type":"Point","coordinates":[77.50378,13.04094]}},{"type":"Feature","properties":{},"geometry":{"type":"Point","coordinates":[77.50324,13.04169]}},{"type":"Feature","properties":{},"geometry":{"type":"Point","coordinates":[77.50433,13.03921]}},{"type":"Feature","properties":{},"geometry":{"type":"Point","coordinates":[77.50404,13.03951]}},{"type":"Feature","properties":{},"geometry":{"type":"Point","coordinates":[77.50004,13.03975]}},{"type":"Feature","properties":{},"geometry":{"type":"Point","coordinates":[77.49962,13.04055]}},{"type":"Feature","properties":{},"geometry":{"type":"Point","coordinates":[77.49795,13.04107]}},{"type":"Feature","properties":{},"geometry":{"type":"Point","coordinates":[77.49904,13.0396]}},{"type":"Feature","properties":{},"geometry":{"type":"Point","coordinates":[77.49925,13.03978]}},{"type":"Feature","properties":{},"geometry":{"type":"Point","coordinates":[77.49929,13.03957]}},{"type":"Feature","properties":{},"geometry":{"type":"Point","coordinates":[77.49804,13.03845]}},{"type":"Feature","properties":{},"geometry":{"type":"Point","coordinates":[77.50184,13.03624]}},{"type":"Feature","properties":{},"geometry":{"type":"Point","coordinates":[77.50215,13.03782]}},{"type":"Feature","properties":{},"geometry":{"type":"Point","coordinates":[77.51597,13.03773]}},{"type":"Feature","properties":{},"geometry":{"type":"Point","coordinates":[77.50185,13.03431]}},{"type":"Feature","properties":{},"geometry":{"type":"Point","coordinates":[77.501848,13.034301]}},{"type":"Feature","properties":{},"geometry":{"type":"Point","coordinates":[77.50065,13.03842]}},{"type":"Feature","properties":{},"geometry":{"type":"Point","coordinates":[77.50282,13.03683]}},{"type":"Feature","properties":{},"geometry":{"type":"Point","coordinates":[77.50344,13.03322]}},{"type":"Feature","properties":{},"geometry":{"type":"Point","coordinates":[77.50314,13.03422]}},{"type":"Feature","properties":{},"geometry":{"type":"Point","coordinates":[77.5043,13.03605]}},{"type":"Feature","properties":{},"geometry":{"type":"Point","coordinates":[77.504212,13.03605]}},{"type":"Feature","properties":{},"geometry":{"type":"Point","coordinates":[77.504139,13.033539]}},{"type":"Feature","properties":{},"geometry":{"type":"Point","coordinates":[77.50239,13.03334]}},{"type":"Feature","properties":{},"geometry":{"type":"Point","coordinates":[77.498931,13.03393]}},{"type":"Feature","properties":{},"geometry":{"type":"Point","coordinates":[77.49963,13.03241]}},{"type":"Feature","properties":{},"geometry":{"type":"Point","coordinates":[77.498769,13.03265]}},{"type":"Feature","properties":{},"geometry":{"type":"Point","coordinates":[77.499121,13.03212]}},{"type":"Feature","properties":{},"geometry":{"type":"Point","coordinates":[77.49822,13.03004]}},{"type":"Feature","properties":{},"geometry":{"type":"Point","coordinates":[77.499251,13.02993]}},{"type":"Feature","properties":{},"geometry":{"type":"Point","coordinates":[77.499902,13.03024]}},{"type":"Feature","properties":{},"geometry":{"type":"Point","coordinates":[77.50054,13.030092]}},{"type":"Feature","properties":{},"geometry":{"type":"Point","coordinates":[77.505236,13.032232]}},{"type":"Feature","properties":{},"geometry":{"type":"Point","coordinates":[77.506484,13.032108]}},{"type":"Feature","properties":{},"geometry":{"type":"Point","coordinates":[77.507599,13.031861]}},{"type":"Feature","properties":{},"geometry":{"type":"Point","coordinates":[77.507871,13.033672]}},{"type":"Feature","properties":{},"geometry":{"type":"Point","coordinates":[77.507961,13.032172]}},{"type":"Feature","properties":{},"geometry":{"type":"Point","coordinates":[77.508061,13.032539]}},{"type":"Feature","properties":{},"geometry":{"type":"Point","coordinates":[77.50745,13.03493]}},{"type":"Feature","properties":{},"geometry":{"type":"Point","coordinates":[77.50725,13.03528]}},{"type":"Feature","properties":{},"geometry":{"type":"Point","coordinates":[77.50659,13.03662]}},{"type":"Feature","properties":{},"geometry":{"type":"Point","coordinates":[77.50679,13.03688]}},{"type":"Feature","properties":{},"geometry":{"type":"Point","coordinates":[77.50972,13.03401]}},{"type":"Feature","properties":{},"geometry":{"type":"Point","coordinates":[77.51493,13.03709]}},{"type":"Feature","properties":{},"geometry":{"type":"Point","coordinates":[77.50326,13.04036]}},{"type":"Feature","properties":{},"geometry":{"type":"Point","coordinates":[77.51,13.04251]}},{"type":"Feature","properties":{},"geometry":{"type":"Point","coordinates":[77.51731,13.03981]}},{"type":"Feature","properties":{},"geometry":{"type":"Point","coordinates":[77.50998,13.03729]}},{"type":"Feature","properties":{},"geometry":{"type":"Point","coordinates":[77.50731,13.03762]}},{"type":"Feature","properties":{},"geometry":{"type":"Point","coordinates":[77.49863,13.04538]}},{"type":"Feature","properties":{},"geometry":{"type":"Point","coordinates":[77.50546,13.04215]}},{"type":"Feature","properties":{},"geometry":{"type":"Point","coordinates":[77.5013,13.04389]}},{"type":"Feature","properties":{},"geometry":{"type":"Point","coordinates":[77.51633,13.03876]}},{"type":"Feature","properties":{},"geometry":{"type":"Point","coordinates":[77.49845,13.03577]}},{"type":"Feature","properties":{},"geometry":{"type":"Point","coordinates":[77.51444,13.04096]}},{"type":"Feature","properties":{},"geometry":{"type":"Point","coordinates":[77.51589,13.0405]}},{"type":"Feature","properties":{},"geometry":{"type":"Point","coordinates":[77.573379,12.854961]}},{"type":"Feature","properties":{},"geometry":{"type":"Point","coordinates":[77.569193,12.856563]}},{"type":"Feature","properties":{},"geometry":{"type":"Point","coordinates":[77.555969,12.857218]}},{"type":"Feature","properties":{},"geometry":{"type":"Point","coordinates":[77.553766,12.859972]}},{"type":"Feature","properties":{},"geometry":{"type":"Point","coordinates":[77.562766,12.861019]}},{"type":"Feature","properties":{},"geometry":{"type":"Point","coordinates":[77.558771,12.862478]}},{"type":"Feature","properties":{},"geometry":{"type":"Point","coordinates":[77.55914,12.865283]}},{"type":"Feature","properties":{},"geometry":{"type":"Point","coordinates":[77.559318,12.868103]}},{"type":"Feature","properties":{},"geometry":{"type":"Point","coordinates":[77.577012,12.872512]}},{"type":"Feature","properties":{},"geometry":{"type":"Point","coordinates":[77.576789,12.878227]}},{"type":"Feature","properties":{},"geometry":{"type":"Point","coordinates":[77.5803,12.878372]}},{"type":"Feature","properties":{},"geometry":{"type":"Point","coordinates":[77.579568,12.878791]}},{"type":"Feature","properties":{},"geometry":{"type":"Point","coordinates":[77.576601,12.878833]}},{"type":"Feature","properties":{},"geometry":{"type":"Point","coordinates":[77.599949,12.878706]}},{"type":"Feature","properties":{},"geometry":{"type":"Point","coordinates":[77.581617,12.878989]}},{"type":"Feature","properties":{},"geometry":{"type":"Point","coordinates":[77.594372,12.878934]}},{"type":"Feature","properties":{},"geometry":{"type":"Point","coordinates":[77.57901,12.879129]}},{"type":"Feature","properties":{},"geometry":{"type":"Point","coordinates":[77.631368,12.878619]}},{"type":"Feature","properties":{},"geometry":{"type":"Point","coordinates":[77.610427,12.878947]}},{"type":"Feature","properties":{},"geometry":{"type":"Point","coordinates":[77.576487,12.879363]}},{"type":"Feature","properties":{},"geometry":{"type":"Point","coordinates":[77.616014,12.879027]}},{"type":"Feature","properties":{},"geometry":{"type":"Point","coordinates":[77.613077,12.879162]}},{"type":"Feature","properties":{},"geometry":{"type":"Point","coordinates":[77.581464,12.87968]}},{"type":"Feature","properties":{},"geometry":{"type":"Point","coordinates":[77.576069,12.880289]}},{"type":"Feature","properties":{},"geometry":{"type":"Point","coordinates":[77.601908,12.880558]}},{"type":"Feature","properties":{},"geometry":{"type":"Point","coordinates":[77.593166,12.880804]}},{"type":"Feature","properties":{},"geometry":{"type":"Point","coordinates":[77.586361,12.881063]}},{"type":"Feature","properties":{},"geometry":{"type":"Point","coordinates":[77.580912,12.881357]}},{"type":"Feature","properties":{},"geometry":{"type":"Point","coordinates":[77.615432,12.881294]}},{"type":"Feature","properties":{},"geometry":{"type":"Point","coordinates":[77.584244,12.882491]}},{"type":"Feature","properties":{},"geometry":{"type":"Point","coordinates":[77.596361,12.88275]}},{"type":"Feature","properties":{},"geometry":{"type":"Point","coordinates":[77.589507,12.883698]}},{"type":"Feature","properties":{},"geometry":{"type":"Point","coordinates":[77.594997,12.883681]}},{"type":"Feature","properties":{},"geometry":{"type":"Point","coordinates":[77.573508,12.883922]}},{"type":"Feature","properties":{},"geometry":{"type":"Point","coordinates":[77.587997,12.883901]}},{"type":"Feature","properties":{},"geometry":{"type":"Point","coordinates":[77.570842,12.884206]}},{"type":"Feature","properties":{},"geometry":{"type":"Point","coordinates":[77.593761,12.884011]}},{"type":"Feature","properties":{},"geometry":{"type":"Point","coordinates":[77.604923,12.884018]}},{"type":"Feature","properties":{},"geometry":{"type":"Point","coordinates":[77.570238,12.884365]}},{"type":"Feature","properties":{},"geometry":{"type":"Point","coordinates":[77.572077,12.884316]}},{"type":"Feature","properties":{},"geometry":{"type":"Point","coordinates":[77.59633,12.884131]}},{"type":"Feature","properties":{},"geometry":{"type":"Point","coordinates":[77.597119,12.884181]}},{"type":"Feature","properties":{},"geometry":{"type":"Point","coordinates":[77.588989,12.884515]}},{"type":"Feature","properties":{},"geometry":{"type":"Point","coordinates":[77.602887,12.884742]}},{"type":"Feature","properties":{},"geometry":{"type":"Point","coordinates":[77.587583,12.885129]}},{"type":"Feature","properties":{},"geometry":{"type":"Point","coordinates":[77.587396,12.888075]}},{"type":"Feature","properties":{},"geometry":{"type":"Point","coordinates":[77.607651,12.885301]}},{"type":"Feature","properties":{},"geometry":{"type":"Point","coordinates":[77.582134,12.885811]}},{"type":"Feature","properties":{},"geometry":{"type":"Point","coordinates":[77.569765,12.886274]}},{"type":"Feature","properties":{},"geometry":{"type":"Point","coordinates":[77.595399,12.886265]}},{"type":"Feature","properties":{},"geometry":{"type":"Point","coordinates":[77.579632,12.886481]}},{"type":"Feature","properties":{},"geometry":{"type":"Point","coordinates":[77.570743,12.886579]}},{"type":"Feature","properties":{},"geometry":{"type":"Point","coordinates":[77.594467,12.886346]}},{"type":"Feature","properties":{},"geometry":{"type":"Point","coordinates":[77.584866,12.886457]}},{"type":"Feature","properties":{},"geometry":{"type":"Point","coordinates":[77.599812,12.886659]}},{"type":"Feature","properties":{},"geometry":{"type":"Point","coordinates":[77.5834,12.887276]}},{"type":"Feature","properties":{},"geometry":{"type":"Point","coordinates":[77.570854,12.887813]}},{"type":"Feature","properties":{},"geometry":{"type":"Point","coordinates":[77.577928,12.888177]}},{"type":"Feature","properties":{},"geometry":{"type":"Point","coordinates":[77.61242,12.888142]}},{"type":"Feature","properties":{},"geometry":{"type":"Point","coordinates":[77.563792,12.888767]}},{"type":"Feature","properties":{},"geometry":{"type":"Point","coordinates":[77.577716,12.888959]}},{"type":"Feature","properties":{},"geometry":{"type":"Point","coordinates":[77.579159,12.888957]}},{"type":"Feature","properties":{},"geometry":{"type":"Point","coordinates":[77.570374,12.8892]}},{"type":"Feature","properties":{},"geometry":{"type":"Point","coordinates":[77.573221,12.889243]}},{"type":"Feature","properties":{},"geometry":{"type":"Point","coordinates":[77.571597,12.889277]}},{"type":"Feature","properties":{},"geometry":{"type":"Point","coordinates":[77.58196,12.889181]}},{"type":"Feature","properties":{},"geometry":{"type":"Point","coordinates":[77.597016,12.889042]}},{"type":"Feature","properties":{},"geometry":{"type":"Point","coordinates":[77.610808,12.888971]}},{"type":"Feature","properties":{},"geometry":{"type":"Point","coordinates":[77.570101,12.889794]}},{"type":"Feature","properties":{},"geometry":{"type":"Point","coordinates":[77.572763,12.889823]}},{"type":"Feature","properties":{},"geometry":{"type":"Point","coordinates":[77.576737,12.890084]}},{"type":"Feature","properties":{},"geometry":{"type":"Point","coordinates":[77.56421,12.890576]}},{"type":"Feature","properties":{},"geometry":{"type":"Point","coordinates":[77.623914,12.890143]}},{"type":"Feature","properties":{},"geometry":{"type":"Point","coordinates":[77.57197,12.890848]}},{"type":"Feature","properties":{},"geometry":{"type":"Point","coordinates":[77.572077,12.891533]}},{"type":"Feature","properties":{},"geometry":{"type":"Point","coordinates":[77.574947,12.891569]}},{"type":"Feature","properties":{},"geometry":{"type":"Point","coordinates":[77.578481,12.891713]}},{"type":"Feature","properties":{},"geometry":{"type":"Point","coordinates":[77.572526,12.891912]}},{"type":"Feature","properties":{},"geometry":{"type":"Point","coordinates":[77.571497,12.892562]}},{"type":"Feature","properties":{},"geometry":{"type":"Point","coordinates":[77.575104,12.89261]}},{"type":"Feature","properties":{},"geometry":{"type":"Point","coordinates":[77.57765,12.892616]}},{"type":"Feature","properties":{},"geometry":{"type":"Point","coordinates":[77.567194,12.892974]}},{"type":"Feature","properties":{},"geometry":{"type":"Point","coordinates":[77.571802,12.893049]}},{"type":"Feature","properties":{},"geometry":{"type":"Point","coordinates":[77.572086,12.893176]}},{"type":"Feature","properties":{},"geometry":{"type":"Point","coordinates":[77.623648,12.892949]}},{"type":"Feature","properties":{},"geometry":{"type":"Point","coordinates":[77.575508,12.893496]}},{"type":"Feature","properties":{},"geometry":{"type":"Point","coordinates":[77.627562,12.893347]}},{"type":"Feature","properties":{},"geometry":{"type":"Point","coordinates":[77.626828,12.893364]}},{"type":"Feature","properties":{},"geometry":{"type":"Point","coordinates":[77.625927,12.893393]}},{"type":"Feature","properties":{},"geometry":{"type":"Point","coordinates":[77.634687,12.893378]}},{"type":"Feature","properties":{},"geometry":{"type":"Point","coordinates":[77.635785,12.893438]}},{"type":"Feature","properties":{},"geometry":{"type":"Point","coordinates":[77.628756,12.893603]}},{"type":"Feature","properties":{},"geometry":{"type":"Point","coordinates":[77.578134,12.894156]}},{"type":"Feature","properties":{},"geometry":{"type":"Point","coordinates":[77.609874,12.893869]}},{"type":"Feature","properties":{},"geometry":{"type":"Point","coordinates":[77.624647,12.893987]}},{"type":"Feature","properties":{},"geometry":{"type":"Point","coordinates":[77.630945,12.893943]}},{"type":"Feature","properties":{},"geometry":{"type":"Point","coordinates":[77.636895,12.893884]}},{"type":"Feature","properties":{},"geometry":{"type":"Point","coordinates":[77.620124,12.894086]}},{"type":"Feature","properties":{},"geometry":{"type":"Point","coordinates":[77.62515,12.894381]}},{"type":"Feature","properties":{},"geometry":{"type":"Point","coordinates":[77.627718,12.894421]}},{"type":"Feature","properties":{},"geometry":{"type":"Point","coordinates":[77.61699,12.894599]}},{"type":"Feature","properties":{},"geometry":{"type":"Point","coordinates":[77.622342,12.894559]}},{"type":"Feature","properties":{},"geometry":{"type":"Point","coordinates":[77.625877,12.89458]}},{"type":"Feature","properties":{},"geometry":{"type":"Point","coordinates":[77.628671,12.895211]}},{"type":"Feature","properties":{},"geometry":{"type":"Point","coordinates":[77.608538,12.895908]}},{"type":"Feature","properties":{},"geometry":{"type":"Point","coordinates":[77.622368,12.89593]}},{"type":"Feature","properties":{},"geometry":{"type":"Point","coordinates":[77.62598,12.896063]}},{"type":"Feature","properties":{},"geometry":{"type":"Point","coordinates":[77.626086,12.89614]}},{"type":"Feature","properties":{},"geometry":{"type":"Point","coordinates":[77.625984,12.89642]}},{"type":"Feature","properties":{},"geometry":{"type":"Point","coordinates":[77.607465,12.896649]}},{"type":"Feature","properties":{},"geometry":{"type":"Point","coordinates":[77.628934,12.896502]}},{"type":"Feature","properties":{},"geometry":{"type":"Point","coordinates":[77.624734,12.896617]}},{"type":"Feature","properties":{},"geometry":{"type":"Point","coordinates":[77.623395,12.896651]}},{"type":"Feature","properties":{},"geometry":{"type":"Point","coordinates":[77.62497,12.896738]}},{"type":"Feature","properties":{},"geometry":{"type":"Point","coordinates":[77.621374,12.897395]}},{"type":"Feature","properties":{},"geometry":{"type":"Point","coordinates":[77.605777,12.898327]}},{"type":"Feature","properties":{},"geometry":{"type":"Point","coordinates":[77.621793,12.89861]}},{"type":"Feature","properties":{},"geometry":{"type":"Point","coordinates":[77.601199,12.899209]}},{"type":"Feature","properties":{},"geometry":{"type":"Point","coordinates":[77.628782,12.89894]}},{"type":"Feature","properties":{},"geometry":{"type":"Point","coordinates":[77.604938,12.89962]}},{"type":"Feature","properties":{},"geometry":{"type":"Point","coordinates":[77.629381,12.899842]}},{"type":"Feature","properties":{},"geometry":{"type":"Point","coordinates":[77.627121,12.89995]}},{"type":"Feature","properties":{},"geometry":{"type":"Point","coordinates":[77.603776,12.900435]}},{"type":"Feature","properties":{},"geometry":{"type":"Point","coordinates":[77.603113,12.901028]}},{"type":"Feature","properties":{},"geometry":{"type":"Point","coordinates":[77.618683,12.90096]}},{"type":"Feature","properties":{},"geometry":{"type":"Point","coordinates":[77.623052,12.901097]}},{"type":"Feature","properties":{},"geometry":{"type":"Point","coordinates":[77.624861,12.901292]}},{"type":"Feature","properties":{},"geometry":{"type":"Point","coordinates":[77.625396,12.901286]}},{"type":"Feature","properties":{},"geometry":{"type":"Point","coordinates":[77.602354,12.901621]}},{"type":"Feature","properties":{},"geometry":{"type":"Point","coordinates":[77.627178,12.902748]}},{"type":"Feature","properties":{},"geometry":{"type":"Point","coordinates":[77.624058,12.902892]}},{"type":"Feature","properties":{},"geometry":{"type":"Point","coordinates":[77.619843,12.903099]}},{"type":"Feature","properties":{},"geometry":{"type":"Point","coordinates":[77.62476,12.903205]}},{"type":"Feature","properties":{},"geometry":{"type":"Point","coordinates":[77.630963,12.903498]}},{"type":"Feature","properties":{},"geometry":{"type":"Point","coordinates":[77.626484,12.904182]}},{"type":"Feature","properties":{},"geometry":{"type":"Point","coordinates":[77.630444,12.904279]}},{"type":"Feature","properties":{},"geometry":{"type":"Point","coordinates":[77.62026,12.904814]}},{"type":"Feature","properties":{},"geometry":{"type":"Point","coordinates":[77.625444,12.905271]}},{"type":"Feature","properties":{},"geometry":{"type":"Point","coordinates":[77.621897,12.905901]}},{"type":"Feature","properties":{},"geometry":{"type":"Point","coordinates":[77.621522,12.90644]}},{"type":"Feature","properties":{},"geometry":{"type":"Point","coordinates":[77.625936,12.90673]}},{"type":"Feature","properties":{},"geometry":{"type":"Point","coordinates":[77.624648,12.906842]}},{"type":"Feature","properties":{},"geometry":{"type":"Point","coordinates":[77.622281,12.907457]}},{"type":"Feature","properties":{},"geometry":{"type":"Point","coordinates":[77.624713,12.907657]}},{"type":"Feature","properties":{},"geometry":{"type":"Point","coordinates":[77.628342,12.907724]}},{"type":"Feature","properties":{},"geometry":{"type":"Point","coordinates":[77.622284,12.909279]}},{"type":"Feature","properties":{},"geometry":{"type":"Point","coordinates":[77.624373,12.909555]}},{"type":"Feature","properties":{},"geometry":{"type":"Point","coordinates":[77.626961,12.909972]}},{"type":"Feature","properties":{},"geometry":{"type":"Point","coordinates":[77.626629,12.910352]}},{"type":"Feature","properties":{},"geometry":{"type":"Point","coordinates":[77.626419,12.910874]}},{"type":"Feature","properties":{},"geometry":{"type":"Point","coordinates":[77.624159,12.910951]}},{"type":"Feature","properties":{},"geometry":{"type":"Point","coordinates":[77.622913,12.91224]}},{"type":"Feature","properties":{},"geometry":{"type":"Point","coordinates":[77.624392,12.914153]}},{"type":"Feature","properties":{},"geometry":{"type":"Point","coordinates":[77.549476,12.915095]}},{"type":"Feature","properties":{},"geometry":{"type":"Point","coordinates":[77.571015,12.907173]}},{"type":"Feature","properties":{},"geometry":{"type":"Point","coordinates":[77.57062,12.906894]}},{"type":"Feature","properties":{},"geometry":{"type":"Point","coordinates":[77.572192,12.906312]}},{"type":"Feature","properties":{},"geometry":{"type":"Point","coordinates":[77.571961,12.906516]}},{"type":"Feature","properties":{},"geometry":{"type":"Point","coordinates":[77.570799,12.905008]}},{"type":"Feature","properties":{},"geometry":{"type":"Point","coordinates":[77.570666,12.905153]}},{"type":"Feature","properties":{},"geometry":{"type":"Point","coordinates":[77.569161,12.90557]}},{"type":"Feature","properties":{},"geometry":{"type":"Point","coordinates":[77.569425,12.905362]}},{"type":"Feature","properties":{},"geometry":{"type":"Point","coordinates":[77.569518,12.905135]}},{"type":"Feature","properties":{},"geometry":{"type":"Point","coordinates":[77.568642,12.906259]}},{"type":"Feature","properties":{},"geometry":{"type":"Point","coordinates":[77.568808,12.905481]}},{"type":"Feature","properties":{},"geometry":{"type":"Point","coordinates":[77.569753,12.907192]}},{"type":"Feature","properties":{},"geometry":{"type":"Point","coordinates":[77.569771,12.907551]}},{"type":"Feature","properties":{},"geometry":{"type":"Point","coordinates":[77.569281,12.906524]}},{"type":"Feature","properties":{},"geometry":{"type":"Point","coordinates":[77.567881,12.906252]}},{"type":"Feature","properties":{},"geometry":{"type":"Point","coordinates":[77.567765,12.90447]}},{"type":"Feature","properties":{},"geometry":{"type":"Point","coordinates":[77.567067,12.904704]}},{"type":"Feature","properties":{},"geometry":{"type":"Point","coordinates":[77.567732,12.903518]}},{"type":"Feature","properties":{},"geometry":{"type":"Point","coordinates":[77.568725,12.90353]}},{"type":"Feature","properties":{},"geometry":{"type":"Point","coordinates":[77.567954,12.901758]}},{"type":"Feature","properties":{},"geometry":{"type":"Point","coordinates":[77.568262,12.901696]}},{"type":"Feature","properties":{},"geometry":{"type":"Point","coordinates":[77.568547,12.900785]}},{"type":"Feature","properties":{},"geometry":{"type":"Point","coordinates":[77.567442,12.9002]}},{"type":"Feature","properties":{},"geometry":{"type":"Point","coordinates":[77.567326,12.900382]}},{"type":"Feature","properties":{},"geometry":{"type":"Point","coordinates":[77.565337,12.900691]}},{"type":"Feature","properties":{},"geometry":{"type":"Point","coordinates":[77.565026,12.900804]}},{"type":"Feature","properties":{},"geometry":{"type":"Point","coordinates":[77.56477,12.899565]}},{"type":"Feature","properties":{},"geometry":{"type":"Point","coordinates":[77.562942,12.899133]}},{"type":"Feature","properties":{},"geometry":{"type":"Point","coordinates":[77.565311,12.903177]}},{"type":"Feature","properties":{},"geometry":{"type":"Point","coordinates":[77.564524,12.898122]}},{"type":"Feature","properties":{},"geometry":{"type":"Point","coordinates":[77.564038,12.897375]}},{"type":"Feature","properties":{},"geometry":{"type":"Point","coordinates":[77.563507,12.896603]}},{"type":"Feature","properties":{},"geometry":{"type":"Point","coordinates":[77.565389,12.896888]}},{"type":"Feature","properties":{},"geometry":{"type":"Point","coordinates":[77.563508,12.894577]}},{"type":"Feature","properties":{},"geometry":{"type":"Point","coordinates":[77.5745,12.928308]}},{"type":"Feature","properties":{},"geometry":{"type":"Point","coordinates":[77.574746,12.928719]}},{"type":"Feature","properties":{},"geometry":{"type":"Point","coordinates":[77.573787,12.929444]}},{"type":"Feature","properties":{},"geometry":{"type":"Point","coordinates":[77.57372,12.929094]}},{"type":"Feature","properties":{},"geometry":{"type":"Point","coordinates":[77.570738,12.923895]}},{"type":"Feature","properties":{},"geometry":{"type":"Point","coordinates":[77.575024,12.92899]}},{"type":"Feature","properties":{},"geometry":{"type":"Point","coordinates":[77.569508,12.919231]}},{"type":"Feature","properties":{},"geometry":{"type":"Point","coordinates":[77.571313,12.92322]}},{"type":"Feature","properties":{},"geometry":{"type":"Point","coordinates":[77.575508,12.930215]}},{"type":"Feature","properties":{},"geometry":{"type":"Point","coordinates":[77.56891,12.916251]}},{"type":"Feature","properties":{},"geometry":{"type":"Point","coordinates":[77.569003,12.912237]}},{"type":"Feature","properties":{},"geometry":{"type":"Point","coordinates":[77.569974,12.911503]}},{"type":"Feature","properties":{},"geometry":{"type":"Point","coordinates":[77.569742,12.929354]}},{"type":"Feature","properties":{},"geometry":{"type":"Point","coordinates":[77.56952,12.926817]}},{"type":"Feature","properties":{},"geometry":{"type":"Point","coordinates":[77.557497,12.926397]}},{"type":"Feature","properties":{},"geometry":{"type":"Point","coordinates":[77.558359,12.927016]}},{"type":"Feature","properties":{},"geometry":{"type":"Point","coordinates":[77.561189,12.929625]}},{"type":"Feature","properties":{},"geometry":{"type":"Point","coordinates":[77.536395,12.927656]}},{"type":"Feature","properties":{},"geometry":{"type":"Point","coordinates":[77.540005,12.929946]}},{"type":"Feature","properties":{},"geometry":{"type":"Point","coordinates":[77.538077,12.927623]}},{"type":"Feature","properties":{},"geometry":{"type":"Point","coordinates":[77.537461,12.931022]}},{"type":"Feature","properties":{},"geometry":{"type":"Point","coordinates":[77.5408,12.927147]}},{"type":"Feature","properties":{},"geometry":{"type":"Point","coordinates":[77.540857,12.927141]}},{"type":"Feature","properties":{},"geometry":{"type":"Point","coordinates":[77.53846,12.9303]}},{"type":"Feature","properties":{},"geometry":{"type":"Point","coordinates":[77.538456,12.930365]}},{"type":"Feature","properties":{},"geometry":{"type":"Point","coordinates":[77.536809,12.934154]}},{"type":"Feature","properties":{},"geometry":{"type":"Point","coordinates":[77.539255,12.929867]}},{"type":"Feature","properties":{},"geometry":{"type":"Point","coordinates":[77.538185,12.929573]}},{"type":"Feature","properties":{},"geometry":{"type":"Point","coordinates":[77.536994,12.929137]}},{"type":"Feature","properties":{},"geometry":{"type":"Point","coordinates":[77.535638,12.921365]}},{"type":"Feature","properties":{},"geometry":{"type":"Point","coordinates":[77.535117,12.928752]}},{"type":"Feature","properties":{},"geometry":{"type":"Point","coordinates":[77.536295,12.9271]}},{"type":"Feature","properties":{},"geometry":{"type":"Point","coordinates":[77.538162,12.926407]}},{"type":"Feature","properties":{},"geometry":{"type":"Point","coordinates":[77.536834,12.927874]}},{"type":"Feature","properties":{},"geometry":{"type":"Point","coordinates":[77.53831,12.925701]}},{"type":"Feature","properties":{},"geometry":{"type":"Point","coordinates":[77.537811,12.92521]}},{"type":"Feature","properties":{},"geometry":{"type":"Point","coordinates":[77.537944,12.924578]}},{"type":"Feature","properties":{},"geometry":{"type":"Point","coordinates":[77.538947,12.928195]}},{"type":"Feature","properties":{},"geometry":{"type":"Point","coordinates":[77.539152,12.927887]}},{"type":"Feature","properties":{},"geometry":{"type":"Point","coordinates":[77.539484,12.927935]}},{"type":"Feature","properties":{},"geometry":{"type":"Point","coordinates":[77.539586,12.928688]}},{"type":"Feature","properties":{},"geometry":{"type":"Point","coordinates":[77.541113,12.926711]}},{"type":"Feature","properties":{},"geometry":{"type":"Point","coordinates":[77.575244,12.903275]}},{"type":"Feature","properties":{},"geometry":{"type":"Point","coordinates":[77.574512,12.897654]}},{"type":"Feature","properties":{},"geometry":{"type":"Point","coordinates":[77.578927,12.901941]}},{"type":"Feature","properties":{},"geometry":{"type":"Point","coordinates":[77.58041,12.901974]}},{"type":"Feature","properties":{},"geometry":{"type":"Point","coordinates":[77.574702,12.899579]}},{"type":"Feature","properties":{},"geometry":{"type":"Point","coordinates":[77.573601,12.897201]}},{"type":"Feature","properties":{},"geometry":{"type":"Point","coordinates":[77.576378,12.902325]}},{"type":"Feature","properties":{},"geometry":{"type":"Point","coordinates":[77.577166,12.903125]}},{"type":"Feature","properties":{},"geometry":{"type":"Point","coordinates":[77.573853,12.894991]}},{"type":"Feature","properties":{},"geometry":{"type":"Point","coordinates":[77.577151,12.900176]}},{"type":"Feature","properties":{},"geometry":{"type":"Point","coordinates":[77.571247,12.895634]}},{"type":"Feature","properties":{},"geometry":{"type":"Point","coordinates":[77.57396,12.900188]}},{"type":"Feature","properties":{},"geometry":{"type":"Point","coordinates":[77.576855,12.900668]}},{"type":"Feature","properties":{},"geometry":{"type":"Point","coordinates":[77.575221,12.897166]}},{"type":"Feature","properties":{},"geometry":{"type":"Point","coordinates":[77.575837,12.903333]}},{"type":"Feature","properties":{},"geometry":{"type":"Point","coordinates":[77.576934,12.901485]}},{"type":"Feature","properties":{},"geometry":{"type":"Point","coordinates":[77.576247,12.904026]}},{"type":"Feature","properties":{},"geometry":{"type":"Point","coordinates":[77.577031,12.902648]}},{"type":"Feature","properties":{},"geometry":{"type":"Point","coordinates":[77.570658,12.894218]}},{"type":"Feature","properties":{},"geometry":{"type":"Point","coordinates":[77.576127,12.898829]}},{"type":"Feature","properties":{},"geometry":{"type":"Point","coordinates":[77.575767,12.898947]}},{"type":"Feature","properties":{},"geometry":{"type":"Point","coordinates":[77.574,12.897932]}},{"type":"Feature","properties":{},"geometry":{"type":"Point","coordinates":[77.576978,12.905067]}},{"type":"Feature","properties":{},"geometry":{"type":"Point","coordinates":[77.574584,12.898612]}},{"type":"Feature","properties":{},"geometry":{"type":"Point","coordinates":[77.579576,12.901908]}},{"type":"Feature","properties":{},"geometry":{"type":"Point","coordinates":[77.574146,12.899098]}},{"type":"Feature","properties":{},"geometry":{"type":"Point","coordinates":[77.575372,12.904509]}},{"type":"Feature","properties":{},"geometry":{"type":"Point","coordinates":[77.571496,12.894624]}},{"type":"Feature","properties":{},"geometry":{"type":"Point","coordinates":[77.5753,12.90418]}},{"type":"Feature","properties":{},"geometry":{"type":"Point","coordinates":[77.572495,12.897123]}},{"type":"Feature","properties":{},"geometry":{"type":"Point","coordinates":[77.574978,12.900849]}},{"type":"Feature","properties":{},"geometry":{"type":"Point","coordinates":[77.576042,12.900876]}},{"type":"Feature","properties":{},"geometry":{"type":"Point","coordinates":[77.573742,12.895703]}},{"type":"Feature","properties":{},"geometry":{"type":"Point","coordinates":[77.577816,12.901522]}},{"type":"Feature","properties":{},"geometry":{"type":"Point","coordinates":[77.541727,12.924356]}},{"type":"Feature","properties":{},"geometry":{"type":"Point","coordinates":[77.541978,12.92514]}},{"type":"Feature","properties":{},"geometry":{"type":"Point","coordinates":[77.542756,12.924838]}},{"type":"Feature","properties":{},"geometry":{"type":"Point","coordinates":[77.542928,12.923041]}},{"type":"Feature","properties":{},"geometry":{"type":"Point","coordinates":[77.541953,12.922825]}},{"type":"Feature","properties":{},"geometry":{"type":"Point","coordinates":[77.539551,12.920563]}},{"type":"Feature","properties":{},"geometry":{"type":"Point","coordinates":[77.572086,12.886105]}},{"type":"Feature","properties":{},"geometry":{"type":"Point","coordinates":[77.570831,12.886385]}},{"type":"Feature","properties":{},"geometry":{"type":"Point","coordinates":[77.573299,12.884412]}},{"type":"Feature","properties":{},"geometry":{"type":"Point","coordinates":[77.572961,12.884175]}},{"type":"Feature","properties":{},"geometry":{"type":"Point","coordinates":[77.574055,12.884818]}},{"type":"Feature","properties":{},"geometry":{"type":"Point","coordinates":[77.574075,12.884712]}},{"type":"Feature","properties":{},"geometry":{"type":"Point","coordinates":[77.575651,12.884219]}},{"type":"Feature","properties":{},"geometry":{"type":"Point","coordinates":[77.575555,12.882902]}},{"type":"Feature","properties":{},"geometry":{"type":"Point","coordinates":[77.574595,12.884677]}},{"type":"Feature","properties":{},"geometry":{"type":"Point","coordinates":[77.573481,12.885628]}},{"type":"Feature","properties":{},"geometry":{"type":"Point","coordinates":[77.5738,12.885625]}},{"type":"Feature","properties":{},"geometry":{"type":"Point","coordinates":[77.573492,12.883327]}},{"type":"Feature","properties":{},"geometry":{"type":"Point","coordinates":[77.574041,12.883352]}},{"type":"Feature","properties":{},"geometry":{"type":"Point","coordinates":[77.57337,12.882987]}},{"type":"Feature","properties":{},"geometry":{"type":"Point","coordinates":[77.5733,12.887333]}},{"type":"Feature","properties":{},"geometry":{"type":"Point","coordinates":[77.574087,12.888067]}},{"type":"Feature","properties":{},"geometry":{"type":"Point","coordinates":[77.574453,12.89071]}},{"type":"Feature","properties":{},"geometry":{"type":"Point","coordinates":[77.575546,12.891499]}},{"type":"Feature","properties":{},"geometry":{"type":"Point","coordinates":[77.575523,12.894717]}},{"type":"Feature","properties":{},"geometry":{"type":"Point","coordinates":[77.573798,12.894424]}},{"type":"Feature","properties":{},"geometry":{"type":"Point","coordinates":[77.573029,12.894411]}},{"type":"Feature","properties":{},"geometry":{"type":"Point","coordinates":[77.573132,12.893183]}},{"type":"Feature","properties":{},"geometry":{"type":"Point","coordinates":[77.572763,12.89182]}},{"type":"Feature","properties":{},"geometry":{"type":"Point","coordinates":[77.573129,12.891786]}},{"type":"Feature","properties":{},"geometry":{"type":"Point","coordinates":[77.571977,12.891208]}},{"type":"Feature","properties":{},"geometry":{"type":"Point","coordinates":[77.572522,12.890733]}},{"type":"Feature","properties":{},"geometry":{"type":"Point","coordinates":[77.570089,12.890294]}},{"type":"Feature","properties":{},"geometry":{"type":"Point","coordinates":[77.569897,12.886769]}},{"type":"Feature","properties":{},"geometry":{"type":"Point","coordinates":[77.568733,12.888951]}},{"type":"Feature","properties":{},"geometry":{"type":"Point","coordinates":[77.57293,12.886703]}},{"type":"Feature","properties":{},"geometry":{"type":"Point","coordinates":[77.571031,12.885433]}},{"type":"Feature","properties":{},"geometry":{"type":"Point","coordinates":[77.582485,12.877664]}},{"type":"Feature","properties":{},"geometry":{"type":"Point","coordinates":[77.574633,12.883192]}},{"type":"Feature","properties":{},"geometry":{"type":"Point","coordinates":[77.571408,12.884092]}},{"type":"Feature","properties":{},"geometry":{"type":"Point","coordinates":[77.57723,12.893084]}},{"type":"Feature","properties":{},"geometry":{"type":"Point","coordinates":[77.576814,12.89242]}},{"type":"Feature","properties":{},"geometry":{"type":"Point","coordinates":[77.578114,12.876865]}},{"type":"Feature","properties":{},"geometry":{"type":"Point","coordinates":[77.582894,12.888987]}},{"type":"Feature","properties":{},"geometry":{"type":"Point","coordinates":[77.577361,12.876372]}},{"type":"Feature","properties":{},"geometry":{"type":"Point","coordinates":[77.578197,12.87905]}},{"type":"Feature","properties":{},"geometry":{"type":"Point","coordinates":[77.57919,12.877008]}},{"type":"Feature","properties":{},"geometry":{"type":"Point","coordinates":[77.578438,12.8758]}},{"type":"Feature","properties":{},"geometry":{"type":"Point","coordinates":[77.581008,12.882764]}},{"type":"Feature","properties":{},"geometry":{"type":"Point","coordinates":[77.584957,12.877909]}},{"type":"Feature","properties":{},"geometry":{"type":"Point","coordinates":[77.57286,12.89047]}},{"type":"Feature","properties":{},"geometry":{"type":"Point","coordinates":[77.589853,12.885423]}},{"type":"Feature","properties":{},"geometry":{"type":"Point","coordinates":[77.572689,12.883147]}},{"type":"Feature","properties":{},"geometry":{"type":"Point","coordinates":[77.56974,12.884776]}},{"type":"Feature","properties":{},"geometry":{"type":"Point","coordinates":[77.576543,12.879002]}},{"type":"Feature","properties":{},"geometry":{"type":"Point","coordinates":[77.581566,12.875439]}},{"type":"Feature","properties":{},"geometry":{"type":"Point","coordinates":[77.584485,12.880358]}},{"type":"Feature","properties":{},"geometry":{"type":"Point","coordinates":[77.574742,12.883589]}},{"type":"Feature","properties":{},"geometry":{"type":"Point","coordinates":[77.574633,12.908175]}},{"type":"Feature","properties":{},"geometry":{"type":"Point","coordinates":[77.586981,12.898882]}},{"type":"Feature","properties":{},"geometry":{"type":"Point","coordinates":[77.579781,12.89624]}},{"type":"Feature","properties":{},"geometry":{"type":"Point","coordinates":[77.5857,12.891679]}},{"type":"Feature","properties":{},"geometry":{"type":"Point","coordinates":[77.586186,12.900324]}},{"type":"Feature","properties":{},"geometry":{"type":"Point","coordinates":[77.586909,12.897038]}},{"type":"Feature","properties":{},"geometry":{"type":"Point","coordinates":[77.58282,12.897671]}},{"type":"Feature","properties":{},"geometry":{"type":"Point","coordinates":[77.590272,12.904569]}},{"type":"Feature","properties":{},"geometry":{"type":"Point","coordinates":[77.58992,12.903122]}},{"type":"Feature","properties":{},"geometry":{"type":"Point","coordinates":[77.586319,12.900543]}},{"type":"Feature","properties":{},"geometry":{"type":"Point","coordinates":[77.589353,12.904225]}},{"type":"Feature","properties":{},"geometry":{"type":"Point","coordinates":[77.583484,12.896602]}},{"type":"Feature","properties":{},"geometry":{"type":"Point","coordinates":[77.581128,12.895233]}},{"type":"Feature","properties":{},"geometry":{"type":"Point","coordinates":[77.584474,12.895824]}},{"type":"Feature","properties":{},"geometry":{"type":"Point","coordinates":[77.585024,12.902104]}},{"type":"Feature","properties":{},"geometry":{"type":"Point","coordinates":[77.588301,12.896042]}},{"type":"Feature","properties":{},"geometry":{"type":"Point","coordinates":[77.588306,12.903299]}},{"type":"Feature","properties":{},"geometry":{"type":"Point","coordinates":[77.58691,12.903056]}},{"type":"Feature","properties":{},"geometry":{"type":"Point","coordinates":[77.599634,12.900691]}},{"type":"Feature","properties":{},"geometry":{"type":"Point","coordinates":[77.585162,12.900159]}},{"type":"Feature","properties":{},"geometry":{"type":"Point","coordinates":[77.597875,12.900832]}},{"type":"Feature","properties":{},"geometry":{"type":"Point","coordinates":[77.59836,12.900022]}},{"type":"Feature","properties":{},"geometry":{"type":"Point","coordinates":[77.584477,12.898877]}},{"type":"Feature","properties":{},"geometry":{"type":"Point","coordinates":[77.595573,12.895369]}},{"type":"Feature","properties":{},"geometry":{"type":"Point","coordinates":[77.588607,12.899792]}},{"type":"Feature","properties":{},"geometry":{"type":"Point","coordinates":[77.587352,12.899819]}},{"type":"Feature","properties":{},"geometry":{"type":"Point","coordinates":[77.581046,12.896859]}},{"type":"Feature","properties":{},"geometry":{"type":"Point","coordinates":[77.586578,12.898182]}},{"type":"Feature","properties":{},"geometry":{"type":"Point","coordinates":[77.598498,12.900331]}},{"type":"Feature","properties":{},"geometry":{"type":"Point","coordinates":[77.596599,12.897107]}},{"type":"Feature","properties":{},"geometry":{"type":"Point","coordinates":[77.586022,12.897811]}},{"type":"Feature","properties":{},"geometry":{"type":"Point","coordinates":[77.584869,12.896709]}},{"type":"Feature","properties":{},"geometry":{"type":"Point","coordinates":[77.598412,12.89908]}},{"type":"Feature","properties":{},"geometry":{"type":"Point","coordinates":[77.583769,12.899553]}},{"type":"Feature","properties":{},"geometry":{"type":"Point","coordinates":[77.579975,12.896922]}},{"type":"Feature","properties":{},"geometry":{"type":"Point","coordinates":[77.595424,12.894519]}},{"type":"Feature","properties":{},"geometry":{"type":"Point","coordinates":[77.587675,12.903153]}},{"type":"Feature","properties":{},"geometry":{"type":"Point","coordinates":[77.584776,12.899627]}},{"type":"Feature","properties":{},"geometry":{"type":"Point","coordinates":[77.585673,12.89196]}},{"type":"Feature","properties":{},"geometry":{"type":"Point","coordinates":[77.596248,12.892135]}},{"type":"Feature","properties":{},"geometry":{"type":"Point","coordinates":[77.583775,12.893748]}},{"type":"Feature","properties":{},"geometry":{"type":"Point","coordinates":[77.583523,12.89454]}},{"type":"Feature","properties":{},"geometry":{"type":"Point","coordinates":[77.584509,12.901269]}},{"type":"Feature","properties":{},"geometry":{"type":"Point","coordinates":[77.588625,12.903201]}},{"type":"Feature","properties":{},"geometry":{"type":"Point","coordinates":[77.582746,12.8978]}},{"type":"Feature","properties":{},"geometry":{"type":"Point","coordinates":[77.583133,12.899106]}},{"type":"Feature","properties":{},"geometry":{"type":"Point","coordinates":[77.583092,12.900111]}},{"type":"Feature","properties":{},"geometry":{"type":"Point","coordinates":[77.58364,12.903621]}},{"type":"Feature","properties":{},"geometry":{"type":"Point","coordinates":[77.577711,12.903686]}},{"type":"Feature","properties":{},"geometry":{"type":"Point","coordinates":[77.568496,12.880675]}},{"type":"Feature","properties":{},"geometry":{"type":"Point","coordinates":[77.584838,12.876313]}},{"type":"Feature","properties":{},"geometry":{"type":"Point","coordinates":[77.583096,12.866843]}},{"type":"Feature","properties":{},"geometry":{"type":"Point","coordinates":[77.582244,12.873379]}},{"type":"Feature","properties":{},"geometry":{"type":"Point","coordinates":[77.580607,12.868315]}},{"type":"Feature","properties":{},"geometry":{"type":"Point","coordinates":[77.583281,12.870238]}},{"type":"Feature","properties":{},"geometry":{"type":"Point","coordinates":[77.583182,12.872563]}},{"type":"Feature","properties":{},"geometry":{"type":"Point","coordinates":[77.56925,12.90845]}},{"type":"Feature","properties":{},"geometry":{"type":"Point","coordinates":[77.567989,12.903092]}},{"type":"Feature","properties":{},"geometry":{"type":"Point","coordinates":[77.567595,12.906371]}},{"type":"Feature","properties":{},"geometry":{"type":"Point","coordinates":[77.542787,12.926256]}},{"type":"Feature","properties":{},"geometry":{"type":"Point","coordinates":[77.538591,12.925928]}},{"type":"Feature","properties":{},"geometry":{"type":"Point","coordinates":[77.538867,12.929144]}},{"type":"Feature","properties":{},"geometry":{"type":"Point","coordinates":[77.538247,12.926928]}},{"type":"Feature","properties":{},"geometry":{"type":"Point","coordinates":[77.541401,12.92842]}},{"type":"Feature","properties":{},"geometry":{"type":"Point","coordinates":[77.564724,12.903364]}},{"type":"Feature","properties":{},"geometry":{"type":"Point","coordinates":[77.564723,12.903716]}},{"type":"Feature","properties":{},"geometry":{"type":"Point","coordinates":[77.570381,12.901694]}},{"type":"Feature","properties":{},"geometry":{"type":"Point","coordinates":[77.570317,12.901565]}},{"type":"Feature","properties":{},"geometry":{"type":"Point","coordinates":[77.571778,12.900737]}},{"type":"Feature","properties":{},"geometry":{"type":"Point","coordinates":[77.570396,12.899883]}},{"type":"Feature","properties":{},"geometry":{"type":"Point","coordinates":[77.56973,12.90048]}},{"type":"Feature","properties":{},"geometry":{"type":"Point","coordinates":[77.570178,12.90107]}},{"type":"Feature","properties":{},"geometry":{"type":"Point","coordinates":[77.569234,12.900938]}},{"type":"Feature","properties":{},"geometry":{"type":"Point","coordinates":[77.569677,12.898762]}},{"type":"Feature","properties":{},"geometry":{"type":"Point","coordinates":[77.570359,12.898283]}},{"type":"Feature","properties":{},"geometry":{"type":"Point","coordinates":[77.571016,12.897788]}},{"type":"Feature","properties":{},"geometry":{"type":"Point","coordinates":[77.571776,12.89879]}},{"type":"Feature","properties":{},"geometry":{"type":"Point","coordinates":[77.56178,12.899228]}},{"type":"Feature","properties":{},"geometry":{"type":"Point","coordinates":[77.568655,12.898714]}},{"type":"Feature","properties":{},"geometry":{"type":"Point","coordinates":[77.568361,12.898598]}},{"type":"Feature","properties":{},"geometry":{"type":"Point","coordinates":[77.568802,12.897942]}},{"type":"Feature","properties":{},"geometry":{"type":"Point","coordinates":[77.582186,12.897721]}},{"type":"Feature","properties":{},"geometry":{"type":"Point","coordinates":[77.567066,12.886308]}},{"type":"Feature","properties":{},"geometry":{"type":"Point","coordinates":[77.580655,12.895554]}},{"type":"Feature","properties":{},"geometry":{"type":"Point","coordinates":[77.582353,12.897679]}},{"type":"Feature","properties":{},"geometry":{"type":"Point","coordinates":[77.588512,12.899018]}},{"type":"Feature","properties":{},"geometry":{"type":"Point","coordinates":[77.588532,12.892088]}},{"type":"Feature","properties":{},"geometry":{"type":"Point","coordinates":[77.583422,12.899005]}},{"type":"Feature","properties":{},"geometry":{"type":"Point","coordinates":[77.581692,12.901935]}},{"type":"Feature","properties":{},"geometry":{"type":"Point","coordinates":[77.582087,12.901332]}},{"type":"Feature","properties":{},"geometry":{"type":"Point","coordinates":[77.575044,12.902437]}},{"type":"Feature","properties":{},"geometry":{"type":"Point","coordinates":[77.573574,12.906181]}},{"type":"Feature","properties":{},"geometry":{"type":"Point","coordinates":[77.568962,12.881954]}},{"type":"Feature","properties":{},"geometry":{"type":"Point","coordinates":[77.568633,12.882057]}},{"type":"Feature","properties":{},"geometry":{"type":"Point","coordinates":[77.57126,12.883161]}},{"type":"Feature","properties":{},"geometry":{"type":"Point","coordinates":[77.570423,12.882007]}},{"type":"Feature","properties":{},"geometry":{"type":"Point","coordinates":[77.570736,12.880545]}},{"type":"Feature","properties":{},"geometry":{"type":"Point","coordinates":[77.571019,12.878632]}},{"type":"Feature","properties":{},"geometry":{"type":"Point","coordinates":[77.572422,12.882737]}},{"type":"Feature","properties":{},"geometry":{"type":"Point","coordinates":[77.573547,12.881972]}},{"type":"Feature","properties":{},"geometry":{"type":"Point","coordinates":[77.572174,12.882041]}},{"type":"Feature","properties":{},"geometry":{"type":"Point","coordinates":[77.57636,12.878957]}},{"type":"Feature","properties":{},"geometry":{"type":"Point","coordinates":[77.580054,12.872053]}},{"type":"Feature","properties":{},"geometry":{"type":"Point","coordinates":[77.583459,12.877101]}},{"type":"Feature","properties":{},"geometry":{"type":"Point","coordinates":[77.581109,12.870083]}},{"type":"Feature","properties":{},"geometry":{"type":"Point","coordinates":[77.580599,12.868018]}},{"type":"Feature","properties":{},"geometry":{"type":"Point","coordinates":[77.576476,12.874105]}},{"type":"Feature","properties":{},"geometry":{"type":"Point","coordinates":[77.578464,12.87445]}},{"type":"Feature","properties":{},"geometry":{"type":"Point","coordinates":[77.568097,12.890217]}},{"type":"Feature","properties":{},"geometry":{"type":"Point","coordinates":[77.569401,12.89055]}},{"type":"Feature","properties":{},"geometry":{"type":"Point","coordinates":[77.567193,12.888415]}},{"type":"Feature","properties":{},"geometry":{"type":"Point","coordinates":[77.564061,12.888716]}},{"type":"Feature","properties":{},"geometry":{"type":"Point","coordinates":[77.567611,12.886916]}},{"type":"Feature","properties":{},"geometry":{"type":"Point","coordinates":[77.566814,12.886636]}},{"type":"Feature","properties":{},"geometry":{"type":"Point","coordinates":[77.568309,12.888473]}},{"type":"Feature","properties":{},"geometry":{"type":"Point","coordinates":[77.569884,12.903754]}},{"type":"Feature","properties":{},"geometry":{"type":"Point","coordinates":[77.569845,12.897528]}},{"type":"Feature","properties":{},"geometry":{"type":"Point","coordinates":[77.568128,12.89785]}},{"type":"Feature","properties":{},"geometry":{"type":"Point","coordinates":[77.567436,12.898051]}},{"type":"Feature","properties":{},"geometry":{"type":"Point","coordinates":[77.566842,12.897639]}},{"type":"Feature","properties":{},"geometry":{"type":"Point","coordinates":[77.566473,12.898747]}},{"type":"Feature","properties":{},"geometry":{"type":"Point","coordinates":[77.564484,12.916173]}},{"type":"Feature","properties":{},"geometry":{"type":"Point","coordinates":[77.548772,12.923472]}},{"type":"Feature","properties":{},"geometry":{"type":"Point","coordinates":[77.549251,12.921118]}},{"type":"Feature","properties":{},"geometry":{"type":"Point","coordinates":[77.54827,12.921273]}},{"type":"Feature","properties":{},"geometry":{"type":"Point","coordinates":[77.545442,12.921938]}},{"type":"Feature","properties":{},"geometry":{"type":"Point","coordinates":[77.545978,12.920965]}},{"type":"Feature","properties":{},"geometry":{"type":"Point","coordinates":[77.543602,12.920362]}},{"type":"Feature","properties":{},"geometry":{"type":"Point","coordinates":[77.543016,12.919937]}},{"type":"Feature","properties":{},"geometry":{"type":"Point","coordinates":[77.54344,12.919568]}},{"type":"Feature","properties":{},"geometry":{"type":"Point","coordinates":[77.5449,12.919365]}},{"type":"Feature","properties":{},"geometry":{"type":"Point","coordinates":[77.546826,12.919463]}},{"type":"Feature","properties":{},"geometry":{"type":"Point","coordinates":[77.546136,12.918411]}},{"type":"Feature","properties":{},"geometry":{"type":"Point","coordinates":[77.546007,12.907587]}},{"type":"Feature","properties":{},"geometry":{"type":"Point","coordinates":[77.547415,12.901633]}},{"type":"Feature","properties":{},"geometry":{"type":"Point","coordinates":[77.570489,12.892397]}},{"type":"Feature","properties":{},"geometry":{"type":"Point","coordinates":[77.569778,12.891852]}},{"type":"Feature","properties":{},"geometry":{"type":"Point","coordinates":[77.569952,12.89109]}},{"type":"Feature","properties":{},"geometry":{"type":"Point","coordinates":[77.576047,12.890369]}},{"type":"Feature","properties":{},"geometry":{"type":"Point","coordinates":[77.569422,12.89011]}},{"type":"Feature","properties":{},"geometry":{"type":"Point","coordinates":[77.56866,12.88658]}},{"type":"Feature","properties":{},"geometry":{"type":"Point","coordinates":[77.568725,12.886781]}},{"type":"Feature","properties":{},"geometry":{"type":"Point","coordinates":[77.582573,12.875326]}},{"type":"Feature","properties":{},"geometry":{"type":"Point","coordinates":[77.582975,12.895767]}},{"type":"Feature","properties":{},"geometry":{"type":"Point","coordinates":[77.580524,12.89628]}},{"type":"Feature","properties":{},"geometry":{"type":"Point","coordinates":[77.581313,12.89576]}},{"type":"Feature","properties":{},"geometry":{"type":"Point","coordinates":[77.588299,12.895899]}},{"type":"Feature","properties":{},"geometry":{"type":"Point","coordinates":[77.56885,12.88157]}},{"type":"Feature","properties":{},"geometry":{"type":"Point","coordinates":[77.571047,12.877692]}},{"type":"Feature","properties":{},"geometry":{"type":"Point","coordinates":[77.571098,12.879928]}},{"type":"Feature","properties":{},"geometry":{"type":"Point","coordinates":[77.571856,12.882804]}},{"type":"Feature","properties":{},"geometry":{"type":"Point","coordinates":[77.572891,12.88244]}},{"type":"Feature","properties":{},"geometry":{"type":"Point","coordinates":[77.568754,12.881707]}},{"type":"Feature","properties":{},"geometry":{"type":"Point","coordinates":[77.577581,12.870676]}},{"type":"Feature","properties":{},"geometry":{"type":"Point","coordinates":[77.583035,12.871863]}},{"type":"Feature","properties":{},"geometry":{"type":"Point","coordinates":[77.583524,12.872866]}},{"type":"Feature","properties":{},"geometry":{"type":"Point","coordinates":[77.552131,12.909762]}},{"type":"Feature","properties":{},"geometry":{"type":"Point","coordinates":[77.55376,12.909463]}},{"type":"Feature","properties":{},"geometry":{"type":"Point","coordinates":[77.554914,12.910265]}},{"type":"Feature","properties":{},"geometry":{"type":"Point","coordinates":[77.548019,12.915381]}},{"type":"Feature","properties":{},"geometry":{"type":"Point","coordinates":[77.548926,12.914931]}},{"type":"Feature","properties":{},"geometry":{"type":"Point","coordinates":[77.550481,12.913299]}},{"type":"Feature","properties":{},"geometry":{"type":"Point","coordinates":[77.55037,12.915174]}},{"type":"Feature","properties":{},"geometry":{"type":"Point","coordinates":[77.550483,12.91496]}},{"type":"Feature","properties":{},"geometry":{"type":"Point","coordinates":[77.570136,12.91463]}},{"type":"Feature","properties":{},"geometry":{"type":"Point","coordinates":[77.554178,12.910318]}},{"type":"Feature","properties":{},"geometry":{"type":"Point","coordinates":[77.551603,12.909982]}},{"type":"Feature","properties":{},"geometry":{"type":"Point","coordinates":[77.575871,12.902461]}},{"type":"Feature","properties":{},"geometry":{"type":"Point","coordinates":[77.575532,12.901547]}},{"type":"Feature","properties":{},"geometry":{"type":"Point","coordinates":[77.571261,12.89491]}},{"type":"Feature","properties":{},"geometry":{"type":"Point","coordinates":[77.5578,12.896739]}},{"type":"Feature","properties":{},"geometry":{"type":"Point","coordinates":[77.561712,12.901902]}},{"type":"Feature","properties":{},"geometry":{"type":"Point","coordinates":[77.56446,12.914777]}},{"type":"Feature","properties":{},"geometry":{"type":"Point","coordinates":[77.54869,12.924611]}},{"type":"Feature","properties":{},"geometry":{"type":"Point","coordinates":[77.548821,12.922332]}},{"type":"Feature","properties":{},"geometry":{"type":"Point","coordinates":[77.547934,12.918313]}},{"type":"Feature","properties":{},"geometry":{"type":"Point","coordinates":[77.548875,12.91855]}},{"type":"Feature","properties":{},"geometry":{"type":"Point","coordinates":[77.545135,12.917478]}},{"type":"Feature","properties":{},"geometry":{"type":"Point","coordinates":[77.543516,12.917883]}},{"type":"Feature","properties":{},"geometry":{"type":"Point","coordinates":[77.548173,12.917125]}},{"type":"Feature","properties":{},"geometry":{"type":"Point","coordinates":[77.550633,12.915365]}},{"type":"Feature","properties":{},"geometry":{"type":"Point","coordinates":[77.551345,12.91511]}},{"type":"Feature","properties":{},"geometry":{"type":"Point","coordinates":[77.552139,12.911848]}},{"type":"Feature","properties":{},"geometry":{"type":"Point","coordinates":[77.542705,12.917463]}},{"type":"Feature","properties":{},"geometry":{"type":"Point","coordinates":[77.541894,12.916246]}},{"type":"Feature","properties":{},"geometry":{"type":"Point","coordinates":[77.544019,12.909323]}},{"type":"Feature","properties":{},"geometry":{"type":"Point","coordinates":[77.543422,12.909266]}},{"type":"Feature","properties":{},"geometry":{"type":"Point","coordinates":[77.542927,12.908937]}},{"type":"Feature","properties":{},"geometry":{"type":"Point","coordinates":[77.542922,12.9083]}},{"type":"Feature","properties":{},"geometry":{"type":"Point","coordinates":[77.543266,12.907855]}},{"type":"Feature","properties":{},"geometry":{"type":"Point","coordinates":[77.545268,12.901416]}},{"type":"Feature","properties":{},"geometry":{"type":"Point","coordinates":[77.547114,12.899014]}},{"type":"Feature","properties":{},"geometry":{"type":"Point","coordinates":[77.548008,12.895671]}},{"type":"Feature","properties":{},"geometry":{"type":"Point","coordinates":[77.546889,12.897027]}},{"type":"Feature","properties":{},"geometry":{"type":"Point","coordinates":[77.543725,12.899873]}},{"type":"Feature","properties":{},"geometry":{"type":"Point","coordinates":[77.541371,12.90679]}},{"type":"Feature","properties":{},"geometry":{"type":"Point","coordinates":[77.542451,12.911212]}},{"type":"Feature","properties":{},"geometry":{"type":"Point","coordinates":[77.541379,12.911513]}},{"type":"Feature","properties":{},"geometry":{"type":"Point","coordinates":[77.540671,12.911378]}},{"type":"Feature","properties":{},"geometry":{"type":"Point","coordinates":[77.541928,12.910939]}},{"type":"Feature","properties":{},"geometry":{"type":"Point","coordinates":[77.532263,12.913051]}},{"type":"Feature","properties":{},"geometry":{"type":"Point","coordinates":[77.532109,12.913147]}},{"type":"Feature","properties":{},"geometry":{"type":"Point","coordinates":[77.532566,12.91288]}},{"type":"Feature","properties":{},"geometry":{"type":"Point","coordinates":[77.532994,12.913842]}},{"type":"Feature","properties":{},"geometry":{"type":"Point","coordinates":[77.541415,12.912943]}},{"type":"Feature","properties":{},"geometry":{"type":"Point","coordinates":[77.542295,12.913844]}},{"type":"Feature","properties":{},"geometry":{"type":"Point","coordinates":[77.544611,12.912726]}},{"type":"Feature","properties":{},"geometry":{"type":"Point","coordinates":[77.545477,12.914916]}},{"type":"Feature","properties":{},"geometry":{"type":"Point","coordinates":[77.543323,12.915308]}},{"type":"Feature","properties":{},"geometry":{"type":"Point","coordinates":[77.543998,12.915054]}},{"type":"Feature","properties":{},"geometry":{"type":"Point","coordinates":[77.545119,12.916425]}},{"type":"Feature","properties":{},"geometry":{"type":"Point","coordinates":[77.541352,12.904388]}},{"type":"Feature","properties":{},"geometry":{"type":"Point","coordinates":[77.540307,12.902634]}},{"type":"Feature","properties":{},"geometry":{"type":"Point","coordinates":[77.540353,12.904434]}},{"type":"Feature","properties":{},"geometry":{"type":"Point","coordinates":[77.538963,12.901876]}},{"type":"Feature","properties":{},"geometry":{"type":"Point","coordinates":[77.539056,12.898834]}},{"type":"Feature","properties":{},"geometry":{"type":"Point","coordinates":[77.53838,12.897829]}},{"type":"Feature","properties":{},"geometry":{"type":"Point","coordinates":[77.538411,12.898138]}},{"type":"Feature","properties":{},"geometry":{"type":"Point","coordinates":[77.537152,12.899382]}},{"type":"Feature","properties":{},"geometry":{"type":"Point","coordinates":[77.538993,12.897412]}},{"type":"Feature","properties":{},"geometry":{"type":"Point","coordinates":[77.539572,12.897626]}},{"type":"Feature","properties":{},"geometry":{"type":"Point","coordinates":[77.540381,12.897405]}},{"type":"Feature","properties":{},"geometry":{"type":"Point","coordinates":[77.541543,12.895857]}},{"type":"Feature","properties":{},"geometry":{"type":"Point","coordinates":[77.542117,12.894381]}},{"type":"Feature","properties":{},"geometry":{"type":"Point","coordinates":[77.54294,12.892861]}},{"type":"Feature","properties":{},"geometry":{"type":"Point","coordinates":[77.541805,12.892681]}},{"type":"Feature","properties":{},"geometry":{"type":"Point","coordinates":[77.532631,12.893156]}},{"type":"Feature","properties":{},"geometry":{"type":"Point","coordinates":[77.533171,12.893018]}},{"type":"Feature","properties":{},"geometry":{"type":"Point","coordinates":[77.534623,12.89064]}},{"type":"Feature","properties":{},"geometry":{"type":"Point","coordinates":[77.54191,12.885744]}},{"type":"Feature","properties":{},"geometry":{"type":"Point","coordinates":[77.54165,12.885123]}},{"type":"Feature","properties":{},"geometry":{"type":"Point","coordinates":[77.546872,12.88601]}},{"type":"Feature","properties":{},"geometry":{"type":"Point","coordinates":[77.547083,12.88844]}},{"type":"Feature","properties":{},"geometry":{"type":"Point","coordinates":[77.546248,12.88886]}},{"type":"Feature","properties":{},"geometry":{"type":"Point","coordinates":[77.547736,12.888516]}},{"type":"Feature","properties":{},"geometry":{"type":"Point","coordinates":[77.547651,12.893992]}},{"type":"Feature","properties":{},"geometry":{"type":"Point","coordinates":[77.547353,12.893913]}},{"type":"Feature","properties":{},"geometry":{"type":"Point","coordinates":[77.546903,12.893426]}},{"type":"Feature","properties":{},"geometry":{"type":"Point","coordinates":[77.546477,12.897287]}},{"type":"Feature","properties":{},"geometry":{"type":"Point","coordinates":[77.54494,12.902783]}},{"type":"Feature","properties":{},"geometry":{"type":"Point","coordinates":[77.545658,12.902415]}},{"type":"Feature","properties":{},"geometry":{"type":"Point","coordinates":[77.545199,12.903262]}},{"type":"Feature","properties":{},"geometry":{"type":"Point","coordinates":[77.547383,12.904102]}},{"type":"Feature","properties":{},"geometry":{"type":"Point","coordinates":[77.546889,12.905683]}},{"type":"Feature","properties":{},"geometry":{"type":"Point","coordinates":[77.54642,12.908325]}},{"type":"Feature","properties":{},"geometry":{"type":"Point","coordinates":[77.547094,12.908748]}},{"type":"Feature","properties":{},"geometry":{"type":"Point","coordinates":[77.545582,12.908601]}},{"type":"Feature","properties":{},"geometry":{"type":"Point","coordinates":[77.546582,12.909885]}},{"type":"Feature","properties":{},"geometry":{"type":"Point","coordinates":[77.542359,12.91017]}},{"type":"Feature","properties":{},"geometry":{"type":"Point","coordinates":[77.543186,12.910332]}},{"type":"Feature","properties":{},"geometry":{"type":"Point","coordinates":[77.542738,12.910655]}},{"type":"Feature","properties":{},"geometry":{"type":"Point","coordinates":[77.64991,12.877384]}},{"type":"Feature","properties":{},"geometry":{"type":"Point","coordinates":[77.648865,12.876377]}},{"type":"Feature","properties":{},"geometry":{"type":"Point","coordinates":[77.649965,12.875025]}},{"type":"Feature","properties":{},"geometry":{"type":"Point","coordinates":[77.644285,12.874632]}},{"type":"Feature","properties":{},"geometry":{"type":"Point","coordinates":[77.644943,12.875172]}},{"type":"Feature","properties":{},"geometry":{"type":"Point","coordinates":[77.644282,12.876608]}},{"type":"Feature","properties":{},"geometry":{"type":"Point","coordinates":[77.651196,12.87531]}},{"type":"Feature","properties":{},"geometry":{"type":"Point","coordinates":[77.649846,12.875943]}},{"type":"Feature","properties":{},"geometry":{"type":"Point","coordinates":[77.653765,12.872034]}},{"type":"Feature","properties":{},"geometry":{"type":"Point","coordinates":[77.652523,12.87339]}},{"type":"Feature","properties":{},"geometry":{"type":"Point","coordinates":[77.6395,12.883865]}},{"type":"Feature","properties":{},"geometry":{"type":"Point","coordinates":[77.654383,12.878793]}},{"type":"Feature","properties":{},"geometry":{"type":"Point","coordinates":[77.640524,12.881248]}},{"type":"Feature","properties":{},"geometry":{"type":"Point","coordinates":[77.652683,12.874381]}},{"type":"Feature","properties":{},"geometry":{"type":"Point","coordinates":[77.654452,12.871782]}},{"type":"Feature","properties":{},"geometry":{"type":"Point","coordinates":[77.65479,12.873209]}},{"type":"Feature","properties":{},"geometry":{"type":"Point","coordinates":[77.649871,12.876577]}},{"type":"Feature","properties":{},"geometry":{"type":"Point","coordinates":[77.643275,12.873915]}},{"type":"Feature","properties":{},"geometry":{"type":"Point","coordinates":[77.649235,12.877776]}},{"type":"Feature","properties":{},"geometry":{"type":"Point","coordinates":[77.64697,12.921333]}},{"type":"Feature","properties":{},"geometry":{"type":"Point","coordinates":[77.645831,12.921275]}},{"type":"Feature","properties":{},"geometry":{"type":"Point","coordinates":[77.648852,12.907521]}},{"type":"Feature","properties":{},"geometry":{"type":"Point","coordinates":[77.649372,12.909299]}},{"type":"Feature","properties":{},"geometry":{"type":"Point","coordinates":[77.638986,12.909346]}},{"type":"Feature","properties":{},"geometry":{"type":"Point","coordinates":[77.636893,12.907095]}},{"type":"Feature","properties":{},"geometry":{"type":"Point","coordinates":[77.644797,12.90187]}},{"type":"Feature","properties":{},"geometry":{"type":"Point","coordinates":[77.626899,12.913284]}},{"type":"Feature","properties":{},"geometry":{"type":"Point","coordinates":[77.629593,12.913228]}},{"type":"Feature","properties":{},"geometry":{"type":"Point","coordinates":[77.638467,12.906488]}},{"type":"Feature","properties":{},"geometry":{"type":"Point","coordinates":[77.630304,12.907243]}},{"type":"Feature","properties":{},"geometry":{"type":"Point","coordinates":[77.630571,12.905984]}},{"type":"Feature","properties":{},"geometry":{"type":"Point","coordinates":[77.636243,12.905224]}},{"type":"Feature","properties":{},"geometry":{"type":"Point","coordinates":[77.636479,12.906071]}},{"type":"Feature","properties":{},"geometry":{"type":"Point","coordinates":[77.636634,12.906028]}},{"type":"Feature","properties":{},"geometry":{"type":"Point","coordinates":[77.635872,12.903525]}},{"type":"Feature","properties":{},"geometry":{"type":"Point","coordinates":[77.645575,12.921595]}},{"type":"Feature","properties":{},"geometry":{"type":"Point","coordinates":[77.637798,12.903267]}},{"type":"Feature","properties":{},"geometry":{"type":"Point","coordinates":[77.638745,12.90405]}},{"type":"Feature","properties":{},"geometry":{"type":"Point","coordinates":[77.648333,12.892234]}},{"type":"Feature","properties":{},"geometry":{"type":"Point","coordinates":[77.651631,12.896849]}},{"type":"Feature","properties":{},"geometry":{"type":"Point","coordinates":[77.651915,12.8963]}},{"type":"Feature","properties":{},"geometry":{"type":"Point","coordinates":[77.63585,12.906825]}},{"type":"Feature","properties":{},"geometry":{"type":"Point","coordinates":[77.649105,12.897903]}},{"type":"Feature","properties":{},"geometry":{"type":"Point","coordinates":[77.635278,12.903996]}},{"type":"Feature","properties":{},"geometry":{"type":"Point","coordinates":[77.637501,12.900142]}},{"type":"Feature","properties":{},"geometry":{"type":"Point","coordinates":[77.636473,12.901143]}},{"type":"Feature","properties":{},"geometry":{"type":"Point","coordinates":[77.635454,12.906147]}},{"type":"Feature","properties":{},"geometry":{"type":"Point","coordinates":[77.652434,12.895014]}},{"type":"Feature","properties":{},"geometry":{"type":"Point","coordinates":[77.652252,12.895817]}},{"type":"Feature","properties":{},"geometry":{"type":"Point","coordinates":[77.636847,12.905499]}},{"type":"Feature","properties":{},"geometry":{"type":"Point","coordinates":[77.629551,12.894682]}},{"type":"Feature","properties":{},"geometry":{"type":"Point","coordinates":[77.626097,12.895798]}},{"type":"Feature","properties":{},"geometry":{"type":"Point","coordinates":[77.629449,12.897163]}},{"type":"Feature","properties":{},"geometry":{"type":"Point","coordinates":[77.635728,12.894647]}},{"type":"Feature","properties":{},"geometry":{"type":"Point","coordinates":[77.626352,12.89069]}},{"type":"Feature","properties":{},"geometry":{"type":"Point","coordinates":[77.631547,12.895554]}},{"type":"Feature","properties":{},"geometry":{"type":"Point","coordinates":[77.629114,12.892396]}},{"type":"Feature","properties":{},"geometry":{"type":"Point","coordinates":[77.63279,12.895549]}},{"type":"Feature","properties":{},"geometry":{"type":"Point","coordinates":[77.629228,12.894693]}},{"type":"Feature","properties":{},"geometry":{"type":"Point","coordinates":[77.629424,12.895256]}},{"type":"Feature","properties":{},"geometry":{"type":"Point","coordinates":[77.628322,12.8938]}},{"type":"Feature","properties":{},"geometry":{"type":"Point","coordinates":[77.627186,12.899868]}},{"type":"Feature","properties":{},"geometry":{"type":"Point","coordinates":[77.629492,12.896161]}},{"type":"Feature","properties":{},"geometry":{"type":"Point","coordinates":[77.628511,12.893918]}},{"type":"Feature","properties":{},"geometry":{"type":"Point","coordinates":[77.63198,12.897015]}},{"type":"Feature","properties":{},"geometry":{"type":"Point","coordinates":[77.648951,12.879511]}},{"type":"Feature","properties":{},"geometry":{"type":"Point","coordinates":[77.654697,12.870858]}},{"type":"Feature","properties":{},"geometry":{"type":"Point","coordinates":[77.651877,12.872633]}},{"type":"Feature","properties":{},"geometry":{"type":"Point","coordinates":[77.652501,12.874118]}},{"type":"Feature","properties":{},"geometry":{"type":"Point","coordinates":[77.662485,12.923096]}},{"type":"Feature","properties":{},"geometry":{"type":"Point","coordinates":[77.648035,12.923591]}},{"type":"Feature","properties":{},"geometry":{"type":"Point","coordinates":[77.636053,12.907312]}},{"type":"Feature","properties":{},"geometry":{"type":"Point","coordinates":[77.635698,12.907728]}},{"type":"Feature","properties":{},"geometry":{"type":"Point","coordinates":[77.63841,12.908195]}},{"type":"Feature","properties":{},"geometry":{"type":"Point","coordinates":[77.638908,12.908328]}},{"type":"Feature","properties":{},"geometry":{"type":"Point","coordinates":[77.665381,12.92305]}},{"type":"Feature","properties":{},"geometry":{"type":"Point","coordinates":[77.637179,12.90455]}},{"type":"Feature","properties":{},"geometry":{"type":"Point","coordinates":[77.639538,12.904244]}},{"type":"Feature","properties":{},"geometry":{"type":"Point","coordinates":[77.647277,12.892368]}},{"type":"Feature","properties":{},"geometry":{"type":"Point","coordinates":[77.646874,12.897736]}},{"type":"Feature","properties":{},"geometry":{"type":"Point","coordinates":[77.638096,12.895691]}},{"type":"Feature","properties":{},"geometry":{"type":"Point","coordinates":[77.640474,12.893054]}},{"type":"Feature","properties":{},"geometry":{"type":"Point","coordinates":[77.644715,12.899099]}},{"type":"Feature","properties":{},"geometry":{"type":"Point","coordinates":[77.638035,12.894937]}},{"type":"Feature","properties":{},"geometry":{"type":"Point","coordinates":[77.647317,12.891979]}},{"type":"Feature","properties":{},"geometry":{"type":"Point","coordinates":[77.648283,12.891395]}},{"type":"Feature","properties":{},"geometry":{"type":"Point","coordinates":[77.644373,12.899712]}},{"type":"Feature","properties":{},"geometry":{"type":"Point","coordinates":[77.642197,12.893951]}},{"type":"Feature","properties":{},"geometry":{"type":"Point","coordinates":[77.643339,12.897396]}},{"type":"Feature","properties":{},"geometry":{"type":"Point","coordinates":[77.648956,12.892136]}},{"type":"Feature","properties":{},"geometry":{"type":"Point","coordinates":[77.636101,12.890105]}},{"type":"Feature","properties":{},"geometry":{"type":"Point","coordinates":[77.637032,12.894477]}},{"type":"Feature","properties":{},"geometry":{"type":"Point","coordinates":[77.635855,12.901547]}},{"type":"Feature","properties":{},"geometry":{"type":"Point","coordinates":[77.634958,12.888764]}},{"type":"Feature","properties":{},"geometry":{"type":"Point","coordinates":[77.627031,12.899868]}},{"type":"Feature","properties":{},"geometry":{"type":"Point","coordinates":[77.636443,12.888275]}},{"type":"Feature","properties":{},"geometry":{"type":"Point","coordinates":[77.632803,12.894777]}},{"type":"Feature","properties":{},"geometry":{"type":"Point","coordinates":[77.632028,12.897009]}},{"type":"Feature","properties":{},"geometry":{"type":"Point","coordinates":[77.631267,12.896997]}},{"type":"Feature","properties":{},"geometry":{"type":"Point","coordinates":[77.633091,12.896781]}},{"type":"Feature","properties":{},"geometry":{"type":"Point","coordinates":[77.630422,12.909152]}},{"type":"Feature","properties":{},"geometry":{"type":"Point","coordinates":[77.606284,12.895692]}},{"type":"Feature","properties":{},"geometry":{"type":"Point","coordinates":[77.61935,12.919633]}},{"type":"Feature","properties":{},"geometry":{"type":"Point","coordinates":[77.587806,12.916436]}},{"type":"Feature","properties":{},"geometry":{"type":"Point","coordinates":[77.589565,12.917866]}},{"type":"Feature","properties":{},"geometry":{"type":"Point","coordinates":[77.595596,12.918815]}},{"type":"Feature","properties":{},"geometry":{"type":"Point","coordinates":[77.588958,12.921766]}},{"type":"Feature","properties":{},"geometry":{"type":"Point","coordinates":[77.551912,12.926524]}},{"type":"Feature","properties":{},"geometry":{"type":"Point","coordinates":[77.553004,12.927986]}},{"type":"Feature","properties":{},"geometry":{"type":"Point","coordinates":[77.5545,12.92997]}},{"type":"Feature","properties":{},"geometry":{"type":"Point","coordinates":[77.553095,12.930108]}},{"type":"Feature","properties":{},"geometry":{"type":"Point","coordinates":[77.551034,12.930946]}},{"type":"Feature","properties":{},"geometry":{"type":"Point","coordinates":[77.557094,12.932135]}},{"type":"Feature","properties":{},"geometry":{"type":"Point","coordinates":[77.553245,12.933247]}},{"type":"Feature","properties":{},"geometry":{"type":"Point","coordinates":[77.551454,12.933871]}},{"type":"Feature","properties":{},"geometry":{"type":"Point","coordinates":[77.559058,12.934476]}},{"type":"Feature","properties":{},"geometry":{"type":"Point","coordinates":[77.559149,12.935014]}},{"type":"Feature","properties":{},"geometry":{"type":"Point","coordinates":[77.550142,12.935197]}},{"type":"Feature","properties":{},"geometry":{"type":"Point","coordinates":[77.552225,12.935216]}},{"type":"Feature","properties":{},"geometry":{"type":"Point","coordinates":[77.556407,12.935715]}},{"type":"Feature","properties":{},"geometry":{"type":"Point","coordinates":[77.57874,12.939274]}},{"type":"Feature","properties":{},"geometry":{"type":"Point","coordinates":[77.581941,12.939663]}},{"type":"Feature","properties":{},"geometry":{"type":"Point","coordinates":[77.546059,12.943689]}},{"type":"Feature","properties":{},"geometry":{"type":"Point","coordinates":[77.579278,12.944034]}},{"type":"Feature","properties":{},"geometry":{"type":"Point","coordinates":[77.546172,12.94506]}},{"type":"Feature","properties":{},"geometry":{"type":"Point","coordinates":[77.54603,12.94604]}},{"type":"Feature","properties":{},"geometry":{"type":"Point","coordinates":[77.594297,12.948455]}},{"type":"Feature","properties":{},"geometry":{"type":"Point","coordinates":[77.599206,12.949076]}},{"type":"Feature","properties":{},"geometry":{"type":"Point","coordinates":[77.552725,12.951825]}},{"type":"Feature","properties":{},"geometry":{"type":"Point","coordinates":[77.552706,12.955634]}},{"type":"Feature","properties":{},"geometry":{"type":"Point","coordinates":[77.552299,12.952611]}},{"type":"Feature","properties":{},"geometry":{"type":"Point","coordinates":[77.551228,12.953125]}},{"type":"Feature","properties":{},"geometry":{"type":"Point","coordinates":[77.553251,12.953736]}},{"type":"Feature","properties":{},"geometry":{"type":"Point","coordinates":[77.57597,12.953513]}},{"type":"Feature","properties":{},"geometry":{"type":"Point","coordinates":[77.558509,12.954104]}},{"type":"Feature","properties":{},"geometry":{"type":"Point","coordinates":[77.576121,12.95453]}},{"type":"Feature","properties":{},"geometry":{"type":"Point","coordinates":[77.558277,12.954735]}},{"type":"Feature","properties":{},"geometry":{"type":"Point","coordinates":[77.55456,12.954936]}},{"type":"Feature","properties":{},"geometry":{"type":"Point","coordinates":[77.556437,12.95492]}},{"type":"Feature","properties":{},"geometry":{"type":"Point","coordinates":[77.554192,12.955096]}},{"type":"Feature","properties":{},"geometry":{"type":"Point","coordinates":[77.550721,12.955251]}},{"type":"Feature","properties":{},"geometry":{"type":"Point","coordinates":[77.560645,12.955375]}},{"type":"Feature","properties":{},"geometry":{"type":"Point","coordinates":[77.555939,12.955519]}},{"type":"Feature","properties":{},"geometry":{"type":"Point","coordinates":[77.550941,12.955607]}},{"type":"Feature","properties":{},"geometry":{"type":"Point","coordinates":[77.582809,12.955339]}},{"type":"Feature","properties":{},"geometry":{"type":"Point","coordinates":[77.557971,12.956276]}},{"type":"Feature","properties":{},"geometry":{"type":"Point","coordinates":[77.556962,12.956453]}},{"type":"Feature","properties":{},"geometry":{"type":"Point","coordinates":[77.566372,12.957187]}},{"type":"Feature","properties":{},"geometry":{"type":"Point","coordinates":[77.563624,12.95787]}},{"type":"Feature","properties":{},"geometry":{"type":"Point","coordinates":[77.555474,12.958266]}},{"type":"Feature","properties":{},"geometry":{"type":"Point","coordinates":[77.561646,12.958279]}},{"type":"Feature","properties":{},"geometry":{"type":"Point","coordinates":[77.57637,12.958319]}},{"type":"Feature","properties":{},"geometry":{"type":"Point","coordinates":[77.564283,12.958758]}},{"type":"Feature","properties":{},"geometry":{"type":"Point","coordinates":[77.547862,12.959169]}},{"type":"Feature","properties":{},"geometry":{"type":"Point","coordinates":[77.561357,12.959485]}},{"type":"Feature","properties":{},"geometry":{"type":"Point","coordinates":[77.558627,12.960293]}},{"type":"Feature","properties":{},"geometry":{"type":"Point","coordinates":[77.578373,12.96035]}},{"type":"Feature","properties":{},"geometry":{"type":"Point","coordinates":[77.563917,12.961082]}},{"type":"Feature","properties":{},"geometry":{"type":"Point","coordinates":[77.547011,12.961731]}},{"type":"Feature","properties":{},"geometry":{"type":"Point","coordinates":[77.556437,12.963016]}},{"type":"Feature","properties":{},"geometry":{"type":"Point","coordinates":[77.554521,12.963156]}},{"type":"Feature","properties":{},"geometry":{"type":"Point","coordinates":[77.560324,12.964674]}},{"type":"Feature","properties":{},"geometry":{"type":"Point","coordinates":[77.556529,12.96478]}},{"type":"Feature","properties":{},"geometry":{"type":"Point","coordinates":[77.559275,12.96479]}},{"type":"Feature","properties":{},"geometry":{"type":"Point","coordinates":[77.555178,12.964905]}},{"type":"Feature","properties":{},"geometry":{"type":"Point","coordinates":[77.557078,12.968703]}},{"type":"Feature","properties":{},"geometry":{"type":"Point","coordinates":[77.593133,12.919992]}},{"type":"Feature","properties":{},"geometry":{"type":"Point","coordinates":[77.592795,12.919067]}},{"type":"Feature","properties":{},"geometry":{"type":"Point","coordinates":[77.585538,12.928703]}},{"type":"Feature","properties":{},"geometry":{"type":"Point","coordinates":[77.587268,12.93217]}},{"type":"Feature","properties":{},"geometry":{"type":"Point","coordinates":[77.586101,12.933014]}},{"type":"Feature","properties":{},"geometry":{"type":"Point","coordinates":[77.584283,12.932361]}},{"type":"Feature","properties":{},"geometry":{"type":"Point","coordinates":[77.595156,12.926126]}},{"type":"Feature","properties":{},"geometry":{"type":"Point","coordinates":[77.591226,12.928874]}},{"type":"Feature","properties":{},"geometry":{"type":"Point","coordinates":[77.582563,12.93251]}},{"type":"Feature","properties":{},"geometry":{"type":"Point","coordinates":[77.585248,12.928541]}},{"type":"Feature","properties":{},"geometry":{"type":"Point","coordinates":[77.586407,12.930628]}},{"type":"Feature","properties":{},"geometry":{"type":"Point","coordinates":[77.586874,12.932234]}},{"type":"Feature","properties":{},"geometry":{"type":"Point","coordinates":[77.595155,12.918865]}},{"type":"Feature","properties":{},"geometry":{"type":"Point","coordinates":[77.591042,12.929232]}},{"type":"Feature","properties":{},"geometry":{"type":"Point","coordinates":[77.593577,12.942989]}},{"type":"Feature","properties":{},"geometry":{"type":"Point","coordinates":[77.595298,12.928061]}},{"type":"Feature","properties":{},"geometry":{"type":"Point","coordinates":[77.595579,12.92781]}},{"type":"Feature","properties":{},"geometry":{"type":"Point","coordinates":[77.595448,12.928338]}},{"type":"Feature","properties":{},"geometry":{"type":"Point","coordinates":[77.594864,12.928359]}},{"type":"Feature","properties":{},"geometry":{"type":"Point","coordinates":[77.58938,12.929688]}},{"type":"Feature","properties":{},"geometry":{"type":"Point","coordinates":[77.587728,12.917433]}},{"type":"Feature","properties":{},"geometry":{"type":"Point","coordinates":[77.590438,12.918882]}},{"type":"Feature","properties":{},"geometry":{"type":"Point","coordinates":[77.586359,12.919474]}},{"type":"Feature","properties":{},"geometry":{"type":"Point","coordinates":[77.602466,12.927258]}},{"type":"Feature","properties":{},"geometry":{"type":"Point","coordinates":[77.605274,12.920943]}},{"type":"Feature","properties":{},"geometry":{"type":"Point","coordinates":[77.604939,12.924324]}},{"type":"Feature","properties":{},"geometry":{"type":"Point","coordinates":[77.603116,12.924421]}},{"type":"Feature","properties":{},"geometry":{"type":"Point","coordinates":[77.601835,12.930531]}},{"type":"Feature","properties":{},"geometry":{"type":"Point","coordinates":[77.599789,12.922825]}},{"type":"Feature","properties":{},"geometry":{"type":"Point","coordinates":[77.596079,12.9187]}},{"type":"Feature","properties":{},"geometry":{"type":"Point","coordinates":[77.602825,12.92198]}},{"type":"Feature","properties":{},"geometry":{"type":"Point","coordinates":[77.554156,12.949287]}},{"type":"Feature","properties":{},"geometry":{"type":"Point","coordinates":[77.551913,12.951071]}},{"type":"Feature","properties":{},"geometry":{"type":"Point","coordinates":[77.550169,12.948554]}},{"type":"Feature","properties":{},"geometry":{"type":"Point","coordinates":[77.549798,12.945858]}},{"type":"Feature","properties":{},"geometry":{"type":"Point","coordinates":[77.550084,12.947988]}},{"type":"Feature","properties":{},"geometry":{"type":"Point","coordinates":[77.552147,12.950009]}},{"type":"Feature","properties":{},"geometry":{"type":"Point","coordinates":[77.556365,12.943936]}},{"type":"Feature","properties":{},"geometry":{"type":"Point","coordinates":[77.552407,12.946932]}},{"type":"Feature","properties":{},"geometry":{"type":"Point","coordinates":[77.552325,12.948216]}},{"type":"Feature","properties":{},"geometry":{"type":"Point","coordinates":[77.556833,12.945147]}},{"type":"Feature","properties":{},"geometry":{"type":"Point","coordinates":[77.554914,12.942279]}},{"type":"Feature","properties":{},"geometry":{"type":"Point","coordinates":[77.549751,12.945044]}},{"type":"Feature","properties":{},"geometry":{"type":"Point","coordinates":[77.550147,12.94495]}},{"type":"Feature","properties":{},"geometry":{"type":"Point","coordinates":[77.553725,12.942179]}},{"type":"Feature","properties":{},"geometry":{"type":"Point","coordinates":[77.550724,12.948482]}},{"type":"Feature","properties":{},"geometry":{"type":"Point","coordinates":[77.550679,12.948029]}},{"type":"Feature","properties":{},"geometry":{"type":"Point","coordinates":[77.555325,12.94636]}},{"type":"Feature","properties":{},"geometry":{"type":"Point","coordinates":[77.560911,12.944664]}},{"type":"Feature","properties":{},"geometry":{"type":"Point","coordinates":[77.555477,12.946629]}},{"type":"Feature","properties":{},"geometry":{"type":"Point","coordinates":[77.552697,12.944087]}},{"type":"Feature","properties":{},"geometry":{"type":"Point","coordinates":[77.552545,12.946139]}},{"type":"Feature","properties":{},"geometry":{"type":"Point","coordinates":[77.553105,12.94686]}},{"type":"Feature","properties":{},"geometry":{"type":"Point","coordinates":[77.553706,12.947437]}},{"type":"Feature","properties":{},"geometry":{"type":"Point","coordinates":[77.554824,12.945807]}},{"type":"Feature","properties":{},"geometry":{"type":"Point","coordinates":[77.555944,12.94544]}},{"type":"Feature","properties":{},"geometry":{"type":"Point","coordinates":[77.555923,12.946068]}},{"type":"Feature","properties":{},"geometry":{"type":"Point","coordinates":[77.551401,12.950741]}},{"type":"Feature","properties":{},"geometry":{"type":"Point","coordinates":[77.55022,12.945361]}},{"type":"Feature","properties":{},"geometry":{"type":"Point","coordinates":[77.555911,12.943971]}},{"type":"Feature","properties":{},"geometry":{"type":"Point","coordinates":[77.556576,12.948124]}},{"type":"Feature","properties":{},"geometry":{"type":"Point","coordinates":[77.561076,12.941867]}},{"type":"Feature","properties":{},"geometry":{"type":"Point","coordinates":[77.560219,12.948299]}},{"type":"Feature","properties":{},"geometry":{"type":"Point","coordinates":[77.560978,12.948172]}},{"type":"Feature","properties":{},"geometry":{"type":"Point","coordinates":[77.555819,12.946862]}},{"type":"Feature","properties":{},"geometry":{"type":"Point","coordinates":[77.563054,12.948094]}},{"type":"Feature","properties":{},"geometry":{"type":"Point","coordinates":[77.559386,12.948976]}},{"type":"Feature","properties":{},"geometry":{"type":"Point","coordinates":[77.556921,12.948232]}},{"type":"Feature","properties":{},"geometry":{"type":"Point","coordinates":[77.561118,12.948718]}},{"type":"Feature","properties":{},"geometry":{"type":"Point","coordinates":[77.558532,12.94635]}},{"type":"Feature","properties":{},"geometry":{"type":"Point","coordinates":[77.555508,12.947954]}},{"type":"Feature","properties":{},"geometry":{"type":"Point","coordinates":[77.56316,12.944992]}},{"type":"Feature","properties":{},"geometry":{"type":"Point","coordinates":[77.555784,12.949336]}},{"type":"Feature","properties":{},"geometry":{"type":"Point","coordinates":[77.558784,12.947576]}},{"type":"Feature","properties":{},"geometry":{"type":"Point","coordinates":[77.555954,12.946624]}},{"type":"Feature","properties":{},"geometry":{"type":"Point","coordinates":[77.561302,12.944201]}},{"type":"Feature","properties":{},"geometry":{"type":"Point","coordinates":[77.563936,12.945054]}},{"type":"Feature","properties":{},"geometry":{"type":"Point","coordinates":[77.557093,12.948534]}},{"type":"Feature","properties":{},"geometry":{"type":"Point","coordinates":[77.567764,12.965735]}},{"type":"Feature","properties":{},"geometry":{"type":"Point","coordinates":[77.566657,12.966509]}},{"type":"Feature","properties":{},"geometry":{"type":"Point","coordinates":[77.564667,12.965088]}},{"type":"Feature","properties":{},"geometry":{"type":"Point","coordinates":[77.563851,12.964783]}},{"type":"Feature","properties":{},"geometry":{"type":"Point","coordinates":[77.564121,12.965471]}},{"type":"Feature","properties":{},"geometry":{"type":"Point","coordinates":[77.567281,12.965531]}},{"type":"Feature","properties":{},"geometry":{"type":"Point","coordinates":[77.564296,12.965165]}},{"type":"Feature","properties":{},"geometry":{"type":"Point","coordinates":[77.56656,12.965729]}},{"type":"Feature","properties":{},"geometry":{"type":"Point","coordinates":[77.567738,12.965049]}},{"type":"Feature","properties":{},"geometry":{"type":"Point","coordinates":[77.566983,12.965727]}},{"type":"Feature","properties":{},"geometry":{"type":"Point","coordinates":[77.566864,12.964345]}},{"type":"Feature","properties":{},"geometry":{"type":"Point","coordinates":[77.565873,12.963334]}},{"type":"Feature","properties":{},"geometry":{"type":"Point","coordinates":[77.565626,12.963588]}},{"type":"Feature","properties":{},"geometry":{"type":"Point","coordinates":[77.567809,12.964625]}},{"type":"Feature","properties":{},"geometry":{"type":"Point","coordinates":[77.566538,12.966201]}},{"type":"Feature","properties":{},"geometry":{"type":"Point","coordinates":[77.564433,12.964518]}},{"type":"Feature","properties":{},"geometry":{"type":"Point","coordinates":[77.568069,12.965255]}},{"type":"Feature","properties":{},"geometry":{"type":"Point","coordinates":[77.564945,12.965853]}},{"type":"Feature","properties":{},"geometry":{"type":"Point","coordinates":[77.565793,12.961839]}},{"type":"Feature","properties":{},"geometry":{"type":"Point","coordinates":[77.569913,12.964735]}},{"type":"Feature","properties":{},"geometry":{"type":"Point","coordinates":[77.566404,12.961703]}},{"type":"Feature","properties":{},"geometry":{"type":"Point","coordinates":[77.566786,12.961359]}},{"type":"Feature","properties":{},"geometry":{"type":"Point","coordinates":[77.571433,12.962276]}},{"type":"Feature","properties":{},"geometry":{"type":"Point","coordinates":[77.565345,12.961187]}},{"type":"Feature","properties":{},"geometry":{"type":"Point","coordinates":[77.566636,12.961945]}},{"type":"Feature","properties":{},"geometry":{"type":"Point","coordinates":[77.566589,12.961151]}},{"type":"Feature","properties":{},"geometry":{"type":"Point","coordinates":[77.57066,12.96403]}},{"type":"Feature","properties":{},"geometry":{"type":"Point","coordinates":[77.561805,12.955815]}},{"type":"Feature","properties":{},"geometry":{"type":"Point","coordinates":[77.541626,12.952314]}},{"type":"Feature","properties":{},"geometry":{"type":"Point","coordinates":[77.540252,12.951562]}},{"type":"Feature","properties":{},"geometry":{"type":"Point","coordinates":[77.542822,12.949909]}},{"type":"Feature","properties":{},"geometry":{"type":"Point","coordinates":[77.552,12.951838]}},{"type":"Feature","properties":{},"geometry":{"type":"Point","coordinates":[77.552237,12.952315]}},{"type":"Feature","properties":{},"geometry":{"type":"Point","coordinates":[77.554587,12.956869]}},{"type":"Feature","properties":{},"geometry":{"type":"Point","coordinates":[77.552219,12.955681]}},{"type":"Feature","properties":{},"geometry":{"type":"Point","coordinates":[77.551963,12.953845]}},{"type":"Feature","properties":{},"geometry":{"type":"Point","coordinates":[77.554866,12.956285]}},{"type":"Feature","properties":{},"geometry":{"type":"Point","coordinates":[77.552454,12.951726]}},{"type":"Feature","properties":{},"geometry":{"type":"Point","coordinates":[77.552381,12.956926]}},{"type":"Feature","properties":{},"geometry":{"type":"Point","coordinates":[77.558361,12.956581]}},{"type":"Feature","properties":{},"geometry":{"type":"Point","coordinates":[77.556693,12.956819]}},{"type":"Feature","properties":{},"geometry":{"type":"Point","coordinates":[77.556612,12.958063]}},{"type":"Feature","properties":{},"geometry":{"type":"Point","coordinates":[77.551923,12.952661]}},{"type":"Feature","properties":{},"geometry":{"type":"Point","coordinates":[77.550562,12.953586]}},{"type":"Feature","properties":{},"geometry":{"type":"Point","coordinates":[77.55228,12.951524]}},{"type":"Feature","properties":{},"geometry":{"type":"Point","coordinates":[77.554523,12.955658]}},{"type":"Feature","properties":{},"geometry":{"type":"Point","coordinates":[77.55237,12.956719]}},{"type":"Feature","properties":{},"geometry":{"type":"Point","coordinates":[77.556971,12.955623]}},{"type":"Feature","properties":{},"geometry":{"type":"Point","coordinates":[77.556008,12.954562]}},{"type":"Feature","properties":{},"geometry":{"type":"Point","coordinates":[77.564965,12.930428]}},{"type":"Feature","properties":{},"geometry":{"type":"Point","coordinates":[77.567849,12.933125]}},{"type":"Feature","properties":{},"geometry":{"type":"Point","coordinates":[77.565673,12.931332]}},{"type":"Feature","properties":{},"geometry":{"type":"Point","coordinates":[77.565574,12.930227]}},{"type":"Feature","properties":{},"geometry":{"type":"Point","coordinates":[77.567429,12.932017]}},{"type":"Feature","properties":{},"geometry":{"type":"Point","coordinates":[77.565,12.934528]}},{"type":"Feature","properties":{},"geometry":{"type":"Point","coordinates":[77.566107,12.935707]}},{"type":"Feature","properties":{},"geometry":{"type":"Point","coordinates":[77.567234,12.931641]}},{"type":"Feature","properties":{},"geometry":{"type":"Point","coordinates":[77.566042,12.932833]}},{"type":"Feature","properties":{},"geometry":{"type":"Point","coordinates":[77.568183,12.934259]}},{"type":"Feature","properties":{},"geometry":{"type":"Point","coordinates":[77.567207,12.940504]}},{"type":"Feature","properties":{},"geometry":{"type":"Point","coordinates":[77.565193,12.931718]}},{"type":"Feature","properties":{},"geometry":{"type":"Point","coordinates":[77.570502,12.93421]}},{"type":"Feature","properties":{},"geometry":{"type":"Point","coordinates":[77.56993,12.933818]}},{"type":"Feature","properties":{},"geometry":{"type":"Point","coordinates":[77.571296,12.933521]}},{"type":"Feature","properties":{},"geometry":{"type":"Point","coordinates":[77.563989,12.930523]}},{"type":"Feature","properties":{},"geometry":{"type":"Point","coordinates":[77.569397,12.933927]}},{"type":"Feature","properties":{},"geometry":{"type":"Point","coordinates":[77.5653,12.937527]}},{"type":"Feature","properties":{},"geometry":{"type":"Point","coordinates":[77.546974,12.946797]}},{"type":"Feature","properties":{},"geometry":{"type":"Point","coordinates":[77.542386,12.950575]}},{"type":"Feature","properties":{},"geometry":{"type":"Point","coordinates":[77.547313,12.952366]}},{"type":"Feature","properties":{},"geometry":{"type":"Point","coordinates":[77.541304,12.947658]}},{"type":"Feature","properties":{},"geometry":{"type":"Point","coordinates":[77.541396,12.949323]}},{"type":"Feature","properties":{},"geometry":{"type":"Point","coordinates":[77.543919,12.945826]}},{"type":"Feature","properties":{},"geometry":{"type":"Point","coordinates":[77.545232,12.946423]}},{"type":"Feature","properties":{},"geometry":{"type":"Point","coordinates":[77.548244,12.953002]}},{"type":"Feature","properties":{},"geometry":{"type":"Point","coordinates":[77.548027,12.95371]}},{"type":"Feature","properties":{},"geometry":{"type":"Point","coordinates":[77.541253,12.948443]}},{"type":"Feature","properties":{},"geometry":{"type":"Point","coordinates":[77.542619,12.949281]}},{"type":"Feature","properties":{},"geometry":{"type":"Point","coordinates":[77.545573,12.947208]}},{"type":"Feature","properties":{},"geometry":{"type":"Point","coordinates":[77.545276,12.947013]}},{"type":"Feature","properties":{},"geometry":{"type":"Point","coordinates":[77.545574,12.951583]}},{"type":"Feature","properties":{},"geometry":{"type":"Point","coordinates":[77.558756,12.946639]}},{"type":"Feature","properties":{},"geometry":{"type":"Point","coordinates":[77.558677,12.941652]}},{"type":"Feature","properties":{},"geometry":{"type":"Point","coordinates":[77.560472,12.948343]}},{"type":"Feature","properties":{},"geometry":{"type":"Point","coordinates":[77.559432,12.941653]}},{"type":"Feature","properties":{},"geometry":{"type":"Point","coordinates":[77.55685,12.949188]}},{"type":"Feature","properties":{},"geometry":{"type":"Point","coordinates":[77.55936,12.947521]}},{"type":"Feature","properties":{},"geometry":{"type":"Point","coordinates":[77.560595,12.942739]}},{"type":"Feature","properties":{},"geometry":{"type":"Point","coordinates":[77.561843,12.944256]}},{"type":"Feature","properties":{},"geometry":{"type":"Point","coordinates":[77.561629,12.945739]}},{"type":"Feature","properties":{},"geometry":{"type":"Point","coordinates":[77.561847,12.944897]}},{"type":"Feature","properties":{},"geometry":{"type":"Point","coordinates":[77.56009,12.945976]}},{"type":"Feature","properties":{},"geometry":{"type":"Point","coordinates":[77.556725,12.94773]}},{"type":"Feature","properties":{},"geometry":{"type":"Point","coordinates":[77.560603,12.944806]}},{"type":"Feature","properties":{},"geometry":{"type":"Point","coordinates":[77.556587,12.946706]}},{"type":"Feature","properties":{},"geometry":{"type":"Point","coordinates":[77.562374,12.944918]}},{"type":"Feature","properties":{},"geometry":{"type":"Point","coordinates":[77.555888,12.948937]}},{"type":"Feature","properties":{},"geometry":{"type":"Point","coordinates":[77.560998,12.948464]}},{"type":"Feature","properties":{},"geometry":{"type":"Point","coordinates":[77.55694,12.948595]}},{"type":"Feature","properties":{},"geometry":{"type":"Point","coordinates":[77.558852,12.94616]}},{"type":"Feature","properties":{},"geometry":{"type":"Point","coordinates":[77.575825,12.931136]}},{"type":"Feature","properties":{},"geometry":{"type":"Point","coordinates":[77.578297,12.936309]}},{"type":"Feature","properties":{},"geometry":{"type":"Point","coordinates":[77.576038,12.930969]}},{"type":"Feature","properties":{},"geometry":{"type":"Point","coordinates":[77.576423,12.931745]}},{"type":"Feature","properties":{},"geometry":{"type":"Point","coordinates":[77.575591,12.937714]}},{"type":"Feature","properties":{},"geometry":{"type":"Point","coordinates":[77.578743,12.93333]}},{"type":"Feature","properties":{},"geometry":{"type":"Point","coordinates":[77.574692,12.931363]}},{"type":"Feature","properties":{},"geometry":{"type":"Point","coordinates":[77.572142,12.932132]}},{"type":"Feature","properties":{},"geometry":{"type":"Point","coordinates":[77.573899,12.935245]}},{"type":"Feature","properties":{},"geometry":{"type":"Point","coordinates":[77.576141,12.936255]}},{"type":"Feature","properties":{},"geometry":{"type":"Point","coordinates":[77.579059,12.931333]}},{"type":"Feature","properties":{},"geometry":{"type":"Point","coordinates":[77.578803,12.932219]}},{"type":"Feature","properties":{},"geometry":{"type":"Point","coordinates":[77.568434,12.931952]}},{"type":"Feature","properties":{},"geometry":{"type":"Point","coordinates":[77.579033,12.935853]}},{"type":"Feature","properties":{},"geometry":{"type":"Point","coordinates":[77.577485,12.932661]}},{"type":"Feature","properties":{},"geometry":{"type":"Point","coordinates":[77.550753,12.9423]}},{"type":"Feature","properties":{},"geometry":{"type":"Point","coordinates":[77.547614,12.938926]}},{"type":"Feature","properties":{},"geometry":{"type":"Point","coordinates":[77.55538,12.934608]}},{"type":"Feature","properties":{},"geometry":{"type":"Point","coordinates":[77.554521,12.942254]}},{"type":"Feature","properties":{},"geometry":{"type":"Point","coordinates":[77.548808,12.941036]}},{"type":"Feature","properties":{},"geometry":{"type":"Point","coordinates":[77.551043,12.942232]}},{"type":"Feature","properties":{},"geometry":{"type":"Point","coordinates":[77.541534,12.943275]}},{"type":"Feature","properties":{},"geometry":{"type":"Point","coordinates":[77.546007,12.942077]}},{"type":"Feature","properties":{},"geometry":{"type":"Point","coordinates":[77.544376,12.942647]}},{"type":"Feature","properties":{},"geometry":{"type":"Point","coordinates":[77.550437,12.937601]}},{"type":"Feature","properties":{},"geometry":{"type":"Point","coordinates":[77.550154,12.934548]}},{"type":"Feature","properties":{},"geometry":{"type":"Point","coordinates":[77.549059,12.935378]}},{"type":"Feature","properties":{},"geometry":{"type":"Point","coordinates":[77.550782,12.935314]}},{"type":"Feature","properties":{},"geometry":{"type":"Point","coordinates":[77.548453,12.941397]}},{"type":"Feature","properties":{},"geometry":{"type":"Point","coordinates":[77.551358,12.937134]}},{"type":"Feature","properties":{},"geometry":{"type":"Point","coordinates":[77.550406,12.936679]}},{"type":"Feature","properties":{},"geometry":{"type":"Point","coordinates":[77.550928,12.936859]}},{"type":"Feature","properties":{},"geometry":{"type":"Point","coordinates":[77.576266,12.943193]}},{"type":"Feature","properties":{},"geometry":{"type":"Point","coordinates":[77.58784,12.946017]}},{"type":"Feature","properties":{},"geometry":{"type":"Point","coordinates":[77.587431,12.944887]}},{"type":"Feature","properties":{},"geometry":{"type":"Point","coordinates":[77.589737,12.945645]}},{"type":"Feature","properties":{},"geometry":{"type":"Point","coordinates":[77.593518,12.948491]}},{"type":"Feature","properties":{},"geometry":{"type":"Point","coordinates":[77.58013,12.954709]}},{"type":"Feature","properties":{},"geometry":{"type":"Point","coordinates":[77.571518,12.956333]}},{"type":"Feature","properties":{},"geometry":{"type":"Point","coordinates":[77.581419,12.954625]}},{"type":"Feature","properties":{},"geometry":{"type":"Point","coordinates":[77.581322,12.954305]}},{"type":"Feature","properties":{},"geometry":{"type":"Point","coordinates":[77.583288,12.952779]}},{"type":"Feature","properties":{},"geometry":{"type":"Point","coordinates":[77.57626,12.954001]}},{"type":"Feature","properties":{},"geometry":{"type":"Point","coordinates":[77.582701,12.953228]}},{"type":"Feature","properties":{},"geometry":{"type":"Point","coordinates":[77.5752,12.955371]}},{"type":"Feature","properties":{},"geometry":{"type":"Point","coordinates":[77.573174,12.956489]}},{"type":"Feature","properties":{},"geometry":{"type":"Point","coordinates":[77.583909,12.954097]}},{"type":"Feature","properties":{},"geometry":{"type":"Point","coordinates":[77.575748,12.955364]}},{"type":"Feature","properties":{},"geometry":{"type":"Point","coordinates":[77.577074,12.956038]}},{"type":"Feature","properties":{},"geometry":{"type":"Point","coordinates":[77.600503,12.939993]}},{"type":"Feature","properties":{},"geometry":{"type":"Point","coordinates":[77.600505,12.940255]}},{"type":"Feature","properties":{},"geometry":{"type":"Point","coordinates":[77.600977,12.939518]}},{"type":"Feature","properties":{},"geometry":{"type":"Point","coordinates":[77.607317,12.944244]}},{"type":"Feature","properties":{},"geometry":{"type":"Point","coordinates":[77.606568,12.943583]}},{"type":"Feature","properties":{},"geometry":{"type":"Point","coordinates":[77.606691,12.941949]}},{"type":"Feature","properties":{},"geometry":{"type":"Point","coordinates":[77.606926,12.941781]}},{"type":"Feature","properties":{},"geometry":{"type":"Point","coordinates":[77.608231,12.937256]}},{"type":"Feature","properties":{},"geometry":{"type":"Point","coordinates":[77.608916,12.936707]}},{"type":"Feature","properties":{},"geometry":{"type":"Point","coordinates":[77.602121,12.949444]}},{"type":"Feature","properties":{},"geometry":{"type":"Point","coordinates":[77.599536,12.94262]}},{"type":"Feature","properties":{},"geometry":{"type":"Point","coordinates":[77.609244,12.939767]}},{"type":"Feature","properties":{},"geometry":{"type":"Point","coordinates":[77.599119,12.943145]}},{"type":"Feature","properties":{},"geometry":{"type":"Point","coordinates":[77.598981,12.942015]}},{"type":"Feature","properties":{},"geometry":{"type":"Point","coordinates":[77.602661,12.946715]}},{"type":"Feature","properties":{},"geometry":{"type":"Point","coordinates":[77.608476,12.940384]}},{"type":"Feature","properties":{},"geometry":{"type":"Point","coordinates":[77.591025,12.957106]}},{"type":"Feature","properties":{},"geometry":{"type":"Point","coordinates":[77.589951,12.957591]}},{"type":"Feature","properties":{},"geometry":{"type":"Point","coordinates":[77.59036,12.957515]}},{"type":"Feature","properties":{},"geometry":{"type":"Point","coordinates":[77.589224,12.957831]}},{"type":"Feature","properties":{},"geometry":{"type":"Point","coordinates":[77.593327,12.950539]}},{"type":"Feature","properties":{},"geometry":{"type":"Point","coordinates":[77.599644,12.94974]}},{"type":"Feature","properties":{},"geometry":{"type":"Point","coordinates":[77.599503,12.949303]}},{"type":"Feature","properties":{},"geometry":{"type":"Point","coordinates":[77.600094,12.94831]}},{"type":"Feature","properties":{},"geometry":{"type":"Point","coordinates":[77.593359,12.950205]}},{"type":"Feature","properties":{},"geometry":{"type":"Point","coordinates":[77.599024,12.945758]}},{"type":"Feature","properties":{},"geometry":{"type":"Point","coordinates":[77.599006,12.946709]}},{"type":"Feature","properties":{},"geometry":{"type":"Point","coordinates":[77.591898,12.956175]}},{"type":"Feature","properties":{},"geometry":{"type":"Point","coordinates":[77.593868,12.950008]}},{"type":"Feature","properties":{},"geometry":{"type":"Point","coordinates":[77.595509,12.948347]}},{"type":"Feature","properties":{},"geometry":{"type":"Point","coordinates":[77.60194,12.946335]}},{"type":"Feature","properties":{},"geometry":{"type":"Point","coordinates":[77.607848,12.941744]}},{"type":"Feature","properties":{},"geometry":{"type":"Point","coordinates":[77.576595,12.960131]}},{"type":"Feature","properties":{},"geometry":{"type":"Point","coordinates":[77.57702,12.956724]}},{"type":"Feature","properties":{},"geometry":{"type":"Point","coordinates":[77.578094,12.959832]}},{"type":"Feature","properties":{},"geometry":{"type":"Point","coordinates":[77.562327,12.950231]}},{"type":"Feature","properties":{},"geometry":{"type":"Point","coordinates":[77.562159,12.949856]}},{"type":"Feature","properties":{},"geometry":{"type":"Point","coordinates":[77.608264,12.905968]}},{"type":"Feature","properties":{},"geometry":{"type":"Point","coordinates":[77.608042,12.907928]}},{"type":"Feature","properties":{},"geometry":{"type":"Point","coordinates":[77.613826,12.914014]}},{"type":"Feature","properties":{},"geometry":{"type":"Point","coordinates":[77.616699,12.915327]}},{"type":"Feature","properties":{},"geometry":{"type":"Point","coordinates":[77.605747,12.907257]}},{"type":"Feature","properties":{},"geometry":{"type":"Point","coordinates":[77.606089,12.907254]}},{"type":"Feature","properties":{},"geometry":{"type":"Point","coordinates":[77.611749,12.908956]}},{"type":"Feature","properties":{},"geometry":{"type":"Point","coordinates":[77.61395,12.915981]}},{"type":"Feature","properties":{},"geometry":{"type":"Point","coordinates":[77.611154,12.907034]}},{"type":"Feature","properties":{},"geometry":{"type":"Point","coordinates":[77.603449,12.909509]}},{"type":"Feature","properties":{},"geometry":{"type":"Point","coordinates":[77.610032,12.906421]}},{"type":"Feature","properties":{},"geometry":{"type":"Point","coordinates":[77.610809,12.906308]}},{"type":"Feature","properties":{},"geometry":{"type":"Point","coordinates":[77.60129,12.908791]}},{"type":"Feature","properties":{},"geometry":{"type":"Point","coordinates":[77.608801,12.907827]}},{"type":"Feature","properties":{},"geometry":{"type":"Point","coordinates":[77.577481,12.956302]}},{"type":"Feature","properties":{},"geometry":{"type":"Point","coordinates":[77.580024,12.957401]}},{"type":"Feature","properties":{},"geometry":{"type":"Point","coordinates":[77.58508,12.959944]}},{"type":"Feature","properties":{},"geometry":{"type":"Point","coordinates":[77.585072,12.958819]}},{"type":"Feature","properties":{},"geometry":{"type":"Point","coordinates":[77.584254,12.958967]}},{"type":"Feature","properties":{},"geometry":{"type":"Point","coordinates":[77.578409,12.957526]}},{"type":"Feature","properties":{},"geometry":{"type":"Point","coordinates":[77.586047,12.959327]}},{"type":"Feature","properties":{},"geometry":{"type":"Point","coordinates":[77.587994,12.95897]}},{"type":"Feature","properties":{},"geometry":{"type":"Point","coordinates":[77.584689,12.958974]}},{"type":"Feature","properties":{},"geometry":{"type":"Point","coordinates":[77.58499,12.958299]}},{"type":"Feature","properties":{},"geometry":{"type":"Point","coordinates":[77.586379,12.959219]}},{"type":"Feature","properties":{},"geometry":{"type":"Point","coordinates":[77.608685,12.920357]}},{"type":"Feature","properties":{},"geometry":{"type":"Point","coordinates":[77.608531,12.919786]}},{"type":"Feature","properties":{},"geometry":{"type":"Point","coordinates":[77.610632,12.921056]}},{"type":"Feature","properties":{},"geometry":{"type":"Point","coordinates":[77.608944,12.921218]}},{"type":"Feature","properties":{},"geometry":{"type":"Point","coordinates":[77.609221,12.921297]}},{"type":"Feature","properties":{},"geometry":{"type":"Point","coordinates":[77.61154,12.920757]}},{"type":"Feature","properties":{},"geometry":{"type":"Point","coordinates":[77.611016,12.921569]}},{"type":"Feature","properties":{},"geometry":{"type":"Point","coordinates":[77.614602,12.921829]}},{"type":"Feature","properties":{},"geometry":{"type":"Point","coordinates":[77.615119,12.917134]}},{"type":"Feature","properties":{},"geometry":{"type":"Point","coordinates":[77.612965,12.918847]}},{"type":"Feature","properties":{},"geometry":{"type":"Point","coordinates":[77.614551,12.91917]}},{"type":"Feature","properties":{},"geometry":{"type":"Point","coordinates":[77.615433,12.919382]}},{"type":"Feature","properties":{},"geometry":{"type":"Point","coordinates":[77.618347,12.918256]}},{"type":"Feature","properties":{},"geometry":{"type":"Point","coordinates":[77.619175,12.922084]}},{"type":"Feature","properties":{},"geometry":{"type":"Point","coordinates":[77.615632,12.920951]}},{"type":"Feature","properties":{},"geometry":{"type":"Point","coordinates":[77.615985,12.921526]}},{"type":"Feature","properties":{},"geometry":{"type":"Point","coordinates":[77.616234,12.921408]}},{"type":"Feature","properties":{},"geometry":{"type":"Point","coordinates":[77.611126,12.920104]}},{"type":"Feature","properties":{},"geometry":{"type":"Point","coordinates":[77.616548,12.921359]}},{"type":"Feature","properties":{},"geometry":{"type":"Point","coordinates":[77.616581,12.922173]}},{"type":"Feature","properties":{},"geometry":{"type":"Point","coordinates":[77.61858,12.921618]}},{"type":"Feature","properties":{},"geometry":{"type":"Point","coordinates":[77.615163,12.921143]}},{"type":"Feature","properties":{},"geometry":{"type":"Point","coordinates":[77.618667,12.917973]}},{"type":"Feature","properties":{},"geometry":{"type":"Point","coordinates":[77.590886,12.928976]}},{"type":"Feature","properties":{},"geometry":{"type":"Point","coordinates":[77.586712,12.930822]}},{"type":"Feature","properties":{},"geometry":{"type":"Point","coordinates":[77.547167,12.96735]}},{"type":"Feature","properties":{},"geometry":{"type":"Point","coordinates":[77.550004,12.963262]}},{"type":"Feature","properties":{},"geometry":{"type":"Point","coordinates":[77.54826,12.964227]}},{"type":"Feature","properties":{},"geometry":{"type":"Point","coordinates":[77.55426,12.962187]}},{"type":"Feature","properties":{},"geometry":{"type":"Point","coordinates":[77.54988,12.964828]}},{"type":"Feature","properties":{},"geometry":{"type":"Point","coordinates":[77.547838,12.963879]}},{"type":"Feature","properties":{},"geometry":{"type":"Point","coordinates":[77.553224,12.96484]}},{"type":"Feature","properties":{},"geometry":{"type":"Point","coordinates":[77.556449,12.96318]}},{"type":"Feature","properties":{},"geometry":{"type":"Point","coordinates":[77.553658,12.962213]}},{"type":"Feature","properties":{},"geometry":{"type":"Point","coordinates":[77.547297,12.960934]}},{"type":"Feature","properties":{},"geometry":{"type":"Point","coordinates":[77.552378,12.962397]}},{"type":"Feature","properties":{},"geometry":{"type":"Point","coordinates":[77.548868,12.96027]}},{"type":"Feature","properties":{},"geometry":{"type":"Point","coordinates":[77.554231,12.959604]}},{"type":"Feature","properties":{},"geometry":{"type":"Point","coordinates":[77.55208,12.961302]}},{"type":"Feature","properties":{},"geometry":{"type":"Point","coordinates":[77.556609,12.963151]}},{"type":"Feature","properties":{},"geometry":{"type":"Point","coordinates":[77.550999,12.960367]}},{"type":"Feature","properties":{},"geometry":{"type":"Point","coordinates":[77.553662,12.961813]}},{"type":"Feature","properties":{},"geometry":{"type":"Point","coordinates":[77.552019,12.963578]}},{"type":"Feature","properties":{},"geometry":{"type":"Point","coordinates":[77.552376,12.961915]}},{"type":"Feature","properties":{},"geometry":{"type":"Point","coordinates":[77.548623,12.959676]}},{"type":"Feature","properties":{},"geometry":{"type":"Point","coordinates":[77.551161,12.959558]}},{"type":"Feature","properties":{},"geometry":{"type":"Point","coordinates":[77.550395,12.961171]}},{"type":"Feature","properties":{},"geometry":{"type":"Point","coordinates":[77.550201,12.969359]}},{"type":"Feature","properties":{},"geometry":{"type":"Point","coordinates":[77.554216,12.958655]}},{"type":"Feature","properties":{},"geometry":{"type":"Point","coordinates":[77.55114,12.961592]}},{"type":"Feature","properties":{},"geometry":{"type":"Point","coordinates":[77.552571,12.9674]}},{"type":"Feature","properties":{},"geometry":{"type":"Point","coordinates":[77.555163,12.966612]}},{"type":"Feature","properties":{},"geometry":{"type":"Point","coordinates":[77.553878,12.967768]}},{"type":"Feature","properties":{},"geometry":{"type":"Point","coordinates":[77.554869,12.967727]}},{"type":"Feature","properties":{},"geometry":{"type":"Point","coordinates":[77.558795,12.964442]}},{"type":"Feature","properties":{},"geometry":{"type":"Point","coordinates":[77.559125,12.962638]}},{"type":"Feature","properties":{},"geometry":{"type":"Point","coordinates":[77.559245,12.963344]}},{"type":"Feature","properties":{},"geometry":{"type":"Point","coordinates":[77.556006,12.966403]}},{"type":"Feature","properties":{},"geometry":{"type":"Point","coordinates":[77.553336,12.966759]}},{"type":"Feature","properties":{},"geometry":{"type":"Point","coordinates":[77.558263,12.961592]}},{"type":"Feature","properties":{},"geometry":{"type":"Point","coordinates":[77.55271,12.966056]}},{"type":"Feature","properties":{},"geometry":{"type":"Point","coordinates":[77.556671,12.961882]}},{"type":"Feature","properties":{},"geometry":{"type":"Point","coordinates":[77.554824,12.965334]}},{"type":"Feature","properties":{},"geometry":{"type":"Point","coordinates":[77.556465,12.966684]}},{"type":"Feature","properties":{},"geometry":{"type":"Point","coordinates":[77.55833,12.962374]}},{"type":"Feature","properties":{},"geometry":{"type":"Point","coordinates":[77.554355,12.968154]}},{"type":"Feature","properties":{},"geometry":{"type":"Point","coordinates":[77.55986,12.963494]}},{"type":"Feature","properties":{},"geometry":{"type":"Point","coordinates":[77.558453,12.964004]}},{"type":"Feature","properties":{},"geometry":{"type":"Point","coordinates":[77.558503,12.964932]}},{"type":"Feature","properties":{},"geometry":{"type":"Point","coordinates":[77.557087,12.961775]}},{"type":"Feature","properties":{},"geometry":{"type":"Point","coordinates":[77.557632,12.963166]}},{"type":"Feature","properties":{},"geometry":{"type":"Point","coordinates":[77.55659,12.962607]}},{"type":"Feature","properties":{},"geometry":{"type":"Point","coordinates":[77.559243,12.961578]}},{"type":"Feature","properties":{},"geometry":{"type":"Point","coordinates":[77.56139,12.962205]}},{"type":"Feature","properties":{},"geometry":{"type":"Point","coordinates":[77.558822,12.963778]}},{"type":"Feature","properties":{},"geometry":{"type":"Point","coordinates":[77.547901,12.963449]}},{"type":"Feature","properties":{},"geometry":{"type":"Point","coordinates":[77.548571,12.962983]}},{"type":"Feature","properties":{},"geometry":{"type":"Point","coordinates":[77.54675,12.96176]}},{"type":"Feature","properties":{},"geometry":{"type":"Point","coordinates":[77.547201,12.960445]}},{"type":"Feature","properties":{},"geometry":{"type":"Point","coordinates":[77.548577,12.95921]}},{"type":"Feature","properties":{},"geometry":{"type":"Point","coordinates":[77.549811,12.959312]}},{"type":"Feature","properties":{},"geometry":{"type":"Point","coordinates":[77.550376,12.959395]}},{"type":"Feature","properties":{},"geometry":{"type":"Point","coordinates":[77.549326,12.962331]}},{"type":"Feature","properties":{},"geometry":{"type":"Point","coordinates":[77.550617,12.961123]}},{"type":"Feature","properties":{},"geometry":{"type":"Point","coordinates":[77.552343,12.959583]}},{"type":"Feature","properties":{},"geometry":{"type":"Point","coordinates":[77.560095,12.963373]}},{"type":"Feature","properties":{},"geometry":{"type":"Point","coordinates":[77.557786,12.96395]}},{"type":"Feature","properties":{},"geometry":{"type":"Point","coordinates":[77.556903,12.96496]}},{"type":"Feature","properties":{},"geometry":{"type":"Point","coordinates":[77.556697,12.964965]}},{"type":"Feature","properties":{},"geometry":{"type":"Point","coordinates":[77.556916,12.966302]}},{"type":"Feature","properties":{},"geometry":{"type":"Point","coordinates":[77.554179,12.966512]}},{"type":"Feature","properties":{},"geometry":{"type":"Point","coordinates":[77.552699,12.966687]}},{"type":"Feature","properties":{},"geometry":{"type":"Point","coordinates":[77.553393,12.967292]}},{"type":"Feature","properties":{},"geometry":{"type":"Point","coordinates":[77.554588,12.967775]}},{"type":"Feature","properties":{},"geometry":{"type":"Point","coordinates":[77.557617,12.965173]}},{"type":"Feature","properties":{},"geometry":{"type":"Point","coordinates":[77.554355,12.964941]}},{"type":"Feature","properties":{},"geometry":{"type":"Point","coordinates":[77.549888,12.965617]}},{"type":"Feature","properties":{},"geometry":{"type":"Point","coordinates":[77.58813,12.917428]}},{"type":"Feature","properties":{},"geometry":{"type":"Point","coordinates":[77.587625,12.919084]}},{"type":"Feature","properties":{},"geometry":{"type":"Point","coordinates":[77.589481,12.919178]}},{"type":"Feature","properties":{},"geometry":{"type":"Point","coordinates":[77.588937,12.917417]}},{"type":"Feature","properties":{},"geometry":{"type":"Point","coordinates":[77.58946,12.917729]}},{"type":"Feature","properties":{},"geometry":{"type":"Point","coordinates":[77.576946,12.911332]}},{"type":"Feature","properties":{},"geometry":{"type":"Point","coordinates":[77.577428,12.91229]}},{"type":"Feature","properties":{},"geometry":{"type":"Point","coordinates":[77.579798,12.914286]}},{"type":"Feature","properties":{},"geometry":{"type":"Point","coordinates":[77.578684,12.916847]}},{"type":"Feature","properties":{},"geometry":{"type":"Point","coordinates":[77.582656,12.902462]}},{"type":"Feature","properties":{},"geometry":{"type":"Point","coordinates":[77.581859,12.904063]}},{"type":"Feature","properties":{},"geometry":{"type":"Point","coordinates":[77.583414,12.904728]}},{"type":"Feature","properties":{},"geometry":{"type":"Point","coordinates":[77.582752,12.903165]}},{"type":"Feature","properties":{},"geometry":{"type":"Point","coordinates":[77.581454,12.903912]}},{"type":"Feature","properties":{},"geometry":{"type":"Point","coordinates":[77.583873,12.904278]}},{"type":"Feature","properties":{},"geometry":{"type":"Point","coordinates":[77.584819,12.904017]}},{"type":"Feature","properties":{},"geometry":{"type":"Point","coordinates":[77.584462,12.902356]}},{"type":"Feature","properties":{},"geometry":{"type":"Point","coordinates":[77.582858,12.902024]}},{"type":"Feature","properties":{},"geometry":{"type":"Point","coordinates":[77.58159,12.909352]}},{"type":"Feature","properties":{},"geometry":{"type":"Point","coordinates":[77.581028,12.904805]}},{"type":"Feature","properties":{},"geometry":{"type":"Point","coordinates":[77.587778,12.931413]}},{"type":"Feature","properties":{},"geometry":{"type":"Point","coordinates":[77.595884,12.927059]}},{"type":"Feature","properties":{},"geometry":{"type":"Point","coordinates":[77.595529,12.918998]}},{"type":"Feature","properties":{},"geometry":{"type":"Point","coordinates":[77.55502,12.929424]}},{"type":"Feature","properties":{},"geometry":{"type":"Point","coordinates":[77.557236,12.932787]}},{"type":"Feature","properties":{},"geometry":{"type":"Point","coordinates":[77.55419,12.930346]}},{"type":"Feature","properties":{},"geometry":{"type":"Point","coordinates":[77.559832,12.932671]}},{"type":"Feature","properties":{},"geometry":{"type":"Point","coordinates":[77.560187,12.932156]}},{"type":"Feature","properties":{},"geometry":{"type":"Point","coordinates":[77.561691,12.931889]}},{"type":"Feature","properties":{},"geometry":{"type":"Point","coordinates":[77.56191,12.931857]}},{"type":"Feature","properties":{},"geometry":{"type":"Point","coordinates":[77.561814,12.932634]}},{"type":"Feature","properties":{},"geometry":{"type":"Point","coordinates":[77.562172,12.932979]}},{"type":"Feature","properties":{},"geometry":{"type":"Point","coordinates":[77.562577,12.931582]}},{"type":"Feature","properties":{},"geometry":{"type":"Point","coordinates":[77.56253,12.930887]}},{"type":"Feature","properties":{},"geometry":{"type":"Point","coordinates":[77.563574,12.930651]}},{"type":"Feature","properties":{},"geometry":{"type":"Point","coordinates":[77.561627,12.935143]}},{"type":"Feature","properties":{},"geometry":{"type":"Point","coordinates":[77.561179,12.935693]}},{"type":"Feature","properties":{},"geometry":{"type":"Point","coordinates":[77.5612,12.936972]}},{"type":"Feature","properties":{},"geometry":{"type":"Point","coordinates":[77.561296,12.936426]}},{"type":"Feature","properties":{},"geometry":{"type":"Point","coordinates":[77.56226,12.936642]}},{"type":"Feature","properties":{},"geometry":{"type":"Point","coordinates":[77.562556,12.937106]}},{"type":"Feature","properties":{},"geometry":{"type":"Point","coordinates":[77.563207,12.937628]}},{"type":"Feature","properties":{},"geometry":{"type":"Point","coordinates":[77.564503,12.937746]}},{"type":"Feature","properties":{},"geometry":{"type":"Point","coordinates":[77.56211,12.93876]}},{"type":"Feature","properties":{},"geometry":{"type":"Point","coordinates":[77.558801,12.938929]}},{"type":"Feature","properties":{},"geometry":{"type":"Point","coordinates":[77.559799,12.940471]}},{"type":"Feature","properties":{},"geometry":{"type":"Point","coordinates":[77.55991,12.94044]}},{"type":"Feature","properties":{},"geometry":{"type":"Point","coordinates":[77.559758,12.935954]}},{"type":"Feature","properties":{},"geometry":{"type":"Point","coordinates":[77.55761,12.93674]}},{"type":"Feature","properties":{},"geometry":{"type":"Point","coordinates":[77.559136,12.935128]}},{"type":"Feature","properties":{},"geometry":{"type":"Point","coordinates":[77.550929,12.928234]}},{"type":"Feature","properties":{},"geometry":{"type":"Point","coordinates":[77.551872,12.92655]}},{"type":"Feature","properties":{},"geometry":{"type":"Point","coordinates":[77.551821,12.927818]}},{"type":"Feature","properties":{},"geometry":{"type":"Point","coordinates":[77.552978,12.930175]}},{"type":"Feature","properties":{},"geometry":{"type":"Point","coordinates":[77.555596,12.934545]}},{"type":"Feature","properties":{},"geometry":{"type":"Point","coordinates":[77.556737,12.934762]}},{"type":"Feature","properties":{},"geometry":{"type":"Point","coordinates":[77.553041,12.933877]}},{"type":"Feature","properties":{},"geometry":{"type":"Point","coordinates":[77.552512,12.9318]}},{"type":"Feature","properties":{},"geometry":{"type":"Point","coordinates":[77.552305,12.931589]}},{"type":"Feature","properties":{},"geometry":{"type":"Point","coordinates":[77.551208,12.930644]}},{"type":"Feature","properties":{},"geometry":{"type":"Point","coordinates":[77.552503,12.927791]}},{"type":"Feature","properties":{},"geometry":{"type":"Point","coordinates":[77.588121,12.918813]}},{"type":"Feature","properties":{},"geometry":{"type":"Point","coordinates":[77.587048,12.918824]}},{"type":"Feature","properties":{},"geometry":{"type":"Point","coordinates":[77.591562,12.928252]}},{"type":"Feature","properties":{},"geometry":{"type":"Point","coordinates":[77.587849,12.931804]}},{"type":"Feature","properties":{},"geometry":{"type":"Point","coordinates":[77.592339,12.93311]}},{"type":"Feature","properties":{},"geometry":{"type":"Point","coordinates":[77.593555,12.928051]}},{"type":"Feature","properties":{},"geometry":{"type":"Point","coordinates":[77.595891,12.927856]}},{"type":"Feature","properties":{},"geometry":{"type":"Point","coordinates":[77.595248,12.922586]}},{"type":"Feature","properties":{},"geometry":{"type":"Point","coordinates":[77.594365,12.918995]}},{"type":"Feature","properties":{},"geometry":{"type":"Point","coordinates":[77.577063,12.910137]}},{"type":"Feature","properties":{},"geometry":{"type":"Point","coordinates":[77.538862,12.933415]}},{"type":"Feature","properties":{},"geometry":{"type":"Point","coordinates":[77.538944,12.93324]}},{"type":"Feature","properties":{},"geometry":{"type":"Point","coordinates":[77.538254,12.932971]}},{"type":"Feature","properties":{},"geometry":{"type":"Point","coordinates":[77.53712,12.933077]}},{"type":"Feature","properties":{},"geometry":{"type":"Point","coordinates":[77.537967,12.932107]}},{"type":"Feature","properties":{},"geometry":{"type":"Point","coordinates":[77.534956,12.930244]}},{"type":"Feature","properties":{},"geometry":{"type":"Point","coordinates":[77.535789,12.929975]}},{"type":"Feature","properties":{},"geometry":{"type":"Point","coordinates":[77.53644,12.928015]}},{"type":"Feature","properties":{},"geometry":{"type":"Point","coordinates":[77.540645,12.928439]}},{"type":"Feature","properties":{},"geometry":{"type":"Point","coordinates":[77.542037,12.923481]}},{"type":"Feature","properties":{},"geometry":{"type":"Point","coordinates":[77.539176,12.920288]}},{"type":"Feature","properties":{},"geometry":{"type":"Point","coordinates":[77.539688,12.918684]}},{"type":"Feature","properties":{},"geometry":{"type":"Point","coordinates":[77.540824,12.919597]}},{"type":"Feature","properties":{},"geometry":{"type":"Point","coordinates":[77.541782,12.9202]}},{"type":"Feature","properties":{},"geometry":{"type":"Point","coordinates":[77.539993,12.921156]}},{"type":"Feature","properties":{},"geometry":{"type":"Point","coordinates":[77.570828,12.907314]}},{"type":"Feature","properties":{},"geometry":{"type":"Point","coordinates":[77.568897,12.905933]}},{"type":"Feature","properties":{},"geometry":{"type":"Point","coordinates":[77.569181,12.908821]}},{"type":"Feature","properties":{},"geometry":{"type":"Point","coordinates":[77.570147,12.907229]}},{"type":"Feature","properties":{},"geometry":{"type":"Point","coordinates":[77.569382,12.902587]}},{"type":"Feature","properties":{},"geometry":{"type":"Point","coordinates":[77.567578,12.903489]}},{"type":"Feature","properties":{},"geometry":{"type":"Point","coordinates":[77.588991,12.959829]}},{"type":"Feature","properties":{},"geometry":{"type":"Point","coordinates":[77.562505,12.951002]}},{"type":"Feature","properties":{},"geometry":{"type":"Point","coordinates":[77.584195,12.943557]}},{"type":"Feature","properties":{},"geometry":{"type":"Point","coordinates":[77.58939,12.941217]}},{"type":"Feature","properties":{},"geometry":{"type":"Point","coordinates":[77.594004,12.928706]}},{"type":"Feature","properties":{},"geometry":{"type":"Point","coordinates":[77.567684,12.946056]}},{"type":"Feature","properties":{},"geometry":{"type":"Point","coordinates":[77.561071,12.967897]}},{"type":"Feature","properties":{},"geometry":{"type":"Point","coordinates":[77.562443,12.96787]}},{"type":"Feature","properties":{},"geometry":{"type":"Point","coordinates":[77.561938,12.968152]}},{"type":"Feature","properties":{},"geometry":{"type":"Point","coordinates":[77.561239,12.968569]}},{"type":"Feature","properties":{},"geometry":{"type":"Point","coordinates":[77.562083,12.969521]}},{"type":"Feature","properties":{},"geometry":{"type":"Point","coordinates":[77.562521,12.96871]}},{"type":"Feature","properties":{},"geometry":{"type":"Point","coordinates":[77.563326,12.96837]}},{"type":"Feature","properties":{},"geometry":{"type":"Point","coordinates":[77.563378,12.96773]}},{"type":"Feature","properties":{},"geometry":{"type":"Point","coordinates":[77.563148,12.97017]}},{"type":"Feature","properties":{},"geometry":{"type":"Point","coordinates":[77.562419,12.9697]}},{"type":"Feature","properties":{},"geometry":{"type":"Point","coordinates":[77.564221,12.97009]}},{"type":"Feature","properties":{},"geometry":{"type":"Point","coordinates":[77.561564,12.970958]}},{"type":"Feature","properties":{},"geometry":{"type":"Point","coordinates":[77.561935,12.97054]}},{"type":"Feature","properties":{},"geometry":{"type":"Point","coordinates":[77.56204,12.971542]}},{"type":"Feature","properties":{},"geometry":{"type":"Point","coordinates":[77.562587,12.971539]}},{"type":"Feature","properties":{},"geometry":{"type":"Point","coordinates":[77.562698,12.973897]}},{"type":"Feature","properties":{},"geometry":{"type":"Point","coordinates":[77.562768,12.975352]}},{"type":"Feature","properties":{},"geometry":{"type":"Point","coordinates":[77.563199,12.973752]}},{"type":"Feature","properties":{},"geometry":{"type":"Point","coordinates":[77.562671,12.972782]}},{"type":"Feature","properties":{},"geometry":{"type":"Point","coordinates":[77.561331,12.971141]}},{"type":"Feature","properties":{},"geometry":{"type":"Point","coordinates":[77.561477,12.971191]}},{"type":"Feature","properties":{},"geometry":{"type":"Point","coordinates":[77.561361,12.970601]}},{"type":"Feature","properties":{},"geometry":{"type":"Point","coordinates":[77.561565,12.97026]}},{"type":"Feature","properties":{},"geometry":{"type":"Point","coordinates":[77.56242,12.971331]}},{"type":"Feature","properties":{},"geometry":{"type":"Point","coordinates":[77.563143,12.97146]}},{"type":"Feature","properties":{},"geometry":{"type":"Point","coordinates":[77.562151,12.96956]}},{"type":"Feature","properties":{},"geometry":{"type":"Point","coordinates":[77.56099,12.968482]}},{"type":"Feature","properties":{},"geometry":{"type":"Point","coordinates":[77.563366,12.968798]}},{"type":"Feature","properties":{},"geometry":{"type":"Point","coordinates":[77.570434,12.971728]}},{"type":"Feature","properties":{},"geometry":{"type":"Point","coordinates":[77.569417,12.969631]}},{"type":"Feature","properties":{},"geometry":{"type":"Point","coordinates":[77.569212,12.969981]}},{"type":"Feature","properties":{},"geometry":{"type":"Point","coordinates":[77.569176,12.969137]}},{"type":"Feature","properties":{},"geometry":{"type":"Point","coordinates":[77.570914,12.969496]}},{"type":"Feature","properties":{},"geometry":{"type":"Point","coordinates":[77.571112,12.968357]}},{"type":"Feature","properties":{},"geometry":{"type":"Point","coordinates":[77.569359,12.968334]}},{"type":"Feature","properties":{},"geometry":{"type":"Point","coordinates":[77.569177,12.971608]}},{"type":"Feature","properties":{},"geometry":{"type":"Point","coordinates":[77.561962,12.968583]}},{"type":"Feature","properties":{},"geometry":{"type":"Point","coordinates":[77.56872,12.970096]}},{"type":"Feature","properties":{},"geometry":{"type":"Point","coordinates":[77.568558,12.970911]}},{"type":"Feature","properties":{},"geometry":{"type":"Point","coordinates":[77.569094,12.972141]}},{"type":"Feature","properties":{},"geometry":{"type":"Point","coordinates":[77.569871,12.970361]}},{"type":"Feature","properties":{},"geometry":{"type":"Point","coordinates":[77.571482,12.967755]}},{"type":"Feature","properties":{},"geometry":{"type":"Point","coordinates":[77.570468,12.968504]}},{"type":"Feature","properties":{},"geometry":{"type":"Point","coordinates":[77.569861,12.968849]}},{"type":"Feature","properties":{},"geometry":{"type":"Point","coordinates":[77.571183,12.96492]}},{"type":"Feature","properties":{},"geometry":{"type":"Point","coordinates":[77.568239,12.967853]}},{"type":"Feature","properties":{},"geometry":{"type":"Point","coordinates":[77.569467,12.965527]}},{"type":"Feature","properties":{},"geometry":{"type":"Point","coordinates":[77.569285,12.965827]}},{"type":"Feature","properties":{},"geometry":{"type":"Point","coordinates":[77.569075,12.964968]}},{"type":"Feature","properties":{},"geometry":{"type":"Point","coordinates":[77.568669,12.965095]}},{"type":"Feature","properties":{},"geometry":{"type":"Point","coordinates":[77.569002,12.967891]}},{"type":"Feature","properties":{},"geometry":{"type":"Point","coordinates":[77.569068,12.968045]}},{"type":"Feature","properties":{},"geometry":{"type":"Point","coordinates":[77.569222,12.964589]}},{"type":"Feature","properties":{},"geometry":{"type":"Point","coordinates":[77.569039,12.965898]}},{"type":"Feature","properties":{},"geometry":{"type":"Point","coordinates":[77.569088,12.967442]}},{"type":"Feature","properties":{},"geometry":{"type":"Point","coordinates":[77.568999,12.96675]}},{"type":"Feature","properties":{},"geometry":{"type":"Point","coordinates":[77.56832,12.9669]}},{"type":"Feature","properties":{},"geometry":{"type":"Point","coordinates":[77.568568,12.968134]}},{"type":"Feature","properties":{},"geometry":{"type":"Point","coordinates":[77.57118,12.966451]}},{"type":"Feature","properties":{},"geometry":{"type":"Point","coordinates":[77.57164,12.9655]}},{"type":"Feature","properties":{},"geometry":{"type":"Point","coordinates":[77.562932,12.977016]}},{"type":"Feature","properties":{},"geometry":{"type":"Point","coordinates":[77.562596,12.976296]}},{"type":"Feature","properties":{},"geometry":{"type":"Point","coordinates":[77.562003,12.977175]}},{"type":"Feature","properties":{},"geometry":{"type":"Point","coordinates":[77.561759,12.976618]}},{"type":"Feature","properties":{},"geometry":{"type":"Point","coordinates":[77.561675,12.975895]}},{"type":"Feature","properties":{},"geometry":{"type":"Point","coordinates":[77.560311,12.976169]}},{"type":"Feature","properties":{},"geometry":{"type":"Point","coordinates":[77.559364,12.975961]}},{"type":"Feature","properties":{},"geometry":{"type":"Point","coordinates":[77.559559,12.976169]}},{"type":"Feature","properties":{},"geometry":{"type":"Point","coordinates":[77.559799,12.975788]}},{"type":"Feature","properties":{},"geometry":{"type":"Point","coordinates":[77.561621,12.974333]}},{"type":"Feature","properties":{},"geometry":{"type":"Point","coordinates":[77.561684,12.973073]}},{"type":"Feature","properties":{},"geometry":{"type":"Point","coordinates":[77.56101,12.974401]}},{"type":"Feature","properties":{},"geometry":{"type":"Point","coordinates":[77.561037,12.97413]}},{"type":"Feature","properties":{},"geometry":{"type":"Point","coordinates":[77.560988,12.97288]}},{"type":"Feature","properties":{},"geometry":{"type":"Point","coordinates":[77.56084,12.970719]}},{"type":"Feature","properties":{},"geometry":{"type":"Point","coordinates":[77.56052,12.97089]}},{"type":"Feature","properties":{},"geometry":{"type":"Point","coordinates":[77.560387,12.973421]}},{"type":"Feature","properties":{},"geometry":{"type":"Point","coordinates":[77.559998,12.97426]}},{"type":"Feature","properties":{},"geometry":{"type":"Point","coordinates":[77.55996,12.97198]}},{"type":"Feature","properties":{},"geometry":{"type":"Point","coordinates":[77.559228,12.9745]}},{"type":"Feature","properties":{},"geometry":{"type":"Point","coordinates":[77.559359,12.973211]}},{"type":"Feature","properties":{},"geometry":{"type":"Point","coordinates":[77.558861,12.97338]}},{"type":"Feature","properties":{},"geometry":{"type":"Point","coordinates":[77.5583,12.97206]}},{"type":"Feature","properties":{},"geometry":{"type":"Point","coordinates":[77.5586,12.97163]}},{"type":"Feature","properties":{},"geometry":{"type":"Point","coordinates":[77.5593,12.971871]}},{"type":"Feature","properties":{},"geometry":{"type":"Point","coordinates":[77.55938,12.97154]}},{"type":"Feature","properties":{},"geometry":{"type":"Point","coordinates":[77.559231,12.97111]}},{"type":"Feature","properties":{},"geometry":{"type":"Point","coordinates":[77.559245,12.970451]}},{"type":"Feature","properties":{},"geometry":{"type":"Point","coordinates":[77.55918,12.96982]}},{"type":"Feature","properties":{},"geometry":{"type":"Point","coordinates":[77.55879,12.9692]}},{"type":"Feature","properties":{},"geometry":{"type":"Point","coordinates":[77.559591,12.96897]}},{"type":"Feature","properties":{},"geometry":{"type":"Point","coordinates":[77.560385,12.96859]}},{"type":"Feature","properties":{},"geometry":{"type":"Point","coordinates":[77.560779,12.970061]}},{"type":"Feature","properties":{},"geometry":{"type":"Point","coordinates":[77.56055,12.967999]}},{"type":"Feature","properties":{},"geometry":{"type":"Point","coordinates":[77.561149,12.96692]}},{"type":"Feature","properties":{},"geometry":{"type":"Point","coordinates":[77.562717,12.966681]}},{"type":"Feature","properties":{},"geometry":{"type":"Point","coordinates":[77.559226,12.968519]}},{"type":"Feature","properties":{},"geometry":{"type":"Point","coordinates":[77.560587,12.969438]}},{"type":"Feature","properties":{},"geometry":{"type":"Point","coordinates":[77.561634,12.967079]}},{"type":"Feature","properties":{},"geometry":{"type":"Point","coordinates":[77.562982,12.967173]}},{"type":"Feature","properties":{},"geometry":{"type":"Point","coordinates":[77.56414,12.968198]}},{"type":"Feature","properties":{},"geometry":{"type":"Point","coordinates":[77.563914,12.967888]}},{"type":"Feature","properties":{},"geometry":{"type":"Point","coordinates":[77.562569,12.977208]}},{"type":"Feature","properties":{},"geometry":{"type":"Point","coordinates":[77.561768,12.976832]}},{"type":"Feature","properties":{},"geometry":{"type":"Point","coordinates":[77.561252,12.973367]}},{"type":"Feature","properties":{},"geometry":{"type":"Point","coordinates":[77.560683,12.973773]}},{"type":"Feature","properties":{},"geometry":{"type":"Point","coordinates":[77.5594,12.975285]}},{"type":"Feature","properties":{},"geometry":{"type":"Point","coordinates":[77.560059,12.973795]}},{"type":"Feature","properties":{},"geometry":{"type":"Point","coordinates":[77.559095,12.974322]}},{"type":"Feature","properties":{},"geometry":{"type":"Point","coordinates":[77.56038,12.97183]}},{"type":"Feature","properties":{},"geometry":{"type":"Point","coordinates":[77.559279,12.97146]}},{"type":"Feature","properties":{},"geometry":{"type":"Point","coordinates":[77.560579,12.969181]}},{"type":"Feature","properties":{},"geometry":{"type":"Point","coordinates":[77.560349,12.96818]}},{"type":"Feature","properties":{},"geometry":{"type":"Point","coordinates":[77.560209,12.9678]}},{"type":"Feature","properties":{},"geometry":{"type":"Point","coordinates":[77.55959,12.96824]}},{"type":"Feature","properties":{},"geometry":{"type":"Point","coordinates":[77.560031,12.967949]}},{"type":"Feature","properties":{},"geometry":{"type":"Point","coordinates":[77.558269,12.96858]}},{"type":"Feature","properties":{},"geometry":{"type":"Point","coordinates":[77.545013,12.95619]}},{"type":"Feature","properties":{},"geometry":{"type":"Point","coordinates":[77.54031,12.954339]}},{"type":"Feature","properties":{},"geometry":{"type":"Point","coordinates":[77.540588,12.956946]}},{"type":"Feature","properties":{},"geometry":{"type":"Point","coordinates":[77.541754,12.957345]}},{"type":"Feature","properties":{},"geometry":{"type":"Point","coordinates":[77.54404,12.962686]}},{"type":"Feature","properties":{},"geometry":{"type":"Point","coordinates":[77.54186,12.958088]}},{"type":"Feature","properties":{},"geometry":{"type":"Point","coordinates":[77.541055,12.957672]}},{"type":"Feature","properties":{},"geometry":{"type":"Point","coordinates":[77.539899,12.95524]}},{"type":"Feature","properties":{},"geometry":{"type":"Point","coordinates":[77.539225,12.955351]}},{"type":"Feature","properties":{},"geometry":{"type":"Point","coordinates":[77.540188,12.958139]}},{"type":"Feature","properties":{},"geometry":{"type":"Point","coordinates":[77.54148,12.956608]}},{"type":"Feature","properties":{},"geometry":{"type":"Point","coordinates":[77.544454,12.957075]}},{"type":"Feature","properties":{},"geometry":{"type":"Point","coordinates":[77.545974,12.957233]}},{"type":"Feature","properties":{},"geometry":{"type":"Point","coordinates":[77.54719,12.957198]}},{"type":"Feature","properties":{},"geometry":{"type":"Point","coordinates":[77.543057,12.960327]}},{"type":"Feature","properties":{},"geometry":{"type":"Point","coordinates":[77.539926,12.956868]}},{"type":"Feature","properties":{},"geometry":{"type":"Point","coordinates":[77.540351,12.95408]}},{"type":"Feature","properties":{},"geometry":{"type":"Point","coordinates":[77.54116,12.954659]}},{"type":"Feature","properties":{},"geometry":{"type":"Point","coordinates":[77.541225,12.955306]}},{"type":"Feature","properties":{},"geometry":{"type":"Point","coordinates":[77.54104,12.956805]}},{"type":"Feature","properties":{},"geometry":{"type":"Point","coordinates":[77.545498,12.959198]}},{"type":"Feature","properties":{},"geometry":{"type":"Point","coordinates":[77.541529,12.95732]}},{"type":"Feature","properties":{},"geometry":{"type":"Point","coordinates":[77.546459,12.95761]}},{"type":"Feature","properties":{},"geometry":{"type":"Point","coordinates":[77.546438,12.956671]}},{"type":"Feature","properties":{},"geometry":{"type":"Point","coordinates":[77.543309,12.9628]}},{"type":"Feature","properties":{},"geometry":{"type":"Point","coordinates":[77.541239,12.956731]}},{"type":"Feature","properties":{},"geometry":{"type":"Point","coordinates":[77.544049,12.955571]}},{"type":"Feature","properties":{},"geometry":{"type":"Point","coordinates":[77.544168,12.956561]}},{"type":"Feature","properties":{},"geometry":{"type":"Point","coordinates":[77.54298,12.95569]}},{"type":"Feature","properties":{},"geometry":{"type":"Point","coordinates":[77.539091,12.954209]}},{"type":"Feature","properties":{},"geometry":{"type":"Point","coordinates":[77.540166,12.956058]}},{"type":"Feature","properties":{},"geometry":{"type":"Point","coordinates":[77.540232,12.956496]}},{"type":"Feature","properties":{},"geometry":{"type":"Point","coordinates":[77.540391,12.956004]}},{"type":"Feature","properties":{},"geometry":{"type":"Point","coordinates":[77.543909,12.962759]}},{"type":"Feature","properties":{},"geometry":{"type":"Point","coordinates":[77.542829,12.9622]}},{"type":"Feature","properties":{},"geometry":{"type":"Point","coordinates":[77.54226,12.96132]}},{"type":"Feature","properties":{},"geometry":{"type":"Point","coordinates":[77.54286,12.96083]}},{"type":"Feature","properties":{},"geometry":{"type":"Point","coordinates":[77.54133,12.9584]}},{"type":"Feature","properties":{},"geometry":{"type":"Point","coordinates":[77.542839,12.96221]}},{"type":"Feature","properties":{},"geometry":{"type":"Point","coordinates":[77.54546,12.95763]}},{"type":"Feature","properties":{},"geometry":{"type":"Point","coordinates":[77.53663,12.95193]}},{"type":"Feature","properties":{},"geometry":{"type":"Point","coordinates":[77.535879,12.952826]}},{"type":"Feature","properties":{},"geometry":{"type":"Point","coordinates":[77.535969,12.952358]}},{"type":"Feature","properties":{},"geometry":{"type":"Point","coordinates":[77.530678,12.948373]}},{"type":"Feature","properties":{},"geometry":{"type":"Point","coordinates":[77.535321,12.952088]}},{"type":"Feature","properties":{},"geometry":{"type":"Point","coordinates":[77.535511,12.95242]}},{"type":"Feature","properties":{},"geometry":{"type":"Point","coordinates":[77.529348,12.949231]}},{"type":"Feature","properties":{},"geometry":{"type":"Point","coordinates":[77.53322,12.945625]}},{"type":"Feature","properties":{},"geometry":{"type":"Point","coordinates":[77.542468,12.945516]}},{"type":"Feature","properties":{},"geometry":{"type":"Point","coordinates":[77.548729,12.943445]}},{"type":"Feature","properties":{},"geometry":{"type":"Point","coordinates":[77.548138,12.944005]}},{"type":"Feature","properties":{},"geometry":{"type":"Point","coordinates":[77.537754,12.941518]}},{"type":"Feature","properties":{},"geometry":{"type":"Point","coordinates":[77.53853,12.945989]}},{"type":"Feature","properties":{},"geometry":{"type":"Point","coordinates":[77.540362,12.946098]}},{"type":"Feature","properties":{},"geometry":{"type":"Point","coordinates":[77.546146,12.944552]}},{"type":"Feature","properties":{},"geometry":{"type":"Point","coordinates":[77.545815,12.943793]}},{"type":"Feature","properties":{},"geometry":{"type":"Point","coordinates":[77.544889,12.944341]}},{"type":"Feature","properties":{},"geometry":{"type":"Point","coordinates":[77.546153,12.944931]}},{"type":"Feature","properties":{},"geometry":{"type":"Point","coordinates":[77.545092,12.945001]}},{"type":"Feature","properties":{},"geometry":{"type":"Point","coordinates":[77.535881,12.953751]}},{"type":"Feature","properties":{},"geometry":{"type":"Point","coordinates":[77.555283,12.975522]}},{"type":"Feature","properties":{},"geometry":{"type":"Point","coordinates":[77.543868,12.967859]}},{"type":"Feature","properties":{},"geometry":{"type":"Point","coordinates":[77.543542,12.968889]}},{"type":"Feature","properties":{},"geometry":{"type":"Point","coordinates":[77.543462,12.968998]}},{"type":"Feature","properties":{},"geometry":{"type":"Point","coordinates":[77.54232,12.970242]}},{"type":"Feature","properties":{},"geometry":{"type":"Point","coordinates":[77.544148,12.968541]}},{"type":"Feature","properties":{},"geometry":{"type":"Point","coordinates":[77.544738,12.968383]}},{"type":"Feature","properties":{},"geometry":{"type":"Point","coordinates":[77.544013,12.968378]}},{"type":"Feature","properties":{},"geometry":{"type":"Point","coordinates":[77.545177,12.968518]}},{"type":"Feature","properties":{},"geometry":{"type":"Point","coordinates":[77.544675,12.967608]}},{"type":"Feature","properties":{},"geometry":{"type":"Point","coordinates":[77.544033,12.967443]}},{"type":"Feature","properties":{},"geometry":{"type":"Point","coordinates":[77.543605,12.967154]}},{"type":"Feature","properties":{},"geometry":{"type":"Point","coordinates":[77.543926,12.969491]}},{"type":"Feature","properties":{},"geometry":{"type":"Point","coordinates":[77.5426,12.97019]}},{"type":"Feature","properties":{},"geometry":{"type":"Point","coordinates":[77.543172,12.968558]}},{"type":"Feature","properties":{},"geometry":{"type":"Point","coordinates":[77.542848,12.968522]}},{"type":"Feature","properties":{},"geometry":{"type":"Point","coordinates":[77.543242,12.968127]}},{"type":"Feature","properties":{},"geometry":{"type":"Point","coordinates":[77.541045,12.969162]}},{"type":"Feature","properties":{},"geometry":{"type":"Point","coordinates":[77.541028,12.96957]}},{"type":"Feature","properties":{},"geometry":{"type":"Point","coordinates":[77.54104,12.96989]}},{"type":"Feature","properties":{},"geometry":{"type":"Point","coordinates":[77.541059,12.97025]}},{"type":"Feature","properties":{},"geometry":{"type":"Point","coordinates":[77.541908,12.97062]}},{"type":"Feature","properties":{},"geometry":{"type":"Point","coordinates":[77.542678,12.964485]}},{"type":"Feature","properties":{},"geometry":{"type":"Point","coordinates":[77.539619,12.968719]}},{"type":"Feature","properties":{},"geometry":{"type":"Point","coordinates":[77.539752,12.968434]}},{"type":"Feature","properties":{},"geometry":{"type":"Point","coordinates":[77.538053,12.968863]}},{"type":"Feature","properties":{},"geometry":{"type":"Point","coordinates":[77.543527,12.966383]}},{"type":"Feature","properties":{},"geometry":{"type":"Point","coordinates":[77.542914,12.966209]}},{"type":"Feature","properties":{},"geometry":{"type":"Point","coordinates":[77.542973,12.96594]}},{"type":"Feature","properties":{},"geometry":{"type":"Point","coordinates":[77.540057,12.96611]}},{"type":"Feature","properties":{},"geometry":{"type":"Point","coordinates":[77.538119,12.9695]}},{"type":"Feature","properties":{},"geometry":{"type":"Point","coordinates":[77.538261,12.970271]}},{"type":"Feature","properties":{},"geometry":{"type":"Point","coordinates":[77.53841,12.971011]}},{"type":"Feature","properties":{},"geometry":{"type":"Point","coordinates":[77.546099,12.969051]}},{"type":"Feature","properties":{},"geometry":{"type":"Point","coordinates":[77.546131,12.96783]}},{"type":"Feature","properties":{},"geometry":{"type":"Point","coordinates":[77.54801,12.96851]}},{"type":"Feature","properties":{},"geometry":{"type":"Point","coordinates":[77.548131,12.9687]}},{"type":"Feature","properties":{},"geometry":{"type":"Point","coordinates":[77.546938,12.969087]}},{"type":"Feature","properties":{},"geometry":{"type":"Point","coordinates":[77.548699,12.96854]}},{"type":"Feature","properties":{},"geometry":{"type":"Point","coordinates":[77.548411,12.968371]}},{"type":"Feature","properties":{},"geometry":{"type":"Point","coordinates":[77.548209,12.96805]}},{"type":"Feature","properties":{},"geometry":{"type":"Point","coordinates":[77.548979,12.96664]}},{"type":"Feature","properties":{},"geometry":{"type":"Point","coordinates":[77.549958,12.967871]}},{"type":"Feature","properties":{},"geometry":{"type":"Point","coordinates":[77.55087,12.96752]}},{"type":"Feature","properties":{},"geometry":{"type":"Point","coordinates":[77.551962,12.96879]}},{"type":"Feature","properties":{},"geometry":{"type":"Point","coordinates":[77.551961,12.9684]}},{"type":"Feature","properties":{},"geometry":{"type":"Point","coordinates":[77.551548,12.9692]}},{"type":"Feature","properties":{},"geometry":{"type":"Point","coordinates":[77.550421,12.97338]}},{"type":"Feature","properties":{},"geometry":{"type":"Point","coordinates":[77.55015,12.9729]}},{"type":"Feature","properties":{},"geometry":{"type":"Point","coordinates":[77.550709,12.972599]}},{"type":"Feature","properties":{},"geometry":{"type":"Point","coordinates":[77.551079,12.97319]}},{"type":"Feature","properties":{},"geometry":{"type":"Point","coordinates":[77.5515,12.97224]}},{"type":"Feature","properties":{},"geometry":{"type":"Point","coordinates":[77.551599,12.97286]}},{"type":"Feature","properties":{},"geometry":{"type":"Point","coordinates":[77.55168,12.97215]}},{"type":"Feature","properties":{},"geometry":{"type":"Point","coordinates":[77.5521,12.97258]}},{"type":"Feature","properties":{},"geometry":{"type":"Point","coordinates":[77.548141,12.97164]}},{"type":"Feature","properties":{},"geometry":{"type":"Point","coordinates":[77.549421,12.97107]}},{"type":"Feature","properties":{},"geometry":{"type":"Point","coordinates":[77.551111,12.97013]}},{"type":"Feature","properties":{},"geometry":{"type":"Point","coordinates":[77.55105,12.97049]}},{"type":"Feature","properties":{},"geometry":{"type":"Point","coordinates":[77.550231,12.97032]}},{"type":"Feature","properties":{},"geometry":{"type":"Point","coordinates":[77.55028,12.97017]}},{"type":"Feature","properties":{},"geometry":{"type":"Point","coordinates":[77.55033,12.96965]}},{"type":"Feature","properties":{},"geometry":{"type":"Point","coordinates":[77.550702,12.97005]}},{"type":"Feature","properties":{},"geometry":{"type":"Point","coordinates":[77.549838,12.97016]}},{"type":"Feature","properties":{},"geometry":{"type":"Point","coordinates":[77.54972,12.97066]}},{"type":"Feature","properties":{},"geometry":{"type":"Point","coordinates":[77.549271,12.970891]}},{"type":"Feature","properties":{},"geometry":{"type":"Point","coordinates":[77.548949,12.973734]}},{"type":"Feature","properties":{},"geometry":{"type":"Point","coordinates":[77.548927,12.97336]}},{"type":"Feature","properties":{},"geometry":{"type":"Point","coordinates":[77.54934,12.968575]}},{"type":"Feature","properties":{},"geometry":{"type":"Point","coordinates":[77.548053,12.973203]}},{"type":"Feature","properties":{},"geometry":{"type":"Point","coordinates":[77.54954,12.972787]}},{"type":"Feature","properties":{},"geometry":{"type":"Point","coordinates":[77.550105,12.972449]}},{"type":"Feature","properties":{},"geometry":{"type":"Point","coordinates":[77.550598,12.972216]}},{"type":"Feature","properties":{},"geometry":{"type":"Point","coordinates":[77.549362,12.973475]}},{"type":"Feature","properties":{},"geometry":{"type":"Point","coordinates":[77.557421,12.971897]}},{"type":"Feature","properties":{},"geometry":{"type":"Point","coordinates":[77.551768,12.971235]}},{"type":"Feature","properties":{},"geometry":{"type":"Point","coordinates":[77.55266,12.971433]}},{"type":"Feature","properties":{},"geometry":{"type":"Point","coordinates":[77.551597,12.97127]}},{"type":"Feature","properties":{},"geometry":{"type":"Point","coordinates":[77.550528,12.971808]}},{"type":"Feature","properties":{},"geometry":{"type":"Point","coordinates":[77.552231,12.970964]}},{"type":"Feature","properties":{},"geometry":{"type":"Point","coordinates":[77.551031,12.971227]}},{"type":"Feature","properties":{},"geometry":{"type":"Point","coordinates":[77.54936,12.97191]}},{"type":"Feature","properties":{},"geometry":{"type":"Point","coordinates":[77.54948,12.97169]}},{"type":"Feature","properties":{},"geometry":{"type":"Point","coordinates":[77.550354,12.97108]}},{"type":"Feature","properties":{},"geometry":{"type":"Point","coordinates":[77.550578,12.970708]}},{"type":"Feature","properties":{},"geometry":{"type":"Point","coordinates":[77.549471,12.97104]}},{"type":"Feature","properties":{},"geometry":{"type":"Point","coordinates":[77.548154,12.971799]}},{"type":"Feature","properties":{},"geometry":{"type":"Point","coordinates":[77.548363,12.97128]}},{"type":"Feature","properties":{},"geometry":{"type":"Point","coordinates":[77.549322,12.97089]}},{"type":"Feature","properties":{},"geometry":{"type":"Point","coordinates":[77.54975,12.97049]}},{"type":"Feature","properties":{},"geometry":{"type":"Point","coordinates":[77.550406,12.970289]}},{"type":"Feature","properties":{},"geometry":{"type":"Point","coordinates":[77.548281,12.970659]}},{"type":"Feature","properties":{},"geometry":{"type":"Point","coordinates":[77.548988,12.97046]}},{"type":"Feature","properties":{},"geometry":{"type":"Point","coordinates":[77.548421,12.97062]}},{"type":"Feature","properties":{},"geometry":{"type":"Point","coordinates":[77.547768,12.970278]}},{"type":"Feature","properties":{},"geometry":{"type":"Point","coordinates":[77.548583,12.970248]}},{"type":"Feature","properties":{},"geometry":{"type":"Point","coordinates":[77.548657,12.970039]}},{"type":"Feature","properties":{},"geometry":{"type":"Point","coordinates":[77.54867,12.96971]}},{"type":"Feature","properties":{},"geometry":{"type":"Point","coordinates":[77.549836,12.969464]}},{"type":"Feature","properties":{},"geometry":{"type":"Point","coordinates":[77.548664,12.969838]}},{"type":"Feature","properties":{},"geometry":{"type":"Point","coordinates":[77.549065,12.969412]}},{"type":"Feature","properties":{},"geometry":{"type":"Point","coordinates":[77.546069,12.969485]}},{"type":"Feature","properties":{},"geometry":{"type":"Point","coordinates":[77.549484,12.968974]}},{"type":"Feature","properties":{},"geometry":{"type":"Point","coordinates":[77.549696,12.969064]}},{"type":"Feature","properties":{},"geometry":{"type":"Point","coordinates":[77.550229,12.969722]}},{"type":"Feature","properties":{},"geometry":{"type":"Point","coordinates":[77.550758,12.96992]}},{"type":"Feature","properties":{},"geometry":{"type":"Point","coordinates":[77.551038,12.970404]}},{"type":"Feature","properties":{},"geometry":{"type":"Point","coordinates":[77.551437,12.970344]}},{"type":"Feature","properties":{},"geometry":{"type":"Point","coordinates":[77.551755,12.971332]}},{"type":"Feature","properties":{},"geometry":{"type":"Point","coordinates":[77.552737,12.971273]}},{"type":"Feature","properties":{},"geometry":{"type":"Point","coordinates":[77.551777,12.97216]}},{"type":"Feature","properties":{},"geometry":{"type":"Point","coordinates":[77.552991,12.971891]}},{"type":"Feature","properties":{},"geometry":{"type":"Point","coordinates":[77.552572,12.973078]}},{"type":"Feature","properties":{},"geometry":{"type":"Point","coordinates":[77.553004,12.97322]}},{"type":"Feature","properties":{},"geometry":{"type":"Point","coordinates":[77.553302,12.972528]}},{"type":"Feature","properties":{},"geometry":{"type":"Point","coordinates":[77.552349,12.973639]}},{"type":"Feature","properties":{},"geometry":{"type":"Point","coordinates":[77.553313,12.97311]}},{"type":"Feature","properties":{},"geometry":{"type":"Point","coordinates":[77.552756,12.973471]}},{"type":"Feature","properties":{},"geometry":{"type":"Point","coordinates":[77.553229,12.97379]}},{"type":"Feature","properties":{},"geometry":{"type":"Point","coordinates":[77.55324,12.974768]}},{"type":"Feature","properties":{},"geometry":{"type":"Point","coordinates":[77.553849,12.974811]}},{"type":"Feature","properties":{},"geometry":{"type":"Point","coordinates":[77.553461,12.975256]}},{"type":"Feature","properties":{},"geometry":{"type":"Point","coordinates":[77.559671,12.97859]}},{"type":"Feature","properties":{},"geometry":{"type":"Point","coordinates":[77.55918,12.978771]}},{"type":"Feature","properties":{},"geometry":{"type":"Point","coordinates":[77.558678,12.978107]}},{"type":"Feature","properties":{},"geometry":{"type":"Point","coordinates":[77.556207,12.976859]}},{"type":"Feature","properties":{},"geometry":{"type":"Point","coordinates":[77.559939,12.972689]}},{"type":"Feature","properties":{},"geometry":{"type":"Point","coordinates":[77.558316,12.97369]}},{"type":"Feature","properties":{},"geometry":{"type":"Point","coordinates":[77.558321,12.97805]}},{"type":"Feature","properties":{},"geometry":{"type":"Point","coordinates":[77.557981,12.970531]}},{"type":"Feature","properties":{},"geometry":{"type":"Point","coordinates":[77.557221,12.97016]}},{"type":"Feature","properties":{},"geometry":{"type":"Point","coordinates":[77.557256,12.969718]}},{"type":"Feature","properties":{},"geometry":{"type":"Point","coordinates":[77.557754,12.969027]}},{"type":"Feature","properties":{},"geometry":{"type":"Point","coordinates":[77.556507,12.969157]}},{"type":"Feature","properties":{},"geometry":{"type":"Point","coordinates":[77.561068,12.965692]}},{"type":"Feature","properties":{},"geometry":{"type":"Point","coordinates":[77.559768,12.978863]}},{"type":"Feature","properties":{},"geometry":{"type":"Point","coordinates":[77.559839,12.977818]}},{"type":"Feature","properties":{},"geometry":{"type":"Point","coordinates":[77.558407,12.978022]}},{"type":"Feature","properties":{},"geometry":{"type":"Point","coordinates":[77.558447,12.977587]}},{"type":"Feature","properties":{},"geometry":{"type":"Point","coordinates":[77.559946,12.978444]}},{"type":"Feature","properties":{},"geometry":{"type":"Point","coordinates":[77.559972,12.97229]}},{"type":"Feature","properties":{},"geometry":{"type":"Point","coordinates":[77.55842,12.973162]}},{"type":"Feature","properties":{},"geometry":{"type":"Point","coordinates":[77.558101,12.97088]}},{"type":"Feature","properties":{},"geometry":{"type":"Point","coordinates":[77.55784,12.97067]}},{"type":"Feature","properties":{},"geometry":{"type":"Point","coordinates":[77.55778,12.968909]}},{"type":"Feature","properties":{},"geometry":{"type":"Point","coordinates":[77.55738,12.96872]}},{"type":"Feature","properties":{},"geometry":{"type":"Point","coordinates":[77.555405,12.968691]}},{"type":"Feature","properties":{},"geometry":{"type":"Point","coordinates":[77.555316,12.96846]}},{"type":"Feature","properties":{},"geometry":{"type":"Point","coordinates":[77.556031,12.968088]}},{"type":"Feature","properties":{},"geometry":{"type":"Point","coordinates":[77.557344,12.970237]}},{"type":"Feature","properties":{},"geometry":{"type":"Point","coordinates":[77.558121,12.970799]}},{"type":"Feature","properties":{},"geometry":{"type":"Point","coordinates":[77.561509,12.97232]}},{"type":"Feature","properties":{},"geometry":{"type":"Point","coordinates":[77.560334,12.97247]}},{"type":"Feature","properties":{},"geometry":{"type":"Point","coordinates":[77.536641,12.937358]}},{"type":"Feature","properties":{},"geometry":{"type":"Point","coordinates":[77.534662,12.939087]}},{"type":"Feature","properties":{},"geometry":{"type":"Point","coordinates":[77.53591,12.93838]}},{"type":"Feature","properties":{},"geometry":{"type":"Point","coordinates":[77.536371,12.937815]}},{"type":"Feature","properties":{},"geometry":{"type":"Point","coordinates":[77.53484,12.937664]}},{"type":"Feature","properties":{},"geometry":{"type":"Point","coordinates":[77.534959,12.940494]}},{"type":"Feature","properties":{},"geometry":{"type":"Point","coordinates":[77.538171,12.939354]}},{"type":"Feature","properties":{},"geometry":{"type":"Point","coordinates":[77.538278,12.939084]}},{"type":"Feature","properties":{},"geometry":{"type":"Point","coordinates":[77.53735,12.93737]}},{"type":"Feature","properties":{},"geometry":{"type":"Point","coordinates":[77.536729,12.938851]}},{"type":"Feature","properties":{},"geometry":{"type":"Point","coordinates":[77.53701,12.938271]}},{"type":"Feature","properties":{},"geometry":{"type":"Point","coordinates":[77.536608,12.936292]}},{"type":"Feature","properties":{},"geometry":{"type":"Point","coordinates":[77.535712,12.938678]}},{"type":"Feature","properties":{},"geometry":{"type":"Point","coordinates":[77.535565,12.938811]}},{"type":"Feature","properties":{},"geometry":{"type":"Point","coordinates":[77.597848,12.97139]}},{"type":"Feature","properties":{},"geometry":{"type":"Point","coordinates":[77.574167,12.970778]}},{"type":"Feature","properties":{},"geometry":{"type":"Point","coordinates":[77.574082,12.973073]}},{"type":"Feature","properties":{},"geometry":{"type":"Point","coordinates":[77.574388,12.972126]}},{"type":"Feature","properties":{},"geometry":{"type":"Point","coordinates":[77.575563,12.973784]}},{"type":"Feature","properties":{},"geometry":{"type":"Point","coordinates":[77.575352,12.969046]}},{"type":"Feature","properties":{},"geometry":{"type":"Point","coordinates":[77.577377,12.97097]}},{"type":"Feature","properties":{},"geometry":{"type":"Point","coordinates":[77.579286,12.971863]}},{"type":"Feature","properties":{},"geometry":{"type":"Point","coordinates":[77.582366,12.970549]}},{"type":"Feature","properties":{},"geometry":{"type":"Point","coordinates":[77.578572,12.974065]}}]}