{"type":"FeatureCollection","features":[{"type":"Feature","properties":{},"geometry":{"type":"LineString","coordinates":[[77.511051,12.997254],[77.511013,12.997114],[77.511049,12.997113]]}},{"type":"Feature","properties":{},"geometry":{"type":"LineString","coordinates":[[77.511049,12.997078],[77.511013,12.997078],[77.510941,12.997079]]}},{"type":"Feature","properties":{},"geometry":{"type":"LineString","coordinates":[[77.648456,12.874698],[77.649356,12.874936]]}},{"type":"Feature","properties":{},"geometry":{"type":"LineString","coordinates":[[77.649356,12.874936],[77.649108,12.875255]]}},{"type":"Feature","properties":{},"geometry":{"type":"LineString","coordinates":[[77.649356,12.874936],[77.649604,12.874687]]}},{"type":"Feature","properties":{},"geometry":{"type":"LineString","coordinates":[[77.649284,12.874936],[77.649211,12.874867],[77.64914,12.874867],[77.648672,12.874766],[77.648456,12.874698]]}},{"type":"Feature","properties":{},"geometry":{"type":"LineString","coordinates":[[77.50612,12.942085],[77.505447,12.942971],[77.50481,12.943857],[77.504138,12.944884],[77.502583,12.947222],[77.502088,12.94793],[77.501628,12.948639],[77.501031,12.949876],[77.500855,12.95023],[77.500504,12.951078],[77.5004,12.951395],[77.500367,12.951642],[77.500441,12.951888],[77.500698,12.952483],[77.501319,12.953604],[77.502121,12.954863],[77.502706,12.955913],[77.503107,12.956613],[77.503146,12.956859],[77.503112,12.957071],[77.503626,12.958297],[77.504437,12.960366],[77.504509,12.960471],[77.505012,12.960466],[77.505658,12.960495],[77.506125,12.960561],[77.506341,12.960629],[77.506772,12.960695],[77.50706,12.960728],[77.507419,12.960795],[77.507635,12.960828],[77.507923,12.960895],[77.509144,12.961024],[77.509366,12.961691],[77.509915,12.962777],[77.509952,12.962882],[77.510703,12.962593],[77.51106,12.962449],[77.511174,12.963081],[77.511249,12.963397],[77.511286,12.963573],[77.510967,12.963928],[77.510719,12.964247],[77.51001,12.965134],[77.509762,12.965417],[77.509585,12.96563],[77.509587,12.965841],[77.509592,12.966369],[77.509595,12.966686],[77.509597,12.966862],[77.509709,12.967248],[77.50982,12.967634],[77.510041,12.968195],[77.510299,12.968826],[77.51074,12.969877],[77.511181,12.970964],[77.511476,12.9717],[77.511698,12.972367],[77.511844,12.972612],[77.512592,12.972041],[77.512841,12.971828],[77.513019,12.971721],[77.514304,12.971004],[77.51449,12.971671],[77.514713,12.972514],[77.514826,12.97297],[77.514936,12.973251],[77.515011,12.973567],[77.515048,12.973672],[77.51505,12.973883],[77.514982,12.9742],[77.514948,12.974412],[77.514986,12.974658],[77.515061,12.974974],[77.515172,12.975289],[77.51532,12.97571],[77.515358,12.975921],[77.515394,12.975991],[77.515614,12.976411],[77.515687,12.976587],[77.515762,12.976832],[77.515835,12.977007],[77.515945,12.977182],[77.516018,12.977322],[77.51609,12.977392],[77.516273,12.977707],[77.516382,12.977847],[77.516455,12.978022],[77.516529,12.978232],[77.516604,12.978478],[77.516641,12.978618],[77.516679,12.978794],[77.516753,12.97904],[77.516753,12.97911],[77.516902,12.979601],[77.516977,12.979882]]}},{"type":"Feature","properties":{},"geometry":{"type":"LineString","coordinates":[[77.51837,12.936477],[77.518335,12.936512],[77.518263,12.936548],[77.517761,12.936553],[77.5169,12.936526],[77.51575,12.936361],[77.515175,12.936296],[77.514276,12.936129],[77.513593,12.935925],[77.513341,12.935857],[77.512915,12.936318],[77.512349,12.937098],[77.511993,12.937383],[77.511565,12.937669],[77.510993,12.937885],[77.5101,12.938281],[77.509886,12.938424]]}},{"type":"Feature","properties":{},"geometry":{"type":"LineString","coordinates":[[77.509886,12.938424],[77.50928,12.938817],[77.508853,12.939138],[77.508284,12.939671],[77.50814,12.939637],[77.507536,12.940241],[77.507075,12.940738],[77.50612,12.942085]]}},{"type":"Feature","properties":{},"geometry":{"type":"LineString","coordinates":[[77.504279,12.944636],[77.50291,12.944016],[77.502513,12.943844],[77.501939,12.943849],[77.500471,12.944145],[77.498863,12.944794],[77.497862,12.94512],[77.496536,12.945344],[77.495892,12.945526]]}},{"type":"Feature","properties":{},"geometry":{"type":"LineString","coordinates":[[77.516977,12.979882],[77.517014,12.980058],[77.51709,12.980409],[77.517126,12.980514],[77.517238,12.980865],[77.51735,12.981286],[77.517424,12.981567],[77.517499,12.981848],[77.517647,12.982304],[77.517756,12.982479],[77.517829,12.982584],[77.518011,12.982793],[77.518301,12.983072],[77.518483,12.983351],[77.518629,12.983632],[77.518811,12.983911],[77.518922,12.984227],[77.518996,12.984473],[77.519035,12.984719],[77.519073,12.984894],[77.519113,12.985387],[77.519114,12.985457],[77.519153,12.985738],[77.519155,12.985914],[77.519156,12.98602],[77.519194,12.98623],[77.519305,12.986581],[77.519488,12.986931],[77.519562,12.987177],[77.519562,12.987212],[77.519384,12.987319],[77.519532,12.98774],[77.519606,12.987951],[77.520013,12.989143],[77.520087,12.989459],[77.520569,12.990968],[77.520643,12.991214],[77.521273,12.993108],[77.52241,12.99556],[77.5238,12.998116],[77.523332,12.997979],[77.52103,12.997544],[77.52085,12.997476],[77.51721,12.995927],[77.513642,12.994378],[77.513783,12.997755],[77.513461,12.997794],[77.512995,12.997869],[77.511634,12.998128],[77.51141,12.997321],[77.511159,12.997323]]}},{"type":"Feature","properties":{},"geometry":{"type":"LineString","coordinates":[[77.512427,12.9807],[77.512131,12.979788],[77.511985,12.979508],[77.511269,12.979691],[77.510875,12.9798],[77.510732,12.979837]]}},{"type":"Feature","properties":{},"geometry":{"type":"LineString","coordinates":[[77.511159,12.997323],[77.511158,12.997253],[77.510658,12.997469],[77.510014,12.997616],[77.509512,12.997726],[77.509047,12.997872],[77.508935,12.997415],[77.508542,12.99756],[77.508005,12.997776],[77.507397,12.997993],[77.507219,12.998065],[77.507293,12.998276],[77.507185,12.998312],[77.506828,12.998421],[77.50647,12.99853],[77.50604,12.99864],[77.505682,12.998713],[77.504858,12.998862],[77.504249,12.998974],[77.50425,12.999044],[77.504364,12.999641],[77.504365,12.999747],[77.504402,12.999852],[77.504366,12.999852],[77.504404,13.000098],[77.50448,13.000555],[77.504554,13.00073],[77.504592,13.000941],[77.50463,13.001117],[77.504631,13.001222],[77.504669,13.001503],[77.50467,13.001574],[77.504707,13.001714],[77.504708,13.001785],[77.504602,13.001997],[77.504532,13.002103],[77.504464,13.002456],[77.504395,13.002738],[77.504397,13.002984],[77.504398,13.003125],[77.504436,13.003301],[77.504583,13.003651],[77.504766,13.004001],[77.504987,13.004527],[77.505023,13.004597],[77.50506,13.004702],[77.505098,13.004878],[77.505175,13.005405],[77.505251,13.005791],[77.505327,13.006283],[77.505403,13.006634],[77.50544,13.00681],[77.505554,13.007372],[77.505591,13.007477],[77.505591,13.007512],[77.505629,13.007688],[77.50563,13.007864],[77.505668,13.00804],[77.505742,13.00825],[77.505743,13.008356]]}},{"type":"Feature","properties":{},"geometry":{"type":"LineString","coordinates":[[77.516637,13.020919],[77.516673,13.020989],[77.516746,13.021129],[77.516783,13.021199],[77.516821,13.021375],[77.516857,13.021445],[77.516858,13.021515],[77.516896,13.021691],[77.516896,13.021761],[77.516898,13.021937],[77.516863,13.022008],[77.516864,13.022114],[77.516796,13.022431],[77.516833,13.022571],[77.516869,13.022571],[77.516869,13.022606],[77.516871,13.022782],[77.516836,13.022853],[77.517125,13.023026],[77.517233,13.023095],[77.517774,13.023407],[77.518317,13.023789],[77.518643,13.024067],[77.518968,13.024275],[77.519692,13.024937],[77.520452,13.025563],[77.520633,13.025737],[77.520886,13.02591],[77.520746,13.026193],[77.520326,13.027253],[77.520045,13.027924],[77.519976,13.028136],[77.51973,13.028667],[77.51959,13.029055],[77.51931,13.029762],[77.519171,13.03015],[77.51861,13.031458],[77.51833,13.032199],[77.51819,13.032517],[77.517979,13.033012],[77.51791,13.033259],[77.517913,13.033541],[77.517956,13.034244],[77.51807,13.034841],[77.518146,13.035333],[77.518258,13.035684],[77.518369,13.03607],[77.518407,13.036316],[77.518409,13.036457]]}},{"type":"Feature","properties":{},"geometry":{"type":"LineString","coordinates":[[77.518481,13.040046],[77.518628,13.040326],[77.518664,13.040396],[77.518993,13.040921],[77.519248,13.04134],[77.51943,13.04162],[77.519613,13.0419],[77.519904,13.042355],[77.520087,13.042669],[77.520342,13.043019],[77.52067,13.043544],[77.520852,13.043788],[77.520962,13.043998],[77.521253,13.044418],[77.521363,13.044593],[77.521436,13.044733],[77.521473,13.044803],[77.521509,13.044873],[77.521691,13.045117],[77.521801,13.045292],[77.52191,13.045467],[77.521983,13.045607]]}},{"type":"Feature","properties":{},"geometry":{"type":"LineString","coordinates":[[77.518409,13.036457],[77.518376,13.036774],[77.518383,13.037442],[77.518318,13.038147],[77.518325,13.038815],[77.518329,13.039203],[77.518406,13.039695],[77.518443,13.039835],[77.518444,13.03994],[77.518373,13.040012],[77.51841,13.040152]]}},{"type":"Feature","properties":{},"geometry":{"type":"LineString","coordinates":[[77.511159,12.997323],[77.511301,12.997181],[77.511445,12.99718],[77.511668,12.998022],[77.513711,12.997686],[77.513622,12.995997],[77.513611,12.994871],[77.513604,12.994238]]}},{"type":"Feature","properties":{},"geometry":{"type":"LineString","coordinates":[[77.513424,12.91548],[77.513426,12.915691],[77.513429,12.915972],[77.513395,12.916148],[77.513402,12.916887],[77.513372,12.917451],[77.513378,12.918014],[77.513533,12.919244],[77.513644,12.91956],[77.51379,12.919805],[77.513827,12.919875],[77.513901,12.920085],[77.513937,12.920155],[77.514047,12.9204],[77.514158,12.920681],[77.514231,12.920891],[77.514342,12.921172],[77.514343,12.921242],[77.514381,12.921523],[77.51442,12.921769],[77.514459,12.922121],[77.51432,12.92258],[77.514286,12.922791],[77.514252,12.922897],[77.514252,12.922968],[77.514216,12.922968],[77.514217,12.923003],[77.514146,12.923145],[77.514113,12.923356],[77.514115,12.923567],[77.514228,12.924094],[77.514303,12.92441],[77.51434,12.924586],[77.51438,12.924937],[77.514418,12.925183],[77.514456,12.925359],[77.514493,12.925499],[77.514532,12.925851],[77.514571,12.926097],[77.514572,12.926202],[77.514538,12.926378],[77.514503,12.926484],[77.514434,12.926767],[77.514369,12.927506],[77.5143,12.927753],[77.514234,12.928282],[77.514236,12.928493],[77.514275,12.928774],[77.514385,12.929055],[77.514533,12.929475],[77.514754,12.930107],[77.514829,12.930388],[77.514976,12.930773],[77.515161,12.931264],[77.515271,12.931509],[77.515672,12.932139],[77.515927,12.932524],[77.516072,12.932733],[77.516254,12.932943],[77.516509,12.933327],[77.516763,12.933677],[77.516982,12.934027],[77.517564,12.934795],[77.517818,12.935039],[77.517962,12.935179],[77.518072,12.935389],[77.518293,12.935914],[77.518369,12.936336],[77.51837,12.936477]]}},{"type":"Feature","properties":{},"geometry":{"type":"LineString","coordinates":[[77.504196,12.914688],[77.504233,12.914794],[77.505095,12.914891],[77.505921,12.914989],[77.506415,12.914139],[77.506944,12.91329],[77.506871,12.913079],[77.506978,12.913043],[77.507236,12.913744],[77.507419,12.914165],[77.50753,12.914445],[77.507898,12.915357],[77.508266,12.916303],[77.509161,12.916084],[77.510163,12.915898],[77.510629,12.915788],[77.510951,12.915715]]}},{"type":"Feature","properties":{},"geometry":{"type":"LineString","coordinates":[[77.510951,12.915715],[77.511595,12.915603],[77.512491,12.915489],[77.513424,12.91548]]}},{"type":"Feature","properties":{},"geometry":{"type":"LineString","coordinates":[[77.518231,13.040189],[77.518124,13.04026],[77.518089,13.040331],[77.51727,13.041008]]}},{"type":"Feature","properties":{},"geometry":{"type":"LineString","coordinates":[[77.505743,13.008356],[77.50578,13.008426],[77.505818,13.008707],[77.505819,13.008777],[77.505857,13.008953],[77.505931,13.009198],[77.505969,13.009374],[77.506042,13.009549],[77.506079,13.009654],[77.506153,13.0099],[77.506154,13.009935],[77.506226,13.00997],[77.506262,13.009969],[77.506334,13.010039],[77.506407,13.010179],[77.506517,13.010354],[77.50659,13.010459],[77.506735,13.010669],[77.506882,13.010949],[77.506954,13.011018],[77.50699,13.011053],[77.507098,13.011052],[77.507206,13.011086],[77.50735,13.011155],[77.507566,13.011224],[77.507783,13.011327],[77.507927,13.011396],[77.508107,13.011465],[77.508287,13.011533],[77.508432,13.011602],[77.508504,13.011672],[77.508613,13.011777],[77.50883,13.011986],[77.508975,13.01216],[77.509085,13.0123],[77.509194,13.012475],[77.509412,13.012719],[77.509557,13.012929],[77.509703,13.013139],[77.509849,13.013348],[77.509885,13.013383],[77.510067,13.013663],[77.510249,13.013908],[77.510285,13.013942],[77.510431,13.014152],[77.510468,13.014257],[77.51076,13.014747],[77.510797,13.014852],[77.510833,13.014887],[77.510943,13.015097],[77.511053,13.015343],[77.511237,13.015728],[77.51142,13.016149],[77.511493,13.016289],[77.511603,13.016463],[77.511712,13.016603],[77.512037,13.016846],[77.512182,13.016915],[77.512362,13.017019],[77.512579,13.017123],[77.512579,13.017158],[77.512687,13.017192],[77.512831,13.017191],[77.512974,13.017224],[77.51301,13.017224],[77.513119,13.017293],[77.513191,13.017363],[77.513264,13.017433],[77.5133,13.017468],[77.513372,13.017537],[77.513553,13.017606],[77.513804,13.017674],[77.51384,13.017674],[77.514056,13.017742],[77.514308,13.01781],[77.51456,13.017878],[77.514668,13.017912],[77.514848,13.017945],[77.514956,13.017979],[77.515028,13.018014],[77.515064,13.018014],[77.515138,13.018189],[77.515284,13.018434],[77.515393,13.018609],[77.515467,13.018784],[77.515576,13.018959],[77.515722,13.019204],[77.515795,13.019273],[77.515831,13.019343],[77.515904,13.019448],[77.515941,13.019553],[77.515978,13.019624],[77.516124,13.019868],[77.516197,13.020009],[77.51627,13.020149],[77.516343,13.020289],[77.516417,13.020464],[77.516454,13.020569],[77.51649,13.020639],[77.516637,13.020919]]}},{"type":"Feature","properties":{},"geometry":{"type":"LineString","coordinates":[[77.541068,13.083145],[77.540496,13.083292],[77.540167,13.082767]]}},{"type":"Feature","properties":{},"geometry":{"type":"LineString","coordinates":[[77.540167,13.082767],[77.540416,13.082554],[77.540522,13.082377],[77.540592,13.082165],[77.540627,13.082094],[77.540698,13.082058],[77.540662,13.081988],[77.540625,13.081883],[77.540442,13.081533],[77.54015,13.081149],[77.539932,13.080834],[77.539677,13.08052],[77.539568,13.08038],[77.539351,13.080241],[77.539171,13.080138],[77.538846,13.079965],[77.538376,13.079653],[77.538516,13.079335],[77.538587,13.079193],[77.538586,13.079123],[77.538586,13.079088],[77.538585,13.078982],[77.538548,13.078912],[77.53851,13.078736],[77.538473,13.078561],[77.538436,13.078526],[77.538399,13.07835],[77.538362,13.078245],[77.538323,13.077929],[77.538357,13.077753],[77.538356,13.077647],[77.538495,13.077259],[77.538601,13.077046],[77.538776,13.076622],[77.538882,13.076481],[77.539059,13.076232],[77.539272,13.075949],[77.539555,13.075594],[77.539803,13.07524],[77.539874,13.075169],[77.539982,13.075168],[77.539981,13.075097],[77.540483,13.075092],[77.541129,13.075086],[77.541524,13.075082],[77.541668,13.075081],[77.541739,13.074974],[77.54181,13.074939],[77.541773,13.074798],[77.541801,13.074059],[77.541799,13.073848],[77.541653,13.073603],[77.541578,13.073287],[77.541504,13.073112],[77.541432,13.073042],[77.541393,13.072796],[77.541392,13.072655],[77.54146,13.072338],[77.541457,13.072056],[77.541453,13.071669],[77.541414,13.071318],[77.541515,13.070683],[77.541545,13.07005],[77.541539,13.069557],[77.541537,13.069311],[77.541501,13.069276],[77.5415,13.06917],[77.541495,13.068748],[77.541422,13.068643],[77.541242,13.068504],[77.541169,13.068434],[77.541133,13.0684],[77.541096,13.06833],[77.541095,13.068259],[77.541131,13.068224],[77.54138,13.068045],[77.541523,13.067903],[77.541629,13.067761],[77.541839,13.067302],[77.542118,13.06649],[77.542362,13.065748],[77.542642,13.065006],[77.543025,13.063841],[77.543059,13.063735],[77.543126,13.063277],[77.543161,13.063171],[77.54316,13.063066]]}},{"type":"Feature","properties":{},"geometry":{"type":"LineString","coordinates":[[77.544486,13.059358],[77.543551,13.059156],[77.543825,13.057921],[77.542416,13.05702],[77.541838,13.056639],[77.543259,13.055182],[77.5434,13.054969],[77.542035,13.054807],[77.540345,13.054507],[77.53923,13.054307],[77.538727,13.054312],[77.537652,13.054463],[77.536111,13.054724],[77.535143,13.054875],[77.53457,13.054915],[77.533061,13.05486],[77.532774,13.054827]]}},{"type":"Feature","properties":{},"geometry":{"type":"LineString","coordinates":[[77.54316,13.063066],[77.543196,13.06303],[77.543687,13.061899],[77.544038,13.061192],[77.544284,13.060591],[77.5446,13.05992],[77.544846,13.059425],[77.544486,13.059358]]}},{"type":"Feature","properties":{},"geometry":{"type":"LineString","coordinates":[[77.55916,13.089899],[77.558728,13.089833],[77.558704,13.090959],[77.558673,13.091488],[77.559362,13.092149],[77.560449,13.093054],[77.561284,13.09396],[77.561543,13.094697],[77.561802,13.095503],[77.562644,13.097043],[77.56301,13.097673],[77.563941,13.097523],[77.565307,13.097615],[77.567067,13.097774],[77.568721,13.097933],[77.569763,13.098028],[77.570445,13.098021],[77.571524,13.098257],[77.572459,13.098424],[77.574149,13.098653],[77.575516,13.098956],[77.576092,13.099091],[77.576416,13.099194],[77.576668,13.099226],[77.576848,13.099295],[77.577136,13.099362],[77.577352,13.099395],[77.577856,13.099566],[77.578037,13.099635],[77.578468,13.099736],[77.57872,13.099804],[77.578937,13.099872],[77.579333,13.099974],[77.579765,13.10011],[77.580269,13.100246],[77.580845,13.100416],[77.580953,13.10045],[77.581385,13.100587],[77.581925,13.100722],[77.582754,13.100995],[77.583366,13.101165],[77.584266,13.101402],[77.585058,13.101641],[77.585382,13.101708],[77.585814,13.101844],[77.586066,13.101912],[77.586211,13.101981],[77.586571,13.102118],[77.586785,13.10194]]}},{"type":"Feature","properties":{},"geometry":{"type":"LineString","coordinates":[[77.586785,13.10194],[77.587889,13.101084],[77.588245,13.100799],[77.588814,13.100301],[77.58917,13.100016],[77.589739,13.099553],[77.590166,13.099161],[77.590523,13.098911],[77.590667,13.099015],[77.590845,13.098873],[77.591379,13.09841],[77.592446,13.097484],[77.592553,13.097378],[77.592589,13.097448],[77.592738,13.097904],[77.592922,13.098359],[77.594066,13.09789],[77.594387,13.097711],[77.594632,13.097075],[77.595017,13.096157],[77.595087,13.096015],[77.595342,13.096364],[77.595415,13.096434],[77.595597,13.096714],[77.595815,13.096958],[77.595924,13.097098],[77.596034,13.097272],[77.59618,13.097517],[77.596472,13.097937],[77.596654,13.098181],[77.597055,13.098775],[77.597237,13.09902],[77.59731,13.09916],[77.597347,13.099195],[77.597347,13.099195]]}},{"type":"Feature","properties":{},"geometry":{"type":"LineString","coordinates":[[77.493244,12.946255],[77.492535,12.943447]]}},{"type":"Feature","properties":{},"geometry":{"type":"LineString","coordinates":[[77.495892,12.945526],[77.495105,12.94571],[77.493244,12.946255]]}},{"type":"Feature","properties":{},"geometry":{"type":"LineString","coordinates":[[77.504848,13.062032],[77.505028,13.062171],[77.506,13.062443]]}},{"type":"Feature","properties":{},"geometry":{"type":"LineString","coordinates":[[77.505401,13.06347],[77.506672,13.061381]]}},{"type":"Feature","properties":{},"geometry":{"type":"LineString","coordinates":[[77.567997,12.905553],[77.567996,12.905517],[77.567706,12.905239],[77.567453,12.90496],[77.567345,12.904961],[77.567308,12.904891],[77.567201,12.904892],[77.567017,12.904436],[77.566906,12.904156],[77.567407,12.90401]]}},{"type":"Feature","properties":{},"geometry":{"type":"LineString","coordinates":[[77.569571,12.905185],[77.569466,12.905397]]}},{"type":"Feature","properties":{},"geometry":{"type":"LineString","coordinates":[[77.758574,12.996431],[77.758538,12.996361],[77.758463,12.996115],[77.75839,12.995975],[77.758353,12.99587],[77.758279,12.995625],[77.758167,12.995309],[77.758094,12.995134],[77.758057,12.995029],[77.757873,12.994609],[77.757835,12.994468],[77.757762,12.994328],[77.757725,12.994223],[77.757687,12.994083],[77.75765,12.993943],[77.75765,12.993907],[77.757611,12.993697],[77.75761,12.993591],[77.757535,12.993275],[77.757498,12.993135],[77.757352,12.992925],[77.757097,12.992611],[77.756987,12.992437],[77.756878,12.992297],[77.756696,12.992053],[77.756442,12.991739],[77.756296,12.991564],[77.756077,12.99125],[77.755786,12.990866],[77.755677,12.990726],[77.755496,12.990552],[77.755349,12.990308],[77.755277,12.990238],[77.755131,12.990064],[77.755094,12.989958],[77.755058,12.989888],[77.754985,12.989784],[77.754911,12.989573],[77.7548,12.989258],[77.754653,12.988943],[77.754505,12.988557],[77.754394,12.988242],[77.75421,12.987857],[77.753989,12.987296],[77.753547,12.98628],[77.753251,12.985509],[77.75292,12.984739],[77.752846,12.984564],[77.752808,12.984388],[77.752735,12.984248]]}},{"type":"Feature","properties":{},"geometry":{"type":"LineString","coordinates":[[77.752735,12.984248],[77.752624,12.983897],[77.752551,12.983828],[77.752513,12.983617],[77.752364,12.983126],[77.752327,12.983021],[77.752289,12.982881],[77.752289,12.98281],[77.752251,12.98267],[77.752174,12.982213],[77.752099,12.981862],[77.752022,12.981441],[77.751946,12.981019],[77.75187,12.980668],[77.751793,12.980177],[77.751792,12.980106],[77.751756,12.980071],[77.751755,12.980001],[77.751717,12.97979],[77.751679,12.979544],[77.751605,12.979334],[77.75149,12.978702],[77.751453,12.978562],[77.751451,12.978421],[77.751413,12.97821],[77.751338,12.977929],[77.751262,12.977543],[77.751111,12.976876],[77.750995,12.976139],[77.75092,12.975823],[77.750844,12.975472],[77.750806,12.975226],[77.750769,12.975156],[77.750729,12.974804],[77.750654,12.974453],[77.750616,12.974278],[77.750578,12.974067],[77.750538,12.97368],[77.750459,12.973048],[77.750381,12.972486],[77.7503,12.971642],[77.750223,12.97115],[77.750185,12.97101],[77.750185,12.97094],[77.750183,12.970799],[77.750145,12.970588],[77.750108,12.970448],[77.750107,12.970413],[77.750106,12.970342],[77.750105,12.970237],[77.750068,12.970132],[77.750068,12.970096],[77.750066,12.96992],[77.750065,12.969815],[77.750064,12.96978],[77.750026,12.969569],[77.749988,12.969323],[77.749913,12.969078],[77.749873,12.968691],[77.749798,12.96841],[77.749761,12.96827],[77.749723,12.968059],[77.749685,12.967954],[77.749685,12.967919],[77.749648,12.967849],[77.749535,12.967358],[77.749424,12.967007],[77.749349,12.966726],[77.749312,12.966586],[77.749201,12.96627],[77.749164,12.9662],[77.749089,12.96592],[77.748941,12.965464],[77.748903,12.965323],[77.748755,12.964868],[77.748569,12.964271],[77.748458,12.963956],[77.748347,12.96364],[77.748309,12.963465],[77.748235,12.963254],[77.748124,12.962939],[77.747975,12.962483],[77.747901,12.962273],[77.747863,12.962062],[77.747789,12.961887],[77.747788,12.961781],[77.74775,12.961606],[77.747748,12.96143],[77.747747,12.96136],[77.7476,12.961044],[77.747198,12.96031],[77.746978,12.95989],[77.746611,12.95919],[77.746428,12.95884],[77.746355,12.9587],[77.746172,12.95835],[77.746135,12.958245],[77.746098,12.958175],[77.746061,12.958105],[77.745951,12.957895]]}},{"type":"Feature","properties":{},"geometry":{"type":"LineString","coordinates":[[77.745951,12.957895],[77.745914,12.95779],[77.745877,12.95765],[77.74584,12.95758],[77.745804,12.95751],[77.745694,12.957335],[77.745658,12.9573],[77.745585,12.95723],[77.745477,12.957126],[77.745332,12.956987],[77.745223,12.956882],[77.745043,12.956814],[77.744935,12.95678],[77.744863,12.956745],[77.744791,12.956746],[77.744684,12.956782],[77.744469,12.95682],[77.744039,12.95693],[77.743646,12.957005],[77.743538,12.957041],[77.742462,12.957052],[77.74135,12.957064],[77.740884,12.957069],[77.740597,12.957072],[77.738839,12.95709],[77.738301,12.957096],[77.73744,12.957105],[77.737189,12.957108],[77.736902,12.957111],[77.736794,12.957112],[77.736687,12.957113],[77.736651,12.957113],[77.736256,12.957047],[77.735824,12.956946],[77.735357,12.956881],[77.735105,12.956848],[77.734602,12.956748],[77.733883,12.95665],[77.733632,12.956617],[77.733488,12.956584],[77.733164,12.956517],[77.732518,12.956418],[77.732051,12.956352],[77.732015,12.956353],[77.731583,12.956287],[77.731116,12.956221],[77.731045,12.956222],[77.730973,12.956223],[77.730434,12.956193],[77.729537,12.956132],[77.728747,12.95607],[77.728316,12.95604],[77.727957,12.956008],[77.72767,12.956011],[77.727419,12.956014],[77.726773,12.955985],[77.726163,12.955992],[77.726091,12.955993],[77.725014,12.955934],[77.724691,12.955937],[77.724153,12.955943],[77.7234,12.955915],[77.723113,12.955918],[77.722108,12.955894],[77.722,12.955895],[77.721928,12.955895],[77.721785,12.955897],[77.721067,12.955869],[77.720708,12.955873],[77.72035,12.955877],[77.72017,12.955879],[77.719919,12.955846],[77.719739,12.955848],[77.719524,12.95585],[77.718986,12.955821],[77.718555,12.955825],[77.718519,12.955825],[77.717945,12.955831],[77.717623,12.955835],[77.717407,12.955837],[77.716797,12.955843],[77.716762,12.955844]]}},{"type":"Feature","properties":{},"geometry":{"type":"LineString","coordinates":[[77.504525,13.062071],[77.504668,13.062034]]}},{"type":"Feature","properties":{},"geometry":{"type":"LineString","coordinates":[[77.694504,12.967863],[77.694432,12.967864],[77.693823,12.967976],[77.693394,12.968086],[77.693356,12.967875],[77.693319,12.96777],[77.69328,12.967524],[77.693242,12.967278],[77.693204,12.967137],[77.693167,12.966962],[77.693129,12.966822],[77.693055,12.966611],[77.692982,12.966471],[77.692688,12.965806],[77.692687,12.965771],[77.692578,12.965596],[77.692394,12.965175],[77.692211,12.964861],[77.692102,12.964686],[77.692027,12.96444],[77.691916,12.964089],[77.691879,12.964019],[77.691843,12.963985],[77.691807,12.96395],[77.691735,12.963951],[77.691555,12.963917],[77.691447,12.963883],[77.691375,12.963884],[77.69116,12.963851],[77.691016,12.963817],[77.690872,12.963784],[77.690656,12.963751],[77.690441,12.963718],[77.690297,12.963684],[77.69026,12.963614],[77.69026,12.963579],[77.690259,12.963544],[77.690259,12.963473],[77.690293,12.963332],[77.690361,12.96298],[77.690429,12.962662],[77.690429,12.962592],[77.690499,12.962486],[77.690533,12.962309],[77.690635,12.96178],[77.690702,12.961357],[77.690771,12.961075],[77.690806,12.960934],[77.690806,12.960934]]}},{"type":"Feature","properties":{},"geometry":{"type":"LineString","coordinates":[[77.690806,12.960934],[77.69084,12.960793],[77.690873,12.960581],[77.690805,12.960864],[77.690873,12.960581],[77.690975,12.960053],[77.691111,12.959347],[77.691248,12.958713],[77.691384,12.958008],[77.691453,12.95776],[77.69152,12.957302],[77.691554,12.957161],[77.691553,12.957056],[77.691587,12.956915],[77.691655,12.956527],[77.691723,12.956174],[77.691723,12.956139],[77.691758,12.956068]]}},{"type":"Feature","properties":{},"geometry":{"type":"LineString","coordinates":[[77.556321,13.086197],[77.556245,13.085811],[77.556382,13.085176],[77.55652,13.084612]]}},{"type":"Feature","properties":{},"geometry":{"type":"LineString","coordinates":[[77.597566,13.099544],[77.598259,13.100628],[77.598917,13.101748]]}},{"type":"Feature","properties":{},"geometry":{"type":"LineString","coordinates":[[77.63499,12.907419],[77.634522,12.907283]]}},{"type":"Feature","properties":{},"geometry":{"type":"LineString","coordinates":[[77.688472,12.954097],[77.688579,12.954025],[77.689218,12.953385],[77.689392,12.952891],[77.68945,12.951623],[77.689402,12.950533],[77.689326,12.950112],[77.688962,12.949658],[77.688601,12.94938],[77.687774,12.949213],[77.685439,12.94899],[77.6821,12.948779],[77.680808,12.948686],[77.680664,12.948617]]}},{"type":"Feature","properties":{},"geometry":{"type":"LineString","coordinates":[[77.499242,12.907169],[77.499389,12.907485],[77.49954,12.908258],[77.499764,12.909206],[77.499912,12.909591],[77.499988,12.910013],[77.500363,12.911628],[77.500549,12.912365],[77.50055,12.912436],[77.500661,12.912787],[77.500687,12.915355],[77.500306,12.916732]]}},{"type":"Feature","properties":{},"geometry":{"type":"LineString","coordinates":[[77.500685,12.915215],[77.500829,12.915213]]}},{"type":"Feature","properties":{},"geometry":{"type":"LineString","coordinates":[[77.59742,13.099335],[77.597566,13.099544]]}},{"type":"Feature","properties":{},"geometry":{"type":"LineString","coordinates":[[77.596457,13.099907],[77.596848,13.099552],[77.59731,13.09916],[77.59742,13.099335]]}},{"type":"Feature","properties":{},"geometry":{"type":"LineString","coordinates":[[77.668651,12.966018],[77.668579,12.966019],[77.668578,12.965878],[77.66861,12.965491],[77.668673,12.964716],[77.668671,12.96454],[77.668669,12.964294],[77.66855,12.96331],[77.668395,12.962185],[77.668393,12.961974],[77.668244,12.961483],[77.668169,12.961167]]}},{"type":"Feature","properties":{},"geometry":{"type":"LineString","coordinates":[[77.674743,13.008885],[77.67489,13.009165],[77.675035,13.009375],[77.675109,13.00955],[77.675219,13.009795],[77.675329,13.00997],[77.675552,13.010742],[77.675591,13.011023],[77.675667,13.011374]]}},{"type":"Feature","properties":{},"geometry":{"type":"LineString","coordinates":[[77.675008,13.003463],[77.674972,13.003464],[77.674976,13.003816],[77.674976,13.003886]]}},{"type":"Feature","properties":{},"geometry":{"type":"LineString","coordinates":[[77.674972,13.003464],[77.6749,13.003464]]}},{"type":"Feature","properties":{},"geometry":{"type":"LineString","coordinates":[[77.710102,12.97692],[77.710245,12.976954],[77.71028,12.976848],[77.711071,12.977015],[77.711071,12.977015]]}},{"type":"Feature","properties":{},"geometry":{"type":"LineString","coordinates":[[77.711037,12.977121],[77.711035,12.977016],[77.711035,12.977016]]}},{"type":"Feature","properties":{},"geometry":{"type":"LineString","coordinates":[[77.711037,12.977121],[77.711035,12.977016],[77.711071,12.977015]]}},{"type":"Feature","properties":{},"geometry":{"type":"LineString","coordinates":[[77.674294,13.007201],[77.674364,13.006989],[77.674538,13.006494],[77.674538,13.006459],[77.674537,13.006424],[77.674572,13.006318],[77.674607,13.006247],[77.674607,13.006212],[77.674606,13.006177],[77.674676,13.006],[77.674676,13.005965],[77.674709,13.005754],[77.674745,13.005753],[77.674745,13.005718],[77.674814,13.005471],[77.674814,13.005436],[77.674849,13.0054],[77.674849,13.005365],[77.674883,13.005224],[77.674883,13.005189],[77.674918,13.005153]]}},{"type":"Feature","properties":{},"geometry":{"type":"LineString","coordinates":[[77.674294,13.007201],[77.67426,13.007342],[77.674261,13.007447],[77.674299,13.007658],[77.674374,13.007904],[77.674596,13.00857],[77.67467,13.00878],[77.674743,13.008885]]}},{"type":"Feature","properties":{},"geometry":{"type":"LineString","coordinates":[[77.696663,13.018299],[77.69604,13.017145],[77.695564,13.016235],[77.695491,13.016165],[77.695521,13.015567],[77.695553,13.01525],[77.695514,13.014969],[77.695476,13.014758],[77.695328,13.014302],[77.695105,13.0136],[77.695068,13.013495],[77.69564,13.013349],[77.696464,13.013199],[77.696822,13.013125],[77.696782,13.012703],[77.696743,13.012422],[77.696778,13.012352],[77.696525,13.012178],[77.696308,13.012005],[77.696054,13.011761],[77.695981,13.011691],[77.695909,13.011622]]}},{"type":"Feature","properties":{},"geometry":{"type":"LineString","coordinates":[[77.700478,13.00612],[77.700157,13.006229],[77.699871,13.006337],[77.699406,13.006518],[77.699299,13.006555],[77.699013,13.006698]]}},{"type":"Feature","properties":{},"geometry":{"type":"LineString","coordinates":[[77.699013,13.006698],[77.698907,13.00677],[77.698836,13.006841],[77.698693,13.006913],[77.698586,13.006984],[77.698408,13.007092],[77.698194,13.007199],[77.698015,13.007272]]}},{"type":"Feature","properties":{},"geometry":{"type":"LineString","coordinates":[[77.677177,12.994961],[77.677068,12.994821],[77.677032,12.994751],[77.676886,12.994541],[77.676777,12.994402],[77.676595,12.994193],[77.676377,12.993948],[77.676196,12.99381],[77.67598,12.993706],[77.675764,12.993708],[77.675548,12.99364],[77.675223,12.993433]]}},{"type":"Feature","properties":{},"geometry":{"type":"LineString","coordinates":[[77.704513,13.017479],[77.704477,13.017444],[77.704081,13.017307],[77.703936,13.017238],[77.703864,13.017169],[77.702859,13.017214],[77.701569,13.017333],[77.701607,13.017544],[77.699566,13.017917]]}},{"type":"Feature","properties":{},"geometry":{"type":"LineString","coordinates":[[77.678608,13.014581],[77.678606,13.014405],[77.678605,13.014299],[77.678605,13.014264],[77.678638,13.014053],[77.678635,13.013736],[77.678633,13.013525],[77.678662,13.012962],[77.678658,13.012575],[77.678654,13.012152],[77.67865,13.0118],[77.67865,13.011765],[77.678685,13.011765],[77.678685,13.01173]]}},{"type":"Feature","properties":{},"geometry":{"type":"LineString","coordinates":[[77.697938,13.013465],[77.697977,13.013747]]}},{"type":"Feature","properties":{},"geometry":{"type":"LineString","coordinates":[[77.695909,13.011622],[77.695909,13.011586],[77.695871,13.011481],[77.695796,13.01113],[77.695684,13.010779],[77.69561,13.010569],[77.695462,13.010113],[77.695388,13.009903],[77.695277,13.009623],[77.695202,13.009342],[77.695091,13.009026],[77.69498,13.008711],[77.694943,13.008535]]}},{"type":"Feature","properties":{},"geometry":{"type":"LineString","coordinates":[[77.67822,13.018526],[77.678253,13.018279],[77.678321,13.017962],[77.678356,13.017891],[77.678388,13.017468],[77.678421,13.017257],[77.678489,13.016869],[77.678522,13.016623],[77.678625,13.016164],[77.678624,13.016094],[77.67862,13.015707],[77.678619,13.015566],[77.678616,13.01532],[77.678611,13.014897],[77.678608,13.014581]]}},{"type":"Feature","properties":{},"geometry":{"type":"LineString","coordinates":[[77.696663,13.018299],[77.696771,13.018333],[77.696843,13.018368],[77.698168,13.018108],[77.698239,13.018072],[77.698277,13.018212],[77.69953,13.017918]]}},{"type":"Feature","properties":{},"geometry":{"type":"LineString","coordinates":[[77.554411,12.86409],[77.554413,12.864301],[77.554451,12.864582],[77.554528,12.865074],[77.554565,12.865179],[77.554642,12.865671],[77.554643,12.865741],[77.554717,12.866057],[77.554755,12.866198],[77.554792,12.866303],[77.555123,12.867109],[77.555197,12.86732],[77.55527,12.867495],[77.555681,12.86911]]}},{"type":"Feature","properties":{},"geometry":{"type":"LineString","coordinates":[[77.511014,12.904065],[77.511982,12.904056],[77.512126,12.90409],[77.512449,12.904087],[77.512664,12.904049],[77.515099,12.903568],[77.515672,12.903493],[77.516245,12.903381],[77.517426,12.903124],[77.518249,12.902905],[77.519466,12.902682],[77.519932,12.902607],[77.520147,12.902605],[77.520435,12.902637],[77.521837,12.902976],[77.522879,12.903177]]}},{"type":"Feature","properties":{},"geometry":{"type":"LineString","coordinates":[[77.522879,12.903177],[77.522916,12.903212],[77.523455,12.903347],[77.523958,12.903448],[77.524822,12.903686],[77.524966,12.90372],[77.525002,12.903755]]}},{"type":"Feature","properties":{},"geometry":{"type":"LineString","coordinates":[[77.512377,12.904087],[77.512429,12.905706],[77.512402,12.906515],[77.512226,12.906904],[77.512156,12.907046],[77.512087,12.907328],[77.512054,12.907645],[77.512059,12.908102],[77.512061,12.908313],[77.512134,12.908489],[77.512207,12.908558],[77.512352,12.908733],[77.513146,12.909218],[77.513402,12.909708],[77.513515,12.91027],[77.513559,12.911009],[77.513654,12.913401],[77.513521,12.914388],[77.513523,12.914634],[77.513461,12.91555],[77.513497,12.91562],[77.513466,12.916113]]}},{"type":"Feature","properties":{},"geometry":{"type":"LineString","coordinates":[[77.701819,12.994002],[77.701708,12.993721]]}},{"type":"Feature","properties":{},"geometry":{"type":"LineString","coordinates":[[77.605384,12.916725],[77.605383,12.916619]]}},{"type":"Feature","properties":{},"geometry":{"type":"LineString","coordinates":[[77.512427,12.9807],[77.512571,12.980664],[77.512821,12.980591],[77.512964,12.980554],[77.513394,12.980445],[77.513788,12.98037],[77.514576,12.980257],[77.51558,12.980142],[77.516153,12.980066],[77.516225,12.980065]]}},{"type":"Feature","properties":{},"geometry":{"type":"LineString","coordinates":[[77.677177,12.994961],[77.677178,12.994996],[77.677249,12.99496],[77.677392,12.994923],[77.6775,12.994922],[77.677823,12.994919],[77.678002,12.994917],[77.678074,12.994881],[77.678181,12.99488],[77.678325,12.994878],[77.678611,12.99484],[77.678934,12.994802],[77.679149,12.994764],[77.679364,12.994762],[77.6794,12.994762],[77.679396,12.994375],[77.679428,12.994058],[77.679426,12.993811],[77.679425,12.993706],[77.679457,12.993389],[77.679456,12.993319]]}},{"type":"Feature","properties":{},"geometry":{"type":"LineString","coordinates":[[77.507766,13.048877],[77.507799,13.048596],[77.507904,13.048278],[77.507972,13.047925],[77.508075,13.047502],[77.508074,13.047361],[77.508073,13.047256],[77.508036,13.04715],[77.507999,13.04708],[77.507888,13.046729],[77.507778,13.046484],[77.507631,13.046204],[77.507557,13.045958],[77.507337,13.045468]]}},{"type":"Feature","properties":{},"geometry":{"type":"LineString","coordinates":[[77.56308,12.873612],[77.563295,12.873575],[77.563295,12.873645],[77.563294,12.87354],[77.563331,12.873645],[77.56333,12.873575],[77.563402,12.873574]]}},{"type":"Feature","properties":{},"geometry":{"type":"LineString","coordinates":[[77.56308,12.873612],[77.562901,12.873649],[77.562902,12.873755],[77.562865,12.873685],[77.562866,12.873755],[77.562829,12.873685],[77.562794,12.873685]]}},{"type":"Feature","properties":{},"geometry":{"type":"LineString","coordinates":[[77.670932,13.011563],[77.67147,13.011558],[77.6719,13.011518],[77.672582,13.011511]]}},{"type":"Feature","properties":{},"geometry":{"type":"LineString","coordinates":[[77.673694,13.011465],[77.674412,13.011457],[77.674842,13.011453],[77.675201,13.011414],[77.675523,13.011375],[77.675846,13.011337],[77.676169,13.011369],[77.676672,13.011434],[77.677067,13.011465],[77.677643,13.011565],[77.678433,13.011697],[77.678757,13.011729],[77.679043,13.011691],[77.679759,13.011472],[77.680295,13.011256],[77.680617,13.011147],[77.680831,13.011074],[77.681724,13.010678],[77.683051,13.010629],[77.684743,13.011069],[77.684955,13.01082],[77.685886,13.0106],[77.686571,13.010944],[77.687332,13.011605],[77.68809,13.012019],[77.688487,13.012191],[77.689099,13.012431],[77.689387,13.012463],[77.68978,13.012354],[77.690674,13.012063],[77.691032,13.011919],[77.69189,13.011628],[77.691849,13.011206],[77.691846,13.01089],[77.6918,13.009975],[77.691799,13.009835]]}},{"type":"Feature","properties":{},"geometry":{"type":"LineString","coordinates":[[77.691799,13.009835],[77.691798,13.009729],[77.69248,13.009792],[77.693055,13.009822],[77.693014,13.0094],[77.693372,13.009361],[77.693838,13.009286],[77.694304,13.00921],[77.694554,13.009137],[77.694913,13.009098],[77.695056,13.009062],[77.69487,13.008501]]}},{"type":"Feature","properties":{},"geometry":{"type":"LineString","coordinates":[[77.695766,13.008386],[77.695945,13.008314],[77.696446,13.008168],[77.696731,13.008024],[77.696945,13.007916],[77.697195,13.007738],[77.69748,13.007559],[77.697694,13.007451],[77.697801,13.007379]]}},{"type":"Feature","properties":{},"geometry":{"type":"LineString","coordinates":[[77.697801,13.007379],[77.697872,13.007344],[77.698015,13.007272]]}},{"type":"Feature","properties":{},"geometry":{"type":"LineString","coordinates":[[77.662398,13.008871],[77.662432,13.00866],[77.662426,13.008132],[77.662494,13.007744],[77.662663,13.006792],[77.662966,13.004924],[77.663033,13.004501],[77.663123,13.002847],[77.663149,13.001931],[77.663218,13.001614],[77.663313,13.000452],[77.663307,12.999889],[77.663198,12.999784],[77.662802,12.999613],[77.662802,12.999648],[77.662658,12.999579],[77.662693,12.999543],[77.663326,12.99834],[77.662891,12.997923],[77.662888,12.997606],[77.663063,12.997217],[77.663241,12.997039],[77.663024,12.996901],[77.663692,12.995627],[77.664294,12.994847],[77.664328,12.994706]]}},{"type":"Feature","properties":{},"geometry":{"type":"LineString","coordinates":[[77.675456,12.964928],[77.674954,12.964898],[77.674666,12.96483],[77.674235,12.9648],[77.673158,12.964705],[77.67269,12.964604]]}},{"type":"Feature","properties":{},"geometry":{"type":"LineString","coordinates":[[77.67269,12.964604],[77.672151,12.964469],[77.671719,12.964403],[77.67161,12.964264],[77.671571,12.963982],[77.671569,12.963736],[77.671531,12.963561],[77.671493,12.963385],[77.671239,12.963141],[77.671093,12.962897],[77.67102,12.962757],[77.670839,12.962582],[77.67055,12.962374],[77.670405,12.962305],[77.669867,12.962276],[77.669864,12.961994],[77.668395,12.962185]]}},{"type":"Feature","properties":{},"geometry":{"type":"LineString","coordinates":[[77.521418,13.003945],[77.521381,13.003805],[77.521342,13.003524],[77.521304,13.003348],[77.521301,13.003067],[77.521263,13.002821],[77.521226,13.00268],[77.521078,13.002224],[77.520966,13.001838],[77.520854,13.001417],[77.520852,13.001206],[77.520815,13.001101],[77.520814,13.00096],[77.520812,13.000819],[77.520735,13.000327],[77.520622,12.99973],[77.520508,12.999098],[77.520431,12.998606],[77.520392,12.998325],[77.52024,12.997411],[77.520238,12.99727],[77.520309,12.997164]]}},{"type":"Feature","properties":{},"geometry":{"type":"LineString","coordinates":[[77.666448,13.004994],[77.666197,13.004997],[77.665658,13.004967],[77.664401,13.004874],[77.664221,13.004841],[77.664188,13.005053]]}},{"type":"Feature","properties":{},"geometry":{"type":"LineString","coordinates":[[77.666448,13.004994],[77.666521,13.005099],[77.666751,13.006539],[77.666754,13.006786],[77.66694,13.007382],[77.667016,13.007768],[77.667388,13.008996],[77.667612,13.009838],[77.667726,13.010435],[77.667765,13.010716],[77.667841,13.011103],[77.667917,13.011489],[77.66803,13.01198],[77.668209,13.011978],[77.668567,13.01194],[77.669534,13.011754],[77.669857,13.011715]]}},{"type":"Feature","properties":{},"geometry":{"type":"LineString","coordinates":[[77.5165,13.049989],[77.516749,13.049811],[77.516856,13.049739],[77.517497,13.04924],[77.518175,13.048776],[77.518816,13.048313],[77.519743,13.047635],[77.52074,13.046921],[77.521489,13.046386],[77.521845,13.046136],[77.522202,13.045957],[77.522202,13.045922],[77.522202,13.045922]]}},{"type":"Feature","properties":{},"geometry":{"type":"LineString","coordinates":[[77.51638,13.020359],[77.51688,13.020178],[77.517202,13.020034],[77.517595,13.019854],[77.517989,13.019745],[77.518312,13.019742],[77.518814,13.019772],[77.51885,13.019772]]}},{"type":"Feature","properties":{},"geometry":{"type":"LineString","coordinates":[[77.520128,12.99699],[77.519588,12.996854],[77.517966,12.996131],[77.514578,12.994721],[77.513352,12.99417],[77.51274,12.99393],[77.512236,12.993758],[77.511121,12.993558],[77.510725,12.993456],[77.510581,12.993387],[77.510293,12.99332],[77.50961,12.993186],[77.509106,12.99305],[77.508819,12.992982],[77.508099,12.992813]]}},{"type":"Feature","properties":{},"geometry":{"type":"LineString","coordinates":[[77.68021,12.983353],[77.680493,12.982963],[77.680564,12.982856],[77.680525,12.98254],[77.680451,12.9824],[77.680377,12.982119],[77.680302,12.981874],[77.680228,12.981593],[77.680116,12.981207],[77.680004,12.980856],[77.67993,12.980646],[77.679892,12.980435],[77.679815,12.979908],[77.679701,12.979346],[77.679589,12.978925],[77.679513,12.978539],[77.679474,12.978223],[77.679471,12.978012],[77.679468,12.977695],[77.679428,12.977273],[77.679424,12.976921],[77.679492,12.976569],[77.679491,12.976463],[77.679453,12.976288],[77.679306,12.976008],[77.679197,12.975798],[77.679086,12.975482],[77.678938,12.975061],[77.678788,12.974465],[77.678566,12.973869],[77.678455,12.973553],[77.678232,12.972852],[77.678626,12.972742],[77.679413,12.972558],[77.680164,12.972339],[77.680844,12.972121],[77.68138,12.97194],[77.681666,12.971866],[77.681881,12.971794],[77.681948,12.971371],[77.681945,12.971124],[77.681942,12.970843],[77.682082,12.970454],[77.682328,12.970065],[77.682469,12.969817],[77.68261,12.969569],[77.682679,12.969252],[77.68271,12.968829],[77.682741,12.968372],[77.682737,12.967985],[77.682733,12.967668],[77.68273,12.967351],[77.682869,12.966963],[77.682975,12.966751],[77.68308,12.966503],[77.683112,12.966221],[77.68311,12.965975],[77.682999,12.965659],[77.682633,12.964995],[77.68245,12.964645],[77.682265,12.964189],[77.681836,12.964264],[77.68119,12.964306],[77.680724,12.964346],[77.68051,12.964418],[77.679974,12.964635],[77.679189,12.964995],[77.67851,12.965248],[77.678221,12.96511],[77.677716,12.964834],[77.677428,12.964732],[77.676568,12.964881],[77.675923,12.964923],[77.675456,12.964928]]}},{"type":"Feature","properties":{},"geometry":{"type":"LineString","coordinates":[[77.701532,12.95748],[77.701546,12.958817],[77.701585,12.959063],[77.701694,12.959273],[77.701732,12.959413],[77.701697,12.959484]]}},{"type":"Feature","properties":{},"geometry":{"type":"LineString","coordinates":[[77.676857,12.998553],[77.676641,12.99852],[77.676542,12.99926],[77.676442,12.999965]]}},{"type":"Feature","properties":{},"geometry":{"type":"LineString","coordinates":[[77.676441,12.999895],[77.676369,12.99986],[77.676498,12.998557],[77.676426,12.998487],[77.676246,12.998489],[77.676173,12.998314],[77.676171,12.998138],[77.676169,12.997962],[77.67624,12.997926],[77.676202,12.99768],[77.67616,12.997153],[77.676123,12.997048],[77.675974,12.996521],[77.67579,12.996136],[77.675607,12.995716],[77.675534,12.995646],[77.67546,12.995436],[77.675457,12.995154],[77.675419,12.994944],[77.675344,12.994698],[77.67527,12.994417],[77.675231,12.994171],[77.675156,12.99382],[77.675153,12.993574],[77.675152,12.993468],[77.675223,12.993433]]}},{"type":"Feature","properties":{},"geometry":{"type":"LineString","coordinates":[[77.675193,12.993925],[77.674941,12.993928],[77.674762,12.99393],[77.674511,12.993968],[77.674332,12.99397],[77.674224,12.993971],[77.674116,12.993901],[77.674044,12.993902],[77.673901,12.993904],[77.673685,12.993906],[77.673435,12.993944],[77.673219,12.993946],[77.673004,12.993948],[77.67286,12.993949],[77.672827,12.994196],[77.67283,12.994442],[77.672833,12.994689],[77.672799,12.994865],[77.672727,12.994866]]}},{"type":"Feature","properties":{},"geometry":{"type":"LineString","coordinates":[[77.694871,13.008571],[77.694943,13.008535]]}},{"type":"Feature","properties":{},"geometry":{"type":"LineString","coordinates":[[77.635319,12.904601],[77.635534,12.904599],[77.635642,12.904598],[77.636001,12.904629]]}},{"type":"Feature","properties":{},"geometry":{"type":"LineString","coordinates":[[77.700478,13.00612],[77.70055,13.006119]]}},{"type":"Feature","properties":{},"geometry":{"type":"LineString","coordinates":[[77.571831,12.898125],[77.571758,12.89802],[77.571651,12.898056],[77.571758,12.897985],[77.571686,12.897986],[77.571721,12.897915],[77.570814,12.896903],[77.570161,12.896171]]}},{"type":"Feature","properties":{},"geometry":{"type":"LineString","coordinates":[[77.629186,12.894387],[77.62933,12.894386],[77.62958,12.894313],[77.629937,12.894204],[77.630403,12.894094],[77.630867,12.893948],[77.631333,12.893873],[77.631548,12.893836]]}},{"type":"Feature","properties":{},"geometry":{"type":"LineString","coordinates":[[77.648456,12.874698],[77.648169,12.874666],[77.648025,12.874597],[77.647881,12.874563],[77.647701,12.87453],[77.647234,12.874394],[77.647018,12.874361],[77.646695,12.874294],[77.646443,12.874226],[77.646083,12.874124],[77.645867,12.874056],[77.645724,12.874057],[77.645364,12.873955],[77.645184,12.873922],[77.645005,12.873889],[77.644789,12.873856],[77.644394,12.873824],[77.643999,12.873793],[77.643964,12.873794]]}},{"type":"Feature","properties":{},"geometry":{"type":"LineString","coordinates":[[77.643964,12.873794],[77.643533,12.873763],[77.643066,12.873732],[77.642887,12.873734],[77.642637,12.873807],[77.641994,12.87406],[77.641421,12.874206],[77.64135,12.874242],[77.641135,12.87428],[77.640777,12.874318],[77.640455,12.874357],[77.640312,12.874429],[77.640205,12.874465],[77.640062,12.874537],[77.640064,12.874783],[77.639887,12.874961],[77.639817,12.875137],[77.639564,12.874964],[77.639527,12.874788]]}},{"type":"Feature","properties":{},"geometry":{"type":"LineString","coordinates":[[77.649604,12.874687],[77.649816,12.874333]]}},{"type":"Feature","properties":{},"geometry":{"type":"LineString","coordinates":[[77.649816,12.874333],[77.650276,12.8738],[77.650985,12.872984],[77.651091,12.872877],[77.651486,12.872838],[77.651736,12.8728]]}},{"type":"Feature","properties":{},"geometry":{"type":"LineString","coordinates":[[77.63499,12.907419],[77.63517,12.907453],[77.635742,12.907271],[77.636349,12.906983],[77.636813,12.906768],[77.63767,12.906407],[77.63817,12.906191],[77.638563,12.906046],[77.639027,12.905866],[77.639168,12.905618],[77.639347,12.905546],[77.639845,12.905153],[77.639952,12.905117],[77.639988,12.905082],[77.640344,12.904832],[77.640807,12.90451],[77.641234,12.904225],[77.641377,12.904188],[77.64184,12.903866],[77.642481,12.903438],[77.642554,12.903507],[77.64248,12.903297],[77.642517,12.903437],[77.642588,12.903366]]}},{"type":"Feature","properties":{},"geometry":{"type":"LineString","coordinates":[[77.639062,12.905795],[77.640138,12.905714]]}},{"type":"Feature","properties":{},"geometry":{"type":"LineString","coordinates":[[77.63592,12.907199],[77.635884,12.907164],[77.635884,12.907129],[77.635773,12.906848],[77.635658,12.906075],[77.635542,12.905338],[77.635499,12.904634],[77.635499,12.904599]]}},{"type":"Feature","properties":{},"geometry":{"type":"LineString","coordinates":[[77.638706,12.90601],[77.638706,12.906045]]}},{"type":"Feature","properties":{},"geometry":{"type":"LineString","coordinates":[[77.639168,12.905618],[77.639168,12.905583],[77.639131,12.905477],[77.638944,12.904811],[77.638871,12.904671],[77.638833,12.90446],[77.638866,12.904213],[77.638862,12.903791],[77.638824,12.903615],[77.638714,12.903335],[77.63864,12.903125],[77.638675,12.903019],[77.638674,12.902948],[77.638778,12.902666],[77.638812,12.902419],[77.638881,12.902172],[77.638915,12.901996],[77.638949,12.901784],[77.638981,12.901432],[77.639085,12.901079],[77.639156,12.901008],[77.639155,12.900938],[77.639113,12.900375],[77.639073,12.899953],[77.639071,12.899742]]}},{"type":"Feature","properties":{},"geometry":{"type":"LineString","coordinates":[[77.602341,12.882586],[77.602337,12.882199],[77.602479,12.882127],[77.602479,12.882056],[77.602363,12.881319],[77.602211,12.880476],[77.603142,12.880255],[77.6035,12.880216],[77.604036,12.88007],[77.60385,12.879368],[77.603663,12.878666],[77.603551,12.87821],[77.603436,12.877543],[77.603436,12.877507]]}},{"type":"Feature","properties":{},"geometry":{"type":"LineString","coordinates":[[77.597007,12.887108],[77.597193,12.887775],[77.597378,12.888336],[77.59771,12.889247],[77.598005,12.889984],[77.598263,12.890685]]}},{"type":"Feature","properties":{},"geometry":{"type":"LineString","coordinates":[[77.60589,12.896274],[77.605889,12.896204],[77.60574,12.895678],[77.605664,12.895291],[77.60559,12.895011],[77.605515,12.89473],[77.605441,12.894449],[77.605366,12.894168],[77.60529,12.893782],[77.604993,12.892835],[77.604882,12.892519],[77.604771,12.892133],[77.60466,12.891818],[77.604623,12.891712],[77.604548,12.891432],[77.604511,12.891256],[77.604435,12.89087],[77.604361,12.890659],[77.604286,12.890379],[77.60414,12.890063],[77.604066,12.889888],[77.603993,12.889783],[77.603993,12.889748],[77.603922,12.889819],[77.603849,12.889749],[77.603777,12.889645],[77.603631,12.88947],[77.603559,12.8894],[77.603379,12.889367],[77.603267,12.888946]]}},{"type":"Feature","properties":{},"geometry":{"type":"LineString","coordinates":[[77.621174,13.030229],[77.621394,13.030684],[77.621542,13.03107],[77.621873,13.03184],[77.621946,13.03198]]}},{"type":"Feature","properties":{},"geometry":{"type":"LineString","coordinates":[[77.645688,12.901329],[77.645901,12.901186],[77.646115,12.901008],[77.646328,12.900865],[77.646649,12.900651],[77.64679,12.900403],[77.647039,12.90026],[77.647248,12.899659],[77.647425,12.899447],[77.647676,12.899409],[77.648358,12.899437],[77.648753,12.899468],[77.648826,12.899643],[77.648863,12.899713]]}},{"type":"Feature","properties":{},"geometry":{"type":"LineString","coordinates":[[77.602341,12.882586],[77.602381,12.883043],[77.602424,12.883676],[77.602463,12.883992],[77.602431,12.884344],[77.602397,12.884556],[77.602399,12.884732],[77.602331,12.885084],[77.602333,12.885331],[77.602336,12.885577],[77.602373,12.885717],[77.602412,12.885998],[77.602485,12.886174],[77.602594,12.886243],[77.602702,12.886312],[77.60281,12.886346],[77.602918,12.886416],[77.602991,12.886556],[77.603139,12.886977],[77.603178,12.887222],[77.603215,12.887398],[77.603252,12.887503],[77.603254,12.887644],[77.603291,12.88782],[77.603259,12.888101],[77.60326,12.888277],[77.603265,12.888735],[77.603267,12.888946]]}},{"type":"Feature","properties":{},"geometry":{"type":"LineString","coordinates":[[77.606436,13.034882],[77.605934,13.034922],[77.605647,13.034925],[77.605288,13.034929],[77.605073,13.034931],[77.60475,13.034934],[77.604463,13.034937],[77.604212,13.034975],[77.603745,13.034979],[77.60353,13.035017],[77.603315,13.035054],[77.603244,13.035055],[77.603136,13.035091],[77.602993,13.035128],[77.602707,13.035166],[77.602599,13.035167],[77.602384,13.035239],[77.602241,13.035241]]}},{"type":"Feature","properties":{},"geometry":{"type":"LineString","coordinates":[[77.635902,13.014491],[77.63594,13.014737],[77.636016,13.015088],[77.636055,13.015404],[77.63613,13.015685],[77.636205,13.016036],[77.636281,13.016387],[77.636319,13.016633],[77.636397,13.01716],[77.636584,13.017932],[77.636697,13.018424],[77.636847,13.018985],[77.636922,13.019371],[77.636961,13.019582],[77.636999,13.019828],[77.637002,13.02011],[77.637006,13.020497],[77.637011,13.020919],[77.637011,13.020989],[77.637124,13.021481],[77.637126,13.021657],[77.637199,13.021797],[77.637276,13.022253],[77.637312,13.022288],[77.637313,13.022323],[77.637353,13.022745],[77.637389,13.022745],[77.637353,13.02278],[77.63739,13.022815],[77.63739,13.02285],[77.637319,13.022922],[77.637173,13.026055]]}},{"type":"Feature","properties":{},"geometry":{"type":"LineString","coordinates":[[77.63615,13.004002],[77.636082,13.004354],[77.636087,13.004882],[77.636053,13.005023],[77.636096,13.005727],[77.636098,13.005902],[77.636066,13.00622],[77.636032,13.006431],[77.635891,13.006644],[77.635786,13.006891],[77.635716,13.007103],[77.635649,13.007526],[77.635582,13.007949],[77.635514,13.008336],[77.635413,13.009006],[77.635349,13.009711],[77.635246,13.010169],[77.635177,13.010416],[77.635145,13.010768],[77.635113,13.011191],[77.635116,13.011437],[77.635119,13.011683],[77.635234,13.012421],[77.635275,13.012878],[77.635425,13.013475],[77.635538,13.014002],[77.635688,13.014598]]}},{"type":"Feature","properties":{},"geometry":{"type":"LineString","coordinates":[[77.635688,13.014598],[77.635795,13.014562],[77.636762,13.014411],[77.637157,13.014372],[77.637515,13.014333],[77.63791,13.014294],[77.638053,13.014258],[77.638483,13.014218],[77.638913,13.014214],[77.639165,13.014211]]}},{"type":"Feature","properties":{},"geometry":{"type":"LineString","coordinates":[[77.639165,13.014211],[77.639381,13.014314],[77.639386,13.014772],[77.639427,13.015264],[77.639431,13.015616],[77.63947,13.015932]]}},{"type":"Feature","properties":{},"geometry":{"type":"LineString","coordinates":[[77.551399,13.057882],[77.551435,13.057917],[77.551436,13.057952],[77.5514,13.057952],[77.5514,13.057987],[77.551437,13.058128],[77.551439,13.058269],[77.551441,13.05848],[77.551441,13.058515],[77.55148,13.058761],[77.551517,13.058866],[77.55152,13.059148],[77.55152,13.059183],[77.551557,13.059323],[77.55156,13.059569],[77.551561,13.05971],[77.551562,13.059781],[77.551493,13.059992],[77.551423,13.060169],[77.551387,13.060205],[77.551352,13.060275],[77.551352,13.060275]]}},{"type":"Feature","properties":{},"geometry":{"type":"LineString","coordinates":[[77.614899,13.010269],[77.615045,13.010444],[77.61519,13.010654],[77.615336,13.010828],[77.615518,13.011108],[77.615774,13.011527],[77.615956,13.011772],[77.616175,13.012157],[77.616285,13.012402],[77.616286,13.012437],[77.616287,13.012508],[77.616508,13.013068],[77.616581,13.013173],[77.616692,13.013489],[77.616693,13.013594],[77.616803,13.013804],[77.616951,13.01426],[77.617134,13.014646],[77.617208,13.014856],[77.617354,13.015101],[77.617391,13.015171],[77.617686,13.015942],[77.617795,13.016011],[77.617869,13.016222],[77.61809,13.016818],[77.618201,13.017133],[77.618276,13.017449],[77.618462,13.01801],[77.618536,13.018256],[77.618647,13.018571],[77.618685,13.018747],[77.618759,13.019028],[77.618834,13.019273],[77.618835,13.019414],[77.61891,13.019695],[77.618947,13.019835],[77.618987,13.020152],[77.619024,13.020327],[77.619027,13.020573],[77.61903,13.020855],[77.619107,13.021347],[77.618999,13.021313]]}},{"type":"Feature","properties":{},"geometry":{"type":"LineString","coordinates":[[77.604794,13.032259],[77.605296,13.032219],[77.605547,13.032181],[77.605797,13.032108],[77.60612,13.03207],[77.60655,13.031995],[77.606836,13.031957]]}},{"type":"Feature","properties":{},"geometry":{"type":"LineString","coordinates":[[77.606836,13.031957],[77.607194,13.031883],[77.607552,13.031774],[77.608053,13.031663],[77.608483,13.031518]]}},{"type":"Feature","properties":{},"geometry":{"type":"LineString","coordinates":[[77.604794,13.032259],[77.604399,13.032298],[77.604113,13.032336],[77.604041,13.032337],[77.603539,13.032412],[77.603217,13.032486],[77.602608,13.032598],[77.6025,13.032599],[77.602393,13.032635],[77.602178,13.032672],[77.601819,13.032711]]}},{"type":"Feature","properties":{},"geometry":{"type":"LineString","coordinates":[[77.591673,13.04066],[77.591532,13.040838],[77.591283,13.041051],[77.59114,13.041158],[77.590962,13.041266],[77.590855,13.041302],[77.590388,13.041307],[77.590101,13.041345],[77.589958,13.041346]]}},{"type":"Feature","properties":{},"geometry":{"type":"LineString","coordinates":[[77.596289,13.039312],[77.595824,13.039422],[77.59543,13.039532],[77.594966,13.039712],[77.594608,13.039857],[77.594394,13.039929],[77.594143,13.039967],[77.593785,13.040041],[77.593462,13.040079],[77.593103,13.040118],[77.59296,13.040155],[77.592817,13.040191],[77.592674,13.040228],[77.59253,13.04023],[77.592244,13.040268],[77.592029,13.040305],[77.591922,13.040376],[77.59178,13.040519],[77.591673,13.04066]]}},{"type":"Feature","properties":{},"geometry":{"type":"LineString","coordinates":[[77.655475,13.012461],[77.656084,13.01242],[77.656224,13.012102],[77.656148,13.01168],[77.65611,13.011504],[77.657159,13.012233],[77.657475,13.011596],[77.6579,13.011064],[77.658253,13.010497],[77.659408,13.011154],[77.660993,13.011736],[77.661606,13.011941],[77.661489,13.011133],[77.661668,13.011096],[77.661668,13.011025],[77.662241,13.010949],[77.662273,13.010632],[77.662371,13.009681],[77.662398,13.008871]]}},{"type":"Feature","properties":{},"geometry":{"type":"LineString","coordinates":[[77.605969,13.051953],[77.606044,13.052269],[77.605329,13.052488],[77.604684,13.05267],[77.604362,13.052779],[77.604327,13.052779],[77.60444,13.053341],[77.604441,13.053412],[77.604668,13.054535],[77.604858,13.055519]]}},{"type":"Feature","properties":{},"geometry":{"type":"LineString","coordinates":[[77.551352,13.060275],[77.551424,13.060345],[77.551462,13.060521],[77.551609,13.060871],[77.551721,13.061222],[77.551831,13.061502],[77.551906,13.061783],[77.551944,13.062029],[77.552019,13.062345],[77.552021,13.062521],[77.552022,13.062591],[77.551951,13.062662],[77.55199,13.062979],[77.552028,13.06319],[77.55203,13.063436],[77.552068,13.063576],[77.552178,13.063786],[77.552181,13.064103],[77.552368,13.06484],[77.552589,13.065401],[77.552663,13.065611],[77.552811,13.066032],[77.552886,13.066313],[77.552923,13.066489],[77.553033,13.066663],[77.553176,13.066662],[77.553284,13.066661],[77.553391,13.066625],[77.553499,13.066588]]}},{"type":"Feature","properties":{},"geometry":{"type":"LineString","coordinates":[[77.593158,13.062604],[77.592623,13.062856],[77.592194,13.063071],[77.591659,13.063358],[77.591337,13.063467],[77.591123,13.063575],[77.590765,13.063684],[77.590299,13.063794],[77.590156,13.063831],[77.589977,13.063868],[77.58969,13.063871],[77.588864,13.063844],[77.587679,13.06382],[77.586925,13.063828],[77.586993,13.06344],[77.587095,13.062911],[77.587232,13.062241],[77.587334,13.061677]]}},{"type":"Feature","properties":{},"geometry":{"type":"LineString","coordinates":[[77.593593,13.062952],[77.593564,13.063621],[77.593537,13.06443],[77.593444,13.065839],[77.593378,13.066473],[77.59335,13.067177],[77.593321,13.067881],[77.593223,13.068762],[77.593161,13.069748],[77.593132,13.070416],[77.593104,13.071121],[77.593042,13.072071],[77.593013,13.07274],[77.593018,13.073162],[77.592956,13.074184],[77.593041,13.07545],[77.593202,13.077067],[77.593245,13.077735],[77.593409,13.079704],[77.593413,13.080091],[77.593985,13.086701],[77.594326,13.09187]]}},{"type":"Feature","properties":{},"geometry":{"type":"LineString","coordinates":[[77.593619,13.055104],[77.593563,13.056688],[77.593573,13.057638]]}},{"type":"Feature","properties":{},"geometry":{"type":"LineString","coordinates":[[77.593201,13.063202],[77.593231,13.062709]]}},{"type":"Feature","properties":{},"geometry":{"type":"LineString","coordinates":[[77.606185,13.051987],[77.606437,13.052125],[77.606616,13.052053]]}},{"type":"Feature","properties":{},"geometry":{"type":"LineString","coordinates":[[77.576019,12.876195],[77.575975,12.875421]]}},{"type":"Feature","properties":{},"geometry":{"type":"LineString","coordinates":[[77.717244,12.996937],[77.71731,12.996409]]}},{"type":"Feature","properties":{},"geometry":{"type":"LineString","coordinates":[[77.631654,12.893729],[77.631548,12.893836]]}},{"type":"Feature","properties":{},"geometry":{"type":"LineString","coordinates":[[77.676857,12.998553],[77.678069,12.997766],[77.678245,12.997518],[77.678206,12.997167],[77.678022,12.996782],[77.677697,12.996539],[77.677587,12.996364],[77.677583,12.995977],[77.677544,12.995661],[77.677287,12.995171],[77.677213,12.994925],[77.677392,12.994888],[77.677751,12.994884],[77.678145,12.994845],[77.678719,12.994804],[77.67922,12.994728],[77.679292,12.994728],[77.679322,12.9942],[77.679353,12.993777],[77.679386,12.993425],[77.679419,12.993178],[77.679849,12.993103],[77.680386,12.993027],[77.680458,12.993027],[77.680456,12.992851],[77.680381,12.99257],[77.680154,12.991482],[77.679854,12.990218],[77.679663,12.989199],[77.67955,12.988673],[77.67919,12.988571],[77.67883,12.988434],[77.678828,12.988258],[77.678826,12.988117],[77.678893,12.987624],[77.678996,12.987165],[77.679064,12.986813],[77.679236,12.986178],[77.679409,12.985613],[77.679478,12.985331],[77.679436,12.984733],[77.679395,12.984276],[77.67943,12.984205],[77.679894,12.983919],[77.679965,12.983848],[77.680357,12.983633]]}},{"type":"Feature","properties":{},"geometry":{"type":"LineString","coordinates":[[77.680357,12.983633],[77.68021,12.983353]]}},{"type":"Feature","properties":{},"geometry":{"type":"LineString","coordinates":[[77.576056,12.876335],[77.576415,12.876367],[77.576631,12.876435],[77.577063,12.876537],[77.577171,12.876571],[77.577172,12.876676],[77.577139,12.876993],[77.57714,12.877134],[77.576963,12.877312],[77.576858,12.877559],[77.576717,12.877842],[77.576647,12.877984],[77.576576,12.878055],[77.576541,12.878125]]}},{"type":"Feature","properties":{},"geometry":{"type":"LineString","coordinates":[[77.572091,12.891999],[77.572129,12.892175],[77.572096,12.892492],[77.57203,12.893055]]}},{"type":"Feature","properties":{},"geometry":{"type":"LineString","coordinates":[[77.57203,12.893055],[77.572138,12.893054],[77.57207,12.893407],[77.572035,12.893513],[77.572036,12.893583]]}},{"type":"Feature","properties":{},"geometry":{"type":"LineString","coordinates":[[77.576056,12.876335],[77.576019,12.876195]]}},{"type":"Feature","properties":{},"geometry":{"type":"LineString","coordinates":[[77.581861,12.89324],[77.581894,12.892993],[77.581923,12.892289],[77.581957,12.892148],[77.581952,12.89162],[77.58195,12.891445]]}},{"type":"Feature","properties":{},"geometry":{"type":"LineString","coordinates":[[77.714753,12.9559],[77.715004,12.955862],[77.715112,12.955896]]}},{"type":"Feature","properties":{},"geometry":{"type":"LineString","coordinates":[[77.714789,12.9559],[77.714825,12.955934],[77.71479,12.95597],[77.714826,12.95597],[77.7149,12.95618]]}},{"type":"Feature","properties":{},"geometry":{"type":"LineString","coordinates":[[77.680896,13.000376],[77.68086,13.000377]]}},{"type":"Feature","properties":{},"geometry":{"type":"LineString","coordinates":[[77.680896,13.000412],[77.680896,13.000376]]}},{"type":"Feature","properties":{},"geometry":{"type":"LineString","coordinates":[[77.595051,12.874846],[77.595124,12.874915],[77.595447,12.874983],[77.595629,12.875192],[77.596062,12.875504],[77.596929,12.876094],[77.597254,12.876302],[77.59833,12.876291],[77.598796,12.876251],[77.599263,12.876352],[77.600377,12.876552],[77.600594,12.876656],[77.601096,12.876686],[77.601634,12.876681],[77.601816,12.876925],[77.602033,12.877064],[77.602214,12.877238],[77.60236,12.877553],[77.602398,12.877729],[77.602863,12.877619],[77.603329,12.877544],[77.603544,12.877542],[77.603723,12.877505],[77.603974,12.877467],[77.604188,12.87743],[77.604474,12.877321],[77.605047,12.87721],[77.605441,12.877171],[77.605907,12.877096],[77.606086,12.877094],[77.606444,12.877055],[77.606945,12.876945],[77.606944,12.876839],[77.606942,12.876593],[77.60712,12.876521],[77.607371,12.876518],[77.607802,12.876549],[77.608412,12.876613],[77.608629,12.876752],[77.608809,12.876785],[77.609059,12.876712],[77.609415,12.876463],[77.609558,12.876356],[77.609812,12.876635],[77.610065,12.876878],[77.610531,12.876803],[77.61096,12.876694],[77.611747,12.876475],[77.612426,12.876292],[77.612713,12.876254],[77.613285,12.876072],[77.613572,12.876069],[77.613931,12.876136],[77.614326,12.876202],[77.614686,12.876269],[77.614901,12.876302],[77.61526,12.876264],[77.615582,12.876225],[77.61612,12.87622]]}},{"type":"Feature","properties":{},"geometry":{"type":"LineString","coordinates":[[77.620403,12.894863],[77.620514,12.895178],[77.62059,12.895565],[77.620736,12.89588],[77.621029,12.89644],[77.621138,12.89658],[77.621247,12.896684],[77.621322,12.896965],[77.621396,12.89721],[77.621471,12.897526],[77.621618,12.897912],[77.621693,12.898158],[77.621766,12.898333],[77.621913,12.898683],[77.621987,12.898894],[77.622098,12.899174],[77.622136,12.899385],[77.622174,12.89956],[77.622283,12.899735],[77.622429,12.89998],[77.622648,12.90033],[77.623084,12.900888],[77.623448,12.901342]]}},{"type":"Feature","properties":{},"geometry":{"type":"LineString","coordinates":[[77.622172,12.899455],[77.622887,12.899201],[77.622997,12.899411],[77.623247,12.899268],[77.623426,12.899266],[77.623713,12.899228],[77.62382,12.899227],[77.623892,12.899191],[77.624142,12.899118],[77.624393,12.899081],[77.624644,12.899078],[77.624966,12.899075],[77.625254,12.899107],[77.625397,12.899106],[77.625648,12.899103],[77.625971,12.899065],[77.626579,12.898953],[77.626654,12.899234],[77.626691,12.899339],[77.62687,12.899267],[77.6273,12.899227],[77.62755,12.89919],[77.627837,12.899116],[77.628195,12.899042],[77.628516,12.898934],[77.629161,12.898822],[77.629949,12.898743],[77.630128,12.898706],[77.631131,12.898591]]}},{"type":"Feature","properties":{},"geometry":{"type":"LineString","coordinates":[[77.594799,12.874778],[77.594988,12.875656],[77.595182,12.877062],[77.595295,12.877588],[77.595446,12.878326],[77.595713,12.879907],[77.595903,12.880925],[77.595906,12.881242],[77.596055,12.881804],[77.596094,12.882049],[77.59617,12.882471],[77.59621,12.882893],[77.596324,12.88349],[77.596477,12.884439],[77.596552,12.884719],[77.596552,12.884755],[77.596782,12.886195],[77.596899,12.887039],[77.597006,12.887037],[77.597007,12.887108]]}},{"type":"Feature","properties":{},"geometry":{"type":"LineString","coordinates":[[77.58906,12.87128],[77.589996,12.871588],[77.589903,12.872961],[77.589507,12.87286],[77.589438,12.873071],[77.589333,12.873354],[77.589839,12.873701],[77.590559,12.874046],[77.591642,12.874633],[77.592183,12.87498],[77.592579,12.875081],[77.59394,12.874892],[77.594728,12.874814],[77.595015,12.874776],[77.595051,12.874846]]}},{"type":"Feature","properties":{},"geometry":{"type":"LineString","coordinates":[[77.572091,12.891999],[77.572306,12.891962],[77.572664,12.891923],[77.573095,12.891919],[77.573561,12.891879],[77.573775,12.891842],[77.574457,12.8918],[77.574815,12.891761],[77.575173,12.891687],[77.575424,12.89165],[77.575853,12.891575],[77.576068,12.891538],[77.576283,12.8915],[77.576678,12.891532],[77.577109,12.891633],[77.577505,12.891699],[77.577792,12.891767],[77.578044,12.891835],[77.578511,12.891866],[77.579014,12.891931],[77.579661,12.892065],[77.580092,12.892131],[77.580523,12.892198],[77.580594,12.892127],[77.581348,12.892154],[77.581958,12.892219]]}},{"type":"Feature","properties":{},"geometry":{"type":"LineString","coordinates":[[77.577171,12.876571],[77.577241,12.876464]]}},{"type":"Feature","properties":{},"geometry":{"type":"LineString","coordinates":[[77.518406,13.03614],[77.518444,13.036351],[77.518411,13.036633],[77.518415,13.037055],[77.518383,13.037478],[77.518354,13.038076],[77.518355,13.038252],[77.518325,13.038851],[77.518365,13.039202],[77.518404,13.039483],[77.518443,13.039835],[77.518516,13.039975]]}},{"type":"Feature","properties":{},"geometry":{"type":"LineString","coordinates":[[77.518516,13.039975],[77.518338,13.040082],[77.518231,13.040189]]}},{"type":"Feature","properties":{},"geometry":{"type":"LineString","coordinates":[[77.518365,13.039202],[77.517827,13.039243],[77.517468,13.039246],[77.51744,13.040056],[77.517442,13.040197]]}},{"type":"Feature","properties":{},"geometry":{"type":"LineString","coordinates":[[77.510375,13.044172],[77.510661,13.044028],[77.511161,13.043777],[77.511697,13.04356],[77.512555,13.043235],[77.513771,13.042836],[77.515202,13.042365],[77.515882,13.042147],[77.516347,13.042002],[77.516704,13.041787],[77.517344,13.041183],[77.51841,13.040152]]}},{"type":"Feature","properties":{},"geometry":{"type":"LineString","coordinates":[[77.507086,13.045541],[77.507337,13.045468],[77.508125,13.045284],[77.508518,13.045105],[77.508839,13.044961],[77.509197,13.044816],[77.509768,13.044494],[77.510125,13.044315],[77.510375,13.044172]]}},{"type":"Feature","properties":{},"geometry":{"type":"LineString","coordinates":[[77.695013,13.008429],[77.6953,13.008391],[77.695587,13.008388],[77.695766,13.008386],[77.695766,13.008386]]}},{"type":"Feature","properties":{},"geometry":{"type":"LineString","coordinates":[[77.735371,12.987669],[77.734941,12.987708],[77.734331,12.987785],[77.73383,12.987861],[77.733794,12.987826],[77.733758,12.987862],[77.733042,12.987975],[77.732397,12.988087],[77.73186,12.988163],[77.731501,12.988202],[77.73057,12.988353],[77.73032,12.988426],[77.729353,12.988576],[77.728637,12.988725],[77.727992,12.988872],[77.727634,12.988946],[77.727062,12.989058],[77.726704,12.989167],[77.726167,12.989314],[77.725739,12.989564],[77.725097,12.989923],[77.724454,12.990141],[77.72288,12.99058],[77.722201,12.990798],[77.7217,12.990979],[77.721379,12.991123],[77.721058,12.991302],[77.720737,12.991517],[77.720488,12.99166],[77.719917,12.991983],[77.719668,12.992126],[77.719417,12.992199],[77.718879,12.992205],[77.718305,12.992176],[77.718017,12.992144],[77.718018,12.992214]]}},{"type":"Feature","properties":{},"geometry":{"type":"LineString","coordinates":[[77.758574,12.996431],[77.758575,12.996466],[77.758613,12.996677],[77.758615,12.996888],[77.758583,12.99724],[77.758514,12.997487],[77.758377,12.998087],[77.758275,12.99858],[77.758242,12.998792],[77.758104,12.999286]]}},{"type":"Feature","properties":{},"geometry":{"type":"LineString","coordinates":[[77.718018,12.992214],[77.717695,12.992253],[77.717408,12.99222],[77.717121,12.992259],[77.71687,12.992261],[77.716511,12.992265],[77.716332,12.992232],[77.715936,12.99213],[77.71554,12.992064],[77.715001,12.991929],[77.714857,12.991895],[77.714461,12.991794],[77.714318,12.991795],[77.714103,12.991833],[77.713245,12.992123],[77.712601,12.992341],[77.712136,12.992487],[77.711528,12.992634],[77.711134,12.992743],[77.710991,12.99278],[77.710525,12.99282],[77.709557,12.992865],[77.708696,12.992874],[77.707189,12.99289],[77.705826,12.99294],[77.705216,12.992981],[77.704858,12.993055],[77.704143,12.993274],[77.703428,12.993492],[77.702533,12.993678],[77.701961,12.993859],[77.701924,12.993825],[77.701889,12.993895],[77.701817,12.993896],[77.701781,12.993861],[77.701746,12.993932],[77.701317,12.994042],[77.700995,12.994151],[77.700852,12.994188],[77.700494,12.994262],[77.7001,12.994371],[77.699564,12.994518],[77.699206,12.994627],[77.699099,12.994663],[77.69892,12.994736],[77.698705,12.994808],[77.698634,12.994844],[77.698384,12.994917],[77.698134,12.995025],[77.698062,12.994991],[77.698062,12.995026],[77.69756,12.995102],[77.696737,12.995251],[77.696378,12.99529],[77.696127,12.995292],[77.695662,12.995403],[77.695447,12.99544],[77.695232,12.995513],[77.69459,12.995801],[77.69459,12.995836],[77.693876,12.99616],[77.693876,12.996125],[77.69316,12.996344],[77.692731,12.996489],[77.692517,12.996597],[77.691695,12.996887],[77.691266,12.997032],[77.690481,12.997427],[77.689481,12.997895],[77.689302,12.997967],[77.688981,12.998146],[77.688839,12.998253],[77.688555,12.998538],[77.688413,12.99868],[77.688165,12.998964],[77.687916,12.999213],[77.687703,12.999391],[77.687419,12.99964],[77.687098,12.999855],[77.686848,12.999998],[77.68667,13.00007],[77.686598,13.000106],[77.686455,13.000143],[77.686133,13.000182],[77.685559,13.000223],[77.68538,13.00026],[77.685093,13.000263],[77.684842,13.0003],[77.684627,13.000303],[77.68434,13.000306],[77.684089,13.000308],[77.683658,13.000348],[77.683192,13.000353],[77.682582,13.000359],[77.682259,13.000362],[77.681829,13.000402],[77.681506,13.000405],[77.681291,13.000408],[77.681039,13.00041],[77.680824,13.000412],[77.680824,13.000412]]}},{"type":"Feature","properties":{},"geometry":{"type":"LineString","coordinates":[[77.705934,12.992938],[77.70614,12.992092],[77.706452,12.991103],[77.70659,12.990644],[77.706694,12.990291],[77.706834,12.989903],[77.707041,12.989197],[77.70718,12.988738],[77.707423,12.988032],[77.707631,12.987291],[77.707839,12.986655],[77.708047,12.985949],[77.708324,12.985102],[77.708355,12.984574],[77.708345,12.983659],[77.708342,12.983413]]}},{"type":"Feature","properties":{},"geometry":{"type":"LineString","coordinates":[[77.711071,12.97698],[77.710352,12.976812],[77.710945,12.975293],[77.71133,12.974444],[77.711748,12.973279],[77.712129,12.972008],[77.712687,12.970489],[77.713141,12.969393],[77.713351,12.968899],[77.713597,12.968439],[77.713738,12.968156],[77.71388,12.968049],[77.714023,12.967942],[77.714237,12.967834],[77.714595,12.967795],[77.715204,12.967718],[77.715598,12.967679],[77.715921,12.96764],[77.71628,12.967636],[77.716423,12.9676],[77.716458,12.967494],[77.716636,12.967422],[77.716958,12.967313],[77.717386,12.967132],[77.717529,12.96706],[77.717707,12.966953],[77.71785,12.966846],[77.717956,12.966739],[77.718063,12.966633],[77.718133,12.966526],[77.718204,12.96642],[77.71831,12.966243],[77.718345,12.966172],[77.718378,12.965961],[77.718413,12.965855],[77.718411,12.965714],[77.718445,12.965503],[77.718444,12.965432],[77.718407,12.965292],[77.718406,12.965222],[77.718332,12.965046],[77.718259,12.964871],[77.718112,12.964591],[77.718112,12.964556],[77.718002,12.964381],[77.717892,12.964171],[77.717819,12.963996],[77.717746,12.963856],[77.717599,12.963611],[77.717381,12.963297],[77.717271,12.963087],[77.717125,12.962877],[77.716979,12.962633],[77.716869,12.962458],[77.716831,12.962247],[77.716755,12.961861],[77.716681,12.961651],[77.716642,12.961334],[77.71664,12.961123],[77.716602,12.961018],[77.716601,12.960912],[77.716527,12.960667],[77.716453,12.960457],[77.716415,12.960316],[77.716378,12.960141],[77.716341,12.960106],[77.716341,12.960071],[77.716193,12.95965],[77.716155,12.959474],[77.716082,12.959299],[77.716007,12.959019],[77.715896,12.958773],[77.715859,12.958668],[77.715748,12.958353],[77.715564,12.957897],[77.71549,12.957722],[77.715416,12.957512],[77.715195,12.956916],[77.715084,12.956635],[77.71501,12.95646],[77.714862,12.95604],[77.714789,12.955935]]}},{"type":"Feature","properties":{},"geometry":{"type":"LineString","coordinates":[[77.716762,12.955844],[77.716295,12.955849],[77.716044,12.955851],[77.715722,12.95589],[77.715578,12.955891],[77.715471,12.955892],[77.715112,12.955896]]}},{"type":"Feature","properties":{},"geometry":{"type":"LineString","coordinates":[[77.714789,12.955935],[77.714682,12.955971],[77.714216,12.955976],[77.713893,12.956014],[77.713642,12.956017],[77.713248,12.956056],[77.712926,12.956095],[77.712495,12.956135],[77.712208,12.956138],[77.711886,12.956176],[77.711491,12.95618],[77.711133,12.956219],[77.710739,12.956258],[77.710165,12.9563],[77.709592,12.956341],[77.709126,12.956381],[77.708875,12.956383],[77.708194,12.956461],[77.707835,12.956465],[77.707297,12.956505],[77.707118,12.956542],[77.706724,12.956547],[77.706401,12.956585],[77.705935,12.956625],[77.705577,12.956629],[77.705254,12.956667],[77.704967,12.956706],[77.704501,12.95671],[77.704035,12.95675],[77.70382,12.956753],[77.703354,12.956793],[77.703031,12.956831],[77.702852,12.956868],[77.702781,12.956869],[77.702637,12.956871],[77.702422,12.956873],[77.7021,12.956911],[77.701956,12.956948],[77.701741,12.95695],[77.70149,12.956953],[77.701275,12.95699],[77.70106,12.956992],[77.700666,12.957032],[77.700271,12.957071],[77.70002,12.957074],[77.699626,12.957113],[77.699339,12.957116],[77.699088,12.957118],[77.698801,12.957086],[77.698261,12.956986],[77.698118,12.956953],[77.698081,12.956918],[77.697506,12.956818],[77.697111,12.956752],[77.696536,12.956652],[77.695745,12.95652],[77.69499,12.956387],[77.694523,12.956286],[77.694056,12.956221],[77.694055,12.956185],[77.69402,12.956221],[77.693696,12.956154],[77.692905,12.956021],[77.69251,12.955955],[77.692223,12.955923],[77.691791,12.955822],[77.691504,12.955789],[77.691396,12.955755],[77.691072,12.955688],[77.688807,12.95529],[77.688016,12.955122],[77.687693,12.955055],[77.687549,12.955021],[77.686149,12.95493],[77.685179,12.954834],[77.683707,12.954709],[77.682162,12.954549],[77.681336,12.954487],[77.68069,12.954458],[77.680403,12.954426],[77.68026,12.954463],[77.680009,12.954501],[77.678724,12.955077],[77.67751,12.955687],[77.676333,12.956263],[77.674691,12.957054],[77.673583,12.957522],[77.67294,12.95774],[77.671219,12.957899],[77.669821,12.957983],[77.668853,12.958028],[77.667921,12.958108],[77.66706,12.958152],[77.666487,12.958264],[77.664984,12.958596]]}},{"type":"Feature","properties":{},"geometry":{"type":"LineString","coordinates":[[77.69487,13.008501],[77.694906,13.008465],[77.694977,13.008429],[77.695013,13.008429],[77.695013,13.008429]]}},{"type":"Feature","properties":{},"geometry":{"type":"LineString","coordinates":[[77.617731,12.875957],[77.617732,12.875993],[77.617844,12.876414],[77.618355,12.877323],[77.618715,12.877425],[77.619183,12.877597],[77.61933,12.877947],[77.619797,12.877978],[77.620154,12.877869],[77.621122,12.877753],[77.621228,12.877611],[77.621477,12.877468],[77.622121,12.877286],[77.622515,12.877211],[77.623089,12.877206],[77.624414,12.877087],[77.624595,12.877155],[77.624667,12.87726],[77.625061,12.877186],[77.625491,12.877111],[77.625706,12.877144],[77.625567,12.877533],[77.625463,12.877886],[77.625429,12.878062],[77.625786,12.877918],[77.626216,12.877878],[77.626539,12.87784],[77.626933,12.877871],[77.627113,12.877869],[77.627544,12.87797],[77.627903,12.877967],[77.628586,12.878101],[77.629375,12.878163],[77.630381,12.878329],[77.63074,12.878361],[77.630992,12.878358],[77.631747,12.878597],[77.631999,12.878629]]}},{"type":"Feature","properties":{},"geometry":{"type":"LineString","coordinates":[[77.61612,12.87622],[77.616194,12.876395],[77.616232,12.876641]]}},{"type":"Feature","properties":{},"geometry":{"type":"LineString","coordinates":[[77.616232,12.876641],[77.61627,12.876816],[77.616308,12.877027],[77.616312,12.877449],[77.61635,12.87766],[77.616352,12.877836],[77.616353,12.877942],[77.616426,12.878011],[77.616501,12.878363],[77.616578,12.878925],[77.61658,12.879101],[77.616727,12.879451],[77.616838,12.879732],[77.616947,12.879906],[77.617132,12.880432],[77.617353,12.880993],[77.617427,12.881239],[77.617612,12.88173],[77.617685,12.881905],[77.617724,12.882151],[77.617691,12.882433],[77.617694,12.882749],[77.617732,12.88296],[77.617735,12.883171],[77.617809,12.883452],[77.617883,12.883627],[77.617956,12.883732],[77.618105,12.884294],[77.618144,12.88461],[77.618255,12.884925],[77.618405,12.885557],[77.618554,12.886084],[77.618629,12.886364],[77.618667,12.88661],[77.618742,12.886891],[77.618815,12.887066],[77.618926,12.887417],[77.619036,12.887627],[77.619221,12.888188],[77.619331,12.888363],[77.619585,12.888642],[77.619803,12.888886],[77.619911,12.888956],[77.620021,12.889201],[77.620058,12.889306],[77.620133,12.889622],[77.62017,12.889727],[77.620178,12.890466],[77.62018,12.890677]]}},{"type":"Feature","properties":{},"geometry":{"type":"LineString","coordinates":[[77.62018,12.890677],[77.620184,12.891029],[77.620149,12.89117],[77.620081,12.891523],[77.620118,12.891593],[77.620011,12.891664],[77.61976,12.891702],[77.619837,12.892194],[77.620028,12.893318],[77.620104,12.893704],[77.620104,12.893704]]}},{"type":"Feature","properties":{},"geometry":{"type":"LineString","coordinates":[[77.620104,12.893704],[77.620179,12.894056],[77.620217,12.894196],[77.620329,12.894652],[77.620403,12.894863]]}},{"type":"Feature","properties":{},"geometry":{"type":"LineString","coordinates":[[77.623448,12.901342],[77.623593,12.901517],[77.62385,12.902112],[77.624106,12.902567],[77.62429,12.903023],[77.62465,12.90316],[77.62501,12.903262],[77.625123,12.903789],[77.624908,12.903826],[77.624192,12.903939],[77.624085,12.90394],[77.62416,12.904256],[77.623981,12.904293],[77.623946,12.904363],[77.62391,12.904434],[77.62366,12.904472],[77.623409,12.90451],[77.622872,12.904621],[77.6228,12.904621],[77.622621,12.904658]]}},{"type":"Feature","properties":{},"geometry":{"type":"LineString","coordinates":[[77.598263,12.890685],[77.598484,12.891175],[77.598668,12.891701],[77.598816,12.892122],[77.59889,12.892297],[77.599002,12.892754],[77.599114,12.893175],[77.599263,12.893736],[77.599489,12.89479],[77.599639,12.895422],[77.599788,12.895948],[77.600011,12.89665],[77.600161,12.897246],[77.600273,12.897668],[77.600421,12.898159],[77.600642,12.898755],[77.600903,12.899667],[77.600978,12.899948],[77.601016,12.900194],[77.601093,12.900651],[77.601171,12.901318],[77.601175,12.901706],[77.601214,12.902022],[77.601215,12.902127],[77.601215,12.902127]]}},{"type":"Feature","properties":{},"geometry":{"type":"LineString","coordinates":[[77.631999,12.878629],[77.632213,12.878592],[77.632393,12.878625],[77.632501,12.87866],[77.63261,12.878764],[77.632684,12.878974],[77.632759,12.87929],[77.63319,12.879392],[77.634233,12.879592],[77.6347,12.879693],[77.635347,12.879792],[77.63549,12.879791],[77.635633,12.879754],[77.635775,12.879647],[77.636097,12.879538],[77.63649,12.879429],[77.636883,12.879249],[77.637205,12.87914],[77.637562,12.879031],[77.637706,12.879029],[77.637777,12.878994],[77.637955,12.878851],[77.638062,12.878744],[77.638203,12.878567],[77.638379,12.878249],[77.638627,12.877929],[77.63891,12.877575],[77.638981,12.877468],[77.639158,12.877255],[77.639228,12.877114],[77.639334,12.876937],[77.639475,12.876724],[77.639545,12.876583],[77.639616,12.876441],[77.639757,12.876229],[77.639827,12.876087],[77.639861,12.875946],[77.63993,12.875664],[77.639999,12.875382],[77.640069,12.875205],[77.639817,12.875137]]}},{"type":"Feature","properties":{},"geometry":{"type":"LineString","coordinates":[[77.740822,12.987435],[77.740536,12.987509],[77.740357,12.987546],[77.740178,12.987583],[77.739676,12.987623],[77.738815,12.987632],[77.738456,12.987636],[77.736805,12.987618],[77.736411,12.987623],[77.735693,12.98763],[77.735371,12.987669]]}},{"type":"Feature","properties":{},"geometry":{"type":"LineString","coordinates":[[77.740822,12.987435],[77.740579,12.98494],[77.743831,12.983744],[77.743866,12.983673],[77.744117,12.983636],[77.747052,12.982971],[77.749054,12.982352],[77.749843,12.982273],[77.750273,12.982269],[77.750381,12.982267],[77.752061,12.981652],[77.752061,12.981652]]}},{"type":"Feature","properties":{},"geometry":{"type":"LineString","coordinates":[[77.62355,13.041113],[77.623764,13.041006],[77.624474,13.040224],[77.626067,13.038132],[77.626995,13.03763],[77.6276,13.037166],[77.628273,13.03635],[77.629714,13.03345],[77.631085,13.030691],[77.6301,13.029188],[77.629514,13.028068],[77.631766,13.027201],[77.632776,13.027683],[77.634669,13.02689],[77.634596,13.02675]]}},{"type":"Feature","properties":{},"geometry":{"type":"LineString","coordinates":[[77.634489,13.026786],[77.634703,13.026713]]}},{"type":"Feature","properties":{},"geometry":{"type":"LineString","coordinates":[[77.510732,12.979837],[77.509695,12.980199],[77.506116,12.981148],[77.505186,12.981439],[77.505036,12.980842],[77.504249,12.981026],[77.503676,12.981137],[77.50303,12.981178],[77.503142,12.981564],[77.502604,12.981605],[77.502047,12.97978],[77.497971,12.981297],[77.497811,12.979645],[77.497311,12.979861],[77.497272,12.979579],[77.497022,12.979617]]}},{"type":"Feature","properties":{},"geometry":{"type":"LineString","coordinates":[[77.497022,12.979617],[77.496947,12.979336],[77.497197,12.979263]]}},{"type":"Feature","properties":{},"geometry":{"type":"LineString","coordinates":[[77.497022,12.979617],[77.497272,12.979509],[77.497192,12.978736],[77.498945,12.978156]]}},{"type":"Feature","properties":{},"geometry":{"type":"LineString","coordinates":[[77.516225,12.980065],[77.51626,12.98003]]}},{"type":"Feature","properties":{},"geometry":{"type":"LineString","coordinates":[[77.51626,12.98003],[77.516435,12.979571],[77.516435,12.979571]]}},{"type":"Feature","properties":{},"geometry":{"type":"LineString","coordinates":[[77.516435,12.979571],[77.516762,12.97999]]}},{"type":"Feature","properties":{},"geometry":{"type":"LineString","coordinates":[[77.516225,12.980065],[77.516762,12.97999]]}},{"type":"Feature","properties":{},"geometry":{"type":"LineString","coordinates":[[77.516762,12.97999],[77.516977,12.979952]]}},{"type":"Feature","properties":{},"geometry":{"type":"LineString","coordinates":[[77.58906,12.87128],[77.589071,12.872266],[77.588317,12.872238],[77.586705,12.87243],[77.58686,12.87359],[77.586183,12.873983],[77.584927,12.873925],[77.584605,12.873999]]}},{"type":"Feature","properties":{},"geometry":{"type":"LineString","coordinates":[[77.492535,12.943447],[77.492248,12.94352],[77.491783,12.94363],[77.491354,12.943775],[77.490727,12.942056],[77.490548,12.942129],[77.49047,12.941531],[77.490202,12.939774],[77.490085,12.93886],[77.48962,12.93897],[77.48936,12.938128],[77.48899,12.937005],[77.488547,12.935778],[77.488142,12.934691],[77.488137,12.934233],[77.487912,12.93325],[77.488162,12.933072],[77.488088,12.932826]]}},{"type":"Feature","properties":{},"geometry":{"type":"LineString","coordinates":[[77.488088,12.932826],[77.487942,12.932616],[77.487684,12.93195],[77.488471,12.931731]]}},{"type":"Feature","properties":{},"geometry":{"type":"LineString","coordinates":[[77.488471,12.931731],[77.488865,12.931587],[77.488679,12.93092],[77.488532,12.930569],[77.488272,12.929727],[77.488199,12.929552],[77.488087,12.929166],[77.48805,12.929061],[77.487939,12.928675],[77.488153,12.928602],[77.488079,12.928356],[77.488006,12.928181],[77.487896,12.927971],[77.487821,12.92762],[77.48771,12.927339],[77.487636,12.927059],[77.487599,12.926989],[77.487634,12.926883],[77.487559,12.926531],[77.487372,12.925794],[77.487335,12.925654],[77.487298,12.925584],[77.487151,12.925163],[77.486292,12.925453],[77.485649,12.925705],[77.485363,12.925813],[77.484469,12.926103],[77.483539,12.926429],[77.483392,12.926078],[77.483245,12.925728],[77.483135,12.925447],[77.482951,12.924992],[77.482877,12.924781],[77.482729,12.924325],[77.482619,12.924009],[77.482435,12.923554],[77.48214,12.922782],[77.481955,12.922256],[77.481808,12.921835],[77.481513,12.921064],[77.481328,12.920502],[77.481107,12.919906],[77.480849,12.91917],[77.480701,12.918749],[77.480628,12.918609],[77.48048,12.918223],[77.480149,12.917311],[77.480075,12.917136],[77.479889,12.916504],[77.479743,12.916224],[77.479706,12.916119],[77.479632,12.915908],[77.479595,12.915733],[77.479592,12.915451],[77.479553,12.915099],[77.479515,12.914889],[77.479478,12.914748],[77.479475,12.914467],[77.479433,12.913904],[77.479393,12.913482],[77.479356,12.913307],[77.479318,12.913131],[77.479244,12.912885],[77.479207,12.91278],[77.479206,12.91271],[77.479131,12.912358],[77.479055,12.911972],[77.479018,12.911796],[77.478978,12.91141],[77.478976,12.911163],[77.478975,12.911093],[77.478936,12.910777],[77.478863,12.910637],[77.478717,12.910356],[77.478606,12.910005],[77.478532,12.909795],[77.478458,12.909585]]}},{"type":"Feature","properties":{},"geometry":{"type":"LineString","coordinates":[[77.482435,12.923589],[77.483401,12.923263],[77.48358,12.923226],[77.483686,12.923155]]}},{"type":"Feature","properties":{},"geometry":{"type":"LineString","coordinates":[[77.61612,12.87622],[77.616621,12.876109],[77.617086,12.876034],[77.617516,12.875959],[77.617732,12.875993]]}},{"type":"Feature","properties":{},"geometry":{"type":"LineString","coordinates":[[77.676162,12.997329],[77.678206,12.997237]]}},{"type":"Feature","properties":{},"geometry":{"type":"LineString","coordinates":[[77.680824,13.000412],[77.68086,13.000412],[77.680896,13.000412]]}},{"type":"Feature","properties":{},"geometry":{"type":"LineString","coordinates":[[77.680788,13.000413],[77.680717,13.000413]]}},{"type":"Feature","properties":{},"geometry":{"type":"LineString","coordinates":[[77.680824,13.000412],[77.680788,13.000413]]}},{"type":"Feature","properties":{},"geometry":{"type":"LineString","coordinates":[[77.708342,12.983413],[77.708376,12.983201],[77.708441,12.982638],[77.708474,12.982391],[77.708578,12.982038],[77.708819,12.98105],[77.709027,12.98038],[77.709269,12.979532],[77.70958,12.978474],[77.709719,12.97805],[77.709927,12.977379],[77.710102,12.97692]]}},{"type":"Feature","properties":{},"geometry":{"type":"LineString","coordinates":[[77.711037,12.977121],[77.711071,12.97698]]}},{"type":"Feature","properties":{},"geometry":{"type":"LineString","coordinates":[[77.549069,13.044145],[77.549033,13.044146],[77.548995,13.043935],[77.549317,13.043826],[77.549204,13.04337],[77.549166,13.043194],[77.549091,13.042878],[77.548979,13.042422],[77.548942,13.042316],[77.54977,13.04259],[77.550131,13.042727],[77.550563,13.042864],[77.551031,13.043],[77.551211,13.043068],[77.551499,13.043171],[77.551787,13.043239],[77.552364,13.043444],[77.553012,13.043649],[77.553372,13.043751]]}},{"type":"Feature","properties":{},"geometry":{"type":"LineString","coordinates":[[77.613497,13.006589],[77.613534,13.006729],[77.613681,13.007009],[77.613645,13.007045],[77.613718,13.007079],[77.613828,13.007359],[77.613828,13.007395],[77.61315,13.007683],[77.61315,13.007718],[77.613186,13.007753],[77.613442,13.008138],[77.613624,13.008452],[77.61366,13.008487],[77.613411,13.00863],[77.613411,13.008666],[77.613375,13.008666],[77.613412,13.008701],[77.613484,13.00877],[77.613592,13.00884],[77.613774,13.009014],[77.613882,13.009118],[77.614028,13.009293],[77.614101,13.009398],[77.614209,13.009502],[77.614282,13.009572],[77.614427,13.009746],[77.614464,13.009816],[77.6145,13.009816],[77.6145,13.009851],[77.614609,13.009991],[77.614827,13.0102],[77.614863,13.010235],[77.614863,13.01027],[77.614899,13.010269]]}},{"type":"Feature","properties":{},"geometry":{"type":"LineString","coordinates":[[77.612639,13.006914],[77.612925,13.006806],[77.613282,13.006661],[77.613497,13.006589],[77.613568,13.006553],[77.614248,13.0063],[77.614319,13.006264]]}},{"type":"Feature","properties":{},"geometry":{"type":"LineString","coordinates":[[77.534955,13.015251],[77.53528,13.015459]]}},{"type":"Feature","properties":{},"geometry":{"type":"LineString","coordinates":[[77.534955,13.015216],[77.534592,13.014797]]}},{"type":"Feature","properties":{},"geometry":{"type":"LineString","coordinates":[[77.548942,13.042316],[77.548941,13.042211],[77.548902,13.041895],[77.548791,13.041579],[77.548826,13.041508],[77.549075,13.041295],[77.549001,13.041084],[77.548965,13.041014],[77.548891,13.040839],[77.549033,13.040697],[77.548922,13.040381]]}},{"type":"Feature","properties":{},"geometry":{"type":"LineString","coordinates":[[77.549138,13.043898],[77.549104,13.044145]]}},{"type":"Feature","properties":{},"geometry":{"type":"LineString","coordinates":[[77.687981,12.955122],[77.687691,12.954914],[77.688472,12.954132],[77.688472,12.954097]]}},{"type":"Feature","properties":{},"geometry":{"type":"LineString","coordinates":[[77.664188,13.005053],[77.662965,13.004854]]}},{"type":"Feature","properties":{},"geometry":{"type":"LineString","coordinates":[[77.667766,13.010857],[77.667085,13.010934],[77.667087,13.01104],[77.667051,13.01104]]}},{"type":"Feature","properties":{},"geometry":{"type":"LineString","coordinates":[[77.667051,13.01104],[77.667051,13.011076],[77.66709,13.011357],[77.66752,13.011282],[77.667559,13.011598],[77.667917,13.011559]]}},{"type":"Feature","properties":{},"geometry":{"type":"LineString","coordinates":[[77.667051,13.01104],[77.667054,13.011357],[77.666911,13.011394],[77.666909,13.011218]]}},{"type":"Feature","properties":{},"geometry":{"type":"LineString","coordinates":[[77.667051,13.01104],[77.667049,13.0109],[77.667193,13.010898],[77.667551,13.010859],[77.667874,13.010821],[77.667836,13.01061],[77.667834,13.010469],[77.667833,13.010399],[77.667795,13.010223],[77.66772,13.009872],[77.667608,13.009486],[77.66757,13.009311],[77.667532,13.0091],[77.667383,13.008609],[77.667197,13.007977],[77.667049,13.007522],[77.666973,13.00717],[77.666826,13.00682],[77.666823,13.006574],[77.666785,13.006328],[77.666708,13.005801],[77.666592,13.005063],[77.666519,13.004958],[77.666483,13.004959]]}},{"type":"Feature","properties":{},"geometry":{"type":"LineString","coordinates":[[77.669857,13.011715],[77.669928,13.011679],[77.670322,13.011605],[77.670824,13.011564],[77.670932,13.011563]]}},{"type":"Feature","properties":{},"geometry":{"type":"LineString","coordinates":[[77.672582,13.011511],[77.672833,13.011509],[77.673551,13.011466],[77.673694,13.011465]]}},{"type":"Feature","properties":{},"geometry":{"type":"LineString","coordinates":[[77.511155,12.996901],[77.510893,12.995848],[77.512217,12.995483],[77.513756,12.995046],[77.513711,12.994202],[77.515874,12.995166],[77.518506,12.996302],[77.519407,12.996715],[77.520127,12.996955],[77.520272,12.997059],[77.520203,12.997306],[77.520434,12.998887],[77.520625,13.000047],[77.520776,13.00082],[77.52078,13.001207],[77.520893,13.001733],[77.521078,13.002295],[77.52119,13.002681],[77.521227,13.002821],[77.521266,13.003067],[77.521269,13.003419],[77.521308,13.0037],[77.521383,13.003981],[77.52146,13.004508],[77.521498,13.004754],[77.521536,13.00493],[77.52158,13.005774],[77.521551,13.006478],[77.521553,13.006689],[77.52152,13.006971],[77.521525,13.007464],[77.521638,13.007955],[77.521751,13.008482],[77.521865,13.009079],[77.521943,13.009677],[77.522017,13.009993],[77.522019,13.010133],[77.521952,13.010627],[77.521955,13.010873],[77.521955,13.010943],[77.522099,13.010907],[77.52235,13.010904],[77.522744,13.01083],[77.523174,13.010756],[77.523532,13.010682],[77.524249,13.01064],[77.525001,13.010456],[77.525359,13.010382],[77.525789,13.010308],[77.526541,13.01016],[77.526613,13.010124],[77.526575,13.009948],[77.526646,13.009842],[77.526824,13.009735],[77.527074,13.009627],[77.52711,13.009626],[77.526962,13.009205],[77.527391,13.009025],[77.527676,13.008847],[77.528569,13.008345],[77.529077,13.008939],[77.530259,13.008751],[77.5303,13.009173],[77.530515,13.009136],[77.530488,13.010086],[77.530389,13.010861],[77.53039,13.010967],[77.530428,13.011178],[77.530356,13.011214],[77.530573,13.011387],[77.531463,13.010604],[77.531783,13.01032],[77.532688,13.011156],[77.533084,13.011187],[77.533155,13.011186],[77.533086,13.011433],[77.533158,13.011468],[77.533195,13.011573],[77.533234,13.011819],[77.53331,13.01224],[77.533348,13.012522],[77.533532,13.012977],[77.533824,13.013432],[77.534043,13.013817],[77.534733,13.01462],[77.534734,13.014655],[77.534735,13.014725],[77.535167,13.014932],[77.534991,13.015215]]}},{"type":"Feature","properties":{},"geometry":{"type":"LineString","coordinates":[[77.534955,13.015216],[77.535204,13.015002]]}},{"type":"Feature","properties":{},"geometry":{"type":"LineString","coordinates":[[77.51346,12.994204],[77.51346,12.994134]]}},{"type":"Feature","properties":{},"geometry":{"type":"LineString","coordinates":[[77.511912,12.997281],[77.511912,12.99721],[77.511912,12.99721]]}},{"type":"Feature","properties":{},"geometry":{"type":"LineString","coordinates":[[77.549033,13.044181],[77.549033,13.044216],[77.549034,13.044286],[77.549463,13.044141],[77.549762,13.045229],[77.549189,13.045376],[77.549264,13.045727],[77.549374,13.045972],[77.549375,13.046042],[77.54945,13.046323],[77.549487,13.046428],[77.549599,13.04685],[77.549712,13.047412],[77.549788,13.047763],[77.549825,13.047903],[77.549826,13.048009],[77.549827,13.048079],[77.5499,13.048184],[77.549937,13.048289],[77.549974,13.048394],[77.550047,13.04857],[77.550085,13.048745],[77.550195,13.048955],[77.550527,13.049832],[77.550564,13.049937],[77.550638,13.050147],[77.550714,13.050639],[77.550832,13.051553],[77.55087,13.051764],[77.550986,13.052572],[77.551025,13.052924],[77.551172,13.053204],[77.551172,13.053204]]}},{"type":"Feature","properties":{},"geometry":{"type":"LineString","coordinates":[[77.549033,13.040697],[77.549533,13.04041],[77.549712,13.040338]]}},{"type":"Feature","properties":{},"geometry":{"type":"LineString","coordinates":[[77.549033,13.044181],[77.549105,13.04418]]}},{"type":"Feature","properties":{},"geometry":{"type":"LineString","coordinates":[[77.551207,13.053203],[77.551172,13.053204]]}},{"type":"Feature","properties":{},"geometry":{"type":"LineString","coordinates":[[77.511051,12.997324],[77.510803,12.997643]]}},{"type":"Feature","properties":{},"geometry":{"type":"LineString","coordinates":[[77.51123,12.997287],[77.511087,12.997324],[77.510803,12.997643]]}},{"type":"Feature","properties":{},"geometry":{"type":"LineString","coordinates":[[77.510803,12.997643],[77.510872,12.997361]]}},{"type":"Feature","properties":{},"geometry":{"type":"LineString","coordinates":[[77.510872,12.997361],[77.511122,12.997183],[77.511338,12.997322]]}},{"type":"Feature","properties":{},"geometry":{"type":"LineString","coordinates":[[77.510803,12.997643],[77.510765,12.997433]]}},{"type":"Feature","properties":{},"geometry":{"type":"LineString","coordinates":[[77.510803,12.997643],[77.510732,12.997644],[77.510769,12.997785]]}},{"type":"Feature","properties":{},"geometry":{"type":"LineString","coordinates":[[77.51346,12.994204],[77.513885,12.997156],[77.511912,12.997281],[77.51188,12.997598],[77.511664,12.9976],[77.511699,12.997529],[77.511664,12.99753]]}},{"type":"Feature","properties":{},"geometry":{"type":"LineString","coordinates":[[77.504246,12.998622],[77.504282,12.998621],[77.504891,12.99851],[77.505571,12.998398],[77.506037,12.998323],[77.506574,12.998177],[77.507003,12.998032],[77.507182,12.99796],[77.507468,12.997852],[77.508898,12.99731],[77.509041,12.997309],[77.508968,12.997098],[77.508931,12.996993],[77.508967,12.996993],[77.509432,12.996847],[77.510398,12.996556],[77.510435,12.996662],[77.510578,12.996625],[77.510614,12.996625],[77.510829,12.996587],[77.511115,12.996514],[77.511582,12.996545],[77.511654,12.996615],[77.511622,12.996967],[77.511587,12.997073]]}},{"type":"Feature","properties":{},"geometry":{"type":"LineString","coordinates":[[77.504246,12.998622],[77.504284,12.998868],[77.504363,12.999606],[77.50474,13.001432],[77.504744,13.001819],[77.504604,13.002173],[77.504466,13.002702],[77.504471,13.003195],[77.504509,13.003405],[77.504912,13.004211],[77.505097,13.004737],[77.505251,13.005862],[77.505402,13.006564],[77.505514,13.00702],[77.505704,13.008039]]}},{"type":"Feature","properties":{},"geometry":{"type":"LineString","coordinates":[[77.505704,13.008039],[77.505855,13.008742],[77.505931,13.009234],[77.506078,13.009584],[77.506189,13.009865],[77.506261,13.009934],[77.506443,13.010179],[77.506552,13.010319],[77.506734,13.010563],[77.506953,13.010913],[77.507422,13.01112],[77.507782,13.011292],[77.508323,13.011533],[77.50854,13.011672],[77.508794,13.011916],[77.509121,13.012335],[77.509521,13.012859],[77.509994,13.013488],[77.51054,13.014257],[77.510942,13.015027],[77.511456,13.016113],[77.511566,13.016323],[77.511783,13.016567],[77.512109,13.016846],[77.51247,13.017018],[77.512686,13.017086],[77.512973,13.017119],[77.513335,13.017397],[77.513696,13.017569],[77.513911,13.017602],[77.514523,13.017737],[77.514991,13.017873],[77.5151,13.018048],[77.51583,13.019203],[77.516378,13.020218],[77.516452,13.020393]]}},{"type":"Feature","properties":{},"geometry":{"type":"LineString","coordinates":[[77.516452,13.020393],[77.516745,13.020989],[77.516856,13.021304],[77.516931,13.021655],[77.516898,13.021902],[77.516865,13.022184],[77.516832,13.022501],[77.51687,13.022712],[77.516907,13.022817],[77.517593,13.023233],[77.518749,13.02396],[77.519582,13.024656],[77.520705,13.025666],[77.520319,13.026549],[77.519969,13.027433],[77.518778,13.030365],[77.518077,13.032061],[77.517658,13.033156],[77.517629,13.033825],[77.517747,13.034915],[77.51797,13.035616],[77.518119,13.036178]]}},{"type":"Feature","properties":{},"geometry":{"type":"LineString","coordinates":[[77.518517,13.040081],[77.518591,13.040256],[77.518846,13.04064],[77.519174,13.041165],[77.519466,13.04162],[77.520049,13.042494],[77.520305,13.042878],[77.521253,13.044347],[77.521472,13.044697],[77.521654,13.044942],[77.521909,13.045326],[77.522237,13.045851]]}},{"type":"Feature","properties":{},"geometry":{"type":"LineString","coordinates":[[77.518119,13.036178],[77.518061,13.037586],[77.518033,13.038326],[77.518153,13.039591],[77.518263,13.039801],[77.5183,13.039871],[77.518193,13.039943],[77.518339,13.040188],[77.518517,13.040081]]}},{"type":"Feature","properties":{},"geometry":{"type":"LineString","coordinates":[[77.518339,13.040188],[77.518303,13.040188],[77.518232,13.040259]]}},{"type":"Feature","properties":{},"geometry":{"type":"LineString","coordinates":[[77.518232,13.040259],[77.518018,13.040437],[77.517841,13.04065],[77.51777,13.040686],[77.51777,13.040756],[77.517699,13.040828],[77.517486,13.041006],[77.51713,13.041326],[77.516846,13.04161],[77.516561,13.041824],[77.51624,13.042003],[77.515918,13.042147],[77.515632,13.042255],[77.514988,13.042473],[77.514451,13.042654],[77.513557,13.042944],[77.513092,13.043089],[77.513092,13.043054],[77.512913,13.043126],[77.51234,13.043308],[77.512341,13.043343],[77.512233,13.043379],[77.512091,13.043451]]}},{"type":"Feature","properties":{},"geometry":{"type":"LineString","coordinates":[[77.522201,13.045816],[77.52188,13.046066]]}},{"type":"Feature","properties":{},"geometry":{"type":"LineString","coordinates":[[77.516342,13.020183],[77.516629,13.02011]]}},{"type":"Feature","properties":{},"geometry":{"type":"LineString","coordinates":[[77.587224,13.061502],[77.58612,13.062288],[77.58359,13.064143],[77.582735,13.064714],[77.581061,13.065963],[77.581423,13.066241],[77.581676,13.066414],[77.581248,13.066735],[77.581031,13.066596],[77.580569,13.066988],[77.580073,13.067627],[77.580256,13.067977],[77.580694,13.068711],[77.58106,13.069376],[77.581245,13.069832],[77.580457,13.070086],[77.579313,13.070485],[77.578452,13.070563],[77.578309,13.0706],[77.577915,13.070639],[77.577738,13.070887],[77.577096,13.071281],[77.574447,13.072046],[77.571648,13.072109],[77.571506,13.072287],[77.571549,13.07299]]}},{"type":"Feature","properties":{},"geometry":{"type":"LineString","coordinates":[[77.593822,13.057424],[77.593177,13.057466],[77.591529,13.057799],[77.591714,13.05829],[77.590894,13.058897],[77.589362,13.059968],[77.587759,13.06111],[77.587224,13.061502]]}},{"type":"Feature","properties":{},"geometry":{"type":"LineString","coordinates":[[77.571549,13.07299],[77.571664,13.073622],[77.570195,13.073919],[77.570126,13.074201],[77.570094,13.074588],[77.570059,13.074694],[77.568805,13.074953],[77.568162,13.075206],[77.5663,13.075682],[77.565874,13.076143],[77.565163,13.076784],[77.564307,13.07732],[77.564424,13.078234],[77.562499,13.07952],[77.562432,13.079978],[77.562542,13.080223],[77.564225,13.083303],[77.564628,13.084074],[77.564237,13.084429],[77.563883,13.08489],[77.562855,13.086238],[77.561321,13.087133],[77.559965,13.087956],[77.559788,13.088204],[77.559255,13.088737],[77.559193,13.089688]]}},{"type":"Feature","properties":{},"geometry":{"type":"LineString","coordinates":[[77.593822,13.057424],[77.593735,13.055947],[77.593697,13.055737],[77.59531,13.055544]]}},{"type":"Feature","properties":{},"geometry":{"type":"LineString","coordinates":[[77.59531,13.055544],[77.597282,13.055278],[77.597463,13.055452],[77.597573,13.055698],[77.598004,13.055729],[77.599147,13.055189]]}},{"type":"Feature","properties":{},"geometry":{"type":"LineString","coordinates":[[77.599147,13.055189],[77.599791,13.054936],[77.601443,13.055025],[77.60252,13.05505],[77.602737,13.055223],[77.602917,13.055292],[77.604461,13.055347],[77.609774,13.055364],[77.610312,13.055358],[77.610637,13.055566],[77.610925,13.055669],[77.611143,13.055878],[77.611506,13.056261],[77.611541,13.056155],[77.611572,13.055733],[77.611708,13.054957],[77.611847,13.054569],[77.611915,13.054181],[77.611839,13.05383],[77.611801,13.053549],[77.611797,13.053197],[77.611829,13.052844],[77.611853,13.051718],[77.611881,13.050979],[77.611723,13.049573],[77.611788,13.048974],[77.61193,13.048797],[77.612103,13.048162],[77.612135,13.047809],[77.611774,13.047567],[77.611447,13.047253],[77.611372,13.046937],[77.61144,13.046549],[77.611902,13.046123],[77.612276,13.044183],[77.612697,13.043229],[77.613195,13.042802],[77.613407,13.042483],[77.613765,13.042374],[77.614264,13.042087],[77.615301,13.04169],[77.616231,13.041399],[77.616875,13.041181],[77.617664,13.041103],[77.617951,13.041135],[77.618526,13.041164],[77.618594,13.040847],[77.619743,13.040906],[77.622364,13.040985],[77.62301,13.040978],[77.623511,13.040797],[77.624185,13.040086],[77.624296,13.040402]]}},{"type":"Feature","properties":{},"geometry":{"type":"LineString","coordinates":[[77.555136,13.079171],[77.554733,13.078365],[77.553929,13.077001],[77.554036,13.076894],[77.555001,13.076533],[77.556218,13.076204],[77.556683,13.076023],[77.556279,13.075112],[77.555949,13.074447],[77.557164,13.073942],[77.556797,13.073137],[77.55665,13.072856],[77.555223,13.070161],[77.554562,13.068725],[77.553755,13.067114],[77.553535,13.066623],[77.553279,13.066133],[77.55313,13.065642],[77.553129,13.065572]]}},{"type":"Feature","properties":{},"geometry":{"type":"LineString","coordinates":[[77.554995,13.079418],[77.555209,13.079311],[77.555136,13.079171]]}},{"type":"Feature","properties":{},"geometry":{"type":"LineString","coordinates":[[77.540816,13.083077],[77.540851,13.082901],[77.541568,13.082894],[77.542107,13.082889],[77.542394,13.082921],[77.542645,13.082883],[77.542896,13.082811],[77.542967,13.082775],[77.543003,13.082739],[77.543002,13.082704],[77.543146,13.082738],[77.543254,13.082737],[77.543397,13.0827],[77.543541,13.082664],[77.543612,13.082663],[77.54372,13.082662],[77.544008,13.082764],[77.544152,13.082798],[77.544368,13.082831],[77.544763,13.082863],[77.544835,13.082827],[77.545263,13.082611],[77.545406,13.082575],[77.545478,13.082574],[77.5458,13.082465],[77.546015,13.082393],[77.546301,13.082284],[77.547016,13.082031],[77.547195,13.081959],[77.547446,13.081921],[77.548162,13.081773],[77.548198,13.081773],[77.548233,13.081702],[77.548269,13.081667],[77.548376,13.08156],[77.548483,13.081489],[77.549236,13.081411],[77.550168,13.081331],[77.55067,13.081221],[77.551742,13.080788],[77.55353,13.080066],[77.554245,13.079778],[77.554995,13.079418]]}},{"type":"Feature","properties":{},"geometry":{"type":"LineString","coordinates":[[77.593123,13.062604],[77.593624,13.062459],[77.59359,13.06267],[77.593593,13.062987]]}},{"type":"Feature","properties":{},"geometry":{"type":"LineString","coordinates":[[77.586982,13.058936],[77.587804,13.058541]]}},{"type":"Feature","properties":{},"geometry":{"type":"LineString","coordinates":[[77.587438,13.061359],[77.587846,13.059138],[77.587914,13.058786],[77.587055,13.059076]]}},{"type":"Feature","properties":{},"geometry":{"type":"LineString","coordinates":[[77.593231,13.062709],[77.593263,13.062321],[77.593292,13.061617],[77.593321,13.061019],[77.593465,13.061053],[77.593573,13.061016],[77.593645,13.061051],[77.593717,13.06105],[77.593624,13.062459]]}},{"type":"Feature","properties":{},"geometry":{"type":"LineString","coordinates":[[77.593624,13.062459],[77.593624,13.062529],[77.593593,13.062952]]}},{"type":"Feature","properties":{},"geometry":{"type":"LineString","coordinates":[[77.654265,12.959444],[77.65419,12.959093]]}},{"type":"Feature","properties":{},"geometry":{"type":"LineString","coordinates":[[77.475195,12.971555],[77.475553,12.971517],[77.47584,12.971514],[77.475465,12.969864],[77.477578,12.969386],[77.477465,12.968859],[77.481332,12.968048],[77.481332,12.967978],[77.480852,12.96668],[77.479706,12.963277],[77.479443,12.962083],[77.479359,12.960887],[77.479302,12.958741],[77.479041,12.957688],[77.478628,12.955862],[77.478366,12.954773],[77.477996,12.953651],[77.477922,12.953405],[77.477699,12.952633],[77.477476,12.951861]]}},{"type":"Feature","properties":{},"geometry":{"type":"LineString","coordinates":[[77.483242,12.94716],[77.481596,12.947598],[77.481601,12.948126],[77.481681,12.948935],[77.481684,12.949216],[77.481723,12.949533],[77.481744,12.951679],[77.479628,12.951805],[77.479019,12.951846],[77.477476,12.951861]]}},{"type":"Feature","properties":{},"geometry":{"type":"LineString","coordinates":[[77.478176,12.935525],[77.477925,12.935597],[77.478326,12.936192],[77.476,12.936883],[77.474855,12.93714]]}},{"type":"Feature","properties":{},"geometry":{"type":"LineString","coordinates":[[77.474855,12.93714],[77.474819,12.93714]]}},{"type":"Feature","properties":{},"geometry":{"type":"LineString","coordinates":[[77.478139,12.935455],[77.477889,12.935527],[77.476723,12.933779]]}},{"type":"Feature","properties":{},"geometry":{"type":"LineString","coordinates":[[77.68794,12.998052],[77.687832,12.998053]]}},{"type":"Feature","properties":{},"geometry":{"type":"LineString","coordinates":[[77.688553,12.998397],[77.688769,12.998465]]}},{"type":"Feature","properties":{},"geometry":{"type":"LineString","coordinates":[[77.515575,12.993902],[77.515434,12.99415],[77.515255,12.994222],[77.515046,12.994857]]}},{"type":"Feature","properties":{},"geometry":{"type":"LineString","coordinates":[[77.486352,12.985702],[77.48603,12.985811],[77.48596,12.985987],[77.485926,12.986164]]}},{"type":"Feature","properties":{},"geometry":{"type":"LineString","coordinates":[[77.688553,12.998397],[77.688155,12.998049],[77.687538,12.997387],[77.687284,12.997108],[77.687174,12.996933]]}},{"type":"Feature","properties":{},"geometry":{"type":"LineString","coordinates":[[77.486352,12.985702],[77.486451,12.984821],[77.484972,12.980436]]}},{"type":"Feature","properties":{},"geometry":{"type":"LineString","coordinates":[[77.484972,12.980436],[77.487189,12.979606],[77.487039,12.978938],[77.487177,12.978444],[77.487566,12.977807],[77.487632,12.977244],[77.487551,12.976294],[77.48816,12.976253],[77.48813,12.976852],[77.488277,12.977132]]}},{"type":"Feature","properties":{},"geometry":{"type":"LineString","coordinates":[[77.488277,12.977132],[77.488423,12.977447],[77.488569,12.977622],[77.488461,12.977658]]}},{"type":"Feature","properties":{},"geometry":{"type":"LineString","coordinates":[[77.487551,12.976294],[77.487901,12.975481],[77.488037,12.974671],[77.487847,12.973617],[77.487768,12.972949],[77.487798,12.97235],[77.488147,12.971326],[77.485324,12.97255],[77.483536,12.97313],[77.482295,12.971065],[77.482365,12.970818],[77.481512,12.968117]]}},{"type":"Feature","properties":{},"geometry":{"type":"LineString","coordinates":[[77.481512,12.968117],[77.480589,12.965451],[77.479921,12.963275],[77.479658,12.962011],[77.479443,12.958494],[77.478656,12.955052],[77.477657,12.952035],[77.477798,12.951787],[77.47768,12.950733],[77.477879,12.949042],[77.478049,12.948125],[77.478152,12.947596],[77.478424,12.946115],[77.478664,12.944987],[77.479182,12.942941],[77.479385,12.941742],[77.479692,12.940085],[77.47932,12.938716],[77.479096,12.937839],[77.478656,12.936963],[77.477419,12.935145]]}},{"type":"Feature","properties":{},"geometry":{"type":"LineString","coordinates":[[77.477419,12.935145],[77.47749,12.935074]]}},{"type":"Feature","properties":{},"geometry":{"type":"LineString","coordinates":[[77.481512,12.968117],[77.481262,12.968189]]}},{"type":"Feature","properties":{},"geometry":{"type":"LineString","coordinates":[[77.481262,12.968189],[77.477573,12.968964],[77.4781,12.971387],[77.47498,12.971628]]}},{"type":"Feature","properties":{},"geometry":{"type":"LineString","coordinates":[[77.47498,12.971628],[77.474903,12.971065]]}},{"type":"Feature","properties":{},"geometry":{"type":"LineString","coordinates":[[77.526226,12.904165],[77.52655,12.904303],[77.526623,12.904408],[77.52817,12.90492],[77.52889,12.90516],[77.529213,12.905157],[77.529643,12.905082],[77.530143,12.904901],[77.531071,12.9044]]}},{"type":"Feature","properties":{},"geometry":{"type":"LineString","coordinates":[[77.531071,12.9044],[77.531142,12.904329],[77.531358,12.904397],[77.531683,12.90457],[77.532516,12.905371],[77.532771,12.905756],[77.533175,12.906737],[77.533504,12.907332]]}},{"type":"Feature","properties":{},"geometry":{"type":"LineString","coordinates":[[77.533504,12.907332],[77.533652,12.907753],[77.533833,12.907962],[77.534122,12.908136],[77.534908,12.907811],[77.535275,12.908617],[77.535881,12.908294],[77.536207,12.908573]]}},{"type":"Feature","properties":{},"geometry":{"type":"LineString","coordinates":[[77.536243,12.908537],[77.53548,12.90763],[77.535623,12.907558]]}},{"type":"Feature","properties":{},"geometry":{"type":"LineString","coordinates":[[77.524067,12.903552],[77.522772,12.903248]]}},{"type":"Feature","properties":{},"geometry":{"type":"LineString","coordinates":[[77.477476,12.951861],[77.477326,12.951229]]}},{"type":"Feature","properties":{},"geometry":{"type":"LineString","coordinates":[[77.477326,12.951229],[77.477249,12.950666],[77.477246,12.950385],[77.477626,12.948903],[77.477729,12.948445]]}},{"type":"Feature","properties":{},"geometry":{"type":"LineString","coordinates":[[77.475394,12.969899],[77.475179,12.969972],[77.475517,12.971517],[77.47523,12.97152],[77.47523,12.97152]]}},{"type":"Feature","properties":{},"geometry":{"type":"LineString","coordinates":[[77.475119,12.971099],[77.475156,12.971239],[77.475195,12.971555]]}},{"type":"Feature","properties":{},"geometry":{"type":"LineString","coordinates":[[77.47523,12.97152],[77.475154,12.971063]]}},{"type":"Feature","properties":{},"geometry":{"type":"LineString","coordinates":[[77.697765,13.00738],[77.698015,13.007272],[77.698158,13.0072],[77.698407,13.007056],[77.698443,13.007021],[77.698478,13.006985],[77.698693,13.006913],[77.698799,13.006806],[77.69887,13.006735],[77.69912,13.006627],[77.699227,13.006555],[77.699299,13.006519],[77.699478,13.006482],[77.700407,13.006121],[77.70055,13.006084],[77.700622,13.006083],[77.701229,13.005866],[77.701408,13.005794],[77.701944,13.005577],[77.702051,13.005505],[77.702193,13.005363],[77.702335,13.005256],[77.702658,13.005253],[77.702981,13.005214],[77.703196,13.005212],[77.703303,13.005176],[77.703375,13.005175],[77.703518,13.005103],[77.704054,13.004957],[77.704376,13.004848],[77.704877,13.004667],[77.705342,13.004556],[77.705843,13.004446],[77.706165,13.004372],[77.706272,13.004335],[77.706451,13.004298],[77.706918,13.004294],[77.707205,13.004326],[77.707815,13.004284],[77.709178,13.00427],[77.710578,13.004291],[77.711583,13.00435],[77.712517,13.004411],[77.713272,13.004544],[77.713524,13.004612],[77.713919,13.004643],[77.715174,13.004524],[77.715819,13.004482],[77.716608,13.004439],[77.717057,13.006123],[77.717504,13.007666],[77.717541,13.007736],[77.717613,13.007736],[77.71772,13.007735],[77.717797,13.008156],[77.717872,13.008472],[77.717994,13.009808],[77.717926,13.01009],[77.718005,13.010793],[77.718008,13.011074],[77.718046,13.01125],[77.718227,13.011424],[77.718265,13.011635],[77.71816,13.011847],[77.71777,13.012238],[77.717273,13.012736],[77.717238,13.012877],[77.717204,13.013053],[77.71717,13.013229],[77.717177,13.013828],[77.717181,13.014179],[77.717078,13.014673],[77.717048,13.015201],[77.717016,13.015553],[77.717057,13.016046],[77.717061,13.016327],[77.718929,13.016554],[77.719863,13.01665],[77.720294,13.016715],[77.720366,13.016715],[77.720298,13.017067],[77.720265,13.017314],[77.720236,13.017912],[77.720209,13.018722],[77.720114,13.019884],[77.720114,13.019954],[77.720187,13.019989],[77.72051,13.020021],[77.72069,13.020054],[77.720762,13.020124],[77.72102,13.020684],[77.72099,13.021247],[77.72078,13.021777],[77.720712,13.022095],[77.720685,13.022869],[77.720945,13.023746],[77.720987,13.024238],[77.720952,13.024379],[77.721029,13.024871],[77.721072,13.025469],[77.721085,13.0267],[77.720724,13.026458],[77.720579,13.026354],[77.720435,13.02632]]}},{"type":"Feature","properties":{},"geometry":{"type":"LineString","coordinates":[[77.607891,13.111827],[77.608112,13.112352],[77.608115,13.112669]]}},{"type":"Feature","properties":{},"geometry":{"type":"LineString","coordinates":[[77.607965,13.112037],[77.608075,13.112318],[77.60808,13.112775],[77.608081,13.112845]]}},{"type":"Feature","properties":{},"geometry":{"type":"LineString","coordinates":[[77.486433,12.892546],[77.486329,12.892828],[77.486517,12.893777],[77.48663,12.894339],[77.486746,12.895147],[77.486902,12.896413],[77.486983,12.897292],[77.486772,12.897786],[77.487028,12.898241],[77.487503,12.899152],[77.487614,12.899432],[77.487656,12.900065],[77.487694,12.900347],[77.487629,12.900981],[77.487491,12.90158],[77.48735,12.901828],[77.487353,12.90211],[77.487464,12.902425],[77.487652,12.903303],[77.487914,12.904427],[77.487989,12.904743],[77.488206,12.904917],[77.488387,12.905056],[77.488424,12.905196],[77.488391,12.905513],[77.488395,12.905865],[77.48847,12.906252],[77.488729,12.907023],[77.488914,12.90755],[77.488843,12.907621],[77.488664,12.907693],[77.488055,12.907839],[77.487663,12.908054],[77.487378,12.908303],[77.487166,12.908622],[77.487029,12.909222],[77.486995,12.909398],[77.487031,12.909433],[77.487031,12.909468],[77.486995,12.909468],[77.486998,12.909715],[77.486962,12.90975],[77.486963,12.90982],[77.486929,12.909997],[77.486717,12.910386],[77.486401,12.911022],[77.485976,12.91159],[77.485799,12.911873],[77.48541,12.91244],[77.485198,12.912723],[77.485598,12.913247],[77.485207,12.913638],[77.48514,12.914131],[77.48414,12.914598],[77.483318,12.914958],[77.482317,12.915284],[77.481709,12.915501],[77.480995,12.915825],[77.480738,12.915194],[77.480418,12.915514],[77.480205,12.915727],[77.479885,12.916011],[77.479671,12.916225],[77.479426,12.916825],[77.479322,12.917143],[77.479109,12.917426],[77.478754,12.917782],[77.478186,12.91835],[77.477831,12.918741],[77.477405,12.919202],[77.477192,12.919486],[77.476874,12.919982],[77.476697,12.920194],[77.476485,12.920548],[77.476308,12.920796],[77.476202,12.920903],[77.476131,12.921044],[77.475995,12.92175],[77.475888,12.921891],[77.475746,12.921998],[77.475174,12.922215],[77.474567,12.922502],[77.47396,12.922825],[77.473496,12.92304],[77.473389,12.923076],[77.473211,12.923219],[77.472927,12.923573],[77.472822,12.923786],[77.472647,12.92428],[77.472796,12.924807],[77.473018,12.925473],[77.473203,12.926034],[77.473388,12.926631],[77.473718,12.927402],[77.474048,12.928138],[77.474342,12.928804],[77.474564,12.92947],[77.474894,12.930206],[77.475189,12.930978],[77.47563,12.932065],[77.476108,12.933221],[77.476622,12.934413],[77.476985,12.934797],[77.477639,12.93567],[77.478148,12.936334],[77.478404,12.936825],[77.478878,12.937629],[77.479063,12.938191],[77.479248,12.938752],[77.479398,12.939349],[77.47955,12.940298],[77.479206,12.941779],[77.478553,12.944636],[77.478073,12.946963],[77.477766,12.94855],[77.477634,12.949713],[77.477502,12.950875],[77.477439,12.951756],[77.477629,12.952774],[77.478371,12.955231],[77.479006,12.957759],[77.479232,12.958918],[77.479291,12.96124]]}},{"type":"Feature","properties":{},"geometry":{"type":"LineString","coordinates":[[77.537088,12.874956],[77.535979,12.875213],[77.535301,12.875572],[77.53448,12.876002],[77.5338,12.876114],[77.532904,12.876264],[77.531829,12.876309],[77.530071,12.876291],[77.528959,12.876302],[77.528565,12.876376],[77.527923,12.876699],[77.526924,12.877201],[77.526489,12.876783],[77.525693,12.876122],[77.525078,12.8756],[77.524754,12.875427],[77.524108,12.875398],[77.523033,12.875585],[77.521353,12.876129],[77.520282,12.876632],[77.520002,12.877338],[77.519792,12.877903],[77.519325,12.877802],[77.518393,12.877846],[77.517854,12.877816],[77.517388,12.877821],[77.516138,12.878326],[77.515745,12.878541],[77.514637,12.878938],[77.514172,12.879084],[77.512489,12.879311],[77.511485,12.879391],[77.5098,12.879442],[77.508867,12.879451],[77.507755,12.879462],[77.507433,12.8795],[77.506861,12.879752],[77.506114,12.880322],[77.505012,12.881318],[77.503696,12.882527],[77.502487,12.883595]]}},{"type":"Feature","properties":{},"geometry":{"type":"LineString","coordinates":[[77.537523,12.875409],[77.536145,12.87391]]}},{"type":"Feature","properties":{},"geometry":{"type":"LineString","coordinates":[[77.502487,12.883595],[77.50199,12.884057],[77.500426,12.885479],[77.499643,12.886156],[77.497749,12.886913],[77.495786,12.887917],[77.494359,12.888705],[77.493217,12.889243],[77.49236,12.889639],[77.489892,12.890401],[77.48907,12.890691],[77.488252,12.891473],[77.48754,12.891972],[77.486897,12.892225],[77.486433,12.892546]]}},{"type":"Feature","properties":{},"geometry":{"type":"LineString","coordinates":[[77.510076,12.993111],[77.510651,12.993246],[77.510903,12.993314],[77.511083,12.993347],[77.511155,12.993382],[77.511947,12.993585],[77.51263,12.993719],[77.513349,12.993888],[77.513386,12.993923],[77.513423,12.994099],[77.513568,12.994168],[77.514144,12.994373],[77.514504,12.994546],[77.515009,12.994787],[77.515225,12.994856],[77.515514,12.995029],[77.515694,12.995097],[77.51609,12.995234],[77.517244,12.995716],[77.517821,12.995992],[77.518722,12.996441],[77.519407,12.996715],[77.519587,12.996784],[77.519767,12.996782],[77.519875,12.996817],[77.519982,12.996815],[77.520163,12.996919],[77.520199,12.996954],[77.520236,12.997059],[77.520313,12.997586],[77.520391,12.998219],[77.520504,12.998711],[77.520658,12.9998],[77.520773,13.000503],[77.52085,13.00096],[77.52085,13.000995],[77.520851,13.0011],[77.520927,13.001522],[77.521113,13.002189],[77.521265,13.003032],[77.521342,13.003489],[77.521495,13.004508],[77.521534,13.004789],[77.521613,13.005527],[77.52162,13.006161],[77.521556,13.0069],[77.521559,13.007252],[77.521823,13.008552],[77.521938,13.009254],[77.522016,13.009852],[77.522054,13.010063],[77.522023,13.010556],[77.521953,13.010697],[77.521918,13.010803],[77.521991,13.010943],[77.522065,13.011154],[77.522139,13.011364],[77.52207,13.011681],[77.521929,13.011894],[77.521361,13.012462],[77.521147,13.012676],[77.520974,13.013311],[77.520629,13.014616],[77.52035,13.015464],[77.520284,13.016062],[77.520255,13.016696],[77.520196,13.017929],[77.5202,13.018351],[77.520131,13.018598],[77.520095,13.018669],[77.520353,13.019264],[77.520611,13.01993],[77.521335,13.020627],[77.521806,13.021045],[77.522313,13.021497],[77.522526,13.021249],[77.522776,13.021071],[77.52306,13.020822],[77.523238,13.020644],[77.524199,13.019825],[77.525102,13.020415],[77.52633,13.021177],[77.526799,13.021383],[77.526906,13.021382],[77.527407,13.021237],[77.527443,13.021236],[77.527478,13.021166],[77.527693,13.021093],[77.527765,13.021092],[77.528373,13.020946],[77.528848,13.021786],[77.529142,13.022381],[77.5294,13.023047],[77.52984,13.023958],[77.530243,13.024834],[77.531014,13.026551],[77.53208,13.028933],[77.533584,13.032191]]}},{"type":"Feature","properties":{},"geometry":{"type":"LineString","coordinates":[[77.533584,13.032191],[77.533768,13.032647],[77.533843,13.032928],[77.534397,13.034506],[77.534694,13.035453],[77.534954,13.036295],[77.535101,13.036646],[77.535174,13.036716],[77.535247,13.03682],[77.535716,13.037132],[77.536185,13.037339],[77.53734,13.037961],[77.537593,13.038135],[77.537701,13.038204],[77.53781,13.038344],[77.537847,13.038449],[77.538068,13.038939],[77.538215,13.039255],[77.538289,13.0395],[77.538583,13.040166],[77.538766,13.040551],[77.539023,13.041077],[77.539244,13.041638],[77.53939,13.041918],[77.539537,13.042233],[77.539611,13.042479],[77.539687,13.042865],[77.539797,13.043075],[77.539764,13.043322],[77.539624,13.043745],[77.539914,13.043989],[77.540095,13.044163],[77.540277,13.044337],[77.540494,13.044581],[77.540713,13.044896],[77.540858,13.04507],[77.541003,13.04521],[77.541112,13.04535],[77.541186,13.045525],[77.541115,13.045631],[77.541116,13.045701],[77.541261,13.045876],[77.541262,13.045982],[77.541263,13.046017],[77.541336,13.046122],[77.541372,13.046192],[77.541445,13.046296],[77.541518,13.046401],[77.541591,13.046506],[77.541663,13.046576],[77.5417,13.046646],[77.541845,13.04682],[77.541918,13.046925],[77.542174,13.047415],[77.542284,13.04759],[77.542393,13.047695],[77.54243,13.0478],[77.542503,13.047975],[77.542505,13.048151],[77.542507,13.048327],[77.542508,13.048433],[77.542545,13.048573],[77.542547,13.048714],[77.542549,13.048925],[77.542587,13.049101],[77.542587,13.049101]]}},{"type":"Feature","properties":{},"geometry":{"type":"LineString","coordinates":[[77.542587,13.049101],[77.543878,13.049053],[77.544201,13.049049],[77.544453,13.049082],[77.544704,13.04908],[77.544884,13.049078],[77.545134,13.04904],[77.545349,13.049003],[77.545637,13.049],[77.54578,13.048964],[77.546139,13.04896],[77.546677,13.048955],[77.546928,13.048917],[77.547215,13.048914],[77.54804,13.048836],[77.54865,13.04883],[77.548757,13.048793],[77.548831,13.049004],[77.549011,13.049002],[77.55005,13.048886],[77.550122,13.048886],[77.550307,13.049447],[77.550418,13.049762],[77.550529,13.050043],[77.550569,13.05043],[77.550684,13.051132],[77.550878,13.052573],[77.550955,13.053135],[77.550956,13.053171],[77.550921,13.053277],[77.550886,13.053347],[77.550924,13.053593],[77.550963,13.05391],[77.55116,13.055562],[77.5512,13.055948],[77.551203,13.0563],[77.551282,13.056968],[77.551362,13.057812],[77.551525,13.059675]]}},{"type":"Feature","properties":{},"geometry":{"type":"LineString","coordinates":[[77.479291,12.96124],[77.479298,12.961909],[77.479412,12.962611],[77.47956,12.963032],[77.479965,12.964084],[77.480371,12.965171],[77.480666,12.966013],[77.480891,12.966926],[77.481298,12.968189],[77.481228,12.968366],[77.481087,12.968613],[77.481196,12.968788],[77.48127,12.969034],[77.481629,12.968995],[77.481888,12.969767],[77.482072,12.970258],[77.482293,12.970819],[77.48255,12.971415],[77.482372,12.971557],[77.482336,12.971558],[77.482704,12.972504],[77.482927,12.973206],[77.483184,12.973872],[77.483553,12.974889],[77.483738,12.975451],[77.484002,12.97675],[77.484375,12.978155],[77.484525,12.978822],[77.4846,12.979067],[77.484825,12.980086],[77.484902,12.980648],[77.48494,12.980789],[77.485088,12.98128],[77.485237,12.981771],[77.485495,12.982508],[77.485791,12.98335],[77.486233,12.984507],[77.48627,12.984647],[77.486272,12.984858],[77.486239,12.985105],[77.486242,12.985457],[77.486206,12.985457],[77.485921,12.985636],[77.485851,12.985848],[77.485816,12.985918],[77.485996,12.985952],[77.487866,12.986356],[77.489304,12.986659],[77.490168,12.986862],[77.490419,12.986895],[77.490816,12.987067],[77.491248,12.987204],[77.491752,12.987375],[77.4924,12.987615],[77.492544,12.987649],[77.493228,12.987889],[77.493805,12.988094],[77.495245,12.988538],[77.495604,12.98864],[77.496685,12.989052],[77.497442,12.989326],[77.49845,12.989668],[77.499315,12.990012],[77.500287,12.990319],[77.501834,12.990797],[77.502159,12.990935],[77.503023,12.991243],[77.503923,12.991516],[77.504607,12.991756],[77.504968,12.991893],[77.505436,12.992029],[77.505724,12.992132],[77.506011,12.9922],[77.507486,12.992537],[77.508134,12.992672],[77.509321,12.992942],[77.509824,12.993043],[77.51004,12.993111],[77.510076,12.993111]]}},{"type":"Feature","properties":{},"geometry":{"type":"LineString","coordinates":[[77.551525,13.059675],[77.551315,13.060205],[77.551834,13.061749],[77.551948,13.062381],[77.55207,13.063752],[77.552221,13.06449],[77.552516,13.065261],[77.553069,13.066663],[77.553534,13.066553],[77.553645,13.066833],[77.554857,13.069496],[77.556507,13.072858],[77.557643,13.075169],[77.558307,13.076852],[77.559201,13.079975],[77.560024,13.083204],[77.560356,13.084081],[77.561551,13.085054],[77.563071,13.086306],[77.560038,13.088096],[77.559881,13.090244],[77.559235,13.090215]]}},{"type":"Feature","properties":{},"geometry":{"type":"LineString","coordinates":[[77.585058,13.101641],[77.585198,13.101323],[77.585376,13.101145],[77.585589,13.100932],[77.585804,13.100859],[77.586055,13.100786],[77.586378,13.100818],[77.586666,13.10085],[77.586991,13.101058],[77.586707,13.101343]]}},{"type":"Feature","properties":{},"geometry":{"type":"LineString","coordinates":[[77.610111,13.10452],[77.610363,13.104517]]}},{"type":"Feature","properties":{},"geometry":{"type":"LineString","coordinates":[[77.630946,13.102302],[77.629153,13.102461],[77.628257,13.102611],[77.626859,13.102801],[77.626142,13.102914],[77.622666,13.103513],[77.622235,13.103517],[77.619189,13.104041],[77.618329,13.104155],[77.617073,13.104203],[77.616749,13.104171],[77.616677,13.104066],[77.616455,13.103506],[77.614413,13.103878],[77.613768,13.10399],[77.613481,13.104028],[77.613052,13.104209],[77.612551,13.10439],[77.611906,13.104502],[77.610363,13.104517]]}},{"type":"Feature","properties":{},"geometry":{"type":"LineString","coordinates":[[77.605048,13.10443],[77.605021,13.105205],[77.605389,13.106081],[77.605868,13.107273],[77.606422,13.108745],[77.607157,13.110356],[77.607488,13.111057],[77.607855,13.111827],[77.607965,13.112037]]}},{"type":"Feature","properties":{},"geometry":{"type":"LineString","coordinates":[[77.600586,13.103455],[77.602783,13.104066],[77.603359,13.104236],[77.603899,13.104337],[77.604402,13.104402],[77.605048,13.10443],[77.605982,13.104421],[77.606376,13.104382],[77.607239,13.104444],[77.607814,13.104508],[77.60864,13.104535],[77.610111,13.10452]]}},{"type":"Feature","properties":{},"geometry":{"type":"LineString","coordinates":[[77.585142,12.873958],[77.584906,12.87192],[77.585479,12.871773],[77.585357,12.870437]]}},{"type":"Feature","properties":{},"geometry":{"type":"LineString","coordinates":[[77.583387,12.870668],[77.583306,12.869754],[77.583228,12.869191],[77.583188,12.86877],[77.583113,12.868454],[77.583107,12.867855],[77.583029,12.867258],[77.582958,12.867294],[77.582693,12.865959],[77.582014,12.866142]]}},{"type":"Feature","properties":{},"geometry":{"type":"LineString","coordinates":[[77.585357,12.870437],[77.585108,12.870581],[77.584929,12.870582],[77.58457,12.870551],[77.584067,12.870556],[77.583387,12.870668]]}},{"type":"Feature","properties":{},"geometry":{"type":"LineString","coordinates":[[77.601909,13.106327],[77.602859,13.107866],[77.604757,13.110873]]}},{"type":"Feature","properties":{},"geometry":{"type":"LineString","coordinates":[[77.60483,13.110978],[77.605708,13.112482],[77.607032,13.112082],[77.607765,13.113482]]}},{"type":"Feature","properties":{},"geometry":{"type":"LineString","coordinates":[[77.601214,13.105103],[77.601836,13.106222]]}},{"type":"Feature","properties":{},"geometry":{"type":"LineString","coordinates":[[77.600699,13.103947],[77.601177,13.105033]]}},{"type":"Feature","properties":{},"geometry":{"type":"LineString","coordinates":[[77.59988,13.101175],[77.599806,13.100894],[77.599208,13.098648],[77.598912,13.097842],[77.598508,13.096931],[77.598137,13.095808],[77.597619,13.094336]]}},{"type":"Feature","properties":{},"geometry":{"type":"LineString","coordinates":[[77.600517,13.103632],[77.600292,13.102789],[77.599955,13.10142]]}},{"type":"Feature","properties":{},"geometry":{"type":"LineString","coordinates":[[77.597337,13.094831],[77.59778,13.096023],[77.597458,13.096132],[77.597607,13.096623],[77.597649,13.097186],[77.596251,13.097411]]}},{"type":"Feature","properties":{},"geometry":{"type":"LineString","coordinates":[[77.596251,13.097411],[77.596145,13.097588],[77.595287,13.097913]]}},{"type":"Feature","properties":{},"geometry":{"type":"LineString","coordinates":[[77.597337,13.094831],[77.597336,13.094796]]}},{"type":"Feature","properties":{},"geometry":{"type":"LineString","coordinates":[[77.600442,13.103386],[77.600586,13.103455]]}},{"type":"Feature","properties":{},"geometry":{"type":"LineString","coordinates":[[77.720507,13.026284],[77.720507,13.026354]]}},{"type":"Feature","properties":{},"geometry":{"type":"LineString","coordinates":[[77.639496,12.926552],[77.640813,12.929037]]}},{"type":"Feature","properties":{},"geometry":{"type":"LineString","coordinates":[[77.638684,12.924449],[77.639031,12.926697]]}},{"type":"Feature","properties":{},"geometry":{"type":"LineString","coordinates":[[77.640813,12.929037],[77.638565,12.930151],[77.63817,12.930155],[77.637885,12.930298]]}},{"type":"Feature","properties":{},"geometry":{"type":"LineString","coordinates":[[77.638472,12.931524],[77.639278,12.933135]]}},{"type":"Feature","properties":{},"geometry":{"type":"LineString","coordinates":[[77.639278,12.933135],[77.642036,12.936168],[77.63676,12.939353]]}},{"type":"Feature","properties":{},"geometry":{"type":"LineString","coordinates":[[77.63676,12.939353],[77.640307,12.945687]]}},{"type":"Feature","properties":{},"geometry":{"type":"LineString","coordinates":[[77.641881,12.945284],[77.64038,12.945827]]}},{"type":"Feature","properties":{},"geometry":{"type":"LineString","coordinates":[[77.639031,12.926697],[77.639496,12.926552]]}},{"type":"Feature","properties":{},"geometry":{"type":"LineString","coordinates":[[77.637885,12.930298],[77.638472,12.931524]]}},{"type":"Feature","properties":{},"geometry":{"type":"LineString","coordinates":[[77.640307,12.945687],[77.641879,12.945108]]}},{"type":"Feature","properties":{},"geometry":{"type":"LineString","coordinates":[[77.641879,12.945108],[77.641881,12.945284]]}},{"type":"Feature","properties":{},"geometry":{"type":"LineString","coordinates":[[77.64038,12.945827],[77.640455,12.946143]]}},{"type":"Feature","properties":{},"geometry":{"type":"LineString","coordinates":[[77.487687,12.975589],[77.487755,12.975236],[77.487896,12.974918],[77.487858,12.974778],[77.487855,12.974461],[77.487774,12.973512],[77.487734,12.973125],[77.487764,12.972526]]}},{"type":"Feature","properties":{},"geometry":{"type":"LineString","coordinates":[[77.487764,12.972526],[77.487798,12.972315],[77.487901,12.971856],[77.488077,12.971503],[77.488076,12.971433],[77.488075,12.971327],[77.488037,12.971116],[77.488036,12.971011]]}},{"type":"Feature","properties":{},"geometry":{"type":"LineString","coordinates":[[77.490604,12.976652],[77.489492,12.976698],[77.489573,12.977577],[77.489035,12.977652]]}},{"type":"Feature","properties":{},"geometry":{"type":"LineString","coordinates":[[77.488146,12.967631],[77.488184,12.967842],[77.488116,12.968159],[77.487868,12.968513],[77.487766,12.969113],[77.487842,12.96957],[77.487924,12.970519],[77.487999,12.97087],[77.488036,12.971011]]}},{"type":"Feature","properties":{},"geometry":{"type":"LineString","coordinates":[[77.488146,12.967631],[77.487774,12.966262]]}},{"type":"Feature","properties":{},"geometry":{"type":"LineString","coordinates":[[77.641236,12.94536],[77.641263,12.944445]]}},{"type":"Feature","properties":{},"geometry":{"type":"LineString","coordinates":[[77.511085,12.997148],[77.510705,12.995005],[77.510554,12.994267],[77.510401,12.993283],[77.508315,12.992846],[77.507343,12.992609],[77.506085,12.99234],[77.505832,12.992237],[77.505652,12.992168],[77.504392,12.991758],[77.502808,12.991245],[77.501475,12.990765],[77.498631,12.989807]]}},{"type":"Feature","properties":{},"geometry":{"type":"LineString","coordinates":[[77.499387,12.990082],[77.499363,12.991243],[77.49937,12.992017],[77.499373,12.992299],[77.499304,12.992546],[77.499305,12.992616],[77.499601,12.993528],[77.499825,12.994371],[77.500084,12.995143],[77.500159,12.995494]]}},{"type":"Feature","properties":{},"geometry":{"type":"LineString","coordinates":[[77.500309,12.996126],[77.499022,12.996631]]}},{"type":"Feature","properties":{},"geometry":{"type":"LineString","coordinates":[[77.628674,13.05387],[77.628637,13.053765]]}},{"type":"Feature","properties":{},"geometry":{"type":"LineString","coordinates":[[77.629175,13.053724],[77.628781,13.053834],[77.628674,13.05387]]}},{"type":"Feature","properties":{},"geometry":{"type":"LineString","coordinates":[[77.628674,13.05387],[77.62871,13.053905]]}},{"type":"Feature","properties":{},"geometry":{"type":"LineString","coordinates":[[77.631285,13.053034],[77.631213,13.053035],[77.630427,13.053325],[77.62964,13.053579]]}},{"type":"Feature","properties":{},"geometry":{"type":"LineString","coordinates":[[77.555607,13.086521],[77.555284,13.086559],[77.554136,13.086676]]}},{"type":"Feature","properties":{},"geometry":{"type":"LineString","coordinates":[[77.555678,13.086485],[77.555642,13.086521],[77.555607,13.086521]]}},{"type":"Feature","properties":{},"geometry":{"type":"LineString","coordinates":[[77.555678,13.08645],[77.555639,13.086169],[77.555566,13.086029],[77.555169,13.085892],[77.555061,13.085822]]}},{"type":"Feature","properties":{},"geometry":{"type":"LineString","coordinates":[[77.555658,13.088069],[77.555692,13.087822],[77.555724,13.08747],[77.555719,13.087012],[77.555678,13.08645]]}},{"type":"Feature","properties":{},"geometry":{"type":"LineString","coordinates":[[77.622331,13.058228],[77.62208,13.05823],[77.622081,13.058371]]}},{"type":"Feature","properties":{},"geometry":{"type":"LineString","coordinates":[[77.646831,13.023106],[77.646474,13.023286]]}},{"type":"Feature","properties":{},"geometry":{"type":"LineString","coordinates":[[77.634683,13.102581],[77.634141,13.105613]]}},{"type":"Feature","properties":{},"geometry":{"type":"LineString","coordinates":[[77.634925,13.101769],[77.63489,13.10184],[77.634821,13.102052],[77.634752,13.102334],[77.634753,13.102404]]}},{"type":"Feature","properties":{},"geometry":{"type":"LineString","coordinates":[[77.635892,13.101513],[77.635821,13.101584],[77.635248,13.101731],[77.634925,13.101769]]}},{"type":"Feature","properties":{},"geometry":{"type":"LineString","coordinates":[[77.634106,13.105754],[77.633972,13.1066],[77.633835,13.10727],[77.633768,13.107693],[77.633564,13.108786],[77.633642,13.109348],[77.633684,13.10991],[77.633798,13.110543]]}},{"type":"Feature","properties":{},"geometry":{"type":"LineString","coordinates":[[77.633798,13.110543],[77.633691,13.110614]]}},{"type":"Feature","properties":{},"geometry":{"type":"LineString","coordinates":[[77.634071,13.10586],[77.633528,13.108786],[77.633606,13.109348],[77.633647,13.109876]]}},{"type":"Feature","properties":{},"geometry":{"type":"LineString","coordinates":[[77.6338,13.110718],[77.63391,13.110928],[77.634169,13.11163]]}},{"type":"Feature","properties":{},"geometry":{"type":"LineString","coordinates":[[77.633647,13.109876],[77.633684,13.10991],[77.633762,13.110543]]}},{"type":"Feature","properties":{},"geometry":{"type":"LineString","coordinates":[[77.628377,13.063093],[77.628305,13.063164]]}},{"type":"Feature","properties":{},"geometry":{"type":"LineString","coordinates":[[77.629549,13.06192],[77.629513,13.061955]]}},{"type":"Feature","properties":{},"geometry":{"type":"LineString","coordinates":[[77.628999,13.06087],[77.62922,13.06136]]}},{"type":"Feature","properties":{},"geometry":{"type":"LineString","coordinates":[[77.628305,13.063164],[77.628127,13.063306]]}},{"type":"Feature","properties":{},"geometry":{"type":"LineString","coordinates":[[77.628268,13.063059],[77.628231,13.062954]]}},{"type":"Feature","properties":{},"geometry":{"type":"LineString","coordinates":[[77.628305,13.063164],[77.628268,13.063059]]}},{"type":"Feature","properties":{},"geometry":{"type":"LineString","coordinates":[[77.629513,13.061955],[77.629477,13.06192]]}},{"type":"Feature","properties":{},"geometry":{"type":"LineString","coordinates":[[77.633619,13.066699],[77.633599,13.064729]]}},{"type":"Feature","properties":{},"geometry":{"type":"LineString","coordinates":[[77.633197,13.074269],[77.633054,13.07427],[77.63283,13.073463],[77.63279,13.073077]]}},{"type":"Feature","properties":{},"geometry":{"type":"LineString","coordinates":[[77.633628,13.074229],[77.633197,13.074269]]}},{"type":"Feature","properties":{},"geometry":{"type":"LineString","coordinates":[[77.633663,13.074194],[77.633628,13.074229]]}},{"type":"Feature","properties":{},"geometry":{"type":"LineString","coordinates":[[77.621672,13.12154],[77.62196,13.121537],[77.62257,13.121566],[77.623468,13.121627],[77.62372,13.121624],[77.623899,13.121623],[77.62433,13.121653],[77.624654,13.121685],[77.624905,13.121683],[77.625121,13.121681]]}},{"type":"Feature","properties":{},"geometry":{"type":"LineString","coordinates":[[77.619444,13.121351],[77.619804,13.121383],[77.620199,13.121449],[77.620846,13.121478],[77.620918,13.121512]]}},{"type":"Feature","properties":{},"geometry":{"type":"LineString","coordinates":[[77.618833,13.121287],[77.618474,13.121256]]}},{"type":"Feature","properties":{},"geometry":{"type":"LineString","coordinates":[[77.619444,13.121351],[77.618833,13.121287]]}},{"type":"Feature","properties":{},"geometry":{"type":"LineString","coordinates":[[77.630652,13.121906],[77.630935,13.121551]]}},{"type":"Feature","properties":{},"geometry":{"type":"LineString","coordinates":[[77.626019,13.121777],[77.626235,13.121775],[77.626343,13.121809],[77.626558,13.121807],[77.626882,13.121838],[77.62724,13.121835],[77.627276,13.121834],[77.627492,13.121867],[77.627708,13.121865],[77.627923,13.121898],[77.628426,13.121893],[77.630439,13.122119],[77.630652,13.121906]]}},{"type":"Feature","properties":{},"geometry":{"type":"LineString","coordinates":[[77.654644,13.035588],[77.654722,13.036115],[77.654759,13.036256],[77.654907,13.036641]]}},{"type":"Feature","properties":{},"geometry":{"type":"LineString","coordinates":[[77.654379,13.034219],[77.654415,13.034289],[77.654491,13.034675],[77.654567,13.035061],[77.654568,13.035167],[77.654644,13.035588]]}},{"type":"Feature","properties":{},"geometry":{"type":"LineString","coordinates":[[77.58037,13.130579],[77.580335,13.13072],[77.580054,13.131321],[77.579843,13.131675]]}},{"type":"Feature","properties":{},"geometry":{"type":"LineString","coordinates":[[77.576033,13.131291],[77.576355,13.131182],[77.576606,13.13118]]}},{"type":"Feature","properties":{},"geometry":{"type":"LineString","coordinates":[[77.575997,13.131291],[77.575889,13.131328],[77.575817,13.131293],[77.575457,13.131191],[77.575349,13.131192]]}},{"type":"Feature","properties":{},"geometry":{"type":"LineString","coordinates":[[77.557337,13.090691],[77.557012,13.090484]]}},{"type":"Feature","properties":{},"geometry":{"type":"LineString","coordinates":[[77.556619,13.090663],[77.556584,13.090769],[77.556516,13.091122],[77.556449,13.09158],[77.556381,13.092038],[77.556241,13.092356],[77.555992,13.092605],[77.555957,13.092641]]}},{"type":"Feature","properties":{},"geometry":{"type":"LineString","coordinates":[[77.555457,13.092927],[77.555707,13.092749],[77.555957,13.092641]]}},{"type":"Feature","properties":{},"geometry":{"type":"LineString","coordinates":[[77.55535,13.092999],[77.555457,13.092927]]}},{"type":"Feature","properties":{},"geometry":{"type":"LineString","coordinates":[[77.55489,13.093672],[77.554855,13.093742],[77.554785,13.093849],[77.554643,13.094061],[77.554608,13.094097]]}},{"type":"Feature","properties":{},"geometry":{"type":"LineString","coordinates":[[77.55535,13.092999],[77.55528,13.093105],[77.554996,13.093495],[77.55489,13.093672]]}},{"type":"Feature","properties":{},"geometry":{"type":"LineString","coordinates":[[77.633807,13.077571],[77.633967,13.079152],[77.634121,13.080136]]}},{"type":"Feature","properties":{},"geometry":{"type":"LineString","coordinates":[[77.634197,13.080558],[77.634236,13.080839],[77.634274,13.080979],[77.634351,13.081541],[77.63443,13.082174],[77.634506,13.082631],[77.634699,13.083825],[77.634852,13.084703]]}},{"type":"Feature","properties":{},"geometry":{"type":"LineString","coordinates":[[77.633735,13.077571],[77.633773,13.077782],[77.633813,13.078204]]}},{"type":"Feature","properties":{},"geometry":{"type":"LineString","coordinates":[[77.633932,13.079258],[77.633931,13.079153],[77.633855,13.078766],[77.633816,13.078415],[77.633813,13.078204]]}},{"type":"Feature","properties":{},"geometry":{"type":"LineString","coordinates":[[77.633933,13.079329],[77.634047,13.079926],[77.634085,13.080136]]}},{"type":"Feature","properties":{},"geometry":{"type":"LineString","coordinates":[[77.634126,13.080593],[77.634164,13.080839]]}},{"type":"Feature","properties":{},"geometry":{"type":"LineString","coordinates":[[77.634164,13.080839],[77.634434,13.082526],[77.634548,13.083193],[77.634626,13.08372],[77.634664,13.083896]]}},{"type":"Feature","properties":{},"geometry":{"type":"LineString","coordinates":[[77.634664,13.083896],[77.634665,13.084037],[77.634702,13.084177],[77.634779,13.084598]]}},{"type":"Feature","properties":{},"geometry":{"type":"LineString","coordinates":[[77.634779,13.084598],[77.63478,13.084704]]}},{"type":"Feature","properties":{},"geometry":{"type":"LineString","coordinates":[[77.556867,13.090344],[77.556538,13.089855],[77.556284,13.089505]]}},{"type":"Feature","properties":{},"geometry":{"type":"LineString","coordinates":[[77.556284,13.089505],[77.556029,13.089156],[77.55592,13.089016],[77.555772,13.088666]]}},{"type":"Feature","properties":{},"geometry":{"type":"LineString","coordinates":[[77.555772,13.088666],[77.555735,13.08849],[77.555697,13.08828],[77.555659,13.088104],[77.555658,13.088069]]}},{"type":"Feature","properties":{},"geometry":{"type":"LineString","coordinates":[[77.646831,13.023106],[77.648046,13.022601]]}},{"type":"Feature","properties":{},"geometry":{"type":"LineString","coordinates":[[77.643367,13.024655],[77.643442,13.025041],[77.643442,13.025041]]}},{"type":"Feature","properties":{},"geometry":{"type":"LineString","coordinates":[[77.641188,13.025627],[77.641116,13.025663]]}},{"type":"Feature","properties":{},"geometry":{"type":"LineString","coordinates":[[77.643367,13.024655],[77.643117,13.024763]]}},{"type":"Feature","properties":{},"geometry":{"type":"LineString","coordinates":[[77.646831,13.023106],[77.646868,13.023211]]}},{"type":"Feature","properties":{},"geometry":{"type":"LineString","coordinates":[[77.650404,13.021556],[77.65044,13.021591],[77.650551,13.021872],[77.650697,13.022187]]}},{"type":"Feature","properties":{},"geometry":{"type":"LineString","coordinates":[[77.643367,13.02469],[77.643831,13.024474]]}},{"type":"Feature","properties":{},"geometry":{"type":"LineString","coordinates":[[77.635859,13.09166],[77.636032,13.094474],[77.63604,13.095177],[77.636018,13.096515],[77.635955,13.09729],[77.635719,13.09877],[77.635616,13.099228],[77.635306,13.100428],[77.635097,13.101063]]}},{"type":"Feature","properties":{},"geometry":{"type":"LineString","coordinates":[[77.570185,13.114493],[77.570436,13.114491]]}},{"type":"Feature","properties":{},"geometry":{"type":"LineString","coordinates":[[77.569754,13.114462],[77.569394,13.114431]]}},{"type":"Feature","properties":{},"geometry":{"type":"LineString","coordinates":[[77.568245,13.114407],[77.567923,13.114481],[77.56778,13.114517],[77.567529,13.11459],[77.567065,13.114806],[77.566743,13.11495],[77.566242,13.115131],[77.565956,13.115239],[77.565659,13.114257]]}},{"type":"Feature","properties":{},"geometry":{"type":"LineString","coordinates":[[77.565705,13.108344],[77.565635,13.108486],[77.565493,13.108698],[77.565388,13.108911]]}},{"type":"Feature","properties":{},"geometry":{"type":"LineString","coordinates":[[77.570401,13.114526],[77.569754,13.114462]]}},{"type":"Feature","properties":{},"geometry":{"type":"LineString","coordinates":[[77.632789,13.059459],[77.632853,13.058719]]}},{"type":"Feature","properties":{},"geometry":{"type":"LineString","coordinates":[[77.641976,13.069464],[77.641902,13.069183]]}},{"type":"Feature","properties":{},"geometry":{"type":"LineString","coordinates":[[77.650506,13.037918],[77.650505,13.037777],[77.652729,13.037719],[77.653411,13.037677]]}},{"type":"Feature","properties":{},"geometry":{"type":"LineString","coordinates":[[77.641116,13.025663],[77.640866,13.025771],[77.640616,13.025879]]}},{"type":"Feature","properties":{},"geometry":{"type":"LineString","coordinates":[[77.638182,13.026432],[77.637644,13.026543]]}},{"type":"Feature","properties":{},"geometry":{"type":"LineString","coordinates":[[77.571965,13.130311],[77.573481,13.13107],[77.573662,13.131174],[77.573734,13.131208],[77.573877,13.131207],[77.573949,13.131206],[77.574021,13.131205],[77.574236,13.131168],[77.574344,13.131167],[77.574523,13.13113],[77.574703,13.131128],[77.574774,13.131128],[77.574918,13.131126],[77.575026,13.131125],[77.575097,13.131124],[77.575098,13.13116]]}},{"type":"Feature","properties":{},"geometry":{"type":"LineString","coordinates":[[77.571568,13.130104],[77.571965,13.130311]]}},{"type":"Feature","properties":{},"geometry":{"type":"LineString","coordinates":[[77.653488,13.031518],[77.653339,13.030992]]}},{"type":"Feature","properties":{},"geometry":{"type":"LineString","coordinates":[[77.621672,13.12154],[77.620918,13.121512]]}},{"type":"Feature","properties":{},"geometry":{"type":"LineString","coordinates":[[77.617432,13.121161],[77.617899,13.121226],[77.618366,13.121257],[77.618438,13.121256]]}},{"type":"Feature","properties":{},"geometry":{"type":"LineString","coordinates":[[77.6253,13.121714],[77.625911,13.121743]]}},{"type":"Feature","properties":{},"geometry":{"type":"LineString","coordinates":[[77.6253,13.121714],[77.625121,13.121681]]}},{"type":"Feature","properties":{},"geometry":{"type":"LineString","coordinates":[[77.499022,12.996631],[77.498772,12.996739],[77.498772,12.996774],[77.498271,12.996955]]}},{"type":"Feature","properties":{},"geometry":{"type":"LineString","coordinates":[[77.500159,12.995494],[77.500308,12.99602]]}},{"type":"Feature","properties":{},"geometry":{"type":"LineString","coordinates":[[77.500308,12.99602],[77.500344,12.99609]]}},{"type":"Feature","properties":{},"geometry":{"type":"LineString","coordinates":[[77.500309,12.996126],[77.500344,12.99609]]}},{"type":"Feature","properties":{},"geometry":{"type":"LineString","coordinates":[[77.498271,12.996955],[77.497914,12.997099],[77.497879,12.997135],[77.497806,12.997065]]}},{"type":"Feature","properties":{},"geometry":{"type":"LineString","coordinates":[[77.497806,12.997065],[77.497552,12.996751],[77.497297,12.996401]]}},{"type":"Feature","properties":{},"geometry":{"type":"LineString","coordinates":[[77.497297,12.996401],[77.496933,12.995912]]}},{"type":"Feature","properties":{},"geometry":{"type":"LineString","coordinates":[[77.496933,12.995912],[77.496183,12.996306]]}},{"type":"Feature","properties":{},"geometry":{"type":"LineString","coordinates":[[77.496183,12.996306],[77.495855,12.995782]]}},{"type":"Feature","properties":{},"geometry":{"type":"LineString","coordinates":[[77.48949,12.998025],[77.489813,12.998092],[77.490208,12.998053],[77.490458,12.998015]]}},{"type":"Feature","properties":{},"geometry":{"type":"LineString","coordinates":[[77.489813,12.998092],[77.489814,12.998197]]}},{"type":"Feature","properties":{},"geometry":{"type":"LineString","coordinates":[[77.489814,12.998197],[77.489853,12.998514]]}},{"type":"Feature","properties":{},"geometry":{"type":"LineString","coordinates":[[77.48949,12.998025],[77.48956,12.997883],[77.489631,12.997777],[77.489665,12.997636],[77.4897,12.99753],[77.489733,12.997248],[77.489766,12.997001],[77.489689,12.996439],[77.48965,12.996158],[77.489613,12.996017]]}},{"type":"Feature","properties":{},"geometry":{"type":"LineString","coordinates":[[77.489613,12.996017],[77.48961,12.995666],[77.489389,12.995175]]}},{"type":"Feature","properties":{},"geometry":{"type":"LineString","coordinates":[[77.489389,12.995175],[77.489243,12.99486],[77.489059,12.994404],[77.488985,12.994193],[77.488911,12.994018],[77.488837,12.993808],[77.4888,12.993703]]}},{"type":"Feature","properties":{},"geometry":{"type":"LineString","coordinates":[[77.487631,12.991567],[77.48738,12.991605],[77.486735,12.991752]]}},{"type":"Feature","properties":{},"geometry":{"type":"LineString","coordinates":[[77.486735,12.991752],[77.486234,12.991862]]}},{"type":"Feature","properties":{},"geometry":{"type":"LineString","coordinates":[[77.486234,12.991862],[77.485196,12.992153]]}},{"type":"Feature","properties":{},"geometry":{"type":"LineString","coordinates":[[77.485232,12.992153],[77.485119,12.991626]]}},{"type":"Feature","properties":{},"geometry":{"type":"LineString","coordinates":[[77.485119,12.991626],[77.485081,12.991345],[77.485112,12.990922],[77.485179,12.990394],[77.485174,12.989936],[77.48517,12.989479],[77.485168,12.989338],[77.485165,12.989022],[77.485126,12.98874]]}},{"type":"Feature","properties":{},"geometry":{"type":"LineString","coordinates":[[77.498631,12.989807],[77.495966,12.988883],[77.495029,12.98854],[77.493805,12.988129],[77.492653,12.987718],[77.491968,12.987478],[77.491032,12.987171]]}},{"type":"Feature","properties":{},"geometry":{"type":"LineString","coordinates":[[77.492653,12.987718],[77.492731,12.988351],[77.492769,12.988632],[77.492738,12.989055],[77.492778,12.989547],[77.492744,12.989723],[77.49271,12.989864],[77.492604,12.990006],[77.492497,12.990077],[77.491423,12.990369],[77.491137,12.990442],[77.49085,12.99048],[77.490276,12.990521],[77.489989,12.990559],[77.489738,12.990597],[77.489273,12.990742],[77.489094,12.990779],[77.488771,12.990747],[77.487728,12.99051],[77.487297,12.990444],[77.487263,12.990691],[77.487302,12.990972],[77.487412,12.991252],[77.487486,12.991428],[77.487631,12.991567],[77.487703,12.991637],[77.487775,12.991671],[77.487921,12.991881],[77.488066,12.99202],[77.488066,12.992056],[77.488139,12.992125],[77.488212,12.992265],[77.488285,12.99237],[77.488359,12.992581],[77.488395,12.992615],[77.48847,12.992931],[77.48858,12.993177],[77.488616,12.993247],[77.48869,12.993422],[77.4888,12.993703],[77.488838,12.993878],[77.488948,12.994088],[77.489059,12.994404],[77.489133,12.99465],[77.489243,12.994895],[77.489353,12.99514],[77.489463,12.995315],[77.489574,12.995666],[77.489612,12.995947],[77.489651,12.996193],[77.489692,12.996721],[77.489731,12.997002],[77.489732,12.997178],[77.4897,12.997495],[77.489665,12.997636],[77.489631,12.997777],[77.48956,12.997918],[77.48949,12.998025],[77.489418,12.998096],[77.489207,12.99852],[77.489067,12.998803],[77.488962,12.999085],[77.488752,12.999615],[77.488717,12.999686],[77.488648,13.000004],[77.488616,13.000426],[77.488584,13.000743],[77.488515,13.001061],[77.488344,13.001907],[77.48831,13.002118],[77.488277,13.0024]]}},{"type":"Feature","properties":{},"geometry":{"type":"LineString","coordinates":[[77.636132,12.961494],[77.636133,12.961564]]}},{"type":"Feature","properties":{},"geometry":{"type":"LineString","coordinates":[[77.536419,12.86905],[77.536383,12.869051],[77.536168,12.869088],[77.535667,12.869163],[77.535308,12.869132],[77.535164,12.869098],[77.534805,12.869066],[77.534446,12.86907],[77.534231,12.869107],[77.53416,12.869108]]}},{"type":"Feature","properties":{},"geometry":{"type":"LineString","coordinates":[[77.536419,12.86905],[77.537145,12.869923],[77.537182,12.869993],[77.537508,12.870377],[77.537835,12.870761],[77.537946,12.871112],[77.538019,12.871217],[77.538636,12.871985],[77.538709,12.87202],[77.538816,12.872019],[77.538852,12.872053],[77.539179,12.872437],[77.539179,12.872473],[77.539358,12.872436]]}},{"type":"Feature","properties":{},"geometry":{"type":"LineString","coordinates":[[77.62475,12.881799],[77.624749,12.881623],[77.624551,12.879865],[77.624584,12.879584],[77.624081,12.879518],[77.623974,12.879519],[77.623934,12.879133],[77.620386,12.879415],[77.620304,12.87843],[77.620191,12.877903],[77.619761,12.878013],[77.619259,12.878018],[77.619223,12.877948],[77.619187,12.877984],[77.619075,12.877598],[77.619075,12.877563],[77.618608,12.877462],[77.618428,12.877428],[77.618249,12.87743],[77.618176,12.87736],[77.617773,12.87652],[77.617772,12.876379],[77.617624,12.875994],[77.616908,12.876071],[77.616707,12.874067],[77.616626,12.873118]]}},{"type":"Feature","properties":{},"geometry":{"type":"LineString","coordinates":[[77.616626,12.873118],[77.616424,12.870938],[77.616141,12.867844],[77.616678,12.867769],[77.617116,12.868503],[77.618548,12.868243],[77.619622,12.868056],[77.61947,12.867283],[77.619973,12.867313],[77.620187,12.867241],[77.62058,12.867096],[77.620435,12.866887],[77.620253,12.866607],[77.619744,12.866014],[77.619563,12.86584],[77.619022,12.865528],[77.618517,12.865252],[77.617975,12.864835],[77.617431,12.864348],[77.617323,12.864243],[77.616998,12.864035],[77.616564,12.863723]]}},{"type":"Feature","properties":{},"geometry":{"type":"LineString","coordinates":[[77.599554,12.859282],[77.599518,12.859283],[77.599303,12.859285],[77.598765,12.859325],[77.59855,12.859327],[77.598442,12.859293],[77.598406,12.859294],[77.59837,12.859259],[77.598332,12.859048],[77.596971,12.859273],[77.596935,12.859203],[77.596934,12.859167],[77.596898,12.859168],[77.596827,12.859169],[77.595574,12.859462],[77.59518,12.859502],[77.595107,12.859362],[77.594925,12.859082],[77.594707,12.858838],[77.594634,12.858698],[77.594525,12.858593],[77.594311,12.85863],[77.593989,12.858704],[77.593738,12.858742],[77.593523,12.858814],[77.593237,12.858887],[77.593167,12.858994],[77.593131,12.859029],[77.592737,12.859103],[77.59263,12.859104],[77.592486,12.859106],[77.592447,12.858754],[77.592411,12.85872],[77.592375,12.85872],[77.591586,12.858763],[77.591049,12.858839],[77.590333,12.858951],[77.590117,12.858918],[77.589289,12.858574],[77.589181,12.85854],[77.589037,12.858507]]}},{"type":"Feature","properties":{},"geometry":{"type":"LineString","coordinates":[[77.599758,12.861673],[77.599718,12.861322],[77.599674,12.860548],[77.599632,12.85995],[77.599554,12.859282]]}},{"type":"Feature","properties":{},"geometry":{"type":"LineString","coordinates":[[77.672851,12.89208],[77.672887,12.892115],[77.673568,12.892037],[77.673607,12.892354],[77.673682,12.892705],[77.673756,12.89288],[77.673794,12.893055],[77.674052,12.893757],[77.674125,12.893826],[77.674457,12.894738],[77.674569,12.895124],[77.674642,12.895264],[77.674753,12.895614],[77.67516,12.896736],[77.675345,12.897297],[77.675421,12.897719],[77.675427,12.898282],[77.675433,12.89881],[77.675444,12.89983],[77.675484,12.900217],[77.675565,12.90106],[77.675644,12.901798],[77.675685,12.902291],[77.675723,12.902501],[77.675831,12.902465],[77.675938,12.902429],[77.67626,12.90232],[77.676688,12.902175],[77.677046,12.902066],[77.677439,12.901956],[77.678191,12.901772],[77.678263,12.901807],[77.678335,12.901876],[77.678337,12.902017],[77.678488,12.902719],[77.678564,12.903106],[77.678677,12.903632],[77.679787,12.903445],[77.679824,12.903585],[77.68011,12.903512],[77.680192,12.904426],[77.681949,12.904338],[77.681993,12.905182],[77.682035,12.905709],[77.682114,12.906412],[77.682121,12.907045],[77.682198,12.907537],[77.682272,12.907783],[77.68242,12.908168],[77.682642,12.908799],[77.683035,12.90869],[77.683465,12.908615],[77.683716,12.908612],[77.683978,12.909665],[77.684016,12.909841],[77.684382,12.910506],[77.684455,12.910681],[77.684384,12.910682],[77.684457,12.910787]]}},{"type":"Feature","properties":{},"geometry":{"type":"LineString","coordinates":[[77.684457,12.910787],[77.6851,12.910534]]}},{"type":"Feature","properties":{},"geometry":{"type":"LineString","coordinates":[[77.685502,12.911304],[77.685503,12.911339],[77.685576,12.911444],[77.685649,12.911619],[77.685723,12.911794],[77.686419,12.913159],[77.687346,12.912657],[77.687638,12.913111],[77.687854,12.913215],[77.687927,12.913249],[77.687966,12.913601],[77.688041,12.913917],[77.688614,12.91377],[77.688765,12.914507],[77.688915,12.915139],[77.689168,12.915312],[77.689311,12.915276],[77.689886,12.915305],[77.690388,12.91537],[77.69125,12.915432],[77.692004,12.915459],[77.693153,12.915588],[77.694266,12.915717],[77.695488,12.915881],[77.696315,12.916048],[77.696637,12.916045],[77.696995,12.915936],[77.697496,12.91579],[77.698211,12.915641],[77.698497,12.915533],[77.698676,12.915496]]}},{"type":"Feature","properties":{},"geometry":{"type":"LineString","coordinates":[[77.674052,12.893757],[77.673909,12.893758],[77.673191,12.89373],[77.672904,12.893733],[77.672258,12.893669],[77.671541,12.893677],[77.671397,12.893713],[77.671473,12.894064],[77.671623,12.894731],[77.671698,12.895012],[77.671411,12.89498],[77.671268,12.895017],[77.671017,12.895054],[77.670874,12.895126],[77.670768,12.895198],[77.670447,12.895447],[77.670412,12.895448],[77.670162,12.895591],[77.670091,12.895627],[77.669627,12.895878],[77.669484,12.895915],[77.669413,12.89595],[77.669306,12.896057],[77.669164,12.896234],[77.669165,12.89627],[77.668987,12.896447],[77.668738,12.896626],[77.668454,12.89691],[77.66817,12.89716],[77.6681,12.897301],[77.667852,12.897655],[77.667323,12.89847],[77.667181,12.898612],[77.667111,12.898824],[77.667113,12.89893],[77.66708,12.899212],[77.6669,12.899213],[77.667026,12.900866],[77.666954,12.900867],[77.666702,12.900834],[77.666666,12.900834],[77.666451,12.900801],[77.666164,12.90084],[77.666057,12.900841],[77.665914,12.900948],[77.665879,12.901018],[77.665881,12.901159],[77.66592,12.90144],[77.665922,12.901651],[77.665923,12.901722],[77.66596,12.901862],[77.665997,12.902003],[77.666071,12.902213],[77.666074,12.902424],[77.666075,12.9026],[77.666114,12.902846],[77.666115,12.902916],[77.666261,12.903161],[77.66637,12.903301],[77.666371,12.903406],[77.666335,12.903442],[77.6663,12.903442],[77.666264,12.903443],[77.666228,12.903443],[77.666229,12.903513],[77.666229,12.903548],[77.666229,12.903584],[77.666159,12.903725],[77.666088,12.903831],[77.666054,12.904008],[77.66602,12.904184],[77.666058,12.90436],[77.666096,12.904535],[77.666097,12.904641],[77.666136,12.904887],[77.666174,12.905132],[77.666211,12.905202],[77.666176,12.905344],[77.666177,12.905379],[77.666106,12.90545],[77.666,12.905592],[77.666,12.905662],[77.665966,12.905768],[77.665933,12.906085],[77.66579,12.906086],[77.665835,12.906966],[77.665916,12.907845],[77.665522,12.907884],[77.6656,12.908516],[77.66564,12.908868],[77.665715,12.909184],[77.665752,12.909359],[77.665789,12.909429],[77.665899,12.909675],[77.666264,12.910234],[77.666409,12.910408],[77.666446,12.910478],[77.666592,12.910688],[77.666701,12.910863],[77.666811,12.911038],[77.66692,12.911212],[77.667029,12.911352],[77.667102,12.911457],[77.667102,12.911492],[77.667103,12.911527],[77.667067,12.911528],[77.667031,12.911563],[77.666996,12.911634],[77.667033,12.911704],[77.667253,12.912194],[77.667364,12.91244],[77.667547,12.91286],[77.667694,12.913175],[77.667878,12.91356],[77.668025,12.913946],[77.668135,12.914191],[77.668209,12.914366],[77.668319,12.914611],[77.668576,12.915137],[77.668612,12.915171],[77.668005,12.915459],[77.66747,12.915676],[77.667544,12.915886],[77.667727,12.916236],[77.667984,12.916832],[77.668131,12.917182],[77.668242,12.917427],[77.66839,12.917883],[77.668574,12.918339],[77.668721,12.918689],[77.668758,12.918724],[77.669509,12.918505],[77.669583,12.918751],[77.669765,12.918995],[77.669983,12.919274],[77.670056,12.919379],[77.670093,12.919449],[77.670129,12.919554]]}},{"type":"Feature","properties":{},"geometry":{"type":"LineString","coordinates":[[77.670129,12.919554],[77.670239,12.919694],[77.670422,12.920044],[77.670532,12.920289],[77.670715,12.920639],[77.670898,12.920954],[77.671188,12.921303],[77.671441,12.921441],[77.671657,12.921509],[77.671729,12.921579],[77.671766,12.921649],[77.671877,12.921929],[77.671951,12.92214],[77.672096,12.922349],[77.672351,12.922699],[77.672424,12.922839],[77.672497,12.922908],[77.672569,12.922908],[77.67282,12.922905],[77.673035,12.922903],[77.673071,12.922902],[77.673357,12.922864],[77.67368,12.922826],[77.674002,12.922752],[77.674003,12.922823],[77.674004,12.922963],[77.674006,12.923174],[77.674045,12.923455],[77.674049,12.923807],[77.673941,12.923773],[77.673833,12.923739],[77.673799,12.92388],[77.673765,12.924092],[77.673766,12.924197],[77.673767,12.924303]]}},{"type":"Feature","properties":{},"geometry":{"type":"LineString","coordinates":[[77.652476,12.881731],[77.652475,12.881695],[77.652404,12.881731],[77.652333,12.881838],[77.652263,12.881979],[77.652157,12.882086],[77.652015,12.882228],[77.651872,12.882335],[77.651728,12.882266],[77.651331,12.881988],[77.650902,12.882169],[77.65008,12.882423],[77.649329,12.882642],[77.649691,12.88292],[77.649799,12.883024],[77.649835,12.883024],[77.649622,12.883237],[77.649297,12.882994],[77.649013,12.883314],[77.64873,12.883634]]}},{"type":"Feature","properties":{},"geometry":{"type":"LineString","coordinates":[[77.64873,12.883634],[77.648587,12.883705],[77.648767,12.883809],[77.64884,12.883844],[77.64884,12.883914],[77.648842,12.884055],[77.64888,12.884265],[77.648882,12.884512],[77.648884,12.884688],[77.648885,12.884793],[77.648922,12.884863],[77.648922,12.884898],[77.64896,12.885039],[77.648961,12.885179],[77.648965,12.885531],[77.649039,12.885742],[77.649041,12.885918]]}},{"type":"Feature","properties":{},"geometry":{"type":"LineString","coordinates":[[77.685502,12.911304],[77.685135,12.910498],[77.6851,12.910534]]}},{"type":"Feature","properties":{},"geometry":{"type":"LineString","coordinates":[[77.599758,12.861673],[77.599758,12.861708],[77.599937,12.861707]]}},{"type":"Feature","properties":{},"geometry":{"type":"LineString","coordinates":[[77.599758,12.861673],[77.599722,12.861674],[77.599723,12.861744],[77.599758,12.861744],[77.599938,12.861742],[77.599937,12.861707]]}},{"type":"Feature","properties":{},"geometry":{"type":"LineString","coordinates":[[77.62475,12.881799],[77.624753,12.882045]]}},{"type":"Feature","properties":{},"geometry":{"type":"LineString","coordinates":[[77.589037,12.858507],[77.588965,12.858507]]}},{"type":"Feature","properties":{},"geometry":{"type":"LineString","coordinates":[[77.599937,12.861707],[77.60026,12.861703],[77.601048,12.861625],[77.603556,12.861319],[77.604344,12.861241],[77.606242,12.86094],[77.606269,12.860095],[77.607917,12.859938],[77.611249,12.859553],[77.611061,12.858746],[77.611276,12.858708],[77.611813,12.858597],[77.611849,12.858667]]}},{"type":"Feature","properties":{},"geometry":{"type":"LineString","coordinates":[[77.616564,12.863723],[77.616384,12.863619]]}},{"type":"Feature","properties":{},"geometry":{"type":"LineString","coordinates":[[77.616384,12.863619],[77.615915,12.863342],[77.615518,12.8631],[77.614975,12.862648]]}},{"type":"Feature","properties":{},"geometry":{"type":"LineString","coordinates":[[77.614685,12.862369],[77.614178,12.861882],[77.61313,12.861083],[77.612947,12.860768],[77.61269,12.860172],[77.611849,12.858667]]}},{"type":"Feature","properties":{},"geometry":{"type":"LineString","coordinates":[[77.614685,12.862369],[77.614975,12.862648]]}},{"type":"Feature","properties":{},"geometry":{"type":"LineString","coordinates":[[77.652476,12.881731],[77.653491,12.882811],[77.653563,12.882775]]}},{"type":"Feature","properties":{},"geometry":{"type":"LineString","coordinates":[[77.673767,12.924303],[77.673805,12.924443],[77.67334,12.924624]]}},{"type":"Feature","properties":{},"geometry":{"type":"LineString","coordinates":[[77.685598,12.910212],[77.68642,12.909887],[77.686956,12.90967],[77.687027,12.909634],[77.688635,12.909019],[77.689135,12.908838],[77.689385,12.908765],[77.689671,12.908692],[77.689779,12.908656],[77.690244,12.908545],[77.691102,12.90829],[77.692854,12.907815],[77.693391,12.907704],[77.693928,12.907592],[77.695466,12.90719]]}},{"type":"Feature","properties":{},"geometry":{"type":"LineString","coordinates":[[77.685206,12.910392],[77.685205,12.910357]]}},{"type":"Feature","properties":{},"geometry":{"type":"LineString","coordinates":[[77.685205,12.910357],[77.685598,12.910212]]}},{"type":"Feature","properties":{},"geometry":{"type":"LineString","coordinates":[[77.698676,12.915496],[77.698637,12.915215],[77.698634,12.914933],[77.698592,12.9143],[77.698552,12.913949],[77.698548,12.913597],[77.698508,12.913175],[77.698468,12.912789],[77.698318,12.912227],[77.697911,12.91107]]}},{"type":"Feature","properties":{},"geometry":{"type":"LineString","coordinates":[[77.699019,12.910672],[77.699019,12.910707],[77.69902,12.910742],[77.699056,12.910742],[77.69913,12.910987],[77.69924,12.911197],[77.699386,12.911442],[77.699422,12.911442],[77.700278,12.911046],[77.700957,12.910792],[77.700993,12.910792],[77.701141,12.911213],[77.701289,12.911598],[77.701325,12.911668],[77.701363,12.911809],[77.701438,12.912125],[77.701439,12.912195]]}},{"type":"Feature","properties":{},"geometry":{"type":"LineString","coordinates":[[77.698482,12.910818],[77.699143,12.912254]]}},{"type":"Feature","properties":{},"geometry":{"type":"LineString","coordinates":[[77.698555,12.910852],[77.698959,12.911763]]}},{"type":"Feature","properties":{},"geometry":{"type":"LineString","coordinates":[[77.698104,12.915643],[77.697782,12.915716],[77.696887,12.915937],[77.696601,12.91601],[77.693225,12.915587]]}},{"type":"Feature","properties":{},"geometry":{"type":"LineString","coordinates":[[77.698676,12.915496],[77.698714,12.915671],[77.699011,12.916618],[77.698764,12.916973],[77.698338,12.917435],[77.697629,12.918216],[77.696991,12.918891]]}},{"type":"Feature","properties":{},"geometry":{"type":"LineString","coordinates":[[77.698482,12.910818],[77.699269,12.910599],[77.700626,12.910057],[77.701163,12.909875],[77.701699,12.909694],[77.701844,12.909903],[77.701845,12.909939],[77.702847,12.909717],[77.703597,12.909463],[77.703954,12.909319],[77.704705,12.909065]]}},{"type":"Feature","properties":{},"geometry":{"type":"LineString","coordinates":[[77.699091,12.910671],[77.69927,12.910634],[77.699698,12.910454],[77.699912,12.910346],[77.700269,12.910201],[77.700626,12.910057],[77.70127,12.909839],[77.701627,12.90973],[77.701699,12.909729],[77.701955,12.910184],[77.702067,12.91057],[77.702215,12.91099],[77.70229,12.911306],[77.702433,12.911235],[77.702469,12.911305],[77.702617,12.911725]]}},{"type":"Feature","properties":{},"geometry":{"type":"LineString","coordinates":[[77.698555,12.910852],[77.69859,12.910817],[77.699091,12.910671]]}},{"type":"Feature","properties":{},"geometry":{"type":"LineString","coordinates":[[77.654844,12.868159],[77.653569,12.86972]]}},{"type":"Feature","properties":{},"geometry":{"type":"LineString","coordinates":[[77.654027,12.872319],[77.654024,12.872073],[77.654019,12.871616],[77.654048,12.870947],[77.654333,12.870803],[77.654405,12.870767],[77.654404,12.870732],[77.654404,12.870697],[77.654655,12.87073],[77.65505,12.870726],[77.655695,12.870649],[77.656841,12.870531],[77.657844,12.870416],[77.658382,12.870375],[77.658418,12.870375]]}},{"type":"Feature","properties":{},"geometry":{"type":"LineString","coordinates":[[77.654072,12.873269],[77.654036,12.873199],[77.654029,12.872531],[77.654027,12.872319]]}},{"type":"Feature","properties":{},"geometry":{"type":"LineString","coordinates":[[77.653428,12.870003],[77.653428,12.869933],[77.653463,12.869897],[77.653463,12.869897]]}},{"type":"Feature","properties":{},"geometry":{"type":"LineString","coordinates":[[77.655196,12.881175],[77.655122,12.88093],[77.655008,12.880333],[77.654969,12.880051],[77.654966,12.879735],[77.654886,12.878997],[77.654769,12.878118],[77.654803,12.877942]]}},{"type":"Feature","properties":{},"geometry":{"type":"LineString","coordinates":[[77.667567,12.874082],[77.667567,12.874117],[77.667819,12.87422],[77.668216,12.874427],[77.668432,12.874496]]}},{"type":"Feature","properties":{},"geometry":{"type":"LineString","coordinates":[[77.661189,12.871332],[77.661333,12.871366],[77.661765,12.871537],[77.662197,12.871674],[77.662557,12.871811],[77.662737,12.871844],[77.663386,12.872189],[77.663927,12.872465],[77.664396,12.872672],[77.664468,12.872706],[77.664937,12.872948],[77.665441,12.873189],[77.666018,12.873464],[77.666451,12.873671],[77.667567,12.874082]]}},{"type":"Feature","properties":{},"geometry":{"type":"LineString","coordinates":[[77.667567,12.874082],[77.667566,12.874047]]}},{"type":"Feature","properties":{},"geometry":{"type":"LineString","coordinates":[[77.668432,12.874496],[77.668467,12.87446]]}},{"type":"Feature","properties":{},"geometry":{"type":"LineString","coordinates":[[77.58911,12.858611],[77.58911,12.858647]]}},{"type":"Feature","properties":{},"geometry":{"type":"LineString","coordinates":[[77.58911,12.858611],[77.589109,12.858576],[77.589109,12.858576]]}},{"type":"Feature","properties":{},"geometry":{"type":"LineString","coordinates":[[77.589073,12.858541],[77.58911,12.858611]]}},{"type":"Feature","properties":{},"geometry":{"type":"LineString","coordinates":[[77.599723,12.861814],[77.599764,12.862307],[77.599804,12.862693],[77.599842,12.862904],[77.599809,12.863221],[77.59974,12.863433],[77.599634,12.863575],[77.599598,12.863575]]}},{"type":"Feature","properties":{},"geometry":{"type":"LineString","coordinates":[[77.667029,12.91473],[77.666919,12.91452],[77.666772,12.91417],[77.666552,12.913715],[77.666479,12.91361],[77.666333,12.91333],[77.665572,12.912599],[77.665572,12.912599]]}},{"type":"Feature","properties":{},"geometry":{"type":"LineString","coordinates":[[77.685205,12.910357],[77.684527,12.910645],[77.684491,12.910645],[77.684455,12.910611],[77.684418,12.910541]]}},{"type":"Feature","properties":{},"geometry":{"type":"LineString","coordinates":[[77.675724,12.902537],[77.675763,12.902888],[77.675801,12.903064],[77.67584,12.903309],[77.675843,12.903591],[77.67592,12.904118]]}},{"type":"Feature","properties":{},"geometry":{"type":"LineString","coordinates":[[77.67592,12.904118],[77.676,12.904891],[77.675896,12.905279],[77.675757,12.905633],[77.675689,12.905985],[77.675665,12.907112],[77.675705,12.907498],[77.675852,12.907849]]}},{"type":"Feature","properties":{},"geometry":{"type":"LineString","coordinates":[[77.675759,12.902466],[77.675794,12.90243]]}},{"type":"Feature","properties":{},"geometry":{"type":"LineString","coordinates":[[77.676262,12.909287],[77.676333,12.909181],[77.676329,12.908864],[77.675852,12.907849]]}},{"type":"Feature","properties":{},"geometry":{"type":"LineString","coordinates":[[77.667066,12.9148],[77.667433,12.915641],[77.667541,12.915605]]}},{"type":"Feature","properties":{},"geometry":{"type":"LineString","coordinates":[[77.675687,12.902467],[77.675759,12.902466]]}},{"type":"Feature","properties":{},"geometry":{"type":"LineString","coordinates":[[77.652404,12.881731],[77.652507,12.881273],[77.652506,12.881238],[77.652612,12.881025],[77.652682,12.880849],[77.652787,12.880637],[77.652893,12.88046],[77.652963,12.880353],[77.653561,12.879186],[77.653737,12.878832]]}},{"type":"Feature","properties":{},"geometry":{"type":"LineString","coordinates":[[77.58911,12.858611],[77.58911,12.858647]]}},{"type":"Feature","properties":{},"geometry":{"type":"LineString","coordinates":[[77.58911,12.858611],[77.589109,12.858576],[77.589109,12.858576]]}},{"type":"Feature","properties":{},"geometry":{"type":"LineString","coordinates":[[77.669546,12.918681],[77.670511,12.918284]]}},{"type":"Feature","properties":{},"geometry":{"type":"LineString","coordinates":[[77.696672,12.919317],[77.696602,12.919423],[77.696603,12.919494],[77.696358,12.920094],[77.695756,12.920839],[77.695508,12.921159],[77.695372,12.921793],[77.695337,12.921935],[77.69527,12.922357],[77.695136,12.923239],[77.694932,12.924296],[77.694899,12.924508],[77.694795,12.924896],[77.694799,12.925248],[77.694805,12.925811],[77.694844,12.926057],[77.694711,12.927114],[77.694712,12.927184],[77.694713,12.927219]]}},{"type":"Feature","properties":{},"geometry":{"type":"LineString","coordinates":[[77.653353,12.869617],[77.653316,12.869582],[77.653316,12.869547],[77.653316,12.869512]]}},{"type":"Feature","properties":{},"geometry":{"type":"LineString","coordinates":[[77.705633,12.908633],[77.705633,12.908668]]}},{"type":"Feature","properties":{},"geometry":{"type":"LineString","coordinates":[[77.695466,12.90719],[77.696181,12.906936],[77.696968,12.906717],[77.697862,12.906461],[77.698434,12.906279],[77.698577,12.906243],[77.698827,12.90617],[77.699647,12.905739],[77.701645,12.904663],[77.702323,12.904339],[77.702964,12.90398],[77.703179,12.903873],[77.703357,12.903765],[77.703892,12.903478],[77.703927,12.903443],[77.703963,12.903442]]}},{"type":"Feature","properties":{},"geometry":{"type":"LineString","coordinates":[[77.704035,12.903442],[77.704257,12.904073],[77.704403,12.904353],[77.704772,12.905299],[77.704883,12.905579],[77.705032,12.90607],[77.705105,12.90621]]}},{"type":"Feature","properties":{},"geometry":{"type":"LineString","coordinates":[[77.703963,12.903442],[77.704034,12.903371],[77.705104,12.902797],[77.705103,12.902727],[77.705674,12.902404]]}},{"type":"Feature","properties":{},"geometry":{"type":"LineString","coordinates":[[77.652543,12.881272],[77.652404,12.881766],[77.652299,12.881979],[77.652015,12.882263],[77.651801,12.882406]]}},{"type":"Feature","properties":{},"geometry":{"type":"LineString","coordinates":[[77.652764,12.868215],[77.652548,12.868182],[77.652261,12.868115],[77.651218,12.867879],[77.65111,12.867845],[77.650535,12.867745],[77.65032,12.867712],[77.64996,12.86761],[77.649565,12.867544],[77.649026,12.867479],[77.648775,12.867446],[77.648524,12.867449],[77.647843,12.867526],[77.647628,12.867493],[77.647555,12.867423],[77.647299,12.866968],[77.647227,12.866899],[77.647012,12.866936],[77.646869,12.867008],[77.646798,12.867009],[77.646583,12.867046]]}},{"type":"Feature","properties":{},"geometry":{"type":"LineString","coordinates":[[77.642928,12.867364],[77.64178,12.867376],[77.641709,12.867377]]}},{"type":"Feature","properties":{},"geometry":{"type":"LineString","coordinates":[[77.642928,12.867364],[77.643537,12.867358],[77.64404,12.867388],[77.644183,12.867387],[77.644757,12.867381],[77.64508,12.867343],[77.645295,12.867341],[77.645832,12.867265],[77.645975,12.867228],[77.646368,12.867119]]}},{"type":"Feature","properties":{},"geometry":{"type":"LineString","coordinates":[[77.646583,12.867046],[77.646368,12.867119]]}},{"type":"Feature","properties":{},"geometry":{"type":"LineString","coordinates":[[77.652764,12.868215],[77.652504,12.867373]]}},{"type":"Feature","properties":{},"geometry":{"type":"LineString","coordinates":[[77.654702,12.868301],[77.655056,12.867875]]}},{"type":"Feature","properties":{},"geometry":{"type":"LineString","coordinates":[[77.675794,12.90243],[77.67583,12.90243]]}},{"type":"Feature","properties":{},"geometry":{"type":"LineString","coordinates":[[77.675794,12.90243],[77.675831,12.9025]]}},{"type":"Feature","properties":{},"geometry":{"type":"LineString","coordinates":[[77.675831,12.9025],[77.675724,12.902537]]}},{"type":"Feature","properties":{},"geometry":{"type":"LineString","coordinates":[[77.704705,12.909065],[77.705492,12.908845],[77.705527,12.90881],[77.705598,12.908668],[77.705704,12.908597]]}},{"type":"Feature","properties":{},"geometry":{"type":"LineString","coordinates":[[77.655056,12.867875],[77.654698,12.867949],[77.654875,12.867736]]}},{"type":"Feature","properties":{},"geometry":{"type":"LineString","coordinates":[[77.654991,12.865166],[77.655182,12.86622],[77.655331,12.866782],[77.655441,12.866992]]}},{"type":"Feature","properties":{},"geometry":{"type":"LineString","coordinates":[[77.705003,12.910047],[77.705396,12.909937],[77.705322,12.909692]]}},{"type":"Feature","properties":{},"geometry":{"type":"LineString","coordinates":[[77.704705,12.909065],[77.704929,12.909872]]}},{"type":"Feature","properties":{},"geometry":{"type":"LineString","coordinates":[[77.704929,12.909872],[77.705003,12.910047]]}},{"type":"Feature","properties":{},"geometry":{"type":"LineString","coordinates":[[77.705674,12.902404],[77.705783,12.902614],[77.705426,12.902759],[77.704999,12.903009],[77.704428,12.903297],[77.704035,12.903442]]}},{"type":"Feature","properties":{},"geometry":{"type":"LineString","coordinates":[[77.705674,12.902404],[77.70653,12.901973],[77.707101,12.901721]]}},{"type":"Feature","properties":{},"geometry":{"type":"LineString","coordinates":[[77.667791,12.915532],[77.667791,12.915497],[77.667719,12.915532]]}},{"type":"Feature","properties":{},"geometry":{"type":"LineString","coordinates":[[77.652504,12.867373],[77.65232,12.866882],[77.652246,12.866742],[77.652174,12.866638],[77.652064,12.866463],[77.651954,12.866253],[77.651809,12.866078],[77.6517,12.865903],[77.65159,12.865729],[77.651444,12.865484],[77.651298,12.865274],[77.651189,12.865099],[77.65108,12.864924],[77.651006,12.864784],[77.650825,12.86461],[77.650644,12.864436]]}},{"type":"Feature","properties":{},"geometry":{"type":"LineString","coordinates":[[77.650644,12.864436],[77.650355,12.864193],[77.650065,12.863949],[77.649125,12.863185]]}},{"type":"Feature","properties":{},"geometry":{"type":"LineString","coordinates":[[77.652764,12.868215],[77.65328,12.869512],[77.653316,12.869512]]}},{"type":"Feature","properties":{},"geometry":{"type":"LineString","coordinates":[[77.653569,12.86972],[77.653463,12.869897]]}},{"type":"Feature","properties":{},"geometry":{"type":"LineString","coordinates":[[77.653251,12.870216],[77.652998,12.870043],[77.653353,12.869617]]}},{"type":"Feature","properties":{},"geometry":{"type":"LineString","coordinates":[[77.653428,12.870003],[77.653358,12.870109],[77.653251,12.870216]]}},{"type":"Feature","properties":{},"geometry":{"type":"LineString","coordinates":[[77.653251,12.870216],[77.652509,12.871209]]}},{"type":"Feature","properties":{},"geometry":{"type":"LineString","coordinates":[[77.674017,12.893792],[77.674016,12.893757]]}},{"type":"Feature","properties":{},"geometry":{"type":"LineString","coordinates":[[77.661189,12.871332],[77.661081,12.871298],[77.661047,12.871404]]}},{"type":"Feature","properties":{},"geometry":{"type":"LineString","coordinates":[[77.661047,12.871404],[77.660903,12.871335],[77.659678,12.870855],[77.658418,12.870375]]}},{"type":"Feature","properties":{},"geometry":{"type":"LineString","coordinates":[[77.654803,12.877942],[77.654799,12.877555],[77.654826,12.876745],[77.65478,12.87576],[77.654741,12.875444],[77.654447,12.874778],[77.654077,12.873656],[77.654072,12.873269]]}},{"type":"Feature","properties":{},"geometry":{"type":"LineString","coordinates":[[77.696991,12.918891],[77.696672,12.919317]]}},{"type":"Feature","properties":{},"geometry":{"type":"LineString","coordinates":[[77.65856,12.870268],[77.658882,12.870229],[77.659702,12.869728],[77.660022,12.869479],[77.660094,12.869443]]}},{"type":"Feature","properties":{},"geometry":{"type":"LineString","coordinates":[[77.671242,12.875698],[77.671279,12.875768],[77.671429,12.8764]]}},{"type":"Feature","properties":{},"geometry":{"type":"LineString","coordinates":[[77.671429,12.8764],[77.671429,12.876436],[77.671468,12.876646],[77.671542,12.876892],[77.671581,12.877208],[77.671618,12.877313],[77.671656,12.877524],[77.671767,12.877875],[77.671882,12.878507]]}},{"type":"Feature","properties":{},"geometry":{"type":"LineString","coordinates":[[77.668467,12.87446],[77.669255,12.874311],[77.669255,12.874276],[77.66929,12.874276],[77.669252,12.874065],[77.669252,12.87403],[77.669288,12.874029],[77.669395,12.873993],[77.669538,12.873992],[77.67029,12.873878],[77.670326,12.873878]]}},{"type":"Feature","properties":{},"geometry":{"type":"LineString","coordinates":[[77.667566,12.874047],[77.667491,12.873661],[77.66767,12.873624],[77.667407,12.872535],[77.667332,12.872255],[77.667221,12.871869],[77.667183,12.871658]]}},{"type":"Feature","properties":{},"geometry":{"type":"LineString","coordinates":[[77.670326,12.873878],[77.670326,12.873843]]}},{"type":"Feature","properties":{},"geometry":{"type":"LineString","coordinates":[[77.670326,12.873843],[77.670326,12.873808]]}},{"type":"Feature","properties":{},"geometry":{"type":"LineString","coordinates":[[77.599722,12.861709],[77.599723,12.861814]]}},{"type":"Feature","properties":{},"geometry":{"type":"LineString","coordinates":[[77.624753,12.882045],[77.624837,12.883241],[77.624881,12.884015],[77.624883,12.884226],[77.624921,12.884436],[77.624958,12.884506],[77.624958,12.884506]]}},{"type":"Feature","properties":{},"geometry":{"type":"LineString","coordinates":[[77.624995,12.884576],[77.624995,12.884612],[77.625069,12.884822],[77.625107,12.884998],[77.625181,12.885208],[77.625218,12.885384],[77.625292,12.885559],[77.625292,12.885559]]}},{"type":"Feature","properties":{},"geometry":{"type":"LineString","coordinates":[[77.625603,12.887913],[77.625675,12.887913],[77.626069,12.887873],[77.62632,12.887836],[77.62675,12.887796]]}},{"type":"Feature","properties":{},"geometry":{"type":"LineString","coordinates":[[77.617736,12.87638],[77.6177,12.87638],[77.617664,12.87638]]}},{"type":"Feature","properties":{},"geometry":{"type":"LineString","coordinates":[[77.624418,12.870577],[77.624454,12.870576],[77.624455,12.870612],[77.624455,12.870647],[77.624457,12.870823],[77.624458,12.870963],[77.624391,12.871386],[77.624429,12.871597],[77.624467,12.871773],[77.624506,12.872089],[77.624618,12.87251],[77.624693,12.872861],[77.624766,12.873001],[77.624877,12.873247],[77.624913,12.873317],[77.625022,12.873421],[77.625058,12.873456],[77.625094,12.873456]]}},{"type":"Feature","properties":{},"geometry":{"type":"LineString","coordinates":[[77.624021,12.870334],[77.624238,12.870473],[77.624274,12.870508],[77.624382,12.870542],[77.624418,12.870577],[77.624418,12.870577]]}},{"type":"Feature","properties":{},"geometry":{"type":"LineString","coordinates":[[77.629266,12.881437],[77.629302,12.881437],[77.629589,12.881398],[77.629911,12.88136],[77.630484,12.881284],[77.631057,12.881208],[77.631666,12.881166],[77.63224,12.88109],[77.63249,12.881053],[77.632634,12.881051],[77.632884,12.881013],[77.633063,12.880976]]}},{"type":"Feature","properties":{},"geometry":{"type":"LineString","coordinates":[[77.624789,12.88201],[77.625648,12.88186],[77.626221,12.881819],[77.627081,12.881705],[77.629302,12.881437]]}},{"type":"Feature","properties":{},"geometry":{"type":"LineString","coordinates":[[77.633063,12.880976],[77.633101,12.881152],[77.633102,12.881258],[77.63314,12.881468],[77.633142,12.881644],[77.63318,12.881855],[77.633217,12.881995],[77.633364,12.882275]]}},{"type":"Feature","properties":{},"geometry":{"type":"LineString","coordinates":[[77.633364,12.882275],[77.633508,12.882344],[77.633725,12.882483],[77.633834,12.882623],[77.633943,12.882797],[77.634128,12.883288],[77.634383,12.883708],[77.634564,12.883882],[77.634637,12.883952],[77.63489,12.884195],[77.635035,12.884335],[77.635109,12.884475],[77.635182,12.88465],[77.635269,12.886092],[77.635132,12.886727]]}},{"type":"Feature","properties":{},"geometry":{"type":"LineString","coordinates":[[77.641709,12.867377],[77.641601,12.867343],[77.641133,12.867242],[77.64081,12.86721],[77.640344,12.867179],[77.640236,12.867145],[77.640127,12.867041],[77.639768,12.867044],[77.639194,12.86705],[77.638263,12.86713],[77.637152,12.867211],[77.635826,12.867295],[77.634285,12.867416]]}},{"type":"Feature","properties":{},"geometry":{"type":"LineString","coordinates":[[77.634285,12.867416],[77.634325,12.867803],[77.634364,12.868119],[77.63448,12.868963],[77.634558,12.869525],[77.634825,12.871106]]}},{"type":"Feature","properties":{},"geometry":{"type":"LineString","coordinates":[[77.634826,12.871176],[77.634826,12.871141],[77.634825,12.871106]]}},{"type":"Feature","properties":{},"geometry":{"type":"LineString","coordinates":[[77.634826,12.871176],[77.634862,12.871176],[77.634898,12.871175]]}},{"type":"Feature","properties":{},"geometry":{"type":"LineString","coordinates":[[77.624753,12.88201],[77.624789,12.88201]]}},{"type":"Feature","properties":{},"geometry":{"type":"LineString","coordinates":[[77.62513,12.87349],[77.625094,12.873456]]}},{"type":"Feature","properties":{},"geometry":{"type":"LineString","coordinates":[[77.625292,12.885559],[77.625368,12.885945]]}},{"type":"Feature","properties":{},"geometry":{"type":"LineString","coordinates":[[77.625368,12.885945],[77.625368,12.88598],[77.625554,12.886577],[77.625555,12.886753],[77.625598,12.887386],[77.625599,12.887526],[77.625603,12.887913],[77.625603,12.887913]]}},{"type":"Feature","properties":{},"geometry":{"type":"LineString","coordinates":[[77.624995,12.884576],[77.624958,12.884506]]}},{"type":"Feature","properties":{},"geometry":{"type":"LineString","coordinates":[[77.634898,12.871175],[77.635256,12.871137],[77.635328,12.871136],[77.635507,12.871099],[77.635686,12.871062],[77.635865,12.871025],[77.636008,12.871023],[77.636151,12.870987],[77.636402,12.870984],[77.636617,12.870947],[77.636796,12.87091],[77.636939,12.870908],[77.637082,12.870872],[77.63719,12.870871],[77.637369,12.870869],[77.637728,12.87083],[77.637978,12.870792],[77.63805,12.870792],[77.638193,12.870755],[77.638337,12.870754],[77.638338,12.870894],[77.638377,12.871211],[77.638453,12.871562],[77.638492,12.871878],[77.638572,12.872652],[77.63861,12.872862],[77.638647,12.873003],[77.638648,12.873108],[77.638649,12.873179],[77.63865,12.873319],[77.638687,12.873389],[77.63869,12.873636],[77.638726,12.87367],[77.638726,12.873741],[77.638727,12.873811],[77.638764,12.873916],[77.638766,12.874057],[77.638803,12.874233]]}},{"type":"Feature","properties":{},"geometry":{"type":"LineString","coordinates":[[77.620618,12.867237],[77.620655,12.867342]]}},{"type":"Feature","properties":{},"geometry":{"type":"LineString","coordinates":[[77.624669,12.880885],[77.624598,12.880921]]}},{"type":"Feature","properties":{},"geometry":{"type":"LineString","coordinates":[[77.65619,12.887006],[77.656152,12.886831]]}},{"type":"Feature","properties":{},"geometry":{"type":"LineString","coordinates":[[77.656226,12.887006],[77.656301,12.887357]]}},{"type":"Feature","properties":{},"geometry":{"type":"LineString","coordinates":[[77.656301,12.887357],[77.656303,12.887568],[77.656377,12.887708],[77.656377,12.887743],[77.656595,12.888023],[77.65685,12.888337],[77.656961,12.888688],[77.656891,12.888899]]}},{"type":"Feature","properties":{},"geometry":{"type":"LineString","coordinates":[[77.649581,12.889501],[77.649618,12.889642],[77.64962,12.889888],[77.649621,12.889923],[77.649479,12.890101],[77.649303,12.890419],[77.649091,12.890703],[77.649057,12.890844],[77.649021,12.890915],[77.649022,12.89095],[77.648986,12.890985],[77.649023,12.891055]]}},{"type":"Feature","properties":{},"geometry":{"type":"LineString","coordinates":[[77.649023,12.891055],[77.649023,12.891091],[77.649242,12.89144]]}},{"type":"Feature","properties":{},"geometry":{"type":"LineString","coordinates":[[77.653629,12.882212],[77.652976,12.88155],[77.652543,12.881272]]}},{"type":"Feature","properties":{},"geometry":{"type":"LineString","coordinates":[[77.652212,12.88395],[77.652141,12.884021]]}},{"type":"Feature","properties":{},"geometry":{"type":"LineString","coordinates":[[77.652141,12.884021],[77.651892,12.884235],[77.651679,12.884413],[77.651644,12.884449],[77.651644,12.884449]]}},{"type":"Feature","properties":{},"geometry":{"type":"LineString","coordinates":[[77.651644,12.884449],[77.651323,12.884698],[77.651075,12.884912]]}},{"type":"Feature","properties":{},"geometry":{"type":"LineString","coordinates":[[77.652266,12.882261],[77.653173,12.883201],[77.653391,12.883481],[77.653212,12.883518]]}},{"type":"Feature","properties":{},"geometry":{"type":"LineString","coordinates":[[77.649309,12.88412],[77.649278,12.884578],[77.649279,12.884684],[77.649318,12.885],[77.649318,12.885035],[77.649359,12.885457],[77.649436,12.885984],[77.649436,12.886019],[77.649437,12.886054]]}},{"type":"Feature","properties":{},"geometry":{"type":"LineString","coordinates":[[77.651801,12.882406],[77.65148,12.882515],[77.650693,12.882734],[77.650121,12.882916],[77.649978,12.882952],[77.649871,12.883024],[77.649516,12.883344],[77.649375,12.883592],[77.649305,12.883804],[77.649309,12.88412]]}},{"type":"Feature","properties":{},"geometry":{"type":"LineString","coordinates":[[77.649068,12.888521],[77.649069,12.888627],[77.64911,12.889119],[77.649114,12.889506]]}},{"type":"Feature","properties":{},"geometry":{"type":"LineString","coordinates":[[77.649437,12.886054],[77.649437,12.886125],[77.649438,12.886195],[77.649444,12.886758]]}},{"type":"Feature","properties":{},"geometry":{"type":"LineString","coordinates":[[77.649444,12.886758],[77.649519,12.887074],[77.649596,12.887601],[77.649598,12.887707],[77.649457,12.887954],[77.64935,12.888061],[77.649173,12.888274],[77.649138,12.88831],[77.649103,12.888415],[77.649068,12.888521]]}},{"type":"Feature","properties":{},"geometry":{"type":"LineString","coordinates":[[77.649257,12.889434],[77.649543,12.889326],[77.649581,12.889501]]}},{"type":"Feature","properties":{},"geometry":{"type":"LineString","coordinates":[[77.671361,12.893679],[77.671039,12.893752],[77.670717,12.893826],[77.670395,12.893864],[77.670395,12.893935],[77.669679,12.894048]]}},{"type":"Feature","properties":{},"geometry":{"type":"LineString","coordinates":[[77.656226,12.887006],[77.65619,12.887006]]}},{"type":"Feature","properties":{},"geometry":{"type":"LineString","coordinates":[[77.673406,12.893728],[77.673514,12.893762],[77.673622,12.893761],[77.674017,12.893792]]}},{"type":"Feature","properties":{},"geometry":{"type":"LineString","coordinates":[[77.669716,12.894082],[77.66968,12.894083],[77.669756,12.894539],[77.669796,12.894926]]}},{"type":"Feature","properties":{},"geometry":{"type":"LineString","coordinates":[[77.669796,12.894926],[77.669618,12.894998],[77.669439,12.89507],[77.66926,12.895143],[77.669046,12.895215],[77.669046,12.89525]]}},{"type":"Feature","properties":{},"geometry":{"type":"LineString","coordinates":[[77.670511,12.918284],[77.670585,12.918529],[77.670732,12.918845],[77.670769,12.91895],[77.670879,12.919195],[77.671062,12.91958],[77.671283,12.920071],[77.671541,12.920736],[77.671541,12.920772],[77.671652,12.921017],[77.671726,12.921262],[77.671763,12.921368],[77.671799,12.921402],[77.671728,12.921473],[77.671729,12.921509],[77.671728,12.921473],[77.671693,12.921509],[77.671729,12.921509],[77.671729,12.921544],[77.671729,12.921544]]}},{"type":"Feature","properties":{},"geometry":{"type":"LineString","coordinates":[[77.671729,12.921544],[77.671839,12.921789],[77.67195,12.922105]]}},{"type":"Feature","properties":{},"geometry":{"type":"LineString","coordinates":[[77.656152,12.886831],[77.656151,12.886725]]}},{"type":"Feature","properties":{},"geometry":{"type":"LineString","coordinates":[[77.652543,12.881272],[77.652788,12.880707],[77.653034,12.880282],[77.653737,12.878867],[77.654098,12.87911],[77.654346,12.878791],[77.654925,12.879278]]}},{"type":"Feature","properties":{},"geometry":{"type":"LineString","coordinates":[[77.673406,12.893728],[77.672689,12.893735],[77.67215,12.89367],[77.67172,12.893675],[77.671361,12.893679]]}},{"type":"Feature","properties":{},"geometry":{"type":"LineString","coordinates":[[77.674017,12.893792],[77.674016,12.893757]]}},{"type":"Feature","properties":{},"geometry":{"type":"LineString","coordinates":[[77.669692,12.918926],[77.669728,12.91889],[77.669692,12.918855]]}},{"type":"Feature","properties":{},"geometry":{"type":"LineString","coordinates":[[77.669692,12.918855],[77.669582,12.91868]]}},{"type":"Feature","properties":{},"geometry":{"type":"LineString","coordinates":[[77.652212,12.88395],[77.652284,12.883914],[77.652355,12.883878],[77.652712,12.883734],[77.652998,12.883625]]}},{"type":"Feature","properties":{},"geometry":{"type":"LineString","coordinates":[[77.653212,12.883518],[77.652998,12.883625]]}},{"type":"Feature","properties":{},"geometry":{"type":"LineString","coordinates":[[77.652266,12.882261],[77.652121,12.882121]]}},{"type":"Feature","properties":{},"geometry":{"type":"LineString","coordinates":[[77.652368,12.881732],[77.652404,12.881731]]}},{"type":"Feature","properties":{},"geometry":{"type":"LineString","coordinates":[[77.669679,12.894048],[77.66968,12.894083]]}},{"type":"Feature","properties":{},"geometry":{"type":"LineString","coordinates":[[77.656151,12.886725],[77.656076,12.886445],[77.656039,12.886269],[77.655999,12.885953],[77.655887,12.885461],[77.655811,12.885075],[77.65584,12.884406],[77.655722,12.883492],[77.655644,12.882895],[77.655381,12.881736],[77.655269,12.881315],[77.655196,12.881175]]}},{"type":"Feature","properties":{},"geometry":{"type":"LineString","coordinates":[[77.654875,12.867736],[77.654875,12.867701],[77.655441,12.866992]]}},{"type":"Feature","properties":{},"geometry":{"type":"LineString","coordinates":[[77.67195,12.922105],[77.672132,12.922349]]}},{"type":"Feature","properties":{},"geometry":{"type":"LineString","coordinates":[[77.705815,12.908842],[77.706188,12.910175],[77.706225,12.910316],[77.706517,12.91077],[77.706736,12.911155],[77.706772,12.911154],[77.706918,12.911399],[77.7071,12.911644],[77.707173,12.911713],[77.707209,12.911783],[77.707318,12.911853],[77.70739,12.911922],[77.707463,12.911992],[77.707499,12.912027],[77.707607,12.912061],[77.707859,12.912164],[77.70865,12.912296],[77.709655,12.912426],[77.710266,12.912526],[77.71059,12.912593],[77.711057,12.912658],[77.712099,12.912823],[77.712386,12.912856],[77.712638,12.912888],[77.712925,12.912885],[77.713068,12.912848],[77.71371,12.912525],[77.714423,12.912131],[77.714494,12.912095]]}},{"type":"Feature","properties":{},"geometry":{"type":"LineString","coordinates":[[77.698959,12.911763],[77.699179,12.912253]]}},{"type":"Feature","properties":{},"geometry":{"type":"LineString","coordinates":[[77.652296,12.871457],[77.651199,12.872841]]}},{"type":"Feature","properties":{},"geometry":{"type":"LineString","coordinates":[[77.651237,12.873087],[77.651499,12.874069]]}},{"type":"Feature","properties":{},"geometry":{"type":"LineString","coordinates":[[77.651607,12.874174],[77.651894,12.874206],[77.653194,12.875037],[77.653483,12.87521],[77.653592,12.87528],[77.654204,12.87552]]}},{"type":"Feature","properties":{},"geometry":{"type":"LineString","coordinates":[[77.654279,12.875836],[77.654322,12.876539]]}},{"type":"Feature","properties":{},"geometry":{"type":"LineString","coordinates":[[77.653737,12.878832],[77.653947,12.878338],[77.653116,12.877853],[77.653646,12.877039],[77.653998,12.876402],[77.654322,12.876539]]}},{"type":"Feature","properties":{},"geometry":{"type":"LineString","coordinates":[[77.654204,12.87552],[77.654276,12.875589],[77.654277,12.875625],[77.654277,12.875695],[77.654279,12.875836]]}},{"type":"Feature","properties":{},"geometry":{"type":"LineString","coordinates":[[77.620438,12.867168],[77.620474,12.867203],[77.620581,12.867167],[77.620691,12.867341],[77.620655,12.867342],[77.620985,12.868042],[77.621278,12.868638],[77.621498,12.869093],[77.621607,12.869268],[77.621716,12.869407],[77.621897,12.869511],[77.622113,12.869579],[77.622579,12.86961],[77.622831,12.869643],[77.623083,12.869746],[77.623371,12.869883],[77.623732,12.870091],[77.623841,12.870195],[77.623985,12.8703],[77.624021,12.870334],[77.624058,12.870369]]}},{"type":"Feature","properties":{},"geometry":{"type":"LineString","coordinates":[[77.617122,12.876034],[77.617086,12.876034]]}},{"type":"Feature","properties":{},"geometry":{"type":"LineString","coordinates":[[77.667541,12.915605],[77.667719,12.915532]]}},{"type":"Feature","properties":{},"geometry":{"type":"LineString","coordinates":[[77.667029,12.91473],[77.667066,12.9148]]}},{"type":"Feature","properties":{},"geometry":{"type":"LineString","coordinates":[[77.707101,12.901721],[77.7086,12.901037],[77.7091,12.90082],[77.7096,12.900604],[77.710601,12.900312],[77.710851,12.900204],[77.710994,12.900132],[77.711884,12.899525],[77.713706,12.898837]]}},{"type":"Feature","properties":{},"geometry":{"type":"LineString","coordinates":[[77.697911,12.91107],[77.698482,12.910818]]}},{"type":"Feature","properties":{},"geometry":{"type":"LineString","coordinates":[[77.649125,12.863185],[77.648763,12.862907],[77.648654,12.862802],[77.648543,12.862416],[77.648468,12.862171],[77.648283,12.86161],[77.648207,12.861188],[77.648095,12.860767],[77.647983,12.860381],[77.647726,12.859786],[77.647614,12.859364],[77.647578,12.85933],[77.647506,12.85933]]}},{"type":"Feature","properties":{},"geometry":{"type":"LineString","coordinates":[[77.705322,12.909692],[77.705815,12.908842]]}},{"type":"Feature","properties":{},"geometry":{"type":"LineString","coordinates":[[77.65856,12.870268],[77.65849,12.870409]]}},{"type":"Feature","properties":{},"geometry":{"type":"LineString","coordinates":[[77.694712,12.927184],[77.694748,12.927184]]}},{"type":"Feature","properties":{},"geometry":{"type":"LineString","coordinates":[[77.668432,12.874496],[77.669296,12.874803],[77.670376,12.875215],[77.670667,12.875528],[77.670739,12.875563],[77.671242,12.875698]]}},{"type":"Feature","properties":{},"geometry":{"type":"LineString","coordinates":[[77.705704,12.908597],[77.705593,12.908281],[77.705478,12.907544]]}},{"type":"Feature","properties":{},"geometry":{"type":"LineString","coordinates":[[77.698104,12.915643],[77.698569,12.915497],[77.698569,12.915497]]}},{"type":"Feature","properties":{},"geometry":{"type":"LineString","coordinates":[[77.705478,12.907544],[77.705403,12.907298],[77.705403,12.907228],[77.705402,12.907122],[77.705328,12.906982],[77.705327,12.906877]]}},{"type":"Feature","properties":{},"geometry":{"type":"LineString","coordinates":[[77.705327,12.906877],[77.705179,12.906456],[77.705105,12.90621]]}},{"type":"Feature","properties":{},"geometry":{"type":"LineString","coordinates":[[77.651499,12.874069],[77.651536,12.87421],[77.651607,12.874174]]}},{"type":"Feature","properties":{},"geometry":{"type":"LineString","coordinates":[[77.652296,12.871457],[77.652402,12.871351]]}},{"type":"Feature","properties":{},"geometry":{"type":"LineString","coordinates":[[77.652509,12.871209],[77.652402,12.871315]]}},{"type":"Feature","properties":{},"geometry":{"type":"LineString","coordinates":[[77.652402,12.871351],[77.652908,12.871697]]}},{"type":"Feature","properties":{},"geometry":{"type":"LineString","coordinates":[[77.652402,12.871315],[77.652944,12.871662]]}},{"type":"Feature","properties":{},"geometry":{"type":"LineString","coordinates":[[77.550812,12.884219],[77.550813,12.884254],[77.551101,12.884357],[77.551425,12.884459],[77.55164,12.884528],[77.551856,12.884596],[77.552036,12.884665],[77.552036,12.884665]]}},{"type":"Feature","properties":{},"geometry":{"type":"LineString","coordinates":[[77.552036,12.884665],[77.552073,12.884699]]}},{"type":"Feature","properties":{},"geometry":{"type":"LineString","coordinates":[[77.552036,12.884665],[77.552037,12.8847]]}},{"type":"Feature","properties":{},"geometry":{"type":"LineString","coordinates":[[77.552037,12.8847],[77.551969,12.885052],[77.551761,12.885793]]}},{"type":"Feature","properties":{},"geometry":{"type":"LineString","coordinates":[[77.552073,12.884699],[77.552433,12.884872],[77.553296,12.88511],[77.553475,12.885038],[77.553547,12.885037],[77.55495,12.885446],[77.555345,12.885547],[77.556065,12.885787],[77.556317,12.885854],[77.55664,12.885851],[77.556748,12.885885],[77.556748,12.885921]]}},{"type":"Feature","properties":{},"geometry":{"type":"LineString","coordinates":[[77.554502,12.883726],[77.554251,12.883728],[77.553067,12.883704],[77.552314,12.883712],[77.551169,12.884004],[77.551062,12.884041],[77.551062,12.884041]]}},{"type":"Feature","properties":{},"geometry":{"type":"LineString","coordinates":[[77.554502,12.883726],[77.554645,12.883724]]}},{"type":"Feature","properties":{},"geometry":{"type":"LineString","coordinates":[[77.551062,12.884041],[77.550955,12.884112],[77.551351,12.884249],[77.551998,12.884419],[77.552105,12.884382],[77.552177,12.884346],[77.553364,12.884687],[77.553545,12.884861],[77.553617,12.884896],[77.555021,12.885339],[77.555309,12.885442],[77.556352,12.885749],[77.556711,12.88578],[77.557143,12.885917],[77.557287,12.886021],[77.558151,12.886259]]}},{"type":"Feature","properties":{},"geometry":{"type":"LineString","coordinates":[[77.588244,12.847641],[77.588279,12.847499],[77.588241,12.847289],[77.588238,12.847078],[77.588234,12.84669]]}},{"type":"Feature","properties":{},"geometry":{"type":"LineString","coordinates":[[77.588441,12.852812],[77.588277,12.850807],[77.588276,12.850737],[77.588264,12.849541]]}},{"type":"Feature","properties":{},"geometry":{"type":"LineString","coordinates":[[77.58911,12.858647],[77.589366,12.859137],[77.589695,12.859732],[77.589806,12.860012],[77.589844,12.860223],[77.589918,12.860433],[77.589992,12.860679],[77.590176,12.86117],[77.590214,12.861381],[77.590288,12.861591],[77.590399,12.861871],[77.590399,12.861907]]}},{"type":"Feature","properties":{},"geometry":{"type":"LineString","coordinates":[[77.58911,12.858611],[77.58911,12.858647]]}},{"type":"Feature","properties":{},"geometry":{"type":"LineString","coordinates":[[77.592617,12.868325],[77.59258,12.868254],[77.592394,12.867623],[77.592174,12.867062],[77.592099,12.866781],[77.592025,12.866571]]}},{"type":"Feature","properties":{},"geometry":{"type":"LineString","coordinates":[[77.592025,12.866571],[77.591803,12.865869],[77.591655,12.865484]]}},{"type":"Feature","properties":{},"geometry":{"type":"LineString","coordinates":[[77.591655,12.865484],[77.591582,12.865344],[77.591508,12.865133]]}},{"type":"Feature","properties":{},"geometry":{"type":"LineString","coordinates":[[77.591508,12.865133],[77.591433,12.864852]]}},{"type":"Feature","properties":{},"geometry":{"type":"LineString","coordinates":[[77.591433,12.864852],[77.590548,12.862433]]}},{"type":"Feature","properties":{},"geometry":{"type":"LineString","coordinates":[[77.540488,12.874149],[77.539951,12.87433],[77.538304,12.874628]]}},{"type":"Feature","properties":{},"geometry":{"type":"LineString","coordinates":[[77.538304,12.874628],[77.537947,12.874737]]}},{"type":"Feature","properties":{},"geometry":{"type":"LineString","coordinates":[[77.582937,12.844174],[77.582827,12.843999],[77.582755,12.843929],[77.582719,12.843894],[77.582682,12.84386]]}},{"type":"Feature","properties":{},"geometry":{"type":"LineString","coordinates":[[77.562122,12.856976],[77.562801,12.856794],[77.563695,12.856539],[77.563911,12.856536],[77.564018,12.856535],[77.564557,12.8566],[77.565347,12.856734],[77.565813,12.856659],[77.566099,12.856621],[77.568353,12.856071],[77.568425,12.856105],[77.576119,12.854411],[77.577372,12.854117],[77.578481,12.853895],[77.579197,12.853747],[77.579698,12.853602],[77.580341,12.853384],[77.581128,12.853165],[77.581986,12.852875],[77.582451,12.8528],[77.58281,12.852797],[77.584315,12.852747],[77.584459,12.852745],[77.584535,12.853132],[77.58461,12.853483],[77.584687,12.853975],[77.584761,12.85422],[77.5848,12.854572],[77.584875,12.854853],[77.584913,12.855028],[77.584951,12.855239],[77.584916,12.85531],[77.584952,12.855415],[77.585061,12.855519],[77.585133,12.855554],[77.585134,12.855589],[77.585098,12.855589],[77.585098,12.855625],[77.584992,12.855731],[77.584956,12.855767],[77.585031,12.856048],[77.585068,12.856188],[77.585181,12.85668],[77.585295,12.857312],[77.585299,12.857734]]}},{"type":"Feature","properties":{},"geometry":{"type":"LineString","coordinates":[[77.585205,12.855553],[77.585241,12.855588]]}},{"type":"Feature","properties":{},"geometry":{"type":"LineString","coordinates":[[77.585169,12.855554],[77.585205,12.855553],[77.585205,12.855553]]}},{"type":"Feature","properties":{},"geometry":{"type":"LineString","coordinates":[[77.58911,12.858611],[77.58911,12.858647]]}},{"type":"Feature","properties":{},"geometry":{"type":"LineString","coordinates":[[77.588246,12.847816],[77.586059,12.847908],[77.584024,12.848808],[77.583953,12.848844]]}},{"type":"Feature","properties":{},"geometry":{"type":"LineString","coordinates":[[77.588491,12.857773],[77.588492,12.857843],[77.588282,12.858303],[77.588246,12.858338],[77.588211,12.858374],[77.587996,12.858446],[77.587925,12.858482],[77.587675,12.858555],[77.587603,12.858591],[77.587642,12.858837],[77.58768,12.859048],[77.587681,12.859189],[77.587683,12.8594],[77.587684,12.85947],[77.587649,12.859541],[77.587116,12.860039],[77.586903,12.860252],[77.58676,12.860324],[77.585868,12.86072],[77.585796,12.860756],[77.585474,12.860794],[77.585402,12.86083],[77.585366,12.86076],[77.585398,12.860372],[77.585537,12.859984],[77.585537,12.859914],[77.58542,12.859035],[77.585378,12.858472],[77.585337,12.85791],[77.585193,12.857911]]}},{"type":"Feature","properties":{},"geometry":{"type":"LineString","coordinates":[[77.540488,12.874149],[77.540595,12.874113],[77.540881,12.874004]]}},{"type":"Feature","properties":{},"geometry":{"type":"LineString","coordinates":[[77.540736,12.8739],[77.540338,12.873587],[77.540048,12.873238],[77.539831,12.873029],[77.539358,12.872436]]}},{"type":"Feature","properties":{},"geometry":{"type":"LineString","coordinates":[[77.536817,12.869363],[77.536998,12.869538],[77.537215,12.869782],[77.537542,12.870166],[77.537942,12.87069],[77.538121,12.870688],[77.53892,12.871666],[77.538957,12.871736],[77.538993,12.871806],[77.539104,12.872121],[77.539358,12.872436]]}},{"type":"Feature","properties":{},"geometry":{"type":"LineString","coordinates":[[77.588154,12.845882],[77.588116,12.845601],[77.588152,12.8456],[77.588108,12.844897],[77.588073,12.844933],[77.588066,12.844264],[77.588061,12.843807],[77.58806,12.843666],[77.588024,12.843666]]}},{"type":"Feature","properties":{},"geometry":{"type":"LineString","coordinates":[[77.588024,12.843666],[77.587844,12.843633],[77.587941,12.842541],[77.588403,12.842149],[77.588538,12.841339]]}},{"type":"Feature","properties":{},"geometry":{"type":"LineString","coordinates":[[77.588441,12.852812],[77.588521,12.853655],[77.588637,12.854499],[77.588678,12.854991],[77.588756,12.855589],[77.588872,12.856362],[77.588916,12.857206]]}},{"type":"Feature","properties":{},"geometry":{"type":"LineString","coordinates":[[77.590399,12.861907],[77.590548,12.862433]]}},{"type":"Feature","properties":{},"geometry":{"type":"LineString","coordinates":[[77.562122,12.856976],[77.560298,12.857522],[77.559513,12.857881],[77.558942,12.858169],[77.557838,12.858954],[77.559324,12.860487],[77.558152,12.86166],[77.55691,12.862939],[77.556554,12.863224],[77.556305,12.863403],[77.555983,12.863546],[77.555876,12.863583],[77.554946,12.863838],[77.554696,12.863911],[77.554302,12.86395],[77.554378,12.864442],[77.554347,12.864865],[77.55446,12.865426],[77.554498,12.865672],[77.55461,12.866023],[77.554795,12.866585],[77.555051,12.867145],[77.555199,12.867531],[77.555423,12.868479],[77.555572,12.869005],[77.55561,12.869181],[77.55561,12.869216],[77.555647,12.869251],[77.555683,12.869356],[77.555942,12.870128],[77.556307,12.870758],[77.556417,12.870968],[77.556562,12.871107],[77.556707,12.871211],[77.556959,12.871385],[77.557105,12.871559],[77.557323,12.871909],[77.557432,12.872013],[77.557541,12.872118],[77.557902,12.872361],[77.558631,12.873515],[77.558886,12.873864],[77.55914,12.874179],[77.559212,12.874248],[77.559393,12.874352],[77.559572,12.874315],[77.559646,12.874561],[77.559718,12.874595],[77.559938,12.875086],[77.557623,12.876657],[77.557338,12.876836],[77.557124,12.876978],[77.556696,12.877264],[77.555948,12.877799],[77.555557,12.878085],[77.555236,12.878334],[77.554667,12.878762],[77.552673,12.880189],[77.551818,12.880831],[77.550608,12.881722],[77.55018,12.882043],[77.548543,12.883256]]}},{"type":"Feature","properties":{},"geometry":{"type":"LineString","coordinates":[[77.548543,12.883256],[77.548472,12.883327],[77.548041,12.883261],[77.547717,12.883193],[77.547393,12.883056],[77.54703,12.882672],[77.546332,12.88106],[77.545744,12.879623],[77.545377,12.878782]]}},{"type":"Feature","properties":{},"geometry":{"type":"LineString","coordinates":[[77.545377,12.878782],[77.545303,12.878572],[77.54512,12.878186],[77.545189,12.877939],[77.544747,12.876817],[77.544531,12.876714],[77.544166,12.876084],[77.543911,12.875735],[77.543404,12.875247],[77.542071,12.874626],[77.541134,12.874178],[77.540736,12.8739]]}},{"type":"Feature","properties":{},"geometry":{"type":"LineString","coordinates":[[77.548579,12.883255],[77.548615,12.88329],[77.54851,12.883573],[77.549229,12.883742],[77.55002,12.883945],[77.55056,12.884116],[77.550884,12.884254],[77.550849,12.884289]]}},{"type":"Feature","properties":{},"geometry":{"type":"LineString","coordinates":[[77.562448,12.871437],[77.562675,12.872596]]}},{"type":"Feature","properties":{},"geometry":{"type":"LineString","coordinates":[[77.562675,12.872596],[77.562937,12.873684]]}},{"type":"Feature","properties":{},"geometry":{"type":"LineString","coordinates":[[77.588264,12.849541],[77.588259,12.849083],[77.588247,12.847922],[77.588244,12.847641]]}},{"type":"Feature","properties":{},"geometry":{"type":"LineString","coordinates":[[77.58836,12.841411],[77.588503,12.841409]]}},{"type":"Feature","properties":{},"geometry":{"type":"LineString","coordinates":[[77.58836,12.841411],[77.588037,12.841449],[77.587572,12.841559],[77.586859,12.841953],[77.586575,12.842202],[77.585865,12.842913],[77.585687,12.843091],[77.585474,12.843339],[77.585297,12.843482],[77.585084,12.843766],[77.584908,12.844014],[77.584837,12.844085],[77.584695,12.844227],[77.584409,12.844335],[77.584123,12.844408],[77.584015,12.844409],[77.5838,12.844412],[77.583656,12.844413],[77.583441,12.844415],[77.583297,12.844381],[77.583226,12.844382]]}},{"type":"Feature","properties":{},"geometry":{"type":"LineString","coordinates":[[77.583226,12.844382],[77.583081,12.844278],[77.582973,12.844209]]}},{"type":"Feature","properties":{},"geometry":{"type":"LineString","coordinates":[[77.582973,12.844209],[77.582937,12.844174]]}},{"type":"Feature","properties":{},"geometry":{"type":"LineString","coordinates":[[77.551062,12.884041],[77.55099,12.884041],[77.549731,12.883667],[77.548688,12.883395],[77.54865,12.883255]]}},{"type":"Feature","properties":{},"geometry":{"type":"LineString","coordinates":[[77.549398,12.882684],[77.548828,12.883112],[77.54865,12.883255]]}},{"type":"Feature","properties":{},"geometry":{"type":"LineString","coordinates":[[77.549505,12.882613],[77.549398,12.882684]]}},{"type":"Feature","properties":{},"geometry":{"type":"LineString","coordinates":[[77.588491,12.857773],[77.588668,12.857454],[77.588919,12.857452],[77.58892,12.857558]]}},{"type":"Feature","properties":{},"geometry":{"type":"LineString","coordinates":[[77.585299,12.857734],[77.585299,12.857769],[77.585301,12.85791]]}},{"type":"Feature","properties":{},"geometry":{"type":"LineString","coordinates":[[77.585169,12.855554],[77.585061,12.855484],[77.585025,12.855449],[77.584988,12.855415],[77.584989,12.85545]]}},{"type":"Feature","properties":{},"geometry":{"type":"LineString","coordinates":[[77.54865,12.883184],[77.54865,12.88322]]}},{"type":"Feature","properties":{},"geometry":{"type":"LineString","coordinates":[[77.588811,12.857453],[77.588847,12.857453],[77.588883,12.857452],[77.588919,12.857452],[77.588918,12.857382],[77.588916,12.857206]]}},{"type":"Feature","properties":{},"geometry":{"type":"LineString","coordinates":[[77.589037,12.858507],[77.588965,12.858507]]}},{"type":"Feature","properties":{},"geometry":{"type":"LineString","coordinates":[[77.588234,12.84669],[77.588195,12.846374],[77.588195,12.846339],[77.588195,12.846339]]}},{"type":"Feature","properties":{},"geometry":{"type":"LineString","coordinates":[[77.588195,12.846339],[77.588154,12.845882]]}},{"type":"Feature","properties":{},"geometry":{"type":"LineString","coordinates":[[77.534861,12.981257],[77.534898,12.981362],[77.534684,12.981434],[77.534505,12.981507],[77.53429,12.981579],[77.534076,12.981651],[77.53379,12.98176],[77.533503,12.981833],[77.533324,12.98187],[77.533074,12.981908],[77.532715,12.981981],[77.532357,12.981985],[77.531926,12.982024],[77.531711,12.982026],[77.531389,12.9821],[77.531211,12.982207],[77.531068,12.982279],[77.530925,12.982386],[77.530785,12.982669],[77.530716,12.982951],[77.530681,12.983057],[77.530575,12.983199],[77.530361,12.983342],[77.529861,12.983593],[77.529539,12.983702],[77.529109,12.983741],[77.528823,12.983814],[77.528643,12.983851],[77.5285,12.983888],[77.528216,12.984172],[77.527968,12.984491],[77.527826,12.984668],[77.527649,12.984846],[77.527365,12.98513],[77.52708,12.985344],[77.52676,12.985629],[77.526474,12.985808],[77.526403,12.985879],[77.526188,12.985916],[77.526081,12.985917],[77.525937,12.985919],[77.525901,12.985884]]}},{"type":"Feature","properties":{},"geometry":{"type":"LineString","coordinates":[[77.533193,12.975959],[77.533372,12.975922],[77.533586,12.97585],[77.533766,12.975848],[77.534088,12.975774],[77.534267,12.975737],[77.534446,12.975736],[77.534625,12.975699],[77.534769,12.975697],[77.534912,12.975661],[77.535199,12.975658],[77.535522,12.97562],[77.536024,12.975615],[77.536347,12.975647],[77.53667,12.975644],[77.536958,12.975676],[77.536773,12.975115],[77.536624,12.974659],[77.53644,12.974168],[77.536365,12.973817]]}},{"type":"Feature","properties":{},"geometry":{"type":"LineString","coordinates":[[77.636187,13.004142],[77.636188,13.004213],[77.636368,13.004281]]}},{"type":"Feature","properties":{},"geometry":{"type":"MultiLineString","coordinates":[[[77.596357,12.994127],[77.596429,12.994127],[77.5965,12.994091],[77.596607,12.994055],[77.596858,12.993947],[77.597108,12.993874],[77.597322,12.993766],[77.597394,12.99373],[77.597608,12.993622],[77.597715,12.993586],[77.598,12.993407],[77.598108,12.993371],[77.598321,12.993193],[77.598605,12.992944],[77.598641,12.992908],[77.599213,12.992727],[77.599607,12.992582],[77.599964,12.992437],[77.600178,12.992365],[77.600428,12.992257],[77.600679,12.992184],[77.600858,12.992112],[77.600893,12.992111],[77.601216,12.992038],[77.601431,12.992001],[77.601646,12.991963],[77.60186,12.991926],[77.602076,12.991924],[77.602255,12.991887],[77.60247,12.991885],[77.602757,12.991917],[77.602937,12.99195],[77.603189,12.991983],[77.60344,12.992016],[77.6038,12.992118],[77.604124,12.992185],[77.604232,12.992219],[77.604558,12.992497],[77.604811,12.992741],[77.605102,12.993055],[77.605356,12.993369],[77.605466,12.993544],[77.605502,12.993543]],[[77.594978,12.992628],[77.595014,12.992698],[77.595087,12.992733],[77.595305,12.993012],[77.595414,12.993116],[77.595631,12.993361],[77.595704,12.99343],[77.595885,12.993604],[77.596212,12.993988],[77.596285,12.994058],[77.596357,12.994127]],[[77.605502,12.993543],[77.605501,12.993508],[77.605537,12.993508]],[[77.594542,12.99214],[77.594833,12.992489],[77.594905,12.992523],[77.594905,12.992558],[77.594978,12.992628]]]}},{"type":"Feature","properties":{},"geometry":{"type":"MultiLineString","coordinates":[[[77.584694,12.983687],[77.584837,12.983685],[77.584945,12.983684],[77.584945,12.983684]],[[77.584945,12.983684],[77.584981,12.983684]],[[77.584981,12.983684],[77.585124,12.983682],[77.585124,12.983682]],[[77.585304,12.983681],[77.58534,12.98368],[77.58534,12.98368]],[[77.585124,12.983682],[77.585304,12.983681],[77.585304,12.983681]]]}},{"type":"Feature","properties":{},"geometry":{"type":"LineString","coordinates":[[77.585267,12.98354],[77.585338,12.98354],[77.585374,12.983539]]}},{"type":"Feature","properties":{},"geometry":{"type":"MultiLineString","coordinates":[[[77.581141,12.97327],[77.581069,12.973236],[77.581033,12.973236],[77.580926,12.973237],[77.580497,12.973418],[77.58039,12.973489],[77.580104,12.973597],[77.580033,12.973633],[77.579676,12.973813],[77.579497,12.973885]],[[77.581177,12.97327],[77.581141,12.97327]]]}},{"type":"Feature","properties":{},"geometry":{"type":"MultiLineString","coordinates":[[[77.587606,12.966907],[77.587605,12.966766],[77.58753,12.966486],[77.587095,12.965997],[77.58684,12.965718],[77.586804,12.965683],[77.586911,12.965577]],[[77.586911,12.965577],[77.586982,12.965541],[77.587124,12.965399],[77.587124,12.965399]],[[77.587124,12.965399],[77.587303,12.965291],[77.587623,12.965042],[77.58812,12.964544],[77.58844,12.96426],[77.588654,12.964082],[77.588689,12.964046]],[[77.588689,12.964046],[77.588867,12.963868],[77.588973,12.963762],[77.589044,12.963655],[77.589186,12.963548],[77.589257,12.963477]]]}},{"type":"Feature","properties":{},"geometry":{"type":"MultiLineString","coordinates":[[[77.588906,12.967668],[77.588906,12.967633],[77.588906,12.967633]],[[77.588906,12.967633],[77.588905,12.967598]],[[77.588905,12.967598],[77.58894,12.967457]],[[77.58894,12.967457],[77.588939,12.967387]],[[77.588939,12.967387],[77.589008,12.967175],[77.589183,12.966751]],[[77.589183,12.966751],[77.589289,12.966539]],[[77.589289,12.966539],[77.589395,12.966362],[77.58957,12.965973],[77.589676,12.965831]],[[77.589676,12.965831],[77.589676,12.965796]],[[77.589676,12.965796],[77.589711,12.965725],[77.589782,12.965619],[77.589781,12.965513],[77.58978,12.965478]],[[77.58978,12.965478],[77.58978,12.965443],[77.589743,12.965338]],[[77.589743,12.965338],[77.589706,12.965268]],[[77.589706,12.965268],[77.589705,12.965162]],[[77.589705,12.965162],[77.589669,12.965092],[77.589669,12.965092]],[[77.589669,12.965092],[77.589668,12.965057]],[[77.589668,12.965057],[77.589668,12.964986]],[[77.589668,12.964986],[77.589593,12.964706],[77.589481,12.964249],[77.589293,12.963442],[77.589292,12.963407],[77.589292,12.963407]],[[77.589292,12.963407],[77.589292,12.963371]]]}},{"type":"Feature","properties":{},"geometry":{"type":"MultiLineString","coordinates":[[[77.587926,12.983936],[77.588109,12.984286],[77.588037,12.984252]],[[77.588037,12.984252],[77.588001,12.984252]],[[77.588001,12.984252],[77.587965,12.984252]],[[77.587965,12.984252],[77.587929,12.984253]],[[77.587929,12.984253],[77.587677,12.984185]],[[77.587677,12.984185],[77.587605,12.98415]],[[77.587605,12.98415],[77.587497,12.984116]],[[77.587497,12.984116],[77.586346,12.983811]],[[77.587743,12.983551],[77.587926,12.983936]],[[77.58767,12.983481],[77.587743,12.983551]]]}},{"type":"Feature","properties":{},"geometry":{"type":"MultiLineString","coordinates":[[[77.588003,12.984393],[77.588002,12.984358]],[[77.588002,12.984358],[77.587966,12.984288]],[[77.587966,12.984288],[77.587929,12.984253]],[[77.587929,12.984253],[77.587819,12.984008]],[[77.587819,12.984008],[77.587782,12.983902]],[[77.587782,12.983902],[77.587636,12.983657]],[[77.587636,12.983657],[77.587379,12.983097],[77.587194,12.982571],[77.586684,12.981837]],[[77.586684,12.981837],[77.586429,12.981452]],[[77.586429,12.981452],[77.585664,12.980334]],[[77.585664,12.980334],[77.585664,12.980299]],[[77.585664,12.980299],[77.585226,12.97967]],[[77.585226,12.97967],[77.585081,12.979495],[77.584752,12.9789]],[[77.584752,12.9789],[77.584605,12.978585]]]}},{"type":"Feature","properties":{},"geometry":{"type":"LineString","coordinates":[[77.586794,12.982082],[77.587013,12.982397]]}},{"type":"Feature","properties":{},"geometry":{"type":"MultiLineString","coordinates":[[[77.589864,12.987401],[77.590157,12.987961],[77.590014,12.988033]],[[77.589827,12.987295],[77.589827,12.987331],[77.589828,12.987366],[77.589864,12.987401]]]}},{"type":"Feature","properties":{},"geometry":{"type":"MultiLineString","coordinates":[[[77.585332,12.982977],[77.585297,12.982977],[77.585189,12.982978]],[[77.585368,12.982941],[77.585332,12.982977]],[[77.585324,12.982167],[77.585327,12.982414],[77.585368,12.982941],[77.585368,12.982941]],[[77.585277,12.981042],[77.585277,12.981077],[77.585317,12.981499],[77.585322,12.981956],[77.585324,12.982167]],[[77.585275,12.980936],[77.585277,12.981042]],[[77.585274,12.980795],[77.585275,12.980936]],[[77.585664,12.980369],[77.585344,12.980619],[77.585273,12.98069],[77.585274,12.980795]],[[77.585664,12.980334],[77.585664,12.980369]],[[77.585699,12.980298],[77.5857,12.980334],[77.585664,12.980334]],[[77.585735,12.980298],[77.585699,12.980298],[77.585699,12.980298]],[[77.585771,12.980298],[77.585735,12.980298]],[[77.585807,12.980262],[77.585771,12.980298]],[[77.585661,12.980017],[77.585734,12.980157],[77.585843,12.980262],[77.585807,12.980262]],[[77.585369,12.979598],[77.585479,12.979773],[77.585661,12.980017]],[[77.585296,12.979423],[77.585369,12.979598]],[[77.58515,12.979178],[77.585186,12.979248],[77.585296,12.979423]],[[77.585917,12.977059],[77.585846,12.977095],[77.585276,12.977487],[77.585169,12.977559],[77.584848,12.977773],[77.584564,12.978058],[77.584711,12.978373],[77.58493,12.978793],[77.58515,12.979178]],[[77.586131,12.976951],[77.585917,12.977059]],[[77.58688,12.976486],[77.586346,12.976843],[77.586131,12.976951]],[[77.587198,12.97599],[77.587165,12.976272],[77.58688,12.976486]],[[77.587232,12.975779],[77.587198,12.97599]],[[77.587121,12.975463],[77.587231,12.975708],[77.587232,12.975779]],[[77.586974,12.975113],[77.58712,12.975428],[77.587121,12.975463]],[[77.586789,12.974587],[77.586789,12.974657],[77.586937,12.975043],[77.586974,12.975113]],[[77.586714,12.974341],[77.586789,12.974587]],[[77.586742,12.973567],[77.58671,12.973884],[77.586677,12.974166],[77.586714,12.974271],[77.586714,12.974341]],[[77.586943,12.972192],[77.586944,12.972263],[77.586876,12.97265],[77.586809,12.973073],[77.586777,12.973461],[77.586742,12.973567]],[[77.586942,12.972087],[77.586943,12.972192]],[[77.58701,12.971664],[77.586976,12.97184],[77.586942,12.972087]],[[77.587009,12.971629],[77.58701,12.971664]],[[77.587044,12.971488],[77.587009,12.971629]],[[77.587076,12.971135],[77.587043,12.971452],[77.587044,12.971488]],[[77.587473,12.967929],[77.587476,12.968211],[77.587477,12.968281],[77.587442,12.968352],[77.587409,12.968633],[77.587377,12.969021],[77.587309,12.969373],[77.587278,12.969831],[77.58721,12.970254],[77.587143,12.970642],[77.587075,12.971065],[77.587076,12.971135]]]}},{"type":"Feature","properties":{},"geometry":{"type":"MultiLineString","coordinates":[[[77.58164,12.972914],[77.581212,12.973164],[77.581212,12.973164]],[[77.581747,12.972842],[77.581712,12.972878],[77.581676,12.972878],[77.58164,12.972914],[77.58164,12.972914]],[[77.58292,12.971775],[77.582672,12.972024],[77.582565,12.972095],[77.582351,12.972273],[77.582209,12.97238],[77.581745,12.972666],[77.581747,12.972842]],[[77.582956,12.971774],[77.58292,12.971775]],[[77.587472,12.967823],[77.587472,12.967788],[77.587257,12.96779],[77.586724,12.968324],[77.586297,12.96868],[77.58612,12.968893],[77.585906,12.969036],[77.585621,12.969249],[77.585266,12.96957],[77.584981,12.969819],[77.58491,12.96989],[77.584555,12.97021],[77.584163,12.970531],[77.583844,12.970851],[77.583595,12.971135],[77.583311,12.971419],[77.583098,12.971632],[77.582956,12.971774],[77.582956,12.971774]],[[77.588368,12.967709],[77.587651,12.967786],[77.587508,12.967788],[77.587472,12.967823],[77.587472,12.967823]],[[77.58869,12.967635],[77.588368,12.967709]]]}},{"type":"Feature","properties":{},"geometry":{"type":"MultiLineString","coordinates":[[[77.587473,12.967929],[77.587473,12.967859]],[[77.587473,12.967859],[77.587472,12.967823]],[[77.587472,12.967823],[77.587506,12.967612],[77.587575,12.96733],[77.587608,12.967083],[77.587607,12.967013],[77.587607,12.966978]],[[77.587607,12.966978],[77.587607,12.966942]],[[77.587607,12.966942],[77.587606,12.966907]],[[77.587606,12.966907],[77.587533,12.966802],[77.587352,12.966558],[77.5867,12.966001]],[[77.5867,12.966001],[77.586555,12.965897]]]}},{"type":"Feature","properties":{},"geometry":{"type":"MultiLineString","coordinates":[[[77.57264,12.980498],[77.572639,12.980463],[77.572568,12.980464]],[[77.572568,12.980464],[77.572532,12.980464]]]}},{"type":"Feature","properties":{},"geometry":{"type":"MultiLineString","coordinates":[[[77.589029,12.986529],[77.588993,12.986494],[77.588993,12.986459]],[[77.588993,12.986459],[77.588845,12.986074],[77.588771,12.985863],[77.588586,12.985337],[77.588514,12.985232],[77.588438,12.984881],[77.588146,12.984427],[77.588038,12.984322],[77.588038,12.984322]],[[77.588038,12.984322],[77.588002,12.984322],[77.588002,12.984322]],[[77.588002,12.984322],[77.587966,12.984288]],[[77.587966,12.984288],[77.587678,12.98422]],[[77.587678,12.98422],[77.587606,12.984221]],[[77.587606,12.984221],[77.587426,12.984187]],[[77.587426,12.984187],[77.586562,12.983914],[77.585878,12.98371],[77.585518,12.983573],[77.58541,12.983504],[77.585374,12.983504],[77.585374,12.983504]],[[77.585374,12.983504],[77.585338,12.983504],[77.585302,12.983505]]]}},{"type":"Feature","properties":{},"geometry":{"type":"MultiLineString","coordinates":[[[77.584623,12.983758],[77.584587,12.983758]],[[77.584587,12.983758],[77.584623,12.983758],[77.584623,12.983758]],[[77.584623,12.983758],[77.584587,12.983723],[77.584622,12.983723]],[[77.584622,12.983723],[77.584622,12.983687],[77.584622,12.983687]],[[77.584622,12.983687],[77.584622,12.983652],[77.584693,12.983616],[77.584693,12.983616]],[[77.584693,12.983616],[77.584729,12.983616]]]}},{"type":"Feature","properties":{},"geometry":{"type":"MultiLineString","coordinates":[[[77.574688,12.980724],[77.574723,12.980724],[77.574723,12.980724]],[[77.574723,12.980724],[77.574759,12.980724]],[[77.574939,12.980722],[77.57519,12.98072],[77.575549,12.980716],[77.575872,12.980713],[77.57623,12.980674],[77.576696,12.980634],[77.577055,12.980631],[77.577055,12.980631]],[[77.574903,12.980722],[77.574939,12.980722]],[[77.574759,12.980724],[77.574903,12.980722]],[[77.57264,12.980498],[77.572712,12.980533],[77.572999,12.980565],[77.573359,12.980632],[77.573575,12.980665],[77.57379,12.980698],[77.574688,12.980724]],[[77.577055,12.980631],[77.577234,12.980594],[77.577485,12.980591],[77.577736,12.980518],[77.57795,12.980481],[77.578381,12.980477],[77.578811,12.980437],[77.579242,12.980433],[77.579816,12.980392],[77.580066,12.980354],[77.580353,12.980281],[77.580818,12.980206],[77.581033,12.980134],[77.581355,12.98006],[77.581533,12.979953],[77.581711,12.979775]],[[77.572568,12.980499],[77.57264,12.980498]],[[77.581711,12.979775],[77.581747,12.97974],[77.581782,12.979704]],[[77.581782,12.979704],[77.581818,12.979668],[77.581889,12.979633]],[[77.581889,12.979633],[77.582317,12.979347],[77.582317,12.979347]],[[77.582317,12.979347],[77.582423,12.979275],[77.582709,12.979132],[77.582816,12.979025],[77.58335,12.978668],[77.583849,12.978346],[77.584205,12.978096],[77.584205,12.978096]],[[77.584205,12.978096],[77.584277,12.97806]],[[77.584277,12.97806],[77.584277,12.978025],[77.584277,12.978025]],[[77.584277,12.978025],[77.584312,12.978025]],[[77.584312,12.978025],[77.584348,12.978025]],[[77.584348,12.978025],[77.584348,12.977989],[77.584384,12.977989]]]}},{"type":"Feature","properties":{},"geometry":{"type":"MultiLineString","coordinates":[[[77.588711,12.990438],[77.588677,12.99058]],[[77.588969,12.987656],[77.588934,12.987727],[77.588902,12.988079],[77.588868,12.98822],[77.58887,12.988431],[77.588836,12.988643],[77.588804,12.988995],[77.588806,12.989241],[77.588809,12.989452],[77.588776,12.989734],[77.588777,12.98984],[77.588743,12.990051],[77.588744,12.990192],[77.58871,12.990368],[77.588711,12.990438]],[[77.588969,12.987621],[77.588969,12.987656]],[[77.589039,12.987479],[77.589004,12.987515],[77.589004,12.987585],[77.588969,12.987621]]]}},{"type":"Feature","properties":{},"geometry":{"type":"MultiLineString","coordinates":[[[77.597906,12.980845],[77.597906,12.980916]],[[77.597869,12.980775],[77.597906,12.980845]],[[77.597869,12.98074],[77.597869,12.980775]]]}},{"type":"Feature","properties":{},"geometry":{"type":"MultiLineString","coordinates":[[[77.588473,12.984775],[77.588544,12.984704],[77.58858,12.984704]],[[77.58858,12.984704],[77.588687,12.984668]],[[77.588687,12.984668],[77.588723,12.984667]],[[77.588723,12.984667],[77.589045,12.984558],[77.589759,12.984199],[77.589938,12.984127]],[[77.589938,12.984127],[77.590295,12.983948],[77.590687,12.983768],[77.591187,12.983552],[77.591938,12.983228]],[[77.591938,12.983228],[77.592009,12.983156],[77.592151,12.983049],[77.592543,12.982729],[77.592543,12.982729]],[[77.592543,12.982729],[77.59272,12.982586],[77.593113,12.982371],[77.593864,12.982117],[77.594364,12.981936]],[[77.594364,12.981936],[77.594901,12.981755],[77.594972,12.981719]],[[77.594972,12.981719],[77.595401,12.981574],[77.595616,12.981502]],[[77.595616,12.981502],[77.595795,12.981465],[77.595866,12.981429]],[[77.595866,12.981429],[77.596474,12.981247],[77.597118,12.981029],[77.597333,12.980957]],[[77.597333,12.980957],[77.59744,12.98092]],[[77.59744,12.98092],[77.597583,12.980884]],[[77.597583,12.980884],[77.597619,12.980883]],[[77.597619,12.980883],[77.597654,12.980848]],[[77.597654,12.980848],[77.597869,12.980775]],[[77.597869,12.980775],[77.59862,12.980557],[77.599264,12.980339]],[[77.599264,12.980339],[77.599943,12.980121],[77.60116,12.979757],[77.601732,12.979575]],[[77.601732,12.979575],[77.60234,12.979358]],[[77.60234,12.979358],[77.603412,12.978996]],[[77.603412,12.978996],[77.603591,12.978959],[77.604986,12.978487],[77.605594,12.97827],[77.606702,12.977907],[77.608633,12.977289]],[[77.608633,12.977289],[77.609313,12.977036],[77.611387,12.976382],[77.611923,12.976201],[77.61389,12.975547],[77.61439,12.975366]],[[77.61439,12.975366],[77.614426,12.975366]]]}},{"type":"Feature","properties":{},"geometry":{"type":"LineString","coordinates":[[77.588402,12.984811],[77.588473,12.984775]]}},{"type":"Feature","properties":{},"geometry":{"type":"MultiLineString","coordinates":[[[77.614427,12.975436],[77.614391,12.975402]],[[77.614391,12.975402],[77.61439,12.975366]]]}},{"type":"Feature","properties":{},"geometry":{"type":"MultiLineString","coordinates":[[[77.597267,12.98152],[77.598518,12.981086]],[[77.598518,12.981086],[77.598554,12.981085],[77.598479,12.980804],[77.598515,12.980804]],[[77.598515,12.980804],[77.598587,12.980768],[77.599587,12.980406],[77.600231,12.980189],[77.600589,12.98008],[77.600982,12.97997]],[[77.600982,12.97997],[77.60109,12.979934],[77.60134,12.979826]]]}},{"type":"Feature","properties":{},"geometry":{"type":"MultiLineString","coordinates":[[[77.597267,12.981591],[77.597267,12.981556]],[[77.597267,12.981556],[77.597267,12.98152]]]}},{"type":"Feature","properties":{},"geometry":{"type":"MultiLineString","coordinates":[[[77.589292,12.963336],[77.589292,12.963371],[77.589292,12.963371]],[[77.589576,12.963052],[77.589576,12.963087],[77.589292,12.963336],[77.589292,12.963336]],[[77.589611,12.962946],[77.589576,12.963052]],[[77.58819,12.960884],[77.588444,12.961198],[77.588771,12.961547],[77.589133,12.961895],[77.589459,12.962208],[77.589713,12.962452],[77.589714,12.962558],[77.589611,12.962946],[77.589611,12.962946]],[[77.586844,12.959103],[77.58688,12.959173],[77.587099,12.959487],[77.587353,12.959801],[77.587536,12.960116],[77.587791,12.960466],[77.587937,12.960675],[77.588154,12.960884],[77.58819,12.960884]]]}},{"type":"Feature","properties":{},"geometry":{"type":"MultiLineString","coordinates":[[[77.603413,12.979031],[77.603449,12.97903]],[[77.603449,12.97903],[77.603734,12.978922],[77.604021,12.978849],[77.604486,12.978703],[77.6047,12.978631],[77.604915,12.978558],[77.605058,12.978486],[77.605201,12.97845],[77.605415,12.978377],[77.605666,12.978304],[77.605773,12.978268],[77.60588,12.978232],[77.606202,12.978123],[77.606417,12.978051],[77.606595,12.977978],[77.606953,12.977869],[77.607311,12.97776],[77.607597,12.977652],[77.608097,12.977506],[77.608312,12.977433],[77.608491,12.977361],[77.60867,12.977324],[77.60867,12.977324]],[[77.60867,12.977324],[77.608884,12.977216]],[[77.608884,12.977216],[77.609098,12.977144],[77.609527,12.976999],[77.609885,12.97689],[77.610136,12.976817],[77.610493,12.976708],[77.610708,12.976635],[77.611745,12.976308],[77.612568,12.976053],[77.613139,12.975836],[77.614427,12.975436]],[[77.614427,12.975436],[77.614427,12.975401]]]}},{"type":"Feature","properties":{},"geometry":{"type":"MultiLineString","coordinates":[[[77.57576,12.96991],[77.57576,12.969875],[77.57576,12.969875]],[[77.57576,12.969875],[77.575724,12.969876],[77.575723,12.969805],[77.575614,12.96963]],[[77.575614,12.96963],[77.575504,12.969455],[77.575321,12.969035],[77.575065,12.968615],[77.574919,12.96837],[77.574919,12.96837]],[[77.574919,12.96837],[77.5747,12.96795],[77.574663,12.96788],[77.574663,12.96788]],[[77.574663,12.96788],[77.574626,12.967775],[77.574516,12.967565],[77.57437,12.96732],[77.57426,12.96711],[77.574114,12.966795],[77.573967,12.966515],[77.57393,12.966409]],[[77.57393,12.966409],[77.573857,12.966234],[77.57382,12.966129]],[[77.57382,12.966129],[77.573817,12.965883],[77.573814,12.965601],[77.573812,12.96539],[77.573809,12.965109]],[[77.573809,12.965109],[77.573809,12.965073]],[[77.573809,12.965073],[77.573807,12.964933],[77.57377,12.964757],[77.573769,12.964722],[77.573769,12.964651]]]}},{"type":"Feature","properties":{},"geometry":{"type":"MultiLineString","coordinates":[[[77.60892,12.977286],[77.608921,12.977322],[77.60867,12.977395],[77.608599,12.977395],[77.608491,12.977432],[77.608348,12.977468],[77.608098,12.977541],[77.607848,12.977649],[77.607669,12.977721],[77.607311,12.97783],[77.606954,12.97794],[77.606882,12.97794],[77.606703,12.978012],[77.606596,12.978084],[77.606274,12.978158],[77.605988,12.978266],[77.605559,12.978411],[77.605416,12.978448],[77.605166,12.978521],[77.605058,12.978557],[77.604951,12.978593],[77.604558,12.978738],[77.604236,12.978847],[77.604093,12.978883],[77.603449,12.979101]],[[77.614463,12.975471],[77.613641,12.975726],[77.612639,12.976053],[77.612067,12.976234],[77.611781,12.976343],[77.611423,12.976452],[77.610601,12.976742],[77.610279,12.976851],[77.609886,12.97696],[77.609457,12.977105],[77.609385,12.977141],[77.609314,12.977177],[77.609207,12.977213],[77.609099,12.977214],[77.609028,12.97725],[77.608956,12.977286],[77.60892,12.977286],[77.60892,12.977286]]]}},{"type":"Feature","properties":{},"geometry":{"type":"LineString","coordinates":[[77.58978,12.986275],[77.589745,12.986311]]}},{"type":"Feature","properties":{},"geometry":{"type":"LineString","coordinates":[[77.570577,12.978759],[77.570648,12.978759]]}},{"type":"Feature","properties":{},"geometry":{"type":"MultiLineString","coordinates":[[[77.585189,12.982978],[77.585189,12.982943],[77.585188,12.982908],[77.585296,12.982907],[77.585332,12.982906],[77.585327,12.982484],[77.585324,12.982167]],[[77.585324,12.982167],[77.585323,12.982062],[77.585319,12.981675],[77.585241,12.981077]],[[77.585241,12.981077],[77.585241,12.981042],[77.58524,12.980936]],[[77.58524,12.980936],[77.585238,12.980796]],[[77.585238,12.980796],[77.5852,12.98062],[77.585485,12.980406],[77.585628,12.980299]],[[77.585628,12.980299],[77.585664,12.980299]],[[77.585664,12.980299],[77.585663,12.980264]],[[77.585663,12.980264],[77.585663,12.980228]],[[77.585663,12.980228],[77.585699,12.980228]],[[77.585699,12.980228],[77.585734,12.980193]],[[77.585734,12.980193],[77.585624,12.979983],[77.585442,12.979703],[77.585369,12.979598]],[[77.585369,12.979598],[77.585223,12.979353],[77.585114,12.979178]],[[77.585114,12.979178],[77.585004,12.978968],[77.584675,12.978373],[77.584492,12.978058]],[[77.584492,12.978058],[77.584455,12.977918]],[[77.584455,12.977918],[77.584383,12.977954],[77.584384,12.977989],[77.584384,12.977989]]]}},{"type":"Feature","properties":{},"geometry":{"type":"LineString","coordinates":[[77.568036,12.968931],[77.567963,12.968897],[77.567748,12.968899],[77.567677,12.968935],[77.567569,12.968936],[77.567498,12.969007],[77.567498,12.969007]]}},{"type":"Feature","properties":{},"geometry":{"type":"MultiLineString","coordinates":[[[77.609692,12.992797],[77.609728,12.992797],[77.609764,12.992797]],[[77.609764,12.992797],[77.609764,12.992761],[77.6098,12.992761],[77.609978,12.992619],[77.610334,12.992369],[77.610619,12.992155],[77.610761,12.992048],[77.610939,12.99194],[77.611046,12.991869]],[[77.611046,12.991869],[77.611082,12.991833],[77.61126,12.991726],[77.611367,12.99169],[77.611546,12.991653],[77.611582,12.991617],[77.611833,12.991579],[77.612155,12.991471],[77.612298,12.991434]]]}},{"type":"Feature","properties":{},"geometry":{"type":"MultiLineString","coordinates":[[[77.584866,12.982981],[77.584866,12.983016],[77.584866,12.983016]],[[77.584864,12.982805],[77.584866,12.982981]],[[77.584762,12.97985],[77.584763,12.979921],[77.584767,12.980308],[77.584806,12.980694],[77.584775,12.981082],[77.584814,12.981433],[77.584818,12.98182],[77.584822,12.982207],[77.584862,12.982594],[77.584864,12.982805]],[[77.584753,12.979006],[77.584755,12.979182],[77.584762,12.97985]],[[77.584752,12.9789],[77.584753,12.979006]],[[77.584787,12.978794],[77.584751,12.978795],[77.584752,12.9789]],[[77.584421,12.978129],[77.58475,12.978724],[77.584787,12.978794],[77.584787,12.978794]],[[77.584349,12.97806],[77.584421,12.978129]],[[77.584277,12.978025],[77.584349,12.97806]],[[77.584203,12.97785],[77.584167,12.97785],[77.58424,12.97799],[77.584277,12.978025]],[[77.584203,12.977815],[77.584203,12.97785]],[[77.584202,12.97778],[77.584203,12.977815]],[[77.584201,12.977709],[77.584202,12.97778]],[[77.583873,12.97715],[77.583982,12.977289],[77.584091,12.977464],[77.584201,12.977674],[77.584201,12.977709]],[[77.583872,12.977114],[77.583873,12.97715]],[[77.581214,12.97334],[77.581287,12.973445],[77.581323,12.97348],[77.581469,12.973725],[77.58176,12.974109],[77.581905,12.974283],[77.582051,12.974493],[77.582233,12.974773],[77.582342,12.974877],[77.582525,12.975192],[77.582634,12.975297],[77.582889,12.975681],[77.583071,12.975926],[77.583144,12.976066],[77.583362,12.976345],[77.583471,12.976485],[77.583617,12.97673],[77.583727,12.976905],[77.583799,12.976974],[77.583872,12.977114]],[[77.581177,12.97327],[77.581214,12.97334]]]}},{"type":"Feature","properties":{},"geometry":{"type":"MultiLineString","coordinates":[[[77.585081,12.982979],[77.585153,12.982978]],[[77.584938,12.982981],[77.584974,12.98298],[77.585045,12.982979],[77.585081,12.982979]],[[77.584866,12.982981],[77.584938,12.982981]]]}},{"type":"Feature","properties":{},"geometry":{"type":"LineString","coordinates":[[77.584622,12.983687],[77.584586,12.983688],[77.584586,12.983653],[77.584586,12.983617]]}},{"type":"Feature","properties":{},"geometry":{"type":"MultiLineString","coordinates":[[[77.589029,12.986494],[77.588993,12.986459]],[[77.588993,12.986459],[77.588919,12.986214],[77.588623,12.985407],[77.588549,12.985197],[77.588474,12.984846],[77.588402,12.984811]],[[77.588402,12.984811],[77.588038,12.984322],[77.588037,12.984252]],[[77.588037,12.984252],[77.587928,12.984112],[77.587927,12.984077]],[[77.587927,12.984077],[77.587855,12.984007]],[[77.587855,12.984007],[77.587745,12.983797],[77.587671,12.983587],[77.587671,12.983587]],[[77.587671,12.983587],[77.587635,12.983517],[77.587561,12.983377],[77.587524,12.983271]],[[77.587524,12.983271],[77.587414,12.983026],[77.58734,12.982745],[77.587193,12.982465],[77.587157,12.982395],[77.587047,12.982185]],[[77.587047,12.982185],[77.586901,12.981976],[77.586792,12.981801]],[[77.586792,12.981801],[77.586755,12.981766]],[[77.586755,12.981766],[77.586609,12.981521],[77.586536,12.981416]],[[77.586536,12.981416],[77.5865,12.981381],[77.586172,12.980927],[77.5861,12.980822],[77.586027,12.980717]],[[77.586027,12.980717],[77.585954,12.980577]],[[77.585954,12.980577],[77.585844,12.980438],[77.585735,12.980298]],[[77.585735,12.980298],[77.585699,12.980228]],[[77.585699,12.980228],[77.585589,12.980053],[77.58548,12.979914],[77.585334,12.979669],[77.585298,12.979634]],[[77.585298,12.979634],[77.585225,12.979494],[77.585042,12.979179],[77.585006,12.979144]],[[77.585006,12.979144],[77.584896,12.978934],[77.58475,12.978654],[77.584603,12.978374],[77.584384,12.977989]],[[77.584384,12.977989],[77.584347,12.977919]],[[77.584347,12.977919],[77.584311,12.977919],[77.584238,12.977744],[77.584201,12.977709],[77.584201,12.977709]],[[77.584201,12.977709],[77.584092,12.977499],[77.583982,12.977289],[77.583873,12.97715]],[[77.583873,12.97715],[77.583872,12.977114]],[[77.583872,12.977114],[77.583763,12.976975],[77.583727,12.976905],[77.583581,12.976695],[77.583326,12.97631],[77.583217,12.976171],[77.583071,12.975996],[77.582962,12.975821],[77.582853,12.975682],[77.582816,12.975576],[77.582671,12.975437],[77.582525,12.975192],[77.582415,12.975017],[77.58227,12.974843],[77.582161,12.974668],[77.582052,12.974528],[77.581906,12.974354],[77.58187,12.974284],[77.581797,12.974214],[77.581724,12.974109],[77.581687,12.974004],[77.581615,12.973934],[77.581578,12.973864],[77.581505,12.97376],[77.581433,12.973655],[77.58136,12.97355],[77.581323,12.97348],[77.581287,12.973445],[77.581251,12.97341],[77.581214,12.973375]],[[77.581214,12.973375],[77.581214,12.97334]],[[77.581214,12.97334],[77.581178,12.973305],[77.581141,12.97327],[77.581141,12.97327]],[[77.581141,12.97327],[77.581177,12.97327],[77.581213,12.973199],[77.581212,12.973164]]]}},{"type":"Feature","properties":{},"geometry":{"type":"LineString","coordinates":[[77.589325,12.987371],[77.589289,12.987371],[77.589254,12.987407]]}},{"type":"Feature","properties":{},"geometry":{"type":"MultiLineString","coordinates":[[[77.589899,12.987365],[77.59012,12.987856],[77.590229,12.987995],[77.59005,12.988067]],[[77.589863,12.987295],[77.589863,12.98733],[77.589899,12.987365],[77.589899,12.987365]],[[77.589898,12.98726],[77.589863,12.987295]],[[77.590399,12.987079],[77.590363,12.987114],[77.589898,12.98726]],[[77.590506,12.987042],[77.590399,12.987079]],[[77.590577,12.987006],[77.590506,12.987042]],[[77.590649,12.986971],[77.590577,12.987006]],[[77.591541,12.986504],[77.591541,12.986539],[77.590649,12.986971]],[[77.591571,12.985941],[77.591541,12.986504]],[[77.592546,12.983045],[77.592588,12.983678],[77.592592,12.984066],[77.591701,12.984637],[77.59157,12.98587],[77.591571,12.985941]],[[77.592543,12.982799],[77.592546,12.983045]],[[77.592543,12.982764],[77.592543,12.982799]],[[77.592543,12.982729],[77.592543,12.982764]],[[77.592542,12.982694],[77.592543,12.982729]]]}},{"type":"Feature","properties":{},"geometry":{"type":"MultiLineString","coordinates":[[[77.589144,12.987197],[77.589181,12.987267]],[[77.589029,12.986529],[77.589066,12.986564],[77.589069,12.986916],[77.589144,12.987197]]]}},{"type":"Feature","properties":{},"geometry":{"type":"MultiLineString","coordinates":[[[77.588939,12.967387],[77.58912,12.967526]],[[77.588866,12.967282],[77.588866,12.967317],[77.588939,12.967387],[77.588939,12.967387]],[[77.588465,12.966687],[77.588323,12.96683],[77.58854,12.967003],[77.588613,12.967108],[77.58883,12.967282],[77.588866,12.967282],[77.588866,12.967282]]]}},{"type":"Feature","properties":{},"geometry":{"type":"MultiLineString","coordinates":[[[77.584651,12.983019],[77.584723,12.983018],[77.584759,12.983017],[77.584759,12.983017]],[[77.584759,12.983017],[77.584795,12.983017]],[[77.584795,12.983017],[77.58483,12.983017]],[[77.58501,12.983015],[77.585082,12.983014]],[[77.584866,12.983016],[77.58501,12.983015]],[[77.58483,12.983017],[77.584866,12.983016]]]}},{"type":"Feature","properties":{},"geometry":{"type":"LineString","coordinates":[[77.584981,12.983684],[77.58498,12.983614]]}},{"type":"Feature","properties":{},"geometry":{"type":"MultiLineString","coordinates":[[[77.585118,12.983014],[77.585153,12.983014],[77.585153,12.983014]],[[77.585153,12.983014],[77.585189,12.983013],[77.585333,12.983012]]]}},{"type":"Feature","properties":{},"geometry":{"type":"MultiLineString","coordinates":[[[77.60867,12.977324],[77.60867,12.977359],[77.60842,12.977432],[77.60817,12.97754],[77.607848,12.977649],[77.607561,12.977722],[77.607204,12.977832],[77.606882,12.97794],[77.606703,12.978012],[77.606596,12.978049],[77.60631,12.978157],[77.606167,12.978194],[77.605952,12.978266],[77.605666,12.97834],[77.605487,12.978412],[77.605058,12.978557],[77.604701,12.978666],[77.604343,12.97881],[77.603878,12.978956],[77.603556,12.979029],[77.603449,12.979066]],[[77.608633,12.977289],[77.60867,12.977324],[77.60867,12.977324]],[[77.608152,12.975851],[77.608633,12.977289]],[[77.608041,12.975536],[77.608152,12.975851]]]}},{"type":"Feature","properties":{},"geometry":{"type":"MultiLineString","coordinates":[[[77.58827,12.99632],[77.588307,12.99646]],[[77.58884,12.995997],[77.588769,12.996033],[77.588448,12.996212],[77.588269,12.996284],[77.58827,12.99632]],[[77.58909,12.995854],[77.589091,12.995889],[77.588912,12.995961],[77.58884,12.995997]],[[77.588976,12.995257],[77.589052,12.995643],[77.58909,12.995854],[77.58909,12.995854]],[[77.588605,12.994099],[77.588901,12.994906],[77.588938,12.995046],[77.588976,12.995257]],[[77.588641,12.994099],[77.588605,12.994099]],[[77.588713,12.994063],[77.588641,12.994099]],[[77.588891,12.993991],[77.588713,12.994063]],[[77.589034,12.993919],[77.588891,12.993991]],[[77.588886,12.993463],[77.588923,12.993568],[77.588923,12.993603],[77.588997,12.993744],[77.589034,12.993919],[77.589034,12.993919]],[[77.588849,12.993323],[77.588886,12.993428],[77.588886,12.993463]],[[77.588812,12.993253],[77.588848,12.993288],[77.588849,12.993323]],[[77.588605,12.990545],[77.588503,12.991109],[77.588505,12.991285],[77.588505,12.991355],[77.588508,12.991637],[77.588509,12.991707],[77.588546,12.991848],[77.588585,12.992129],[77.588586,12.992199],[77.588625,12.99248],[77.588662,12.992586],[77.588737,12.992937],[77.588737,12.992972],[77.588812,12.993217],[77.588812,12.993253]],[[77.588639,12.990404],[77.588605,12.990545],[77.588605,12.990545]],[[77.588671,12.990052],[77.588673,12.990263],[77.588674,12.990368],[77.588639,12.990404],[77.588639,12.990404]],[[77.588928,12.987164],[77.588929,12.987199],[77.588895,12.987375],[77.588863,12.987763],[77.588831,12.988185],[77.588764,12.988573],[77.588733,12.989066],[77.588736,12.989418],[77.588706,12.989911],[77.588671,12.990052]],[[77.588928,12.987093],[77.588928,12.987164]],[[77.588925,12.986847],[77.588926,12.986952],[77.588928,12.987093]],[[77.588925,12.986812],[77.588925,12.986847]],[[77.588888,12.986777],[77.588925,12.986812]],[[77.588887,12.986636],[77.588887,12.986671],[77.588888,12.986742],[77.588888,12.986777]],[[77.587537,12.984468],[77.587573,12.984467],[77.587717,12.984501],[77.587788,12.984501],[77.588005,12.984604],[77.58815,12.984743],[77.58826,12.985024],[77.58848,12.985479],[77.588628,12.985865],[77.588775,12.98625],[77.588887,12.986636]],[[77.58534,12.98368],[77.585663,12.983747],[77.586095,12.983884],[77.586025,12.984025],[77.586385,12.984127],[77.586601,12.984196],[77.587069,12.984332],[77.587537,12.984468]],[[77.585339,12.983645],[77.58534,12.98368]]]}},{"type":"Feature","properties":{},"geometry":{"type":"MultiLineString","coordinates":[[[77.592756,12.982516],[77.592542,12.982694],[77.592542,12.982694]],[[77.59294,12.979523],[77.594573,12.981336],[77.594328,12.981866],[77.592969,12.982337],[77.592756,12.982516]],[[77.588837,12.967915],[77.588873,12.96795],[77.588844,12.968584],[77.588993,12.969146],[77.589327,12.970198],[77.589661,12.971321],[77.589996,12.972408],[77.590145,12.972935],[77.58997,12.973394],[77.590231,12.974341],[77.590416,12.974903],[77.590319,12.975959],[77.590799,12.977186],[77.59294,12.979523]],[[77.588906,12.967668],[77.588872,12.96788],[77.588837,12.967915],[77.588837,12.967915]]]}},{"type":"Feature","properties":{},"geometry":{"type":"MultiLineString","coordinates":[[[77.579462,12.973921],[77.579426,12.973956],[77.57939,12.973956]],[[77.579497,12.973885],[77.579498,12.97392],[77.579462,12.973921]]]}},{"type":"Feature","properties":{},"geometry":{"type":"MultiLineString","coordinates":[[[77.574886,12.97562],[77.574707,12.975622],[77.574483,12.974814],[77.573909,12.974785],[77.57172,12.974842],[77.571577,12.974843],[77.57129,12.974846],[77.570896,12.974885],[77.570681,12.974922],[77.570609,12.974923]],[[77.575818,12.975505],[77.574886,12.97562]],[[77.575854,12.975505],[77.575818,12.975505],[77.575818,12.975505]],[[77.578283,12.97446],[77.577962,12.974604],[77.577569,12.974784],[77.57714,12.974964],[77.576747,12.975144],[77.57639,12.975288],[77.57639,12.975323],[77.57589,12.975504],[77.575854,12.975505],[77.575854,12.975505]],[[77.578319,12.974425],[77.578283,12.974425],[77.578283,12.97446],[77.578283,12.97446]],[[77.578354,12.974389],[77.578319,12.974425],[77.578319,12.974425]],[[77.57939,12.973956],[77.579319,12.973992],[77.579248,12.974028],[77.578854,12.974173],[77.57864,12.974281],[77.578426,12.974353],[77.578354,12.974389]]]}},{"type":"Feature","properties":{},"geometry":{"type":"LineString","coordinates":[[77.585953,12.980507],[77.586131,12.9804]]}},{"type":"Feature","properties":{},"geometry":{"type":"MultiLineString","coordinates":[[[77.585114,12.979213],[77.585114,12.979178]],[[77.585114,12.979178],[77.58515,12.979178]],[[77.58515,12.979178],[77.585185,12.979142]],[[77.585185,12.979142],[77.585257,12.979142]]]}},{"type":"Feature","properties":{},"geometry":{"type":"MultiLineString","coordinates":[[[77.58636,12.981735],[77.586467,12.981663],[77.586394,12.981523],[77.586394,12.981488]],[[77.586394,12.981488],[77.586429,12.981452]],[[77.586429,12.981452],[77.586465,12.981452]],[[77.586465,12.981452],[77.586501,12.981452]],[[77.586501,12.981452],[77.5865,12.981417]],[[77.5865,12.981417],[77.586536,12.981416]],[[77.586536,12.981416],[77.586572,12.981381],[77.586317,12.981067],[77.586208,12.980927],[77.586062,12.980682]],[[77.586062,12.980682],[77.586026,12.980612],[77.585953,12.980507]],[[77.585953,12.980507],[77.585843,12.980332]],[[77.585843,12.980332],[77.585807,12.980297],[77.585807,12.980262]],[[77.585807,12.980262],[77.585734,12.980193]],[[77.585734,12.980193],[77.585698,12.980123],[77.585443,12.979773],[77.585333,12.979598]],[[77.585333,12.979598],[77.585297,12.979528],[77.58515,12.979248],[77.585114,12.979213]],[[77.585114,12.979213],[77.584968,12.978969],[77.584858,12.978758],[77.584639,12.978338],[77.584529,12.978163],[77.584492,12.978058],[77.584492,12.978058]],[[77.584492,12.978058],[77.584706,12.97788],[77.584848,12.977773],[77.585097,12.977595],[77.585561,12.977273],[77.585739,12.977166],[77.586095,12.976951],[77.586381,12.976773],[77.586737,12.976523],[77.586915,12.976415],[77.587129,12.976273],[77.587128,12.976202]]]}},{"type":"Feature","properties":{},"geometry":{"type":"LineString","coordinates":[[77.58701,12.971664],[77.587045,12.971628],[77.58708,12.971522],[77.587044,12.971488]]}},{"type":"Feature","properties":{},"geometry":{"type":"MultiLineString","coordinates":[[[77.587447,12.975777],[77.587301,12.975532]],[[77.587301,12.975532],[77.58708,12.975041],[77.587009,12.975042],[77.586896,12.974586]],[[77.586896,12.974586],[77.586822,12.974305]],[[77.586822,12.974305],[77.586785,12.974235],[77.586819,12.974023],[77.586783,12.974024]]]}},{"type":"Feature","properties":{},"geometry":{"type":"LineString","coordinates":[[77.585917,12.977059],[77.585953,12.977094],[77.586132,12.976986],[77.586131,12.976951]]}},{"type":"Feature","properties":{},"geometry":{"type":"LineString","coordinates":[[77.585843,12.980332],[77.585986,12.980225]]}},{"type":"Feature","properties":{},"geometry":{"type":"LineString","coordinates":[[77.589252,12.987196],[77.589287,12.98716],[77.589323,12.98716],[77.58925,12.98702]]}},{"type":"Feature","properties":{},"geometry":{"type":"MultiLineString","coordinates":[[[77.606826,12.993178],[77.606934,12.993212],[77.607224,12.993491],[77.60726,12.993561],[77.60726,12.993561]],[[77.605537,12.993508],[77.605752,12.993435],[77.606002,12.993327],[77.606216,12.993219],[77.606323,12.993183]],[[77.606323,12.993183],[77.606359,12.993183],[77.606682,12.993144],[77.60679,12.993178],[77.606826,12.993178]]]}},{"type":"Feature","properties":{},"geometry":{"type":"LineString","coordinates":[[77.589147,12.987443],[77.589075,12.987479],[77.589039,12.987479]]}},{"type":"Feature","properties":{},"geometry":{"type":"LineString","coordinates":[[77.587735,12.996677],[77.587808,12.996747]]}},{"type":"Feature","properties":{},"geometry":{"type":"MultiLineString","coordinates":[[[77.585323,12.992478],[77.585151,12.993148],[77.584869,12.993679],[77.584617,12.993611],[77.584292,12.993368],[77.583965,12.993019],[77.583856,12.99288],[77.583601,12.992495],[77.583346,12.992111],[77.58309,12.991726],[77.582836,12.991412],[77.58269,12.991202]],[[77.58573,12.990187],[77.585661,12.990434],[77.58563,12.990891],[77.585562,12.991314],[77.585357,12.992267],[77.585323,12.992478]],[[77.58269,12.991202],[77.582581,12.991027],[77.582471,12.990852],[77.5824,12.990853]],[[77.5824,12.990853],[77.582363,12.990818],[77.582254,12.990644],[77.582071,12.990293],[77.581888,12.989979],[77.581742,12.989698],[77.581705,12.989664]],[[77.586965,12.988169],[77.586894,12.98824],[77.586574,12.988489],[77.586254,12.988774],[77.586076,12.988952],[77.58597,12.989129],[77.585864,12.98927],[77.585728,12.990011],[77.58573,12.990187]],[[77.581705,12.989664],[77.581633,12.989559]],[[77.581633,12.989559],[77.581632,12.989524]],[[77.581632,12.989524],[77.581523,12.989384],[77.581304,12.988999],[77.581122,12.988719],[77.581049,12.988614],[77.581012,12.988544],[77.580902,12.988334],[77.580575,12.98788],[77.580392,12.987565],[77.580392,12.98753],[77.580355,12.987425],[77.580319,12.987425]],[[77.588674,12.986814],[77.588637,12.986779],[77.588353,12.987029],[77.587855,12.987456],[77.587321,12.987883],[77.586965,12.988169]],[[77.580319,12.987425],[77.580318,12.98739],[77.580319,12.987425],[77.580318,12.98739]],[[77.580318,12.98739],[77.580282,12.98739],[77.580027,12.986971],[77.579881,12.986726]],[[77.588963,12.987093],[77.588928,12.987093],[77.588928,12.987093]],[[77.588928,12.987093],[77.588892,12.987094],[77.588892,12.987094]],[[77.588892,12.987094],[77.58882,12.987059],[77.588784,12.987059],[77.588747,12.986989]],[[77.588747,12.986989],[77.588747,12.986954]],[[77.588747,12.986954],[77.58871,12.986884]],[[77.58871,12.986884],[77.588674,12.986814],[77.588674,12.986814]]]}},{"type":"Feature","properties":{},"geometry":{"type":"MultiLineString","coordinates":[[[77.579047,12.975508],[77.579047,12.975473]],[[77.579047,12.975473],[77.579047,12.975508],[77.579047,12.975508]]]}},{"type":"Feature","properties":{},"geometry":{"type":"MultiLineString","coordinates":[[[77.588969,12.987585],[77.588934,12.987727]],[[77.58911,12.987408],[77.589074,12.987408],[77.589002,12.987374],[77.588969,12.987585]],[[77.589111,12.987443],[77.58911,12.987408]]]}},{"type":"Feature","properties":{},"geometry":{"type":"MultiLineString","coordinates":[[[77.584624,12.983863],[77.584947,12.98386]],[[77.584947,12.98386],[77.585198,12.983822]]]}},{"type":"Feature","properties":{},"geometry":{"type":"MultiLineString","coordinates":[[[77.587269,12.975884],[77.587232,12.975779]],[[77.587232,12.975779],[77.587121,12.975463]],[[77.587121,12.975463],[77.587083,12.975323]],[[77.587083,12.975323],[77.587009,12.975077]],[[77.587009,12.975077],[77.58686,12.974586]],[[77.58686,12.974586],[77.586786,12.974305]],[[77.586786,12.974305],[77.586749,12.974235],[77.586783,12.974024]],[[77.586783,12.974024],[77.586815,12.973636]]]}},{"type":"Feature","properties":{},"geometry":{"type":"LineString","coordinates":[[77.589326,12.987406],[77.58929,12.987406],[77.589254,12.987407]]}},{"type":"Feature","properties":{},"geometry":{"type":"MultiLineString","coordinates":[[[77.589819,12.986521],[77.589854,12.986486],[77.589926,12.98645],[77.589926,12.98645]],[[77.589926,12.98645],[77.589961,12.986414]],[[77.589961,12.986414],[77.589996,12.986344],[77.589996,12.986344]],[[77.589996,12.986344],[77.590032,12.986308]],[[77.590032,12.986308],[77.590103,12.986237]]]}},{"type":"Feature","properties":{},"geometry":{"type":"MultiLineString","coordinates":[[[77.588934,12.987691],[77.588934,12.987727],[77.588902,12.988079],[77.588868,12.98822],[77.58887,12.988431],[77.588836,12.988643],[77.58884,12.988994],[77.588806,12.989241],[77.588809,12.989452],[77.588776,12.989734],[77.588777,12.98984],[77.588743,12.990051],[77.588744,12.990192],[77.588711,12.990403],[77.588711,12.990438]],[[77.588711,12.990438],[77.588711,12.990403],[77.588675,12.990404]],[[77.589005,12.98762],[77.588934,12.987691]],[[77.589039,12.987479],[77.58904,12.987514],[77.589004,12.987585],[77.589005,12.98762]],[[77.58911,12.987408],[77.589074,12.987408],[77.589039,12.987479]],[[77.589145,12.987302],[77.58911,12.987408],[77.58911,12.987408]],[[77.589181,12.987267],[77.589145,12.987302]],[[77.58918,12.987231],[77.589181,12.987267]],[[77.589215,12.987161],[77.58918,12.987231]],[[77.58925,12.98702],[77.589215,12.987126],[77.589215,12.987161]]]}},{"type":"Feature","properties":{},"geometry":{"type":"LineString","coordinates":[[77.590012,12.987892],[77.590048,12.987856],[77.590084,12.987856]]}},{"type":"Feature","properties":{},"geometry":{"type":"MultiLineString","coordinates":[[[77.590434,12.986973],[77.59047,12.987007],[77.590506,12.987042]],[[77.590179,12.986658],[77.590179,12.986694],[77.590324,12.986833],[77.590434,12.986973]],[[77.589961,12.986414],[77.590143,12.986624],[77.590143,12.986659],[77.590179,12.986658]],[[77.589635,12.986101],[77.589816,12.986275],[77.589925,12.986415],[77.589961,12.986414]],[[77.592546,12.983045],[77.592545,12.98301],[77.592296,12.983224],[77.59194,12.983439],[77.591762,12.983616],[77.5913,12.984043],[77.591158,12.984185],[77.590981,12.984398],[77.590839,12.984576],[77.590627,12.984824],[77.59052,12.984931],[77.590379,12.985143],[77.590308,12.985214],[77.589776,12.985853],[77.589705,12.985959],[77.589599,12.986066],[77.589635,12.986101]],[[77.595046,12.981894],[77.594974,12.981895],[77.594509,12.982076],[77.593937,12.982257],[77.593401,12.982474],[77.593222,12.982511],[77.592831,12.982832],[77.592581,12.98301],[77.592546,12.983045]],[[77.595117,12.981859],[77.595046,12.981894]],[[77.595546,12.981678],[77.595546,12.981714],[77.595117,12.981859]],[[77.596118,12.981497],[77.595546,12.981678]],[[77.597906,12.980916],[77.597656,12.980989],[77.597191,12.981169],[77.596654,12.981315],[77.59644,12.981388],[77.596225,12.98146],[77.596118,12.981497]],[[77.601733,12.979646],[77.601697,12.979681],[77.601304,12.979826],[77.600875,12.979971],[77.600374,12.980117],[77.599945,12.980262],[77.59948,12.980407],[77.599373,12.980444],[77.5988,12.980625],[77.598228,12.980807],[77.597906,12.980916]],[[77.602376,12.979428],[77.60209,12.979537],[77.601733,12.979646]],[[77.603449,12.979066],[77.602984,12.979246],[77.602519,12.979392],[77.602376,12.979428]]]}},{"type":"Feature","properties":{},"geometry":{"type":"MultiLineString","coordinates":[[[77.589072,12.987197],[77.589073,12.987233],[77.589073,12.987303],[77.589145,12.987302]],[[77.588963,12.987093],[77.589071,12.987092],[77.589072,12.987197]]]}},{"type":"Feature","properties":{},"geometry":{"type":"MultiLineString","coordinates":[[[77.588676,12.990509],[77.588711,12.990438]],[[77.588711,12.990438],[77.588711,12.990403],[77.58871,12.990368],[77.588709,12.990263],[77.588745,12.990227],[77.588743,12.990051],[77.588777,12.98984],[77.588773,12.989453],[77.588806,12.989241],[77.588806,12.989206],[77.588838,12.988854],[77.588836,12.988607],[77.588833,12.988396],[77.588867,12.988185],[77.588866,12.988079],[77.588899,12.987762],[77.588934,12.987727]]]}},{"type":"Feature","properties":{},"geometry":{"type":"MultiLineString","coordinates":[[[77.589327,12.987512],[77.589112,12.987619]],[[77.589363,12.987511],[77.589327,12.987512],[77.589327,12.987512]],[[77.58947,12.987475],[77.589363,12.987511],[77.589363,12.987511]],[[77.589648,12.987368],[77.589541,12.987439],[77.58947,12.987475]],[[77.589755,12.987331],[77.589648,12.987368]],[[77.589827,12.987295],[77.589755,12.987331]],[[77.589863,12.987295],[77.589827,12.987295]]]}},{"type":"Feature","properties":{},"geometry":{"type":"LineString","coordinates":[[77.589541,12.987439],[77.589542,12.987474],[77.589579,12.987579]]}},{"type":"Feature","properties":{},"geometry":{"type":"MultiLineString","coordinates":[[[77.599621,12.990505],[77.599657,12.99054],[77.600051,12.990431]],[[77.599583,12.990295],[77.599621,12.990505]],[[77.600051,12.990431],[77.600194,12.990394],[77.600659,12.990249],[77.600802,12.990212],[77.600945,12.990175]],[[77.606616,12.990259],[77.606652,12.990259],[77.606723,12.990258],[77.606939,12.990327],[77.606939,12.990291]],[[77.605969,12.990231],[77.606005,12.99023],[77.606257,12.990228],[77.606364,12.990227],[77.606508,12.990225],[77.606579,12.990225],[77.606616,12.990259]],[[77.598401,12.987069],[77.598511,12.987279],[77.598622,12.987595],[77.598696,12.98784],[77.598807,12.988156],[77.598917,12.988436],[77.599028,12.988682],[77.599102,12.988892],[77.599138,12.988927],[77.599176,12.989138],[77.599323,12.989523],[77.599435,12.989874],[77.599509,12.990119],[77.599583,12.990295]],[[77.605323,12.990202],[77.605431,12.990201],[77.605575,12.990235],[77.60579,12.990233],[77.605969,12.990231]],[[77.604642,12.990209],[77.604713,12.990208],[77.604964,12.990206],[77.605216,12.990203],[77.605323,12.990202]],[[77.604426,12.990176],[77.604498,12.990175],[77.604642,12.990209]],[[77.60421,12.990143],[77.60439,12.990176],[77.604426,12.990176]],[[77.603815,12.990112],[77.603923,12.99011],[77.604103,12.990144],[77.60421,12.990143]],[[77.600945,12.990175],[77.600981,12.990175]],[[77.600981,12.990175],[77.601303,12.990102],[77.601697,12.989992]],[[77.602917,12.99005],[77.602989,12.990049],[77.603384,12.990081],[77.603708,12.990113],[77.603815,12.990112]],[[77.601697,12.989992],[77.601769,12.989991],[77.601876,12.98999],[77.602199,12.990022],[77.60263,12.990018],[77.602917,12.99005]],[[77.59829,12.986753],[77.59829,12.986789],[77.5984,12.987034],[77.598401,12.987069]],[[77.598033,12.986158],[77.598069,12.986193],[77.59818,12.986508],[77.59829,12.986753]],[[77.597334,12.984511],[77.597554,12.985001],[77.597701,12.985352],[77.597849,12.985737],[77.597885,12.985772],[77.598033,12.986158]]]}},{"type":"Feature","properties":{},"geometry":{"type":"MultiLineString","coordinates":[[[77.589249,12.986984],[77.589214,12.98702],[77.589213,12.986914],[77.589177,12.986915]],[[77.589177,12.986915],[77.58914,12.986774]]]}},{"type":"Feature","properties":{},"geometry":{"type":"LineString","coordinates":[[77.589471,12.98758],[77.589508,12.987686]]}},{"type":"Feature","properties":{},"geometry":{"type":"LineString","coordinates":[[77.589755,12.987296],[77.589755,12.987331]]}},{"type":"Feature","properties":{},"geometry":{"type":"MultiLineString","coordinates":[[[77.593961,12.991512],[77.594144,12.991792],[77.594217,12.991897]],[[77.593707,12.991198],[77.593743,12.991198],[77.593926,12.991513],[77.593961,12.991512]],[[77.593707,12.991163],[77.593707,12.991198]],[[77.593525,12.990918],[77.593707,12.991163]],[[77.593415,12.990743],[77.593525,12.990918]],[[77.59327,12.990569],[77.593415,12.990743]],[[77.593015,12.99022],[77.593051,12.990254],[77.59327,12.990569],[77.59327,12.990569]],[[77.592832,12.989834],[77.593015,12.99022]],[[77.590578,12.987112],[77.590796,12.987321],[77.59105,12.987635],[77.591305,12.987949],[77.591596,12.988298],[77.591886,12.988647],[77.592213,12.988996],[77.592467,12.989275],[77.592758,12.989624],[77.592832,12.989834]],[[77.590013,12.987962],[77.590085,12.987926],[77.59012,12.987926],[77.590084,12.987856]],[[77.590084,12.987856],[77.589974,12.987646],[77.589828,12.987401],[77.589864,12.987401]],[[77.589864,12.987401],[77.589863,12.987365],[77.589899,12.987365]],[[77.589899,12.987365],[77.590578,12.987077],[77.590578,12.987112]]]}},{"type":"Feature","properties":{},"geometry":{"type":"LineString","coordinates":[[77.585776,12.991207],[77.586099,12.991133],[77.586099,12.991133]]}},{"type":"Feature","properties":{},"geometry":{"type":"MultiLineString","coordinates":[[[77.585909,12.990185],[77.58591,12.990255],[77.58591,12.990255]],[[77.587075,12.988343],[77.586933,12.988486],[77.586434,12.988878],[77.586257,12.989055],[77.586115,12.989233],[77.586045,12.989409],[77.585943,12.990009],[77.585909,12.990185]],[[77.588747,12.986954],[77.588711,12.986955],[77.588568,12.987062],[77.588284,12.987311],[77.588035,12.987524],[77.58775,12.987774],[77.587466,12.988023],[77.587288,12.988165],[77.587075,12.988343]],[[77.588925,12.986847],[77.588747,12.986954],[77.588747,12.986954]],[[77.588996,12.986776],[77.588925,12.986847]]]}},{"type":"Feature","properties":{},"geometry":{"type":"LineString","coordinates":[[77.58918,12.987161],[77.589215,12.987161]]}},{"type":"Feature","properties":{},"geometry":{"type":"MultiLineString","coordinates":[[[77.589599,12.986101],[77.589457,12.986243],[77.589421,12.986244]],[[77.589635,12.986101],[77.589599,12.986101]],[[77.589706,12.985995],[77.58967,12.985995],[77.589635,12.986066],[77.589635,12.986101]],[[77.589705,12.985959],[77.589706,12.985995]],[[77.592546,12.983045],[77.592368,12.983188],[77.591904,12.983474],[77.591798,12.983581],[77.591514,12.983865],[77.591194,12.98422],[77.590839,12.984576],[77.590591,12.98486],[77.590556,12.98493],[77.590308,12.98525],[77.589812,12.985853],[77.589705,12.985959],[77.589705,12.985959]],[[77.595117,12.981859],[77.594903,12.981966],[77.594474,12.982111],[77.594045,12.982256],[77.593616,12.982401],[77.593222,12.982546],[77.592795,12.982867],[77.592582,12.983045],[77.592546,12.983045]],[[77.595546,12.981714],[77.595332,12.981786],[77.595117,12.981859]],[[77.596154,12.981496],[77.596118,12.981497],[77.595546,12.981714]],[[77.601733,12.979681],[77.601626,12.979752],[77.601089,12.979899],[77.600875,12.979971],[77.60041,12.980117],[77.600124,12.980225],[77.599945,12.980262],[77.59948,12.980407],[77.59923,12.980515],[77.5988,12.980625],[77.598336,12.980806],[77.597942,12.980915],[77.597513,12.98106],[77.597084,12.981205],[77.596619,12.981316],[77.596297,12.98146],[77.596154,12.981496]],[[77.602055,12.979572],[77.601804,12.979645],[77.601733,12.979681]],[[77.603449,12.979101],[77.603342,12.979137],[77.603199,12.979174],[77.602913,12.979247],[77.602591,12.979391],[77.602484,12.979427],[77.602198,12.9795],[77.602055,12.979572]]]}},{"type":"Feature","properties":{},"geometry":{"type":"LineString","coordinates":[[77.585776,12.991172],[77.587352,12.990874],[77.587352,12.990874]]}},{"type":"Feature","properties":{},"geometry":{"type":"MultiLineString","coordinates":[[[77.585157,12.993782],[77.585193,12.993781]],[[77.585049,12.993748],[77.585157,12.993782]],[[77.585359,12.992478],[77.585222,12.993148],[77.584941,12.993678],[77.585049,12.993748]],[[77.585596,12.991103],[77.585528,12.991456],[77.585461,12.991914],[77.585358,12.992407],[77.585359,12.992478]],[[77.585775,12.991101],[77.585739,12.991101]],[[77.585739,12.991101],[77.585704,12.991102]],[[77.585704,12.991102],[77.585596,12.991103]]]}},{"type":"Feature","properties":{},"geometry":{"type":"MultiLineString","coordinates":[[[77.584797,12.993609],[77.584869,12.993644],[77.585114,12.993114],[77.585321,12.992232],[77.58549,12.99128],[77.585692,12.989976],[77.585828,12.989271],[77.585934,12.989059],[77.58604,12.988917],[77.586644,12.988383],[77.587392,12.987812],[77.587997,12.987278],[77.588673,12.986744],[77.588851,12.986601],[77.588739,12.986215],[77.588518,12.98569],[77.588372,12.985374]],[[77.588371,12.985339],[77.58815,12.984814],[77.58797,12.984675]]]}},{"type":"Feature","properties":{},"geometry":{"type":"MultiLineString","coordinates":[[[77.588747,12.986954],[77.588391,12.987239]],[[77.588964,12.987163],[77.588928,12.987164],[77.588928,12.987164]],[[77.588928,12.987164],[77.588892,12.987094]],[[77.588892,12.987094],[77.588854,12.986918]],[[77.588854,12.986918],[77.588854,12.986883],[77.588783,12.986954],[77.588747,12.986954]]]}},{"type":"Feature","properties":{},"geometry":{"type":"MultiLineString","coordinates":[[[77.585372,12.983328],[77.585369,12.983047],[77.585369,12.983011],[77.585368,12.982976]],[[77.585368,12.982976],[77.585368,12.982941]]]}},{"type":"Feature","properties":{},"geometry":{"type":"LineString","coordinates":[[77.628413,13.002004],[77.628342,13.002005],[77.628306,13.00204]]}},{"type":"Feature","properties":{},"geometry":{"type":"LineString","coordinates":[[77.627801,13.001799],[77.627802,13.001834],[77.627839,13.00194]]}},{"type":"Feature","properties":{},"geometry":{"type":"LineString","coordinates":[[77.628018,13.001903],[77.627982,13.001938],[77.627946,13.001938]]}},{"type":"Feature","properties":{},"geometry":{"type":"LineString","coordinates":[[77.585017,12.983684],[77.585016,12.983648],[77.585016,12.983613]]}},{"type":"Feature","properties":{},"geometry":{"type":"LineString","coordinates":[[77.596503,12.994408],[77.596357,12.994127]]}},{"type":"Feature","properties":{},"geometry":{"type":"MultiLineString","coordinates":[[[77.590715,12.986407],[77.591143,12.986156],[77.591571,12.985941],[77.591571,12.985941]],[[77.591571,12.985941],[77.591607,12.985905],[77.592108,12.985795],[77.592572,12.985614],[77.593037,12.985434]],[[77.593037,12.985434],[77.593073,12.985398]],[[77.593073,12.985398],[77.593431,12.985324],[77.593646,12.985287],[77.593896,12.985214],[77.594541,12.985137]],[[77.594541,12.985137],[77.594282,12.98433],[77.594639,12.984221],[77.59464,12.984256],[77.595105,12.984146],[77.595142,12.984216],[77.595644,12.984211],[77.596181,12.984065],[77.596329,12.984556],[77.596615,12.984448],[77.596937,12.984304],[77.597225,12.984442]],[[77.597225,12.984442],[77.597334,12.984511]]]}},{"type":"Feature","properties":{},"geometry":{"type":"MultiLineString","coordinates":[[[77.585155,12.983154],[77.585153,12.983014]],[[77.585153,12.983014],[77.585153,12.982978]],[[77.585153,12.982978],[77.585189,12.982978]]]}},{"type":"Feature","properties":{},"geometry":{"type":"LineString","coordinates":[[77.585017,12.983684],[77.585053,12.983683],[77.585053,12.983683]]}},{"type":"Feature","properties":{},"geometry":{"type":"LineString","coordinates":[[77.585053,12.983683],[77.585052,12.983648],[77.585052,12.983613]]}},{"type":"Feature","properties":{},"geometry":{"type":"LineString","coordinates":[[77.5894,12.987616],[77.589327,12.987512]]}},{"type":"Feature","properties":{},"geometry":{"type":"LineString","coordinates":[[77.589624,12.988459],[77.589659,12.988458],[77.589766,12.988387]]}},{"type":"Feature","properties":{},"geometry":{"type":"MultiLineString","coordinates":[[[77.590614,12.987076],[77.590904,12.987355]],[[77.590399,12.987079],[77.590435,12.987078],[77.590435,12.987113],[77.590542,12.987077],[77.590614,12.987041],[77.590614,12.987076]]]}},{"type":"Feature","properties":{},"geometry":{"type":"LineString","coordinates":[[77.590435,12.987078],[77.590362,12.986973],[77.590434,12.986973]]}},{"type":"Feature","properties":{},"geometry":{"type":"MultiLineString","coordinates":[[[77.58451,12.983266],[77.584546,12.983231],[77.584582,12.98323],[77.584582,12.983266],[77.584583,12.983336],[77.584618,12.983336],[77.584654,12.983335]],[[77.582767,12.981278],[77.582804,12.981383],[77.582986,12.981627],[77.583277,12.982012],[77.58335,12.982081],[77.583823,12.98278],[77.584006,12.98306],[77.584436,12.983056],[77.584474,12.983231],[77.58451,12.983231],[77.58451,12.983266]],[[77.582108,12.980017],[77.582181,12.980122],[77.582364,12.980472],[77.582437,12.980612],[77.582547,12.980858],[77.582731,12.981243],[77.582767,12.981278]],[[77.582071,12.979912],[77.582108,12.980017]],[[77.581889,12.979633],[77.581925,12.979667],[77.581962,12.979737],[77.582071,12.979912]],[[77.581853,12.979633],[77.581889,12.979633]],[[77.581524,12.979073],[77.581707,12.979353],[77.581853,12.979598],[77.581853,12.979633]],[[77.579921,12.976731],[77.579994,12.976836],[77.580067,12.976941],[77.580249,12.977185],[77.580431,12.977465],[77.58065,12.97778],[77.580832,12.978059],[77.581014,12.978339],[77.581451,12.978968],[77.581524,12.979073]],[[77.579885,12.976696],[77.579921,12.976731]],[[77.579047,12.975508],[77.57912,12.975613],[77.579557,12.976242],[77.579885,12.976696]],[[77.579047,12.975473],[77.579047,12.975508]],[[77.578355,12.974459],[77.578501,12.974704],[77.578537,12.974739],[77.578974,12.975368],[77.579047,12.975473]],[[77.578319,12.974425],[77.578355,12.974459],[77.578355,12.974459]],[[77.578318,12.974389],[77.578319,12.974425],[77.578319,12.974425]]]}},{"type":"Feature","properties":{},"geometry":{"type":"MultiLineString","coordinates":[[[77.584419,12.977883],[77.584455,12.977918]],[[77.583909,12.977149],[77.583982,12.977289],[77.584091,12.977464],[77.584237,12.977674],[77.584419,12.977883]],[[77.58125,12.97334],[77.581287,12.973445],[77.581323,12.97348],[77.581505,12.973689],[77.58176,12.974109],[77.581905,12.974283],[77.582051,12.974493],[77.582269,12.974772],[77.582342,12.974877],[77.58256,12.975157],[77.582634,12.975297],[77.582889,12.975681],[77.583071,12.975926],[77.58318,12.976065],[77.583362,12.976345],[77.583471,12.976485],[77.583617,12.97673],[77.583726,12.976869],[77.583799,12.976974],[77.583909,12.977149]],[[77.581214,12.97334],[77.58125,12.97334]],[[77.581177,12.97327],[77.581214,12.97334]]]}},{"type":"Feature","properties":{},"geometry":{"type":"MultiLineString","coordinates":[[[77.584313,12.97813],[77.584277,12.97806]],[[77.584277,12.97806],[77.584241,12.978026]],[[77.584241,12.978026],[77.584167,12.977886]]]}},{"type":"Feature","properties":{},"geometry":{"type":"MultiLineString","coordinates":[[[77.58225,12.979875],[77.582143,12.979912],[77.582143,12.979912]],[[77.582143,12.979912],[77.582071,12.979912]],[[77.582071,12.979912],[77.581711,12.979775]],[[77.582535,12.979661],[77.582286,12.97984]],[[77.584242,12.978166],[77.582461,12.979416],[77.582571,12.979626],[77.582535,12.979661]],[[77.584605,12.978585],[77.584313,12.97813]],[[77.584313,12.97813],[77.584242,12.978166]]]}},{"type":"Feature","properties":{},"geometry":{"type":"MultiLineString","coordinates":[[[77.586794,12.982082],[77.586394,12.981488]],[[77.586394,12.981488],[77.585664,12.980369]],[[77.585664,12.980369],[77.585628,12.980299]],[[77.585628,12.980299],[77.585191,12.97967]],[[77.585191,12.97967],[77.584753,12.979006]],[[77.584753,12.979006],[77.584461,12.978516],[77.584242,12.978166]],[[77.584242,12.978166],[77.584205,12.978096]],[[77.584205,12.978096],[77.584169,12.978062]],[[77.584169,12.978062],[77.583694,12.977257],[77.583801,12.97715]],[[77.583801,12.97715],[77.583837,12.97715]],[[77.583837,12.97715],[77.583872,12.977114]]]}},{"type":"Feature","properties":{},"geometry":{"type":"LineString","coordinates":[[77.584058,12.977746],[77.583949,12.977536],[77.583984,12.9775]]}},{"type":"Feature","properties":{},"geometry":{"type":"MultiLineString","coordinates":[[[77.588074,12.984392],[77.588038,12.984357]],[[77.588038,12.984357],[77.588038,12.984322]],[[77.588038,12.984322],[77.588001,12.984252]],[[77.588001,12.984252],[77.587927,12.984077]],[[77.587927,12.984077],[77.587891,12.984007]],[[77.587891,12.984007],[77.587671,12.983587]],[[77.587671,12.983587],[77.587524,12.983271]],[[77.587524,12.983271],[77.587451,12.983131],[77.587414,12.982991]],[[77.587414,12.982991],[77.58734,12.982816]],[[77.58734,12.982816],[77.587303,12.982711]],[[77.587303,12.982711],[77.587303,12.98264]],[[77.587303,12.98264],[77.587266,12.982605],[77.587157,12.982431]],[[77.587157,12.982431],[77.586975,12.982151]],[[77.586975,12.982151],[77.586756,12.981836]],[[77.586756,12.981836],[77.586574,12.981592]],[[77.586574,12.981592],[77.586465,12.981452]],[[77.586465,12.981452],[77.585699,12.980298]],[[77.585699,12.980298],[77.585663,12.980228]],[[77.585663,12.980228],[77.585371,12.979809]],[[77.585371,12.979809],[77.585262,12.979634]],[[77.585262,12.979634],[77.585153,12.979495],[77.584787,12.978794]],[[77.584787,12.978794],[77.584677,12.978584]]]}},{"type":"Feature","properties":{},"geometry":{"type":"MultiLineString","coordinates":[[[77.584032,12.995975],[77.584026,12.995482],[77.584021,12.994954],[77.583974,12.993899]],[[77.583974,12.993899],[77.58401,12.993899]],[[77.58401,12.993899],[77.583974,12.993864],[77.583973,12.993829],[77.584329,12.993473],[77.584111,12.993264],[77.583893,12.99302],[77.583784,12.992845],[77.583565,12.992531],[77.583347,12.992216],[77.583237,12.992041],[77.582946,12.991657],[77.5828,12.991412],[77.582655,12.991238]],[[77.582655,12.991238],[77.582546,12.991098],[77.5824,12.990924],[77.582181,12.990503],[77.581961,12.990119],[77.581779,12.989804],[77.581705,12.989664]],[[77.581705,12.989664],[77.581633,12.989559]],[[77.581633,12.989559],[77.581596,12.989524]],[[77.581596,12.989524],[77.58156,12.989454],[77.581304,12.989034],[77.581122,12.988754],[77.581049,12.988614],[77.581012,12.988544],[77.580903,12.98837],[77.58083,12.988265],[77.58072,12.98809],[77.580647,12.98795],[77.580575,12.98788],[77.580465,12.987705],[77.580392,12.987565],[77.580319,12.98746],[77.580319,12.98746]],[[77.580319,12.98746],[77.580319,12.987425],[77.580283,12.987426]],[[77.580283,12.987426],[77.579845,12.986691],[77.579628,12.986517]]]}},{"type":"Feature","properties":{},"geometry":{"type":"MultiLineString","coordinates":[[[77.584622,12.983687],[77.584694,12.983687]],[[77.58451,12.983266],[77.58455,12.983688],[77.584622,12.983687],[77.584622,12.983687]],[[77.584617,12.98316],[77.584509,12.983161],[77.58451,12.983266]],[[77.584759,12.983017],[77.58476,12.983158],[77.584724,12.983159],[77.584653,12.983159]]]}},{"type":"Feature","properties":{},"geometry":{"type":"MultiLineString","coordinates":[[[77.584517,12.997835],[77.584483,12.997941]],[[77.584517,12.997765],[77.584517,12.997835]],[[77.584552,12.997694],[77.584517,12.997765]],[[77.585372,12.993744],[77.585337,12.993815],[77.585303,12.994027],[77.585235,12.994379],[77.585236,12.994485],[77.585203,12.994696],[77.585169,12.994943],[77.585102,12.995366],[77.585033,12.995613],[77.584964,12.99593],[77.584896,12.996248],[77.584827,12.99653],[77.584758,12.996777],[77.584689,12.997129],[77.584585,12.997482],[77.584551,12.997659],[77.584552,12.997694]],[[77.585471,12.992934],[77.585472,12.993004],[77.585439,12.993286],[77.585371,12.993639],[77.585372,12.993744]],[[77.585539,12.992511],[77.58554,12.992652],[77.585506,12.992828],[77.585471,12.992934]],[[77.585741,12.991242],[77.585672,12.991524],[77.585673,12.991595],[77.585639,12.991771],[77.585607,12.992159],[77.585574,12.992405],[77.585538,12.992476],[77.585539,12.992511]],[[77.585741,12.991207],[77.585741,12.991242]],[[77.58574,12.991137],[77.58574,12.991172],[77.585741,12.991207],[77.585741,12.991207]],[[77.585739,12.991101],[77.58574,12.991137]],[[77.585909,12.990185],[77.585874,12.99022],[77.585842,12.990643],[77.585775,12.991031],[77.585739,12.991101]],[[77.587074,12.988308],[77.586754,12.988593],[77.586434,12.988842],[77.586256,12.98902],[77.586114,12.989162],[77.586079,12.989198],[77.586009,12.989374],[77.58601,12.989515],[77.585943,12.989973],[77.585909,12.990185]],[[77.58871,12.986884],[77.588711,12.986919],[77.588462,12.987133],[77.588035,12.987489],[77.587572,12.987846],[77.587181,12.988202],[77.587074,12.988308]],[[77.588888,12.986777],[77.588746,12.986884],[77.588746,12.986919],[77.58871,12.986884]],[[77.588993,12.986494],[77.588994,12.98653],[77.588924,12.986741],[77.588924,12.986777],[77.588888,12.986777]],[[77.588038,12.984357],[77.588074,12.984357],[77.58822,12.984567],[77.58844,12.985057],[77.588698,12.985758],[77.588735,12.985863],[77.588809,12.986039],[77.588957,12.986495],[77.588993,12.986494]],[[77.588002,12.984358],[77.588038,12.984357],[77.588038,12.984357]],[[77.587643,12.984291],[77.587822,12.984324],[77.588002,12.984358]],[[77.587355,12.984188],[77.587643,12.984291]],[[77.585411,12.983644],[77.585483,12.983644],[77.586491,12.98395],[77.587138,12.98412],[77.587355,12.984188]],[[77.585374,12.983539],[77.585375,12.983645],[77.585411,12.983644]],[[77.585374,12.983504],[77.585374,12.983539],[77.585374,12.983539]],[[77.585372,12.983328],[77.585374,12.983504]],[[77.585333,12.983012],[77.585372,12.983328]],[[77.585332,12.982977],[77.585333,12.983012],[77.585333,12.983012]]]}},{"type":"Feature","properties":{},"geometry":{"type":"MultiLineString","coordinates":[[[77.589362,12.987476],[77.589363,12.987511]],[[77.589326,12.987406],[77.589326,12.987441],[77.589362,12.987476]],[[77.589325,12.987371],[77.589326,12.987406]],[[77.589252,12.987196],[77.589325,12.987371]],[[77.589215,12.987161],[77.589252,12.987196]],[[77.589177,12.986915],[77.589141,12.98695],[77.589215,12.987161]],[[77.589213,12.986914],[77.589177,12.986915]],[[77.589249,12.986914],[77.589213,12.986914]],[[77.589284,12.986879],[77.589249,12.986914],[77.589249,12.986914]]]}},{"type":"Feature","properties":{},"geometry":{"type":"LineString","coordinates":[[77.58947,12.987475],[77.589543,12.98765]]}},{"type":"Feature","properties":{},"geometry":{"type":"MultiLineString","coordinates":[[[77.58918,12.987161],[77.58918,12.987196],[77.58918,12.987231]],[[77.589029,12.986494],[77.589066,12.986564],[77.589105,12.986916],[77.589143,12.987091],[77.58918,12.987161]]]}},{"type":"Feature","properties":{},"geometry":{"type":"MultiLineString","coordinates":[[[77.589249,12.986914],[77.589285,12.986949]],[[77.589138,12.986598],[77.589249,12.986914]],[[77.589421,12.986244],[77.589137,12.986563],[77.589138,12.986598]],[[77.589563,12.986102],[77.589528,12.986172],[77.589421,12.986244]],[[77.592543,12.982799],[77.592116,12.983155],[77.591477,12.983795],[77.590874,12.98447],[77.590591,12.984824],[77.590307,12.985179],[77.589776,12.985853],[77.589599,12.986066],[77.589563,12.986102]],[[77.595617,12.981572],[77.595581,12.981572],[77.595223,12.981682],[77.594722,12.981862],[77.594222,12.982043],[77.593757,12.982189],[77.593292,12.982369],[77.593078,12.982442],[77.592614,12.982728],[77.592579,12.982799],[77.592543,12.982799],[77.592543,12.982799]],[[77.595974,12.981463],[77.595723,12.981501],[77.595617,12.981572]],[[77.597583,12.980919],[77.597584,12.980954],[77.597226,12.981028],[77.596725,12.981209],[77.596582,12.981246],[77.59626,12.981354],[77.596117,12.981391],[77.595974,12.981463]],[[77.597906,12.980845],[77.597583,12.980919]],[[77.598764,12.980555],[77.598656,12.980592],[77.598227,12.980737],[77.598156,12.980737],[77.597906,12.980845]]]}},{"type":"Feature","properties":{},"geometry":{"type":"LineString","coordinates":[[77.58823,12.975136],[77.588229,12.9751],[77.588229,12.9751]]}},{"type":"Feature","properties":{},"geometry":{"type":"LineString","coordinates":[[77.588687,12.984668],[77.588723,12.984667],[77.588723,12.984667]]}},{"type":"Feature","properties":{},"geometry":{"type":"MultiLineString","coordinates":[[[77.582535,12.979661],[77.582535,12.979696],[77.582179,12.979946]],[[77.582317,12.979347],[77.582535,12.979661]],[[77.581632,12.979037],[77.581952,12.978823],[77.582317,12.979347]]]}},{"type":"Feature","properties":{},"geometry":{"type":"LineString","coordinates":[[77.591938,12.983228],[77.591973,12.983157]]}},{"type":"Feature","properties":{},"geometry":{"type":"LineString","coordinates":[[77.581524,12.979073],[77.581632,12.979037]]}},{"type":"Feature","properties":{},"geometry":{"type":"MultiLineString","coordinates":[[[77.582144,12.979982],[77.582108,12.980017]],[[77.582179,12.979946],[77.582144,12.979982]]]}},{"type":"Feature","properties":{},"geometry":{"type":"MultiLineString","coordinates":[[[77.591973,12.983157],[77.592008,12.983121],[77.592684,12.982551],[77.592756,12.982516]],[[77.592756,12.982516],[77.593113,12.982336],[77.594293,12.981937]]]}},{"type":"Feature","properties":{},"geometry":{"type":"LineString","coordinates":[[77.594293,12.981937],[77.594364,12.981936]]}},{"type":"Feature","properties":{},"geometry":{"type":"LineString","coordinates":[[77.595046,12.981894],[77.595045,12.981859],[77.595045,12.981859]]}},{"type":"Feature","properties":{},"geometry":{"type":"MultiLineString","coordinates":[[[77.594972,12.981684],[77.595615,12.981466]],[[77.595615,12.981466],[77.59583,12.981429]],[[77.59583,12.981429],[77.596152,12.98132],[77.595824,12.980796],[77.596288,12.98058],[77.596682,12.980506],[77.596826,12.980575],[77.597007,12.980749],[77.597188,12.980817],[77.597223,12.980817]],[[77.597223,12.980817],[77.597402,12.98078],[77.597438,12.98078],[77.597474,12.980779]],[[77.597474,12.980779],[77.597618,12.980778]],[[77.597618,12.980778],[77.597654,12.980778]],[[77.597654,12.980778],[77.59769,12.980777]],[[77.59769,12.980777],[77.597797,12.980776],[77.597869,12.98074]],[[77.597869,12.98074],[77.598513,12.980558],[77.599263,12.980304],[77.599264,12.980339]],[[77.599264,12.980374],[77.599265,12.98041]],[[77.599264,12.980339],[77.599264,12.980374]]]}},{"type":"Feature","properties":{},"geometry":{"type":"LineString","coordinates":[[77.594972,12.981719],[77.594972,12.981684]]}},{"type":"Feature","properties":{},"geometry":{"type":"MultiLineString","coordinates":[[[77.595118,12.981894],[77.595153,12.981893],[77.595622,12.982065],[77.595802,12.982168],[77.596127,12.982306],[77.596377,12.982268],[77.596557,12.982266],[77.596735,12.982194],[77.59695,12.982122],[77.597055,12.981874],[77.59716,12.981627],[77.597267,12.981591]],[[77.595117,12.981859],[77.595118,12.981894]],[[77.595045,12.981859],[77.595117,12.981859],[77.595117,12.981859]],[[77.597267,12.981591],[77.597446,12.981519],[77.598555,12.981191],[77.598626,12.981155]],[[77.598626,12.981155],[77.598662,12.981155],[77.598551,12.980769],[77.600517,12.980115],[77.600982,12.97997]],[[77.600982,12.97997],[77.601626,12.979788],[77.601841,12.97968],[77.602055,12.979572]]]}},{"type":"Feature","properties":{},"geometry":{"type":"MultiLineString","coordinates":[[[77.589929,12.986767],[77.590036,12.98673],[77.590108,12.986694]],[[77.590108,12.986694],[77.590179,12.986658],[77.590179,12.986658]],[[77.590179,12.986658],[77.59025,12.986623]],[[77.59025,12.986623],[77.590286,12.986587]],[[77.590286,12.986587],[77.590715,12.986407]]]}},{"type":"Feature","properties":{},"geometry":{"type":"LineString","coordinates":[[77.590715,12.986407],[77.590714,12.986372]]}},{"type":"Feature","properties":{},"geometry":{"type":"LineString","coordinates":[[77.591027,12.985418],[77.590991,12.985384]]}},{"type":"Feature","properties":{},"geometry":{"type":"MultiLineString","coordinates":[[[77.591593,12.984639],[77.591558,12.984639]],[[77.591558,12.984639],[77.591557,12.984604]]]}},{"type":"Feature","properties":{},"geometry":{"type":"MultiLineString","coordinates":[[[77.609657,12.992833],[77.609693,12.992833]],[[77.609693,12.992833],[77.609692,12.992797]]]}},{"type":"Feature","properties":{},"geometry":{"type":"MultiLineString","coordinates":[[[77.624231,13.006973],[77.624517,13.006864],[77.624517,13.006864]],[[77.624517,13.006864],[77.624553,13.006864],[77.624803,13.006756],[77.625196,13.006611],[77.625411,13.006539],[77.62559,13.006467],[77.625516,13.006326],[77.625258,13.005696],[77.625147,13.00538],[77.625072,13.005029]],[[77.625072,13.005029],[77.624996,13.004643]],[[77.624996,13.004643],[77.62496,13.004608]],[[77.62496,13.004608],[77.624885,13.004327],[77.624849,13.004257],[77.624665,13.003837],[77.624627,13.003696],[77.624554,13.003591],[77.624481,13.003451]],[[77.624481,13.003451],[77.624444,13.003346]],[[77.624444,13.003346],[77.62426,13.002891],[77.624296,13.002925]],[[77.624296,13.002925],[77.624296,13.00289],[77.624796,13.002674],[77.625475,13.002421],[77.626047,13.002169],[77.62669,13.001916],[77.627333,13.001663],[77.627405,13.001627],[77.627404,13.001592]],[[77.627404,13.001592],[77.627404,13.001557],[77.627368,13.001522]],[[77.627368,13.001522],[77.62733,13.001382],[77.627438,13.001381]],[[77.627438,13.001381],[77.627474,13.00138]]]}},{"type":"Feature","properties":{},"geometry":{"type":"LineString","coordinates":[[77.622194,13.007768],[77.622158,13.007768]]}},{"type":"Feature","properties":{},"geometry":{"type":"MultiLineString","coordinates":[[[77.61028,13.000955],[77.609809,13.000538],[77.609266,13.000086],[77.60894,12.999737],[77.608757,12.999422],[77.608573,12.999037],[77.608463,12.998792],[77.608317,12.998547],[77.608208,12.998372],[77.607988,12.997987],[77.607733,12.997638],[77.607514,12.997288]],[[77.607514,12.997288],[77.607478,12.997254],[77.607186,12.996799],[77.606968,12.996484],[77.606713,12.996135],[77.606457,12.995715]],[[77.605494,12.996218],[77.605457,12.996183]],[[77.606386,12.995716],[77.606171,12.995824],[77.605743,12.996039],[77.605494,12.996218]],[[77.605457,12.996183],[77.605311,12.995903],[77.605091,12.995483],[77.604944,12.995168]],[[77.606457,12.995715],[77.606421,12.995716]],[[77.606421,12.995716],[77.606421,12.995681],[77.606386,12.995716]]]}},{"type":"Feature","properties":{},"geometry":{"type":"LineString","coordinates":[[77.59728,12.982787],[77.597281,12.982857],[77.597248,12.983174],[77.597251,12.983421],[77.597179,12.983457]]}},{"type":"Feature","properties":{},"geometry":{"type":"MultiLineString","coordinates":[[[77.594396,12.99186],[77.594505,12.992035],[77.594578,12.992104]],[[77.592974,12.989763],[77.593011,12.989797],[77.593122,12.990148],[77.593449,12.990497],[77.593777,12.990986],[77.594141,12.99151],[77.594396,12.99186]],[[77.592974,12.989727],[77.592974,12.989763]],[[77.592865,12.989552],[77.592974,12.989727]],[[77.59065,12.987076],[77.590685,12.987041],[77.59123,12.987669],[77.591448,12.987913],[77.591884,12.988401],[77.592393,12.989029],[77.592574,12.989239],[77.592828,12.989518],[77.592865,12.989552]],[[77.590543,12.987112],[77.590578,12.987112]],[[77.590578,12.987112],[77.590614,12.987076]],[[77.590614,12.987076],[77.59065,12.987076]]]}},{"type":"Feature","properties":{},"geometry":{"type":"MultiLineString","coordinates":[[[77.593814,12.991127],[77.593814,12.991162],[77.593887,12.991267],[77.594033,12.991476],[77.594251,12.991756],[77.594288,12.991861],[77.594361,12.99193],[77.594433,12.992035],[77.594542,12.99214],[77.594542,12.99214]],[[77.59065,12.987076],[77.590759,12.987181],[77.590868,12.98732],[77.591158,12.987634],[77.591194,12.987669],[77.591413,12.987948],[77.591521,12.988053],[77.59163,12.988192],[77.591703,12.988262],[77.591776,12.988367],[77.591848,12.988437],[77.59203,12.988681],[77.592103,12.988751],[77.592175,12.98882],[77.592248,12.988925],[77.592357,12.98903],[77.592429,12.989064],[77.592575,12.989274],[77.592793,12.989553],[77.592866,12.989658],[77.592975,12.989798],[77.59305,12.990114],[77.593086,12.990149],[77.593122,12.990183],[77.593231,12.990323],[77.593304,12.990428],[77.593413,12.990532],[77.593486,12.990637],[77.593632,12.990847],[77.593741,12.991022],[77.593814,12.991127]],[[77.590577,12.987006],[77.59065,12.987076]]]}},{"type":"Feature","properties":{},"geometry":{"type":"MultiLineString","coordinates":[[[77.590714,12.986372],[77.590711,12.98609],[77.590782,12.985984],[77.590886,12.985631],[77.591027,12.985418]],[[77.591027,12.985418],[77.591062,12.985312],[77.591239,12.9851],[77.591274,12.984994],[77.591416,12.984851],[77.591522,12.984674],[77.591558,12.984639]]]}},{"type":"Feature","properties":{},"geometry":{"type":"MultiLineString","coordinates":[[[77.614221,12.979767],[77.614406,12.980293]],[[77.61422,12.979661],[77.614184,12.979697],[77.614221,12.979767]]]}},{"type":"Feature","properties":{},"geometry":{"type":"LineString","coordinates":[[77.614427,12.975401],[77.614391,12.975402]]}},{"type":"Feature","properties":{},"geometry":{"type":"MultiLineString","coordinates":[[[77.58475,12.996038],[77.584887,12.995438],[77.585025,12.994909],[77.585092,12.994381],[77.585194,12.993887],[77.585193,12.993781]],[[77.585193,12.993781],[77.585193,12.993746]],[[77.585193,12.993746],[77.585261,12.993429],[77.585363,12.99283],[77.585431,12.992477]],[[77.585431,12.992477],[77.585497,12.991913],[77.585565,12.991596],[77.585632,12.991138],[77.585704,12.991137]],[[77.585704,12.991137],[77.58574,12.991137]],[[77.58574,12.991137],[77.585775,12.991101]],[[77.585776,12.991136],[77.586134,12.991062],[77.586635,12.990987],[77.587101,12.990877],[77.587567,12.990802],[77.588032,12.990692],[77.58839,12.990582],[77.588639,12.990439],[77.588639,12.990404]],[[77.585775,12.991101],[77.585776,12.991136]],[[77.588639,12.990404],[77.588675,12.990404]]]}},{"type":"Feature","properties":{},"geometry":{"type":"MultiLineString","coordinates":[[[77.584517,12.997835],[77.584517,12.9978],[77.58527,12.997722],[77.585664,12.997683],[77.586452,12.997569],[77.586631,12.997497],[77.586881,12.997354],[77.587201,12.997069],[77.587735,12.996677]],[[77.584409,12.997801],[77.584517,12.9978],[77.584517,12.997835]],[[77.587735,12.996677],[77.58802,12.996428],[77.58827,12.99632]],[[77.58827,12.99632],[77.588448,12.996212],[77.588912,12.995997],[77.589626,12.995602],[77.589838,12.995283],[77.589693,12.995144],[77.589363,12.994514],[77.589106,12.993918],[77.588996,12.993673],[77.588921,12.993357],[77.588885,12.993322]],[[77.588885,12.993322],[77.588884,12.993252]],[[77.588884,12.993252],[77.588773,12.992901],[77.588697,12.992585],[77.588622,12.992199],[77.588581,12.991742],[77.588577,12.99132],[77.588574,12.991038],[77.588608,12.990862]],[[77.588607,12.990827],[77.588607,12.990756]],[[77.588642,12.990721],[77.588641,12.990615],[77.588677,12.99058]]]}},{"type":"Feature","properties":{},"geometry":{"type":"MultiLineString","coordinates":[[[77.572923,12.983592],[77.572923,12.983628]],[[77.572922,12.983487],[77.572922,12.983522],[77.572923,12.983592]],[[77.572986,12.982782],[77.572987,12.982853],[77.572989,12.983064],[77.572956,12.983275],[77.572922,12.983487]],[[77.572569,12.98057],[77.57257,12.98071],[77.572571,12.980816],[77.572646,12.981132],[77.572759,12.981588],[77.572798,12.981904],[77.572835,12.98201],[77.572836,12.98215],[77.572874,12.982326],[77.57291,12.982361],[77.572948,12.982536],[77.572949,12.982607],[77.572986,12.982782]],[[77.572532,12.980464],[77.572569,12.98057]],[[77.571446,12.979595],[77.571842,12.979662],[77.572489,12.979796],[77.572454,12.979867],[77.572455,12.979972],[77.572456,12.980078],[77.572458,12.980219],[77.572532,12.980464]],[[77.571079,12.978754],[77.571119,12.979141],[77.571159,12.979563],[77.571446,12.979595]],[[77.571075,12.978367],[77.571077,12.978614],[77.571079,12.978754]],[[77.571036,12.978086],[77.571075,12.978367]],[[77.570814,12.977385],[77.57078,12.977631],[77.570996,12.977629],[77.571031,12.977629],[77.571036,12.978086]],[[77.57081,12.977033],[77.570814,12.977385]],[[77.570763,12.975907],[77.570837,12.976188],[77.570874,12.976293],[77.570843,12.976751],[77.570809,12.976962]],[[77.570725,12.975767],[77.570726,12.975837],[77.570763,12.975907]],[[77.570613,12.97531],[77.570651,12.975486],[77.570689,12.975697],[77.570689,12.975732],[77.570725,12.975767]],[[77.570609,12.974923],[77.570611,12.97517],[77.570613,12.97531]],[[77.570607,12.974782],[77.570608,12.974853],[77.570609,12.974888],[77.570609,12.974923]]]}},{"type":"Feature","properties":{},"geometry":{"type":"MultiLineString","coordinates":[[[77.585336,12.993745],[77.585337,12.99378],[77.585267,12.993992],[77.585235,12.994379],[77.5852,12.994485],[77.585167,12.994697],[77.585133,12.994943],[77.585066,12.995366],[77.584786,12.996038]],[[77.585539,12.992511],[77.585503,12.992511],[77.585504,12.992652],[77.58547,12.992829],[77.585436,12.992934],[77.585436,12.993005],[77.585403,12.993287],[77.585335,12.993639],[77.585336,12.99371],[77.585336,12.993745]],[[77.585705,12.991243],[77.585672,12.991524],[77.585637,12.991595],[77.585639,12.991771],[77.585571,12.992159],[77.585538,12.992406],[77.585538,12.992476],[77.585539,12.992511]],[[77.585741,12.991207],[77.585705,12.991207],[77.585705,12.991243]],[[77.585776,12.991172],[77.585741,12.991207],[77.585741,12.991207]],[[77.586099,12.991133],[77.586027,12.991134],[77.585776,12.991172]],[[77.588605,12.990545],[77.588068,12.990726],[77.587782,12.9908],[77.586851,12.990985],[77.586385,12.99106],[77.586099,12.991133]],[[77.588676,12.990509],[77.588605,12.990545]]]}},{"type":"Feature","properties":{},"geometry":{"type":"MultiLineString","coordinates":[[[77.579264,12.989582],[77.579229,12.989583],[77.579086,12.98969]],[[77.579861,12.98831],[77.579826,12.98838],[77.579545,12.988981],[77.579264,12.989547],[77.579264,12.989582]],[[77.579897,12.988274],[77.579861,12.98831]],[[77.580002,12.987991],[77.579897,12.988274]],[[77.580283,12.987426],[77.580143,12.987744],[77.580002,12.987991]],[[77.580318,12.98739],[77.580319,12.987425],[77.580283,12.987426]],[[77.580634,12.986683],[77.58067,12.986683],[77.580389,12.987249],[77.580318,12.98739]],[[77.581411,12.985444],[77.581198,12.985692],[77.581057,12.985905],[77.580705,12.986612],[77.58067,12.986683],[77.580634,12.986683],[77.580634,12.986683]],[[77.581482,12.985373],[77.581446,12.985373],[77.581411,12.985444]],[[77.583586,12.984155],[77.583301,12.984299],[77.583158,12.984371],[77.582943,12.984408],[77.582548,12.984412],[77.581944,12.984946],[77.581837,12.985017],[77.581588,12.985266],[77.581482,12.985373],[77.581482,12.985373]],[[77.584946,12.983755],[77.584623,12.983793],[77.584516,12.983794],[77.584301,12.983867],[77.583979,12.983975],[77.583658,12.984119],[77.583586,12.984155],[77.583586,12.984155]],[[77.585304,12.983681],[77.585304,12.983716],[77.585268,12.983716],[77.584982,12.983754],[77.584946,12.983755],[77.584946,12.983755]],[[77.585303,12.983645],[77.585304,12.983681]]]}},{"type":"Feature","properties":{},"geometry":{"type":"MultiLineString","coordinates":[[[77.579264,12.989582],[77.5793,12.989582],[77.579582,12.989051],[77.579862,12.988415],[77.579897,12.988309]],[[77.578977,12.989585],[77.57912,12.989478],[77.579264,12.989582]],[[77.579897,12.988309],[77.579933,12.988274]],[[77.579933,12.988274],[77.580038,12.987991]],[[77.580038,12.987991],[77.580108,12.98785],[77.580319,12.98746]],[[77.580319,12.98746],[77.580319,12.987425]],[[77.580319,12.987425],[77.580425,12.987248],[77.58067,12.986718]],[[77.58067,12.986718],[77.580705,12.986647],[77.580741,12.986612],[77.580741,12.986612]],[[77.580741,12.986612],[77.581022,12.986011],[77.581057,12.985905],[77.581447,12.985443]],[[77.581447,12.985443],[77.581482,12.985373],[77.581482,12.985373]],[[77.581482,12.985373],[77.581409,12.985303],[77.58148,12.985197],[77.5818,12.984877],[77.581941,12.984699],[77.582154,12.984451]],[[77.582154,12.984451],[77.582331,12.984238],[77.582439,12.984272],[77.582941,12.984232],[77.583192,12.98423],[77.58355,12.98412],[77.58355,12.98412]],[[77.58355,12.98412],[77.583586,12.98412],[77.584193,12.983868],[77.584444,12.983795],[77.584515,12.983759],[77.584587,12.983758]],[[77.584587,12.983758],[77.584695,12.983757],[77.584695,12.983757]],[[77.584695,12.983757],[77.584694,12.983722]],[[77.584694,12.983722],[77.584694,12.983687],[77.584694,12.983687]],[[77.584694,12.983687],[77.584693,12.983616]],[[77.584693,12.983616],[77.584653,12.983159]]]}},{"type":"Feature","properties":{},"geometry":{"type":"LineString","coordinates":[[77.58459,12.99794],[77.584589,12.997834],[77.585055,12.997794]]}},{"type":"Feature","properties":{},"geometry":{"type":"MultiLineString","coordinates":[[[77.569157,12.973319],[77.569267,12.973564],[77.569415,12.97395],[77.569562,12.974335],[77.569599,12.974441],[77.569853,12.974684],[77.570141,12.974752],[77.57032,12.97475],[77.570571,12.974748]],[[77.568603,12.971811],[77.568678,12.972092],[77.568752,12.972267],[77.568825,12.972442],[77.568973,12.972828],[77.56912,12.973214],[77.569157,12.973319]],[[77.568345,12.97111],[77.568419,12.97132],[77.568531,12.971706],[77.568603,12.971811]],[[77.568083,12.970057],[77.568085,12.970233],[77.56816,12.970584],[77.568271,12.970935],[77.568345,12.97111]],[[77.568036,12.968931],[77.568036,12.968966],[77.568042,12.9696],[77.568082,12.969951],[77.568083,12.970057]],[[77.568035,12.968861],[77.568036,12.968931]],[[77.568029,12.968333],[77.568031,12.968474],[77.568031,12.968509],[77.568034,12.968825],[77.568035,12.968861]]]}},{"type":"Feature","properties":{},"geometry":{"type":"MultiLineString","coordinates":[[[77.594578,12.992139],[77.594542,12.99214]],[[77.594578,12.992104],[77.594578,12.992139]]]}},{"type":"Feature","properties":{},"geometry":{"type":"LineString","coordinates":[[77.60726,12.993561],[77.607296,12.993596],[77.607692,12.993627],[77.607978,12.993589],[77.608265,12.993586],[77.608409,12.993584],[77.608624,12.993547],[77.608731,12.993511],[77.608838,12.993439],[77.609088,12.993296],[77.60923,12.993189],[77.609408,12.993047],[77.609657,12.992833],[77.609657,12.992868],[77.609657,12.992833]]}},{"type":"Feature","properties":{},"geometry":{"type":"MultiLineString","coordinates":[[[77.609657,12.992833],[77.609693,12.992833]],[[77.609693,12.992833],[77.609692,12.992797]]]}},{"type":"Feature","properties":{},"geometry":{"type":"MultiLineString","coordinates":[[[77.590086,12.988102],[77.590301,12.987995],[77.589936,12.9874],[77.590507,12.987148],[77.590578,12.987112]],[[77.590578,12.987112],[77.590614,12.987076]],[[77.590614,12.987076],[77.59065,12.987076]],[[77.59065,12.987076],[77.59065,12.987041]],[[77.59065,12.987041],[77.590721,12.98704]]]}},{"type":"Feature","properties":{},"geometry":{"type":"MultiLineString","coordinates":[[[77.590721,12.98704],[77.590649,12.986971]],[[77.590649,12.986971],[77.590576,12.986901]],[[77.590576,12.986901],[77.590431,12.986726],[77.590286,12.986587]],[[77.590286,12.986587],[77.590104,12.986378],[77.590032,12.986308]],[[77.590032,12.986308],[77.589742,12.986029],[77.589706,12.985995]]]}},{"type":"Feature","properties":{},"geometry":{"type":"MultiLineString","coordinates":[[[77.592936,12.989552],[77.59301,12.989692]],[[77.590721,12.98704],[77.590867,12.98725],[77.591012,12.987389],[77.591157,12.987528],[77.591266,12.987703],[77.591411,12.987843],[77.591484,12.987948],[77.591629,12.988087],[77.591702,12.988192],[77.59192,12.988436],[77.592174,12.988715],[77.592319,12.988889],[77.592501,12.989099],[77.592718,12.989308],[77.5929,12.989517],[77.592936,12.989552]]]}},{"type":"Feature","properties":{},"geometry":{"type":"LineString","coordinates":[[77.589898,12.98726],[77.589862,12.98719]]}},{"type":"Feature","properties":{},"geometry":{"type":"MultiLineString","coordinates":[[[77.589005,12.98762],[77.588969,12.987621]],[[77.589362,12.987476],[77.589112,12.987584],[77.589041,12.98762],[77.589005,12.98762]],[[77.589789,12.987155],[77.589826,12.987225],[77.589398,12.98744],[77.589362,12.987476]]]}},{"type":"Feature","properties":{},"geometry":{"type":"MultiLineString","coordinates":[[[77.599265,12.98041],[77.599157,12.980446],[77.598907,12.980519],[77.598764,12.980555]],[[77.600945,12.979865],[77.600838,12.979901],[77.600516,12.98001],[77.600051,12.980155],[77.599765,12.980264],[77.599372,12.980373],[77.599265,12.98041]]]}},{"type":"Feature","properties":{},"geometry":{"type":"MultiLineString","coordinates":[[[77.601732,12.979611],[77.601482,12.979684],[77.601195,12.979757],[77.600945,12.97983]],[[77.60234,12.979393],[77.602054,12.979502],[77.601732,12.979611]],[[77.603413,12.979031],[77.603305,12.979067],[77.602984,12.979176],[77.602411,12.979358],[77.60234,12.979393]]]}},{"type":"Feature","properties":{},"geometry":{"type":"MultiLineString","coordinates":[[[77.599264,12.980374],[77.599157,12.980411],[77.598764,12.980555]],[[77.600945,12.979865],[77.600766,12.979902],[77.600337,12.980047],[77.599872,12.980192],[77.599479,12.980302],[77.599264,12.980374]],[[77.600945,12.97983],[77.600945,12.979865]]]}},{"type":"Feature","properties":{},"geometry":{"type":"LineString","coordinates":[[77.594217,12.991897],[77.594253,12.991896],[77.594253,12.991932],[77.594289,12.991966],[77.594326,12.992036],[77.594326,12.992036]]}},{"type":"Feature","properties":{},"geometry":{"type":"LineString","coordinates":[[77.594362,12.992071],[77.594398,12.992106],[77.594399,12.992141],[77.594434,12.992141]]}},{"type":"Feature","properties":{},"geometry":{"type":"LineString","coordinates":[[77.594435,12.992176],[77.594471,12.992176],[77.594471,12.992211],[77.594507,12.992246],[77.594507,12.992246]]}},{"type":"Feature","properties":{},"geometry":{"type":"LineString","coordinates":[[77.594326,12.992036],[77.594326,12.992072],[77.594362,12.992071]]}},{"type":"Feature","properties":{},"geometry":{"type":"LineString","coordinates":[[77.594434,12.992141],[77.594435,12.992176]]}},{"type":"Feature","properties":{},"geometry":{"type":"MultiLineString","coordinates":[[[77.594508,12.992281],[77.59458,12.992351],[77.594907,12.992699],[77.594943,12.992769]],[[77.594507,12.992246],[77.594508,12.992281]]]}},{"type":"Feature","properties":{},"geometry":{"type":"LineString","coordinates":[[77.594217,12.991897],[77.594326,12.992036]]}},{"type":"Feature","properties":{},"geometry":{"type":"LineString","coordinates":[[77.594362,12.992071],[77.594434,12.992141]]}},{"type":"Feature","properties":{},"geometry":{"type":"LineString","coordinates":[[77.594435,12.992176],[77.594507,12.992246]]}},{"type":"Feature","properties":{},"geometry":{"type":"MultiLineString","coordinates":[[[77.623588,13.007226],[77.623338,13.007334],[77.623195,13.00737],[77.622873,13.007479],[77.622623,13.007587],[77.62248,13.007624],[77.622194,13.007768]],[[77.624196,13.007008],[77.623731,13.007154]],[[77.624553,13.006864],[77.624517,13.006864],[77.624232,13.007008],[77.624196,13.007008]],[[77.62559,13.006467],[77.625411,13.006539],[77.624803,13.006756],[77.624553,13.006864],[77.624553,13.006864]],[[77.625911,13.006358],[77.625661,13.006431],[77.62559,13.006467]],[[77.626268,13.006178],[77.626055,13.006321],[77.625911,13.006358]],[[77.62734,13.005745],[77.626876,13.005926],[77.626697,13.005998],[77.626554,13.00607],[77.626411,13.006106],[77.62634,13.006142],[77.626268,13.006178]],[[77.627193,13.005359],[77.627193,13.005395],[77.62734,13.00571],[77.62734,13.005745]],[[77.627045,13.004974],[77.627046,13.005009],[77.627157,13.00536],[77.627193,13.005359]],[[77.626898,13.004623],[77.627009,13.004974],[77.627045,13.004974]],[[77.628091,13.002078],[77.627986,13.00229],[77.627845,13.002538],[77.627559,13.002611],[77.627597,13.002822],[77.627671,13.003102],[77.627746,13.003383],[77.627748,13.003559],[77.627896,13.00398],[77.627971,13.004296],[77.627506,13.004441],[77.627363,13.004478],[77.626898,13.004623],[77.626898,13.004623]],[[77.628126,13.002007],[77.628091,13.002078]]]}},{"type":"Feature","properties":{},"geometry":{"type":"LineString","coordinates":[[77.627946,13.001938],[77.627946,13.001903],[77.627981,13.001868],[77.628017,13.001867]]}},{"type":"Feature","properties":{},"geometry":{"type":"LineString","coordinates":[[77.627766,13.001905],[77.627767,13.00194],[77.627767,13.001975]]}},{"type":"Feature","properties":{},"geometry":{"type":"LineString","coordinates":[[77.628413,13.002004],[77.62845,13.002039],[77.628451,13.002144]]}},{"type":"Feature","properties":{},"geometry":{"type":"MultiLineString","coordinates":[[[77.635098,13.002922],[77.635098,13.002957],[77.635496,13.003269],[77.635714,13.003478],[77.636003,13.003722]],[[77.634519,13.002505],[77.6347,13.002644],[77.635098,13.002922]],[[77.630742,13.001629],[77.631137,13.001695],[77.631461,13.001762],[77.631821,13.001829],[77.632252,13.00193],[77.632684,13.002031],[77.633152,13.002132],[77.633511,13.002199],[77.633799,13.002266],[77.634087,13.002334],[77.634411,13.002471],[77.634519,13.002505]],[[77.628194,13.001654],[77.628194,13.001619],[77.628193,13.001549],[77.628157,13.001479],[77.628156,13.001408],[77.628156,13.001408]],[[77.629879,13.001461],[77.630239,13.001528],[77.630634,13.001594],[77.630742,13.001629]],[[77.628155,13.001303],[77.62819,13.001232],[77.62837,13.001266],[77.628478,13.0013],[77.628693,13.001333],[77.629124,13.001363],[77.629448,13.001395],[77.629807,13.001427],[77.629879,13.001461]],[[77.628156,13.001408],[77.628155,13.001338]],[[77.628155,13.001338],[77.628155,13.001303]]]}},{"type":"Feature","properties":{},"geometry":{"type":"MultiLineString","coordinates":[[[77.619751,13.004097],[77.619322,13.004278],[77.618929,13.004422],[77.618143,13.004747],[77.617821,13.004856],[77.617535,13.004964],[77.617499,13.00493]],[[77.617499,13.00493],[77.617499,13.004894]],[[77.617499,13.004894],[77.617462,13.004824]],[[77.617462,13.004824],[77.617462,13.004789],[77.617314,13.004439],[77.617241,13.004264]],[[77.616846,13.004303],[77.616811,13.004303],[77.616596,13.004376],[77.615915,13.004488],[77.615879,13.004418],[77.615768,13.004102],[77.615657,13.003822],[77.615657,13.003787]],[[77.616989,13.004231],[77.616846,13.004303]],[[77.617241,13.004264],[77.617204,13.004158],[77.616989,13.004231]],[[77.619787,13.004097],[77.619751,13.004097]],[[77.615657,13.003787],[77.615621,13.003787],[77.615584,13.003682],[77.615399,13.003191],[77.615215,13.002736],[77.615178,13.00263],[77.615105,13.00249],[77.61514,13.002455]],[[77.61514,13.002455],[77.615104,13.00242],[77.615068,13.00235]]]}},{"type":"Feature","properties":{},"geometry":{"type":"MultiLineString","coordinates":[[[77.616359,13.002267],[77.616824,13.002156],[77.617396,13.001975],[77.617932,13.001758],[77.618111,13.001686],[77.618575,13.001435],[77.618967,13.001185],[77.619288,13.001005],[77.619609,13.000791],[77.619929,13.000577],[77.620321,13.000256]],[[77.620321,13.000256],[77.620747,12.999794],[77.621387,12.999295],[77.621601,12.999117],[77.621992,12.998761],[77.622276,12.998512],[77.622418,12.99837],[77.622454,12.998405]],[[77.622454,12.998405],[77.622454,12.998369],[77.622597,12.998262],[77.622811,12.998155],[77.623026,12.998153],[77.623313,12.99815],[77.623421,12.998184],[77.623783,12.998462],[77.623927,12.998566]]]}},{"type":"Feature","properties":{},"geometry":{"type":"LineString","coordinates":[[77.628017,13.001832],[77.627981,13.001833],[77.627909,13.001833]]}},{"type":"Feature","properties":{},"geometry":{"type":"MultiLineString","coordinates":[[[77.62018,13.003917],[77.620144,13.003953],[77.619787,13.004097]],[[77.622215,13.002947],[77.622179,13.002947],[77.62143,13.003377],[77.62093,13.003628],[77.620823,13.003664],[77.620716,13.003701],[77.62018,13.003917]],[[77.622535,13.002697],[77.622286,13.00284],[77.622215,13.002911],[77.622215,13.002947]],[[77.623783,13.001875],[77.623462,13.002125],[77.623391,13.002196],[77.623106,13.002374],[77.622642,13.002625],[77.622607,13.002661]],[[77.624001,13.002154],[77.624001,13.002119]],[[77.624001,13.002119],[77.62389,13.001804],[77.623854,13.001839]],[[77.623818,13.001839],[77.623819,13.001875],[77.623819,13.00191]],[[77.623819,13.00191],[77.623783,13.001875],[77.623783,13.001875]],[[77.623854,13.001839],[77.623818,13.001839]]]}},{"type":"Feature","properties":{},"geometry":{"type":"MultiLineString","coordinates":[[[77.628374,13.001688],[77.628413,13.002004]],[[77.628338,13.001618],[77.628374,13.001688],[77.628374,13.001688]],[[77.628156,13.001408],[77.628192,13.001408],[77.628299,13.001407],[77.628338,13.001618]],[[77.627547,13.001485],[77.627583,13.001485]],[[77.627475,13.001486],[77.627511,13.001485],[77.627547,13.001485]],[[77.627583,13.001485],[77.627582,13.001449],[77.627618,13.001484]],[[77.627618,13.001484],[77.627618,13.001449],[77.627654,13.001484]],[[77.627654,13.001484],[77.627654,13.001449],[77.627725,13.001413],[77.627761,13.001412]],[[77.627761,13.001412],[77.627797,13.001412]],[[77.627797,13.001412],[77.627797,13.001377],[77.627833,13.001412]],[[77.628084,13.001409],[77.628084,13.001374],[77.628156,13.001408],[77.628156,13.001408]],[[77.627833,13.001412],[77.627833,13.001377],[77.627869,13.001376],[77.627904,13.001376]],[[77.628084,13.001374],[77.628084,13.001409]],[[77.627904,13.001376],[77.628012,13.001375]],[[77.628048,13.001374],[77.628084,13.001374]],[[77.628012,13.001375],[77.628048,13.001374]]]}},{"type":"Feature","properties":{},"geometry":{"type":"LineString","coordinates":[[77.617241,13.004264],[77.617312,13.004228],[77.617419,13.004191],[77.617741,13.004047]]}},{"type":"Feature","properties":{},"geometry":{"type":"MultiLineString","coordinates":[[[77.617499,13.00493],[77.6175,13.005]],[[77.617463,13.004895],[77.617499,13.00493]],[[77.617462,13.004824],[77.617426,13.004825],[77.617463,13.004895]]]}},{"type":"Feature","properties":{},"geometry":{"type":"MultiLineString","coordinates":[[[77.628051,13.001691],[77.628051,13.001621],[77.628014,13.001551],[77.62805,13.00155]],[[77.62805,13.00155],[77.628086,13.00155]]]}},{"type":"Feature","properties":{},"geometry":{"type":"MultiLineString","coordinates":[[[77.62791,13.001904],[77.627911,13.001974],[77.627911,13.002044]],[[77.627909,13.001833],[77.62791,13.001904]],[[77.627908,13.001728],[77.627909,13.001798],[77.627909,13.001833]]]}},{"type":"Feature","properties":{},"geometry":{"type":"MultiLineString","coordinates":[[[77.619787,13.004097],[77.620144,13.003953],[77.62018,13.003917]],[[77.62018,13.003917],[77.62068,13.003701],[77.620894,13.003628],[77.621358,13.003377],[77.621965,13.003019],[77.622178,13.002877],[77.622178,13.002877]],[[77.622178,13.002877],[77.622214,13.002876],[77.622393,13.002769],[77.622678,13.00259],[77.623035,13.00241],[77.623427,13.002125],[77.623783,13.001875]],[[77.623966,13.00226],[77.623967,13.002295],[77.624003,13.002295],[77.624002,13.00226],[77.624002,13.00226]],[[77.624038,13.002295],[77.624038,13.002259]],[[77.624002,13.00226],[77.624003,13.002295],[77.624038,13.002295],[77.624038,13.002295]],[[77.624038,13.002259],[77.624717,13.002006],[77.625396,13.001718],[77.626003,13.001465],[77.626933,13.001104],[77.627076,13.001068]],[[77.623856,13.002015],[77.623966,13.00226]],[[77.628271,13.002146],[77.628271,13.002076],[77.628234,13.002041],[77.628091,13.002043],[77.628091,13.002078]],[[77.628091,13.002078],[77.628055,13.002043],[77.627947,13.002044],[77.627911,13.002044]],[[77.627911,13.002044],[77.627767,13.001975]],[[77.627767,13.001975],[77.627731,13.001976],[77.627732,13.002011]],[[77.627732,13.002011],[77.627695,13.001976],[77.627624,13.001977],[77.627623,13.001942]],[[77.623819,13.00191],[77.623819,13.001945],[77.623856,13.002015]],[[77.627623,13.001942],[77.627549,13.001731]],[[77.623783,13.001875],[77.623782,13.00184],[77.623819,13.00191]],[[77.627549,13.001731],[77.627475,13.001486]],[[77.627475,13.001486],[77.627438,13.001381]],[[77.627438,13.001381],[77.627438,13.001345]],[[77.627438,13.001345],[77.627437,13.001275],[77.6274,13.00117]],[[77.627364,13.001135],[77.6274,13.00117]],[[77.627076,13.001068],[77.627183,13.001031],[77.627328,13.001171],[77.627364,13.00117],[77.627364,13.001135]]]}},{"type":"Feature","properties":{},"geometry":{"type":"MultiLineString","coordinates":[[[77.615857,13.002342],[77.615785,13.002343],[77.615283,13.002383],[77.615068,13.00235]],[[77.615068,13.00235],[77.614996,13.002351]],[[77.614996,13.002351],[77.61496,13.002351]],[[77.61496,13.002351],[77.614924,13.002351],[77.614529,13.002355],[77.614135,13.002359],[77.613704,13.002329],[77.613273,13.002298],[77.612769,13.002162],[77.612553,13.002094]],[[77.616215,13.002303],[77.616144,13.002339],[77.615857,13.002342]],[[77.616359,13.002267],[77.616215,13.002303]]]}},{"type":"Feature","properties":{},"geometry":{"type":"MultiLineString","coordinates":[[[77.627255,13.014649],[77.627218,13.014579],[77.627037,13.01444],[77.626965,13.014405]],[[77.626965,13.014405],[77.626965,13.01437],[77.62682,13.014266],[77.626783,13.014161],[77.626637,13.013951],[77.626601,13.013881],[77.626455,13.013636],[77.626308,13.013356],[77.626199,13.013217],[77.626089,13.013007],[77.625833,13.012587],[77.625468,13.011957],[77.625285,13.011607],[77.625067,13.011328],[77.62503,13.011258]],[[77.62503,13.011258],[77.624885,13.011119],[77.624486,13.010736],[77.624486,13.010736]],[[77.624486,13.010736],[77.62445,13.010701]],[[77.62445,13.010701],[77.624341,13.010596],[77.624232,13.010492],[77.624232,13.010492]],[[77.624196,13.010457],[77.62416,13.010422],[77.624015,13.010283],[77.623869,13.010073],[77.623723,13.009864],[77.623577,13.009584],[77.623358,13.009234],[77.623285,13.009094],[77.623175,13.008954]],[[77.623175,13.008954],[77.623103,13.008885],[77.622994,13.008745],[77.622631,13.008361],[77.622377,13.008118],[77.622377,13.008083]],[[77.622377,13.008083],[77.62234,13.008048],[77.62234,13.008048]],[[77.62234,13.008048],[77.622087,13.007804],[77.622158,13.007768]],[[77.622158,13.007768],[77.622194,13.007768]]]}},{"type":"Feature","properties":{},"geometry":{"type":"MultiLineString","coordinates":[[[77.614827,13.010235],[77.614791,13.0102],[77.614791,13.0102]],[[77.614791,13.0102],[77.614718,13.010095],[77.614682,13.01006]],[[77.614682,13.01006],[77.61461,13.010026]],[[77.61461,13.010026],[77.614464,13.009851],[77.6145,13.009816],[77.6145,13.009816]],[[77.6145,13.009816],[77.614714,13.009673],[77.614785,13.009637]],[[77.614821,13.009637],[77.614963,13.00953],[77.615249,13.009386],[77.615463,13.009278],[77.615463,13.009243]],[[77.615463,13.009243],[77.615353,13.009068],[77.615353,13.009068]],[[77.615353,13.009068],[77.615353,13.009033],[77.615243,13.008858],[77.615243,13.008858]],[[77.615243,13.008858],[77.615134,13.008683],[77.615134,13.008648]],[[77.615134,13.008648],[77.614988,13.008474],[77.615024,13.008473]],[[77.615024,13.008473],[77.614988,13.008474],[77.614952,13.008404],[77.614879,13.008299],[77.614878,13.008264]],[[77.614878,13.008264],[77.614769,13.008124],[77.614769,13.008089]],[[77.614769,13.008089],[77.614733,13.008054]],[[77.614733,13.008054],[77.614697,13.008054],[77.614623,13.007914],[77.614623,13.007879],[77.614623,13.007879]],[[77.614623,13.007879],[77.614659,13.007879],[77.614694,13.007843],[77.614694,13.007843]],[[77.614694,13.007843],[77.614585,13.007669],[77.614585,13.007669]],[[77.614585,13.007669],[77.614439,13.007424],[77.614831,13.007209],[77.614831,13.007209]],[[77.614831,13.007209],[77.614795,13.007209],[77.614721,13.006999]],[[77.614721,13.006999],[77.614686,13.006999],[77.614721,13.006963]],[[77.614721,13.006963],[77.614685,13.006964],[77.614575,13.006754],[77.614503,13.006649]],[[77.614503,13.006649],[77.614392,13.006404],[77.614319,13.006228],[77.61439,13.006228]],[[77.614462,13.006192],[77.614605,13.00612],[77.614855,13.006047],[77.61532,13.005866],[77.615677,13.005722],[77.615999,13.005578],[77.616177,13.005506]],[[77.616177,13.005506],[77.616249,13.00547]],[[77.616249,13.00547],[77.616391,13.005398],[77.616785,13.005289],[77.617178,13.005109],[77.617392,13.005036]],[[77.617392,13.005036],[77.6175,13.005]],[[77.6175,13.005],[77.617607,13.004964],[77.617607,13.004928]],[[77.617607,13.004928],[77.617714,13.004892],[77.617964,13.004819],[77.618143,13.004747],[77.619,13.004387],[77.619465,13.004206],[77.619787,13.004097]]]}},{"type":"Feature","properties":{},"geometry":{"type":"MultiLineString","coordinates":[[[77.607479,12.997289],[77.60777,12.997743],[77.607953,12.998023],[77.608062,12.998163],[77.608245,12.998477],[77.60839,12.998687],[77.608866,12.999597],[77.608976,12.999807],[77.609375,13.00019],[77.610135,13.000851]],[[77.606421,12.995716],[77.607187,12.996834],[77.607479,12.997289]]]}},{"type":"Feature","properties":{},"geometry":{"type":"MultiLineString","coordinates":[[[77.605494,12.996218],[77.605458,12.996218]],[[77.606386,12.995716],[77.60635,12.995716],[77.605494,12.996218]],[[77.606421,12.995716],[77.606386,12.995716]]]}},{"type":"Feature","properties":{},"geometry":{"type":"MultiLineString","coordinates":[[[77.605458,12.996218],[77.605457,12.996183]],[[77.605457,12.996183],[77.604945,12.995203]],[[77.604945,12.995203],[77.604725,12.994783]]]}},{"type":"Feature","properties":{},"geometry":{"type":"MultiLineString","coordinates":[[[77.603628,13.003134],[77.603628,13.003169],[77.603915,13.003096],[77.60395,13.00306]],[[77.599841,13.001271],[77.600489,13.001476],[77.600884,13.001578],[77.601028,13.001611],[77.601136,13.00161],[77.601243,13.001574],[77.601602,13.001535],[77.602032,13.001461],[77.602246,13.001423],[77.60239,13.001457],[77.602463,13.001491],[77.60268,13.001736],[77.603082,13.002365],[77.603628,13.003134]],[[77.60395,13.00306],[77.604308,13.002986],[77.605704,13.002655],[77.606671,13.002435],[77.607172,13.002324],[77.607458,13.002215]],[[77.607458,13.002215],[77.607566,13.002214],[77.607816,13.002106],[77.608245,13.001961],[77.60846,13.001889],[77.608531,13.001888],[77.608603,13.001852],[77.608675,13.001851]],[[77.608675,13.001851],[77.608746,13.001815],[77.608889,13.001744],[77.608889,13.001744]],[[77.608889,13.001744],[77.608996,13.001707],[77.609138,13.0016]],[[77.609138,13.0016],[77.609174,13.0016],[77.60921,13.0016]],[[77.60921,13.0016],[77.609282,13.001599],[77.609317,13.001528]],[[77.609317,13.001528],[77.609353,13.001528],[77.609424,13.001422],[77.609531,13.001385],[77.609781,13.001242],[77.609995,13.001099],[77.610244,13.000956]],[[77.599553,13.001204],[77.599841,13.001271]]]}},{"type":"Feature","properties":{},"geometry":{"type":"MultiLineString","coordinates":[[[77.601594,13.00428],[77.60163,13.00428]],[[77.60163,13.00428],[77.60163,13.004245]]]}},{"type":"Feature","properties":{},"geometry":{"type":"LineString","coordinates":[[77.628018,13.001903],[77.628053,13.001902]]}},{"type":"Feature","properties":{},"geometry":{"type":"MultiLineString","coordinates":[[[77.579845,12.986691],[77.579771,12.986551],[77.579371,12.985957],[77.579079,12.985502]],[[77.579079,12.985502],[77.579043,12.985502],[77.579043,12.985467]],[[77.579043,12.985467],[77.579006,12.985397],[77.578897,12.985222],[77.578824,12.985117],[77.57875,12.984977],[77.578677,12.984837],[77.578567,12.984592],[77.578566,12.984522]],[[77.578566,12.984522],[77.57853,12.984452],[77.578493,12.984347]]]}},{"type":"Feature","properties":{},"geometry":{"type":"LineString","coordinates":[[77.628338,13.001618],[77.628374,13.001688]]}},{"type":"Feature","properties":{},"geometry":{"type":"MultiLineString","coordinates":[[[77.61028,13.000955],[77.610242,13.00078],[77.609555,13.000259],[77.609011,12.999701],[77.608609,12.999002],[77.608317,12.998512],[77.608134,12.998197],[77.607806,12.997672],[77.607587,12.997323]],[[77.607587,12.997323],[77.607405,12.997078],[77.606784,12.996099],[77.606457,12.995715],[77.606457,12.995715]],[[77.606386,12.995751],[77.606279,12.995788],[77.606029,12.995931],[77.605458,12.996253],[77.605458,12.996253]],[[77.605458,12.996253],[77.605458,12.996218]],[[77.605458,12.996218],[77.605311,12.995938],[77.605201,12.995728],[77.605092,12.995553],[77.605018,12.995343],[77.604945,12.995203],[77.604945,12.995203]],[[77.606421,12.995716],[77.606386,12.995751]],[[77.606457,12.995715],[77.606421,12.995716]],[[77.604945,12.995203],[77.604944,12.995168]]]}},{"type":"Feature","properties":{},"geometry":{"type":"LineString","coordinates":[[77.612121,13.001993],[77.611328,13.001614],[77.610786,13.001337],[77.610353,13.001025],[77.61028,13.000955]]}},{"type":"Feature","properties":{},"geometry":{"type":"MultiLineString","coordinates":[[[77.59654,12.994442],[77.596539,12.994407]],[[77.596539,12.994407],[77.596503,12.994408]]]}},{"type":"Feature","properties":{},"geometry":{"type":"MultiLineString","coordinates":[[[77.622194,13.007768],[77.62248,13.007624],[77.622515,13.007624],[77.622623,13.007587],[77.622873,13.007479],[77.623159,13.007371],[77.623195,13.00737],[77.623337,13.007299],[77.623588,13.007226]],[[77.623731,13.007154],[77.62416,13.007009],[77.624196,13.007008]],[[77.624196,13.007008],[77.624195,13.006973]]]}},{"type":"Feature","properties":{},"geometry":{"type":"MultiLineString","coordinates":[[[77.60222,12.995441],[77.602256,12.995476]],[[77.60222,12.995406],[77.60222,12.995441]],[[77.596539,12.994407],[77.59654,12.994442]]]}},{"type":"Feature","properties":{},"geometry":{"type":"MultiLineString","coordinates":[[[77.601411,12.979825],[77.601519,12.979789],[77.601626,12.979752],[77.601769,12.979681],[77.601733,12.979681]],[[77.601733,12.979681],[77.601733,12.979646]],[[77.601733,12.979646],[77.601732,12.979611]],[[77.601732,12.979611],[77.601732,12.979575]]]}},{"type":"Feature","properties":{},"geometry":{"type":"LineString","coordinates":[[77.60134,12.979826],[77.601411,12.979825]]}},{"type":"Feature","properties":{},"geometry":{"type":"LineString","coordinates":[[77.60134,12.979826],[77.601376,12.979825],[77.601411,12.979825]]}},{"type":"Feature","properties":{},"geometry":{"type":"LineString","coordinates":[[77.619106,13.021276],[77.619106,13.021241],[77.619069,13.021206],[77.619069,13.021171]]}},{"type":"Feature","properties":{},"geometry":{"type":"LineString","coordinates":[[77.60222,12.995441],[77.602292,12.99544]]}},{"type":"Feature","properties":{},"geometry":{"type":"MultiLineString","coordinates":[[[77.616249,13.00547],[77.616212,13.005435]],[[77.616212,13.005435],[77.616212,13.0054]],[[77.616212,13.0054],[77.616176,13.005365]],[[77.616176,13.005365],[77.616175,13.00533]],[[77.616175,13.00533],[77.615918,13.004699]],[[77.615918,13.004699],[77.615697,13.004174]],[[77.615697,13.004174],[77.615585,13.003823],[77.615585,13.003823]],[[77.615585,13.003823],[77.615549,13.003823],[77.615291,13.003122],[77.615033,13.002456]],[[77.615033,13.002456],[77.614996,13.002351]]]}},{"type":"Feature","properties":{},"geometry":{"type":"LineString","coordinates":[[77.614827,13.010235],[77.614863,13.010235]]}},{"type":"Feature","properties":{},"geometry":{"type":"LineString","coordinates":[[77.582143,12.979912],[77.582144,12.979982]]}},{"type":"Feature","properties":{},"geometry":{"type":"LineString","coordinates":[[77.624037,13.002189],[77.624001,13.002119]]}},{"type":"Feature","properties":{},"geometry":{"type":"MultiLineString","coordinates":[[[77.636185,13.003966],[77.636187,13.004142]],[[77.636185,13.003931],[77.636185,13.003966]],[[77.636184,13.003861],[77.636185,13.003896],[77.636185,13.003931]],[[77.636112,13.003791],[77.636184,13.003861],[77.636184,13.003861]],[[77.636039,13.003721],[77.636112,13.003791]]]}},{"type":"Feature","properties":{},"geometry":{"type":"MultiLineString","coordinates":[[[77.627404,13.001592],[77.627405,13.001627],[77.627333,13.001663],[77.626654,13.001916],[77.626118,13.002133],[77.625439,13.002421],[77.624867,13.002638],[77.624296,13.00289],[77.62426,13.002855]],[[77.62426,13.002855],[77.624148,13.002505],[77.624075,13.002329],[77.624074,13.002294]],[[77.624074,13.002294],[77.624038,13.002259]],[[77.624038,13.002259],[77.624037,13.002189]],[[77.627368,13.001557],[77.627404,13.001592]],[[77.627402,13.001346],[77.627366,13.001346],[77.627294,13.001382],[77.627368,13.001557]],[[77.627797,13.001447],[77.627797,13.001412]],[[77.627797,13.001412],[77.627761,13.001342]],[[77.627438,13.001345],[77.627402,13.001346]],[[77.627761,13.001342],[77.62776,13.001307],[77.627724,13.001307],[77.627724,13.001307]],[[77.627473,13.001345],[77.627438,13.001345]],[[77.627617,13.001344],[77.627581,13.001309],[77.627581,13.001344],[77.627581,13.001344]],[[77.627581,13.001344],[77.627545,13.001344],[77.627473,13.001345]],[[77.627724,13.001307],[77.627617,13.001308],[77.627617,13.001344]]]}},{"type":"Feature","properties":{},"geometry":{"type":"LineString","coordinates":[[77.624037,13.002189],[77.624001,13.002154]]}},{"type":"Feature","properties":{},"geometry":{"type":"LineString","coordinates":[[77.60222,12.995406],[77.602256,12.995406]]}},{"type":"Feature","properties":{},"geometry":{"type":"LineString","coordinates":[[77.602112,12.995442],[77.602148,12.995442],[77.602184,12.995442]]}},{"type":"Feature","properties":{},"geometry":{"type":"MultiLineString","coordinates":[[[77.60222,12.995406],[77.602112,12.995442],[77.602112,12.995442]],[[77.602256,12.995406],[77.60222,12.995406]],[[77.604725,12.994747],[77.604688,12.994642],[77.603615,12.995005],[77.603293,12.995114],[77.602649,12.995296],[77.602256,12.995406]],[[77.604944,12.995168],[77.604798,12.994852],[77.604725,12.994783],[77.604725,12.994747]]]}},{"type":"Feature","properties":{},"geometry":{"type":"MultiLineString","coordinates":[[[77.627623,13.001942],[77.627659,13.001906],[77.627695,13.001941]],[[77.627549,13.001731],[77.627587,13.001942],[77.627623,13.001942]],[[77.627695,13.001941],[77.627731,13.001905],[77.627766,13.001905]],[[77.62791,13.001904],[77.627946,13.001938],[77.627946,13.001938]],[[77.627839,13.00194],[77.62791,13.001939],[77.62791,13.001904]],[[77.627766,13.001905],[77.627839,13.00194]],[[77.627475,13.001521],[77.627549,13.001731]],[[77.627438,13.001381],[77.627475,13.001521]],[[77.627402,13.001346],[77.627438,13.001381]],[[77.627364,13.001135],[77.627401,13.001275],[77.627402,13.001346]],[[77.627111,13.000997],[77.627327,13.001065],[77.627399,13.001064],[77.627364,13.001135]],[[77.626496,13.000581],[77.626641,13.000685],[77.627111,13.000997]],[[77.624688,12.999262],[77.624797,12.999331],[77.625087,12.99961],[77.625449,12.999923],[77.625846,13.000165],[77.626063,13.000304],[77.626496,13.000581]],[[77.624072,12.99867],[77.624072,12.998705],[77.624688,12.999262]]]}},{"type":"Feature","properties":{},"geometry":{"type":"MultiLineString","coordinates":[[[77.623964,12.998601],[77.624072,12.99867]],[[77.623927,12.998566],[77.623964,12.998601]]]}},{"type":"Feature","properties":{},"geometry":{"type":"MultiLineString","coordinates":[[[77.578318,12.974389],[77.578282,12.97439],[77.578246,12.97432]],[[77.578246,12.97432],[77.578209,12.97425]],[[77.578209,12.97425],[77.5781,12.974075],[77.578064,12.974075],[77.578064,12.974075]],[[77.578064,12.974075],[77.578064,12.97411],[77.577845,12.973761],[77.57759,12.973376],[77.57759,12.973376]],[[77.57759,12.973376],[77.57759,12.973341],[77.577408,12.973061],[77.577408,12.973061]],[[77.577408,12.973061],[77.577335,12.972956],[77.577334,12.972886],[77.577298,12.972886]],[[77.577298,12.972886],[77.577115,12.972536]],[[77.577115,12.972536],[77.577078,12.972466],[77.577005,12.972291]]]}},{"type":"Feature","properties":{},"geometry":{"type":"MultiLineString","coordinates":[[[77.577005,12.972291],[77.576859,12.972046],[77.576639,12.971626],[77.576529,12.971416]],[[77.576529,12.971416],[77.57642,12.971206],[77.5762,12.970751],[77.57598,12.970366],[77.575871,12.970191],[77.57576,12.96991]]]}},{"type":"Feature","properties":{},"geometry":{"type":"MultiLineString","coordinates":[[[77.576969,12.972291],[77.576859,12.972046],[77.576639,12.971626],[77.576529,12.971416],[77.576493,12.971346]],[[77.576493,12.971346],[77.57642,12.971206],[77.5762,12.970751],[77.575944,12.970366],[77.575871,12.970191],[77.57576,12.96991]]]}},{"type":"Feature","properties":{},"geometry":{"type":"MultiLineString","coordinates":[[[77.612373,13.00206],[77.612301,13.002026],[77.612229,13.002027]],[[77.612229,13.002027],[77.612121,13.001993],[77.612121,13.001993]]]}},{"type":"Feature","properties":{},"geometry":{"type":"LineString","coordinates":[[77.612445,13.00206],[77.612373,13.00206]]}},{"type":"Feature","properties":{},"geometry":{"type":"LineString","coordinates":[[77.612373,13.00206],[77.612409,13.00206],[77.612445,13.00206],[77.612445,13.00206]]}},{"type":"Feature","properties":{},"geometry":{"type":"MultiLineString","coordinates":[[[77.612481,13.002059],[77.612481,13.002095]],[[77.612445,13.00206],[77.612481,13.002059]]]}},{"type":"Feature","properties":{},"geometry":{"type":"LineString","coordinates":[[77.612481,13.002095],[77.612517,13.002094],[77.612553,13.002094],[77.612553,13.002094]]}},{"type":"Feature","properties":{},"geometry":{"type":"LineString","coordinates":[[77.612553,13.002094],[77.612445,13.00206]]}},{"type":"Feature","properties":{},"geometry":{"type":"LineString","coordinates":[[77.594541,12.985137],[77.595206,12.986925]]}},{"type":"Feature","properties":{},"geometry":{"type":"LineString","coordinates":[[77.613624,13.008452],[77.613588,13.008382]]}},{"type":"Feature","properties":{},"geometry":{"type":"LineString","coordinates":[[77.613515,13.008278],[77.613551,13.008312]]}},{"type":"Feature","properties":{},"geometry":{"type":"LineString","coordinates":[[77.613186,13.007683],[77.613221,13.007682]]}},{"type":"Feature","properties":{},"geometry":{"type":"LineString","coordinates":[[77.59728,12.982787],[77.597279,12.982717]]}},{"type":"Feature","properties":{},"geometry":{"type":"LineString","coordinates":[[77.623731,13.007154],[77.623695,13.007154],[77.623588,13.007226]]}},{"type":"Feature","properties":{},"geometry":{"type":"LineString","coordinates":[[77.623731,13.007154],[77.623695,13.007154],[77.623588,13.007226]]}},{"type":"Feature","properties":{},"geometry":{"type":"LineString","coordinates":[[77.588372,12.985374],[77.588371,12.985339]]}},{"type":"Feature","properties":{},"geometry":{"type":"LineString","coordinates":[[77.588372,12.985374],[77.588371,12.985339]]}},{"type":"Feature","properties":{},"geometry":{"type":"LineString","coordinates":[[77.582286,12.97984],[77.58225,12.979875]]}},{"type":"Feature","properties":{},"geometry":{"type":"LineString","coordinates":[[77.582286,12.97984],[77.58225,12.979875]]}},{"type":"Feature","properties":{},"geometry":{"type":"LineString","coordinates":[[77.584653,12.983159],[77.584617,12.98316]]}},{"type":"Feature","properties":{},"geometry":{"type":"LineString","coordinates":[[77.588607,12.990756],[77.588642,12.990721]]}},{"type":"Feature","properties":{},"geometry":{"type":"LineString","coordinates":[[77.588607,12.990756],[77.588642,12.990721]]}},{"type":"Feature","properties":{},"geometry":{"type":"LineString","coordinates":[[77.588608,12.990862],[77.588607,12.990827]]}},{"type":"Feature","properties":{},"geometry":{"type":"LineString","coordinates":[[77.588608,12.990862],[77.588607,12.990827]]}},{"type":"Feature","properties":{},"geometry":{"type":"LineString","coordinates":[[77.570809,12.976962],[77.57081,12.977033]]}},{"type":"Feature","properties":{},"geometry":{"type":"LineString","coordinates":[[77.570809,12.976962],[77.57081,12.977033]]}},{"type":"Feature","properties":{},"geometry":{"type":"MultiLineString","coordinates":[[[77.622571,13.002661],[77.622535,13.002697]],[[77.622607,13.002661],[77.622571,13.002661]]]}},{"type":"Feature","properties":{},"geometry":{"type":"MultiLineString","coordinates":[[[77.622571,13.002661],[77.622535,13.002697]],[[77.622607,13.002661],[77.622571,13.002661]]]}},{"type":"Feature","properties":{},"geometry":{"type":"LineString","coordinates":[[77.61439,13.006228],[77.614462,13.006192]]}},{"type":"Feature","properties":{},"geometry":{"type":"LineString","coordinates":[[77.61439,13.006228],[77.614462,13.006192]]}},{"type":"Feature","properties":{},"geometry":{"type":"LineString","coordinates":[[77.591868,12.983404],[77.59201,12.983262]]}},{"type":"Feature","properties":{},"geometry":{"type":"LineString","coordinates":[[77.57299,12.983099],[77.572954,12.983099]]}},{"type":"Feature","properties":{},"geometry":{"type":"LineString","coordinates":[[77.624232,13.010492],[77.624196,13.010457]]}},{"type":"Feature","properties":{},"geometry":{"type":"LineString","coordinates":[[77.624232,13.010492],[77.624196,13.010457]]}},{"type":"Feature","properties":{},"geometry":{"type":"LineString","coordinates":[[77.636003,13.003722],[77.636039,13.003721]]}},{"type":"Feature","properties":{},"geometry":{"type":"LineString","coordinates":[[77.636003,13.003722],[77.636039,13.003721]]}},{"type":"Feature","properties":{},"geometry":{"type":"LineString","coordinates":[[77.579845,12.986691],[77.579881,12.986726]]}},{"type":"Feature","properties":{},"geometry":{"type":"LineString","coordinates":[[77.579845,12.986691],[77.579881,12.986726]]}},{"type":"Feature","properties":{},"geometry":{"type":"LineString","coordinates":[[77.624195,13.006973],[77.624231,13.006973],[77.624231,13.006973]]}},{"type":"Feature","properties":{},"geometry":{"type":"LineString","coordinates":[[77.624195,13.006973],[77.624231,13.006973],[77.624231,13.006973]]}},{"type":"Feature","properties":{},"geometry":{"type":"LineString","coordinates":[[77.614785,13.009637],[77.614821,13.009637]]}},{"type":"Feature","properties":{},"geometry":{"type":"LineString","coordinates":[[77.614785,13.009637],[77.614821,13.009637]]}},{"type":"Feature","properties":{},"geometry":{"type":"MultiLineString","coordinates":[[[77.568154,12.966502],[77.568154,12.966466]],[[77.568154,12.966466],[77.568152,12.966326],[77.568151,12.966185]],[[77.568151,12.966185],[77.56815,12.966115]]]}},{"type":"Feature","properties":{},"geometry":{"type":"MultiLineString","coordinates":[[[77.568154,12.966502],[77.568154,12.966466]],[[77.568154,12.966466],[77.568152,12.966326],[77.568151,12.966185]],[[77.568151,12.966185],[77.56815,12.966115]]]}},{"type":"Feature","properties":{},"geometry":{"type":"MultiLineString","coordinates":[[[77.568154,12.966502],[77.568154,12.966466]],[[77.568154,12.966466],[77.568152,12.966326],[77.568151,12.966185]],[[77.568151,12.966185],[77.56815,12.966115]]]}},{"type":"Feature","properties":{},"geometry":{"type":"LineString","coordinates":[[77.617464,13.015311],[77.617465,13.015381]]}},{"type":"Feature","properties":{},"geometry":{"type":"LineString","coordinates":[[77.615263,13.010723],[77.615299,13.010758]]}},{"type":"Feature","properties":{},"geometry":{"type":"LineString","coordinates":[[77.615372,13.010863],[77.615336,13.010828]]}},{"type":"Feature","properties":{},"geometry":{"type":"LineString","coordinates":[[77.616139,13.012087],[77.616139,13.012122]]}},{"type":"Feature","properties":{},"geometry":{"type":"LineString","coordinates":[[77.615847,13.011632],[77.615883,13.011667]]}},{"type":"Feature","properties":{},"geometry":{"type":"LineString","coordinates":[[77.58088,12.972253],[77.580879,12.972217]]}},{"type":"Feature","properties":{},"geometry":{"type":"LineString","coordinates":[[77.608522,12.976974],[77.608523,12.977009]]}},{"type":"Feature","properties":{},"geometry":{"type":"LineString","coordinates":[[77.621211,13.030334],[77.621211,13.030299]]}},{"type":"Feature","properties":{},"geometry":{"type":"LineString","coordinates":[[77.603986,12.978919],[77.604057,12.978884]]}},{"type":"Feature","properties":{},"geometry":{"type":"LineString","coordinates":[[77.64794,13.012608],[77.64794,13.012644]]}},{"type":"Feature","properties":{},"geometry":{"type":"MultiLineString","coordinates":[[[77.649742,13.013294],[77.649777,13.013258],[77.650099,13.013114],[77.650313,13.013007],[77.65067,13.012827],[77.650883,13.012684],[77.650883,13.012649]],[[77.650883,13.012649],[77.650772,13.012368],[77.650808,13.012298],[77.651128,13.012083],[77.651378,13.01194],[77.651664,13.011867],[77.652022,13.011722],[77.652057,13.011722]],[[77.655148,13.012113],[77.655184,13.012147]],[[77.655075,13.011973],[77.655183,13.012007],[77.655148,13.012113]],[[77.652094,13.011792],[77.652343,13.011578],[77.652556,13.011365],[77.652733,13.011152],[77.653021,13.011255],[77.653562,13.01146],[77.653958,13.011597],[77.65439,13.011733],[77.654714,13.011835],[77.655075,13.011973]],[[77.652057,13.011722],[77.652022,13.011757],[77.652058,13.011792],[77.652094,13.011792]]]}},{"type":"Feature","properties":{},"geometry":{"type":"MultiLineString","coordinates":[[[77.633703,13.027146],[77.633346,13.02729],[77.633096,13.027398],[77.632774,13.027542],[77.632667,13.027579]],[[77.634025,13.027037],[77.633739,13.027145],[77.633703,13.027146]]]}},{"type":"Feature","properties":{},"geometry":{"type":"LineString","coordinates":[[77.634308,13.026647],[77.634451,13.02661],[77.634594,13.026539]]}},{"type":"Feature","properties":{},"geometry":{"type":"MultiLineString","coordinates":[[[77.634312,13.026999],[77.634311,13.026964]],[[77.634311,13.026964],[77.634275,13.026964]],[[77.634275,13.026964],[77.634275,13.026929],[77.634275,13.026929]],[[77.634275,13.026929],[77.634275,13.026894],[77.634237,13.026753],[77.634201,13.026683]]]}},{"type":"Feature","properties":{},"geometry":{"type":"MultiLineString","coordinates":[[[77.634383,13.026928],[77.634382,13.026893],[77.634346,13.026893]],[[77.634346,13.026893],[77.634382,13.026857],[77.634344,13.026717],[77.634308,13.026682]]]}},{"type":"Feature","properties":{},"geometry":{"type":"MultiLineString","coordinates":[[[77.634704,13.026819],[77.634668,13.026784],[77.634668,13.026784]],[[77.634668,13.026784],[77.634667,13.026714]],[[77.634667,13.026714],[77.634667,13.026643],[77.63463,13.026538]]]}},{"type":"Feature","properties":{},"geometry":{"type":"MultiLineString","coordinates":[[[77.649777,13.013294],[77.649742,13.013294],[77.649634,13.01333],[77.649598,13.013331],[77.649526,13.013296]],[[77.649526,13.013296],[77.64949,13.013296]],[[77.64949,13.013296],[77.649274,13.013158],[77.648985,13.01302],[77.648696,13.012882],[77.648552,13.012813]],[[77.648552,13.012813],[77.648372,13.01271],[77.648047,13.012572],[77.647975,13.012538]],[[77.647975,13.012538],[77.647939,13.012538],[77.647651,13.0124]]]}},{"type":"Feature","properties":{},"geometry":{"type":"MultiLineString","coordinates":[[[77.632381,13.027722],[77.632201,13.027619],[77.631911,13.02741],[77.631658,13.027167],[77.63144,13.026958],[77.631259,13.026784],[77.631113,13.026609],[77.630931,13.026365],[77.630858,13.026189],[77.630712,13.025945],[77.630601,13.025699],[77.630564,13.025594],[77.630564,13.025559],[77.630564,13.025559]],[[77.632595,13.027615],[77.632381,13.027687],[77.632381,13.027722]],[[77.632667,13.027579],[77.632595,13.027615]],[[77.630564,13.025559],[77.630564,13.025524]],[[77.630564,13.025524],[77.63049,13.025313],[77.630453,13.025208]],[[77.630453,13.025208],[77.630415,13.025033],[77.630414,13.024962]],[[77.630414,13.024962],[77.63034,13.024717],[77.630339,13.024646]],[[77.630339,13.024646],[77.630302,13.024541],[77.630265,13.024436],[77.630192,13.024366],[77.630157,13.024367]],[[77.630157,13.024367],[77.629938,13.024052],[77.629647,13.023738],[77.629501,13.023458]],[[77.629501,13.023458],[77.629464,13.023353],[77.62939,13.023178],[77.629279,13.022862],[77.629169,13.022582],[77.629022,13.022267],[77.62891,13.021881],[77.628799,13.021601],[77.628799,13.02153]],[[77.628799,13.02153],[77.628763,13.021531],[77.628725,13.02132],[77.628687,13.021179]],[[77.628687,13.021179],[77.628687,13.021144]]]}},{"type":"Feature","properties":{},"geometry":{"type":"MultiLineString","coordinates":[[[77.634777,13.026853],[77.634776,13.026818],[77.634776,13.026818]],[[77.634776,13.026818],[77.634776,13.026783],[77.634776,13.026783]],[[77.634776,13.026783],[77.63474,13.026783],[77.63474,13.026748],[77.634775,13.026748]],[[77.634775,13.026748],[77.63474,13.026748],[77.634739,13.026713]],[[77.634739,13.026713],[77.634702,13.026608],[77.634701,13.026537]]]}},{"type":"Feature","properties":{},"geometry":{"type":"MultiLineString","coordinates":[[[77.649037,13.014497],[77.649108,13.014426]],[[77.649108,13.014426],[77.648997,13.014111],[77.648815,13.013902],[77.648632,13.013587],[77.648341,13.013238],[77.648195,13.012993],[77.648014,13.012784],[77.647941,13.012714],[77.647941,13.012679],[77.64794,13.012608]],[[77.648264,13.012676],[77.648336,13.01271],[77.648769,13.012917],[77.649165,13.013089],[77.649526,13.013296],[77.649598,13.013295],[77.64967,13.01333],[77.649742,13.013294],[77.649742,13.013294]],[[77.647975,13.012538],[77.648011,13.012537],[77.648047,13.012537],[77.648264,13.012676]],[[77.64794,13.012608],[77.647975,13.012573],[77.647975,13.012538]]]}},{"type":"Feature","properties":{},"geometry":{"type":"MultiLineString","coordinates":[[[77.639433,13.015862],[77.639505,13.015861]],[[77.639505,13.015861],[77.639828,13.015823],[77.640293,13.015748],[77.640795,13.015672],[77.64101,13.01567],[77.641225,13.015633],[77.64144,13.015595],[77.642085,13.015483],[77.642658,13.015407],[77.642873,13.01537]],[[77.642873,13.01537],[77.643232,13.015331],[77.644056,13.015217],[77.644271,13.01518],[77.644665,13.015105],[77.644665,13.01514]],[[77.644665,13.01514],[77.644701,13.015105],[77.644916,13.015067],[77.644952,13.015102]],[[77.644952,13.015102],[77.644952,13.015067],[77.644987,13.015067],[77.645023,13.015066],[77.645202,13.015029],[77.645417,13.014992],[77.645883,13.014917],[77.646421,13.014876],[77.646457,13.014876]],[[77.646457,13.014876],[77.646743,13.014838],[77.646815,13.014837]],[[77.646815,13.014837],[77.646923,13.014836]],[[77.646923,13.014836],[77.647174,13.014798],[77.647496,13.01476],[77.647855,13.014721],[77.649037,13.014497]]]}},{"type":"Feature","properties":{},"geometry":{"type":"LineString","coordinates":[[77.654867,13.012678],[77.654902,13.012643]]}},{"type":"Feature","properties":{},"geometry":{"type":"MultiLineString","coordinates":[[[77.650919,13.012648],[77.650883,13.012649]],[[77.650883,13.012649],[77.650919,13.012648]],[[77.652022,13.011757],[77.651986,13.011723],[77.651628,13.011867],[77.651593,13.011903],[77.65145,13.011939],[77.651378,13.011975],[77.651093,13.012119],[77.650808,13.012298],[77.650808,13.012368],[77.650883,13.012614]],[[77.655184,13.012147],[77.655112,13.012113]],[[77.655112,13.012113],[77.655147,13.012007],[77.655075,13.012008]],[[77.655075,13.012008],[77.654606,13.011801],[77.654174,13.011665],[77.653418,13.011391],[77.653058,13.011289],[77.652734,13.011187],[77.652556,13.01133],[77.652414,13.011542],[77.652308,13.011614],[77.652094,13.011827],[77.652058,13.011792],[77.652058,13.011792]],[[77.652058,13.011792],[77.652022,13.011757],[77.652022,13.011757]]]}},{"type":"Feature","properties":{},"geometry":{"type":"LineString","coordinates":[[77.627771,13.015946],[77.627733,13.015735],[77.627732,13.0157]]}},{"type":"Feature","properties":{},"geometry":{"type":"MultiLineString","coordinates":[[[77.628687,13.021144],[77.628687,13.021109],[77.62865,13.021039]],[[77.62865,13.021039],[77.628649,13.020969],[77.628574,13.020618],[77.628498,13.020266],[77.628459,13.019915],[77.628383,13.019564],[77.628344,13.019212],[77.628268,13.018861],[77.628193,13.01851],[77.628117,13.018159],[77.628078,13.017878],[77.628078,13.017843]],[[77.628078,13.017843],[77.628002,13.017491],[77.627963,13.01714],[77.627887,13.016789],[77.627812,13.016438],[77.627772,13.016086],[77.627771,13.015981],[77.627735,13.015946],[77.627771,13.015946]]]}},{"type":"Feature","properties":{},"geometry":{"type":"LineString","coordinates":[[77.627732,13.0157],[77.627696,13.0157],[77.627696,13.015665],[77.627658,13.015419],[77.62762,13.015278],[77.627583,13.015173],[77.627474,13.015034],[77.627291,13.014719],[77.627255,13.014684],[77.627255,13.014649]]}},{"type":"Feature","properties":{},"geometry":{"type":"LineString","coordinates":[[77.650919,13.012684],[77.650848,13.01272]]}},{"type":"Feature","properties":{},"geometry":{"type":"LineString","coordinates":[[77.650848,13.01272],[77.650598,13.012863],[77.65017,13.013078],[77.649849,13.013258],[77.649777,13.013294]]}},{"type":"Feature","properties":{},"geometry":{"type":"MultiLineString","coordinates":[[[77.713193,12.96422],[77.713193,12.964185]],[[77.713193,12.964185],[77.713192,12.96415]]]}},{"type":"Feature","properties":{},"geometry":{"type":"MultiLineString","coordinates":[[[77.631531,13.028822],[77.631707,13.028468],[77.631777,13.028291],[77.631883,13.028114],[77.631989,13.028008],[77.632204,13.0279],[77.632382,13.027757],[77.632417,13.027722]],[[77.632417,13.027722],[77.632453,13.027722]],[[77.632453,13.027722],[77.632667,13.027579]],[[77.632667,13.027614],[77.632703,13.027613],[77.632739,13.027578],[77.632774,13.027578]],[[77.632667,13.027579],[77.632667,13.027614]],[[77.632774,13.027578],[77.633203,13.027397],[77.633382,13.027325],[77.633454,13.027324],[77.633668,13.027252],[77.634061,13.027107],[77.634169,13.027071],[77.63424,13.027035],[77.634312,13.026999]],[[77.634312,13.026999],[77.634383,13.026998]],[[77.634419,13.026963],[77.634455,13.026962]],[[77.634455,13.026962],[77.634526,13.026926],[77.634705,13.026889],[77.634777,13.026853]]]}},{"type":"Feature","properties":{},"geometry":{"type":"MultiLineString","coordinates":[[[77.634025,13.027037],[77.634275,13.026964]],[[77.634275,13.026964],[77.634383,13.026928]],[[77.634383,13.026928],[77.634704,13.026819]],[[77.634704,13.026819],[77.634776,13.026783]],[[77.634776,13.026783],[77.634812,13.026783]]]}},{"type":"Feature","properties":{},"geometry":{"type":"MultiLineString","coordinates":[[[77.655096,13.0106],[77.655062,13.010741],[77.654957,13.011024],[77.654782,13.011413],[77.654606,13.011766],[77.65511,13.011937]],[[77.655307,13.010176],[77.655236,13.010317],[77.655167,13.010494],[77.655096,13.0106]],[[77.655482,13.009822],[77.655412,13.009963],[77.655306,13.01014],[77.655307,13.010176]],[[77.65573,13.009503],[77.655624,13.009644],[77.655482,13.009822]],[[77.656049,13.009077],[77.655907,13.009254],[77.655765,13.009432],[77.65573,13.009503]],[[77.655685,13.008623],[77.655685,13.008659],[77.655867,13.008833],[77.656012,13.009042],[77.656084,13.009077],[77.656049,13.009077]],[[77.655724,13.005526],[77.655724,13.005562],[77.655726,13.005773],[77.655765,13.006019],[77.655767,13.006265],[77.655769,13.00637],[77.655807,13.006652],[77.655846,13.006862],[77.655884,13.007108],[77.655923,13.007425],[77.655924,13.007495],[77.655963,13.007776],[77.655964,13.007917],[77.656001,13.007987],[77.656074,13.008092],[77.656184,13.008266],[77.656041,13.008373],[77.655756,13.008587],[77.655685,13.008623]],[[77.655681,13.004858],[77.655719,13.005069],[77.655722,13.00535],[77.655724,13.005526]],[[77.655676,13.004436],[77.655677,13.004542],[77.65568,13.004823],[77.65568,13.004823]],[[77.656105,13.004291],[77.655712,13.0044],[77.655676,13.004436]],[[77.656677,13.004074],[77.656248,13.004254],[77.656105,13.004291]],[[77.657859,13.003851],[77.657822,13.003781],[77.657677,13.003641],[77.657107,13.003964],[77.656677,13.004074]]]}},{"type":"Feature","properties":{},"geometry":{"type":"MultiLineString","coordinates":[[[77.632668,13.027649],[77.632418,13.027792],[77.631955,13.028114],[77.631814,13.028397],[77.631568,13.028857],[77.631358,13.029351],[77.630937,13.030306],[77.630761,13.030589],[77.63062,13.030907],[77.630585,13.030978]],[[77.632703,13.027613],[77.632668,13.027649]],[[77.632774,13.027578],[77.632703,13.027613]],[[77.633453,13.027254],[77.633024,13.027434],[77.632774,13.027578]],[[77.633775,13.027145],[77.633632,13.027217],[77.633453,13.027254]],[[77.634097,13.027036],[77.633775,13.027145]],[[77.634311,13.026964],[77.63424,13.027],[77.634097,13.027036]],[[77.634383,13.026963],[77.634311,13.026964]],[[77.634454,13.026927],[77.634383,13.026963]],[[77.634776,13.026818],[77.634454,13.026927]],[[77.634848,13.026782],[77.634776,13.026818]]]}},{"type":"Feature","properties":{},"geometry":{"type":"LineString","coordinates":[[77.632667,13.027579],[77.632702,13.027543],[77.632774,13.027542],[77.632845,13.027506],[77.632988,13.027435],[77.633024,13.027399],[77.633095,13.027363],[77.633131,13.027363],[77.633274,13.027326],[77.633382,13.02729],[77.633453,13.027254],[77.633524,13.027218],[77.633596,13.027217],[77.633667,13.027181],[77.633703,13.027146],[77.633703,13.027146]]}},{"type":"Feature","properties":{},"geometry":{"type":"LineString","coordinates":[[77.701384,12.957059],[77.701527,12.957023]]}},{"type":"Feature","properties":{},"geometry":{"type":"LineString","coordinates":[[77.632667,13.027614],[77.632703,13.027613]]}},{"type":"Feature","properties":{},"geometry":{"type":"MultiLineString","coordinates":[[[77.637281,13.022746],[77.637241,13.022359],[77.637202,13.022078],[77.637127,13.021762],[77.637091,13.021692],[77.63709,13.021622],[77.637089,13.021516],[77.637052,13.021446],[77.637051,13.021376],[77.637014,13.021236],[77.636976,13.02099],[77.636975,13.020919],[77.636971,13.020603],[77.63697,13.020427],[77.636967,13.02018],[77.637,13.019934],[77.636999,13.019828],[77.636925,13.019618],[77.636887,13.019372],[77.636813,13.019197]],[[77.636813,13.019197],[77.636661,13.018424],[77.63655,13.018038]],[[77.63655,13.018038],[77.636399,13.017406]],[[77.636399,13.017406],[77.636362,13.017231],[77.636324,13.017055]],[[77.636324,13.017055],[77.636209,13.016352],[77.636171,13.016212]],[[77.636171,13.016212],[77.635868,13.014702],[77.635831,13.014527]],[[77.635831,13.014527],[77.635792,13.014281],[77.635529,13.013192]]]}},{"type":"Feature","properties":{},"geometry":{"type":"LineString","coordinates":[[77.634667,13.026714],[77.634739,13.026713]]}},{"type":"Feature","properties":{},"geometry":{"type":"MultiLineString","coordinates":[[[77.65501,13.012642],[77.654974,13.012642],[77.655152,13.012535]],[[77.655152,13.012535],[77.655295,13.012463]],[[77.655331,13.012427],[77.655331,13.012463]],[[77.655295,13.012428],[77.655331,13.012427]]]}},{"type":"Feature","properties":{},"geometry":{"type":"MultiLineString","coordinates":[[[77.655331,13.012427],[77.655295,13.012428]],[[77.655295,13.012428],[77.655294,13.012393]],[[77.655294,13.012393],[77.655221,13.012217]]]}},{"type":"Feature","properties":{},"geometry":{"type":"LineString","coordinates":[[77.655152,13.012535],[77.655042,13.01229],[77.655113,13.012254]]}},{"type":"Feature","properties":{},"geometry":{"type":"LineString","coordinates":[[77.655185,13.012218],[77.655221,13.012217]]}},{"type":"Feature","properties":{},"geometry":{"type":"MultiLineString","coordinates":[[[77.683643,12.998905],[77.683893,12.998797],[77.684036,12.998725],[77.684285,12.998582],[77.684357,12.998546],[77.684715,12.998472],[77.684966,12.998469],[77.685037,12.998433],[77.685396,12.998395],[77.685574,12.998322]],[[77.685574,12.998322],[77.68561,12.998322],[77.685825,12.998285],[77.685825,12.998285]],[[77.685825,12.998285],[77.686506,12.998172]]]}},{"type":"Feature","properties":{},"geometry":{"type":"LineString","coordinates":[[77.637199,13.025104],[77.637199,13.02514]]}},{"type":"Feature","properties":{},"geometry":{"type":"MultiLineString","coordinates":[[[77.625284,13.038738],[77.625213,13.038809]],[[77.625319,13.038667],[77.625284,13.038738]]]}},{"type":"Feature","properties":{},"geometry":{"type":"MultiLineString","coordinates":[[[77.697138,13.022411],[77.696985,13.021533],[77.696984,13.021428],[77.696982,13.021287],[77.69698,13.021076],[77.696942,13.02083],[77.696939,13.020619],[77.696937,13.020373],[77.696934,13.020161],[77.696932,13.01995],[77.697075,13.019879],[77.697075,13.019879]],[[77.697075,13.019879],[77.697037,13.019703],[77.697036,13.019633],[77.697033,13.019351],[77.696995,13.01914],[77.696992,13.018859]],[[77.696992,13.018859],[77.696955,13.018719],[77.696917,13.018578],[77.696916,13.018508],[77.696844,13.018438],[77.696808,13.018403],[77.696772,13.018404],[77.696736,13.018404],[77.6967,13.018405],[77.696735,13.018334]]]}},{"type":"Feature","properties":{},"geometry":{"type":"LineString","coordinates":[[77.625886,13.037958],[77.625885,13.037923]]}},{"type":"Feature","properties":{},"geometry":{"type":"LineString","coordinates":[[77.655144,13.015104],[77.655287,13.015102],[77.655323,13.015102]]}},{"type":"Feature","properties":{},"geometry":{"type":"LineString","coordinates":[[77.752909,12.983754],[77.752479,12.983793]]}},{"type":"Feature","properties":{},"geometry":{"type":"LineString","coordinates":[[77.758472,12.996925],[77.758431,12.996397]]}},{"type":"Feature","properties":{},"geometry":{"type":"MultiLineString","coordinates":[[[77.696918,12.99539],[77.696919,12.99553]],[[77.69688,12.995249],[77.696918,12.99539]],[[77.69688,12.995214],[77.69688,12.995249]]]}},{"type":"Feature","properties":{},"geometry":{"type":"LineString","coordinates":[[77.752623,12.983862],[77.771709,13.019197]]}},{"type":"Feature","properties":{},"geometry":{"type":"LineString","coordinates":[[77.771709,13.019197],[77.772848,13.021577]]}},{"type":"Feature","properties":{},"geometry":{"type":"MultiLineString","coordinates":[[[77.711071,12.977015],[77.711072,12.977051]],[[77.711071,12.97698],[77.711071,12.977015]]]}},{"type":"Feature","properties":{},"geometry":{"type":"LineString","coordinates":[[77.705933,12.992868],[77.710525,12.992785],[77.712565,12.992306],[77.71428,12.99162],[77.715035,12.991823]]}},{"type":"Feature","properties":{},"geometry":{"type":"LineString","coordinates":[[77.716261,12.992338],[77.719956,12.992264]]}},{"type":"Feature","properties":{},"geometry":{"type":"LineString","coordinates":[[77.636368,13.004281],[77.636584,13.004349],[77.637163,13.004801]]}},{"type":"Feature","properties":{},"geometry":{"type":"LineString","coordinates":[[77.63947,13.015897],[77.639506,13.015897],[77.639505,13.015861]]}},{"type":"Feature","properties":{},"geometry":{"type":"LineString","coordinates":[[77.655295,13.012428],[77.655331,13.012427]]}},{"type":"Feature","properties":{},"geometry":{"type":"LineString","coordinates":[[77.750304,12.971959],[77.750339,12.971958]]}},{"type":"Feature","properties":{},"geometry":{"type":"LineString","coordinates":[[77.634383,13.026963],[77.634383,13.026998]]}},{"type":"Feature","properties":{},"geometry":{"type":"LineString","coordinates":[[77.634383,13.026963],[77.634383,13.026998]]}},{"type":"Feature","properties":{},"geometry":{"type":"LineString","coordinates":[[77.69049,12.934898],[77.690454,12.934899]]}},{"type":"Feature","properties":{},"geometry":{"type":"LineString","coordinates":[[77.69049,12.934898],[77.690454,12.934899]]}},{"type":"Feature","properties":{},"geometry":{"type":"MultiLineString","coordinates":[[[77.686794,12.931418],[77.6873,12.931835]],[[77.686649,12.931279],[77.686794,12.931418]]]}},{"type":"Feature","properties":{},"geometry":{"type":"MultiLineString","coordinates":[[[77.686794,12.931418],[77.6873,12.931835]],[[77.686649,12.931279],[77.686794,12.931418]]]}},{"type":"Feature","properties":{},"geometry":{"type":"LineString","coordinates":[[77.655295,13.012463],[77.655295,13.012428]]}},{"type":"Feature","properties":{},"geometry":{"type":"LineString","coordinates":[[77.655295,13.012463],[77.655295,13.012428]]}},{"type":"Feature","properties":{},"geometry":{"type":"LineString","coordinates":[[77.72753,12.989264],[77.727491,12.988983]]}},{"type":"Feature","properties":{},"geometry":{"type":"MultiLineString","coordinates":[[[77.650919,13.012684],[77.650883,13.012649]],[[77.650883,13.012649],[77.650883,13.012614]]]}},{"type":"Feature","properties":{},"geometry":{"type":"MultiLineString","coordinates":[[[77.650919,13.012684],[77.650883,13.012649]],[[77.650883,13.012649],[77.650883,13.012614]]]}},{"type":"Feature","properties":{},"geometry":{"type":"LineString","coordinates":[[77.634383,13.026998],[77.634419,13.026963]]}},{"type":"Feature","properties":{},"geometry":{"type":"LineString","coordinates":[[77.634383,13.026998],[77.634419,13.026963]]}},{"type":"Feature","properties":{},"geometry":{"type":"LineString","coordinates":[[77.655681,13.004858],[77.65568,13.004823]]}},{"type":"Feature","properties":{},"geometry":{"type":"LineString","coordinates":[[77.655681,13.004858],[77.65568,13.004823]]}},{"type":"Feature","properties":{},"geometry":{"type":"LineString","coordinates":[[77.758544,12.996959],[77.758376,12.997911],[77.758168,12.998617],[77.758033,12.999427],[77.757863,13.000203],[77.757693,13.001085],[77.757523,13.001966],[77.757351,13.002637],[77.757249,13.003095],[77.757112,13.00373],[77.75708,13.004082],[77.757052,13.004751],[77.757025,13.005596],[77.757395,13.006612],[77.757688,13.007137],[77.758237,13.008081],[77.758894,13.00913]]}},{"type":"Feature","properties":{},"geometry":{"type":"LineString","coordinates":[[77.75708,13.004082],[77.755582,13.004907],[77.755191,13.005193],[77.754941,13.005371],[77.754332,13.005448],[77.753615,13.005491],[77.753293,13.005565],[77.752401,13.006032],[77.751043,13.006504],[77.750362,13.006616],[77.750001,13.006444],[77.749604,13.006167],[77.74928,13.006135],[77.748637,13.006388],[77.74803,13.006606],[77.747779,13.006644]]}},{"type":"Feature","properties":{},"geometry":{"type":"LineString","coordinates":[[77.616434,13.012893],[77.61647,13.012928]]}},{"type":"Feature","properties":{},"geometry":{"type":"LineString","coordinates":[[77.635902,13.014526],[77.635902,13.014491]]}},{"type":"Feature","properties":{},"geometry":{"type":"LineString","coordinates":[[77.675667,13.011374],[77.675631,13.011339]]}},{"type":"Feature","properties":{},"geometry":{"type":"LineString","coordinates":[[77.678219,13.018455],[77.678218,13.018385]]}},{"type":"Feature","properties":{},"geometry":{"type":"LineString","coordinates":[[77.649057,13.013055],[77.649093,13.013089]]}},{"type":"Feature","properties":{},"geometry":{"type":"LineString","coordinates":[[77.634026,13.027107],[77.634025,13.027072]]}},{"type":"Feature","properties":{},"geometry":{"type":"LineString","coordinates":[[77.637169,13.025738],[77.63717,13.025773]]}},{"type":"Feature","properties":{},"geometry":{"type":"LineString","coordinates":[[77.714863,12.956145],[77.7149,12.95618]]}},{"type":"Feature","properties":{},"geometry":{"type":"LineString","coordinates":[[77.655579,13.012143],[77.655362,13.01204],[77.655185,13.012183]]}},{"type":"Feature","properties":{},"geometry":{"type":"LineString","coordinates":[[77.701534,12.957656],[77.701533,12.957621]]}},{"type":"Feature","properties":{},"geometry":{"type":"LineString","coordinates":[[77.559173,13.091236],[77.559712,13.091231],[77.559833,13.089048],[77.55975,13.087923],[77.561712,13.086742],[77.562889,13.086026],[77.564448,13.084075],[77.564266,13.083796],[77.56379,13.082921],[77.563241,13.081835],[77.562584,13.080786],[77.562032,13.07956],[77.562641,13.079378],[77.563603,13.0787],[77.564352,13.078199],[77.564234,13.077251],[77.565162,13.076749],[77.566228,13.075612],[77.56784,13.075279],[77.568126,13.075206],[77.56877,13.074953],[77.56945,13.07477],[77.570023,13.074659],[77.570089,13.074096],[77.570159,13.073884],[77.571233,13.073662],[77.571699,13.073587],[77.571621,13.073025],[77.571542,13.072322],[77.571684,13.072144],[77.572366,13.072137],[77.57294,13.072096],[77.573478,13.072091],[77.574376,13.072082],[77.575056,13.071899],[77.576166,13.071607],[77.577132,13.071316],[77.577845,13.070851],[77.577951,13.070674],[77.57813,13.070637],[77.578236,13.07046],[77.579634,13.07027],[77.579921,13.070232],[77.580779,13.069942],[77.581101,13.069798],[77.581947,13.071831],[77.581769,13.071903],[77.582173,13.072778],[77.582125,13.075066],[77.581157,13.075217],[77.582509,13.077491],[77.585363,13.075808],[77.58808,13.074725],[77.590475,13.073786],[77.591118,13.073428],[77.591302,13.073919],[77.592627,13.073553],[77.592591,13.073554],[77.594707,13.073427],[77.596713,13.07302],[77.597932,13.072867],[77.599656,13.072955],[77.600914,13.073083],[77.601523,13.073007],[77.60242,13.072892],[77.604248,13.072627],[77.605143,13.072477],[77.606137,13.071412],[77.607608,13.071291],[77.608863,13.071138],[77.610116,13.070844],[77.612018,13.070789],[77.613993,13.07091],[77.615862,13.071102],[77.616939,13.071126],[77.618374,13.071042],[77.619199,13.071033],[77.619562,13.071417],[77.619708,13.071556],[77.620241,13.071093],[77.621315,13.070801],[77.622065,13.070476],[77.623457,13.069723],[77.624206,13.069293],[77.625317,13.069036],[77.627466,13.068592],[77.629185,13.068222],[77.630438,13.067963],[77.632016,13.067771],[77.633486,13.067615],[77.634704,13.067427],[77.636173,13.06713],[77.63764,13.066764],[77.6385,13.066579],[77.639148,13.066748],[77.640867,13.066379],[77.642514,13.066045],[77.644446,13.065462],[77.645734,13.065062],[77.647275,13.064835],[77.6491,13.064289],[77.650316,13.063854],[77.649076,13.062002],[77.648963,13.06151],[77.648794,13.059154],[77.648671,13.057678],[77.648339,13.056872],[77.647578,13.056176],[77.646992,13.055091],[77.646809,13.054776],[77.64673,13.054073],[77.646329,13.053514],[77.645951,13.051688],[77.64565,13.050389],[77.645496,13.04937],[77.645633,13.048771],[77.64523,13.048001],[77.64465,13.047479],[77.644199,13.045619],[77.643287,13.04422],[77.642088,13.04279],[77.641829,13.042053],[77.641534,13.041388],[77.641516,13.039629],[77.641461,13.037835],[77.641346,13.037202],[77.641129,13.037029],[77.640768,13.036786],[77.640333,13.036439],[77.640151,13.036159],[77.639968,13.035844],[77.639858,13.035599],[77.639747,13.035318],[77.639528,13.034934],[77.639309,13.034654],[77.639127,13.03441],[77.638873,13.034131],[77.638475,13.033783],[77.637677,13.032982],[77.636989,13.032461],[77.636628,13.032218],[77.636265,13.03187],[77.636047,13.031626],[77.635829,13.031382],[77.635539,13.031033],[77.635393,13.030859],[77.635175,13.030579],[77.634993,13.03037],[77.634847,13.03016],[77.634702,13.029951],[77.634484,13.029707],[77.634194,13.029428],[77.63394,13.029184],[77.633758,13.02894],[77.633503,13.028626],[77.633285,13.028346],[77.63303,13.027997],[77.63378,13.027602],[77.634423,13.027385],[77.636534,13.02673],[77.636349,13.026204],[77.635597,13.026388],[77.634989,13.02657],[77.634774,13.026642],[77.634595,13.026679],[77.634202,13.026859]]}},{"type":"Feature","properties":{},"geometry":{"type":"LineString","coordinates":[[77.634202,13.026859],[77.634166,13.026789]]}},{"type":"Feature","properties":{},"geometry":{"type":"LineString","coordinates":[[77.678619,13.015566],[77.678619,13.015601]]}},{"type":"Feature","properties":{},"geometry":{"type":"LineString","coordinates":[[77.632739,13.027648],[77.632703,13.027613]]}},{"type":"Feature","properties":{},"geometry":{"type":"LineString","coordinates":[[77.632703,13.027613],[77.632668,13.027649]]}},{"type":"Feature","properties":{},"geometry":{"type":"LineString","coordinates":[[77.621946,13.03198],[77.620946,13.032413],[77.619551,13.032884],[77.618442,13.033212]]}},{"type":"Feature","properties":{},"geometry":{"type":"LineString","coordinates":[[77.625886,13.037958],[77.62585,13.037958],[77.62581,13.037572],[77.625696,13.037045],[77.625656,13.036658],[77.625582,13.036413],[77.625399,13.036063],[77.625178,13.035572],[77.625032,13.035292],[77.624922,13.035047],[77.624776,13.034802],[77.624629,13.034522],[77.624445,13.034137],[77.624303,13.034209],[77.624266,13.034139],[77.62423,13.034139],[77.624195,13.034175]]}},{"type":"Feature","properties":{},"geometry":{"type":"LineString","coordinates":[[77.622909,13.034786],[77.622909,13.034821],[77.623696,13.034567],[77.624125,13.034422],[77.623756,13.03344],[77.623828,13.033404]]}},{"type":"Feature","properties":{},"geometry":{"type":"LineString","coordinates":[[77.622909,13.034821],[77.62291,13.034856]]}},{"type":"Feature","properties":{},"geometry":{"type":"LineString","coordinates":[[77.75111,12.976771],[77.75111,12.976806]]}},{"type":"Feature","properties":{},"geometry":{"type":"LineString","coordinates":[[77.700415,12.957034],[77.70045,12.957034]]}},{"type":"Feature","properties":{},"geometry":{"type":"LineString","coordinates":[[77.675332,12.993502],[77.675368,12.993537]]}},{"type":"Feature","properties":{},"geometry":{"type":"LineString","coordinates":[[77.751148,12.976946],[77.751148,12.977017]]}},{"type":"Feature","properties":{},"geometry":{"type":"MultiLineString","coordinates":[[[77.620678,12.97277],[77.62093,12.972767],[77.621145,12.9728],[77.621397,12.972868],[77.621685,12.97297],[77.62201,12.973143],[77.622443,12.973385],[77.622696,12.973523],[77.622912,12.973662],[77.623201,12.973835],[77.623346,12.973939]],[[77.615376,12.973562],[77.615555,12.973525],[77.61577,12.973452]],[[77.61577,12.973452],[77.616092,12.973379],[77.616307,12.973341]],[[77.616307,12.973341],[77.616343,12.973341],[77.616629,12.973268],[77.617166,12.973122],[77.617703,12.973011],[77.61781,12.97301],[77.617846,12.972974]],[[77.617846,12.972974],[77.618025,12.972937],[77.618347,12.972863],[77.618347,12.972863]],[[77.618347,12.972863],[77.618455,12.972862],[77.618884,12.972752],[77.619099,12.972715],[77.619386,12.972712],[77.619566,12.972746]],[[77.620177,12.972845],[77.620213,12.972845],[77.620571,12.972806],[77.620678,12.97277]],[[77.620033,12.972846],[77.620177,12.972845]],[[77.619997,12.972847],[77.620033,12.972846]],[[77.619566,12.972746],[77.619997,12.972847]]]}},{"type":"Feature","properties":{},"geometry":{"type":"MultiLineString","coordinates":[[[77.614498,12.975365],[77.614534,12.97533],[77.614607,12.97554]],[[77.614426,12.975366],[77.614498,12.975365]]]}},{"type":"Feature","properties":{},"geometry":{"type":"LineString","coordinates":[[77.649092,12.982475],[77.649163,12.982404],[77.649233,12.982263]]}},{"type":"Feature","properties":{},"geometry":{"type":"LineString","coordinates":[[77.649093,12.982651],[77.649129,12.982616],[77.649129,12.98258]]}},{"type":"Feature","properties":{},"geometry":{"type":"LineString","coordinates":[[77.648983,12.982406],[77.649054,12.982335],[77.64916,12.982193]]}},{"type":"Feature","properties":{},"geometry":{"type":"MultiLineString","coordinates":[[[77.64949,12.982788],[77.649454,12.982788],[77.649454,12.982788]],[[77.649561,12.982717],[77.649525,12.982717],[77.649489,12.982718],[77.649453,12.982753],[77.649489,12.982753],[77.64949,12.982788]],[[77.649633,12.982751],[77.649561,12.982717],[77.649561,12.982717]]]}},{"type":"Feature","properties":{},"geometry":{"type":"LineString","coordinates":[[77.649308,12.982579],[77.649379,12.982507],[77.649449,12.982366]]}},{"type":"Feature","properties":{},"geometry":{"type":"LineString","coordinates":[[77.649555,12.982154],[77.649661,12.982012],[77.649696,12.981976]]}},{"type":"Feature","properties":{},"geometry":{"type":"MultiLineString","coordinates":[[[77.659641,12.992572],[77.662238,12.993812]],[[77.658198,12.991848],[77.658883,12.992193],[77.659641,12.992572]],[[77.655312,12.99047],[77.656034,12.990814],[77.656971,12.991227],[77.658198,12.991848]],[[77.654699,12.990159],[77.654843,12.990228],[77.655312,12.99047]],[[77.654447,12.990057],[77.654699,12.990159]],[[77.652391,12.989092],[77.652824,12.989334],[77.653113,12.989472],[77.653582,12.989678],[77.654158,12.989919],[77.654447,12.990057]],[[77.651814,12.988817],[77.651886,12.988851],[77.652355,12.989093],[77.652391,12.989092]],[[77.651562,12.988714],[77.651814,12.988817]]]}},{"type":"Feature","properties":{},"geometry":{"type":"MultiLineString","coordinates":[[[77.649454,12.982823],[77.649419,12.982859]],[[77.649454,12.982788],[77.649454,12.982823]]]}},{"type":"Feature","properties":{},"geometry":{"type":"MultiLineString","coordinates":[[[77.649087,12.982018],[77.64905,12.981983],[77.648942,12.981914],[77.648942,12.981914]],[[77.648942,12.981914],[77.648942,12.981879],[77.648942,12.981879]]]}},{"type":"Feature","properties":{},"geometry":{"type":"LineString","coordinates":[[77.649416,12.982613],[77.649451,12.982542],[77.649522,12.982436]]}},{"type":"Feature","properties":{},"geometry":{"type":"LineString","coordinates":[[77.649663,12.982188],[77.649769,12.982081],[77.649804,12.982011]]}},{"type":"Feature","properties":{},"geometry":{"type":"MultiLineString","coordinates":[[[77.649674,12.983243],[77.64978,12.983102]],[[77.64978,12.983102],[77.649815,12.983066],[77.649815,12.983031],[77.649815,12.983031]],[[77.649815,12.983031],[77.650062,12.982676],[77.650132,12.9825],[77.650096,12.9825]],[[77.650096,12.9825],[77.650024,12.982466]],[[77.650024,12.982466],[77.650024,12.982431]],[[77.650024,12.982431],[77.649988,12.982431]]]}},{"type":"Feature","properties":{},"geometry":{"type":"MultiLineString","coordinates":[[[77.61182,12.956038],[77.611785,12.956073]],[[77.612822,12.955746],[77.612786,12.955747],[77.612715,12.955783],[77.612321,12.955892],[77.611928,12.956002],[77.61182,12.956038]],[[77.613858,12.955279],[77.613715,12.95535],[77.613537,12.955493],[77.613287,12.955566],[77.613144,12.955638],[77.613108,12.955638]],[[77.614179,12.955135],[77.614036,12.955206],[77.613893,12.955278],[77.613858,12.955279],[77.613858,12.955279]],[[77.614286,12.955098],[77.614179,12.955135],[77.614179,12.955135]],[[77.614358,12.955098],[77.614286,12.955098],[77.614286,12.955098]],[[77.615716,12.954556],[77.615287,12.954736],[77.614858,12.954881],[77.614715,12.954918],[77.614501,12.955026],[77.614358,12.955098]],[[77.616359,12.954338],[77.616145,12.954411],[77.615894,12.954484],[77.615716,12.954556],[77.615716,12.954556]],[[77.616895,12.954087],[77.616859,12.954122],[77.616609,12.95423],[77.616359,12.954338],[77.616359,12.954338]],[[77.617395,12.953871],[77.617359,12.953906],[77.617109,12.954014],[77.616895,12.954087]],[[77.617573,12.953763],[77.617395,12.953871]],[[77.617716,12.953691],[77.617609,12.953763],[77.617573,12.953763]]]}},{"type":"Feature","properties":{},"geometry":{"type":"MultiLineString","coordinates":[[[77.649424,12.983422],[77.649389,12.983422]],[[77.649389,12.983422],[77.648991,12.983145]],[[77.648991,12.983145],[77.648702,12.982972]]]}},{"type":"Feature","properties":{},"geometry":{"type":"LineString","coordinates":[[77.649058,12.982652],[77.649093,12.982581],[77.649093,12.982581]]}},{"type":"Feature","properties":{},"geometry":{"type":"LineString","coordinates":[[77.648702,12.982972],[77.648738,12.982936],[77.648773,12.982866]]}},{"type":"Feature","properties":{},"geometry":{"type":"LineString","coordinates":[[77.649302,12.98198],[77.649372,12.981874],[77.649407,12.981803]]}},{"type":"Feature","properties":{},"geometry":{"type":"LineString","coordinates":[[77.649386,12.983176],[77.64935,12.983141],[77.649314,12.983142]]}},{"type":"Feature","properties":{},"geometry":{"type":"LineString","coordinates":[[77.648991,12.983145],[77.649026,12.983109],[77.649062,12.983039]]}},{"type":"Feature","properties":{},"geometry":{"type":"LineString","coordinates":[[77.64913,12.982686],[77.649165,12.98265],[77.649165,12.982615]]}},{"type":"Feature","properties":{},"geometry":{"type":"MultiLineString","coordinates":[[[77.648482,12.982552],[77.648555,12.982621],[77.648627,12.982656]],[[77.648942,12.981879],[77.648765,12.982127],[77.648446,12.982552],[77.648482,12.982552]],[[77.649189,12.981524],[77.649083,12.981631],[77.648977,12.981808],[77.648942,12.981879]],[[77.647964,12.981079],[77.648181,12.981183],[77.648577,12.981319],[77.648937,12.981421],[77.649117,12.98149],[77.649189,12.981524]],[[77.647032,12.981159],[77.647033,12.981194],[77.647391,12.981155],[77.647499,12.981154],[77.647893,12.98115],[77.647929,12.98108],[77.647964,12.981079]],[[77.646583,12.979369],[77.646583,12.979404],[77.646799,12.979437],[77.646801,12.979648],[77.646805,12.98007],[77.647021,12.980103],[77.64706,12.98042],[77.647062,12.980596],[77.647064,12.980772],[77.647066,12.980912],[77.647032,12.981159]],[[77.646686,12.978981],[77.646687,12.979051],[77.646583,12.979369]],[[77.647025,12.973699],[77.646993,12.974016],[77.646962,12.974509],[77.646965,12.974791],[77.646932,12.975037],[77.6469,12.975425],[77.646867,12.975671],[77.646801,12.97627],[77.646803,12.976446],[77.646804,12.976516],[77.646808,12.976939],[77.646812,12.977291],[77.646816,12.977642],[77.646819,12.977994],[77.646823,12.978381],[77.646789,12.978558],[77.646755,12.978699],[77.646686,12.978981]],[[77.646953,12.973629],[77.647024,12.973629],[77.647025,12.973699]]]}},{"type":"Feature","properties":{},"geometry":{"type":"LineString","coordinates":[[77.64931,12.98279],[77.649346,12.982754],[77.649345,12.982719]]}},{"type":"Feature","properties":{},"geometry":{"type":"LineString","coordinates":[[77.649351,12.983212],[77.649314,12.983177],[77.649278,12.983177]]}},{"type":"Feature","properties":{},"geometry":{"type":"MultiLineString","coordinates":[[[77.649346,12.982825],[77.649382,12.982789],[77.649417,12.982753],[77.649417,12.982753]],[[77.649417,12.982753],[77.649417,12.982718],[77.649417,12.982683],[77.649272,12.982614],[77.649237,12.98265],[77.649237,12.98265]],[[77.649237,12.98265],[77.649201,12.982685],[77.649202,12.98272]]]}},{"type":"Feature","properties":{},"geometry":{"type":"LineString","coordinates":[[77.649201,12.98265],[77.649166,12.982686]]}},{"type":"Feature","properties":{},"geometry":{"type":"LineString","coordinates":[[77.649346,12.982789],[77.649346,12.982754],[77.649381,12.982719]]}},{"type":"Feature","properties":{},"geometry":{"type":"LineString","coordinates":[[77.649417,12.982753],[77.649418,12.982789],[77.649382,12.982824]]}},{"type":"Feature","properties":{},"geometry":{"type":"LineString","coordinates":[[77.649374,12.982015],[77.64948,12.981908],[77.649516,12.981873]]}},{"type":"Feature","properties":{},"geometry":{"type":"MultiLineString","coordinates":[[[77.64799,12.98692],[77.648026,12.98692],[77.647989,12.986815],[77.648021,12.986427],[77.648055,12.986216],[77.648123,12.985898],[77.648227,12.985545],[77.648368,12.985263],[77.648579,12.984908],[77.648755,12.98459],[77.648967,12.984236],[77.649178,12.983882],[77.649424,12.983422]],[[77.645035,12.985719],[77.645576,12.985924],[77.646332,12.986233],[77.646765,12.986405],[77.647198,12.986612],[77.64763,12.986783],[77.647846,12.986851],[77.64799,12.98692],[77.64799,12.98692]]]}},{"type":"Feature","properties":{},"geometry":{"type":"MultiLineString","coordinates":[[[77.649351,12.983212],[77.649386,12.983176],[77.649386,12.983176]],[[77.649386,12.983176],[77.649421,12.983105],[77.649598,12.982822]],[[77.649598,12.982822],[77.649597,12.982787],[77.649633,12.982751]],[[77.649633,12.982751],[77.649669,12.982751]],[[77.649669,12.982751],[77.649739,12.982609],[77.649809,12.982468]],[[77.649809,12.982468],[77.64988,12.982397]],[[77.64988,12.982397],[77.649915,12.982326]],[[77.649915,12.982326],[77.649951,12.982291],[77.649915,12.982291],[77.649879,12.982256]]]}},{"type":"Feature","properties":{},"geometry":{"type":"MultiLineString","coordinates":[[[77.615469,12.979015],[77.615434,12.979086],[77.615363,12.979157],[77.614577,12.979482],[77.61422,12.979661]],[[77.614832,12.976418],[77.614906,12.976593],[77.615017,12.976979],[77.615129,12.9774],[77.615205,12.977751],[77.615316,12.978137],[77.615392,12.978523],[77.615468,12.978875],[77.615469,12.979015]]]}},{"type":"Feature","properties":{},"geometry":{"type":"MultiLineString","coordinates":[[[77.620034,12.972882],[77.620141,12.97288],[77.620177,12.97288]],[[77.620177,12.97288],[77.62032,12.972843],[77.620643,12.972805],[77.620678,12.97277]],[[77.619566,12.972746],[77.619567,12.972816],[77.619854,12.972848],[77.620034,12.972882]]]}},{"type":"Feature","properties":{},"geometry":{"type":"LineString","coordinates":[[77.663644,12.994466],[77.664726,12.995018]]}},{"type":"Feature","properties":{},"geometry":{"type":"LineString","coordinates":[[77.614088,12.973856],[77.614123,12.973856]]}},{"type":"Feature","properties":{},"geometry":{"type":"LineString","coordinates":[[77.614088,12.973856],[77.614123,12.973856]]}},{"type":"Feature","properties":{},"geometry":{"type":"LineString","coordinates":[[77.614768,12.973709],[77.614839,12.973673],[77.614839,12.973673]]}},{"type":"Feature","properties":{},"geometry":{"type":"MultiLineString","coordinates":[[[77.622922,12.981439],[77.62314,12.981648],[77.623248,12.981752],[77.623284,12.981752]],[[77.622778,12.981335],[77.622922,12.981439]]]}},{"type":"Feature","properties":{},"geometry":{"type":"MultiLineString","coordinates":[[[77.626158,12.982039],[77.62623,12.982039],[77.626445,12.982072],[77.626517,12.982071],[77.626589,12.98207],[77.626589,12.98207]],[[77.626589,12.98207],[77.626625,12.98207],[77.626732,12.982069],[77.626768,12.982033],[77.626768,12.982033]],[[77.626768,12.982033],[77.626947,12.981996],[77.627055,12.981995],[77.627126,12.981994],[77.627198,12.981959],[77.627305,12.981957],[77.627556,12.981885],[77.627628,12.981884]],[[77.625906,12.982007],[77.626086,12.98204],[77.626158,12.982039],[77.626158,12.982039]],[[77.625691,12.982009],[77.625906,12.982007],[77.625906,12.982007]],[[77.625476,12.981976],[77.625655,12.982009],[77.625691,12.982009],[77.625691,12.982009]],[[77.625296,12.981943],[77.625476,12.981976],[77.625476,12.981976]],[[77.625081,12.981945],[77.625152,12.981944],[77.625296,12.981943],[77.625296,12.981943]],[[77.624829,12.981912],[77.624937,12.981911],[77.625081,12.981945],[77.625081,12.981945]],[[77.624614,12.981914],[77.624721,12.981913],[77.624829,12.981912],[77.624829,12.981912]],[[77.627628,12.981884],[77.627807,12.981847]],[[77.624542,12.981915],[77.624614,12.981914],[77.624614,12.981914]],[[77.624506,12.981915],[77.624542,12.981915]],[[77.623284,12.981752],[77.623393,12.981821],[77.623465,12.981891],[77.623501,12.98189],[77.623537,12.981925],[77.623573,12.981925],[77.623609,12.981924],[77.62386,12.981922],[77.623896,12.981921],[77.624147,12.981919],[77.624291,12.981918],[77.624434,12.981916],[77.62447,12.981916],[77.624506,12.981915]],[[77.627807,12.981847],[77.628021,12.981809]],[[77.628021,12.981809],[77.628236,12.981772]],[[77.628236,12.981772],[77.628451,12.9817],[77.628487,12.981699]]]}},{"type":"Feature","properties":{},"geometry":{"type":"MultiLineString","coordinates":[[[77.631789,12.981842],[77.631826,12.981876],[77.631934,12.981946],[77.632115,12.98205],[77.632367,12.982188],[77.632475,12.982222],[77.632835,12.982289],[77.633086,12.982321],[77.633374,12.982389],[77.633661,12.982421],[77.633841,12.982419]],[[77.631501,12.981669],[77.631609,12.981738],[77.631789,12.981842]],[[77.628487,12.981699],[77.628594,12.981698],[77.628845,12.98166],[77.628917,12.98166],[77.628988,12.981624],[77.629096,12.981623],[77.629275,12.981586],[77.629418,12.981549],[77.629562,12.981548],[77.629705,12.981511],[77.629848,12.981509],[77.629956,12.981508],[77.630135,12.981471],[77.630315,12.981505],[77.630351,12.981504]],[[77.631249,12.981601],[77.631501,12.981669]],[[77.630351,12.981504],[77.630422,12.981504],[77.630566,12.981537],[77.630746,12.981536],[77.630997,12.981568],[77.631213,12.981601],[77.631213,12.981601]],[[77.631213,12.981601],[77.631249,12.981601]]]}},{"type":"Feature","properties":{},"geometry":{"type":"MultiLineString","coordinates":[[[77.633841,12.982454],[77.633841,12.982419],[77.634344,12.982449],[77.634523,12.982483],[77.634775,12.982515]],[[77.633841,12.982419],[77.633841,12.982454],[77.633841,12.982454]]]}},{"type":"Feature","properties":{},"geometry":{"type":"MultiLineString","coordinates":[[[77.641396,12.984313],[77.641468,12.984347],[77.642045,12.984553],[77.642585,12.984758],[77.643162,12.984999],[77.643738,12.985204],[77.644026,12.985307],[77.645035,12.985719]],[[77.640712,12.984074],[77.640928,12.984177],[77.641396,12.984313]],[[77.63783,12.983047],[77.638263,12.983184],[77.638371,12.983253],[77.638839,12.983389],[77.639379,12.983595],[77.639739,12.983732],[77.639956,12.9838],[77.640424,12.984006],[77.640676,12.984074],[77.640712,12.984074]]]}},{"type":"Feature","properties":{},"geometry":{"type":"MultiLineString","coordinates":[[[77.637542,12.982909],[77.637578,12.982944],[77.637794,12.983012],[77.63783,12.983047]],[[77.634775,12.982515],[77.635098,12.982547],[77.63578,12.982575],[77.636355,12.98264],[77.636786,12.982706],[77.63729,12.982806],[77.637434,12.98284],[77.637542,12.982909]]]}},{"type":"Feature","properties":{},"geometry":{"type":"MultiLineString","coordinates":[[[77.620374,12.977981],[77.620412,12.978156],[77.620522,12.978401],[77.620596,12.978577],[77.620704,12.978681],[77.620849,12.978785],[77.621318,12.978992],[77.621462,12.979061],[77.621571,12.979165],[77.621644,12.97927],[77.621754,12.979515],[77.621901,12.97983],[77.622122,12.980391],[77.622306,12.980811],[77.622379,12.980951],[77.622452,12.981056],[77.622597,12.981196],[77.622669,12.981265],[77.622741,12.9813],[77.622778,12.981335]],[[77.620338,12.977911],[77.620374,12.977981]]]}},{"type":"Feature","properties":{},"geometry":{"type":"MultiLineString","coordinates":[[[77.63783,12.983047],[77.637795,12.983048],[77.637542,12.982945]],[[77.637542,12.982945],[77.637398,12.982911],[77.636895,12.982775],[77.636319,12.982675],[77.635816,12.98261],[77.635278,12.98258],[77.634775,12.982515],[77.634775,12.982515]]]}},{"type":"Feature","properties":{},"geometry":{"type":"MultiLineString","coordinates":[[[77.633841,12.982419],[77.633805,12.982455],[77.633626,12.982421],[77.63341,12.982388],[77.632907,12.982323],[77.632583,12.982256],[77.632476,12.982257],[77.632079,12.98205],[77.631898,12.981946],[77.63179,12.981877]],[[77.63179,12.981877],[77.631681,12.981772],[77.631573,12.981738]],[[77.630387,12.981539],[77.630207,12.981541],[77.630064,12.981542],[77.629813,12.981545],[77.629669,12.981546],[77.62949,12.981583],[77.629347,12.981585],[77.62924,12.981621],[77.628989,12.981659],[77.628702,12.981697],[77.628523,12.981734],[77.628487,12.981699]],[[77.631501,12.981704],[77.631393,12.98167],[77.631321,12.98167]],[[77.631321,12.98167],[77.631285,12.981671]],[[77.631285,12.981671],[77.631213,12.981636],[77.630998,12.981639],[77.630782,12.981606],[77.630567,12.981573],[77.630423,12.981539],[77.630387,12.981539]]]}},{"type":"Feature","properties":{},"geometry":{"type":"MultiLineString","coordinates":[[[77.621499,12.979166],[77.621608,12.979305],[77.621755,12.979656],[77.621865,12.979901],[77.622087,12.980462],[77.622307,12.980952],[77.622452,12.981127],[77.622706,12.981335],[77.622742,12.981335]],[[77.622742,12.981335],[77.622778,12.981335]],[[77.620338,12.977911],[77.620302,12.977911],[77.620376,12.978192],[77.620488,12.978543],[77.620597,12.978682],[77.620742,12.978821],[77.620958,12.97889],[77.621282,12.979027],[77.621463,12.979131]]]}},{"type":"Feature","properties":{},"geometry":{"type":"MultiLineString","coordinates":[[[77.614795,12.976348],[77.614795,12.976312]],[[77.620017,12.974747],[77.619588,12.974821],[77.619337,12.974859],[77.61905,12.974932],[77.618871,12.974969],[77.61855,12.975078],[77.618371,12.975115],[77.618263,12.975152],[77.617834,12.975297],[77.617441,12.975441],[77.617227,12.975514],[77.61669,12.975695],[77.61619,12.975876],[77.615653,12.976058],[77.615189,12.976238],[77.614795,12.976348]],[[77.614795,12.976312],[77.614721,12.976137],[77.614611,12.975857],[77.6145,12.975541],[77.614499,12.975471]],[[77.614499,12.975471],[77.614462,12.975401],[77.614462,12.975401]],[[77.620018,12.974817],[77.620018,12.974782]],[[77.620018,12.974782],[77.620017,12.974747],[77.620017,12.974747]]]}},{"type":"Feature","properties":{},"geometry":{"type":"MultiLineString","coordinates":[[[77.646916,12.973595],[77.646953,12.973629]],[[77.64487,12.973475],[77.644834,12.97351],[77.645445,12.973539],[77.646198,12.973567],[77.646414,12.9736],[77.646916,12.973595]]]}},{"type":"Feature","properties":{},"geometry":{"type":"MultiLineString","coordinates":[[[77.644898,12.972735],[77.644869,12.97344]],[[77.644925,12.971926],[77.644894,12.972348],[77.644898,12.972735],[77.644898,12.972735]],[[77.644566,12.971929],[77.644602,12.971929],[77.644925,12.971926],[77.644925,12.971926]]]}},{"type":"Feature","properties":{},"geometry":{"type":"MultiLineString","coordinates":[[[77.619632,12.972182],[77.619633,12.972323],[77.61967,12.972393],[77.619706,12.972463],[77.619743,12.972533],[77.619815,12.972602],[77.619923,12.972636],[77.620031,12.97267],[77.620426,12.972666],[77.620857,12.972662],[77.620928,12.972661],[77.62118,12.972694],[77.62136,12.972763],[77.62136,12.972727]],[[77.62136,12.972727],[77.621359,12.972692]]]}},{"type":"Feature","properties":{},"geometry":{"type":"MultiLineString","coordinates":[[[77.620017,12.974747],[77.620013,12.97436],[77.620044,12.973902],[77.620041,12.97362],[77.620037,12.973163],[77.620034,12.972882]],[[77.620034,12.972882],[77.620033,12.972846],[77.620033,12.972846]],[[77.620033,12.972846],[77.620033,12.972811],[77.619961,12.972777]],[[77.619961,12.972777],[77.619673,12.972709],[77.619599,12.972499]]]}},{"type":"Feature","properties":{},"geometry":{"type":"MultiLineString","coordinates":[[[77.666166,12.958443],[77.666345,12.958406],[77.666596,12.958368]],[[77.68421,12.954844],[77.684857,12.954908],[77.686437,12.955032],[77.687766,12.955195],[77.688844,12.955395],[77.688988,12.955428]]]}},{"type":"Feature","properties":{},"geometry":{"type":"MultiLineString","coordinates":[[[77.614759,12.976348],[77.614795,12.976312]],[[77.614795,12.976312],[77.614831,12.976312],[77.615904,12.975949],[77.616798,12.975659],[77.61762,12.975369],[77.618371,12.975115],[77.61855,12.975078],[77.61905,12.974897],[77.619373,12.974859],[77.619981,12.974747]],[[77.620018,12.974782],[77.620018,12.974817]],[[77.620017,12.974747],[77.620018,12.974782]],[[77.619981,12.974747],[77.620017,12.974747],[77.620017,12.974747]]]}},{"type":"Feature","properties":{},"geometry":{"type":"MultiLineString","coordinates":[[[77.620333,12.977453],[77.620334,12.977524],[77.620336,12.977805],[77.620337,12.977875],[77.620338,12.977911]],[[77.620356,12.976292],[77.620358,12.976432],[77.62036,12.976644],[77.620362,12.976855],[77.620333,12.977453]],[[77.620355,12.976151],[77.620356,12.976221],[77.620356,12.976292]],[[77.620351,12.975764],[77.620351,12.975799],[77.620352,12.975905],[77.620354,12.976081],[77.620355,12.976116]],[[77.620241,12.975589],[77.620351,12.975764]],[[77.620018,12.974817],[77.620054,12.974852],[77.620129,12.975168],[77.620205,12.975554]]]}},{"type":"Feature","properties":{},"geometry":{"type":"MultiLineString","coordinates":[[[77.648131,12.986672],[77.648099,12.987025]],[[77.649674,12.983243],[77.649638,12.983279],[77.649427,12.983703],[77.649216,12.984057],[77.64904,12.984376],[77.648828,12.98473],[77.648652,12.985048],[77.648511,12.985261],[77.648406,12.985508],[77.648266,12.985862],[77.648162,12.986215],[77.648129,12.986461],[77.648131,12.986672],[77.648131,12.986672]]]}},{"type":"Feature","properties":{},"geometry":{"type":"MultiLineString","coordinates":[[[77.6481,12.987095],[77.648136,12.987095],[77.648568,12.987266],[77.649073,12.987507],[77.649362,12.987645],[77.64965,12.987748],[77.649794,12.987817],[77.65001,12.98792],[77.650335,12.988093],[77.650732,12.988265],[77.651418,12.988645],[77.651562,12.988714]],[[77.648064,12.98706],[77.6481,12.987095]]]}},{"type":"Feature","properties":{},"geometry":{"type":"LineString","coordinates":[[77.648099,12.987025],[77.6481,12.98706],[77.648424,12.987197],[77.64864,12.987265],[77.648856,12.987369],[77.649073,12.987472],[77.649325,12.98761],[77.649541,12.987679],[77.649758,12.987782],[77.64983,12.987816],[77.650046,12.98792],[77.650226,12.987988],[77.650407,12.988092],[77.650696,12.98823],[77.650876,12.988334],[77.651092,12.988437],[77.651309,12.98854],[77.651561,12.988678]]}},{"type":"Feature","properties":{},"geometry":{"type":"LineString","coordinates":[[77.651561,12.988678],[77.651634,12.988713],[77.651778,12.988782],[77.651922,12.988851],[77.651994,12.988885],[77.652139,12.988954],[77.652391,12.989092],[77.652535,12.989161],[77.652788,12.989264],[77.653185,12.989471],[77.653689,12.989677],[77.653978,12.989815],[77.654446,12.990021],[77.654627,12.990125],[77.655131,12.990331]]}},{"type":"Feature","properties":{},"geometry":{"type":"LineString","coordinates":[[77.655131,12.990331],[77.655528,12.990503],[77.656286,12.990882],[77.656791,12.991123],[77.657295,12.991365],[77.657656,12.991537],[77.658053,12.991744],[77.658234,12.991848],[77.658738,12.992054]]}},{"type":"Feature","properties":{},"geometry":{"type":"LineString","coordinates":[[77.662238,12.993812],[77.66249,12.99395],[77.663644,12.994466]]}},{"type":"Feature","properties":{},"geometry":{"type":"LineString","coordinates":[[77.659676,12.992537],[77.659784,12.992571],[77.660073,12.992744],[77.660325,12.992847],[77.660758,12.993053],[77.660975,12.993157],[77.661372,12.993364],[77.661696,12.993501],[77.661985,12.993639],[77.662165,12.993743],[77.662238,12.993812]]}},{"type":"Feature","properties":{},"geometry":{"type":"MultiLineString","coordinates":[[[77.649638,12.983244],[77.649638,12.983279],[77.649533,12.983456],[77.649356,12.983739],[77.649251,12.983952],[77.64911,12.984234],[77.64904,12.984341],[77.648898,12.984553],[77.648792,12.984695],[77.648652,12.984978],[77.64851,12.985191],[77.64837,12.985509],[77.6483,12.98565],[77.64823,12.985862],[77.64816,12.986039],[77.648126,12.986215],[77.648128,12.986391],[77.648095,12.986602],[77.648095,12.986673],[77.648131,12.986672]],[[77.649674,12.983243],[77.649638,12.983244]]]}},{"type":"Feature","properties":{},"geometry":{"type":"LineString","coordinates":[[77.60804,12.96512],[77.608112,12.965119],[77.608148,12.965119]]}},{"type":"Feature","properties":{},"geometry":{"type":"LineString","coordinates":[[77.607324,12.965232],[77.607287,12.965162],[77.607251,12.965128]]}},{"type":"Feature","properties":{},"geometry":{"type":"MultiLineString","coordinates":[[[77.607358,12.965091],[77.607286,12.965092],[77.607321,12.965021],[77.60732,12.964916],[77.60732,12.964916]],[[77.60732,12.964916],[77.607353,12.964563]]]}},{"type":"Feature","properties":{},"geometry":{"type":"LineString","coordinates":[[77.606813,12.964393],[77.607352,12.964528],[77.607676,12.964595],[77.608035,12.964662],[77.608287,12.964695]]}},{"type":"Feature","properties":{},"geometry":{"type":"LineString","coordinates":[[77.607358,12.965126],[77.607287,12.965127],[77.607353,12.964599],[77.606814,12.964498]]}},{"type":"Feature","properties":{},"geometry":{"type":"LineString","coordinates":[[77.610887,12.966288],[77.610851,12.966288],[77.610923,12.966358],[77.610923,12.966358]]}},{"type":"Feature","properties":{},"geometry":{"type":"LineString","coordinates":[[77.607606,12.964772],[77.607641,12.964737],[77.607641,12.964701]]}},{"type":"Feature","properties":{},"geometry":{"type":"MultiLineString","coordinates":[[[77.611179,12.966742],[77.611214,12.966742],[77.611215,12.966812]],[[77.610923,12.966358],[77.611032,12.966462],[77.611179,12.966742]],[[77.610887,12.966288],[77.610923,12.966322],[77.610923,12.966358]],[[77.610014,12.965205],[77.61016,12.96538],[77.610305,12.96559],[77.610452,12.965834],[77.610596,12.965974],[77.610705,12.966078],[77.610887,12.966288]],[[77.609942,12.965171],[77.610014,12.965205]],[[77.609906,12.965136],[77.609942,12.965171]]]}},{"type":"Feature","properties":{},"geometry":{"type":"MultiLineString","coordinates":[[[77.608148,12.965119],[77.608113,12.965224],[77.608077,12.965225],[77.608041,12.965225]],[[77.608147,12.965048],[77.608148,12.965119]],[[77.608182,12.964977],[77.608147,12.965048]],[[77.608216,12.964766],[77.608182,12.964977]],[[77.60818,12.964731],[77.608215,12.964731],[77.608216,12.964766],[77.608216,12.964766]],[[77.607496,12.964597],[77.607532,12.964597],[77.607892,12.964664],[77.60818,12.964731]],[[77.607353,12.964563],[77.607496,12.964597],[77.607496,12.964597]]]}},{"type":"Feature","properties":{},"geometry":{"type":"LineString","coordinates":[[77.619625,12.971548],[77.61963,12.972041],[77.619631,12.972111]]}},{"type":"Feature","properties":{},"geometry":{"type":"MultiLineString","coordinates":[[[77.621044,12.956297],[77.621044,12.956332],[77.621084,12.956649],[77.621084,12.956719]],[[77.621007,12.956192],[77.621008,12.956227],[77.621044,12.956297]],[[77.620969,12.955981],[77.620969,12.956016],[77.621007,12.956192]],[[77.620968,12.955911],[77.620969,12.955981]],[[77.620854,12.955314],[77.62093,12.9557],[77.620968,12.955911]],[[77.620779,12.954927],[77.620854,12.955243],[77.620854,12.955279],[77.620854,12.955314]],[[77.620778,12.954892],[77.620779,12.954927]],[[77.620741,12.954717],[77.620741,12.954752],[77.620778,12.954892]],[[77.620628,12.95426],[77.620665,12.954401],[77.620666,12.954436],[77.620741,12.954717]],[[77.620555,12.954085],[77.620628,12.95426]],[[77.620516,12.953839],[77.620553,12.95398],[77.620555,12.954085]],[[77.620478,12.953664],[77.620516,12.953839]],[[77.620404,12.953453],[77.620405,12.953488],[77.620478,12.953664]],[[77.620366,12.953242],[77.620367,12.953278],[77.620404,12.953453]],[[77.620402,12.953242],[77.620366,12.953242]],[[77.62076,12.953168],[77.620724,12.953169],[77.620581,12.953205],[77.620402,12.953242]]]}},{"type":"Feature","properties":{},"geometry":{"type":"MultiLineString","coordinates":[[[77.608147,12.965048],[77.608183,12.965048],[77.608183,12.965048]],[[77.608075,12.965014],[77.608111,12.965013],[77.608147,12.965048],[77.608147,12.965048]]]}},{"type":"Feature","properties":{},"geometry":{"type":"MultiLineString","coordinates":[[[77.608006,12.965261],[77.608078,12.965295],[77.608114,12.965295],[77.608183,12.965048]],[[77.608183,12.965048],[77.608218,12.964942]]]}},{"type":"Feature","properties":{},"geometry":{"type":"MultiLineString","coordinates":[[[77.607393,12.964985],[77.607321,12.964951],[77.607356,12.964915],[77.607356,12.964915]],[[77.607356,12.964915],[77.607356,12.96488],[77.607355,12.96481]],[[77.607355,12.96481],[77.607389,12.964598]]]}},{"type":"Feature","properties":{},"geometry":{"type":"MultiLineString","coordinates":[[[77.606727,12.966505],[77.606761,12.966364],[77.606761,12.966329]],[[77.606761,12.966329],[77.606761,12.966294]]]}},{"type":"Feature","properties":{},"geometry":{"type":"LineString","coordinates":[[77.607894,12.964875],[77.607929,12.964804],[77.607929,12.964769]]}},{"type":"Feature","properties":{},"geometry":{"type":"MultiLineString","coordinates":[[[77.608182,12.964977],[77.608182,12.964942],[77.608218,12.964942]],[[77.608074,12.964943],[77.608182,12.964942],[77.608182,12.964977],[77.608182,12.964977]],[[77.608218,12.964942],[77.608218,12.964977],[77.608252,12.964766],[77.608252,12.964766]]]}},{"type":"Feature","properties":{},"geometry":{"type":"LineString","coordinates":[[77.607786,12.964841],[77.607821,12.96477],[77.607821,12.964735]]}},{"type":"Feature","properties":{},"geometry":{"type":"LineString","coordinates":[[77.625343,12.965896],[77.625307,12.965966]]}},{"type":"Feature","properties":{},"geometry":{"type":"LineString","coordinates":[[77.607462,12.964738],[77.607497,12.964703],[77.607497,12.964668]]}},{"type":"Feature","properties":{},"geometry":{"type":"LineString","coordinates":[[77.606813,12.964463],[77.607317,12.964564],[77.607353,12.964563],[77.607353,12.964563]]}},{"type":"Feature","properties":{},"geometry":{"type":"MultiLineString","coordinates":[[[77.617716,12.953691],[77.617823,12.95362],[77.617823,12.95362]],[[77.617823,12.95362],[77.61793,12.953549],[77.618073,12.953477],[77.618287,12.953369],[77.618573,12.953261],[77.618894,12.953117],[77.619037,12.953045],[77.61918,12.953008]],[[77.61918,12.953008],[77.619287,12.952937],[77.619287,12.952937]],[[77.619287,12.952937],[77.619394,12.9529],[77.619536,12.952793],[77.619608,12.952757],[77.619715,12.952686],[77.619893,12.952614],[77.620107,12.952506]],[[77.620107,12.952506],[77.620143,12.952506]],[[77.620143,12.952506],[77.620215,12.95247]]]}},{"type":"Feature","properties":{},"geometry":{"type":"LineString","coordinates":[[77.607858,12.96484],[77.607857,12.964805],[77.607892,12.964734]]}},{"type":"Feature","properties":{},"geometry":{"type":"LineString","coordinates":[[77.611179,12.966742],[77.611143,12.966742]]}},{"type":"Feature","properties":{},"geometry":{"type":"LineString","coordinates":[[77.607355,12.96481],[77.607391,12.964809],[77.607427,12.964809]]}},{"type":"Feature","properties":{},"geometry":{"type":"MultiLineString","coordinates":[[[77.617531,12.970338],[77.618109,12.970684],[77.618723,12.971065],[77.619048,12.971238],[77.619265,12.971411],[77.619447,12.971726],[77.619521,12.971937],[77.619599,12.972464]],[[77.617495,12.970338],[77.617531,12.970338]],[[77.617351,12.970269],[77.617495,12.970338]],[[77.611183,12.967164],[77.611183,12.967129],[77.611219,12.967164],[77.6114,12.967373],[77.611656,12.967758],[77.611801,12.967897],[77.611873,12.968002],[77.612091,12.968176],[77.612199,12.96821],[77.612738,12.96831],[77.613492,12.968408],[77.614246,12.968436],[77.614498,12.968539],[77.615149,12.968954],[77.61551,12.969162],[77.616051,12.969473],[77.617026,12.970062],[77.617351,12.970269]],[[77.608845,12.96666],[77.610248,12.966927],[77.611147,12.967129],[77.611183,12.967164],[77.611183,12.967164]],[[77.609942,12.965171],[77.609694,12.96542],[77.609552,12.965562],[77.608737,12.966626],[77.608845,12.96666]],[[77.608007,12.965366],[77.608079,12.965401],[77.608151,12.9654],[77.608288,12.9648],[77.608288,12.964765],[77.608288,12.964765]],[[77.609942,12.965136],[77.609942,12.965171]],[[77.609978,12.965135],[77.609942,12.965136]],[[77.608288,12.964765],[77.608539,12.964798],[77.609042,12.964898],[77.609618,12.965033],[77.609834,12.965102],[77.60987,12.965101],[77.609942,12.965136],[77.609978,12.965135]]]}},{"type":"Feature","properties":{},"geometry":{"type":"MultiLineString","coordinates":[[[77.614322,12.955098],[77.614358,12.955098]],[[77.614358,12.955098],[77.614394,12.955062]]]}},{"type":"Feature","properties":{},"geometry":{"type":"MultiLineString","coordinates":[[[77.611326,12.967128],[77.611291,12.967163],[77.611363,12.967198],[77.611399,12.967197],[77.611399,12.967197]],[[77.611399,12.967197],[77.611935,12.967016],[77.612329,12.966942],[77.612758,12.966832],[77.612901,12.966795]],[[77.610195,12.965344],[77.610305,12.965519],[77.610596,12.965903],[77.61085,12.966182],[77.611031,12.966392],[77.61125,12.966671],[77.611287,12.966811],[77.611326,12.967128],[77.611326,12.967128]],[[77.617587,12.965411],[77.617588,12.965446]],[[77.610122,12.965239],[77.610195,12.965344]],[[77.61005,12.965135],[77.610086,12.965169],[77.610122,12.965239]],[[77.609977,12.9651],[77.610014,12.965135],[77.61005,12.965135]],[[77.608323,12.96473],[77.608539,12.964798],[77.609042,12.964898],[77.609258,12.964931],[77.609582,12.964999],[77.609834,12.965066],[77.609977,12.9651],[77.609977,12.9651]]]}},{"type":"Feature","properties":{},"geometry":{"type":"MultiLineString","coordinates":[[[77.606819,12.964991],[77.606826,12.965695],[77.606761,12.966294],[77.606761,12.966294]],[[77.606741,12.964464],[77.606742,12.964499],[77.606814,12.964498],[77.606814,12.964534],[77.606816,12.964745],[77.606819,12.964991]],[[77.606741,12.964429],[77.606741,12.964464]],[[77.60674,12.964323],[77.606741,12.964429]],[[77.606812,12.964323],[77.60674,12.964288],[77.60674,12.964323]],[[77.606916,12.964005],[77.606919,12.964321],[77.606884,12.964322],[77.606812,12.964323]]]}},{"type":"Feature","properties":{},"geometry":{"type":"MultiLineString","coordinates":[[[77.605293,12.952795],[77.605329,12.95283],[77.605545,12.952899],[77.605548,12.95325],[77.605552,12.953602],[77.605595,12.954235],[77.605784,12.955183],[77.605787,12.9555],[77.605827,12.955852],[77.605866,12.956203],[77.605979,12.95673],[77.606054,12.957011],[77.606093,12.957292],[77.606093,12.957327]],[[77.605185,12.952761],[77.605185,12.952797],[77.605257,12.952831],[77.605293,12.952795],[77.605293,12.952795]],[[77.603477,12.950737],[77.603515,12.950913],[77.603515,12.950948],[77.603589,12.951159],[77.603625,12.951193],[77.603662,12.951263],[77.603662,12.951299],[77.603771,12.951438],[77.603808,12.951543],[77.603991,12.951894],[77.604102,12.952139],[77.604247,12.952313],[77.604283,12.952348],[77.604536,12.952486],[77.604969,12.952693],[77.605041,12.952728],[77.605149,12.952797],[77.605149,12.952762],[77.605185,12.952761]],[[77.60344,12.950597],[77.603477,12.950702],[77.603477,12.950737]],[[77.603439,12.950562],[77.60344,12.950597]],[[77.603402,12.950421],[77.603439,12.950562],[77.603439,12.950562]]]}},{"type":"Feature","properties":{},"geometry":{"type":"LineString","coordinates":[[77.606741,12.964464],[77.606777,12.964464],[77.606813,12.964463]]}},{"type":"Feature","properties":{},"geometry":{"type":"LineString","coordinates":[[77.606778,12.964534],[77.606783,12.964991],[77.606819,12.964991],[77.606819,12.964991]]}},{"type":"Feature","properties":{},"geometry":{"type":"MultiLineString","coordinates":[[[77.625343,12.965896],[77.625728,12.965047],[77.625939,12.964553],[77.626291,12.963951]],[[77.626291,12.963951],[77.626397,12.963809],[77.626538,12.963526],[77.627073,12.963204],[77.627715,12.962846],[77.628143,12.962595],[77.628535,12.96238],[77.628893,12.962306],[77.629287,12.962267],[77.629609,12.962193],[77.630503,12.961902],[77.631218,12.961649]],[[77.632507,12.96139],[77.633083,12.961595],[77.633767,12.961799],[77.634126,12.961831],[77.634306,12.961829],[77.634341,12.961793]],[[77.634377,12.961793],[77.634449,12.961792],[77.634557,12.961791],[77.634879,12.961753],[77.635273,12.961678],[77.635703,12.961603],[77.635953,12.961531]],[[77.631218,12.961649],[77.632399,12.961355],[77.632507,12.96139]],[[77.636025,12.96153],[77.636132,12.961494],[77.636562,12.961419],[77.637135,12.961307],[77.637386,12.96127],[77.637421,12.961269]],[[77.637493,12.961233],[77.637779,12.961195],[77.637923,12.961194],[77.637959,12.961194],[77.638317,12.961155]],[[77.638317,12.961155],[77.63864,12.961116]],[[77.63864,12.961116],[77.638676,12.961116],[77.63907,12.961077],[77.639249,12.961075],[77.640037,12.960961],[77.64079,12.960883],[77.64165,12.960769],[77.641686,12.960769]]]}},{"type":"Feature","properties":{},"geometry":{"type":"LineString","coordinates":[[77.605422,12.954941],[77.605387,12.954941]]}},{"type":"Feature","properties":{},"geometry":{"type":"LineString","coordinates":[[77.605874,12.950045],[77.605873,12.95001]]}},{"type":"Feature","properties":{},"geometry":{"type":"MultiLineString","coordinates":[[[77.605422,12.954941],[77.605459,12.955046],[77.605497,12.955186],[77.605572,12.955502],[77.605647,12.955853],[77.605649,12.956029],[77.605685,12.956064],[77.605725,12.956416],[77.605762,12.956556],[77.6058,12.956767],[77.605802,12.956908],[77.605876,12.957153],[77.60599,12.957785]],[[77.605386,12.954906],[77.605422,12.954941]],[[77.605187,12.953043],[77.605225,12.953183],[77.605227,12.953359],[77.605264,12.953535],[77.605267,12.953781],[77.605268,12.953851],[77.605307,12.954203],[77.605346,12.954519],[77.605385,12.954836],[77.605386,12.954906]],[[77.605185,12.952761],[77.605187,12.952973],[77.605187,12.953043]],[[77.605148,12.952656],[77.605185,12.952761]],[[77.605143,12.952199],[77.605146,12.952551],[77.605148,12.952656]],[[77.605732,12.950222],[77.605628,12.95054],[77.605593,12.950611],[77.605558,12.950717],[77.605488,12.950928],[77.605384,12.951281],[77.605245,12.95167],[77.605176,12.951952],[77.605142,12.952164],[77.605143,12.952199]],[[77.605908,12.949904],[77.605804,12.950222],[77.605804,12.950222]],[[77.605804,12.950222],[77.605768,12.950222],[77.605732,12.950222]],[[77.605943,12.949798],[77.605908,12.949869],[77.605908,12.949904]],[[77.605978,12.949727],[77.605943,12.949798]],[[77.606499,12.948068],[77.60636,12.948492],[77.606221,12.948951],[77.606012,12.949551],[77.605978,12.949727]],[[77.606534,12.947927],[77.606499,12.948033],[77.606499,12.948068]],[[77.606845,12.946833],[77.606776,12.947115],[77.606638,12.947609],[77.606534,12.947927]],[[77.606881,12.946797],[77.606845,12.946833]],[[77.607332,12.94535],[77.607296,12.945386],[77.607193,12.945809],[77.607054,12.946268],[77.606914,12.946586],[77.606881,12.946797]]]}},{"type":"Feature","properties":{},"geometry":{"type":"MultiLineString","coordinates":[[[77.607356,12.964915],[77.607392,12.964915]],[[77.60732,12.964916],[77.607356,12.964915]]]}},{"type":"Feature","properties":{},"geometry":{"type":"LineString","coordinates":[[77.619631,12.972111],[77.619632,12.972182]]}},{"type":"Feature","properties":{},"geometry":{"type":"LineString","coordinates":[[77.619599,12.972499],[77.619599,12.972464]]}},{"type":"Feature","properties":{},"geometry":{"type":"MultiLineString","coordinates":[[[77.607965,12.975149],[77.608002,12.975255],[77.608003,12.975325],[77.60854,12.975179],[77.608647,12.975143],[77.608898,12.975105],[77.609363,12.974995],[77.609363,12.974995]],[[77.609363,12.974995],[77.609542,12.974958],[77.610043,12.974847],[77.61015,12.974811]],[[77.61015,12.974811],[77.610401,12.974738],[77.610544,12.974736],[77.610866,12.974628],[77.611081,12.97459],[77.61126,12.974553]],[[77.61126,12.974553],[77.611475,12.974516],[77.611618,12.974479],[77.612048,12.974369],[77.612191,12.974333],[77.612405,12.97426],[77.61262,12.974188],[77.613085,12.974078],[77.613515,12.974003],[77.61355,12.973967]]]}},{"type":"Feature","properties":{},"geometry":{"type":"LineString","coordinates":[[77.606219,12.95912],[77.606219,12.959085],[77.606219,12.959085]]}},{"type":"Feature","properties":{},"geometry":{"type":"MultiLineString","coordinates":[[[77.606813,12.964463],[77.606814,12.964498],[77.606814,12.964498]],[[77.606813,12.964428],[77.606813,12.964463],[77.606813,12.964463]],[[77.606813,12.964393],[77.606813,12.964428]],[[77.606812,12.964358],[77.606813,12.964393]],[[77.606812,12.964323],[77.606812,12.964358]],[[77.606772,12.963901],[77.606772,12.963971],[77.606811,12.964217],[77.606811,12.964287],[77.606812,12.964323]],[[77.606771,12.96383],[77.606772,12.963901]],[[77.606219,12.95912],[77.606333,12.959682],[77.606372,12.959999],[77.606486,12.960596],[77.606561,12.960947],[77.6066,12.961228],[77.606676,12.961579],[77.606715,12.961966],[77.606755,12.962282],[77.606759,12.962669],[77.606762,12.962951],[77.606766,12.963338],[77.606769,12.963619],[77.60677,12.963725],[77.606771,12.96383]]]}},{"type":"Feature","properties":{},"geometry":{"type":"MultiLineString","coordinates":[[[77.606029,12.958031],[77.606219,12.959085]],[[77.60599,12.957785],[77.606029,12.958031]]]}},{"type":"Feature","properties":{},"geometry":{"type":"LineString","coordinates":[[77.606219,12.959085],[77.606219,12.95912],[77.606219,12.95912]]}},{"type":"Feature","properties":{},"geometry":{"type":"LineString","coordinates":[[77.605943,12.949833],[77.605943,12.949798]]}},{"type":"Feature","properties":{},"geometry":{"type":"MultiLineString","coordinates":[[[77.607965,12.975149],[77.607929,12.975079],[77.607964,12.975079],[77.607964,12.975079]],[[77.607964,12.975079],[77.607929,12.975079],[77.607817,12.974693],[77.607705,12.974272],[77.607557,12.973816],[77.607519,12.973676]],[[77.607519,12.973676],[77.607519,12.973641]],[[77.607519,12.973641],[77.607408,12.97336],[77.60726,12.972904],[77.607112,12.972484],[77.607074,12.972308],[77.607144,12.972061],[77.607031,12.971605],[77.607031,12.971569]],[[77.607031,12.971569],[77.606994,12.971464]],[[77.606994,12.971464],[77.606957,12.971394],[77.606956,12.971324],[77.606881,12.971008],[77.606733,12.970552],[77.606585,12.970131]],[[77.606585,12.970131],[77.60651,12.96978],[77.606399,12.969464],[77.606325,12.969289],[77.60625,12.968973],[77.606248,12.968797]],[[77.606248,12.968797],[77.606247,12.968621],[77.606246,12.968586]],[[77.606246,12.968586],[77.606281,12.968445]],[[77.606281,12.968445],[77.60628,12.968375],[77.60635,12.968233]],[[77.60635,12.968233],[77.60635,12.968198]],[[77.60635,12.968198],[77.606454,12.967845]],[[77.606454,12.967845],[77.60649,12.967845]],[[77.60649,12.967845],[77.606523,12.967633],[77.606558,12.967527]],[[77.606558,12.967527],[77.606626,12.967175],[77.606729,12.966716],[77.606833,12.966363]],[[77.606833,12.966363],[77.606833,12.966328]],[[77.606833,12.966328],[77.606832,12.966258],[77.606863,12.965835],[77.606896,12.965518],[77.606891,12.96499]]]}},{"type":"Feature","properties":{},"geometry":{"type":"MultiLineString","coordinates":[[[77.617588,12.965446],[77.61773,12.965374]],[[77.61773,12.965374],[77.617766,12.965374],[77.617801,12.965268]],[[77.617801,12.965268],[77.617801,12.965233],[77.61787,12.965021],[77.61794,12.964844],[77.617975,12.964774],[77.618045,12.964562],[77.618256,12.964208],[77.618326,12.963996],[77.618467,12.963748]]]}},{"type":"Feature","properties":{},"geometry":{"type":"LineString","coordinates":[[77.655485,12.959432],[77.655772,12.959429],[77.656776,12.959348],[77.657672,12.959304],[77.658676,12.959188],[77.659465,12.959145],[77.659716,12.959142],[77.659787,12.959142],[77.66047,12.95924],[77.660866,12.959342]]}},{"type":"Feature","properties":{},"geometry":{"type":"MultiLineString","coordinates":[[[77.620366,12.953207],[77.620366,12.953242]],[[77.620292,12.952997],[77.620329,12.953137],[77.620366,12.953207]],[[77.620254,12.952786],[77.620255,12.952857],[77.620292,12.952962],[77.620292,12.952997]],[[77.620215,12.95247],[77.620215,12.95254],[77.620216,12.952575],[77.620254,12.952786]]]}},{"type":"Feature","properties":{},"geometry":{"type":"MultiLineString","coordinates":[[[77.612901,12.966795],[77.612937,12.966795]],[[77.612937,12.966795],[77.613009,12.966759]],[[77.613009,12.966759],[77.613188,12.966722],[77.613582,12.966648],[77.613903,12.966539]],[[77.613903,12.966539],[77.613939,12.966538]],[[77.613939,12.966538],[77.614118,12.966501]],[[77.614118,12.966501],[77.61419,12.966465]],[[77.614226,12.966465],[77.614798,12.966283],[77.615049,12.966246]],[[77.615049,12.966246],[77.615227,12.966174],[77.615621,12.966064],[77.61605,12.965919],[77.616443,12.965774],[77.617015,12.965593]],[[77.617015,12.965593],[77.617587,12.965411]]]}},{"type":"Feature","properties":{},"geometry":{"type":"LineString","coordinates":[[77.605176,12.951952],[77.605176,12.951917],[77.605211,12.951811],[77.605245,12.95167],[77.605314,12.951423]]}},{"type":"Feature","properties":{},"geometry":{"type":"LineString","coordinates":[[77.605184,12.952726],[77.605148,12.952656]]}},{"type":"Feature","properties":{},"geometry":{"type":"LineString","coordinates":[[77.649061,12.982968],[77.648736,12.982796],[77.648628,12.982761],[77.648981,12.98223],[77.649052,12.982124]]}},{"type":"Feature","properties":{},"geometry":{"type":"MultiLineString","coordinates":[[[77.649052,12.982124],[77.649371,12.981769],[77.649407,12.981768],[77.649407,12.981733],[77.649442,12.981733]],[[77.649443,12.981768],[77.649407,12.981803]]]}},{"type":"Feature","properties":{},"geometry":{"type":"MultiLineString","coordinates":[[[77.66674,12.958367],[77.66674,12.958402]],[[77.666739,12.958332],[77.66674,12.958367]]]}},{"type":"Feature","properties":{},"geometry":{"type":"MultiLineString","coordinates":[[[77.666596,12.958368],[77.66674,12.958367]],[[77.66674,12.958367],[77.66699,12.958329],[77.667528,12.958288],[77.668425,12.958244],[77.669357,12.958164],[77.670863,12.958113],[77.67201,12.958031],[77.67287,12.957917],[77.673763,12.957591],[77.674906,12.957087],[77.676334,12.956438],[77.677369,12.9559],[77.678404,12.955397],[77.679368,12.954929],[77.680011,12.954641],[77.680225,12.954569],[77.680691,12.954529],[77.681697,12.954624],[77.683492,12.954781],[77.68421,12.954844]],[[77.688988,12.955428],[77.689707,12.955562]]]}},{"type":"Feature","properties":{},"geometry":{"type":"LineString","coordinates":[[77.61534,12.973562],[77.615376,12.973562],[77.615376,12.973562]]}},{"type":"Feature","properties":{},"geometry":{"type":"MultiLineString","coordinates":[[[77.614088,12.973856],[77.614123,12.973856],[77.614231,12.97382],[77.614517,12.973746],[77.614768,12.973709]],[[77.614768,12.973709],[77.614839,12.973673]],[[77.614839,12.973673],[77.61509,12.973635],[77.615161,12.973599]],[[77.615161,12.973599],[77.61534,12.973562]]]}},{"type":"Feature","properties":{},"geometry":{"type":"LineString","coordinates":[[77.61534,12.973562],[77.615376,12.973562]]}},{"type":"Feature","properties":{},"geometry":{"type":"MultiLineString","coordinates":[[[77.631755,12.981948],[77.63179,12.981877]],[[77.63179,12.981877],[77.631789,12.981842]]]}},{"type":"Feature","properties":{},"geometry":{"type":"MultiLineString","coordinates":[[[77.655413,12.959433],[77.655449,12.959432],[77.655449,12.959432]],[[77.655449,12.959432],[77.655485,12.959432],[77.655485,12.959432]]]}},{"type":"Feature","properties":{},"geometry":{"type":"MultiLineString","coordinates":[[[77.654517,12.959512],[77.654624,12.959476]],[[77.654624,12.959476],[77.654768,12.959439],[77.655413,12.959433]]]}},{"type":"Feature","properties":{},"geometry":{"type":"LineString","coordinates":[[77.655413,12.959433],[77.655485,12.959432]]}},{"type":"Feature","properties":{},"geometry":{"type":"LineString","coordinates":[[77.605143,12.952199],[77.605177,12.952058],[77.605176,12.951987],[77.605176,12.951952]]}},{"type":"Feature","properties":{},"geometry":{"type":"LineString","coordinates":[[77.648099,12.987025],[77.648064,12.98706]]}},{"type":"Feature","properties":{},"geometry":{"type":"LineString","coordinates":[[77.620017,12.974747],[77.619981,12.974747]]}},{"type":"Feature","properties":{},"geometry":{"type":"LineString","coordinates":[[77.658738,12.992054],[77.659027,12.992227],[77.659424,12.992398],[77.659676,12.992537]]}},{"type":"Feature","properties":{},"geometry":{"type":"MultiLineString","coordinates":[[[77.65423,12.959515],[77.654338,12.959514]],[[77.654338,12.959514],[77.65441,12.959513],[77.654517,12.959512]]]}},{"type":"Feature","properties":{},"geometry":{"type":"LineString","coordinates":[[77.654194,12.959515],[77.65423,12.959515]]}},{"type":"Feature","properties":{},"geometry":{"type":"LineString","coordinates":[[77.654194,12.959515],[77.65423,12.959515],[77.65423,12.959515]]}},{"type":"Feature","properties":{},"geometry":{"type":"MultiLineString","coordinates":[[[77.605944,12.949903],[77.605839,12.950186]],[[77.605979,12.949797],[77.605944,12.949903]],[[77.606153,12.949268],[77.605979,12.949797]],[[77.606257,12.948915],[77.606153,12.949268]],[[77.606535,12.948068],[77.606327,12.948738],[77.606257,12.948915]],[[77.606881,12.946833],[77.606812,12.947115],[77.606535,12.948068]],[[77.606916,12.946797],[77.606881,12.946833]],[[77.607332,12.94535],[77.607194,12.945844],[77.606916,12.946797]]]}},{"type":"Feature","properties":{},"geometry":{"type":"LineString","coordinates":[[77.641758,12.960768],[77.641686,12.960804],[77.641686,12.960769]]}},{"type":"Feature","properties":{},"geometry":{"type":"MultiLineString","coordinates":[[[77.641758,12.960768],[77.641793,12.960768]],[[77.641793,12.960768],[77.641829,12.960732]],[[77.641829,12.960732],[77.642331,12.960692],[77.642832,12.960616],[77.64337,12.960576],[77.643406,12.960575]],[[77.643406,12.960575],[77.643943,12.960499],[77.64466,12.960422],[77.644983,12.960383],[77.645234,12.960381],[77.645305,12.960345],[77.645592,12.960307],[77.645664,12.960306]],[[77.645699,12.960306],[77.645914,12.960268],[77.64613,12.960266],[77.64613,12.960266]],[[77.64613,12.960266],[77.646165,12.960266]],[[77.646165,12.960266],[77.646344,12.960229],[77.646918,12.960153],[77.64742,12.960112],[77.648029,12.960036],[77.6481,12.960035]],[[77.6481,12.960035],[77.648136,12.960035]],[[77.648136,12.960035],[77.648638,12.959959],[77.648853,12.959957],[77.649032,12.95992],[77.649175,12.959883]],[[77.649175,12.959883],[77.649247,12.959882],[77.649283,12.959882],[77.649677,12.959808],[77.650214,12.959767],[77.65068,12.959727],[77.651039,12.959688],[77.651146,12.959687]],[[77.651146,12.959687],[77.651361,12.95965]],[[77.651361,12.95965],[77.651505,12.959648]],[[77.651505,12.959648],[77.65172,12.959646],[77.652114,12.959607],[77.652258,12.959606],[77.652581,12.959602],[77.652903,12.959564],[77.652939,12.959563]],[[77.652939,12.959563],[77.653513,12.959558],[77.653657,12.959556],[77.653943,12.959518]],[[77.653943,12.959518],[77.653979,12.959518]],[[77.653979,12.959518],[77.654158,12.959516],[77.654194,12.959515]]]}},{"type":"Feature","properties":{},"geometry":{"type":"LineString","coordinates":[[77.641686,12.960769],[77.641758,12.960768]]}},{"type":"Feature","properties":{},"geometry":{"type":"MultiLineString","coordinates":[[[77.654338,12.959514],[77.654263,12.959268],[77.654263,12.959198],[77.653815,12.957584],[77.653703,12.957163],[77.653666,12.957022]],[[77.653666,12.957022],[77.653665,12.956917]],[[77.653665,12.956917],[77.653552,12.956496]]]}},{"type":"Feature","properties":{},"geometry":{"type":"LineString","coordinates":[[77.660902,12.959341],[77.66101,12.959375],[77.661297,12.959372],[77.66144,12.959371],[77.661655,12.959334],[77.662228,12.959257],[77.662694,12.959182],[77.662838,12.959181],[77.663518,12.959033],[77.664054,12.958887],[77.664699,12.958775],[77.665128,12.958665],[77.66545,12.958591],[77.665987,12.95848],[77.666166,12.958443]]}},{"type":"Feature","properties":{},"geometry":{"type":"LineString","coordinates":[[77.658663,12.971504],[77.658523,12.971822],[77.658311,12.972176],[77.658101,12.972601],[77.657889,12.972955],[77.657537,12.973592],[77.657254,12.973982],[77.656688,12.974762],[77.656264,12.975329],[77.655981,12.975684],[77.655591,12.976145],[77.655236,12.976536],[77.654775,12.976998],[77.654774,12.976963],[77.654419,12.977354],[77.653781,12.978029],[77.653391,12.97849],[77.652824,12.979165],[77.651618,12.980444],[77.650909,12.98126],[77.650767,12.981402],[77.65059,12.981686]]}},{"type":"Feature","properties":{},"geometry":{"type":"MultiLineString","coordinates":[[[77.649847,12.982679],[77.649918,12.982572]],[[77.649918,12.982572],[77.649988,12.982431]],[[77.649988,12.982431],[77.650341,12.981899]],[[77.650341,12.981899],[77.650341,12.981864],[77.650623,12.981404],[77.650835,12.98112],[77.650871,12.981085]],[[77.650871,12.981085],[77.651331,12.980517],[77.652218,12.979523],[77.653709,12.977994],[77.654453,12.977142]],[[77.654453,12.977142],[77.654453,12.977107],[77.655269,12.976254]],[[77.655269,12.976254],[77.655411,12.976112],[77.655978,12.975402],[77.656473,12.974799],[77.656615,12.974622]],[[77.656615,12.974622],[77.656651,12.974586],[77.656969,12.974126],[77.657181,12.973807],[77.657357,12.973523],[77.657392,12.973488]],[[77.657392,12.973488],[77.657497,12.97324]],[[77.657497,12.97324],[77.657568,12.973134],[77.657568,12.973134]],[[77.657568,12.973134],[77.658167,12.972143]],[[77.658167,12.972143],[77.658239,12.972072],[77.65852,12.971576]],[[77.65852,12.971576],[77.658556,12.971541],[77.658731,12.971187]],[[77.658731,12.971187],[77.658907,12.970833],[77.659366,12.97016],[77.659437,12.970018]],[[77.659437,12.970018],[77.659719,12.969593]],[[77.659719,12.969593],[77.660038,12.969168]],[[77.660038,12.969168],[77.660073,12.969097],[77.660285,12.968778]],[[77.660285,12.968778],[77.660744,12.968105],[77.661026,12.96768]],[[77.661026,12.96768],[77.661097,12.967573]],[[77.661097,12.967573],[77.661556,12.9669]],[[77.661556,12.9669],[77.661556,12.966865]],[[77.661556,12.966865],[77.662086,12.966121],[77.662969,12.96481],[77.663747,12.963746],[77.664595,12.962471],[77.664878,12.962081]],[[77.664878,12.962081],[77.664948,12.961974],[77.665267,12.961619]]]}},{"type":"Feature","properties":{},"geometry":{"type":"LineString","coordinates":[[77.650341,12.981899],[77.65027,12.9819]]}},{"type":"Feature","properties":{},"geometry":{"type":"LineString","coordinates":[[77.650871,12.981085],[77.650798,12.981015]]}},{"type":"Feature","properties":{},"geometry":{"type":"LineString","coordinates":[[77.654453,12.977142],[77.654381,12.977108]]}},{"type":"Feature","properties":{},"geometry":{"type":"MultiLineString","coordinates":[[[77.649809,12.982468],[77.649918,12.982572]],[[77.64923,12.981981],[77.649737,12.982398],[77.649809,12.982468]]]}},{"type":"Feature","properties":{},"geometry":{"type":"MultiLineString","coordinates":[[[77.60584,12.950221],[77.605947,12.95022],[77.606016,12.949903]],[[77.605804,12.950222],[77.60584,12.950221]],[[77.606016,12.949903],[77.606015,12.949797]],[[77.606015,12.949797],[77.605979,12.949797]]]}},{"type":"Feature","properties":{},"geometry":{"type":"LineString","coordinates":[[77.649175,12.959883],[77.649211,12.959883]]}},{"type":"Feature","properties":{},"geometry":{"type":"LineString","coordinates":[[77.675229,12.99396],[77.675228,12.99389]]}},{"type":"Feature","properties":{},"geometry":{"type":"LineString","coordinates":[[77.675229,12.993925],[77.675193,12.993925]]}},{"type":"Feature","properties":{},"geometry":{"type":"MultiLineString","coordinates":[[[77.694165,12.95636],[77.694309,12.956394],[77.695531,12.956592],[77.698047,12.957059],[77.699017,12.95719],[77.699448,12.95722],[77.701097,12.957098],[77.701133,12.957097]],[[77.701169,12.957097],[77.701384,12.957059]],[[77.689707,12.955562],[77.690606,12.955728],[77.691936,12.955926],[77.694165,12.95636]]]}},{"type":"Feature","properties":{},"geometry":{"type":"LineString","coordinates":[[77.61355,12.973967],[77.613694,12.973931],[77.613909,12.973893]]}},{"type":"Feature","properties":{},"geometry":{"type":"LineString","coordinates":[[77.61355,12.973967],[77.613694,12.973931],[77.613909,12.973893]]}},{"type":"Feature","properties":{},"geometry":{"type":"LineString","coordinates":[[77.61398,12.973857],[77.614088,12.973856]]}},{"type":"Feature","properties":{},"geometry":{"type":"LineString","coordinates":[[77.61398,12.973857],[77.614088,12.973856]]}},{"type":"Feature","properties":{},"geometry":{"type":"LineString","coordinates":[[77.631573,12.981738],[77.631537,12.981703],[77.631501,12.981704]]}},{"type":"Feature","properties":{},"geometry":{"type":"LineString","coordinates":[[77.631573,12.981738],[77.631537,12.981703],[77.631501,12.981704]]}},{"type":"Feature","properties":{},"geometry":{"type":"LineString","coordinates":[[77.621463,12.979131],[77.621499,12.979131],[77.621499,12.979166]]}},{"type":"Feature","properties":{},"geometry":{"type":"LineString","coordinates":[[77.621463,12.979131],[77.621499,12.979131],[77.621499,12.979166]]}},{"type":"Feature","properties":{},"geometry":{"type":"LineString","coordinates":[[77.614462,12.975401],[77.614462,12.975366],[77.614427,12.975401]]}},{"type":"Feature","properties":{},"geometry":{"type":"LineString","coordinates":[[77.614462,12.975401],[77.614462,12.975366],[77.614427,12.975401]]}},{"type":"Feature","properties":{},"geometry":{"type":"LineString","coordinates":[[77.620355,12.976151],[77.620355,12.976116]]}},{"type":"Feature","properties":{},"geometry":{"type":"LineString","coordinates":[[77.620355,12.976151],[77.620355,12.976116]]}},{"type":"Feature","properties":{},"geometry":{"type":"LineString","coordinates":[[77.644869,12.97344],[77.64487,12.973475]]}},{"type":"Feature","properties":{},"geometry":{"type":"LineString","coordinates":[[77.644869,12.97344],[77.64487,12.973475]]}},{"type":"Feature","properties":{},"geometry":{"type":"MultiLineString","coordinates":[[[77.644834,12.973475],[77.64487,12.973475]],[[77.64487,12.973475],[77.644834,12.973475],[77.644834,12.973475]]]}},{"type":"Feature","properties":{},"geometry":{"type":"MultiLineString","coordinates":[[[77.644834,12.973475],[77.64487,12.973475]],[[77.64487,12.973475],[77.644834,12.973475],[77.644834,12.973475]]]}},{"type":"Feature","properties":{},"geometry":{"type":"LineString","coordinates":[[77.620205,12.975554],[77.620241,12.975589]]}},{"type":"Feature","properties":{},"geometry":{"type":"LineString","coordinates":[[77.620205,12.975554],[77.620241,12.975589]]}},{"type":"Feature","properties":{},"geometry":{"type":"LineString","coordinates":[[77.645664,12.960306],[77.645699,12.960306]]}},{"type":"Feature","properties":{},"geometry":{"type":"LineString","coordinates":[[77.645664,12.960306],[77.645699,12.960306]]}},{"type":"Feature","properties":{},"geometry":{"type":"LineString","coordinates":[[77.637421,12.961269],[77.637493,12.961233]]}},{"type":"Feature","properties":{},"geometry":{"type":"LineString","coordinates":[[77.637421,12.961269],[77.637493,12.961233]]}},{"type":"Feature","properties":{},"geometry":{"type":"LineString","coordinates":[[77.634341,12.961793],[77.634377,12.961793]]}},{"type":"Feature","properties":{},"geometry":{"type":"LineString","coordinates":[[77.634341,12.961793],[77.634377,12.961793]]}},{"type":"Feature","properties":{},"geometry":{"type":"LineString","coordinates":[[77.635953,12.961531],[77.636025,12.96153]]}},{"type":"Feature","properties":{},"geometry":{"type":"LineString","coordinates":[[77.635953,12.961531],[77.636025,12.96153]]}},{"type":"Feature","properties":{},"geometry":{"type":"LineString","coordinates":[[77.649442,12.981733],[77.649443,12.981768],[77.649443,12.981768]]}},{"type":"Feature","properties":{},"geometry":{"type":"LineString","coordinates":[[77.649442,12.981733],[77.649443,12.981768],[77.649443,12.981768]]}},{"type":"Feature","properties":{},"geometry":{"type":"LineString","coordinates":[[77.61419,12.966465],[77.614226,12.966465]]}},{"type":"Feature","properties":{},"geometry":{"type":"LineString","coordinates":[[77.61419,12.966465],[77.614226,12.966465]]}},{"type":"Feature","properties":{},"geometry":{"type":"LineString","coordinates":[[77.66152,12.966865],[77.661556,12.966865]]}},{"type":"Feature","properties":{},"geometry":{"type":"LineString","coordinates":[[77.658484,12.971576],[77.65852,12.971576]]}},{"type":"Feature","properties":{},"geometry":{"type":"LineString","coordinates":[[77.655233,12.976255],[77.655269,12.976254]]}},{"type":"Feature","properties":{},"geometry":{"type":"LineString","coordinates":[[77.660866,12.959342],[77.660902,12.959341]]}},{"type":"Feature","properties":{},"geometry":{"type":"LineString","coordinates":[[77.660866,12.959342],[77.660902,12.959341]]}},{"type":"Feature","properties":{},"geometry":{"type":"LineString","coordinates":[[77.701133,12.957097],[77.701169,12.957097]]}},{"type":"Feature","properties":{},"geometry":{"type":"LineString","coordinates":[[77.648974,12.944261],[77.649225,12.944224]]}},{"type":"Feature","properties":{},"geometry":{"type":"LineString","coordinates":[[77.663515,12.958822],[77.662549,12.959008],[77.661653,12.959087],[77.660935,12.95913],[77.660756,12.959132],[77.659965,12.958999],[77.659606,12.958968],[77.658817,12.95894],[77.658458,12.958944],[77.656882,12.959206],[77.655806,12.959288],[77.654982,12.959331],[77.654695,12.959334],[77.654444,12.959372]]}},{"type":"Feature","properties":{},"geometry":{"type":"LineString","coordinates":[[77.665267,12.961619],[77.665252,12.960212],[77.665129,12.9587]]}},{"type":"Feature","properties":{},"geometry":{"type":"LineString","coordinates":[[77.665129,12.9587],[77.665092,12.958665]]}},{"type":"Feature","properties":{},"geometry":{"type":"LineString","coordinates":[[77.647025,12.960151],[77.647061,12.960151]]}},{"type":"Feature","properties":{},"geometry":{"type":"LineString","coordinates":[[77.625307,12.965966],[77.625202,12.966143],[77.623345,12.966972],[77.622737,12.967154],[77.622235,12.967264],[77.622234,12.967159],[77.621875,12.967162],[77.621516,12.967096],[77.620903,12.96682],[77.620435,12.966614],[77.620035,12.96616],[77.619669,12.965495],[77.619597,12.965461],[77.618771,12.965364],[77.617837,12.965303],[77.617766,12.965374]]}},{"type":"Feature","properties":{},"geometry":{"type":"LineString","coordinates":[[77.605697,12.950258],[77.605732,12.950187]]}},{"type":"Feature","properties":{},"geometry":{"type":"LineString","coordinates":[[77.605874,12.950045],[77.605909,12.950009]]}},{"type":"Feature","properties":{},"geometry":{"type":"LineString","coordinates":[[77.606015,12.949797],[77.606015,12.949832]]}},{"type":"Feature","properties":{},"geometry":{"type":"LineString","coordinates":[[77.606014,12.949727],[77.606048,12.949586]]}},{"type":"Feature","properties":{},"geometry":{"type":"LineString","coordinates":[[77.606014,12.949727],[77.605979,12.949797],[77.606015,12.949797]]}},{"type":"Feature","properties":{},"geometry":{"type":"LineString","coordinates":[[77.605979,12.949797],[77.605944,12.949939]]}},{"type":"Feature","properties":{},"geometry":{"type":"LineString","coordinates":[[77.607784,12.9647],[77.60782,12.964629],[77.607784,12.96463]]}},{"type":"Feature","properties":{},"geometry":{"type":"LineString","coordinates":[[77.648983,12.982406],[77.649055,12.98244]]}},{"type":"Feature","properties":{},"geometry":{"type":"LineString","coordinates":[[77.64916,12.982193],[77.649197,12.982228]]}},{"type":"Feature","properties":{},"geometry":{"type":"LineString","coordinates":[[77.620314,12.975694],[77.620173,12.975871]]}},{"type":"Feature","properties":{},"geometry":{"type":"LineString","coordinates":[[77.60528,12.951564],[77.605314,12.951458]]}},{"type":"Feature","properties":{},"geometry":{"type":"LineString","coordinates":[[77.626326,12.96388],[77.625202,12.966143],[77.623345,12.966972],[77.622737,12.967154],[77.622379,12.967228]]}},{"type":"Feature","properties":{},"geometry":{"type":"LineString","coordinates":[[77.617588,12.965446],[77.617766,12.965374],[77.617802,12.965338]]}},{"type":"Feature","properties":{},"geometry":{"type":"LineString","coordinates":[[77.619144,12.953008],[77.61918,12.953008],[77.619215,12.952973]]}},{"type":"Feature","properties":{},"geometry":{"type":"LineString","coordinates":[[77.636974,12.939246],[77.63701,12.939175],[77.637081,12.939104],[77.637153,12.939138]]}},{"type":"Feature","properties":{},"geometry":{"type":"LineString","coordinates":[[77.614118,12.966501],[77.614655,12.966355],[77.614798,12.966283],[77.615084,12.96621],[77.6158,12.966027],[77.617051,12.965592],[77.617766,12.965374],[77.617837,12.965303],[77.61834,12.965368],[77.619597,12.965461],[77.619633,12.965496],[77.619817,12.965881],[77.619999,12.966161],[77.620435,12.966614],[77.620976,12.96689],[77.621516,12.967096],[77.621768,12.967163],[77.621876,12.967198],[77.622199,12.967194],[77.622235,12.967264],[77.622558,12.967226],[77.622773,12.967188],[77.623345,12.966972],[77.623845,12.966791],[77.624916,12.966287],[77.625202,12.966179],[77.625448,12.965719],[77.626574,12.963561],[77.628535,12.962415],[77.629252,12.962302],[77.632364,12.961426],[77.633768,12.961834],[77.634126,12.961831],[77.634592,12.961791],[77.634915,12.961717]]}},{"type":"Feature","properties":{},"geometry":{"type":"LineString","coordinates":[[77.613722,12.931949],[77.613758,12.931949],[77.613758,12.931949]]}},{"type":"Feature","properties":{},"geometry":{"type":"LineString","coordinates":[[77.613933,12.93156],[77.614039,12.931418],[77.614145,12.931241],[77.614357,12.930887],[77.614603,12.930462],[77.614815,12.930108],[77.614921,12.929966],[77.614957,12.929931]]}},{"type":"Feature","properties":{},"geometry":{"type":"MultiLineString","coordinates":[[[77.623318,12.933577],[77.623282,12.933542],[77.623245,12.933472],[77.623208,12.933402]],[[77.623208,12.933402],[77.623061,12.933017],[77.622841,12.932526],[77.62262,12.932001],[77.622583,12.931895],[77.622509,12.931685]],[[77.622509,12.931685],[77.622362,12.931335],[77.622288,12.931124]],[[77.622288,12.931124],[77.622178,12.930879],[77.621919,12.930143],[77.621734,12.929652],[77.62155,12.929161],[77.621403,12.928811]],[[77.621403,12.928811],[77.621365,12.928635],[77.621144,12.928109],[77.62107,12.927864],[77.621033,12.927759]],[[77.621033,12.927759],[77.620996,12.927689],[77.621068,12.927688]],[[77.621068,12.927688],[77.621103,12.927652]],[[77.621103,12.927652],[77.621139,12.927652],[77.621175,12.927616]],[[77.621175,12.927616],[77.621211,12.927616]],[[77.621211,12.927616],[77.621247,12.927616]],[[77.621247,12.927616],[77.621282,12.92758]],[[77.621282,12.92758],[77.621354,12.927579]],[[77.621354,12.927579],[77.621389,12.927544]],[[77.621389,12.927544],[77.621425,12.927543],[77.621747,12.9274],[77.622461,12.927111],[77.622461,12.927111]],[[77.622461,12.927111],[77.622961,12.926895],[77.623532,12.926643]],[[77.622461,12.927076],[77.623497,12.926643]],[[77.623532,12.926643],[77.62464,12.926174],[77.625175,12.925957],[77.625175,12.925957]],[[77.623497,12.926643],[77.624139,12.926355],[77.625103,12.925923],[77.625211,12.925887]],[[77.625175,12.925957],[77.625211,12.925957],[77.625854,12.925669],[77.626533,12.925381],[77.627461,12.924984],[77.627997,12.924768],[77.628354,12.924623],[77.628354,12.924588],[77.628354,12.924588]],[[77.625211,12.925887],[77.625425,12.925779]],[[77.625461,12.925779],[77.625603,12.925707]],[[77.625639,12.925706],[77.626103,12.925491],[77.626532,12.92531],[77.627461,12.924914],[77.627961,12.924698],[77.628354,12.924553]],[[77.633596,12.925028],[77.633597,12.925063],[77.634064,12.925129],[77.634675,12.925228],[77.635501,12.925361],[77.635753,12.925393],[77.635968,12.925426],[77.636292,12.925493],[77.636615,12.925525],[77.636794,12.925524],[77.636938,12.925522]],[[77.636938,12.925522],[77.637295,12.925378],[77.637438,12.925306]],[[77.634099,12.925058],[77.634207,12.925092],[77.634854,12.925191],[77.635033,12.925225],[77.635357,12.925257],[77.635752,12.925323],[77.636291,12.925423]],[[77.636362,12.925387],[77.636648,12.925244],[77.637042,12.925204],[77.63715,12.925203],[77.637507,12.925094],[77.637721,12.924951],[77.637864,12.924879],[77.638149,12.924665]],[[77.637438,12.925306],[77.637509,12.925235]],[[77.637509,12.925235],[77.637687,12.925127],[77.638079,12.924842]],[[77.633596,12.924993],[77.634099,12.925058]],[[77.632339,12.924865],[77.632555,12.924898],[77.633093,12.924963],[77.633561,12.925064],[77.63356,12.925028],[77.633596,12.925028],[77.633596,12.925028]],[[77.631404,12.924628],[77.631656,12.924696],[77.632697,12.924826],[77.633488,12.924959],[77.633596,12.924993]],[[77.638079,12.924842],[77.638471,12.924592],[77.638827,12.924342]],[[77.628354,12.924588],[77.62839,12.924588],[77.628568,12.924516],[77.628997,12.9243],[77.629536,12.9244],[77.630219,12.924534],[77.631117,12.924666],[77.631692,12.924731],[77.632339,12.924865]],[[77.638149,12.924665],[77.638255,12.924594],[77.638469,12.924416],[77.638683,12.924308],[77.63904,12.924164],[77.639183,12.924127],[77.639398,12.924055]],[[77.629751,12.924363],[77.62993,12.924396],[77.630218,12.924464],[77.630829,12.924563],[77.631404,12.924628]],[[77.628354,12.924553],[77.628997,12.9243],[77.629751,12.924363]]]}},{"type":"Feature","properties":{},"geometry":{"type":"MultiLineString","coordinates":[[[77.621215,12.928003],[77.621104,12.927723]],[[77.621429,12.927931],[77.621251,12.928003],[77.621215,12.928003]],[[77.621465,12.927895],[77.621429,12.927931]],[[77.621501,12.927895],[77.621465,12.927895]],[[77.621104,12.927723],[77.621068,12.927688],[77.621068,12.927688]],[[77.621068,12.927688],[77.621068,12.927653]]]}},{"type":"Feature","properties":{},"geometry":{"type":"MultiLineString","coordinates":[[[77.607367,12.945244],[77.607332,12.94535]],[[77.607401,12.945068],[77.607401,12.945103],[77.607366,12.945209]],[[77.60747,12.944856],[77.607401,12.945068]],[[77.607714,12.944115],[77.607609,12.944432],[77.607505,12.944785],[77.60747,12.944856]],[[77.607713,12.944079],[77.607714,12.944115]],[[77.607782,12.943797],[77.607749,12.944044],[77.607713,12.944079]],[[77.607921,12.943338],[77.607852,12.943656],[77.607782,12.943797]],[[77.607956,12.943268],[77.607956,12.943303],[77.607956,12.943303]],[[77.607955,12.943197],[77.607956,12.943268]],[[77.608409,12.941996],[77.608339,12.942138],[77.608164,12.942527],[77.608129,12.942668],[77.60806,12.942879],[77.607955,12.943197]],[[77.608409,12.941961],[77.608409,12.941996]],[[77.608549,12.941643],[77.608515,12.941784],[77.608409,12.941961]],[[77.60869,12.94136],[77.60869,12.941395],[77.608549,12.941643]],[[77.608866,12.941077],[77.60869,12.94136]],[[77.609007,12.940864],[77.608902,12.941041],[77.608866,12.941077]],[[77.609183,12.940546],[77.609007,12.940864]],[[77.609359,12.940192],[77.609183,12.94051],[77.609183,12.940546]]]}},{"type":"Feature","properties":{},"geometry":{"type":"MultiLineString","coordinates":[[[77.621429,12.92786],[77.621428,12.927825],[77.621464,12.927825]],[[77.621464,12.927825],[77.621428,12.927825],[77.621391,12.92772]],[[77.621391,12.92772],[77.621354,12.927579],[77.621354,12.927579]],[[77.621354,12.927579],[77.621353,12.927544],[77.621353,12.927544]],[[77.621353,12.927544],[77.621389,12.927509]],[[77.621389,12.927509],[77.622461,12.927076]]]}},{"type":"Feature","properties":{},"geometry":{"type":"MultiLineString","coordinates":[[[77.639398,12.924055],[77.63954,12.923983]],[[77.63954,12.923983],[77.639684,12.923946],[77.639862,12.923874]]]}},{"type":"Feature","properties":{},"geometry":{"type":"MultiLineString","coordinates":[[[77.611013,12.937044],[77.611013,12.937079],[77.610802,12.937468],[77.610591,12.937892],[77.61038,12.938282],[77.610028,12.938954],[77.609817,12.939378],[77.609359,12.940192]],[[77.613336,12.932762],[77.612983,12.933364],[77.612949,12.93347],[77.612632,12.934036],[77.61242,12.934425],[77.612245,12.934814],[77.611998,12.935204],[77.611928,12.935345],[77.611787,12.935593],[77.611576,12.936017],[77.611188,12.93669],[77.611013,12.937044]]]}},{"type":"Feature","properties":{},"geometry":{"type":"MultiLineString","coordinates":[[[77.607401,12.945068],[77.607332,12.94535]],[[77.60747,12.944856],[77.607401,12.945068]],[[77.607782,12.943797],[77.607783,12.943832],[77.60754,12.944644],[77.60747,12.944856]],[[77.607956,12.943268],[77.607782,12.943797]],[[77.607991,12.943197],[77.607956,12.943268]],[[77.60841,12.942031],[77.608374,12.942067],[77.608199,12.942456],[77.607991,12.943197]],[[77.608445,12.941996],[77.60841,12.942031]],[[77.610345,12.938423],[77.610274,12.938494],[77.60929,12.940439],[77.608445,12.941996]],[[77.610345,12.938387],[77.610345,12.938423]],[[77.610627,12.937892],[77.610345,12.938387]],[[77.611048,12.937043],[77.610978,12.937185],[77.610627,12.937892]],[[77.611541,12.936123],[77.611048,12.937043]],[[77.612422,12.934531],[77.612351,12.934637],[77.611964,12.935345],[77.611577,12.936088]],[[77.612597,12.934177],[77.612422,12.934531]],[[77.613758,12.931949],[77.613441,12.932515],[77.613513,12.932549],[77.61309,12.933257],[77.612633,12.934177]],[[77.613829,12.931842],[77.613758,12.931949]],[[77.613934,12.931595],[77.613829,12.931842]]]}},{"type":"Feature","properties":{},"geometry":{"type":"MultiLineString","coordinates":[[[77.595684,12.93966],[77.596869,12.939754],[77.597587,12.939817],[77.597833,12.939251],[77.598079,12.938792],[77.598185,12.938579],[77.59822,12.938544]],[[77.594248,12.939569],[77.594284,12.939568],[77.595433,12.939662],[77.595684,12.93966]],[[77.593308,12.938839],[77.593525,12.938978],[77.594248,12.939569]],[[77.592983,12.938596],[77.593308,12.938839]],[[77.592694,12.938458],[77.592766,12.938457],[77.592983,12.938596]],[[77.59822,12.938544],[77.598256,12.938508]],[[77.598256,12.938508],[77.598326,12.938402]],[[77.590021,12.936655],[77.590165,12.936759],[77.591502,12.937696],[77.592008,12.938078],[77.592551,12.938459],[77.592694,12.938458]],[[77.598326,12.938402],[77.598539,12.938189],[77.598894,12.937798],[77.59893,12.937763]],[[77.59893,12.937763],[77.599036,12.937656],[77.599464,12.93744],[77.599786,12.937332],[77.600538,12.937183],[77.601577,12.936997]],[[77.601577,12.936997],[77.601612,12.936997]],[[77.601612,12.936997],[77.601648,12.936996]],[[77.601648,12.936996],[77.601756,12.93696],[77.602723,12.93688],[77.603906,12.936728],[77.605339,12.936537],[77.606235,12.936423],[77.606593,12.936349],[77.607522,12.936023]],[[77.5893,12.936345],[77.589479,12.936308],[77.589768,12.936481],[77.590021,12.936655]],[[77.588583,12.936423],[77.588798,12.936385]],[[77.588798,12.936385],[77.588834,12.936385]],[[77.588834,12.936385],[77.58887,12.936385]],[[77.58887,12.936385],[77.58912,12.936347]],[[77.58912,12.936347],[77.5893,12.936345]],[[77.607522,12.936023],[77.607558,12.936022],[77.607558,12.936022]],[[77.607558,12.936022],[77.608164,12.9357],[77.609198,12.935056],[77.609661,12.934735]],[[77.609661,12.934735],[77.609697,12.934699]],[[77.609697,12.934699],[77.609768,12.934663],[77.6108,12.933879],[77.611298,12.933487],[77.612402,12.932631],[77.613541,12.93181]],[[77.613541,12.93181],[77.613683,12.931668],[77.613755,12.931632]],[[77.613755,12.931632],[77.613826,12.931596]],[[77.613826,12.931596],[77.613897,12.931525]],[[77.613897,12.931525],[77.614215,12.931029],[77.614496,12.930499]],[[77.614496,12.930499],[77.614567,12.930392],[77.614849,12.929967]],[[77.614849,12.929967],[77.614885,12.929896],[77.614885,12.929896]],[[77.614885,12.929896],[77.61492,12.929896]],[[77.61492,12.929896],[77.615028,12.92986]],[[77.615028,12.92986],[77.615528,12.929679],[77.617494,12.928955],[77.619138,12.928341],[77.621067,12.927582],[77.621245,12.92751],[77.621246,12.92758]],[[77.621391,12.92772],[77.621463,12.927719]],[[77.621282,12.927615],[77.621283,12.927686],[77.621391,12.92772]],[[77.621247,12.927616],[77.621282,12.927615]],[[77.621246,12.92758],[77.621247,12.927616]]]}},{"type":"Feature","properties":{},"geometry":{"type":"MultiLineString","coordinates":[[[77.61379,12.931632],[77.613791,12.931667]],[[77.613755,12.931632],[77.61379,12.931632]]]}},{"type":"Feature","properties":{},"geometry":{"type":"LineString","coordinates":[[77.613791,12.931667],[77.613827,12.931667]]}},{"type":"Feature","properties":{},"geometry":{"type":"LineString","coordinates":[[77.613827,12.931667],[77.613863,12.931737]]}},{"type":"Feature","properties":{},"geometry":{"type":"MultiLineString","coordinates":[[[77.601689,12.937489],[77.601797,12.937488],[77.60176,12.937418]],[[77.60176,12.937418],[77.60176,12.937382]],[[77.60176,12.937382],[77.60176,12.937347]],[[77.60176,12.937347],[77.601721,12.937136]],[[77.601721,12.937136],[77.602152,12.937097]],[[77.602152,12.937097],[77.602223,12.937061],[77.603262,12.93691],[77.603513,12.936872]],[[77.603513,12.936872],[77.6043,12.936724],[77.605554,12.93657],[77.60602,12.93653],[77.606522,12.936455],[77.607058,12.936274],[77.607558,12.936058]],[[77.607558,12.936058],[77.607737,12.935985],[77.608094,12.935806],[77.608201,12.935735]],[[77.608201,12.935735],[77.608307,12.935663]],[[77.608307,12.935663],[77.60927,12.93509],[77.609662,12.934805]],[[77.609662,12.934805],[77.61041,12.93427],[77.611584,12.933378],[77.612652,12.932558]],[[77.612652,12.932558],[77.612759,12.932451],[77.613008,12.932273]],[[77.613008,12.932273],[77.613293,12.932059]],[[77.613293,12.932059],[77.613364,12.931988]],[[77.613364,12.931988],[77.613577,12.931845]],[[77.613577,12.931845],[77.613684,12.931738]],[[77.613684,12.931738],[77.613755,12.931667]],[[77.613755,12.931667],[77.613791,12.931667]],[[77.613791,12.931667],[77.613826,12.931631],[77.613934,12.931595]],[[77.613934,12.931595],[77.613969,12.931595]],[[77.613969,12.931595],[77.614005,12.931594]]]}},{"type":"Feature","properties":{},"geometry":{"type":"MultiLineString","coordinates":[[[77.626692,12.937132],[77.626836,12.937237]],[[77.626474,12.936923],[77.626511,12.936993],[77.626692,12.937132]],[[77.626149,12.93668],[77.626402,12.936889],[77.626474,12.936923]],[[77.625932,12.936507],[77.62604,12.936611],[77.626149,12.93668]],[[77.625534,12.936194],[77.625679,12.936333],[77.625932,12.936507]],[[77.624376,12.935291],[77.624412,12.935326],[77.624665,12.935499],[77.625064,12.935847],[77.625353,12.93609],[77.625497,12.936159],[77.625534,12.936194]],[[77.622544,12.931649],[77.622618,12.931789],[77.623464,12.933787],[77.623867,12.934662],[77.624086,12.934977],[77.624304,12.935221],[77.624376,12.935291]],[[77.621069,12.927758],[77.621216,12.928144],[77.621548,12.928985],[77.622101,12.930387],[77.622544,12.931649]]]}},{"type":"Feature","properties":{},"geometry":{"type":"MultiLineString","coordinates":[[[77.639862,12.923874],[77.638614,12.921142]],[[77.638614,12.921142],[77.638613,12.921107],[77.638318,12.920335],[77.638186,12.918014]],[[77.638186,12.918014],[77.638143,12.917311],[77.638069,12.917136]],[[77.638069,12.917136],[77.637699,12.915978],[77.638093,12.915939]]]}},{"type":"Feature","properties":{},"geometry":{"type":"MultiLineString","coordinates":[[[77.639505,12.923983],[77.639397,12.924019]],[[77.639862,12.923874],[77.639505,12.923983]]]}},{"type":"Feature","properties":{},"geometry":{"type":"LineString","coordinates":[[77.58006,12.948402],[77.580096,12.948401],[77.580096,12.948436]]}},{"type":"Feature","properties":{},"geometry":{"type":"MultiLineString","coordinates":[[[77.584102,12.954168],[77.584784,12.954196],[77.584927,12.95416],[77.584927,12.95416]],[[77.584927,12.95416],[77.584963,12.954124],[77.585321,12.954121],[77.585321,12.954121]],[[77.580784,12.949028],[77.581036,12.949166]]]}},{"type":"Feature","properties":{},"geometry":{"type":"LineString","coordinates":[[77.580156,12.943755],[77.580173,12.945409],[77.580166,12.948295],[77.580561,12.948326],[77.581352,12.948459],[77.581712,12.948526],[77.581999,12.948593],[77.582612,12.948834],[77.583081,12.949146],[77.583194,12.949637],[77.58338,12.950304],[77.583493,12.95076],[77.583792,12.951919],[77.58383,12.95213],[77.584091,12.953077],[77.584308,12.953286],[77.584741,12.953528],[77.584957,12.953561],[77.585245,12.953699],[77.585357,12.954085]]}},{"type":"Feature","properties":{},"geometry":{"type":"MultiLineString","coordinates":[[[77.57895,12.917198],[77.578878,12.917164]],[[77.578878,12.917164],[77.57848,12.916816],[77.577973,12.916364],[77.577683,12.91612],[77.577285,12.915807],[77.576815,12.915425],[77.576381,12.915042],[77.576019,12.914764],[77.575656,12.91431],[77.575365,12.913996],[77.575148,12.913752],[77.574312,12.91274],[77.574131,12.912566],[77.574131,12.91253]],[[77.574131,12.91253],[77.574095,12.912531],[77.573768,12.912112],[77.573005,12.911169],[77.572969,12.911205]],[[77.572969,12.911205],[77.572969,12.911169],[77.572932,12.911099]]]}},{"type":"Feature","properties":{},"geometry":{"type":"MultiLineString","coordinates":[[[77.585873,12.913681],[77.585883,12.914596],[77.585889,12.91523],[77.585895,12.915757]],[[77.585823,12.912274],[77.585823,12.912309],[77.585859,12.912309],[77.585867,12.913048],[77.585873,12.913646],[77.585873,12.913681]],[[77.585806,12.910656],[77.585853,12.911676],[77.585859,12.912274],[77.585823,12.912274],[77.585823,12.912274]],[[77.585806,12.910585],[77.585806,12.910656]],[[77.585818,12.908298],[77.585828,12.909318],[77.585837,12.910127],[77.585806,12.910585]]]}},{"type":"Feature","properties":{},"geometry":{"type":"MultiLineString","coordinates":[[[77.579237,12.917196],[77.579236,12.91716],[77.579236,12.91716]],[[77.579236,12.91716],[77.579236,12.917125],[77.579236,12.917125]]]}},{"type":"Feature","properties":{},"geometry":{"type":"MultiLineString","coordinates":[[[77.599752,12.916711],[77.599788,12.91671],[77.599788,12.916745],[77.599788,12.916745]],[[77.599787,12.916675],[77.599752,12.916675],[77.599752,12.916711]],[[77.59975,12.916535],[77.599787,12.916605],[77.599787,12.916675]],[[77.599779,12.915901],[77.599782,12.916112],[77.59975,12.916535]],[[77.599759,12.913966],[77.599798,12.914247],[77.599804,12.914845],[77.599809,12.915302],[77.599777,12.91562],[77.599779,12.915901]],[[77.600172,12.908789],[77.600139,12.909035],[77.600109,12.909564],[77.600042,12.910057],[77.600011,12.910585],[77.599945,12.911078],[77.599914,12.911571],[77.599848,12.9121],[77.599817,12.912593],[77.599787,12.913191],[77.599791,12.913508],[77.599758,12.91379],[77.599759,12.913966]],[[77.600171,12.908648],[77.600171,12.908683],[77.600172,12.908789]]]}},{"type":"Feature","properties":{},"geometry":{"type":"MultiLineString","coordinates":[[[77.601545,12.93742],[77.601581,12.937419],[77.601653,12.937419],[77.601653,12.937419]],[[77.601653,12.937419],[77.601689,12.937418],[77.60176,12.937382]],[[77.60176,12.937382],[77.60219,12.937308]],[[77.60219,12.937308],[77.602369,12.937271]],[[77.60355,12.937048],[77.606129,12.93667],[77.606487,12.936596],[77.606845,12.936487],[77.607131,12.936414]],[[77.607131,12.936414],[77.607167,12.936413],[77.607596,12.936233]],[[77.607596,12.936233],[77.607703,12.936197]],[[77.607703,12.936197],[77.607739,12.936197]],[[77.607739,12.936197],[77.607739,12.936161]],[[77.607775,12.936161],[77.607953,12.936054]],[[77.607953,12.936054],[77.608238,12.93591],[77.608701,12.935589]],[[77.608701,12.935589],[77.609022,12.93541],[77.60945,12.935124],[77.609699,12.934945]],[[77.609699,12.934945],[77.609735,12.93491]]]}},{"type":"Feature","properties":{},"geometry":{"type":"MultiLineString","coordinates":[[[77.580166,12.93084],[77.581601,12.930826],[77.582247,12.93082],[77.582856,12.930779],[77.58343,12.930773],[77.583502,12.930772]],[[77.58497,12.930476],[77.58497,12.930441],[77.585042,12.930475],[77.585042,12.930546],[77.585045,12.930757],[77.584973,12.930758],[77.584973,12.930793],[77.584973,12.930793]],[[77.584973,12.930793],[77.58483,12.930794]],[[77.583502,12.930772],[77.583646,12.930771],[77.583646,12.930771]],[[77.583646,12.930771],[77.583681,12.93077],[77.583789,12.930769],[77.583789,12.930734],[77.583789,12.930734]],[[77.583789,12.930734],[77.583932,12.930733]],[[77.583932,12.930733],[77.583968,12.930732],[77.583966,12.930486]],[[77.583966,12.930486],[77.583965,12.930451],[77.58436,12.930447]],[[77.584862,12.930442],[77.58497,12.930441],[77.58497,12.930476]],[[77.584611,12.93048],[77.584862,12.930442]],[[77.584539,12.930445],[77.584611,12.93048]],[[77.58436,12.930447],[77.584539,12.930445]]]}},{"type":"Feature","properties":{},"geometry":{"type":"LineString","coordinates":[[77.613722,12.931914],[77.613722,12.931949]]}},{"type":"Feature","properties":{},"geometry":{"type":"LineString","coordinates":[[77.599788,12.916745],[77.599898,12.91692]]}},{"type":"Feature","properties":{},"geometry":{"type":"LineString","coordinates":[[77.573607,12.917462],[77.573606,12.917392],[77.573567,12.917005],[77.573563,12.916689],[77.573562,12.916513]]}},{"type":"Feature","properties":{},"geometry":{"type":"MultiLineString","coordinates":[[[77.578985,12.917128],[77.579128,12.917126],[77.579236,12.917125]],[[77.579236,12.917125],[77.579308,12.917125],[77.57938,12.917124],[77.579415,12.917123],[77.579451,12.917123]],[[77.579451,12.917123],[77.579595,12.917122],[77.580025,12.917117],[77.580384,12.917114],[77.580492,12.917113]],[[77.581388,12.917069],[77.581531,12.917067],[77.582034,12.917062],[77.582608,12.917057],[77.583038,12.917052]],[[77.591323,12.916865],[77.591502,12.916863],[77.592076,12.916857],[77.59265,12.916852],[77.592722,12.916851],[77.592722,12.916816],[77.592722,12.916816]],[[77.592722,12.916816],[77.592722,12.916851],[77.593224,12.916846],[77.59326,12.916846],[77.59326,12.91681],[77.59326,12.91681]],[[77.593367,12.916809],[77.593834,12.916805],[77.594336,12.9168],[77.594838,12.916795],[77.594982,12.916793],[77.595017,12.916793]],[[77.59326,12.91681],[77.593296,12.91681],[77.593332,12.91681],[77.593367,12.916809]],[[77.595017,12.916793],[77.595053,12.916793]],[[77.595053,12.916793],[77.595161,12.916792],[77.595161,12.916792]],[[77.595197,12.916791],[77.595269,12.91679],[77.59552,12.916788]],[[77.595161,12.916792],[77.595197,12.916791],[77.595197,12.916791]],[[77.599752,12.916711],[77.599788,12.91671],[77.599895,12.916709]],[[77.599142,12.916717],[77.599465,12.916714],[77.599752,12.916711]]]}},{"type":"Feature","properties":{},"geometry":{"type":"LineString","coordinates":[[77.589675,12.917057],[77.589711,12.917057]]}},{"type":"Feature","properties":{},"geometry":{"type":"MultiLineString","coordinates":[[[77.579093,12.917197],[77.579021,12.917163]],[[77.579021,12.917163],[77.578985,12.917128],[77.578442,12.916676],[77.578044,12.916328],[77.57761,12.915945],[77.57714,12.915598],[77.576705,12.915215],[77.576272,12.914902],[77.576055,12.914729],[77.575583,12.914205],[77.575184,12.913752],[77.575038,12.913542],[77.574711,12.913193],[77.574348,12.912775],[77.574167,12.91253],[77.574202,12.91253],[77.574202,12.91253]],[[77.574202,12.91253],[77.574167,12.91253],[77.574167,12.91253]],[[77.574167,12.91253],[77.574057,12.912355],[77.573694,12.911972],[77.573331,12.911553],[77.573004,12.911134],[77.573004,12.911099],[77.572968,12.911099],[77.572968,12.911099]],[[77.572968,12.911099],[77.572932,12.911064]]]}},{"type":"Feature","properties":{},"geometry":{"type":"MultiLineString","coordinates":[[[77.578986,12.917198],[77.578949,12.917163]],[[77.578949,12.917163],[77.578624,12.916885],[77.578153,12.916503],[77.577755,12.916119],[77.577285,12.915772],[77.576815,12.91539],[77.576381,12.915042],[77.576019,12.914729],[77.575583,12.914205],[77.575328,12.913891],[77.575183,12.913717],[77.574675,12.913159],[77.574349,12.91281],[77.574167,12.912565],[77.574167,12.91253]],[[77.574167,12.91253],[77.574131,12.91253],[77.574131,12.91253]],[[77.574131,12.91253],[77.57413,12.912495],[77.574022,12.912391],[77.573731,12.912007],[77.573368,12.911588],[77.573005,12.911169],[77.572969,12.911169]],[[77.572969,12.911169],[77.572968,12.911134],[77.572932,12.911099]]]}},{"type":"Feature","properties":{},"geometry":{"type":"MultiLineString","coordinates":[[[77.595161,12.916792],[77.595161,12.916827]],[[77.595161,12.916756],[77.595161,12.916792]],[[77.59516,12.916686],[77.595161,12.916756]],[[77.595159,12.916616],[77.59516,12.916686]],[[77.595154,12.916158],[77.595155,12.916264],[77.595159,12.916616]],[[77.595174,12.914574],[77.595138,12.914575],[77.595138,12.91461],[77.59511,12.915314],[77.595114,12.915771],[77.595154,12.916123]],[[77.595281,12.914573],[77.595246,12.914609],[77.595174,12.91461],[77.595174,12.914574],[77.595174,12.914574]],[[77.595422,12.914255],[77.595281,12.914573]],[[77.595457,12.914185],[77.595422,12.914255]],[[77.595456,12.914149],[77.595457,12.914185]]]}},{"type":"Feature","properties":{},"geometry":{"type":"MultiLineString","coordinates":[[[77.573609,12.917673],[77.573609,12.917638],[77.573753,12.917672],[77.57404,12.917669],[77.574183,12.917668]],[[77.574183,12.917668],[77.574506,12.917665],[77.575008,12.91766],[77.575474,12.91762],[77.575941,12.917615]],[[77.575941,12.917615],[77.575977,12.917615]]]}},{"type":"Feature","properties":{},"geometry":{"type":"MultiLineString","coordinates":[[[77.574183,12.917668],[77.57422,12.917703]],[[77.574147,12.917633],[77.574183,12.917668]],[[77.573562,12.916513],[77.573818,12.917073],[77.574003,12.917564],[77.574147,12.917633]]]}},{"type":"Feature","properties":{},"geometry":{"type":"MultiLineString","coordinates":[[[77.585835,12.906503],[77.585727,12.906469]],[[77.585727,12.906469],[77.585656,12.906469]],[[77.585656,12.906469],[77.585655,12.906399]]]}},{"type":"Feature","properties":{},"geometry":{"type":"MultiLineString","coordinates":[[[77.579272,12.91716],[77.579273,12.917195]],[[77.579236,12.917125],[77.579272,12.91716]]]}},{"type":"Feature","properties":{},"geometry":{"type":"MultiLineString","coordinates":[[[77.601686,12.937137],[77.601685,12.937102],[77.601648,12.936996]],[[77.601648,12.936996],[77.601611,12.936821],[77.601572,12.936575],[77.601456,12.935767],[77.60123,12.934678],[77.601192,12.934502],[77.601156,12.934538]]]}},{"type":"Feature","properties":{},"geometry":{"type":"LineString","coordinates":[[77.59302,12.938772],[77.593056,12.938736],[77.593128,12.93877],[77.593164,12.938805]]}},{"type":"Feature","properties":{},"geometry":{"type":"MultiLineString","coordinates":[[[77.580119,12.936718],[77.580263,12.936716]],[[77.580263,12.936716],[77.58202,12.936664],[77.582845,12.936656]],[[77.582845,12.936656],[77.583096,12.936653],[77.583455,12.936649],[77.583814,12.936646],[77.58385,12.936646]],[[77.58385,12.936646],[77.584064,12.936608]],[[77.584136,12.936608],[77.584387,12.936605],[77.584924,12.936494]],[[77.5841,12.936608],[77.584136,12.936608]],[[77.584064,12.936608],[77.5841,12.936608]],[[77.584924,12.936494],[77.58496,12.936494]]]}},{"type":"Feature","properties":{},"geometry":{"type":"MultiLineString","coordinates":[[[77.580314,12.917255],[77.580493,12.917254]],[[77.580493,12.917254],[77.580565,12.917253]],[[77.580565,12.917253],[77.58078,12.917251],[77.58078,12.917251]],[[77.58078,12.917251],[77.581067,12.917248],[77.581282,12.917246]],[[77.581282,12.917246],[77.581605,12.917243],[77.581963,12.917204]],[[77.581963,12.917204],[77.582107,12.917202],[77.582645,12.917197],[77.583183,12.917192],[77.583613,12.917188]],[[77.583613,12.917188],[77.58408,12.917183],[77.584187,12.917182]],[[77.584187,12.917182],[77.584438,12.917179],[77.584725,12.917177]],[[77.584725,12.917177],[77.584869,12.917175],[77.585048,12.917173]],[[77.585048,12.917173],[77.585335,12.917171],[77.585802,12.917166]]]}},{"type":"Feature","properties":{},"geometry":{"type":"LineString","coordinates":[[77.592556,12.928571],[77.592555,12.928501]]}},{"type":"Feature","properties":{},"geometry":{"type":"MultiLineString","coordinates":[[[77.592555,12.928501],[77.592556,12.928536],[77.592556,12.928571]],[[77.591659,12.928509],[77.591659,12.928545],[77.59252,12.928536],[77.592555,12.928501],[77.592555,12.928501]],[[77.591656,12.928298],[77.591657,12.928334],[77.591659,12.928509],[77.591659,12.928509]],[[77.59169,12.928052],[77.59169,12.928087],[77.591654,12.928087],[77.591656,12.928298],[77.591656,12.928298]],[[77.591651,12.927806],[77.591654,12.928052],[77.59169,12.928052],[77.59169,12.928052]],[[77.591649,12.927559],[77.591649,12.927595],[77.591651,12.927806],[77.591651,12.927806]],[[77.591683,12.927383],[77.591683,12.927418],[77.591647,12.927419],[77.591649,12.927559],[77.591649,12.927559]],[[77.591646,12.927278],[77.591647,12.927384],[77.591683,12.927383],[77.591683,12.927383]],[[77.591645,12.927208],[77.591646,12.927278]],[[77.591644,12.927067],[77.591645,12.927208],[77.591645,12.927208]],[[77.591643,12.926996],[77.591644,12.927067]],[[77.591627,12.925413],[77.591629,12.925695],[77.591634,12.926117],[77.591641,12.926856],[77.591643,12.926996]],[[77.591586,12.924956],[77.591627,12.925413]],[[77.591579,12.924252],[77.591586,12.924956]]]}},{"type":"Feature","properties":{},"geometry":{"type":"MultiLineString","coordinates":[[[77.594366,12.94745],[77.594402,12.94745]],[[77.594257,12.947381],[77.594366,12.94745],[77.594366,12.94745]]]}},{"type":"Feature","properties":{},"geometry":{"type":"MultiLineString","coordinates":[[[77.584887,12.932905],[77.584924,12.932975]],[[77.584866,12.930829],[77.58483,12.930829],[77.58483,12.930865],[77.584832,12.931041],[77.584872,12.931427],[77.584877,12.93192],[77.58488,12.932237],[77.584882,12.932342],[77.584887,12.932835],[77.584887,12.932905],[77.584887,12.932905]],[[77.58483,12.930794],[77.58483,12.930829],[77.584866,12.930829],[77.584866,12.930829]]]}},{"type":"Feature","properties":{},"geometry":{"type":"LineString","coordinates":[[77.589675,12.917057],[77.58971,12.917022]]}},{"type":"Feature","properties":{},"geometry":{"type":"MultiLineString","coordinates":[[[77.601613,12.937102],[77.601612,12.936997]],[[77.601612,12.936997],[77.601537,12.936681],[77.601498,12.936364],[77.60146,12.936119],[77.601384,12.935767],[77.601309,12.935451],[77.60127,12.935135],[77.601195,12.934784],[77.601156,12.934538]],[[77.601156,12.934538],[77.60112,12.934468],[77.60108,12.934117],[77.601005,12.933765],[77.600966,12.933449],[77.60089,12.933098],[77.600738,12.932255],[77.600699,12.931939],[77.600695,12.931551],[77.600657,12.931376]],[[77.600657,12.931376],[77.600656,12.93127]],[[77.600656,12.93127],[77.600652,12.930918],[77.600568,12.929652],[77.600527,12.92916]],[[77.600527,12.92916],[77.600523,12.928844]],[[77.600523,12.928844],[77.60052,12.928492]]]}},{"type":"Feature","properties":{},"geometry":{"type":"MultiLineString","coordinates":[[[77.59277,12.935431],[77.59277,12.935396],[77.592806,12.935395]],[[77.592806,12.935395],[77.59277,12.935396],[77.592766,12.934973],[77.592762,12.934657],[77.592759,12.934305],[77.59272,12.933989],[77.59266,12.931702]],[[77.59266,12.931702],[77.59266,12.931667],[77.592659,12.931631],[77.592659,12.931596],[77.592658,12.931456],[77.592617,12.930963],[77.592609,12.93026],[77.592604,12.929732],[77.59256,12.928958],[77.592556,12.928571]]]}},{"type":"Feature","properties":{},"geometry":{"type":"MultiLineString","coordinates":[[[77.60165,12.937137],[77.601686,12.937137]],[[77.601686,12.937137],[77.601721,12.937136]],[[77.601721,12.937136],[77.602151,12.937062]],[[77.602151,12.937062],[77.602402,12.936989],[77.602724,12.93695],[77.602796,12.93695],[77.603118,12.936911],[77.60319,12.936875],[77.603512,12.936837],[77.603512,12.936837]],[[77.603512,12.936837],[77.604372,12.936723],[77.60473,12.936684],[77.605088,12.93661],[77.605375,12.936572],[77.605518,12.936536],[77.605912,12.936496],[77.606342,12.936422]]]}},{"type":"Feature","properties":{},"geometry":{"type":"MultiLineString","coordinates":[[[77.59219,12.955671],[77.592155,12.955707]],[[77.595497,12.952753],[77.595426,12.952824],[77.595106,12.953108],[77.594502,12.953677],[77.594253,12.953891],[77.59219,12.955671],[77.592226,12.955671],[77.59219,12.955671],[77.59219,12.955671]],[[77.596101,12.952219],[77.59603,12.95229],[77.595568,12.952681],[77.595497,12.952753]],[[77.596528,12.951863],[77.596492,12.951863],[77.596208,12.952147],[77.596101,12.952219]]]}},{"type":"Feature","properties":{},"geometry":{"type":"LineString","coordinates":[[77.592546,12.955351],[77.592901,12.955031]]}},{"type":"Feature","properties":{},"geometry":{"type":"MultiLineString","coordinates":[[[77.586501,12.936267],[77.586465,12.936268],[77.586465,12.936268]],[[77.586465,12.936268],[77.586393,12.936268],[77.586393,12.936233]]]}},{"type":"Feature","properties":{},"geometry":{"type":"MultiLineString","coordinates":[[[77.589405,12.936063],[77.589476,12.936027],[77.589617,12.935814]],[[77.589225,12.936029],[77.589261,12.936064],[77.589405,12.936063]],[[77.589081,12.936031],[77.589225,12.936029]],[[77.589652,12.935708],[77.589723,12.935602],[77.59026,12.935561],[77.590296,12.935561]],[[77.590296,12.935561],[77.590368,12.93556],[77.590583,12.935558],[77.591014,12.935554],[77.5913,12.935516]],[[77.5913,12.935516],[77.591408,12.935515],[77.591874,12.935475],[77.591982,12.935474]],[[77.592017,12.935474],[77.592304,12.935436],[77.592376,12.935435],[77.592663,12.935432],[77.59277,12.935431]]]}},{"type":"Feature","properties":{},"geometry":{"type":"LineString","coordinates":[[77.588081,12.936463],[77.588261,12.936461]]}},{"type":"Feature","properties":{},"geometry":{"type":"MultiLineString","coordinates":[[[77.5865,12.936232],[77.586464,12.936233],[77.586464,12.936233]],[[77.586464,12.936233],[77.586428,12.936198],[77.586428,12.936233]]]}},{"type":"Feature","properties":{},"geometry":{"type":"MultiLineString","coordinates":[[[77.588081,12.936463],[77.588116,12.936357]],[[77.588116,12.936357],[77.588184,12.93604],[77.58872,12.935788]],[[77.58872,12.935788],[77.588756,12.935788]]]}},{"type":"Feature","properties":{},"geometry":{"type":"MultiLineString","coordinates":[[[77.588797,12.93628],[77.588869,12.936279]],[[77.588869,12.936279],[77.589048,12.936277]]]}},{"type":"Feature","properties":{},"geometry":{"type":"LineString","coordinates":[[77.589967,12.934896],[77.590146,12.934894],[77.590144,12.934683],[77.590142,12.934507]]}},{"type":"Feature","properties":{},"geometry":{"type":"LineString","coordinates":[[77.588691,12.936457],[77.588727,12.936456],[77.588799,12.936456]]}},{"type":"Feature","properties":{},"geometry":{"type":"MultiLineString","coordinates":[[[77.588124,12.937131],[77.588124,12.937166],[77.588125,12.937237],[77.588127,12.937377],[77.588449,12.937304],[77.588485,12.937339],[77.588485,12.937339]],[[77.588485,12.937339],[77.588521,12.937338],[77.58852,12.937303],[77.58902,12.937052],[77.589019,12.936946]],[[77.589019,12.936946],[77.589019,12.936911],[77.589198,12.936944],[77.58941,12.93659],[77.589374,12.936591],[77.589374,12.936591]],[[77.58941,12.936555],[77.589445,12.936555],[77.589806,12.936692]],[[77.589374,12.936591],[77.58941,12.93659]],[[77.58941,12.93659],[77.58941,12.936555],[77.58941,12.936555]]]}},{"type":"Feature","properties":{},"geometry":{"type":"MultiLineString","coordinates":[[[77.589015,12.936559],[77.589051,12.936559],[77.58923,12.936487]],[[77.588692,12.936527],[77.588728,12.936527],[77.589015,12.936559]]]}},{"type":"Feature","properties":{},"geometry":{"type":"LineString","coordinates":[[77.588693,12.936598],[77.588728,12.936597],[77.588836,12.936596]]}},{"type":"Feature","properties":{},"geometry":{"type":"MultiLineString","coordinates":[[[77.592827,12.94092],[77.5929,12.941025],[77.592972,12.941095]],[[77.590891,12.937596],[77.591614,12.938046],[77.592047,12.938359],[77.592589,12.938705],[77.592533,12.940184],[77.592535,12.940465],[77.592573,12.940641],[77.592646,12.940711],[77.592682,12.940781],[77.592827,12.94092],[77.592827,12.94092]],[[77.589606,12.938242],[77.590217,12.938307],[77.590747,12.937492],[77.590891,12.937596]]]}},{"type":"Feature","properties":{},"geometry":{"type":"MultiLineString","coordinates":[[[77.58869,12.936351],[77.588726,12.936351],[77.588833,12.93635]],[[77.588833,12.93635],[77.588869,12.936349]],[[77.588869,12.936349],[77.589012,12.936313]]]}},{"type":"Feature","properties":{},"geometry":{"type":"MultiLineString","coordinates":[[[77.588689,12.93621],[77.588721,12.935858],[77.588757,12.935858],[77.588757,12.935858]],[[77.588757,12.935858],[77.588792,12.935858],[77.588792,12.935858]]]}},{"type":"Feature","properties":{},"geometry":{"type":"LineString","coordinates":[[77.587945,12.937133],[77.587946,12.937238],[77.587948,12.937485]]}},{"type":"Feature","properties":{},"geometry":{"type":"MultiLineString","coordinates":[[[77.588834,12.93642],[77.588834,12.936385]],[[77.588834,12.936385],[77.588833,12.93635]]]}},{"type":"Feature","properties":{},"geometry":{"type":"MultiLineString","coordinates":[[[77.589015,12.936559],[77.588979,12.936559],[77.588983,12.936947],[77.589019,12.936946]],[[77.588978,12.936419],[77.588979,12.936524],[77.589015,12.936559]]]}},{"type":"Feature","properties":{},"geometry":{"type":"MultiLineString","coordinates":[[[77.583414,12.94316],[77.583593,12.943088]],[[77.583593,12.943088],[77.583844,12.94305],[77.583915,12.943014],[77.583987,12.943014],[77.584022,12.942978]],[[77.584022,12.942978],[77.584201,12.942941],[77.58438,12.942904],[77.584524,12.942868],[77.584667,12.942831],[77.58481,12.94283],[77.585133,12.942826]]]}},{"type":"Feature","properties":{},"geometry":{"type":"LineString","coordinates":[[77.588116,12.936357],[77.588259,12.936355]]}},{"type":"Feature","properties":{},"geometry":{"type":"MultiLineString","coordinates":[[[77.588798,12.936421],[77.588799,12.936456]],[[77.588798,12.936385],[77.588798,12.936421]],[[77.58869,12.936386],[77.588726,12.936386],[77.588798,12.936385],[77.588798,12.936385]]]}},{"type":"Feature","properties":{},"geometry":{"type":"LineString","coordinates":[[77.589688,12.935673],[77.589651,12.935603],[77.589723,12.935602],[77.589722,12.935567],[77.589722,12.935567]]}},{"type":"Feature","properties":{},"geometry":{"type":"MultiLineString","coordinates":[[[77.588653,12.936211],[77.588689,12.93621],[77.588689,12.93621]],[[77.588689,12.93621],[77.588724,12.93621],[77.588721,12.935929],[77.588721,12.935858],[77.588757,12.935858],[77.588757,12.935858]],[[77.586499,12.936091],[77.586176,12.936095],[77.58571,12.936099],[77.585386,12.936067],[77.585279,12.936068]],[[77.586535,12.936091],[77.586499,12.936091]],[[77.587818,12.935269],[77.587782,12.935269],[77.587639,12.935341],[77.587318,12.93552],[77.587033,12.935699],[77.586748,12.935913],[77.58657,12.936056],[77.586535,12.936091]],[[77.585279,12.936068],[77.584992,12.936071],[77.584991,12.936036],[77.584988,12.935684],[77.584948,12.935333],[77.584945,12.934981],[77.584941,12.934629],[77.584937,12.934277],[77.584936,12.934136]],[[77.588757,12.935858],[77.588755,12.935682],[77.588538,12.935579]],[[77.588538,12.935579],[77.58825,12.935441]],[[77.58825,12.935441],[77.588142,12.935407],[77.587889,12.935268],[77.587818,12.935269]],[[77.584936,12.934136],[77.584934,12.933925],[77.58493,12.933573],[77.584924,12.932975]]]}},{"type":"Feature","properties":{},"geometry":{"type":"LineString","coordinates":[[77.596136,12.938213],[77.596246,12.938423],[77.597103,12.938097]]}},{"type":"Feature","properties":{},"geometry":{"type":"MultiLineString","coordinates":[[[77.588485,12.937339],[77.588486,12.937409]],[[77.588478,12.936635],[77.588478,12.936705],[77.588485,12.937339]]]}},{"type":"Feature","properties":{},"geometry":{"type":"MultiLineString","coordinates":[[[77.589012,12.936313],[77.589048,12.936312],[77.589049,12.936348],[77.589085,12.936347],[77.589084,12.936312],[77.589084,12.936312]],[[77.589084,12.936312],[77.589228,12.936311],[77.589226,12.93617]],[[77.589226,12.93617],[77.589225,12.936029]]]}},{"type":"Feature","properties":{},"geometry":{"type":"LineString","coordinates":[[77.588053,12.937167],[77.588053,12.937237],[77.588056,12.937484],[77.588058,12.93766]]}},{"type":"Feature","properties":{},"geometry":{"type":"MultiLineString","coordinates":[[[77.592444,12.938601],[77.592624,12.938635],[77.59266,12.93867]],[[77.589374,12.936591],[77.589734,12.936693],[77.589806,12.936727],[77.590204,12.93704],[77.590529,12.937283],[77.591035,12.93763],[77.591469,12.937942],[77.591902,12.93822],[77.5923,12.938497],[77.592444,12.938601],[77.592444,12.938601]],[[77.58923,12.936487],[77.58923,12.936522],[77.589338,12.936591],[77.589374,12.936591]],[[77.588978,12.936419],[77.589157,12.936417],[77.589194,12.936487],[77.58923,12.936487]],[[77.58887,12.93642],[77.588978,12.936419]],[[77.588834,12.93642],[77.58887,12.93642]],[[77.588798,12.936421],[77.588834,12.93642]]]}},{"type":"Feature","properties":{},"geometry":{"type":"MultiLineString","coordinates":[[[77.590021,12.936655],[77.590239,12.936969],[77.590456,12.937143],[77.590853,12.937385],[77.591287,12.937698],[77.591721,12.93801],[77.592155,12.938323],[77.592588,12.938565],[77.592659,12.938564]],[[77.589621,12.936201],[77.589802,12.936305],[77.590021,12.936655]],[[77.58496,12.936494],[77.585999,12.936308],[77.586106,12.936271],[77.58632,12.936199],[77.586463,12.936127],[77.586463,12.936127]],[[77.589405,12.936063],[77.589621,12.936201]],[[77.586463,12.936127],[77.586499,12.936091]],[[77.586535,12.936091],[77.586534,12.936056]],[[77.589332,12.935993],[77.589368,12.936028],[77.589404,12.936027],[77.589405,12.936063]],[[77.58657,12.936056],[77.587033,12.935699],[77.587639,12.935341],[77.587782,12.935269],[77.587818,12.935269]],[[77.58879,12.935646],[77.588826,12.935646],[77.588827,12.935681],[77.589152,12.935889],[77.589296,12.935993],[77.589332,12.935993],[77.589332,12.935993]],[[77.58825,12.935405],[77.588286,12.93544],[77.588718,12.935612],[77.58879,12.935646],[77.58879,12.935646]],[[77.587889,12.935268],[77.587925,12.935268],[77.58825,12.935405]],[[77.587854,12.935269],[77.587889,12.935268],[77.587889,12.935268]],[[77.587818,12.935269],[77.587854,12.935269]]]}},{"type":"Feature","properties":{},"geometry":{"type":"LineString","coordinates":[[77.580493,12.917254],[77.580529,12.917253],[77.580565,12.917253]]}},{"type":"Feature","properties":{},"geometry":{"type":"MultiLineString","coordinates":[[[77.595642,12.945995],[77.596106,12.945708]],[[77.596106,12.945708],[77.596533,12.945423]]]}},{"type":"Feature","properties":{},"geometry":{"type":"LineString","coordinates":[[77.584861,12.930301],[77.584896,12.930301]]}},{"type":"Feature","properties":{},"geometry":{"type":"MultiLineString","coordinates":[[[77.59266,12.93867],[77.592732,12.938669],[77.592768,12.938668],[77.592768,12.938668]],[[77.592768,12.938668],[77.592768,12.938633],[77.592839,12.938633]],[[77.592839,12.938633],[77.592983,12.938596]],[[77.592983,12.938596],[77.593412,12.938521],[77.593446,12.938345],[77.59384,12.938235],[77.594054,12.938163],[77.594378,12.938195],[77.594773,12.938226],[77.595347,12.938256],[77.596028,12.938214],[77.596817,12.938135],[77.597211,12.938061]]]}},{"type":"Feature","properties":{},"geometry":{"type":"MultiLineString","coordinates":[[[77.600253,12.937362],[77.600647,12.937288],[77.600826,12.937251],[77.601041,12.937214],[77.601184,12.937177],[77.601578,12.937138],[77.601614,12.937138]],[[77.601614,12.937138],[77.60165,12.937137]]]}},{"type":"Feature","properties":{},"geometry":{"type":"MultiLineString","coordinates":[[[77.598256,12.938508],[77.598328,12.938613],[77.598364,12.938578]],[[77.598364,12.938578],[77.598399,12.938507]],[[77.598399,12.938507],[77.598719,12.938187],[77.598825,12.938045],[77.598967,12.937938]],[[77.597211,12.938061],[77.59739,12.938024],[77.597928,12.938019],[77.59811,12.938263],[77.598256,12.938508]],[[77.598967,12.937938],[77.598967,12.937903],[77.599038,12.937867],[77.599252,12.937689],[77.599359,12.937617],[77.599502,12.937581],[77.599895,12.937471],[77.600217,12.937363],[77.600253,12.937362]]]}},{"type":"Feature","properties":{},"geometry":{"type":"MultiLineString","coordinates":[[[77.598472,12.938576],[77.598365,12.938683],[77.598329,12.938683]],[[77.598329,12.938683],[77.598329,12.938648]],[[77.598329,12.938648],[77.59822,12.938544]],[[77.599003,12.937973],[77.598897,12.93808],[77.598577,12.938399],[77.598472,12.938576]],[[77.59822,12.938544],[77.597892,12.93809],[77.597319,12.938095],[77.597247,12.938096]],[[77.600253,12.937397],[77.600218,12.937433],[77.600146,12.937434],[77.599788,12.937543],[77.599395,12.937652],[77.599181,12.93783],[77.599003,12.937973]]]}},{"type":"Feature","properties":{},"geometry":{"type":"LineString","coordinates":[[77.597804,12.939956],[77.597874,12.939779],[77.59798,12.939567],[77.598085,12.93939],[77.598155,12.939213],[77.598261,12.939071],[77.598402,12.938823],[77.598508,12.938646],[77.598615,12.93854],[77.598686,12.938469]]}},{"type":"Feature","properties":{},"geometry":{"type":"MultiLineString","coordinates":[[[77.603365,12.950281],[77.603401,12.950316],[77.603402,12.950421]],[[77.602922,12.949124],[77.60296,12.949265],[77.603033,12.949405],[77.603106,12.94958],[77.60318,12.94979],[77.603254,12.950001],[77.603255,12.950036],[77.603292,12.950141],[77.603293,12.950247],[77.603365,12.950281],[77.603365,12.950281]],[[77.602812,12.948879],[77.602849,12.948949],[77.602886,12.949054],[77.602922,12.949124]],[[77.602665,12.948493],[77.602738,12.948704],[77.602812,12.948879]],[[77.602436,12.947264],[77.602403,12.947476],[77.602442,12.947757],[77.602517,12.948108],[77.602554,12.948213],[77.602628,12.948388],[77.602665,12.948493]],[[77.602465,12.946595],[77.602467,12.946736],[77.602468,12.946877],[77.602435,12.947088],[77.602436,12.947229],[77.602436,12.947264]],[[77.602532,12.946137],[77.602533,12.946207],[77.602499,12.946384],[77.602465,12.946595]],[[77.602532,12.946102],[77.602532,12.946137]],[[77.602861,12.943248],[77.602898,12.943318],[77.6029,12.943529],[77.602868,12.943917],[77.602836,12.944234],[77.602837,12.944374],[77.602767,12.944586],[77.602663,12.944939],[77.602629,12.94508],[77.602631,12.945256],[77.602596,12.945327],[77.602598,12.945503],[77.602564,12.945679],[77.602532,12.946102]],[[77.602822,12.942967],[77.602823,12.943037],[77.60286,12.943143],[77.602861,12.943248]],[[77.602747,12.942616],[77.602821,12.942861],[77.602822,12.942967]],[[77.602672,12.942265],[77.60271,12.942475],[77.602747,12.942616]],[[77.602445,12.941211],[77.602483,12.941422],[77.602559,12.941773],[77.602634,12.942124],[77.602672,12.942265]],[[77.602408,12.941036],[77.602445,12.941176],[77.602445,12.941211]],[[77.602406,12.940895],[77.602408,12.941036]],[[77.602369,12.940755],[77.602406,12.940895]],[[77.602256,12.940228],[77.602331,12.940579],[77.602369,12.940719],[77.602369,12.940755]],[[77.602067,12.939315],[77.602142,12.939631],[77.602181,12.939947],[77.602256,12.940228]],[[77.602029,12.939069],[77.602067,12.939315],[77.602067,12.939315]],[[77.601991,12.938928],[77.601992,12.938999],[77.602029,12.939069]],[[77.601954,12.938788],[77.601991,12.938928]],[[77.59302,12.938772],[77.593273,12.938945]],[[77.601581,12.937455],[77.601689,12.937489],[77.601725,12.937524],[77.601764,12.937734],[77.601803,12.938051],[77.601878,12.938367],[77.601917,12.938683],[77.601954,12.938788]],[[77.592839,12.938633],[77.59302,12.938772]],[[77.592659,12.938564],[77.592695,12.938564],[77.592731,12.938598],[77.592804,12.938633],[77.592839,12.938633]],[[77.598685,12.938434],[77.598792,12.938327],[77.59904,12.938078],[77.599254,12.9379],[77.599325,12.937829],[77.599396,12.937758],[77.599539,12.937721],[77.59961,12.937685],[77.60004,12.937576],[77.600434,12.937501],[77.600791,12.937392],[77.601221,12.937317],[77.6014,12.937316],[77.601473,12.937385],[77.601545,12.93742]],[[77.601545,12.93742],[77.601581,12.937455]]]}},{"type":"Feature","properties":{},"geometry":{"type":"MultiLineString","coordinates":[[[77.597768,12.939956],[77.597804,12.939956]],[[77.597732,12.939921],[77.597768,12.939956]],[[77.597696,12.939921],[77.597732,12.939921]],[[77.597624,12.939922],[77.597696,12.939921]],[[77.595684,12.93966],[77.596152,12.939761],[77.596511,12.939792],[77.596942,12.939859],[77.597265,12.939891],[77.597589,12.939922],[77.597624,12.939922]],[[77.594248,12.939569],[77.594822,12.939563],[77.595253,12.939594],[77.595684,12.93966],[77.595684,12.93966]],[[77.593273,12.938945],[77.593345,12.938979],[77.593743,12.939292],[77.594069,12.939535],[77.594248,12.939569]]]}},{"type":"Feature","properties":{},"geometry":{"type":"LineString","coordinates":[[77.597804,12.939956],[77.597838,12.939779],[77.598015,12.939496],[77.598155,12.939213],[77.598331,12.938895],[77.598438,12.938753],[77.598508,12.938646],[77.598685,12.938434],[77.598685,12.938434]]}},{"type":"Feature","properties":{},"geometry":{"type":"LineString","coordinates":[[77.573127,12.912646],[77.573091,12.912611]]}},{"type":"Feature","properties":{},"geometry":{"type":"MultiLineString","coordinates":[[[77.58971,12.917022],[77.589926,12.917019],[77.590894,12.916975]],[[77.597278,12.916876],[77.597279,12.916946]],[[77.590894,12.916975],[77.591001,12.916974],[77.591504,12.916969],[77.592723,12.916956],[77.592723,12.916956]],[[77.592723,12.916956],[77.59362,12.916912],[77.594265,12.916906]],[[77.594265,12.916906],[77.594516,12.916903],[77.595162,12.916897]],[[77.595162,12.916897],[77.595305,12.916896]],[[77.595305,12.916896],[77.595449,12.916894]],[[77.595449,12.916894],[77.595808,12.916891],[77.596561,12.916883],[77.597099,12.916843],[77.597278,12.916841],[77.597278,12.916876]]]}},{"type":"Feature","properties":{},"geometry":{"type":"MultiLineString","coordinates":[[[77.58078,12.917216],[77.580708,12.917216],[77.580313,12.91722]],[[77.581963,12.917169],[77.58164,12.917172],[77.58078,12.917216]],[[77.584187,12.917147],[77.584044,12.917148],[77.582752,12.917161],[77.581963,12.917169]],[[77.584725,12.917141],[77.584653,12.917142],[77.584187,12.917147]],[[77.585048,12.917138],[77.584725,12.917141]],[[77.585801,12.917096],[77.585586,12.917098],[77.585048,12.917138]],[[77.586375,12.91709],[77.586339,12.91709],[77.585801,12.917096]],[[77.589352,12.917025],[77.58781,12.917076],[77.586375,12.91709]]]}},{"type":"Feature","properties":{},"geometry":{"type":"MultiLineString","coordinates":[[[77.580121,12.936929],[77.580193,12.936928]],[[77.580193,12.936928],[77.580551,12.936889],[77.580874,12.936886],[77.581376,12.936881],[77.581843,12.936877],[77.581915,12.936876]],[[77.585,12.936845],[77.585392,12.936665]],[[77.584964,12.936846],[77.585,12.936845],[77.585,12.936845]],[[77.581915,12.936876],[77.58195,12.936876],[77.58195,12.936876]],[[77.58195,12.936876],[77.582309,12.936872],[77.58274,12.936868],[77.582847,12.936867]],[[77.582847,12.936867],[77.582883,12.936866],[77.583672,12.936858],[77.583959,12.936856]],[[77.583959,12.936856],[77.584103,12.936854],[77.584462,12.936851]],[[77.584462,12.936851],[77.584497,12.93685],[77.584964,12.936846]],[[77.585392,12.936665],[77.585823,12.936626]],[[77.585823,12.936626],[77.585858,12.936626],[77.585894,12.936625]],[[77.585894,12.936625],[77.586144,12.936517],[77.58643,12.936338],[77.586465,12.936338],[77.586501,12.936267]],[[77.586501,12.936267],[77.5865,12.936232],[77.5865,12.936232]],[[77.5865,12.936232],[77.586571,12.936126],[77.586607,12.936126],[77.586607,12.936126]],[[77.586607,12.936126],[77.586606,12.93609],[77.586642,12.93602],[77.586677,12.936019],[77.586677,12.936019]],[[77.586677,12.936019],[77.587747,12.93534],[77.587746,12.935305],[77.58789,12.935303],[77.588214,12.935441]],[[77.588757,12.935893],[77.588757,12.935928]],[[77.588757,12.935858],[77.588757,12.935893]],[[77.588756,12.935788],[77.588757,12.935858]],[[77.588538,12.935579],[77.588755,12.935682],[77.588756,12.935788]],[[77.588214,12.935441],[77.588538,12.935579]]]}},{"type":"Feature","properties":{},"geometry":{"type":"LineString","coordinates":[[77.598686,12.938469],[77.598685,12.938434]]}},{"type":"Feature","properties":{},"geometry":{"type":"MultiLineString","coordinates":[[[77.601581,12.937455],[77.601617,12.937454],[77.601653,12.937454]],[[77.601653,12.937454],[77.60176,12.937418],[77.60176,12.937418]],[[77.60176,12.937418],[77.601975,12.93738],[77.602261,12.937307],[77.602297,12.937307],[77.602369,12.937271],[77.602369,12.937271]]]}},{"type":"Feature","properties":{},"geometry":{"type":"LineString","coordinates":[[77.589352,12.917025],[77.58946,12.917059]]}},{"type":"Feature","properties":{},"geometry":{"type":"LineString","coordinates":[[77.597211,12.938061],[77.597247,12.938096]]}},{"type":"Feature","properties":{},"geometry":{"type":"MultiLineString","coordinates":[[[77.601653,12.937454],[77.601653,12.937419]],[[77.601653,12.937419],[77.601652,12.937383],[77.601652,12.937383]],[[77.601652,12.937383],[77.601652,12.937348],[77.601614,12.937173],[77.60165,12.937137],[77.60165,12.937137]],[[77.601614,12.937138],[77.601613,12.937102]]]}},{"type":"Feature","properties":{},"geometry":{"type":"LineString","coordinates":[[77.585802,12.906714],[77.585836,12.906538],[77.585835,12.906503]]}},{"type":"Feature","properties":{},"geometry":{"type":"LineString","coordinates":[[77.576012,12.917615],[77.576084,12.917614],[77.576443,12.91761],[77.576945,12.917605],[77.577447,12.9176],[77.57777,12.917597]]}},{"type":"Feature","properties":{},"geometry":{"type":"LineString","coordinates":[[77.575977,12.917615],[77.576012,12.917615]]}},{"type":"Feature","properties":{},"geometry":{"type":"MultiLineString","coordinates":[[[77.597863,12.949104],[77.597936,12.949174],[77.598371,12.949627],[77.598516,12.949766],[77.598625,12.949906]],[[77.595643,12.946065],[77.595862,12.946379],[77.595935,12.94652],[77.596189,12.946834],[77.596408,12.947148],[77.596626,12.947463],[77.596845,12.947777],[77.597099,12.948091],[77.597317,12.948371],[77.597572,12.94872],[77.597791,12.949035],[77.597863,12.949104]],[[77.595643,12.94603],[77.595643,12.946065],[77.595643,12.946065]],[[77.595606,12.945995],[77.595643,12.94603]]]}},{"type":"Feature","properties":{},"geometry":{"type":"LineString","coordinates":[[77.598625,12.949906],[77.598661,12.949941]]}},{"type":"Feature","properties":{},"geometry":{"type":"LineString","coordinates":[[77.595534,12.945925],[77.595498,12.94589],[77.595497,12.945855]]}},{"type":"Feature","properties":{},"geometry":{"type":"LineString","coordinates":[[77.595534,12.945925],[77.595606,12.945995]]}},{"type":"Feature","properties":{},"geometry":{"type":"LineString","coordinates":[[77.595497,12.945855],[77.595534,12.94589],[77.595534,12.945925]]}},{"type":"Feature","properties":{},"geometry":{"type":"LineString","coordinates":[[77.585895,12.915828],[77.585896,12.915863],[77.585903,12.916531],[77.585906,12.916848]]}},{"type":"Feature","properties":{},"geometry":{"type":"LineString","coordinates":[[77.585895,12.915757],[77.585895,12.915828]]}},{"type":"Feature","properties":{},"geometry":{"type":"LineString","coordinates":[[77.585895,12.915828],[77.585895,12.915793],[77.585895,12.915757]]}},{"type":"Feature","properties":{},"geometry":{"type":"LineString","coordinates":[[77.595161,12.916792],[77.59516,12.916686]]}},{"type":"Feature","properties":{},"geometry":{"type":"MultiLineString","coordinates":[[[77.596919,12.951507],[77.596883,12.951507],[77.596599,12.951756]],[[77.597382,12.951115],[77.59699,12.951436],[77.596919,12.951507]],[[77.597844,12.950688],[77.597808,12.950724],[77.597737,12.950795],[77.597382,12.951115]],[[77.598271,12.950332],[77.597879,12.950653],[77.597844,12.950688]],[[77.598306,12.950332],[77.598271,12.950332],[77.598271,12.950332]],[[77.598661,12.949941],[77.598661,12.949976],[77.598377,12.950225],[77.598306,12.950296],[77.598306,12.950332]]]}},{"type":"Feature","properties":{},"geometry":{"type":"MultiLineString","coordinates":[[[77.596564,12.951827],[77.596528,12.951863]],[[77.596599,12.951756],[77.596564,12.951827]]]}},{"type":"Feature","properties":{},"geometry":{"type":"LineString","coordinates":[[77.596528,12.951863],[77.596564,12.951827]]}},{"type":"Feature","properties":{},"geometry":{"type":"LineString","coordinates":[[77.596564,12.951827],[77.596599,12.951791],[77.596599,12.951756]]}},{"type":"Feature","properties":{},"geometry":{"type":"LineString","coordinates":[[77.600656,12.93127],[77.600692,12.93127],[77.600693,12.93134]]}},{"type":"Feature","properties":{},"geometry":{"type":"LineString","coordinates":[[77.600693,12.93134],[77.600693,12.931376],[77.600657,12.931376]]}},{"type":"Feature","properties":{},"geometry":{"type":"LineString","coordinates":[[77.609735,12.93491],[77.60977,12.934874],[77.609806,12.934874]]}},{"type":"Feature","properties":{},"geometry":{"type":"LineString","coordinates":[[77.609735,12.93491],[77.609806,12.934874]]}},{"type":"Feature","properties":{},"geometry":{"type":"LineString","coordinates":[[77.588058,12.93766],[77.588027,12.938117],[77.589606,12.938242]]}},{"type":"Feature","properties":{},"geometry":{"type":"MultiLineString","coordinates":[[[77.594617,12.944034],[77.594513,12.944317],[77.594514,12.944422],[77.594551,12.944563],[77.594588,12.944668],[77.594661,12.944773],[77.594769,12.944842],[77.594878,12.944982],[77.595024,12.945156],[77.595097,12.945296],[77.595242,12.945471],[77.595351,12.94561],[77.595497,12.945855]],[[77.594572,12.943155],[77.594646,12.94333],[77.594683,12.943435],[77.59472,12.94354],[77.594757,12.943646],[77.594686,12.943752],[77.594617,12.944034]],[[77.592972,12.941095],[77.593009,12.941129],[77.59319,12.941304],[77.593299,12.941443],[77.593444,12.941583],[77.593553,12.941687],[77.593734,12.941896],[77.593879,12.942036],[77.593988,12.942175],[77.594098,12.94235],[77.594243,12.942525],[77.594353,12.942735],[77.594426,12.94284],[77.594462,12.94291],[77.594536,12.94312],[77.594572,12.943155]]]}},{"type":"Feature","properties":{},"geometry":{"type":"MultiLineString","coordinates":[[[77.592972,12.941095],[77.592827,12.94092]],[[77.592827,12.94092],[77.592718,12.94078],[77.592646,12.940711],[77.592609,12.940641],[77.592572,12.9405],[77.592535,12.940465],[77.592533,12.940254],[77.592566,12.939972],[77.592563,12.939691],[77.592596,12.939374],[77.592592,12.939022],[77.592625,12.938705],[77.592444,12.938601],[77.592192,12.938428],[77.591866,12.938185],[77.591614,12.938046],[77.591288,12.937803],[77.590891,12.937561],[77.590891,12.937596]],[[77.590891,12.937596],[77.590573,12.938057],[77.590503,12.938163],[77.590291,12.938482],[77.589716,12.938417],[77.589606,12.938242]]]}},{"type":"Feature","properties":{},"geometry":{"type":"MultiLineString","coordinates":[[[77.619947,12.916544],[77.620055,12.916543],[77.620307,12.916646],[77.620775,12.916782],[77.621207,12.916918],[77.621639,12.917055],[77.621747,12.917089],[77.621817,12.916983]],[[77.607501,12.916739],[77.607609,12.916738]],[[77.607392,12.916599],[77.607393,12.91667],[77.607393,12.91674],[77.607465,12.916739],[77.607501,12.916739]],[[77.607609,12.916738],[77.608003,12.916734],[77.608362,12.91673],[77.60847,12.916729],[77.608613,12.916728],[77.608756,12.916726],[77.608828,12.916726],[77.608936,12.916725],[77.609043,12.916724],[77.609151,12.916722],[77.609258,12.916686],[77.609366,12.916685],[77.609545,12.916683],[77.609653,12.916682],[77.609868,12.91668],[77.60994,12.916679],[77.610119,12.916678],[77.610155,12.916677],[77.610191,12.916677],[77.610191,12.916677]],[[77.610191,12.916677],[77.610299,12.916676],[77.610442,12.916674],[77.61055,12.916673],[77.610765,12.916671],[77.610944,12.916669],[77.611231,12.916666],[77.611339,12.916665],[77.611626,12.916663],[77.611769,12.916661],[77.611949,12.916659],[77.612092,12.916658],[77.6122,12.916657],[77.612379,12.916655],[77.612522,12.916654],[77.612594,12.916653],[77.612774,12.916651],[77.612881,12.91665],[77.613025,12.916649],[77.613312,12.916646],[77.613455,12.916644],[77.613563,12.916643],[77.61367,12.916642],[77.613814,12.916641],[77.613886,12.91664],[77.613993,12.916639],[77.614101,12.916638],[77.61428,12.916601],[77.614316,12.9166],[77.614459,12.916599],[77.614531,12.916598],[77.614638,12.916597],[77.614674,12.916597],[77.614746,12.916596],[77.614782,12.916596],[77.61489,12.916595],[77.614925,12.916559],[77.615033,12.916558],[77.615104,12.916557],[77.615176,12.916557],[77.615212,12.916556],[77.615212,12.916521]],[[77.619587,12.916442],[77.619659,12.916441],[77.619767,12.916475],[77.619911,12.916509],[77.619947,12.916509],[77.619947,12.916544],[77.619947,12.916544]],[[77.615212,12.916521],[77.615248,12.916521],[77.615248,12.916556],[77.615284,12.916556],[77.615355,12.916555],[77.615463,12.916519],[77.615534,12.916518],[77.615606,12.916517],[77.615678,12.916516],[77.615749,12.916481],[77.615785,12.91648],[77.615893,12.916479],[77.615965,12.916478],[77.616072,12.916442],[77.616108,12.916442],[77.616179,12.916441],[77.616251,12.91644],[77.616323,12.91644],[77.616395,12.916439],[77.616502,12.916438],[77.616538,12.916402],[77.616645,12.916401],[77.616681,12.916401],[77.616753,12.9164],[77.616825,12.916399],[77.616932,12.916398],[77.616968,12.916398],[77.61704,12.916397],[77.617112,12.916396],[77.617219,12.916395],[77.61765,12.916391],[77.61808,12.916387],[77.618547,12.916417],[77.618583,12.916417],[77.618582,12.916382],[77.618582,12.916382]],[[77.618582,12.916382],[77.618618,12.916381],[77.618619,12.916417],[77.618654,12.916416],[77.618906,12.916414],[77.619228,12.91641],[77.619408,12.916409],[77.619552,12.916442],[77.619587,12.916442]]]}},{"type":"Feature","properties":{},"geometry":{"type":"LineString","coordinates":[[77.607352,12.916248],[77.607353,12.916283],[77.607353,12.916283]]}},{"type":"Feature","properties":{},"geometry":{"type":"LineString","coordinates":[[77.615955,12.91215],[77.615917,12.911869]]}},{"type":"Feature","properties":{},"geometry":{"type":"LineString","coordinates":[[77.606996,12.916427],[77.606996,12.916462],[77.606996,12.916498],[77.607032,12.916497]]}},{"type":"Feature","properties":{},"geometry":{"type":"MultiLineString","coordinates":[[[77.602801,12.916645],[77.602908,12.916644],[77.603482,12.916638],[77.604056,12.916633],[77.604379,12.916629],[77.604486,12.916628],[77.60524,12.916621],[77.605563,12.916618],[77.60585,12.916615],[77.606423,12.916574],[77.607033,12.916568]],[[77.607033,12.916568],[77.607069,12.916567]],[[77.607069,12.916567],[77.607105,12.916567],[77.607141,12.916567],[77.607141,12.916567]],[[77.607141,12.916567],[77.607176,12.916566],[77.607284,12.916565],[77.607284,12.916565]],[[77.607284,12.916565],[77.60732,12.916565]],[[77.60732,12.916565],[77.607356,12.916564]],[[77.607427,12.916564],[77.607463,12.916563]],[[77.607356,12.916564],[77.607427,12.916564]]]}},{"type":"Feature","properties":{},"geometry":{"type":"MultiLineString","coordinates":[[[77.607032,12.916497],[77.607033,12.916533],[77.607033,12.916568],[77.607033,12.916568]],[[77.607031,12.916427],[77.607032,12.916462],[77.607032,12.916497]]]}},{"type":"Feature","properties":{},"geometry":{"type":"MultiLineString","coordinates":[[[77.619945,12.916368],[77.620161,12.916401],[77.620449,12.916504],[77.620665,12.916572],[77.621025,12.916674],[77.621385,12.916811],[77.621565,12.91688],[77.621817,12.916948],[77.622105,12.917015],[77.622393,12.917118],[77.622465,12.917152],[77.622642,12.916974],[77.622748,12.916833],[77.622748,12.916833]],[[77.607463,12.916563],[77.607535,12.916563]],[[77.607535,12.916563],[77.607607,12.916562]],[[77.607607,12.916562],[77.608037,12.916522],[77.608288,12.91652],[77.608503,12.916518],[77.608718,12.916516],[77.609221,12.916511],[77.609651,12.916506],[77.609974,12.916503],[77.610189,12.916501],[77.610189,12.916501]],[[77.607426,12.916388],[77.607462,12.916387],[77.607462,12.916423],[77.607463,12.916528],[77.607463,12.916563]],[[77.610189,12.916501],[77.610189,12.916466],[77.610332,12.916464],[77.610547,12.916462],[77.610691,12.916461],[77.610906,12.916459],[77.611121,12.916456],[77.611408,12.916454],[77.611588,12.916452],[77.611875,12.916449],[77.611982,12.916448],[77.612377,12.916444],[77.612556,12.916442],[77.612951,12.916438],[77.613417,12.916469],[77.613848,12.916464],[77.61435,12.916424],[77.614529,12.916422],[77.614708,12.916421],[77.614852,12.916419],[77.615067,12.916417],[77.61521,12.91638],[77.61521,12.91638]],[[77.618617,12.916276],[77.618617,12.916241],[77.618689,12.916275],[77.618868,12.916273],[77.61937,12.916268],[77.619622,12.916301],[77.619909,12.916333],[77.619945,12.916333],[77.619945,12.916368]],[[77.61521,12.91638],[77.615318,12.916379],[77.615712,12.91634],[77.616178,12.916265],[77.6165,12.916262],[77.616644,12.916225],[77.616751,12.916224],[77.616823,12.916223],[77.61693,12.916222],[77.61711,12.916221],[77.617218,12.916255],[77.617397,12.916253],[77.617792,12.916249],[77.618186,12.916245],[77.61833,12.916244],[77.618581,12.916241],[77.618617,12.916241],[77.618617,12.916276],[77.618617,12.916276]],[[77.607461,12.916317],[77.607462,12.916387],[77.607426,12.916388]],[[77.60746,12.916282],[77.607461,12.916317]],[[77.607425,12.916282],[77.60746,12.916282],[77.60746,12.916282]],[[77.607352,12.916248],[77.607353,12.916283],[77.607425,12.916282]]]}},{"type":"Feature","properties":{},"geometry":{"type":"MultiLineString","coordinates":[[[77.600475,12.927612],[77.600471,12.927225],[77.600432,12.926909],[77.60043,12.926768]],[[77.60043,12.926768],[77.600427,12.926452],[77.600422,12.925959],[77.600381,12.925467],[77.600376,12.925009],[77.600338,12.924763]]]}},{"type":"Feature","properties":{},"geometry":{"type":"LineString","coordinates":[[77.622892,12.916866],[77.622928,12.916901]]}},{"type":"Feature","properties":{},"geometry":{"type":"MultiLineString","coordinates":[[[77.646398,12.924511],[77.646541,12.92451],[77.646793,12.924507],[77.64708,12.92454],[77.647367,12.924572],[77.647798,12.924603],[77.648121,12.924635],[77.64848,12.924666],[77.648803,12.924663],[77.649091,12.92473],[77.649414,12.924727],[77.649629,12.924725],[77.649808,12.924723],[77.649951,12.924651],[77.650058,12.92458]],[[77.650094,12.92458],[77.650201,12.924543],[77.650415,12.924471]],[[77.650415,12.924471],[77.650559,12.924434],[77.65063,12.924433]],[[77.639862,12.923874],[77.640113,12.923801],[77.640362,12.923693],[77.64072,12.923549],[77.640899,12.923512],[77.641077,12.923439],[77.641185,12.923403],[77.641292,12.923367],[77.641364,12.923366],[77.641435,12.923365],[77.641615,12.923399],[77.641975,12.923536],[77.642479,12.923671],[77.64291,12.923773],[77.643198,12.92384],[77.643558,12.923942],[77.643882,12.924044],[77.644566,12.924284],[77.644782,12.924352],[77.644926,12.924421],[77.645286,12.924488],[77.645537,12.92452],[77.645644,12.924484],[77.645931,12.924481],[77.646254,12.924478],[77.646398,12.924511]]]}},{"type":"Feature","properties":{},"geometry":{"type":"LineString","coordinates":[[77.622893,12.916902],[77.622928,12.916901]]}},{"type":"Feature","properties":{},"geometry":{"type":"LineString","coordinates":[[77.649015,12.924379],[77.649267,12.924412],[77.650343,12.924436]]}},{"type":"Feature","properties":{},"geometry":{"type":"MultiLineString","coordinates":[[[77.63648,12.916061],[77.636265,12.916063],[77.635297,12.916178],[77.635297,12.916143]],[[77.636837,12.915952],[77.636838,12.915987],[77.63648,12.916061]]]}},{"type":"Feature","properties":{},"geometry":{"type":"MultiLineString","coordinates":[[[77.66494,12.920698],[77.664977,12.920804]],[[77.636873,12.915951],[77.636909,12.915951]],[[77.636909,12.915951],[77.63716,12.915913],[77.638164,12.915868]]]}},{"type":"Feature","properties":{},"geometry":{"type":"MultiLineString","coordinates":[[[77.599858,12.916534],[77.599858,12.916569],[77.599859,12.916639]],[[77.599887,12.9159],[77.599858,12.916534]],[[77.599759,12.913966],[77.599943,12.914351],[77.599887,12.9159]],[[77.599753,12.913368],[77.599759,12.913931],[77.599759,12.913966]],[[77.599783,12.912804],[77.599751,12.913121],[77.599753,12.913368]],[[77.599905,12.910727],[77.599838,12.91115],[77.599783,12.912804]],[[77.600337,12.907415],[77.600231,12.907556],[77.599969,12.909987],[77.599905,12.910727]],[[77.600337,12.907379],[77.600337,12.907415]],[[77.600408,12.907308],[77.600337,12.907379]]]}},{"type":"Feature","properties":{},"geometry":{"type":"MultiLineString","coordinates":[[[77.599895,12.916709],[77.600111,12.916707]],[[77.600111,12.916707],[77.600147,12.916707],[77.600469,12.916704],[77.600505,12.916703],[77.600541,12.916703]],[[77.600541,12.916703],[77.600612,12.916667],[77.600792,12.916665],[77.601222,12.916661],[77.601796,12.916655],[77.602298,12.91665],[77.602765,12.916645]]]}},{"type":"Feature","properties":{},"geometry":{"type":"LineString","coordinates":[[77.602765,12.916645],[77.602801,12.916645]]}},{"type":"Feature","properties":{},"geometry":{"type":"LineString","coordinates":[[77.602765,12.916645],[77.602801,12.916645],[77.602801,12.916645]]}},{"type":"Feature","properties":{},"geometry":{"type":"LineString","coordinates":[[77.623438,12.917635],[77.623726,12.917702],[77.62383,12.91735]]}},{"type":"Feature","properties":{},"geometry":{"type":"LineString","coordinates":[[77.690454,12.934899],[77.690315,12.935287]]}},{"type":"Feature","properties":{},"geometry":{"type":"LineString","coordinates":[[77.690454,12.934899],[77.690315,12.935287]]}},{"type":"Feature","properties":{},"geometry":{"type":"LineString","coordinates":[[77.690454,12.934899],[77.690315,12.935287]]}},{"type":"Feature","properties":{},"geometry":{"type":"LineString","coordinates":[[77.690454,12.934899],[77.690315,12.935287]]}},{"type":"Feature","properties":{},"geometry":{"type":"LineString","coordinates":[[77.68264,12.928821],[77.684911,12.929854],[77.686649,12.931279]]}},{"type":"Feature","properties":{},"geometry":{"type":"LineString","coordinates":[[77.68264,12.928821],[77.684911,12.929854],[77.686649,12.931279]]}},{"type":"Feature","properties":{},"geometry":{"type":"MultiLineString","coordinates":[[[77.614957,12.929931],[77.615815,12.929641],[77.616279,12.92946],[77.616744,12.929315],[77.617387,12.929062],[77.617781,12.928952],[77.618424,12.9287],[77.619067,12.928447],[77.620282,12.927977],[77.620853,12.92776]],[[77.620853,12.92776],[77.620925,12.92776],[77.620961,12.927724],[77.621068,12.927653]],[[77.621068,12.927653],[77.621139,12.927617],[77.62121,12.927581]],[[77.62121,12.927581],[77.621246,12.92758]],[[77.621246,12.92758],[77.621282,12.927545]],[[77.621282,12.927545],[77.621353,12.927544]]]}},{"type":"Feature","properties":{},"geometry":{"type":"MultiLineString","coordinates":[[[77.614957,12.929931],[77.615815,12.929641],[77.616279,12.92946],[77.616744,12.929315],[77.617387,12.929062],[77.617781,12.928952],[77.618424,12.9287],[77.619067,12.928447],[77.620282,12.927977],[77.620853,12.92776]],[[77.620853,12.92776],[77.620925,12.92776],[77.620961,12.927724],[77.621068,12.927653]],[[77.621068,12.927653],[77.621139,12.927617],[77.62121,12.927581]],[[77.62121,12.927581],[77.621246,12.92758]],[[77.621246,12.92758],[77.621282,12.927545]],[[77.621282,12.927545],[77.621353,12.927544]]]}},{"type":"Feature","properties":{},"geometry":{"type":"LineString","coordinates":[[77.625603,12.925707],[77.625639,12.925706]]}},{"type":"Feature","properties":{},"geometry":{"type":"LineString","coordinates":[[77.625603,12.925707],[77.625639,12.925706]]}},{"type":"Feature","properties":{},"geometry":{"type":"LineString","coordinates":[[77.625425,12.925779],[77.625461,12.925779]]}},{"type":"Feature","properties":{},"geometry":{"type":"LineString","coordinates":[[77.625425,12.925779],[77.625461,12.925779]]}},{"type":"Feature","properties":{},"geometry":{"type":"LineString","coordinates":[[77.636291,12.925423],[77.636362,12.925387]]}},{"type":"Feature","properties":{},"geometry":{"type":"LineString","coordinates":[[77.636291,12.925423],[77.636362,12.925387]]}},{"type":"Feature","properties":{},"geometry":{"type":"LineString","coordinates":[[77.607956,12.943303],[77.607921,12.943338]]}},{"type":"Feature","properties":{},"geometry":{"type":"LineString","coordinates":[[77.607956,12.943303],[77.607921,12.943338]]}},{"type":"Feature","properties":{},"geometry":{"type":"LineString","coordinates":[[77.607366,12.945209],[77.607367,12.945244]]}},{"type":"Feature","properties":{},"geometry":{"type":"LineString","coordinates":[[77.607366,12.945209],[77.607367,12.945244]]}},{"type":"Feature","properties":{},"geometry":{"type":"LineString","coordinates":[[77.611577,12.936088],[77.611541,12.936123]]}},{"type":"Feature","properties":{},"geometry":{"type":"LineString","coordinates":[[77.611577,12.936088],[77.611541,12.936123]]}},{"type":"Feature","properties":{},"geometry":{"type":"LineString","coordinates":[[77.612633,12.934177],[77.612597,12.934177]]}},{"type":"Feature","properties":{},"geometry":{"type":"LineString","coordinates":[[77.612633,12.934177],[77.612597,12.934177]]}},{"type":"Feature","properties":{},"geometry":{"type":"MultiLineString","coordinates":[[[77.580492,12.917113],[77.580993,12.917073],[77.581388,12.917069]],[[77.583038,12.917052],[77.583074,12.917052],[77.583576,12.917047],[77.583612,12.917047]],[[77.583612,12.917047],[77.584114,12.917042],[77.584688,12.917001],[77.585226,12.916996],[77.585692,12.916991],[77.5858,12.91699],[77.5858,12.91699]],[[77.5858,12.91699],[77.585836,12.91699],[77.585871,12.916989],[77.585907,12.916989]],[[77.586338,12.916985],[77.586804,12.91698]],[[77.586804,12.91698],[77.586876,12.916979],[77.587414,12.916974],[77.587988,12.916933],[77.588813,12.916925],[77.589099,12.916922],[77.589602,12.916917],[77.589924,12.916879],[77.590355,12.916874],[77.590929,12.916869],[77.591323,12.916865]],[[77.59552,12.916788],[77.595878,12.916784],[77.596452,12.916779],[77.596954,12.916739]],[[77.596954,12.916739],[77.597026,12.916738],[77.597349,12.916735]],[[77.597349,12.916735],[77.5976,12.916732],[77.597707,12.916731]],[[77.597707,12.916731],[77.598066,12.916727]],[[77.598066,12.916727],[77.598174,12.916726],[77.598497,12.916723]],[[77.598712,12.916721],[77.598819,12.91672],[77.599142,12.916717]],[[77.598497,12.916723],[77.598712,12.916721]]]}},{"type":"Feature","properties":{},"geometry":{"type":"MultiLineString","coordinates":[[[77.580492,12.917113],[77.580993,12.917073],[77.581388,12.917069]],[[77.583038,12.917052],[77.583074,12.917052],[77.583576,12.917047],[77.583612,12.917047]],[[77.583612,12.917047],[77.584114,12.917042],[77.584688,12.917001],[77.585226,12.916996],[77.585692,12.916991],[77.5858,12.91699],[77.5858,12.91699]],[[77.5858,12.91699],[77.585836,12.91699],[77.585871,12.916989],[77.585907,12.916989]],[[77.586338,12.916985],[77.586804,12.91698]],[[77.586804,12.91698],[77.586876,12.916979],[77.587414,12.916974],[77.587988,12.916933],[77.588813,12.916925],[77.589099,12.916922],[77.589602,12.916917],[77.589924,12.916879],[77.590355,12.916874],[77.590929,12.916869],[77.591323,12.916865]],[[77.59552,12.916788],[77.595878,12.916784],[77.596452,12.916779],[77.596954,12.916739]],[[77.596954,12.916739],[77.597026,12.916738],[77.597349,12.916735]],[[77.597349,12.916735],[77.5976,12.916732],[77.597707,12.916731]],[[77.597707,12.916731],[77.598066,12.916727]],[[77.598066,12.916727],[77.598174,12.916726],[77.598497,12.916723]],[[77.598712,12.916721],[77.598819,12.91672],[77.599142,12.916717]],[[77.598497,12.916723],[77.598712,12.916721]]]}},{"type":"Feature","properties":{},"geometry":{"type":"MultiLineString","coordinates":[[[77.599937,12.917272],[77.599939,12.917413],[77.599984,12.918362]],[[77.599898,12.91692],[77.599934,12.91692]]]}},{"type":"Feature","properties":{},"geometry":{"type":"MultiLineString","coordinates":[[[77.599937,12.917272],[77.599939,12.917413],[77.599984,12.918362]],[[77.599898,12.91692],[77.599934,12.91692]]]}},{"type":"Feature","properties":{},"geometry":{"type":"LineString","coordinates":[[77.613648,12.931774],[77.613684,12.931774],[77.613684,12.931774]]}},{"type":"Feature","properties":{},"geometry":{"type":"LineString","coordinates":[[77.613648,12.931774],[77.613684,12.931774],[77.613684,12.931774]]}},{"type":"Feature","properties":{},"geometry":{"type":"LineString","coordinates":[[77.585907,12.916989],[77.585979,12.916988],[77.586266,12.916985],[77.586338,12.916985]]}},{"type":"Feature","properties":{},"geometry":{"type":"LineString","coordinates":[[77.585907,12.916989],[77.585979,12.916988],[77.586266,12.916985],[77.586338,12.916985]]}},{"type":"Feature","properties":{},"geometry":{"type":"MultiLineString","coordinates":[[[77.602369,12.937271],[77.603407,12.937049]],[[77.603407,12.937049],[77.603514,12.937048]]]}},{"type":"Feature","properties":{},"geometry":{"type":"MultiLineString","coordinates":[[[77.602369,12.937271],[77.603407,12.937049]],[[77.603407,12.937049],[77.603514,12.937048]]]}},{"type":"Feature","properties":{},"geometry":{"type":"LineString","coordinates":[[77.607739,12.936161],[77.607775,12.936161]]}},{"type":"Feature","properties":{},"geometry":{"type":"LineString","coordinates":[[77.607739,12.936161],[77.607775,12.936161]]}},{"type":"Feature","properties":{},"geometry":{"type":"LineString","coordinates":[[77.595161,12.916827],[77.595162,12.916862]]}},{"type":"Feature","properties":{},"geometry":{"type":"LineString","coordinates":[[77.595161,12.916827],[77.595162,12.916862]]}},{"type":"Feature","properties":{},"geometry":{"type":"MultiLineString","coordinates":[[[77.589711,12.917057],[77.58989,12.917055],[77.589926,12.917055],[77.590822,12.917011],[77.590858,12.91701]],[[77.59545,12.917],[77.595557,12.916964]],[[77.595414,12.917],[77.59545,12.917]],[[77.595306,12.916931],[77.595413,12.91693],[77.595414,12.917]],[[77.595557,12.916964],[77.59588,12.91696]],[[77.590858,12.91701],[77.591827,12.917001],[77.592688,12.916992],[77.592723,12.916956],[77.592723,12.916956]],[[77.59588,12.91696],[77.595916,12.91696],[77.596167,12.916957]],[[77.596167,12.916957],[77.59649,12.916954]],[[77.59649,12.916954],[77.596849,12.916951],[77.596885,12.91695]],[[77.596885,12.91695],[77.597279,12.916946],[77.597279,12.916946]],[[77.592723,12.916956],[77.592759,12.916991],[77.592831,12.916991],[77.593835,12.916945],[77.594266,12.916941]],[[77.594266,12.916941],[77.594875,12.916935],[77.595162,12.916932]],[[77.595234,12.916932],[77.595306,12.916931]],[[77.595162,12.916932],[77.595234,12.916932]]]}},{"type":"Feature","properties":{},"geometry":{"type":"MultiLineString","coordinates":[[[77.589711,12.917057],[77.58989,12.917055],[77.589926,12.917055],[77.590822,12.917011],[77.590858,12.91701]],[[77.59545,12.917],[77.595557,12.916964]],[[77.595414,12.917],[77.59545,12.917]],[[77.595306,12.916931],[77.595413,12.91693],[77.595414,12.917]],[[77.595557,12.916964],[77.59588,12.91696]],[[77.590858,12.91701],[77.591827,12.917001],[77.592688,12.916992],[77.592723,12.916956],[77.592723,12.916956]],[[77.59588,12.91696],[77.595916,12.91696],[77.596167,12.916957]],[[77.596167,12.916957],[77.59649,12.916954]],[[77.59649,12.916954],[77.596849,12.916951],[77.596885,12.91695]],[[77.596885,12.91695],[77.597279,12.916946],[77.597279,12.916946]],[[77.592723,12.916956],[77.592759,12.916991],[77.592831,12.916991],[77.593835,12.916945],[77.594266,12.916941]],[[77.594266,12.916941],[77.594875,12.916935],[77.595162,12.916932]],[[77.595234,12.916932],[77.595306,12.916931]],[[77.595162,12.916932],[77.595234,12.916932]]]}},{"type":"Feature","properties":{},"geometry":{"type":"MultiLineString","coordinates":[[[77.585802,12.917166],[77.586375,12.917125],[77.586375,12.917125]],[[77.586375,12.917125],[77.586519,12.917124],[77.587093,12.917118],[77.587666,12.917112],[77.58824,12.917107],[77.58885,12.917065],[77.589244,12.917061]],[[77.589244,12.917061],[77.589388,12.91706],[77.58946,12.917059]]]}},{"type":"Feature","properties":{},"geometry":{"type":"MultiLineString","coordinates":[[[77.585802,12.917166],[77.586375,12.917125],[77.586375,12.917125]],[[77.586375,12.917125],[77.586519,12.917124],[77.587093,12.917118],[77.587666,12.917112],[77.58824,12.917107],[77.58885,12.917065],[77.589244,12.917061]],[[77.589244,12.917061],[77.589388,12.91706],[77.58946,12.917059]]]}},{"type":"Feature","properties":{},"geometry":{"type":"MultiLineString","coordinates":[[[77.58946,12.917059],[77.589603,12.917058]],[[77.589603,12.917058],[77.589675,12.917057]]]}},{"type":"Feature","properties":{},"geometry":{"type":"MultiLineString","coordinates":[[[77.58946,12.917059],[77.589603,12.917058]],[[77.589603,12.917058],[77.589675,12.917057]]]}},{"type":"Feature","properties":{},"geometry":{"type":"LineString","coordinates":[[77.573239,12.913067],[77.573202,12.912927]]}},{"type":"Feature","properties":{},"geometry":{"type":"LineString","coordinates":[[77.573239,12.913067],[77.573202,12.912927]]}},{"type":"Feature","properties":{},"geometry":{"type":"LineString","coordinates":[[77.595154,12.916123],[77.595154,12.916158]]}},{"type":"Feature","properties":{},"geometry":{"type":"LineString","coordinates":[[77.595154,12.916123],[77.595154,12.916158]]}},{"type":"Feature","properties":{},"geometry":{"type":"MultiLineString","coordinates":[[[77.600483,12.928386],[77.600482,12.928316]],[[77.600482,12.928316],[77.600476,12.927718],[77.600475,12.927683],[77.600475,12.927612]],[[77.600338,12.924763],[77.600336,12.924658],[77.600335,12.924517],[77.600294,12.924025],[77.600293,12.923884],[77.600289,12.923567],[77.600248,12.923075],[77.600246,12.922864]]]}},{"type":"Feature","properties":{},"geometry":{"type":"MultiLineString","coordinates":[[[77.600483,12.928386],[77.600482,12.928316]],[[77.600482,12.928316],[77.600476,12.927718],[77.600475,12.927683],[77.600475,12.927612]],[[77.600338,12.924763],[77.600336,12.924658],[77.600335,12.924517],[77.600294,12.924025],[77.600293,12.923884],[77.600289,12.923567],[77.600248,12.923075],[77.600246,12.922864]]]}},{"type":"Feature","properties":{},"geometry":{"type":"LineString","coordinates":[[77.589617,12.935814],[77.589652,12.935708]]}},{"type":"Feature","properties":{},"geometry":{"type":"LineString","coordinates":[[77.589617,12.935814],[77.589652,12.935708]]}},{"type":"Feature","properties":{},"geometry":{"type":"LineString","coordinates":[[77.591982,12.935474],[77.592017,12.935474],[77.592017,12.935474]]}},{"type":"Feature","properties":{},"geometry":{"type":"LineString","coordinates":[[77.591982,12.935474],[77.592017,12.935474],[77.592017,12.935474]]}},{"type":"Feature","properties":{},"geometry":{"type":"LineString","coordinates":[[77.585906,12.916848],[77.585907,12.916989]]}},{"type":"Feature","properties":{},"geometry":{"type":"LineString","coordinates":[[77.585906,12.916848],[77.585907,12.916989]]}},{"type":"Feature","properties":{},"geometry":{"type":"LineString","coordinates":[[77.60052,12.928492],[77.600483,12.928386]]}},{"type":"Feature","properties":{},"geometry":{"type":"LineString","coordinates":[[77.60052,12.928492],[77.600483,12.928386]]}},{"type":"Feature","properties":{},"geometry":{"type":"LineString","coordinates":[[77.60165,12.937137],[77.601614,12.937138]]}},{"type":"Feature","properties":{},"geometry":{"type":"LineString","coordinates":[[77.60165,12.937137],[77.601614,12.937138]]}},{"type":"Feature","properties":{},"geometry":{"type":"LineString","coordinates":[[77.599287,12.916891],[77.599359,12.916891],[77.599682,12.916887],[77.599754,12.916887],[77.599898,12.91692]]}},{"type":"Feature","properties":{},"geometry":{"type":"LineString","coordinates":[[77.599287,12.916891],[77.599359,12.916891],[77.599682,12.916887],[77.599754,12.916887],[77.599898,12.91692]]}},{"type":"Feature","properties":{},"geometry":{"type":"LineString","coordinates":[[77.609806,12.934874],[77.609842,12.934838],[77.610518,12.934339],[77.610909,12.934018],[77.611514,12.933555],[77.611835,12.933305],[77.612155,12.933056],[77.613116,12.932307],[77.613436,12.932058],[77.61365,12.931879],[77.613722,12.931914]]}},{"type":"Feature","properties":{},"geometry":{"type":"LineString","coordinates":[[77.609806,12.934874],[77.609842,12.934838],[77.610518,12.934339],[77.610909,12.934018],[77.611514,12.933555],[77.611835,12.933305],[77.612155,12.933056],[77.613116,12.932307],[77.613436,12.932058],[77.61365,12.931879],[77.613722,12.931914]]}},{"type":"Feature","properties":{},"geometry":{"type":"LineString","coordinates":[[77.599934,12.91692],[77.599934,12.916955],[77.599937,12.917272]]}},{"type":"Feature","properties":{},"geometry":{"type":"LineString","coordinates":[[77.599934,12.91692],[77.599934,12.916955],[77.599937,12.917272]]}},{"type":"Feature","properties":{},"geometry":{"type":"MultiLineString","coordinates":[[[77.610979,12.933771],[77.611228,12.933593],[77.611691,12.933271],[77.612154,12.93295],[77.612545,12.93263],[77.612652,12.932558]],[[77.612652,12.932558],[77.613008,12.932273]],[[77.613008,12.932273],[77.613293,12.932059],[77.613293,12.932059]],[[77.613293,12.932059],[77.613435,12.931952],[77.613649,12.931809]],[[77.613649,12.931809],[77.613648,12.931774]],[[77.613684,12.931774],[77.613755,12.931667]],[[77.613755,12.931667],[77.613791,12.931667]],[[77.613791,12.931667],[77.613897,12.931525]],[[77.613897,12.931525],[77.613933,12.931525]]]}},{"type":"Feature","properties":{},"geometry":{"type":"MultiLineString","coordinates":[[[77.610979,12.933771],[77.611228,12.933593],[77.611691,12.933271],[77.612154,12.93295],[77.612545,12.93263],[77.612652,12.932558]],[[77.612652,12.932558],[77.613008,12.932273]],[[77.613008,12.932273],[77.613293,12.932059],[77.613293,12.932059]],[[77.613293,12.932059],[77.613435,12.931952],[77.613649,12.931809]],[[77.613649,12.931809],[77.613648,12.931774]],[[77.613684,12.931774],[77.613755,12.931667]],[[77.613755,12.931667],[77.613791,12.931667]],[[77.613791,12.931667],[77.613897,12.931525]],[[77.613897,12.931525],[77.613933,12.931525]]]}},{"type":"Feature","properties":{},"geometry":{"type":"MultiLineString","coordinates":[[[77.621817,12.916983],[77.622213,12.917084],[77.622465,12.917187],[77.622749,12.916868]],[[77.607427,12.916564],[77.607392,12.916564],[77.607392,12.916599],[77.607392,12.916599]],[[77.607392,12.916564],[77.607427,12.916564]],[[77.607426,12.916388],[77.607426,12.916458],[77.607427,12.916529],[77.607391,12.916529],[77.607392,12.916564]],[[77.607425,12.916282],[77.607426,12.916388],[77.607426,12.916388]],[[77.607353,12.916283],[77.607425,12.916282]]]}},{"type":"Feature","properties":{},"geometry":{"type":"MultiLineString","coordinates":[[[77.621817,12.916983],[77.622213,12.917084],[77.622465,12.917187],[77.622749,12.916868]],[[77.607427,12.916564],[77.607392,12.916564],[77.607392,12.916599],[77.607392,12.916599]],[[77.607392,12.916564],[77.607427,12.916564]],[[77.607426,12.916388],[77.607426,12.916458],[77.607427,12.916529],[77.607391,12.916529],[77.607392,12.916564]],[[77.607425,12.916282],[77.607426,12.916388],[77.607426,12.916388]],[[77.607353,12.916283],[77.607425,12.916282]]]}},{"type":"Feature","properties":{},"geometry":{"type":"LineString","coordinates":[[77.650058,12.92458],[77.650094,12.92458]]}},{"type":"Feature","properties":{},"geometry":{"type":"LineString","coordinates":[[77.650058,12.92458],[77.650094,12.92458]]}},{"type":"Feature","properties":{},"geometry":{"type":"MultiLineString","coordinates":[[[77.597279,12.916946],[77.597351,12.916946]],[[77.597351,12.916946],[77.59771,12.916942]],[[77.59771,12.916942],[77.597889,12.91694],[77.597925,12.91694]],[[77.597925,12.91694],[77.598068,12.916939]],[[77.598068,12.916939],[77.598391,12.9169]],[[77.598391,12.9169],[77.598821,12.916896],[77.599287,12.916891]]]}},{"type":"Feature","properties":{},"geometry":{"type":"MultiLineString","coordinates":[[[77.597279,12.916946],[77.597351,12.916946]],[[77.597351,12.916946],[77.59771,12.916942]],[[77.59771,12.916942],[77.597889,12.91694],[77.597925,12.91694]],[[77.597925,12.91694],[77.598068,12.916939]],[[77.598068,12.916939],[77.598391,12.9169]],[[77.598391,12.9169],[77.598821,12.916896],[77.599287,12.916891]]]}},{"type":"Feature","properties":{},"geometry":{"type":"MultiLineString","coordinates":[[[77.597279,12.916946],[77.597351,12.916946]],[[77.597351,12.916946],[77.59771,12.916942]],[[77.59771,12.916942],[77.597889,12.91694],[77.597925,12.91694]],[[77.597925,12.91694],[77.598068,12.916939]],[[77.598068,12.916939],[77.598391,12.9169]],[[77.598391,12.9169],[77.598821,12.916896],[77.599287,12.916891]]]}},{"type":"Feature","properties":{},"geometry":{"type":"LineString","coordinates":[[77.599984,12.918362],[77.599986,12.918503]]}},{"type":"Feature","properties":{},"geometry":{"type":"LineString","coordinates":[[77.599984,12.918362],[77.599986,12.918503]]}},{"type":"Feature","properties":{},"geometry":{"type":"LineString","coordinates":[[77.599984,12.918362],[77.599986,12.918503]]}},{"type":"Feature","properties":{},"geometry":{"type":"MultiLineString","coordinates":[[[77.580155,12.943685],[77.580155,12.94372]],[[77.580178,12.942453],[77.580153,12.943474],[77.580155,12.943685]],[[77.580176,12.942207],[77.580178,12.942453]],[[77.580175,12.942136],[77.580176,12.942207]],[[77.580193,12.936928],[77.580167,12.937843],[77.580176,12.938758],[77.580152,12.93992],[77.580164,12.941046],[77.580175,12.942136]],[[77.580193,12.936893],[77.580193,12.936928],[77.580193,12.936928]],[[77.58012,12.936823],[77.580192,12.936858],[77.580193,12.936893]]]}},{"type":"Feature","properties":{},"geometry":{"type":"MultiLineString","coordinates":[[[77.600119,12.920965],[77.600246,12.922864],[77.600246,12.922864]],[[77.599986,12.918503],[77.600026,12.91889],[77.600029,12.919206],[77.600031,12.919418],[77.600118,12.920895],[77.600119,12.920965]]]}},{"type":"Feature","properties":{},"geometry":{"type":"MultiLineString","coordinates":[[[77.600119,12.920965],[77.600246,12.922864],[77.600246,12.922864]],[[77.599986,12.918503],[77.600026,12.91889],[77.600029,12.919206],[77.600031,12.919418],[77.600118,12.920895],[77.600119,12.920965]]]}},{"type":"Feature","properties":{},"geometry":{"type":"MultiLineString","coordinates":[[[77.600119,12.920965],[77.600246,12.922864],[77.600246,12.922864]],[[77.599986,12.918503],[77.600026,12.91889],[77.600029,12.919206],[77.600031,12.919418],[77.600118,12.920895],[77.600119,12.920965]]]}},{"type":"Feature","properties":{},"geometry":{"type":"MultiLineString","coordinates":[[[77.606342,12.936422],[77.60645,12.936421],[77.606486,12.93642],[77.606522,12.93642],[77.606701,12.936383],[77.606736,12.936347],[77.606915,12.936275],[77.607094,12.936238],[77.607129,12.936203],[77.607344,12.93613],[77.607522,12.936058]],[[77.607522,12.936058],[77.607772,12.93595],[77.608201,12.935735]],[[77.608201,12.935735],[77.608236,12.935734],[77.608307,12.935663]],[[77.608307,12.935663],[77.608842,12.935341],[77.608985,12.935234],[77.609305,12.93502],[77.609662,12.93477]],[[77.609662,12.93477],[77.609697,12.934734],[77.609733,12.934734],[77.609768,12.934698],[77.610302,12.934306],[77.610801,12.933914],[77.610979,12.933771]]]}},{"type":"Feature","properties":{},"geometry":{"type":"MultiLineString","coordinates":[[[77.606342,12.936422],[77.60645,12.936421],[77.606486,12.93642],[77.606522,12.93642],[77.606701,12.936383],[77.606736,12.936347],[77.606915,12.936275],[77.607094,12.936238],[77.607129,12.936203],[77.607344,12.93613],[77.607522,12.936058]],[[77.607522,12.936058],[77.607772,12.93595],[77.608201,12.935735]],[[77.608201,12.935735],[77.608236,12.935734],[77.608307,12.935663]],[[77.608307,12.935663],[77.608842,12.935341],[77.608985,12.935234],[77.609305,12.93502],[77.609662,12.93477]],[[77.609662,12.93477],[77.609697,12.934734],[77.609733,12.934734],[77.609768,12.934698],[77.610302,12.934306],[77.610801,12.933914],[77.610979,12.933771]]]}},{"type":"Feature","properties":{},"geometry":{"type":"MultiLineString","coordinates":[[[77.606342,12.936422],[77.60645,12.936421],[77.606486,12.93642],[77.606522,12.93642],[77.606701,12.936383],[77.606736,12.936347],[77.606915,12.936275],[77.607094,12.936238],[77.607129,12.936203],[77.607344,12.93613],[77.607522,12.936058]],[[77.607522,12.936058],[77.607772,12.93595],[77.608201,12.935735]],[[77.608201,12.935735],[77.608236,12.935734],[77.608307,12.935663]],[[77.608307,12.935663],[77.608842,12.935341],[77.608985,12.935234],[77.609305,12.93502],[77.609662,12.93477]],[[77.609662,12.93477],[77.609697,12.934734],[77.609733,12.934734],[77.609768,12.934698],[77.610302,12.934306],[77.610801,12.933914],[77.610979,12.933771]]]}},{"type":"Feature","properties":{},"geometry":{"type":"LineString","coordinates":[[77.580155,12.94372],[77.580156,12.943755]]}},{"type":"Feature","properties":{},"geometry":{"type":"LineString","coordinates":[[77.580155,12.94372],[77.580156,12.943755]]}},{"type":"Feature","properties":{},"geometry":{"type":"LineString","coordinates":[[77.580155,12.94372],[77.580156,12.943755]]}},{"type":"Feature","properties":{},"geometry":{"type":"LineString","coordinates":[[77.580155,12.94372],[77.580156,12.943755]]}},{"type":"Feature","properties":{},"geometry":{"type":"LineString","coordinates":[[77.622748,12.916833],[77.62282,12.916867],[77.622856,12.916867],[77.622892,12.916866]]}},{"type":"Feature","properties":{},"geometry":{"type":"LineString","coordinates":[[77.622748,12.916833],[77.62282,12.916867],[77.622856,12.916867],[77.622892,12.916866]]}},{"type":"Feature","properties":{},"geometry":{"type":"LineString","coordinates":[[77.622748,12.916833],[77.62282,12.916867],[77.622856,12.916867],[77.622892,12.916866]]}},{"type":"Feature","properties":{},"geometry":{"type":"LineString","coordinates":[[77.622748,12.916833],[77.62282,12.916867],[77.622856,12.916867],[77.622892,12.916866]]}},{"type":"Feature","properties":{},"geometry":{"type":"LineString","coordinates":[[77.622748,12.916833],[77.62282,12.916867],[77.622856,12.916867],[77.622892,12.916866]]}},{"type":"Feature","properties":{},"geometry":{"type":"MultiLineString","coordinates":[[[77.595162,12.916897],[77.595162,12.916932],[77.595162,12.916932]],[[77.595162,12.916862],[77.595162,12.916897]]]}},{"type":"Feature","properties":{},"geometry":{"type":"MultiLineString","coordinates":[[[77.595162,12.916897],[77.595162,12.916932],[77.595162,12.916932]],[[77.595162,12.916862],[77.595162,12.916897]]]}},{"type":"Feature","properties":{},"geometry":{"type":"MultiLineString","coordinates":[[[77.595162,12.916897],[77.595162,12.916932],[77.595162,12.916932]],[[77.595162,12.916862],[77.595162,12.916897]]]}},{"type":"Feature","properties":{},"geometry":{"type":"MultiLineString","coordinates":[[[77.595162,12.916897],[77.595162,12.916932],[77.595162,12.916932]],[[77.595162,12.916862],[77.595162,12.916897]]]}},{"type":"Feature","properties":{},"geometry":{"type":"MultiLineString","coordinates":[[[77.595162,12.916897],[77.595162,12.916932],[77.595162,12.916932]],[[77.595162,12.916862],[77.595162,12.916897]]]}},{"type":"Feature","properties":{},"geometry":{"type":"MultiLineString","coordinates":[[[77.595162,12.916897],[77.595162,12.916932],[77.595162,12.916932]],[[77.595162,12.916862],[77.595162,12.916897]]]}},{"type":"Feature","properties":{},"geometry":{"type":"LineString","coordinates":[[77.580104,12.942208],[77.580176,12.942207]]}},{"type":"Feature","properties":{},"geometry":{"type":"LineString","coordinates":[[77.622749,12.916868],[77.622857,12.916902],[77.622893,12.916902]]}},{"type":"Feature","properties":{},"geometry":{"type":"LineString","coordinates":[[77.622749,12.916868],[77.622857,12.916902],[77.622893,12.916902]]}},{"type":"Feature","properties":{},"geometry":{"type":"LineString","coordinates":[[77.622749,12.916868],[77.622857,12.916902],[77.622893,12.916902]]}},{"type":"Feature","properties":{},"geometry":{"type":"LineString","coordinates":[[77.622749,12.916868],[77.622857,12.916902],[77.622893,12.916902]]}},{"type":"Feature","properties":{},"geometry":{"type":"LineString","coordinates":[[77.622749,12.916868],[77.622857,12.916902],[77.622893,12.916902]]}},{"type":"Feature","properties":{},"geometry":{"type":"LineString","coordinates":[[77.622749,12.916868],[77.622857,12.916902],[77.622893,12.916902]]}},{"type":"Feature","properties":{},"geometry":{"type":"LineString","coordinates":[[77.651848,12.924245],[77.651704,12.924246]]}},{"type":"Feature","properties":{},"geometry":{"type":"LineString","coordinates":[[77.613513,12.932549],[77.614111,12.931417],[77.615029,12.930001],[77.617567,12.929095],[77.620176,12.928119],[77.622712,12.927073],[77.625283,12.925992],[77.62782,12.924981],[77.628998,12.924441],[77.630399,12.924638],[77.63313,12.925068],[77.635825,12.925498],[77.636616,12.925596],[77.636974,12.925557],[77.63751,12.92534],[77.638329,12.924734],[77.638934,12.924341],[77.639398,12.924125],[77.639362,12.924055],[77.640791,12.923513],[77.641291,12.923332],[77.641471,12.92333],[77.643485,12.923872],[77.645393,12.924451],[77.646146,12.924444],[77.647546,12.924535],[77.64848,12.924631],[77.648946,12.924626],[77.649338,12.924376],[77.650271,12.924367],[77.651203,12.924322],[77.651848,12.924245]]}},{"type":"Feature","properties":{},"geometry":{"type":"LineString","coordinates":[[77.613476,12.932479],[77.613477,12.932515]]}},{"type":"Feature","properties":{},"geometry":{"type":"LineString","coordinates":[[77.639862,12.923874],[77.639826,12.923839]]}},{"type":"Feature","properties":{},"geometry":{"type":"LineString","coordinates":[[77.639433,12.924019],[77.639362,12.924055]]}},{"type":"Feature","properties":{},"geometry":{"type":"LineString","coordinates":[[77.633597,12.925063],[77.633704,12.925062]]}},{"type":"Feature","properties":{},"geometry":{"type":"LineString","coordinates":[[77.608628,12.935414],[77.608664,12.935413]]}},{"type":"Feature","properties":{},"geometry":{"type":"LineString","coordinates":[[77.603834,12.936728],[77.60387,12.936728]]}},{"type":"Feature","properties":{},"geometry":{"type":"LineString","coordinates":[[77.605921,12.916614],[77.605957,12.916614]]}},{"type":"Feature","properties":{},"geometry":{"type":"LineString","coordinates":[[77.588653,12.936281],[77.588725,12.93628],[77.588797,12.93628]]}},{"type":"Feature","properties":{},"geometry":{"type":"LineString","coordinates":[[77.588653,12.936281],[77.588725,12.93628],[77.588797,12.93628]]}},{"type":"Feature","properties":{},"geometry":{"type":"LineString","coordinates":[[77.665516,12.920868],[77.665452,12.921573],[77.665385,12.922031],[77.665283,12.92256],[77.665248,12.922666],[77.665289,12.923193],[77.665294,12.923651],[77.665342,12.924811],[77.665354,12.925902],[77.665399,12.926746],[77.665257,12.926888],[77.665042,12.92689]]}},{"type":"Feature","properties":{},"geometry":{"type":"MultiLineString","coordinates":[[[77.572055,12.916563],[77.571948,12.916564]],[[77.571123,12.916572],[77.571122,12.916537]],[[77.57011,12.915737],[77.570073,12.915702],[77.570037,12.915668]],[[77.569965,12.915633],[77.569893,12.915599]],[[77.569533,12.915497],[77.569497,12.915497],[77.569426,12.915498]],[[77.569029,12.915326],[77.568993,12.915326]],[[77.568885,12.915257],[77.568559,12.914908],[77.568377,12.914699],[77.568233,12.914594]],[[77.567979,12.914351],[77.567943,12.914351],[77.567545,12.914003],[77.567473,12.913968]],[[77.566468,12.913978],[77.566433,12.913979],[77.566433,12.913979]],[[77.566612,12.913942],[77.566468,12.913978]],[[77.567005,12.913867],[77.566862,12.913869]],[[77.567113,12.913866],[77.567041,12.913867]]]}},{"type":"Feature","properties":{},"geometry":{"type":"LineString","coordinates":[[77.572702,12.916627],[77.572666,12.916627]]}},{"type":"Feature","properties":{},"geometry":{"type":"LineString","coordinates":[[77.573575,12.914366],[77.573575,12.914331],[77.573575,12.914331]]}},{"type":"Feature","properties":{},"geometry":{"type":"MultiLineString","coordinates":[[[77.562586,12.909723],[77.562587,12.909758],[77.562587,12.909793],[77.562588,12.909899]],[[77.562586,12.909688],[77.562586,12.909723]],[[77.56255,12.909653],[77.562586,12.909688]],[[77.562548,12.909512],[77.56255,12.909653]],[[77.562508,12.909055],[77.562548,12.909442],[77.562548,12.909442]],[[77.562507,12.90902],[77.562508,12.909055]],[[77.562471,12.908985],[77.562507,12.908985],[77.562507,12.90902],[77.562507,12.90902]],[[77.562507,12.90895],[77.562471,12.908985]],[[77.562609,12.908456],[77.562576,12.908667],[77.562507,12.90895],[77.562507,12.90895]],[[77.564148,12.908054],[77.564076,12.908055],[77.564152,12.908441],[77.564192,12.908898],[77.564192,12.908898]],[[77.564192,12.908898],[77.56412,12.908863],[77.563941,12.90883],[77.563833,12.908831],[77.563617,12.908763],[77.563329,12.908695],[77.563185,12.908662],[77.563077,12.908592],[77.562825,12.908489],[77.562645,12.90842]],[[77.562645,12.90842],[77.562609,12.908386],[77.562609,12.908456]],[[77.564866,12.908082],[77.564722,12.908083],[77.564471,12.908086],[77.564328,12.908087],[77.564148,12.908054]],[[77.566747,12.906128],[77.566747,12.906163],[77.566569,12.906306],[77.566249,12.90652],[77.565999,12.906698],[77.565466,12.907126],[77.565288,12.907304],[77.565253,12.907339],[77.565111,12.907481],[77.565005,12.907729],[77.564935,12.907835],[77.564936,12.907976],[77.564937,12.908081],[77.564901,12.908082]],[[77.564901,12.908082],[77.564901,12.908046],[77.564901,12.908046]],[[77.564901,12.908046],[77.564866,12.908082]],[[77.566854,12.906057],[77.566747,12.906128]]]}},{"type":"Feature","properties":{},"geometry":{"type":"MultiLineString","coordinates":[[[77.560163,12.921888],[77.5602,12.921923]],[[77.560127,12.921818],[77.560163,12.921888]],[[77.560089,12.921642],[77.56009,12.921783],[77.560127,12.921818]],[[77.560084,12.921114],[77.560122,12.92136],[77.560052,12.921572],[77.560089,12.921642]],[[77.560046,12.920904],[77.560083,12.921044],[77.560084,12.921114]],[[77.559853,12.919568],[77.559891,12.919849],[77.559967,12.920271],[77.560007,12.920658],[77.560046,12.920904]],[[77.559505,12.917108],[77.559542,12.917284],[77.559659,12.918127],[77.559697,12.918408],[77.559736,12.918654],[77.559776,12.919076],[77.559852,12.919463],[77.559853,12.919568]]]}},{"type":"Feature","properties":{},"geometry":{"type":"LineString","coordinates":[[77.57259,12.916205],[77.572626,12.916205],[77.572662,12.916205]]}},{"type":"Feature","properties":{},"geometry":{"type":"LineString","coordinates":[[77.562158,12.909974],[77.562588,12.909899]]}},{"type":"Feature","properties":{},"geometry":{"type":"LineString","coordinates":[[77.57205,12.916035],[77.572086,12.916034]]}},{"type":"Feature","properties":{},"geometry":{"type":"MultiLineString","coordinates":[[[77.56579,12.914302],[77.565682,12.914303],[77.565039,12.914485],[77.564502,12.914666],[77.564073,12.914776],[77.563608,12.914921],[77.563107,12.915032],[77.562642,12.915177],[77.56232,12.915286],[77.562106,12.915358],[77.561963,12.915465],[77.561785,12.915608],[77.561643,12.915715],[77.5615,12.915751],[77.56132,12.915683],[77.561247,12.915578],[77.561136,12.915262],[77.561027,12.915087],[77.560954,12.914983],[77.560881,12.914878],[77.560555,12.914599],[77.560555,12.914599]],[[77.570001,12.915668],[77.570001,12.915633],[77.569965,12.915633]],[[77.569893,12.915599],[77.569785,12.915564],[77.569785,12.915564]],[[77.569138,12.915395],[77.569065,12.91536],[77.569029,12.915326]],[[77.560555,12.914599],[77.560483,12.91453]],[[77.565897,12.91423],[77.565826,12.914266],[77.56579,12.914302]],[[77.566862,12.913869],[77.566719,12.913905],[77.566683,12.913906]],[[77.567041,12.913867],[77.567005,12.913867]]]}},{"type":"Feature","properties":{},"geometry":{"type":"MultiLineString","coordinates":[[[77.566854,12.906057],[77.56689,12.906091],[77.567396,12.906474],[77.568844,12.907691],[77.569169,12.907969],[77.56964,12.908352],[77.570219,12.908839]],[[77.562404,12.902405],[77.562476,12.90244],[77.562766,12.902683],[77.563091,12.902961],[77.563634,12.903414],[77.564177,12.903866],[77.564683,12.904283],[77.565299,12.904805],[77.566094,12.905466],[77.566239,12.905605],[77.566854,12.906057]],[[77.560234,12.900667],[77.560415,12.900841],[77.560632,12.901015],[77.560994,12.901293],[77.561211,12.901502],[77.561537,12.901745],[77.561826,12.901953],[77.562404,12.902405]],[[77.558133,12.898646],[77.558206,12.898786],[77.558315,12.898891],[77.55875,12.899379],[77.558895,12.899519],[77.559149,12.899763],[77.559582,12.900075],[77.559764,12.900284],[77.560053,12.900493],[77.560234,12.900667]],[[77.555083,12.895051],[77.556064,12.896274],[77.556245,12.896448],[77.5565,12.896797],[77.556681,12.896971],[77.557044,12.89739],[77.557116,12.89746],[77.557407,12.897809],[77.557552,12.897983],[77.557916,12.898437],[77.558133,12.898646]]]}},{"type":"Feature","properties":{},"geometry":{"type":"MultiLineString","coordinates":[[[77.56244,12.902405],[77.562693,12.902613],[77.563236,12.90303],[77.563778,12.903483],[77.564321,12.90397],[77.5649,12.904422],[77.565299,12.904805],[77.566167,12.9055],[77.566673,12.905918],[77.567179,12.9063],[77.567685,12.906682],[77.568156,12.907099],[77.568626,12.907482],[77.569096,12.907864],[77.569567,12.908282],[77.570002,12.908665],[77.570218,12.908804]],[[77.560306,12.900631],[77.56074,12.901014],[77.561283,12.901466],[77.561825,12.901918],[77.562114,12.902126],[77.56244,12.902405]],[[77.558133,12.898646],[77.558314,12.898856],[77.558568,12.8991],[77.558967,12.899518],[77.559293,12.899796],[77.559727,12.900179],[77.560197,12.900562],[77.560306,12.900631]],[[77.555119,12.895051],[77.5561,12.896238],[77.556391,12.896622],[77.556717,12.897006],[77.556971,12.897285],[77.557116,12.89746],[77.557443,12.897809],[77.557661,12.898088],[77.557806,12.898262],[77.558096,12.898576],[77.558133,12.898646]]]}},{"type":"Feature","properties":{},"geometry":{"type":"MultiLineString","coordinates":[[[77.562476,12.902369],[77.562765,12.902613],[77.563344,12.9031],[77.564067,12.903691],[77.564936,12.904457],[77.565334,12.904805],[77.565768,12.905152],[77.566094,12.905431],[77.5666,12.905813],[77.567071,12.906195],[77.567577,12.906577],[77.568047,12.906995],[77.568518,12.907377],[77.569024,12.907795],[77.569494,12.908177],[77.569965,12.90856],[77.570254,12.908803],[77.570254,12.908803]],[[77.560341,12.900595],[77.56045,12.9007],[77.560848,12.901013],[77.561318,12.90143],[77.561391,12.9015],[77.561825,12.901848],[77.562476,12.902369]],[[77.560088,12.900387],[77.560341,12.900595]],[[77.558168,12.898611],[77.558169,12.898646],[77.558459,12.898925],[77.55893,12.899413],[77.559328,12.899761],[77.559473,12.8999],[77.55969,12.900074],[77.559907,12.900248],[77.560088,12.900387]],[[77.555155,12.895051],[77.556063,12.896133],[77.556426,12.896552],[77.55668,12.896901],[77.557007,12.89725],[77.55737,12.897668],[77.557769,12.898157],[77.55806,12.898506],[77.558168,12.898611]]]}},{"type":"Feature","properties":{},"geometry":{"type":"MultiLineString","coordinates":[[[77.572558,12.916628],[77.572558,12.916558],[77.572055,12.916492]],[[77.572055,12.916492],[77.572019,12.916493],[77.572017,12.916317],[77.572053,12.916316],[77.572053,12.916316]],[[77.572053,12.916316],[77.572089,12.916316],[77.572089,12.916316]]]}},{"type":"Feature","properties":{},"geometry":{"type":"MultiLineString","coordinates":[[[77.572055,12.916492],[77.572053,12.916316]],[[77.572053,12.916316],[77.572086,12.91607],[77.572086,12.916034]],[[77.572086,12.916034],[77.572085,12.915999],[77.572084,12.915894]],[[77.572084,12.915894],[77.572084,12.915823],[77.57212,12.915823]]]}},{"type":"Feature","properties":{},"geometry":{"type":"MultiLineString","coordinates":[[[77.572896,12.911029],[77.572932,12.911099]],[[77.57286,12.91103],[77.572896,12.911029]],[[77.570218,12.908804],[77.570761,12.909256],[77.571123,12.909569],[77.571412,12.909812],[77.571883,12.910195],[77.572353,12.910577],[77.57286,12.91103]]]}},{"type":"Feature","properties":{},"geometry":{"type":"MultiLineString","coordinates":[[[77.573562,12.916513],[77.573559,12.916266],[77.573591,12.915914],[77.573587,12.915527],[77.573619,12.915104],[77.573615,12.914753],[77.573576,12.914401],[77.573576,12.914401]],[[77.573576,12.914401],[77.573575,12.914366]]]}},{"type":"Feature","properties":{},"geometry":{"type":"MultiLineString","coordinates":[[[77.584284,12.874213],[77.584358,12.874388],[77.584297,12.87548],[77.58541,12.875575],[77.585641,12.877121],[77.585642,12.877156]],[[77.584283,12.874108],[77.584284,12.874213]],[[77.584247,12.874073],[77.584283,12.874108]],[[77.583839,12.87274],[77.584247,12.874073]]]}},{"type":"Feature","properties":{},"geometry":{"type":"LineString","coordinates":[[77.585642,12.877156],[77.585683,12.877719],[77.585432,12.877756],[77.58562,12.878599],[77.58912,12.88057],[77.590202,12.881123],[77.590202,12.881123]]}},{"type":"Feature","properties":{},"geometry":{"type":"LineString","coordinates":[[77.632278,12.901957],[77.632279,12.901992]]}},{"type":"Feature","properties":{},"geometry":{"type":"LineString","coordinates":[[77.615562,12.89843],[77.615597,12.89843]]}},{"type":"Feature","properties":{},"geometry":{"type":"MultiLineString","coordinates":[[[77.646661,12.911982],[77.646696,12.911911]],[[77.646696,12.911911],[77.646729,12.911664],[77.646729,12.911629]]]}},{"type":"Feature","properties":{},"geometry":{"type":"LineString","coordinates":[[77.572629,12.916487],[77.572664,12.916486],[77.572665,12.916521]]}},{"type":"Feature","properties":{},"geometry":{"type":"LineString","coordinates":[[77.572771,12.916415],[77.572774,12.916626],[77.572774,12.916626]]}},{"type":"Feature","properties":{},"geometry":{"type":"MultiLineString","coordinates":[[[77.572896,12.911029],[77.572932,12.911064]],[[77.570254,12.908803],[77.570725,12.909221],[77.571122,12.909534],[77.571267,12.909673],[77.571412,12.909777],[77.571846,12.91016],[77.572389,12.910577],[77.572896,12.911029]]]}},{"type":"Feature","properties":{},"geometry":{"type":"MultiLineString","coordinates":[[[77.57286,12.911065],[77.57286,12.9111],[77.572861,12.911135],[77.572861,12.911171],[77.572863,12.911346],[77.572865,12.911593],[77.572868,12.911839],[77.572906,12.91205],[77.572944,12.912225],[77.573019,12.912612],[77.573057,12.912787],[77.573168,12.913103],[77.57328,12.913489],[77.573354,12.913735],[77.57343,12.914156],[77.573468,12.914367],[77.573506,12.914578],[77.573508,12.914754],[77.573512,12.915176],[77.573514,12.915387],[77.573484,12.91595],[77.573488,12.916373],[77.573493,12.916795],[77.573494,12.9169],[77.573458,12.916901]],[[77.573422,12.916901],[77.573422,12.916866],[77.573314,12.916832],[77.573169,12.916728],[77.572989,12.916694],[77.572846,12.91666],[77.572809,12.916626]],[[77.572666,12.916627],[77.57263,12.916627],[77.572629,12.916522]],[[77.572629,12.916522],[77.572629,12.916487]],[[77.572629,12.916487],[77.572628,12.916451],[77.572662,12.916205],[77.572662,12.916205]],[[77.572662,12.916205],[77.572659,12.915994],[77.572624,12.915994]],[[77.57286,12.91103],[77.57286,12.911065]]]}},{"type":"Feature","properties":{},"geometry":{"type":"LineString","coordinates":[[77.554584,12.923632],[77.554547,12.923526],[77.554369,12.923599]]}},{"type":"Feature","properties":{},"geometry":{"type":"MultiLineString","coordinates":[[[77.572896,12.911065],[77.572932,12.911099]],[[77.57286,12.911065],[77.572896,12.911065]],[[77.570219,12.908839],[77.570725,12.909256],[77.571123,12.909569],[77.572173,12.910509],[77.572571,12.910821],[77.57286,12.91103],[77.57286,12.911065]]]}},{"type":"Feature","properties":{},"geometry":{"type":"LineString","coordinates":[[77.581742,12.895634],[77.581742,12.895669]]}},{"type":"Feature","properties":{},"geometry":{"type":"MultiLineString","coordinates":[[[77.585655,12.906399],[77.585654,12.906329]],[[77.585654,12.906329],[77.585797,12.906292],[77.585833,12.906292],[77.585833,12.906292]]]}},{"type":"Feature","properties":{},"geometry":{"type":"MultiLineString","coordinates":[[[77.632426,12.912583],[77.632425,12.912512]],[[77.632425,12.912512],[77.632424,12.912477]],[[77.632424,12.912477],[77.632423,12.912301],[77.632455,12.911984]]]}},{"type":"Feature","properties":{},"geometry":{"type":"MultiLineString","coordinates":[[[77.632436,12.906777],[77.632436,12.906741]],[[77.632436,12.906741],[77.632436,12.906706]]]}},{"type":"Feature","properties":{},"geometry":{"type":"MultiLineString","coordinates":[[[77.573575,12.914331],[77.5735,12.913979],[77.573387,12.913453],[77.573239,12.913067]],[[77.573202,12.912927],[77.573127,12.912646]]]}},{"type":"Feature","properties":{},"geometry":{"type":"LineString","coordinates":[[77.573575,12.914366],[77.573575,12.914331]]}},{"type":"Feature","properties":{},"geometry":{"type":"LineString","coordinates":[[77.586454,12.882884],[77.585916,12.882889],[77.585016,12.882652],[77.583793,12.882312],[77.583542,12.882244]]}},{"type":"Feature","properties":{},"geometry":{"type":"MultiLineString","coordinates":[[[77.625085,12.917267],[77.625479,12.917263],[77.625659,12.917261],[77.62641,12.917042],[77.626517,12.917006]],[[77.622928,12.916901],[77.623288,12.917003],[77.623827,12.917103],[77.624511,12.917272],[77.625085,12.917267]],[[77.626517,12.917006],[77.627089,12.916824],[77.628269,12.916496]],[[77.628269,12.916496],[77.628225,12.915651],[77.628067,12.914281],[77.628209,12.914174],[77.628711,12.914133]],[[77.628711,12.914133],[77.629464,12.914091],[77.630539,12.914009]],[[77.630539,12.914009],[77.631435,12.91393],[77.632367,12.913885]],[[77.632367,12.913885],[77.632403,12.913885]],[[77.632403,12.913885],[77.632431,12.913146],[77.632467,12.913075],[77.632496,12.912477]],[[77.632496,12.912477],[77.632489,12.911808],[77.632517,12.910998],[77.632544,12.910189],[77.632573,12.90952],[77.6326,12.908675],[77.632627,12.907865],[77.63262,12.907197]],[[77.63262,12.907197],[77.632616,12.906775]],[[77.632616,12.906775],[77.632651,12.906739]],[[77.632436,12.906706],[77.632113,12.906745],[77.631898,12.906712],[77.631395,12.906646],[77.629598,12.906383],[77.629598,12.906348]],[[77.632651,12.906739],[77.632651,12.906704],[77.632436,12.906706]],[[77.629598,12.906348],[77.630162,12.905427],[77.630408,12.904932],[77.63115,12.903798],[77.632067,12.902346],[77.632279,12.901992]],[[77.632314,12.901922],[77.632349,12.901886],[77.63249,12.901638],[77.632808,12.901142]]]}},{"type":"Feature","properties":{},"geometry":{"type":"MultiLineString","coordinates":[[[77.646838,12.911839],[77.646839,12.911909]],[[77.646837,12.911698],[77.646838,12.911839]],[[77.646836,12.911628],[77.646837,12.911663],[77.646837,12.911663]]]}},{"type":"Feature","properties":{},"geometry":{"type":"LineString","coordinates":[[77.646947,12.911943],[77.646661,12.912017]]}},{"type":"Feature","properties":{},"geometry":{"type":"MultiLineString","coordinates":[[[77.625085,12.917302],[77.62548,12.917298],[77.625623,12.917261],[77.626446,12.917077],[77.626482,12.917077],[77.626517,12.917041]],[[77.623756,12.917139],[77.624511,12.917308],[77.625085,12.917302]],[[77.626517,12.917041],[77.627197,12.916858],[77.627984,12.916639],[77.628234,12.916566],[77.62827,12.916566],[77.62827,12.916531],[77.62827,12.916531]],[[77.62827,12.916531],[77.62852,12.916493],[77.628915,12.916454]],[[77.628915,12.916454],[77.629166,12.916451],[77.629201,12.916416]],[[77.629201,12.916416],[77.629202,12.916451],[77.629345,12.91645],[77.629775,12.91641],[77.630169,12.916371],[77.630671,12.916366],[77.631137,12.916326],[77.631639,12.916286],[77.632177,12.916245],[77.632571,12.916206],[77.633073,12.916166],[77.633611,12.916125],[77.634076,12.916085],[77.634578,12.916045],[77.63508,12.915969],[77.635259,12.915968],[77.635331,12.915967]],[[77.635331,12.915967],[77.635654,12.915964],[77.635833,12.915962],[77.636263,12.915887],[77.636478,12.91585]],[[77.636478,12.91585],[77.636836,12.915811]],[[77.636836,12.915811],[77.636943,12.91581]],[[77.636943,12.91581],[77.636979,12.915774],[77.637373,12.915735],[77.637767,12.915626],[77.638268,12.91555]]]}},{"type":"Feature","properties":{},"geometry":{"type":"MultiLineString","coordinates":[[[77.642714,12.911951],[77.64275,12.911951],[77.642751,12.912021],[77.642753,12.912197]],[[77.642709,12.911459],[77.642711,12.91167],[77.64275,12.911951],[77.642714,12.911951]],[[77.642662,12.910368],[77.642665,12.910685],[77.642668,12.911001],[77.642708,12.911318],[77.642709,12.911459],[77.642709,12.911459]],[[77.642661,12.910333],[77.642662,12.910368]],[[77.642616,12.909383],[77.642619,12.909665],[77.642658,12.910016],[77.642661,12.910333]],[[77.642471,12.909314],[77.642615,12.909313],[77.642615,12.909348]]]}},{"type":"Feature","properties":{},"geometry":{"type":"MultiLineString","coordinates":[[[77.65063,12.924433],[77.650917,12.924395],[77.651096,12.924393],[77.651239,12.924322],[77.651347,12.92432],[77.651597,12.924283],[77.651848,12.924245],[77.651848,12.92421]],[[77.651848,12.92421],[77.651811,12.92414]],[[77.651811,12.92414],[77.651811,12.924105],[77.651772,12.923824],[77.651734,12.923648]],[[77.651734,12.923648],[77.651659,12.923297],[77.65162,12.923086]],[[77.65162,12.923086],[77.651582,12.922805],[77.65164,12.921538],[77.651631,12.920658],[77.651693,12.919742],[77.651693,12.919742]],[[77.651693,12.919742],[77.651692,12.919637]],[[77.651692,12.919637],[77.651724,12.919285],[77.651783,12.918123]],[[77.651783,12.918123],[77.651782,12.918017]],[[77.651782,12.918017],[77.651843,12.916961],[77.651837,12.916398]],[[77.651837,12.916398],[77.651836,12.916363]],[[77.651836,12.916363],[77.651867,12.915835],[77.651926,12.914602],[77.651948,12.913335],[77.651945,12.913019]],[[77.651945,12.913019],[77.65194,12.912526]],[[77.65194,12.912526],[77.65197,12.911998],[77.651977,12.909324]],[[77.652013,12.909288],[77.653267,12.90917]],[[77.653267,12.90917],[77.653303,12.909169],[77.653303,12.909134]],[[77.653303,12.909134],[77.653225,12.908572],[77.653148,12.908045],[77.653148,12.908045]],[[77.653148,12.908045],[77.653076,12.908046]]]}},{"type":"Feature","properties":{},"geometry":{"type":"LineString","coordinates":[[77.617051,12.876034],[77.61705,12.875999],[77.617009,12.875472]]}},{"type":"Feature","properties":{},"geometry":{"type":"LineString","coordinates":[[77.617731,12.875957],[77.617516,12.875959],[77.616836,12.876072],[77.616155,12.876184],[77.615618,12.87619],[77.615009,12.876266],[77.614937,12.876267],[77.614829,12.876268],[77.614614,12.876235],[77.614039,12.876135],[77.613571,12.876034],[77.613285,12.876072],[77.612963,12.876146],[77.612713,12.876219],[77.612426,12.876292],[77.611782,12.876439],[77.611282,12.876585],[77.610745,12.876731],[77.610495,12.876804],[77.610352,12.87684],[77.610065,12.876878],[77.609739,12.87653],[77.609557,12.87632],[77.609237,12.876535],[77.609059,12.876677],[77.608844,12.87675],[77.608628,12.876682],[77.608376,12.876543],[77.607263,12.876484],[77.607264,12.876519]]}},{"type":"Feature","properties":{},"geometry":{"type":"LineString","coordinates":[[77.60888,12.876714],[77.609247,12.87752]]}},{"type":"Feature","properties":{},"geometry":{"type":"MultiLineString","coordinates":[[[77.632808,12.901142],[77.633089,12.900612],[77.63323,12.900364],[77.633122,12.90026],[77.633614,12.899375]],[[77.633614,12.899375],[77.634003,12.898773],[77.634179,12.898454]],[[77.634179,12.898454],[77.634602,12.897781],[77.635167,12.896896],[77.636367,12.895019]]]}},{"type":"Feature","properties":{},"geometry":{"type":"LineString","coordinates":[[77.582341,12.866561],[77.582018,12.866564],[77.582058,12.867021],[77.581378,12.867098],[77.581379,12.867169]]}},{"type":"Feature","properties":{},"geometry":{"type":"LineString","coordinates":[[77.58234,12.866526],[77.581982,12.866529],[77.581911,12.8666],[77.58123,12.866677]]}},{"type":"Feature","properties":{},"geometry":{"type":"LineString","coordinates":[[77.646692,12.911524],[77.646656,12.911524],[77.646119,12.911635],[77.646121,12.911846]]}},{"type":"Feature","properties":{},"geometry":{"type":"MultiLineString","coordinates":[[[77.646661,12.911982],[77.646732,12.911981],[77.646732,12.91191]],[[77.646732,12.91191],[77.646731,12.911875]],[[77.646731,12.911875],[77.646766,12.911805],[77.646764,12.911629]]]}},{"type":"Feature","properties":{},"geometry":{"type":"LineString","coordinates":[[77.622928,12.916901],[77.623216,12.917004],[77.623756,12.917139],[77.623756,12.917139]]}},{"type":"Feature","properties":{},"geometry":{"type":"MultiLineString","coordinates":[[[77.651584,12.919638],[77.651581,12.919392]],[[77.651581,12.919392],[77.651614,12.919039]],[[77.651614,12.919039],[77.651606,12.918301],[77.651638,12.917984],[77.651668,12.91742]],[[77.651668,12.91742],[77.651668,12.917385]],[[77.651668,12.917385],[77.651668,12.91735]],[[77.651668,12.91735],[77.651667,12.917279]],[[77.651667,12.917279],[77.651659,12.916576],[77.651693,12.916364]],[[77.651693,12.916364],[77.651689,12.915942]],[[77.651689,12.915942],[77.651688,12.915872]],[[77.651688,12.915872],[77.651719,12.915449],[77.651743,12.914288],[77.651776,12.914076]],[[77.651776,12.914076],[77.651771,12.913513],[77.651767,12.913197],[77.651797,12.912633],[77.651797,12.912598]],[[77.651797,12.912598],[77.651796,12.912563]],[[77.651796,12.912563],[77.651792,12.912105],[77.651792,12.912105]],[[77.651756,12.912106],[77.651218,12.912111],[77.651038,12.912078]],[[77.651038,12.912078],[77.650321,12.912085],[77.649962,12.912089],[77.649101,12.912062]],[[77.649101,12.912062],[77.648993,12.912063]],[[77.648993,12.912063],[77.648849,12.91203],[77.648598,12.912032],[77.648383,12.912034]]]}},{"type":"Feature","properties":{},"geometry":{"type":"LineString","coordinates":[[77.646729,12.911629],[77.646764,12.911629],[77.6468,12.911628],[77.646836,12.911628],[77.646872,12.911628],[77.646872,12.911628]]}},{"type":"Feature","properties":{},"geometry":{"type":"LineString","coordinates":[[77.646872,12.911663],[77.646908,12.911662]]}},{"type":"Feature","properties":{},"geometry":{"type":"MultiLineString","coordinates":[[[77.652158,12.919667],[77.654563,12.919748]],[[77.651728,12.919637],[77.652158,12.919667]],[[77.651692,12.919637],[77.651728,12.919637]],[[77.65162,12.919638],[77.651692,12.919637]],[[77.651584,12.919638],[77.65162,12.919638]]]}},{"type":"Feature","properties":{},"geometry":{"type":"LineString","coordinates":[[77.646872,12.911628],[77.646872,12.911663]]}},{"type":"Feature","properties":{},"geometry":{"type":"MultiLineString","coordinates":[[[77.649171,12.911886],[77.649171,12.911921],[77.649673,12.911916],[77.650319,12.911944],[77.650893,12.911939],[77.650965,12.911938],[77.651216,12.911971],[77.651718,12.911965],[77.651826,12.911964]],[[77.646911,12.911909],[77.646947,12.911943],[77.646947,12.911943]],[[77.646947,12.911943],[77.647234,12.911905],[77.647413,12.911868],[77.647628,12.911866],[77.648166,12.911896],[77.648561,12.911892],[77.648991,12.911888],[77.648991,12.911888]],[[77.648991,12.911888],[77.649135,12.911921],[77.649171,12.911886],[77.649171,12.911886]],[[77.64691,12.911838],[77.646911,12.911873],[77.646911,12.911909]],[[77.646873,12.911733],[77.64691,12.911838],[77.64691,12.911838]]]}},{"type":"Feature","properties":{},"geometry":{"type":"LineString","coordinates":[[77.651836,12.916363],[77.651872,12.916362]]}},{"type":"Feature","properties":{},"geometry":{"type":"LineString","coordinates":[[77.65194,12.912526],[77.651975,12.912526]]}},{"type":"Feature","properties":{},"geometry":{"type":"LineString","coordinates":[[77.651411,12.90662],[77.651447,12.90662]]}},{"type":"Feature","properties":{},"geometry":{"type":"MultiLineString","coordinates":[[[77.646909,12.911698],[77.646909,12.911733]],[[77.646908,12.911662],[77.646909,12.911698]]]}},{"type":"Feature","properties":{},"geometry":{"type":"MultiLineString","coordinates":[[[77.646837,12.911698],[77.646872,12.911663]],[[77.646872,12.911663],[77.646908,12.911662]]]}},{"type":"Feature","properties":{},"geometry":{"type":"MultiLineString","coordinates":[[[77.643083,12.919724],[77.643265,12.919969],[77.644755,12.921783],[77.645335,12.922376],[77.646241,12.923211],[77.646711,12.923593],[77.647253,12.92394],[77.647794,12.924181],[77.648297,12.924316],[77.649015,12.924379]],[[77.642319,12.918711],[77.643083,12.919724]],[[77.640796,12.917179],[77.641086,12.917422],[77.641883,12.918223],[77.642247,12.918642],[77.642319,12.918711]]]}},{"type":"Feature","properties":{},"geometry":{"type":"LineString","coordinates":[[77.638343,12.915831],[77.638487,12.915935],[77.639387,12.916207],[77.640036,12.916518],[77.640796,12.917179]]}},{"type":"Feature","properties":{},"geometry":{"type":"LineString","coordinates":[[77.661355,12.863237],[77.661499,12.863235],[77.662135,12.865762],[77.663882,12.864795],[77.664581,12.866477],[77.664582,12.866512],[77.664618,12.866511],[77.664618,12.866511]]}},{"type":"Feature","properties":{},"geometry":{"type":"MultiLineString","coordinates":[[[77.635297,12.916143],[77.635295,12.916002]],[[77.635295,12.916002],[77.635224,12.916003]],[[77.636836,12.915811],[77.636837,12.915952]],[[77.636835,12.915776],[77.636836,12.915811]],[[77.63683,12.915248],[77.636835,12.915776]],[[77.636782,12.914052],[77.63683,12.915248]],[[77.636765,12.912469],[77.636776,12.913489],[77.636782,12.914052]],[[77.636765,12.912434],[77.636765,12.912469]]]}},{"type":"Feature","properties":{},"geometry":{"type":"MultiLineString","coordinates":[[[77.636765,12.912434],[77.6368,12.912433]],[[77.6368,12.912433],[77.638092,12.91242],[77.638163,12.912419],[77.638199,12.912384]],[[77.638199,12.912384],[77.638235,12.912383],[77.638235,12.912383]],[[77.638235,12.912383],[77.638234,12.912348]]]}},{"type":"Feature","properties":{},"geometry":{"type":"LineString","coordinates":[[77.591808,12.887335],[77.591728,12.886527],[77.591611,12.885613],[77.591499,12.885227],[77.591462,12.885087],[77.591355,12.885088],[77.590745,12.885129],[77.590742,12.884812],[77.59006,12.884819],[77.590025,12.884819],[77.589956,12.885101],[77.589165,12.884933],[77.58787,12.884594],[77.586648,12.88436],[77.586181,12.884294],[77.586454,12.882884]]}},{"type":"Feature","properties":{},"geometry":{"type":"LineString","coordinates":[[77.583542,12.882244],[77.583402,12.882668],[77.583298,12.882985],[77.58302,12.883868],[77.582706,12.884716],[77.582251,12.885846],[77.582221,12.886339],[77.582086,12.887185],[77.582021,12.88789],[77.581955,12.888383],[77.581964,12.889298],[77.581938,12.890248],[77.581878,12.891375],[77.581878,12.891445],[77.58195,12.891445]]}},{"type":"Feature","properties":{},"geometry":{"type":"LineString","coordinates":[[77.583541,12.882209],[77.583542,12.882244]]}},{"type":"Feature","properties":{},"geometry":{"type":"LineString","coordinates":[[77.585833,12.906257],[77.585831,12.906081]]}},{"type":"Feature","properties":{},"geometry":{"type":"LineString","coordinates":[[77.585833,12.906292],[77.585833,12.906257]]}},{"type":"Feature","properties":{},"geometry":{"type":"MultiLineString","coordinates":[[[77.578481,12.906435],[77.578194,12.906438],[77.574607,12.906473],[77.573315,12.906486],[77.573315,12.90645]],[[77.580345,12.906346],[77.580346,12.906416],[77.578481,12.906435]],[[77.573315,12.90645],[77.573348,12.906169],[77.573414,12.90564],[77.573409,12.905148],[77.573333,12.904726],[77.573294,12.904374],[77.573255,12.904058],[77.573217,12.903883],[77.573284,12.90346],[77.573417,12.902367],[77.573449,12.90205],[77.573445,12.901628],[77.573371,12.901382],[77.573184,12.900645],[77.573072,12.900259],[77.572962,12.900014],[77.57274,12.899348],[77.572594,12.899103],[77.572412,12.898858],[77.572266,12.898613],[77.572121,12.898439],[77.571831,12.898125]],[[77.580413,12.905923],[77.580341,12.905924],[77.580345,12.906346]],[[77.585831,12.906081],[77.585828,12.905799]],[[77.582995,12.905862],[77.582995,12.905898]],[[77.582995,12.905898],[77.581165,12.90588],[77.580413,12.905923]],[[77.583064,12.905615],[77.583028,12.905616],[77.582995,12.905862]],[[77.585828,12.905799],[77.585826,12.905553],[77.585754,12.905554]],[[77.585754,12.905554],[77.584929,12.905562],[77.583781,12.905573],[77.583243,12.905578],[77.583064,12.905615]]]}},{"type":"Feature","properties":{},"geometry":{"type":"MultiLineString","coordinates":[[[77.584284,12.874213],[77.584141,12.87425],[77.584251,12.874495],[77.584219,12.874812],[77.584158,12.875904],[77.584062,12.877031],[77.584035,12.877876],[77.584075,12.878262],[77.584154,12.878965],[77.584268,12.879633],[77.584271,12.879879],[77.584202,12.880161],[77.583994,12.880867],[77.583679,12.88168],[77.583541,12.882209],[77.583541,12.882209]],[[77.584569,12.874034],[77.584499,12.874211],[77.584284,12.874213]]]}},{"type":"Feature","properties":{},"geometry":{"type":"LineString","coordinates":[[77.583541,12.882209],[77.583542,12.882244]]}},{"type":"Feature","properties":{},"geometry":{"type":"MultiLineString","coordinates":[[[77.635186,12.912449],[77.635187,12.912485]],[[77.635186,12.912414],[77.635186,12.912449],[77.635186,12.912449]],[[77.63518,12.911851],[77.635186,12.912414]],[[77.635092,12.910304],[77.635143,12.911711],[77.63518,12.911851]],[[77.635052,12.909917],[77.635092,12.910304]],[[77.634998,12.908158],[77.63501,12.909319],[77.635052,12.909917]],[[77.634994,12.907806],[77.63496,12.908018],[77.634998,12.908158]],[[77.635026,12.907419],[77.634994,12.907806]]]}},{"type":"Feature","properties":{},"geometry":{"type":"MultiLineString","coordinates":[[[77.634234,12.907145],[77.635026,12.907419]],[[77.628927,12.907305],[77.62925,12.907336],[77.629644,12.907297],[77.630684,12.907322],[77.630971,12.907249],[77.631109,12.90672],[77.632114,12.90678],[77.632616,12.906775]],[[77.632652,12.906774],[77.632974,12.906771],[77.633406,12.906872],[77.633874,12.907044],[77.634234,12.907145]],[[77.632616,12.906775],[77.632652,12.906774]]]}},{"type":"Feature","properties":{},"geometry":{"type":"LineString","coordinates":[[77.620258,12.898172],[77.621366,12.897774],[77.621697,12.89858],[77.621845,12.899001],[77.621955,12.899281],[77.621957,12.899457],[77.622031,12.899667],[77.622432,12.900261],[77.623086,12.901099],[77.623377,12.901448],[77.623634,12.901974],[77.62389,12.902499],[77.624109,12.902849],[77.624219,12.903094],[77.624759,12.903264],[77.625191,12.903366],[77.625407,12.903434],[77.625693,12.903431],[77.626233,12.903602],[77.626522,12.903775],[77.626917,12.903771],[77.62724,12.903803],[77.627428,12.90468],[77.627506,12.905243],[77.627692,12.905839],[77.627841,12.906436],[77.627951,12.906611],[77.62835,12.907029],[77.628639,12.907237],[77.628927,12.907305]]}},{"type":"Feature","properties":{},"geometry":{"type":"MultiLineString","coordinates":[[[77.651734,12.923648],[77.651811,12.92414],[77.651811,12.92414]],[[77.651811,12.92414],[77.651883,12.924139]],[[77.651883,12.924139],[77.654424,12.923621],[77.654961,12.923474],[77.657356,12.922676],[77.658965,12.922167],[77.660824,12.92155],[77.662005,12.921291],[77.663936,12.920744],[77.664757,12.920384],[77.66494,12.920698]],[[77.65162,12.923086],[77.651696,12.923437],[77.651734,12.923648]],[[77.651693,12.919742],[77.651634,12.920975],[77.651544,12.922665],[77.65162,12.923086]],[[77.651692,12.919637],[77.651693,12.919742]],[[77.651747,12.918088],[77.651692,12.919637]],[[77.651782,12.918017],[77.651747,12.918088]],[[77.651703,12.917279],[77.65181,12.917278],[77.651782,12.918017]],[[77.651667,12.917279],[77.651703,12.917279]],[[77.6512,12.917249],[77.651667,12.917279]],[[77.649801,12.917193],[77.650267,12.917223],[77.6512,12.917249]],[[77.649262,12.917163],[77.649801,12.917193]],[[77.64919,12.917164],[77.649262,12.917163]],[[77.647145,12.917114],[77.647468,12.917111],[77.64919,12.917164]],[[77.638343,12.915831],[77.638558,12.915829],[77.640359,12.916514],[77.640976,12.917177],[77.641801,12.917168]],[[77.647037,12.917115],[77.647145,12.917114]],[[77.646643,12.917084],[77.647037,12.917115]],[[77.641801,12.917168],[77.642482,12.917126]],[[77.642482,12.917126],[77.64302,12.917121],[77.643486,12.917116]],[[77.64632,12.917087],[77.646643,12.917084]],[[77.643486,12.917116],[77.643809,12.917078]],[[77.645997,12.917055],[77.64632,12.917087]],[[77.643809,12.917078],[77.644275,12.917073]],[[77.64553,12.917025],[77.645997,12.917055]],[[77.644275,12.917073],[77.644812,12.917032]],[[77.64492,12.917031],[77.645207,12.917028],[77.64553,12.917025]],[[77.644812,12.917032],[77.64492,12.917031]],[[77.635333,12.916143],[77.635655,12.916104],[77.636479,12.915991]],[[77.636479,12.915991],[77.636837,12.915952]],[[77.636837,12.915952],[77.636873,12.915951]],[[77.638164,12.915868],[77.638271,12.915832]],[[77.638271,12.915832],[77.638343,12.915831]]]}},{"type":"Feature","properties":{},"geometry":{"type":"MultiLineString","coordinates":[[[77.598753,12.892932],[77.599649,12.892853],[77.600473,12.892739],[77.601798,12.89255],[77.602981,12.892468],[77.604483,12.892031],[77.604513,12.891502],[77.605372,12.891283],[77.606733,12.891093],[77.607812,12.891329],[77.608785,12.891812],[77.609793,12.892154],[77.610154,12.892396],[77.610626,12.892955],[77.610999,12.894288],[77.611112,12.89485],[77.611128,12.896398],[77.611072,12.897842],[77.611145,12.898052],[77.611933,12.897868],[77.613044,12.897751],[77.613366,12.897748],[77.614842,12.898191],[77.614951,12.898331],[77.615168,12.898504],[77.615564,12.898641],[77.615887,12.898638]],[[77.615887,12.898638],[77.616388,12.898563],[77.617142,12.89859],[77.617715,12.898584],[77.618036,12.898405],[77.618141,12.898123],[77.618643,12.898083],[77.618966,12.898114],[77.619363,12.898357],[77.619578,12.898355],[77.619901,12.898351],[77.620258,12.898172]]]}},{"type":"Feature","properties":{},"geometry":{"type":"MultiLineString","coordinates":[[[77.620217,12.89768],[77.620646,12.89757],[77.620721,12.897851],[77.621365,12.897668],[77.621216,12.897142],[77.621031,12.896651],[77.620777,12.896337],[77.620484,12.895742],[77.620336,12.895286],[77.620038,12.894268],[77.619811,12.893109],[77.619696,12.892442],[77.61958,12.891598],[77.61983,12.89149],[77.620116,12.891417],[77.620141,12.890396],[77.620135,12.889763],[77.619986,12.889272],[77.619839,12.888956],[77.619981,12.888779],[77.620662,12.888737],[77.621306,12.88859],[77.621301,12.888097],[77.621437,12.887427],[77.621828,12.887001],[77.62178,12.885911],[77.621699,12.885032],[77.621801,12.884468],[77.621941,12.88415],[77.621973,12.883727],[77.622077,12.883444],[77.622648,12.883122],[77.622933,12.882978],[77.623358,12.882411],[77.623245,12.881849],[77.623131,12.881322],[77.623416,12.881108],[77.624454,12.880852],[77.624453,12.880746]],[[77.624453,12.880746],[77.624409,12.880008],[77.624475,12.879444],[77.624645,12.878563],[77.624571,12.878387],[77.62457,12.878211],[77.62464,12.878035],[77.625174,12.877713],[77.625425,12.87764],[77.625671,12.87718],[77.625739,12.876862],[77.625879,12.876474],[77.62602,12.876261],[77.626041,12.874854],[77.62589,12.874151],[77.62524,12.873665],[77.625022,12.873386],[77.625725,12.872077],[77.626605,12.870484],[77.627066,12.869952],[77.627523,12.869103],[77.628152,12.867443],[77.6285,12.866419],[77.629316,12.865601],[77.630618,12.863195],[77.632033,12.861281],[77.63228,12.860891],[77.63238,12.860151],[77.633093,12.859792],[77.633408,12.85898],[77.638464,12.852067],[77.643554,12.848391],[77.657393,12.848005]]]}},{"type":"Feature","properties":{},"geometry":{"type":"LineString","coordinates":[[77.620258,12.898172],[77.620111,12.897821]]}},{"type":"Feature","properties":{},"geometry":{"type":"MultiLineString","coordinates":[[[77.548731,12.887688],[77.549051,12.887439],[77.562676,12.883259],[77.581462,12.875297],[77.582067,12.874869],[77.581845,12.874237],[77.583168,12.873767],[77.583847,12.873514],[77.584104,12.874109],[77.584103,12.874074]],[[77.584103,12.874074],[77.584247,12.874073]],[[77.584247,12.874073],[77.584497,12.874]]]}},{"type":"Feature","properties":{},"geometry":{"type":"MultiLineString","coordinates":[[[77.58457,12.87407],[77.585,12.874101],[77.585107,12.873959]],[[77.585107,12.873959],[77.585177,12.873817],[77.584906,12.87192],[77.58537,12.871669],[77.585215,12.870544],[77.58743,12.869643],[77.587859,12.869533],[77.589337,12.870292]],[[77.589662,12.87043],[77.591536,12.871326],[77.592288,12.871178],[77.593472,12.871272],[77.593656,12.871692]],[[77.589337,12.870292],[77.589662,12.87043]]]}},{"type":"Feature","properties":{},"geometry":{"type":"MultiLineString","coordinates":[[[77.596792,12.88711],[77.597166,12.888619],[77.598013,12.890793],[77.598753,12.892932]],[[77.593656,12.871692],[77.594469,12.874007],[77.594807,12.875552],[77.595607,12.880013],[77.596188,12.884195],[77.596561,12.885564],[77.596717,12.886829],[77.596792,12.88711]]]}},{"type":"Feature","properties":{},"geometry":{"type":"LineString","coordinates":[[77.664404,12.85645],[77.658847,12.863509],[77.658032,12.864432],[77.655166,12.868085],[77.653643,12.869966]]}},{"type":"Feature","properties":{},"geometry":{"type":"LineString","coordinates":[[77.601451,12.904061],[77.601639,12.904938],[77.601645,12.905466],[77.601399,12.905961],[77.600797,12.906741],[77.600408,12.907308]]}},{"type":"Feature","properties":{},"geometry":{"type":"MultiLineString","coordinates":[[[77.571554,12.916603],[77.571518,12.916603]],[[77.571733,12.916566],[77.571661,12.916567]],[[77.571948,12.916564],[77.571876,12.916564],[77.571733,12.916566]],[[77.572055,12.916492],[77.572055,12.916563]],[[77.571194,12.916571],[77.571123,12.916572],[77.571123,12.916572]],[[77.572053,12.916316],[77.572055,12.916492]],[[77.57205,12.916035],[77.572052,12.916246],[77.572053,12.916316]],[[77.572084,12.915894],[77.572049,12.915894],[77.57205,12.916035]],[[77.566147,12.914122],[77.56604,12.914158]],[[77.566182,12.914087],[77.566147,12.914122]]]}},{"type":"Feature","properties":{},"geometry":{"type":"MultiLineString","coordinates":[[[77.565968,12.914194],[77.565897,12.91423]],[[77.56604,12.914158],[77.565968,12.914194]]]}},{"type":"Feature","properties":{},"geometry":{"type":"LineString","coordinates":[[77.565897,12.91423],[77.565933,12.91423],[77.566108,12.913771],[77.566216,12.91384],[77.56604,12.914158]]}},{"type":"Feature","properties":{},"geometry":{"type":"MultiLineString","coordinates":[[[77.584283,12.874108],[77.58414,12.874179],[77.584103,12.874074]],[[77.584533,12.874035],[77.584283,12.874108]],[[77.584103,12.874074],[77.583992,12.873688],[77.583696,12.872811],[77.58351,12.87218],[77.583396,12.871583],[77.58328,12.870739]],[[77.58328,12.870739],[77.583243,12.870634],[77.582849,12.870673],[77.582312,12.870749],[77.58181,12.870789],[77.581523,12.870792],[77.581129,12.870831],[77.580448,12.870873],[77.579766,12.870844]]]}},{"type":"Feature","properties":{},"geometry":{"type":"MultiLineString","coordinates":[[[77.58482,12.873962],[77.584605,12.873999]],[[77.58906,12.87128],[77.589071,12.872266],[77.588317,12.872238],[77.586705,12.87243],[77.58686,12.87359],[77.586183,12.873983],[77.585107,12.873959]],[[77.585107,12.873959],[77.584927,12.873925],[77.58482,12.873962]]]}},{"type":"Feature","properties":{},"geometry":{"type":"LineString","coordinates":[[77.584605,12.873999],[77.584533,12.874035]]}},{"type":"Feature","properties":{},"geometry":{"type":"LineString","coordinates":[[77.58328,12.870739],[77.583567,12.870701]]}},{"type":"Feature","properties":{},"geometry":{"type":"LineString","coordinates":[[77.62383,12.91735],[77.623865,12.917279],[77.624009,12.917277],[77.624188,12.917311],[77.624727,12.917411]]}},{"type":"Feature","properties":{},"geometry":{"type":"LineString","coordinates":[[77.659474,12.848125],[77.658183,12.848138],[77.65771,12.850852],[77.662222,12.850208],[77.662718,12.849675],[77.663826,12.849242],[77.664292,12.849272],[77.665148,12.848771],[77.669631,12.848796]]}},{"type":"Feature","properties":{},"geometry":{"type":"MultiLineString","coordinates":[[[77.669631,12.848796],[77.670904,12.847129]],[[77.670904,12.847129],[77.673239,12.844079],[77.675036,12.844483],[77.67615,12.844648],[77.680956,12.844739]]]}},{"type":"Feature","properties":{},"geometry":{"type":"LineString","coordinates":[[77.586275,12.896927],[77.586272,12.896645],[77.58623,12.896083],[77.586253,12.89478],[77.586379,12.893125],[77.58559,12.893063],[77.585621,12.89264],[77.582363,12.8932],[77.58186,12.893205]]}},{"type":"Feature","properties":{},"geometry":{"type":"MultiLineString","coordinates":[[[77.638234,12.912313],[77.638593,12.91231],[77.639023,12.912305],[77.639382,12.912302],[77.639776,12.912298],[77.640207,12.912293],[77.640637,12.912289],[77.640816,12.912252],[77.641031,12.91225],[77.641426,12.912246],[77.641785,12.912242],[77.642143,12.912203],[77.642179,12.912203],[77.642573,12.912199],[77.642753,12.912197]],[[77.642753,12.912197],[77.643004,12.912195],[77.643363,12.912191],[77.643685,12.912188],[77.644044,12.912149],[77.644331,12.912146],[77.644327,12.911759],[77.644578,12.911756],[77.644613,12.911756]],[[77.644797,12.912141],[77.645335,12.912101],[77.645586,12.912098]],[[77.644721,12.911755],[77.644793,12.911754],[77.644797,12.912141]],[[77.645586,12.912098],[77.645908,12.91206],[77.646302,12.91202],[77.646589,12.912017]],[[77.646589,12.912017],[77.646661,12.911982]],[[77.644613,12.911756],[77.644649,12.911756]],[[77.644649,12.911756],[77.644721,12.911755]]]}},{"type":"Feature","properties":{},"geometry":{"type":"LineString","coordinates":[[77.646661,12.912017],[77.646661,12.911982]]}},{"type":"Feature","properties":{},"geometry":{"type":"MultiLineString","coordinates":[[[77.638271,12.915832],[77.638268,12.91555],[77.638228,12.915128],[77.638221,12.91453],[77.638218,12.914249],[77.638216,12.914002],[77.638213,12.913686],[77.638204,12.912876]],[[77.638204,12.912876],[77.638204,12.912841],[77.638202,12.912665],[77.638199,12.912419],[77.638199,12.912419]],[[77.638199,12.912419],[77.638199,12.912384]],[[77.638199,12.912384],[77.638163,12.912349]]]}},{"type":"Feature","properties":{},"geometry":{"type":"MultiLineString","coordinates":[[[77.635331,12.916002],[77.635333,12.916143]],[[77.635331,12.915967],[77.635331,12.916002]],[[77.63533,12.915897],[77.635331,12.915967]],[[77.635289,12.915369],[77.63533,12.915897]],[[77.635284,12.914912],[77.635289,12.915369]],[[77.635281,12.914595],[77.635284,12.914912]],[[77.63528,12.91456],[77.635281,12.914595]],[[77.635239,12.914032],[77.63528,12.91456]],[[77.635234,12.91354],[77.635239,12.914032]],[[77.635193,12.913048],[77.635234,12.91354]],[[77.635187,12.91252],[77.635193,12.913048]],[[77.635187,12.912485],[77.635187,12.91252]]]}},{"type":"Feature","properties":{},"geometry":{"type":"MultiLineString","coordinates":[[[77.635258,12.912484],[77.635187,12.912485]],[[77.6368,12.912433],[77.636048,12.912476],[77.635258,12.912484]],[[77.638199,12.912384],[77.638163,12.912384],[77.637804,12.912388],[77.6368,12.912433],[77.6368,12.912433]],[[77.638235,12.912383],[77.638199,12.912384]],[[77.642144,12.912309],[77.641355,12.912317],[77.640422,12.912326],[77.639562,12.91237],[77.638773,12.912378],[77.638235,12.912383]]]}},{"type":"Feature","properties":{},"geometry":{"type":"LineString","coordinates":[[77.669631,12.848796],[77.664003,12.855891],[77.664545,12.856272],[77.664439,12.856379]]}},{"type":"Feature","properties":{},"geometry":{"type":"MultiLineString","coordinates":[[[77.664439,12.856414],[77.664404,12.85645]],[[77.664439,12.856379],[77.664439,12.856414]]]}},{"type":"Feature","properties":{},"geometry":{"type":"LineString","coordinates":[[77.680956,12.844739],[77.68092,12.84474]]}},{"type":"Feature","properties":{},"geometry":{"type":"MultiLineString","coordinates":[[[77.664439,12.856414],[77.664404,12.85645],[77.664404,12.85645]],[[77.664439,12.856379],[77.664439,12.856414]]]}},{"type":"Feature","properties":{},"geometry":{"type":"LineString","coordinates":[[77.651848,12.92421],[77.651883,12.924174],[77.651883,12.924174]]}},{"type":"Feature","properties":{},"geometry":{"type":"LineString","coordinates":[[77.651883,12.924174],[77.651883,12.924139]]}},{"type":"Feature","properties":{},"geometry":{"type":"LineString","coordinates":[[77.604642,12.890093],[77.604785,12.890022]]}},{"type":"Feature","properties":{},"geometry":{"type":"LineString","coordinates":[[77.603993,12.889783],[77.60403,12.889818]]}},{"type":"Feature","properties":{},"geometry":{"type":"MultiLineString","coordinates":[[[77.67303,12.888665],[77.673144,12.889262],[77.673297,12.890175],[77.673409,12.890631],[77.673562,12.891545],[77.673602,12.891861],[77.673494,12.891862]],[[77.672343,12.884836],[77.672386,12.885469],[77.672427,12.885926],[77.672579,12.886734],[77.672693,12.887331],[77.672955,12.888384],[77.67303,12.888665]]]}},{"type":"Feature","properties":{},"geometry":{"type":"LineString","coordinates":[[77.67303,12.888665],[77.671279,12.889281]]}},{"type":"Feature","properties":{},"geometry":{"type":"LineString","coordinates":[[77.58482,12.873962],[77.58507,12.873889],[77.585069,12.873748],[77.584833,12.871745],[77.585334,12.871634],[77.585255,12.870966],[77.585179,12.870545],[77.584929,12.870582],[77.58439,12.870552],[77.583853,12.870593],[77.583459,12.870667],[77.583315,12.870598],[77.582526,12.870676],[77.582204,12.870715],[77.582047,12.869414],[77.581929,12.868395],[77.58196,12.867902],[77.581957,12.86762],[77.58174,12.867482],[77.581417,12.867379],[77.581306,12.867099],[77.581195,12.866713],[77.581947,12.86667]]}},{"type":"Feature","properties":{},"geometry":{"type":"MultiLineString","coordinates":[[[77.559039,12.913629],[77.559003,12.913594],[77.559035,12.913242],[77.55896,12.912961],[77.558885,12.912645]],[[77.558885,12.912645],[77.558849,12.912575],[77.558738,12.912259],[77.558588,12.911627],[77.558408,12.911559],[77.557118,12.911677],[77.556759,12.911681],[77.556365,12.91172],[77.556076,12.911582],[77.555824,12.911479],[77.555215,12.91159],[77.554892,12.911593],[77.554568,12.91142],[77.554388,12.911352],[77.554065,12.91139],[77.553493,12.911537],[77.552634,12.911756],[77.552347,12.911724],[77.552022,12.911551],[77.551913,12.911446],[77.551732,12.911272],[77.551515,12.911028],[77.551332,12.910748],[77.551151,12.910539],[77.550933,12.91033],[77.550644,12.910051],[77.550174,12.909704],[77.549813,12.909461],[77.549632,12.909357]],[[77.549632,12.909357],[77.549452,12.909253],[77.54909,12.90894],[77.548692,12.908663],[77.548476,12.908524],[77.548005,12.908071],[77.547499,12.907689],[77.546848,12.907238],[77.546524,12.9071]],[[77.546524,12.9071],[77.546272,12.906997],[77.545912,12.90686],[77.545553,12.906828],[77.545301,12.90676],[77.54487,12.906694],[77.544438,12.906557],[77.544042,12.906456],[77.543177,12.906007],[77.542924,12.905868],[77.542852,12.905834]]]}},{"type":"Feature","properties":{},"geometry":{"type":"MultiLineString","coordinates":[[[77.601265,12.903429],[77.601377,12.90385],[77.601413,12.903885]],[[77.598753,12.892932],[77.599315,12.895284],[77.599576,12.896232],[77.599947,12.897389],[77.600505,12.899319],[77.600912,12.900582],[77.600928,12.90213],[77.601265,12.903429]]]}},{"type":"Feature","properties":{},"geometry":{"type":"MultiLineString","coordinates":[[[77.601415,12.904061],[77.601451,12.904061]],[[77.601379,12.904026],[77.601415,12.904061]],[[77.601413,12.903885],[77.601378,12.903956],[77.601378,12.903991],[77.601379,12.904026]]]}},{"type":"Feature","properties":{},"geometry":{"type":"MultiLineString","coordinates":[[[77.60145,12.904025],[77.601451,12.904061]],[[77.601413,12.903885],[77.60145,12.904025]]]}},{"type":"Feature","properties":{},"geometry":{"type":"MultiLineString","coordinates":[[[77.659945,12.845094],[77.659369,12.844959],[77.657752,12.848037],[77.659007,12.848024]],[[77.670904,12.847129],[77.667947,12.845611],[77.666582,12.845343],[77.665614,12.845353]],[[77.665614,12.845353],[77.661562,12.845394],[77.659945,12.845094]]]}},{"type":"Feature","properties":{},"geometry":{"type":"LineString","coordinates":[[77.615049,12.862858],[77.61371,12.861675]]}},{"type":"Feature","properties":{},"geometry":{"type":"LineString","coordinates":[[77.562548,12.909442],[77.562548,12.909512]]}},{"type":"Feature","properties":{},"geometry":{"type":"LineString","coordinates":[[77.562548,12.909442],[77.562548,12.909512]]}},{"type":"Feature","properties":{},"geometry":{"type":"MultiLineString","coordinates":[[[77.632279,12.901992],[77.632278,12.901957]],[[77.632278,12.901957],[77.632314,12.901922]]]}},{"type":"Feature","properties":{},"geometry":{"type":"MultiLineString","coordinates":[[[77.632279,12.901992],[77.632278,12.901957]],[[77.632278,12.901957],[77.632314,12.901922]]]}},{"type":"Feature","properties":{},"geometry":{"type":"LineString","coordinates":[[77.646837,12.911663],[77.646837,12.911698]]}},{"type":"Feature","properties":{},"geometry":{"type":"LineString","coordinates":[[77.646837,12.911663],[77.646837,12.911698]]}},{"type":"Feature","properties":{},"geometry":{"type":"LineString","coordinates":[[77.642615,12.909348],[77.642616,12.909383]]}},{"type":"Feature","properties":{},"geometry":{"type":"LineString","coordinates":[[77.642615,12.909348],[77.642616,12.909383]]}},{"type":"Feature","properties":{},"geometry":{"type":"LineString","coordinates":[[77.651977,12.909324],[77.651977,12.909288],[77.652013,12.909288]]}},{"type":"Feature","properties":{},"geometry":{"type":"LineString","coordinates":[[77.651977,12.909324],[77.651977,12.909288],[77.652013,12.909288]]}},{"type":"Feature","properties":{},"geometry":{"type":"LineString","coordinates":[[77.64659,12.912088],[77.646482,12.912089]]}},{"type":"Feature","properties":{},"geometry":{"type":"LineString","coordinates":[[77.64659,12.912088],[77.646482,12.912089]]}},{"type":"Feature","properties":{},"geometry":{"type":"LineString","coordinates":[[77.651792,12.912105],[77.651756,12.912106],[77.651756,12.912106]]}},{"type":"Feature","properties":{},"geometry":{"type":"LineString","coordinates":[[77.651792,12.912105],[77.651756,12.912106],[77.651756,12.912106]]}},{"type":"Feature","properties":{},"geometry":{"type":"LineString","coordinates":[[77.646872,12.911663],[77.646873,12.911698]]}},{"type":"Feature","properties":{},"geometry":{"type":"LineString","coordinates":[[77.646872,12.911663],[77.646873,12.911698]]}},{"type":"Feature","properties":{},"geometry":{"type":"LineString","coordinates":[[77.646873,12.911698],[77.646873,12.911733]]}},{"type":"Feature","properties":{},"geometry":{"type":"LineString","coordinates":[[77.646873,12.911698],[77.646873,12.911733]]}},{"type":"Feature","properties":{},"geometry":{"type":"LineString","coordinates":[[77.651553,12.872415],[77.651553,12.87245]]}},{"type":"Feature","properties":{},"geometry":{"type":"LineString","coordinates":[[77.64886,12.875539],[77.648895,12.875503]]}},{"type":"Feature","properties":{},"geometry":{"type":"LineString","coordinates":[[77.5462,12.906962],[77.546236,12.906962]]}},{"type":"Feature","properties":{},"geometry":{"type":"LineString","coordinates":[[77.651688,12.915872],[77.651687,12.915837]]}},{"type":"Feature","properties":{},"geometry":{"type":"LineString","coordinates":[[77.644618,12.912213],[77.64469,12.912213]]}},{"type":"Feature","properties":{},"geometry":{"type":"LineString","coordinates":[[77.648035,12.89944],[77.648071,12.89944]]}},{"type":"Feature","properties":{},"geometry":{"type":"LineString","coordinates":[[77.638234,12.912313],[77.63827,12.912313]]}},{"type":"Feature","properties":{},"geometry":{"type":"LineString","coordinates":[[77.619981,12.888779],[77.620017,12.888779]]}},{"type":"Feature","properties":{},"geometry":{"type":"LineString","coordinates":[[77.635499,12.904634],[77.635499,12.904669]]}},{"type":"Feature","properties":{},"geometry":{"type":"LineString","coordinates":[[77.64978,12.874368],[77.649284,12.874901],[77.64878,12.874801]]}},{"type":"Feature","properties":{},"geometry":{"type":"LineString","coordinates":[[77.649284,12.874901],[77.649036,12.87522]]}},{"type":"Feature","properties":{},"geometry":{"type":"LineString","coordinates":[[77.632465,12.878625],[77.632677,12.878306],[77.63289,12.878093],[77.633068,12.87802],[77.63357,12.878015],[77.634395,12.877937],[77.635326,12.877822],[77.635756,12.877747],[77.635678,12.877185],[77.635564,12.876553],[77.635524,12.876166],[77.635447,12.875709],[77.635331,12.874866],[77.635174,12.873565],[77.635018,12.872371],[77.634863,12.871281],[77.634785,12.870684],[77.634671,12.870052],[77.63452,12.869385],[77.63448,12.868998],[77.634438,12.86833],[77.634322,12.867521],[77.634169,12.866608],[77.634054,12.865941],[77.633945,12.865836],[77.633873,12.865802],[77.633622,12.865804],[77.633406,12.865701],[77.632936,12.865354],[77.632184,12.865502],[77.632041,12.865503],[77.631577,12.865684],[77.631255,12.865793],[77.630933,12.865902],[77.630503,12.865941],[77.630181,12.866015],[77.629822,12.865948],[77.62939,12.865812],[77.629531,12.865599],[77.630729,12.863511],[77.631223,12.862767],[77.631718,12.862023],[77.632319,12.861243],[77.632425,12.861101],[77.632496,12.860959],[77.632564,12.860607],[77.632597,12.860395],[77.632632,12.860254],[77.632738,12.860148],[77.632809,12.860077],[77.633131,12.859933],[77.633622,12.858942],[77.634184,12.857775],[77.635028,12.856183],[77.635766,12.854733],[77.6365,12.852861],[77.637335,12.850389],[77.637683,12.849365],[77.638643,12.845203],[77.639193,12.842875],[77.63933,12.842311],[77.642096,12.842705],[77.644286,12.842894],[77.647623,12.843142],[77.649166,12.843232]]}},{"type":"Feature","properties":{},"geometry":{"type":"LineString","coordinates":[[77.644331,12.912146],[77.64537,12.9121]]}},{"type":"Feature","properties":{},"geometry":{"type":"LineString","coordinates":[[77.572091,12.891999],[77.572127,12.891999]]}},{"type":"Feature","properties":{},"geometry":{"type":"LineString","coordinates":[[77.604437,12.891046],[77.604473,12.89108]]}},{"type":"Feature","properties":{},"geometry":{"type":"LineString","coordinates":[[77.572019,12.916493],[77.57202,12.916563],[77.571696,12.916531],[77.571446,12.916569],[77.571266,12.91657],[77.571123,12.916572],[77.570943,12.916538],[77.570691,12.916435],[77.570403,12.916368],[77.570331,12.916333],[77.570259,12.916264],[77.570075,12.915843],[77.569965,12.915668],[77.569785,12.9156],[77.569498,12.915532],[77.569138,12.915395],[77.568885,12.915257]]}},{"type":"Feature","properties":{},"geometry":{"type":"LineString","coordinates":[[77.56308,12.873612],[77.563116,12.873612]]}},{"type":"Feature","properties":{},"geometry":{"type":"LineString","coordinates":[[77.644618,12.912213],[77.644582,12.912214]]}},{"type":"Feature","properties":{},"geometry":{"type":"LineString","coordinates":[[77.646482,12.912089],[77.646375,12.912125],[77.645443,12.912205],[77.644618,12.912213]]}},{"type":"Feature","properties":{},"geometry":{"type":"LineString","coordinates":[[77.646661,12.912017],[77.64659,12.912088]]}},{"type":"Feature","properties":{},"geometry":{"type":"LineString","coordinates":[[77.646661,12.911982],[77.646661,12.912017]]}},{"type":"Feature","properties":{},"geometry":{"type":"LineString","coordinates":[[77.644582,12.912214],[77.644439,12.912215],[77.643363,12.912261],[77.642359,12.912271],[77.642144,12.912309]]}},{"type":"Feature","properties":{},"geometry":{"type":"LineString","coordinates":[[77.644582,12.912214],[77.644044,12.912219],[77.642144,12.912309],[77.640853,12.912322],[77.638235,12.912383],[77.635832,12.912443]]}},{"type":"Feature","properties":{},"geometry":{"type":"LineString","coordinates":[[77.651091,12.872877],[77.65102,12.872948]]}},{"type":"Feature","properties":{},"geometry":{"type":"MultiLineString","coordinates":[[[77.580096,12.948436],[77.5801,12.948788]],[[77.579952,12.948367],[77.579952,12.948403],[77.58006,12.948402]]]}},{"type":"Feature","properties":{},"geometry":{"type":"LineString","coordinates":[[77.575668,12.943483],[77.57567,12.943659]]}},{"type":"Feature","properties":{},"geometry":{"type":"LineString","coordinates":[[77.5801,12.952307],[77.580102,12.952483],[77.580104,12.95273],[77.580109,12.953152],[77.580077,12.953504],[77.58008,12.953856],[77.580084,12.954208],[77.580123,12.954559],[77.580127,12.954911],[77.580129,12.955122]]}},{"type":"Feature","properties":{},"geometry":{"type":"MultiLineString","coordinates":[[[77.584029,12.954063],[77.584065,12.954098],[77.584102,12.954168],[77.584102,12.954168]],[[77.583185,12.952242],[77.583295,12.952487],[77.583332,12.952592],[77.583479,12.952907],[77.583516,12.952977],[77.583662,12.953222],[77.583735,12.953397],[77.583809,12.953573],[77.583846,12.953678],[77.583919,12.953783],[77.583919,12.953853],[77.584029,12.954063],[77.584029,12.954063]],[[77.581036,12.949166],[77.581217,12.94927],[77.581397,12.949338],[77.581433,12.949373],[77.581469,12.949373],[77.581505,12.949408],[77.581577,12.949407],[77.581794,12.949546],[77.581866,12.949615],[77.581903,12.94965],[77.581975,12.949685],[77.582012,12.94979],[77.582048,12.949789],[77.582048,12.949825],[77.582231,12.950175],[77.582232,12.950245],[77.582414,12.95056],[77.582488,12.950735],[77.582598,12.950945],[77.582635,12.951051],[77.582781,12.951366],[77.582782,12.951401],[77.582929,12.951716],[77.583001,12.951821],[77.583112,12.952101],[77.583149,12.952207],[77.583185,12.952206]],[[77.5801,12.948788],[77.580315,12.948786],[77.580712,12.949029],[77.580784,12.949028]]]}},{"type":"Feature","properties":{},"geometry":{"type":"MultiLineString","coordinates":[[[77.585465,12.954154],[77.585465,12.954119],[77.585393,12.95412],[77.585393,12.954155]],[[77.585393,12.954155],[77.585357,12.95412],[77.585321,12.954121]]]}},{"type":"Feature","properties":{},"geometry":{"type":"MultiLineString","coordinates":[[[77.585767,12.955629],[77.585768,12.955665],[77.585806,12.95584],[77.585806,12.95591],[77.585919,12.956402],[77.586031,12.956858],[77.586144,12.95735],[77.586292,12.957806],[77.586405,12.958297],[77.586625,12.958788],[77.586844,12.959103]],[[77.585394,12.95419],[77.585432,12.954401],[77.585469,12.954506],[77.58558,12.954857],[77.585581,12.954963],[77.585694,12.955419],[77.585767,12.955629]],[[77.585393,12.954155],[77.585394,12.95419]],[[77.585357,12.954085],[77.585393,12.954155]]]}},{"type":"Feature","properties":{},"geometry":{"type":"LineString","coordinates":[[77.573623,12.953955],[77.573623,12.95399]]}},{"type":"Feature","properties":{},"geometry":{"type":"LineString","coordinates":[[77.573616,12.953286],[77.573437,12.953288]]}},{"type":"Feature","properties":{},"geometry":{"type":"MultiLineString","coordinates":[[[77.573616,12.953322],[77.573617,12.953357],[77.573622,12.95392],[77.573623,12.953955]],[[77.573616,12.953286],[77.573616,12.953322],[77.573616,12.953322]],[[77.573615,12.953216],[77.573616,12.953251],[77.573616,12.953286]],[[77.573674,12.94843],[77.573645,12.949169],[77.573649,12.949556],[77.57365,12.949661],[77.57363,12.95114],[77.573633,12.951421],[77.573609,12.952618],[77.573612,12.952899],[77.573615,12.953216]]]}},{"type":"Feature","properties":{},"geometry":{"type":"LineString","coordinates":[[77.567572,12.955246],[77.567573,12.955282]]}},{"type":"Feature","properties":{},"geometry":{"type":"MultiLineString","coordinates":[[[77.572349,12.955727],[77.57235,12.955762],[77.572352,12.956009],[77.572354,12.956185],[77.572321,12.956466],[77.572253,12.956784],[77.57222,12.957066],[77.572185,12.957172],[77.572185,12.957242]],[[77.572296,12.954074],[77.572298,12.954179],[77.572299,12.95432],[77.572302,12.954601],[77.572304,12.954848],[77.572342,12.955059],[77.572346,12.955446],[77.572349,12.955727]],[[77.57229,12.95344],[77.572291,12.953511],[77.572295,12.953968],[77.572296,12.954074]],[[77.572288,12.9533],[77.57229,12.95344]],[[77.57231,12.951927],[77.572312,12.952103],[77.572315,12.952384],[77.572319,12.952771],[77.572287,12.953124],[77.572288,12.9533]],[[77.572302,12.951118],[77.572303,12.951223],[77.572307,12.95161],[77.57231,12.951927]],[[77.572329,12.950238],[77.572297,12.950625],[77.572302,12.951118]],[[77.572311,12.948513],[77.572314,12.948795],[77.572318,12.949147],[77.572321,12.949499],[77.572325,12.949886],[77.572328,12.950132],[77.572329,12.950238]],[[77.572346,12.948372],[77.572311,12.948513]],[[77.572345,12.948337],[77.572346,12.948372],[77.572346,12.948372]],[[77.572344,12.948267],[77.572345,12.948337],[77.572345,12.948337]]]}},{"type":"Feature","properties":{},"geometry":{"type":"LineString","coordinates":[[77.566907,12.942831],[77.567729,12.942576],[77.567729,12.942576]]}},{"type":"Feature","properties":{},"geometry":{"type":"MultiLineString","coordinates":[[[77.567997,12.940708],[77.567998,12.940779],[77.567999,12.940849]],[[77.567996,12.940603],[77.567997,12.940708]]]}},{"type":"Feature","properties":{},"geometry":{"type":"MultiLineString","coordinates":[[[77.57998,12.937106],[77.580014,12.937],[77.580085,12.936894],[77.580085,12.936894]],[[77.580085,12.936894],[77.580085,12.936859],[77.580084,12.936824],[77.580084,12.936824]],[[77.580084,12.936824],[77.580048,12.936789],[77.580048,12.936789]],[[77.580048,12.936789],[77.580047,12.936718]],[[77.580047,12.936718],[77.579973,12.936508],[77.579972,12.936332],[77.579968,12.936015],[77.579961,12.935347],[77.57996,12.935241],[77.579884,12.93482],[77.579772,12.934328]]]}},{"type":"Feature","properties":{},"geometry":{"type":"MultiLineString","coordinates":[[[77.577039,12.940725],[77.577003,12.940725],[77.577004,12.940795],[77.577005,12.940901]],[[77.577748,12.939873],[77.5775,12.940192],[77.57711,12.940689],[77.577039,12.940725]],[[77.578172,12.939306],[77.577889,12.939661],[77.577748,12.939873]],[[77.578881,12.938419],[77.578208,12.939235],[77.578172,12.939306]],[[77.57998,12.937106],[77.579944,12.937142],[77.579271,12.937958],[77.578881,12.938419],[77.578881,12.938419]]]}},{"type":"Feature","properties":{},"geometry":{"type":"MultiLineString","coordinates":[[[77.579315,12.942215],[77.57996,12.942209],[77.579996,12.942209],[77.579996,12.942209]],[[77.578561,12.942223],[77.578561,12.942188],[77.579279,12.942216],[77.579315,12.942215]],[[77.579996,12.942209],[77.580032,12.942208],[77.580104,12.942208],[77.580104,12.942208]],[[77.577843,12.942195],[77.578561,12.942188],[77.578561,12.942223],[77.578561,12.942223]],[[77.576982,12.942203],[77.577018,12.942168],[77.577807,12.942195],[77.577843,12.942195]],[[77.576875,12.942204],[77.576874,12.942169],[77.576982,12.942168],[77.576982,12.942203],[77.576982,12.942203]],[[77.573897,12.942199],[77.574578,12.942192],[77.575511,12.942183],[77.57648,12.942173],[77.576838,12.942169],[77.576875,12.942204],[77.576875,12.942204]],[[77.572893,12.942244],[77.572892,12.942208],[77.573646,12.942201],[77.573717,12.9422],[77.573717,12.9422]],[[77.571924,12.942218],[77.572498,12.942212],[77.572856,12.942209],[77.572893,12.942244],[77.572893,12.942244]],[[77.573753,12.9422],[77.573789,12.9422],[77.573789,12.9422]],[[77.573789,12.9422],[77.573825,12.942199],[77.573897,12.942199],[77.573897,12.942199]],[[77.573717,12.9422],[77.573753,12.9422]],[[77.569592,12.942241],[77.569591,12.942206],[77.569627,12.942205]],[[77.568902,12.941474],[77.569082,12.941507],[77.569405,12.941539],[77.569513,12.941538],[77.56952,12.942207],[77.569556,12.942206],[77.569556,12.942241],[77.569592,12.942241]],[[77.57117,12.94219],[77.571924,12.942218]],[[77.570417,12.942198],[77.570452,12.942197],[77.570488,12.942197],[77.570775,12.942194],[77.57117,12.94219]],[[77.569627,12.942205],[77.570201,12.9422],[77.570417,12.942198],[77.570417,12.942198]],[[77.568723,12.941475],[77.568759,12.941475],[77.568902,12.941474]],[[77.568579,12.941477],[77.568687,12.941476],[77.568723,12.941475]],[[77.568364,12.941479],[77.568543,12.941477],[77.568579,12.941477]],[[77.568112,12.941411],[77.568113,12.941446],[77.568113,12.941481],[77.568364,12.941479]]]}},{"type":"Feature","properties":{},"geometry":{"type":"LineString","coordinates":[[77.55434,12.941933],[77.554699,12.941895],[77.554914,12.941893],[77.555129,12.941891]]}},{"type":"Feature","properties":{},"geometry":{"type":"LineString","coordinates":[[77.555129,12.941891],[77.555237,12.941889],[77.555523,12.941851],[77.555846,12.941813],[77.555882,12.941813]]}},{"type":"Feature","properties":{},"geometry":{"type":"LineString","coordinates":[[77.555882,12.941813],[77.556205,12.94181],[77.556456,12.941807]]}},{"type":"Feature","properties":{},"geometry":{"type":"LineString","coordinates":[[77.556456,12.941807],[77.556599,12.941806],[77.556742,12.941769],[77.557101,12.941766],[77.557531,12.941726],[77.557961,12.941687],[77.558248,12.941649],[77.558607,12.941645],[77.558894,12.941642],[77.559253,12.941639],[77.559647,12.941635],[77.560078,12.941631],[77.560257,12.941629]]}},{"type":"Feature","properties":{},"geometry":{"type":"MultiLineString","coordinates":[[[77.576788,12.940798],[77.57686,12.940762]],[[77.576788,12.940762],[77.576788,12.940798]],[[77.57686,12.940762],[77.576895,12.940726],[77.576895,12.940691],[77.576895,12.940691]],[[77.576106,12.940734],[77.57668,12.940728],[77.576788,12.940727],[77.576788,12.940762]],[[77.576895,12.940691],[77.576931,12.940691],[77.577179,12.940407],[77.57764,12.939874],[77.577675,12.939803]],[[77.577675,12.939803],[77.57803,12.939378],[77.578844,12.938349],[77.578808,12.938349],[77.578844,12.938349]],[[77.578844,12.938349],[77.579057,12.938101],[77.579553,12.937497],[77.579942,12.936966],[77.580013,12.936895],[77.580013,12.93686]],[[77.580013,12.93686],[77.580013,12.936824]],[[77.580013,12.936824],[77.580012,12.936789],[77.580048,12.936789],[77.580048,12.936789]],[[77.580048,12.936789],[77.580084,12.936788],[77.580084,12.936753]]]}},{"type":"Feature","properties":{},"geometry":{"type":"MultiLineString","coordinates":[[[77.566744,12.940897],[77.566779,12.940896],[77.567675,12.940782],[77.567784,12.940922],[77.56782,12.940886],[77.567997,12.940708]],[[77.567997,12.940708],[77.567997,12.940673]]]}},{"type":"Feature","properties":{},"geometry":{"type":"MultiLineString","coordinates":[[[77.580047,12.936718],[77.580084,12.936753]],[[77.579843,12.934327],[77.579996,12.935206],[77.579967,12.935839],[77.579971,12.936262],[77.579971,12.936297],[77.579973,12.936508],[77.580047,12.936718]]]}},{"type":"Feature","properties":{},"geometry":{"type":"LineString","coordinates":[[77.575776,12.943482],[77.575776,12.943517],[77.575777,12.943588]]}},{"type":"Feature","properties":{},"geometry":{"type":"MultiLineString","coordinates":[[[77.568272,12.939474],[77.568272,12.939509],[77.568276,12.939931],[77.568245,12.940389],[77.568247,12.9406],[77.568212,12.940601]],[[77.568212,12.940601],[77.567996,12.940603]],[[77.568236,12.939474],[77.568272,12.939474]],[[77.566728,12.939419],[77.567195,12.939449],[77.56759,12.939445],[77.567697,12.939444],[77.5682,12.939475],[77.568236,12.939474]],[[77.565975,12.939391],[77.566549,12.939421],[77.566728,12.939419]],[[77.565971,12.939004],[77.565973,12.93918],[77.565975,12.939391]],[[77.565966,12.938582],[77.565968,12.938758],[77.565971,12.939004]],[[77.565998,12.938159],[77.566001,12.938405],[77.565966,12.938582]],[[77.56603,12.937772],[77.565997,12.938018],[77.565998,12.938159]],[[77.56603,12.937737],[77.56603,12.937772]],[[77.566026,12.937349],[77.566027,12.937525],[77.56603,12.937737]],[[77.566025,12.937314],[77.566026,12.937349]],[[77.566057,12.936892],[77.566057,12.936927],[77.566022,12.936962],[77.566025,12.937244],[77.566025,12.937314]],[[77.566084,12.936082],[77.566051,12.936293],[77.566055,12.936751],[77.566056,12.936821],[77.566057,12.936892]],[[77.566112,12.935272],[77.566082,12.9358],[77.566084,12.936082]]]}},{"type":"Feature","properties":{},"geometry":{"type":"MultiLineString","coordinates":[[[77.576998,12.943681],[77.577321,12.943713],[77.577787,12.943708]],[[77.576854,12.943683],[77.576854,12.943647],[77.576998,12.943681],[77.576998,12.943681]],[[77.576818,12.943648],[77.576854,12.943647],[77.576854,12.943683],[77.576854,12.943683]],[[77.576029,12.943656],[77.576244,12.943653],[77.576603,12.94365]],[[77.575562,12.94366],[77.576029,12.943656]],[[77.575455,12.943661],[77.57549,12.943661],[77.575562,12.94366]],[[77.576603,12.94365],[77.576818,12.943648]],[[77.575489,12.943485],[77.575489,12.94352],[77.57549,12.943661],[77.575455,12.943661]]]}},{"type":"Feature","properties":{},"geometry":{"type":"MultiLineString","coordinates":[[[77.568723,12.941475],[77.568687,12.941476],[77.568688,12.941546],[77.568688,12.941581]],[[77.568684,12.941159],[77.568687,12.941441],[77.568687,12.941476],[77.568723,12.941475]],[[77.568679,12.940666],[77.568681,12.940913],[77.568683,12.941124],[77.568684,12.941159]],[[77.568678,12.940631],[77.568679,12.940666]]]}},{"type":"Feature","properties":{},"geometry":{"type":"MultiLineString","coordinates":[[[77.56807,12.940743],[77.568068,12.940637],[77.568212,12.940636],[77.568212,12.940636]],[[77.569181,12.940661],[77.56936,12.94066],[77.569576,12.940658],[77.569647,12.940657]],[[77.568679,12.940666],[77.568786,12.940665],[77.569037,12.940663],[77.569181,12.940661]],[[77.568571,12.940668],[77.568679,12.940666],[77.568679,12.940666]],[[77.568499,12.940668],[77.568499,12.940633],[77.568535,12.940668],[77.568571,12.940668]],[[77.568212,12.940636],[77.568499,12.940633],[77.568499,12.940668]]]}},{"type":"Feature","properties":{},"geometry":{"type":"MultiLineString","coordinates":[[[77.568572,12.940738],[77.568571,12.940668]],[[77.568571,12.940668],[77.568571,12.940632],[77.568678,12.940631],[77.568678,12.940631]],[[77.569181,12.940626],[77.569216,12.940626],[77.569216,12.940626]],[[77.568678,12.940631],[77.568858,12.940629],[77.569181,12.940626]],[[77.569216,12.940626],[77.569216,12.940591]],[[77.569216,12.940591],[77.569216,12.940556],[77.569215,12.94052],[77.569212,12.940169],[77.569245,12.939922],[77.569244,12.939781],[77.569243,12.939746],[77.569241,12.9395],[77.569273,12.939147],[77.56927,12.938831],[77.569302,12.938478],[77.569298,12.938127],[77.569296,12.93788],[77.569329,12.937598],[77.569326,12.937317],[77.569289,12.937212],[77.569287,12.937036],[77.569323,12.937035]],[[77.570256,12.937026],[77.570435,12.937024],[77.570794,12.937021],[77.570973,12.937019],[77.571009,12.937019],[77.571045,12.937018]],[[77.569323,12.937035],[77.569646,12.936997],[77.569897,12.93703],[77.570077,12.937028],[77.570256,12.937026]]]}},{"type":"Feature","properties":{},"geometry":{"type":"MultiLineString","coordinates":[[[77.561992,12.960439],[77.561991,12.960334]],[[77.560772,12.960381],[77.561382,12.96041],[77.561956,12.96044],[77.561992,12.960439]],[[77.560736,12.960381],[77.560772,12.960381]],[[77.560485,12.960384],[77.560736,12.960381],[77.560736,12.960381]],[[77.561991,12.960334],[77.561991,12.960298]],[[77.561991,12.960298],[77.562025,12.960157],[77.562024,12.960087],[77.56206,12.960087]]]}},{"type":"Feature","properties":{},"geometry":{"type":"LineString","coordinates":[[77.56752,12.957112],[77.567518,12.956936],[77.567515,12.956619],[77.567511,12.956303],[77.567544,12.955986],[77.567541,12.955704],[77.567537,12.955317],[77.567573,12.955282]]}},{"type":"Feature","properties":{},"geometry":{"type":"MultiLineString","coordinates":[[[77.5593,12.96036],[77.559296,12.959903],[77.559292,12.959516],[77.559291,12.959445]],[[77.559291,12.959445],[77.559323,12.959058]]]}},{"type":"Feature","properties":{},"geometry":{"type":"LineString","coordinates":[[77.5593,12.96036],[77.559803,12.960355],[77.560377,12.960385]]}},{"type":"Feature","properties":{},"geometry":{"type":"MultiLineString","coordinates":[[[77.569602,12.957267],[77.569961,12.957299],[77.570428,12.95733],[77.570643,12.957327],[77.570895,12.957325],[77.571254,12.957357],[77.571613,12.957353],[77.571828,12.957351],[77.571972,12.957385],[77.571972,12.957385]],[[77.567412,12.957113],[77.567413,12.957219],[77.567628,12.957216],[77.567987,12.957248],[77.568562,12.957242],[77.5691,12.957272],[77.569566,12.957268],[77.569602,12.957267]]]}},{"type":"Feature","properties":{},"geometry":{"type":"LineString","coordinates":[[77.560377,12.960385],[77.560413,12.960384],[77.560485,12.960384]]}},{"type":"Feature","properties":{},"geometry":{"type":"MultiLineString","coordinates":[[[77.54169,12.943394],[77.541869,12.943393],[77.542192,12.94339],[77.542371,12.943388]],[[77.541654,12.943395],[77.54169,12.943394]],[[77.542371,12.943388],[77.542658,12.94335],[77.542801,12.943348],[77.54334,12.943343],[77.543411,12.943342]],[[77.543411,12.943342],[77.543806,12.943303],[77.544451,12.943297],[77.544703,12.943295],[77.544738,12.943294]]]}},{"type":"Feature","properties":{},"geometry":{"type":"MultiLineString","coordinates":[[[77.547172,12.942637],[77.547458,12.942564],[77.547709,12.942526],[77.547744,12.942526],[77.548425,12.942378],[77.548461,12.942378]],[[77.548461,12.942378],[77.548496,12.942378]]]}},{"type":"Feature","properties":{},"geometry":{"type":"LineString","coordinates":[[77.548496,12.942378],[77.54864,12.942341],[77.548819,12.942304],[77.54907,12.942302],[77.549141,12.942301],[77.549177,12.942266]]}},{"type":"Feature","properties":{},"geometry":{"type":"LineString","coordinates":[[77.549177,12.942266],[77.549285,12.942264],[77.5495,12.942262],[77.549822,12.942224],[77.550181,12.942185]]}},{"type":"Feature","properties":{},"geometry":{"type":"MultiLineString","coordinates":[[[77.551148,12.94207],[77.55122,12.94207],[77.551292,12.942069],[77.551507,12.942067],[77.551722,12.942065],[77.551902,12.942063],[77.552117,12.942026],[77.552654,12.94195],[77.552833,12.941948],[77.553013,12.941946],[77.553228,12.941944]],[[77.553659,12.94194],[77.553694,12.94194]],[[77.553228,12.941944],[77.553659,12.94194],[77.553659,12.94194]]]}},{"type":"Feature","properties":{},"geometry":{"type":"MultiLineString","coordinates":[[[77.569157,12.941823],[77.569193,12.941823],[77.569193,12.941858]],[[77.569121,12.941823],[77.569157,12.941823],[77.569157,12.941823]]]}},{"type":"Feature","properties":{},"geometry":{"type":"LineString","coordinates":[[77.569047,12.941613],[77.569046,12.941543]]}},{"type":"Feature","properties":{},"geometry":{"type":"MultiLineString","coordinates":[[[77.552353,12.951173],[77.552459,12.951031],[77.552602,12.950889],[77.552743,12.950712],[77.552956,12.950428],[77.553097,12.950251],[77.553203,12.950074],[77.553381,12.949896],[77.553523,12.949754],[77.553593,12.949612],[77.553699,12.949471],[77.55377,12.9494],[77.55377,12.9494]],[[77.55377,12.9494],[77.55377,12.949364],[77.553806,12.949329],[77.553947,12.949152],[77.553983,12.949116],[77.553983,12.949116]],[[77.553983,12.949116],[77.554089,12.948939],[77.554266,12.948726],[77.554266,12.948726]],[[77.554266,12.948726],[77.554408,12.948549],[77.554478,12.948442],[77.554514,12.948442]]]}},{"type":"Feature","properties":{},"geometry":{"type":"MultiLineString","coordinates":[[[77.562028,12.960439],[77.561992,12.960439]],[[77.562136,12.960438],[77.562064,12.960438],[77.562028,12.960439]],[[77.562243,12.960437],[77.562136,12.960438]]]}},{"type":"Feature","properties":{},"geometry":{"type":"MultiLineString","coordinates":[[[77.568867,12.94158],[77.568867,12.941544],[77.568903,12.941544],[77.568903,12.941544]],[[77.568903,12.941544],[77.568902,12.941474]]]}},{"type":"Feature","properties":{},"geometry":{"type":"MultiLineString","coordinates":[[[77.576029,12.943691],[77.57603,12.943796]],[[77.576029,12.943656],[77.576029,12.943691],[77.576029,12.943691]],[[77.575845,12.94327],[77.575881,12.94327],[77.576025,12.943268],[77.576029,12.943656],[77.576029,12.943656]]]}},{"type":"Feature","properties":{},"geometry":{"type":"MultiLineString","coordinates":[[[77.573718,12.942236],[77.573107,12.942206],[77.572893,12.942244],[77.572893,12.942244]],[[77.572893,12.942244],[77.572857,12.942244],[77.572426,12.942213],[77.572031,12.942217],[77.571959,12.942218]],[[77.573754,12.942235],[77.573718,12.942236],[77.573718,12.942236]],[[77.573789,12.942235],[77.573754,12.942235],[77.573754,12.942235]],[[77.573789,12.9422],[77.573789,12.942235]],[[77.570381,12.942198],[77.570237,12.942235],[77.569592,12.942241],[77.569592,12.942241]],[[77.569592,12.942241],[77.569556,12.942241],[77.569377,12.942243],[77.569373,12.941891],[77.569194,12.941893],[77.569194,12.941893]],[[77.573775,12.940792],[77.573781,12.94139],[77.573783,12.941637],[77.573787,12.941953],[77.573789,12.9422]],[[77.57117,12.94219],[77.571134,12.942191],[77.570883,12.942193],[77.570488,12.942197],[77.570452,12.942197],[77.570453,12.942233],[77.570417,12.942233]],[[77.570417,12.942233],[77.570417,12.942198],[77.570381,12.942198]],[[77.571959,12.942218],[77.571529,12.942222],[77.571421,12.942223],[77.57117,12.94219]],[[77.569194,12.941893],[77.569158,12.941893]],[[77.569158,12.941893],[77.568799,12.941897]],[[77.573774,12.940757],[77.573775,12.940792]]]}},{"type":"Feature","properties":{},"geometry":{"type":"MultiLineString","coordinates":[[[77.571838,12.937327],[77.571839,12.937503]],[[77.571836,12.937187],[77.571838,12.937327]],[[77.571835,12.937046],[77.571836,12.937187]]]}},{"type":"Feature","properties":{},"geometry":{"type":"MultiLineString","coordinates":[[[77.562914,12.941779],[77.562949,12.941779],[77.563559,12.941773],[77.564098,12.941802],[77.564349,12.9418]],[[77.561801,12.941755],[77.561873,12.941754],[77.562232,12.94175],[77.562914,12.941779]],[[77.561765,12.941755],[77.561801,12.941755],[77.561801,12.941755]],[[77.561406,12.941688],[77.56137,12.941724],[77.561765,12.941755],[77.561765,12.941755]],[[77.561405,12.941618],[77.56137,12.941689],[77.561406,12.941688]],[[77.561368,12.941548],[77.561404,12.941547],[77.561405,12.941618]],[[77.561043,12.94134],[77.56108,12.941375],[77.561296,12.941478],[77.561368,12.941548],[77.561368,12.941548]],[[77.560934,12.9412],[77.560863,12.941236],[77.561043,12.94134]]]}},{"type":"Feature","properties":{},"geometry":{"type":"MultiLineString","coordinates":[[[77.554514,12.948442],[77.554549,12.948371],[77.554549,12.948371]],[[77.554549,12.948371],[77.554584,12.948301],[77.554655,12.948194],[77.554762,12.948088],[77.554868,12.947946],[77.554939,12.94784],[77.55508,12.947662],[77.555222,12.947485],[77.555328,12.947343],[77.555435,12.947237],[77.555541,12.947095],[77.555682,12.946882],[77.555789,12.946776],[77.555895,12.946599],[77.556036,12.946421],[77.556179,12.946314],[77.556356,12.946066],[77.556497,12.945854],[77.556674,12.945641],[77.556851,12.945428],[77.556958,12.945286]],[[77.556958,12.945286],[77.556993,12.945251]],[[77.556993,12.945251],[77.557241,12.944931]],[[77.557241,12.944931],[77.557276,12.944861]],[[77.557276,12.944861],[77.557347,12.94479],[77.557489,12.944612],[77.557524,12.944542]],[[77.557524,12.944542],[77.55756,12.944506],[77.55763,12.944365],[77.557807,12.944152],[77.557914,12.944045],[77.55802,12.943868],[77.558091,12.943797],[77.558268,12.943619],[77.558338,12.943478],[77.558445,12.943336],[77.558551,12.943194],[77.558622,12.943088],[77.558728,12.942981],[77.558799,12.942875],[77.558941,12.942733],[77.558976,12.942662],[77.559154,12.942484],[77.559367,12.942306],[77.559616,12.942128],[77.559723,12.942021],[77.559865,12.941914],[77.560043,12.941772],[77.56015,12.941665]],[[77.56015,12.941665],[77.560186,12.941665]],[[77.560186,12.941665],[77.560257,12.941629]],[[77.560257,12.941629],[77.560293,12.941594]],[[77.560293,12.941594],[77.560435,12.941487],[77.560684,12.941273],[77.560791,12.941166]],[[77.560791,12.941166],[77.560826,12.941131],[77.56104,12.940988]],[[77.56104,12.940988],[77.561076,12.940988],[77.561289,12.94081],[77.561538,12.940631],[77.561503,12.940631]],[[77.561503,12.940631],[77.561502,12.940526],[77.561465,12.940491],[77.561499,12.94028],[77.561499,12.94028]],[[77.561499,12.94028],[77.561534,12.940174],[77.561531,12.939927],[77.561529,12.939681],[77.561527,12.93947],[77.56156,12.939223],[77.56156,12.939188],[77.56156,12.939188]],[[77.56156,12.939188],[77.561556,12.938836],[77.561555,12.938766],[77.561555,12.938766]],[[77.561555,12.938766],[77.561553,12.93852],[77.561551,12.938379],[77.561551,12.938379]],[[77.561551,12.938379],[77.561547,12.937992],[77.561547,12.937957],[77.561619,12.937956],[77.561762,12.937954],[77.56187,12.937918],[77.561905,12.937918],[77.562084,12.937846],[77.562191,12.937809],[77.562227,12.937809]],[[77.562227,12.937809],[77.562334,12.937773]],[[77.562334,12.937773],[77.562406,12.937737],[77.562799,12.937592],[77.562799,12.937592]],[[77.563267,12.937693],[77.56341,12.937692],[77.563804,12.937653],[77.564092,12.937685],[77.564199,12.937684],[77.564666,12.937715],[77.564845,12.937713],[77.565096,12.93771],[77.565456,12.937742]],[[77.562799,12.937592],[77.562836,12.937733],[77.562872,12.937697]],[[77.562872,12.937697],[77.56298,12.937696],[77.563267,12.937693],[77.563267,12.937693]]]}},{"type":"Feature","properties":{},"geometry":{"type":"MultiLineString","coordinates":[[[77.560257,12.941594],[77.559216,12.941604],[77.558714,12.941644],[77.558248,12.941649],[77.557782,12.941689],[77.557137,12.94173],[77.556563,12.941771],[77.556025,12.941811],[77.555487,12.941852],[77.554986,12.941892],[77.554519,12.941897],[77.554376,12.941933],[77.554304,12.941934],[77.554197,12.941935],[77.554053,12.941936],[77.55391,12.941938],[77.55373,12.941939],[77.553691,12.941623],[77.553615,12.941202],[77.553576,12.94085],[77.553576,12.94085]],[[77.56047,12.941416],[77.560257,12.941594]],[[77.560791,12.941166],[77.560542,12.94138],[77.56047,12.941416]],[[77.560898,12.94113],[77.560862,12.94113],[77.560791,12.941202],[77.560791,12.941166]],[[77.560934,12.941165],[77.560898,12.94113]],[[77.554078,12.94081],[77.554115,12.94095]],[[77.553576,12.94085],[77.553862,12.940812],[77.553862,12.940812]],[[77.553862,12.940812],[77.553934,12.940811],[77.554078,12.94081],[77.554078,12.94081]]]}},{"type":"Feature","properties":{},"geometry":{"type":"MultiLineString","coordinates":[[[77.560898,12.94113],[77.560897,12.941095],[77.56104,12.941023],[77.56104,12.940988]],[[77.56104,12.940988],[77.561147,12.940917],[77.561396,12.940773],[77.561682,12.940595],[77.562037,12.940274],[77.56218,12.940167]]]}},{"type":"Feature","properties":{},"geometry":{"type":"MultiLineString","coordinates":[[[77.567729,12.942576],[77.567765,12.942576]],[[77.567765,12.942576],[77.567765,12.942541],[77.568121,12.942256],[77.568336,12.942218],[77.568369,12.941936],[77.568367,12.941796]],[[77.568367,12.941796],[77.568401,12.941619],[77.5684,12.941514],[77.56858,12.941547]],[[77.56858,12.941547],[77.568616,12.941547],[77.568616,12.941582]]]}},{"type":"Feature","properties":{},"geometry":{"type":"MultiLineString","coordinates":[[[77.575024,12.943701],[77.575025,12.943806]],[[77.574988,12.943666],[77.575024,12.943665],[77.575024,12.943701]],[[77.575093,12.943348],[77.575057,12.943348],[77.575021,12.943349],[77.575024,12.943665],[77.574988,12.943666]]]}},{"type":"Feature","properties":{},"geometry":{"type":"LineString","coordinates":[[77.568975,12.941578],[77.568975,12.941543]]}},{"type":"Feature","properties":{},"geometry":{"type":"MultiLineString","coordinates":[[[77.568499,12.940668],[77.5685,12.940774],[77.568501,12.940844]],[[77.568344,12.939473],[77.568344,12.939508],[77.568312,12.939861],[77.568279,12.940178],[77.568283,12.94053],[77.568283,12.9406],[77.568355,12.940599],[77.568499,12.940598],[77.568499,12.940668]],[[77.568399,12.937854],[77.5684,12.937995],[77.568402,12.938206],[77.56837,12.938558],[77.568373,12.938875],[77.568341,12.939227],[77.568344,12.939473]],[[77.568363,12.937854],[77.568399,12.937854]],[[77.567968,12.937823],[77.568004,12.937823],[77.568363,12.937854]],[[77.567501,12.937792],[77.567573,12.937792],[77.567645,12.937791],[77.567968,12.937823]],[[77.566783,12.937764],[77.566891,12.937763],[77.567286,12.937795],[77.567501,12.937792]],[[77.56603,12.937737],[77.566281,12.937734],[77.566676,12.937765],[77.566783,12.937764],[77.566783,12.937764]],[[77.565456,12.937742],[77.565994,12.937737],[77.56603,12.937737]]]}},{"type":"Feature","properties":{},"geometry":{"type":"MultiLineString","coordinates":[[[77.56858,12.941582],[77.56858,12.941547],[77.56858,12.941547]],[[77.56858,12.941547],[77.56858,12.941512],[77.568579,12.941477]]]}},{"type":"Feature","properties":{},"geometry":{"type":"MultiLineString","coordinates":[[[77.569046,12.941543],[77.569226,12.941576],[77.569298,12.941575],[77.569299,12.941716],[77.569371,12.941715]],[[77.568796,12.94158],[77.568795,12.941545],[77.568903,12.941544]],[[77.568975,12.941543],[77.569011,12.941543],[77.569046,12.941543]],[[77.568903,12.941544],[77.568975,12.941543]]]}},{"type":"Feature","properties":{},"geometry":{"type":"LineString","coordinates":[[77.575381,12.943486],[77.575381,12.943521],[77.575382,12.943592]]}},{"type":"Feature","properties":{},"geometry":{"type":"LineString","coordinates":[[77.575237,12.943487],[77.575238,12.943523],[77.575239,12.943593]]}},{"type":"Feature","properties":{},"geometry":{"type":"LineString","coordinates":[[77.57556,12.943484],[77.575562,12.94366],[77.575562,12.94366]]}},{"type":"Feature","properties":{},"geometry":{"type":"LineString","coordinates":[[77.56807,12.940743],[77.56807,12.940778],[77.568071,12.940848]]}},{"type":"Feature","properties":{},"geometry":{"type":"MultiLineString","coordinates":[[[77.571081,12.937018],[77.571045,12.937018],[77.571045,12.937018]],[[77.571045,12.936983],[77.571081,12.937018]],[[77.571041,12.936596],[77.571077,12.936596],[77.571043,12.936807],[77.571045,12.936983]],[[77.57104,12.936561],[77.571041,12.936596]],[[77.570706,12.935473],[77.570707,12.935544],[77.570745,12.93579],[77.570819,12.935965],[77.570857,12.936141],[77.570894,12.936281],[77.570968,12.936456],[77.57104,12.936561],[77.57104,12.936561]],[[77.57063,12.934981],[77.57063,12.935052],[77.570632,12.935193],[77.570669,12.935368],[77.570706,12.935473]],[[77.566866,12.935335],[77.566902,12.935335],[77.567045,12.935334],[77.567475,12.935259]],[[77.566112,12.935272],[77.566363,12.93527],[77.56665,12.935302],[77.566866,12.935335],[77.566866,12.935335]],[[77.564965,12.935354],[77.565108,12.935317]],[[77.565108,12.935317],[77.565179,12.935282],[77.565287,12.93528],[77.565358,12.935245],[77.565466,12.935243],[77.565681,12.935241],[77.565896,12.935239],[77.566076,12.935273],[77.566076,12.935237],[77.566076,12.935237]],[[77.567475,12.935259],[77.567619,12.935257],[77.567619,12.935257]],[[77.566076,12.935237],[77.566076,12.935273],[77.566112,12.935272]],[[77.567619,12.935257],[77.567762,12.935221],[77.567905,12.935184],[77.568156,12.935147],[77.568371,12.935145],[77.568478,12.935108],[77.568478,12.935108]],[[77.568478,12.935108],[77.568657,12.935071],[77.568872,12.935034],[77.568872,12.935034]],[[77.568872,12.935034],[77.569123,12.935032],[77.569231,12.934995]],[[77.570413,12.934843],[77.570449,12.934843],[77.570521,12.934842],[77.570557,12.934877],[77.570629,12.934911],[77.57063,12.934981]],[[77.569231,12.934995],[77.569517,12.934957],[77.569517,12.934957]],[[77.569553,12.934957],[77.569732,12.93492],[77.569911,12.934883],[77.570234,12.934845],[77.570377,12.934843],[77.570377,12.934843]],[[77.570377,12.934843],[77.570413,12.934843]]]}},{"type":"Feature","properties":{},"geometry":{"type":"LineString","coordinates":[[77.568213,12.940741],[77.568213,12.940777],[77.568214,12.940847]]}},{"type":"Feature","properties":{},"geometry":{"type":"MultiLineString","coordinates":[[[77.568723,12.944994],[77.569082,12.944991],[77.569405,12.945023],[77.570302,12.945014],[77.570298,12.944592],[77.570328,12.944099],[77.570324,12.943712]],[[77.567826,12.945003],[77.567862,12.944968],[77.567862,12.945003]],[[77.568364,12.944963],[77.568364,12.944998],[77.568723,12.944994],[77.568723,12.944994]],[[77.567862,12.945003],[77.567898,12.945003],[77.567898,12.945003]],[[77.567898,12.945003],[77.567898,12.944967],[77.568364,12.944998],[77.568364,12.944963],[77.568364,12.944963]],[[77.570324,12.943712],[77.570324,12.943677]],[[77.570324,12.943677],[77.570323,12.943571],[77.570387,12.942831],[77.570385,12.942585],[77.570381,12.942233],[77.570381,12.942198]]]}},{"type":"Feature","properties":{},"geometry":{"type":"LineString","coordinates":[[77.568612,12.94116],[77.568648,12.941159],[77.568684,12.941159]]}},{"type":"Feature","properties":{},"geometry":{"type":"LineString","coordinates":[[77.568572,12.940738],[77.568572,12.940773],[77.568537,12.940844]]}},{"type":"Feature","properties":{},"geometry":{"type":"LineString","coordinates":[[77.568364,12.941479],[77.568364,12.941444],[77.568363,12.941409]]}},{"type":"Feature","properties":{},"geometry":{"type":"MultiLineString","coordinates":[[[77.580084,12.936824],[77.58012,12.936823],[77.58012,12.936823]],[[77.580083,12.936718],[77.58012,12.936788],[77.580084,12.936824]],[[77.579951,12.934326],[77.579956,12.934819],[77.579996,12.935241],[77.580003,12.935945],[77.580004,12.936015],[77.580009,12.936508],[77.580083,12.936683],[77.580083,12.936718]]]}},{"type":"Feature","properties":{},"geometry":{"type":"MultiLineString","coordinates":[[[77.564036,12.939305],[77.564108,12.939304],[77.564396,12.939336],[77.564647,12.939334],[77.564934,12.939331],[77.565293,12.939363],[77.56558,12.93936]],[[77.562996,12.93928],[77.563247,12.939277],[77.563677,12.939273],[77.563965,12.939305],[77.564036,12.939305],[77.564036,12.939305]]]}},{"type":"Feature","properties":{},"geometry":{"type":"MultiLineString","coordinates":[[[77.571835,12.937046],[77.57187,12.93701]],[[77.57187,12.93701],[77.571906,12.93701],[77.572982,12.936999],[77.573736,12.936992]],[[77.574023,12.936989],[77.574704,12.936982],[77.575314,12.936941]],[[77.573879,12.936991],[77.574023,12.936989]],[[77.573843,12.936991],[77.573879,12.936991]],[[77.573736,12.936992],[77.573843,12.936991]],[[77.575314,12.936941],[77.57535,12.936941]],[[77.57535,12.936941],[77.575565,12.936939],[77.575924,12.936935]],[[77.575924,12.936935],[77.576785,12.936927],[77.576928,12.936925],[77.576928,12.93689]],[[77.576964,12.93689],[77.577,12.936924],[77.577394,12.936921],[77.577861,12.936916],[77.578363,12.936911]],[[77.576928,12.93689],[77.576928,12.936925],[77.576964,12.936925],[77.576964,12.93689],[77.576964,12.93689]],[[77.578363,12.936911],[77.578829,12.936871],[77.579941,12.93686],[77.579941,12.93686]]]}},{"type":"Feature","properties":{},"geometry":{"type":"LineString","coordinates":[[77.569087,12.942035],[77.569123,12.942035],[77.569159,12.942034],[77.569195,12.942034]]}},{"type":"Feature","properties":{},"geometry":{"type":"LineString","coordinates":[[77.56558,12.93936],[77.565975,12.939391]]}},{"type":"Feature","properties":{},"geometry":{"type":"LineString","coordinates":[[77.56855,12.942146],[77.56855,12.942111],[77.56855,12.942075]]}},{"type":"Feature","properties":{},"geometry":{"type":"MultiLineString","coordinates":[[[77.566681,12.945331],[77.566932,12.945329],[77.566969,12.945364],[77.566968,12.945328],[77.56704,12.945293]],[[77.566358,12.945334],[77.566681,12.945331]],[[77.565928,12.945339],[77.566251,12.945336],[77.566358,12.945334],[77.566358,12.945334]],[[77.565605,12.945342],[77.565677,12.945341],[77.565928,12.945339]],[[77.565102,12.945312],[77.565605,12.945342]],[[77.564708,12.945316],[77.565102,12.945312],[77.565102,12.945312]],[[77.564313,12.945284],[77.564313,12.945319],[77.564457,12.945318],[77.564708,12.945316]],[[77.56704,12.945293],[77.567147,12.945221],[77.567433,12.945148]],[[77.563345,12.945329],[77.56338,12.945329],[77.563667,12.945326],[77.56417,12.945321],[77.564313,12.945319],[77.564313,12.945284]],[[77.562985,12.945297],[77.563165,12.945331],[77.563345,12.945329]],[[77.562551,12.94495],[77.562624,12.945019],[77.562734,12.945229],[77.56277,12.945264],[77.56295,12.945298],[77.562985,12.945297]],[[77.567433,12.945148],[77.567612,12.945076],[77.567826,12.945003],[77.567826,12.945039],[77.567826,12.945039]],[[77.567826,12.945039],[77.567826,12.945003],[77.567826,12.945003]]]}},{"type":"Feature","properties":{},"geometry":{"type":"MultiLineString","coordinates":[[[77.556158,12.923194],[77.556196,12.923334],[77.556344,12.923755],[77.556455,12.924141],[77.556566,12.924457],[77.556678,12.924878],[77.556714,12.924913],[77.556714,12.924913]],[[77.556714,12.924913],[77.556929,12.92484],[77.55725,12.924696],[77.557536,12.924588],[77.557498,12.924342],[77.557422,12.923991],[77.557637,12.923954],[77.557709,12.923953],[77.557745,12.923953],[77.557781,12.923987]],[[77.554406,12.923739],[77.554513,12.923703]],[[77.554513,12.923703],[77.554621,12.923666],[77.554621,12.923666]],[[77.554621,12.923666],[77.554763,12.923595],[77.554978,12.923522],[77.555264,12.923449],[77.555586,12.92334],[77.556015,12.923195],[77.556122,12.923159],[77.556158,12.923194]]]}},{"type":"Feature","properties":{},"geometry":{"type":"MultiLineString","coordinates":[[[77.544741,12.929394],[77.545523,12.928647]],[[77.545523,12.928647],[77.545879,12.928362],[77.546234,12.928077]],[[77.546234,12.928077],[77.546768,12.927649],[77.547907,12.926723],[77.547978,12.926687]],[[77.547978,12.926687],[77.54837,12.926367]],[[77.54837,12.926367],[77.548583,12.926189],[77.548868,12.92601],[77.549689,12.925545]],[[77.549689,12.925545],[77.549974,12.925366]],[[77.549974,12.925366],[77.550045,12.92533],[77.550866,12.924865],[77.551115,12.924721]],[[77.551115,12.924721],[77.551437,12.924577],[77.551687,12.924469]],[[77.551687,12.924469],[77.552009,12.924361],[77.552044,12.924325]],[[77.552044,12.924325],[77.553081,12.923998],[77.553153,12.923998]],[[77.553153,12.923962],[77.553224,12.923962]],[[77.55326,12.923961],[77.553296,12.923926]],[[77.553296,12.923926],[77.553975,12.923708],[77.554118,12.923671],[77.554369,12.923599]]]}},{"type":"Feature","properties":{},"geometry":{"type":"MultiLineString","coordinates":[[[77.571518,12.916603],[77.571482,12.916603],[77.571302,12.91657],[77.571194,12.916571]],[[77.571661,12.916567],[77.571625,12.916602],[77.571554,12.916603]],[[77.571122,12.916537],[77.571086,12.916537],[77.570727,12.916435],[77.570583,12.916401],[77.570475,12.916367],[77.570366,12.916227],[77.570257,12.916123],[77.570184,12.915948],[77.570146,12.915807],[77.57011,12.915737]],[[77.570037,12.915668],[77.570001,12.915668]],[[77.569713,12.915565],[77.569677,12.91553]],[[77.569677,12.91553],[77.569605,12.915531],[77.569533,12.915497]],[[77.569426,12.915498],[77.569354,12.915463],[77.569318,12.915464],[77.569282,12.915464]],[[77.569246,12.915429],[77.56921,12.915429],[77.569138,12.915395]],[[77.568993,12.915326],[77.568957,12.915291],[77.568812,12.915152]],[[77.568233,12.914594],[77.568124,12.91449],[77.567979,12.914351]],[[77.566433,12.913979],[77.566326,12.91405]],[[77.567473,12.913968],[77.567364,12.913864],[77.567328,12.913864]],[[77.566683,12.913906],[77.566612,12.913942]],[[77.567328,12.913864],[77.567113,12.913866]]]}},{"type":"Feature","properties":{},"geometry":{"type":"MultiLineString","coordinates":[[[77.575399,12.962665],[77.575294,12.962947],[77.575224,12.963159],[77.575194,12.963687],[77.575125,12.963969],[77.575128,12.964286],[77.574987,12.964499],[77.574917,12.96464],[77.573768,12.964546]],[[77.5755,12.962065],[77.575433,12.962524],[77.575399,12.962665]],[[77.575244,12.961575],[77.57528,12.96161],[77.575427,12.96189],[77.575499,12.961995],[77.5755,12.962065]],[[77.575061,12.96119],[77.575097,12.96126],[77.575207,12.961505],[77.575244,12.961575]],[[77.574472,12.959788],[77.57462,12.960174],[77.57473,12.960489],[77.574841,12.960735],[77.574878,12.960875],[77.575024,12.96112],[77.575061,12.96119]],[[77.573955,12.958351],[77.573992,12.958421],[77.574176,12.958911],[77.574251,12.959192],[77.574471,12.959718],[77.574472,12.959788],[77.574472,12.959788]],[[77.573659,12.957474],[77.573733,12.957684],[77.573844,12.958035],[77.573955,12.958351]],[[77.573622,12.957404],[77.573659,12.957474]],[[77.573621,12.957298],[77.573622,12.957404]]]}},{"type":"Feature","properties":{},"geometry":{"type":"MultiLineString","coordinates":[[[77.555285,12.925455],[77.555249,12.925455],[77.555137,12.925069],[77.554843,12.924333],[77.554768,12.924052],[77.554621,12.923666]],[[77.555535,12.925382],[77.555285,12.925455]],[[77.555821,12.925238],[77.555821,12.925274],[77.555535,12.925382],[77.555535,12.925382]],[[77.556714,12.924948],[77.556106,12.92513],[77.555856,12.925238],[77.555821,12.925238]],[[77.558146,12.924582],[77.557573,12.924658],[77.556714,12.924913],[77.556714,12.924948]],[[77.558538,12.924367],[77.558539,12.924402],[77.55854,12.924508],[77.558146,12.924582],[77.558146,12.924582]],[[77.554621,12.923666],[77.554584,12.923632]]]}},{"type":"Feature","properties":{},"geometry":{"type":"LineString","coordinates":[[77.557743,12.923777],[77.557779,12.923811],[77.557816,12.923882]]}},{"type":"Feature","properties":{},"geometry":{"type":"LineString","coordinates":[[77.557927,12.924197],[77.557927,12.924232],[77.557857,12.924444]]}},{"type":"Feature","properties":{},"geometry":{"type":"LineString","coordinates":[[77.543497,12.930567],[77.543497,12.930602],[77.543533,12.930602]]}},{"type":"Feature","properties":{},"geometry":{"type":"MultiLineString","coordinates":[[[77.543497,12.930567],[77.543924,12.930211],[77.54396,12.930175]],[[77.54396,12.930175],[77.544742,12.929464]],[[77.544742,12.929464],[77.545595,12.928752],[77.545595,12.928717]],[[77.545595,12.928717],[77.545631,12.928716],[77.546093,12.928325],[77.54652,12.927969],[77.54709,12.927506],[77.547659,12.927078],[77.548193,12.92665],[77.548442,12.926472]],[[77.548442,12.926472],[77.548656,12.926294],[77.54887,12.926151],[77.54919,12.925937],[77.549618,12.925686],[77.549618,12.925686]],[[77.549618,12.925686],[77.549654,12.925686],[77.549904,12.925543],[77.549975,12.925471]],[[77.549975,12.925471],[77.550082,12.925435]],[[77.550082,12.925435],[77.550225,12.925363],[77.550261,12.925328],[77.550831,12.925006],[77.551367,12.924754],[77.551724,12.924575],[77.552117,12.92443],[77.552117,12.92443]],[[77.552117,12.92443],[77.552188,12.924394],[77.552832,12.924212],[77.553118,12.924103]]]}},{"type":"Feature","properties":{},"geometry":{"type":"MultiLineString","coordinates":[[[77.55208,12.92436],[77.552081,12.924395],[77.552117,12.92443]],[[77.552044,12.924325],[77.55208,12.92436],[77.55208,12.92436]],[[77.552008,12.924255],[77.552044,12.924325]]]}},{"type":"Feature","properties":{},"geometry":{"type":"MultiLineString","coordinates":[[[77.559149,12.924432],[77.558826,12.92447],[77.558826,12.924435]],[[77.558826,12.924435],[77.558825,12.924329]],[[77.559471,12.924358],[77.559149,12.924432]],[[77.559829,12.924319],[77.559507,12.924358],[77.559471,12.924358]],[[77.560152,12.924281],[77.560044,12.924282],[77.559901,12.924283],[77.559829,12.924319]],[[77.558825,12.924329],[77.558787,12.924118],[77.558715,12.924154],[77.558644,12.924155]],[[77.560582,12.924206],[77.560403,12.924243],[77.560152,12.924281]],[[77.560617,12.924171],[77.560617,12.924206],[77.560582,12.924206]],[[77.560579,12.92396],[77.56058,12.924066],[77.560617,12.924171]],[[77.560464,12.923257],[77.560579,12.923925],[77.560579,12.92396]],[[77.560236,12.921993],[77.560274,12.922168],[77.56035,12.92259],[77.560425,12.922906],[77.560464,12.923257]]]}},{"type":"Feature","properties":{},"geometry":{"type":"LineString","coordinates":[[77.558107,12.924336],[77.558215,12.9243],[77.558286,12.924299]]}},{"type":"Feature","properties":{},"geometry":{"type":"MultiLineString","coordinates":[[[77.549686,12.928853],[77.549187,12.929139],[77.548759,12.929425]],[[77.551326,12.927816],[77.551219,12.927888],[77.550613,12.928245],[77.549722,12.928817],[77.549686,12.928853]],[[77.551362,12.927816],[77.551326,12.927816]],[[77.551362,12.927781],[77.551362,12.927816]]]}},{"type":"Feature","properties":{},"geometry":{"type":"MultiLineString","coordinates":[[[77.579843,12.934327],[77.579867,12.933166],[77.579867,12.933131]],[[77.579867,12.933131],[77.579865,12.93299]],[[77.579865,12.93299],[77.579863,12.932779],[77.579853,12.931758],[77.579885,12.931441],[77.579881,12.931019],[77.579881,12.931019]],[[77.579881,12.931019],[77.579881,12.930984]],[[77.579881,12.930984],[77.579879,12.930843]],[[77.579879,12.930843],[77.579877,12.930632],[77.579909,12.930245],[77.579905,12.929822],[77.5799,12.9294],[77.579932,12.929013],[77.579928,12.928626],[77.579924,12.928204],[77.57992,12.927816],[77.579951,12.927394],[77.579947,12.927007],[77.579945,12.92676]],[[77.579945,12.92676],[77.579943,12.926585],[77.579939,12.926197],[77.579938,12.926057]],[[77.579938,12.926057],[77.579935,12.925775],[77.579967,12.925388],[77.579962,12.924966],[77.579958,12.924579],[77.579954,12.924191],[77.57995,12.923769],[77.579984,12.923593]],[[77.579984,12.923593],[77.579981,12.923311],[77.579975,12.922713],[77.580003,12.921904],[77.580003,12.921904]],[[77.580003,12.921904],[77.579999,12.921517],[77.579994,12.921094],[77.57999,12.920707],[77.579986,12.92025],[77.579983,12.919968]],[[77.579983,12.919968],[77.579982,12.919898],[77.579978,12.919476],[77.58001,12.919088],[77.580006,12.918701],[77.580001,12.918279],[77.579999,12.918033],[77.579854,12.917929]],[[77.579854,12.917929],[77.579528,12.91765]],[[77.579528,12.91765],[77.579384,12.917511],[77.579167,12.917337]],[[77.579167,12.917337],[77.579094,12.917267]],[[77.579094,12.917267],[77.579058,12.917233],[77.578986,12.917198]]]}},{"type":"Feature","properties":{},"geometry":{"type":"MultiLineString","coordinates":[[[77.57913,12.917267],[77.579094,12.917267]],[[77.579237,12.917231],[77.579201,12.917231],[77.579165,12.917232],[77.57913,12.917267],[77.57913,12.917267]]]}},{"type":"Feature","properties":{},"geometry":{"type":"LineString","coordinates":[[77.573768,12.964546],[77.573769,12.964651]]}},{"type":"Feature","properties":{},"geometry":{"type":"MultiLineString","coordinates":[[[77.579238,12.917266],[77.579237,12.917231]],[[77.579237,12.917231],[77.579237,12.917196]]]}},{"type":"Feature","properties":{},"geometry":{"type":"MultiLineString","coordinates":[[[77.544738,12.943294],[77.544953,12.943257],[77.545275,12.943148]],[[77.545275,12.943148],[77.545919,12.942966]]]}},{"type":"Feature","properties":{},"geometry":{"type":"LineString","coordinates":[[77.54599,12.94293],[77.546205,12.942858],[77.546491,12.942784],[77.546992,12.942674],[77.547172,12.942637]]}},{"type":"Feature","properties":{},"geometry":{"type":"MultiLineString","coordinates":[[[77.54564,12.933186],[77.546403,12.934093]],[[77.54524,12.932662],[77.545277,12.932696],[77.54564,12.933186]],[[77.543533,12.930602],[77.543606,12.930707],[77.54524,12.932662]]]}},{"type":"Feature","properties":{},"geometry":{"type":"MultiLineString","coordinates":[[[77.576932,12.940761],[77.577003,12.94076],[77.577003,12.940725]],[[77.57686,12.940762],[77.576932,12.940761]],[[77.576788,12.940762],[77.57686,12.940762]],[[77.576107,12.940769],[77.576142,12.940769],[77.576322,12.940767],[77.576788,12.940762]],[[77.577003,12.940725],[77.577109,12.940548],[77.577428,12.940228],[77.577676,12.939874],[77.577748,12.939873]],[[77.577748,12.939873],[77.577819,12.939837]],[[77.577819,12.939837],[77.577855,12.939837],[77.578389,12.939444]],[[77.578389,12.939444],[77.578531,12.939337],[77.578993,12.938875],[77.579206,12.938627]],[[77.579206,12.938627],[77.579419,12.938379],[77.57995,12.937705],[77.579981,12.937247],[77.580015,12.937106]],[[77.580015,12.937106],[77.58005,12.936965],[77.580085,12.936894]],[[77.580085,12.936894],[77.580085,12.936859],[77.580084,12.936824]],[[77.580084,12.936824],[77.580084,12.936753]]]}},{"type":"Feature","properties":{},"geometry":{"type":"LineString","coordinates":[[77.576932,12.940761],[77.576932,12.940796]]}},{"type":"Feature","properties":{},"geometry":{"type":"LineString","coordinates":[[77.554013,12.923848],[77.554048,12.923813],[77.554406,12.923739]]}},{"type":"Feature","properties":{},"geometry":{"type":"MultiLineString","coordinates":[[[77.57267,12.917014],[77.572595,12.916733],[77.572559,12.916734],[77.572559,12.916734]],[[77.572559,12.916734],[77.572559,12.916698],[77.572559,12.916698]],[[77.572559,12.916698],[77.572595,12.916698],[77.572558,12.916628]]]}},{"type":"Feature","properties":{},"geometry":{"type":"MultiLineString","coordinates":[[[77.571611,12.960661],[77.571575,12.960661],[77.571108,12.960666],[77.571109,12.960701]],[[77.571109,12.960701],[77.571108,12.960666]],[[77.57179,12.960694],[77.571646,12.960661],[77.571611,12.960661]],[[77.571108,12.960666],[77.570785,12.960669],[77.570211,12.960675]],[[77.570211,12.960675],[77.570104,12.960676],[77.569529,12.960646],[77.569134,12.960615],[77.568811,12.960618],[77.56874,12.960619]],[[77.56874,12.960619],[77.568489,12.960622],[77.56795,12.960592],[77.567447,12.960561],[77.566909,12.960567],[77.566442,12.960536],[77.565833,12.960542],[77.565474,12.960546],[77.56533,12.960512]],[[77.56533,12.960512],[77.565294,12.960512]],[[77.565294,12.960512],[77.565043,12.960515],[77.564935,12.960516]],[[77.564935,12.960516],[77.564612,12.960519],[77.564433,12.960521]],[[77.564433,12.960521],[77.564433,12.960486]],[[77.564433,12.960486],[77.564325,12.960487],[77.56393,12.96049],[77.563607,12.960494]],[[77.563607,12.960494],[77.563536,12.960494],[77.56332,12.960461]],[[77.56332,12.960461],[77.563284,12.960462]],[[77.563284,12.960462],[77.563248,12.960462]],[[77.563248,12.960462],[77.563105,12.960463],[77.562782,12.960467],[77.562423,12.960435],[77.562243,12.960437],[77.562243,12.960437]]]}},{"type":"Feature","properties":{},"geometry":{"type":"MultiLineString","coordinates":[[[77.571735,12.962314],[77.571738,12.96263],[77.571742,12.962947],[77.571744,12.963193],[77.571747,12.963475],[77.571749,12.963686],[77.571717,12.964003],[77.571719,12.964179],[77.571721,12.964461],[77.571542,12.964462],[77.571398,12.964429],[77.571255,12.96443],[77.571003,12.964397],[77.570931,12.964398],[77.570752,12.9644],[77.5705,12.964367],[77.570249,12.964334],[77.57007,12.964336],[77.569818,12.964303],[77.56971,12.964269],[77.569314,12.964097],[77.569025,12.963995],[77.568845,12.963926],[77.568701,12.963892]],[[77.568701,12.963892],[77.568449,12.963789],[77.568341,12.963755],[77.568342,12.96379],[77.568342,12.963825]],[[77.568342,12.963825],[77.568342,12.963861]],[[77.57179,12.960694],[77.571791,12.96073],[77.571758,12.961082],[77.571761,12.961328],[77.571763,12.961504],[77.571765,12.96168],[77.571767,12.961926],[77.571734,12.962243],[77.571735,12.962314]],[[77.571824,12.960518],[77.57179,12.960694]],[[77.572086,12.958087],[77.572088,12.958263],[77.572023,12.958933],[77.57199,12.959144],[77.571957,12.959426],[77.571925,12.959813],[77.571823,12.960413],[77.571824,12.960518],[77.571824,12.960518]],[[77.572187,12.957418],[77.572152,12.957524],[77.57212,12.957841],[77.572086,12.958087]]]}},{"type":"Feature","properties":{},"geometry":{"type":"MultiLineString","coordinates":[[[77.56331,12.938467],[77.563347,12.938502],[77.563456,12.938677],[77.563456,12.938677]],[[77.563055,12.938082],[77.563129,12.938258],[77.56331,12.938467]],[[77.562872,12.937697],[77.56291,12.937873],[77.563019,12.938048],[77.563055,12.938082]],[[77.562799,12.937557],[77.562836,12.937698],[77.562872,12.937697]],[[77.562616,12.937207],[77.562652,12.937277],[77.562762,12.937452],[77.562799,12.937557]],[[77.562398,12.936928],[77.562398,12.936963],[77.562579,12.937137],[77.562616,12.937207]],[[77.562361,12.936893],[77.562398,12.936928]],[[77.561999,12.936509],[77.562072,12.936614],[77.562361,12.936893]],[[77.561165,12.935708],[77.561346,12.935882],[77.561491,12.936022],[77.561673,12.936196],[77.561781,12.9363],[77.561999,12.936509]],[[77.560912,12.935499],[77.560948,12.935534],[77.561057,12.935639],[77.561165,12.935708]],[[77.560765,12.935184],[77.560802,12.935254],[77.560803,12.935325],[77.560839,12.935395],[77.560912,12.935499]],[[77.560765,12.935149],[77.560765,12.935184]]]}},{"type":"Feature","properties":{},"geometry":{"type":"MultiLineString","coordinates":[[[77.560765,12.935149],[77.560691,12.934939],[77.560653,12.934763]],[[77.560653,12.934763],[77.560581,12.934728],[77.560437,12.934659],[77.560329,12.934625],[77.560041,12.934558],[77.559862,12.934524],[77.559574,12.934422],[77.559357,12.934318]],[[77.559357,12.934318],[77.559105,12.934215],[77.559033,12.934181]],[[77.559033,12.934181],[77.558961,12.934146],[77.558492,12.933869],[77.558023,12.933627],[77.557698,12.933455]],[[77.557698,12.933455],[77.557446,12.933316],[77.55741,12.933317]]]}},{"type":"Feature","properties":{},"geometry":{"type":"MultiLineString","coordinates":[[[77.579795,12.933131],[77.579796,12.933167],[77.57976,12.933167],[77.579771,12.934223],[77.579772,12.934328],[77.579772,12.934328]],[[77.579773,12.930985],[77.579781,12.931759],[77.579755,12.932745],[77.579759,12.933132],[77.579795,12.933131],[77.579795,12.933131]],[[77.579837,12.926762],[77.579839,12.926973],[77.579844,12.927395],[77.579848,12.927782],[77.579816,12.928169],[77.57982,12.928556],[77.579824,12.928943],[77.579792,12.929366],[77.579796,12.929753],[77.579801,12.930175],[77.579805,12.930562],[77.579773,12.930985]],[[77.579833,12.926304],[77.579836,12.926586],[77.579837,12.926762]],[[77.579877,12.923594],[77.579878,12.92377],[77.579847,12.924193],[77.579851,12.92458],[77.579855,12.924967],[77.579859,12.925389],[77.579863,12.925776],[77.579832,12.926199],[77.579833,12.926304]],[[77.579895,12.921905],[77.579863,12.922257],[77.579867,12.922714],[77.57987,12.922996],[77.579874,12.923348],[77.579877,12.923594]],[[77.579911,12.919969],[77.579912,12.920039],[77.579882,12.920638],[77.579886,12.92106],[77.579891,12.921482],[77.579895,12.921869],[77.579895,12.921905]],[[77.579855,12.917964],[77.579927,12.918033],[77.579929,12.918245],[77.579934,12.918667],[77.579938,12.919089],[77.579911,12.919969]],[[77.579493,12.917651],[77.57971,12.91786],[77.579855,12.917964]],[[77.579095,12.917338],[77.579239,12.917442],[77.579493,12.917651]],[[77.579023,12.917303],[77.579095,12.917338]],[[77.57895,12.917198],[77.579023,12.917303]]]}},{"type":"Feature","properties":{},"geometry":{"type":"LineString","coordinates":[[77.5602,12.921923],[77.560236,12.921993],[77.560236,12.921993]]}},{"type":"Feature","properties":{},"geometry":{"type":"MultiLineString","coordinates":[[[77.561287,12.926557],[77.561717,12.926447],[77.561967,12.92641],[77.562075,12.926374],[77.562862,12.926225],[77.563328,12.92615],[77.563328,12.926115],[77.563328,12.926115]],[[77.561215,12.926488],[77.561251,12.926522],[77.561287,12.926557],[77.561287,12.926557]],[[77.561141,12.926312],[77.561178,12.926417],[77.561215,12.926488]],[[77.563328,12.926115],[77.563364,12.926115],[77.563364,12.92615],[77.563722,12.926076]],[[77.563722,12.926076],[77.564223,12.925965]],[[77.564223,12.925965],[77.564473,12.925892],[77.564509,12.925892],[77.564509,12.925892]],[[77.564509,12.925892],[77.564581,12.925891],[77.564468,12.925365],[77.564318,12.924733],[77.564281,12.924592],[77.564782,12.924517],[77.565319,12.924406],[77.565821,12.924331],[77.566286,12.924221],[77.566895,12.924109],[77.567217,12.924036],[77.567718,12.92396],[77.56822,12.92385],[77.568578,12.923811]],[[77.568613,12.923775],[77.568721,12.923774],[77.569151,12.9237],[77.569152,12.923805],[77.569367,12.923768],[77.569438,12.923732]],[[77.568578,12.923811],[77.568613,12.923775]],[[77.569438,12.923732],[77.569474,12.923732]],[[77.569474,12.923732],[77.569689,12.923695],[77.570119,12.92362]],[[77.570119,12.92362],[77.570154,12.92362],[77.570154,12.923584]],[[77.570154,12.923584],[77.57019,12.923584],[77.57019,12.923619],[77.570298,12.923583],[77.57026,12.923443]],[[77.57026,12.923443],[77.570222,12.923197],[77.570147,12.922881],[77.570147,12.922881]],[[77.570147,12.922881],[77.57047,12.922877]],[[77.57047,12.922877],[77.570577,12.922876],[77.571043,12.922837]],[[77.571294,12.922834],[77.571797,12.922829],[77.572048,12.922827],[77.57255,12.922822],[77.572586,12.922821]],[[77.571043,12.922837],[77.571079,12.922836],[77.571294,12.922834],[77.571294,12.922834]],[[77.572586,12.922821],[77.572765,12.92282]],[[77.572765,12.92282],[77.572945,12.922818],[77.573052,12.922782],[77.573375,12.922778],[77.573518,12.922777],[77.573518,12.922777]],[[77.573554,12.922777],[77.57359,12.922776],[77.573626,12.922776],[77.573662,12.922811],[77.573662,12.922776],[77.573661,12.92274]],[[77.573518,12.922777],[77.573554,12.922777],[77.573554,12.922777]],[[77.573661,12.92274],[77.573658,12.922389]],[[77.573658,12.922389],[77.573654,12.922001],[77.573685,12.921579],[77.573681,12.921157],[77.573931,12.921084],[77.574432,12.920973]],[[77.574432,12.920973],[77.574468,12.920973]],[[77.574468,12.920973],[77.574504,12.920973],[77.574576,12.920937],[77.574575,12.920901]]]}},{"type":"Feature","properties":{},"geometry":{"type":"LineString","coordinates":[[77.560958,12.925927],[77.560994,12.925962]]}},{"type":"Feature","properties":{},"geometry":{"type":"MultiLineString","coordinates":[[[77.560844,12.92533],[77.560845,12.925365],[77.56092,12.925751],[77.560958,12.925927]],[[77.560766,12.924732],[77.560805,12.925014],[77.560844,12.92533],[77.560844,12.92533]],[[77.56069,12.924311],[77.560729,12.924627],[77.560766,12.924732]],[[77.558146,12.924582],[77.558611,12.924507],[77.559077,12.924467],[77.559149,12.924432]],[[77.558107,12.924336],[77.558146,12.924582]],[[77.559149,12.924432],[77.559471,12.924393]],[[77.559471,12.924393],[77.559543,12.924392],[77.559829,12.924319]],[[77.559829,12.924319],[77.560009,12.924318],[77.560152,12.924281]],[[77.560618,12.924241],[77.56069,12.92424],[77.56069,12.924311]],[[77.55807,12.924196],[77.558107,12.924266],[77.558107,12.924336]],[[77.560152,12.924281],[77.56051,12.924242],[77.560582,12.924242],[77.560618,12.924241]]]}},{"type":"Feature","properties":{},"geometry":{"type":"MultiLineString","coordinates":[[[77.557923,12.92381],[77.557922,12.923775],[77.557994,12.923774]],[[77.557994,12.923774],[77.557994,12.923809],[77.557994,12.923809]],[[77.557994,12.923739],[77.557994,12.923774]]]}},{"type":"Feature","properties":{},"geometry":{"type":"LineString","coordinates":[[77.558177,12.924089],[77.558213,12.924089],[77.558285,12.924123]]}},{"type":"Feature","properties":{},"geometry":{"type":"MultiLineString","coordinates":[[[77.573458,12.916901],[77.573422,12.916901]],[[77.572809,12.916626],[77.572774,12.916626]],[[77.572774,12.916626],[77.572702,12.916627]]]}},{"type":"Feature","properties":{},"geometry":{"type":"MultiLineString","coordinates":[[[77.579975,12.93313],[77.579975,12.933165],[77.579939,12.933165],[77.57995,12.934256],[77.579951,12.934326]],[[77.579938,12.93306],[77.579939,12.93313],[77.579975,12.93313],[77.579975,12.93313]],[[77.579938,12.933024],[77.579938,12.93306]],[[77.579937,12.932989],[77.579938,12.933024]],[[77.579989,12.931018],[77.57996,12.931757],[77.579935,12.932743],[77.579937,12.932989]],[[77.579988,12.930983],[77.579989,12.931018]],[[77.579987,12.930877],[77.579988,12.930983]],[[77.580046,12.926161],[77.58005,12.926548],[77.580054,12.926935],[77.580022,12.927323],[77.580026,12.92771],[77.58003,12.928097],[77.580035,12.928519],[77.580003,12.928942],[77.580007,12.929329],[77.580012,12.929751],[77.57998,12.930138],[77.579984,12.930525],[77.579987,12.930877]],[[77.580056,12.923592],[77.580057,12.923733],[77.580061,12.92412],[77.580066,12.924542],[77.58007,12.924929],[77.580074,12.925316],[77.580042,12.925739],[77.580046,12.926126],[77.580046,12.926161]],[[77.58011,12.921903],[77.580111,12.921973],[77.580083,12.922712],[77.580053,12.923311],[77.580056,12.923592]],[[77.580126,12.919967],[77.58013,12.920354],[77.580104,12.921269],[77.58011,12.921903]],[[77.579853,12.917823],[77.580106,12.918032],[77.58011,12.918348],[77.580114,12.918771],[77.580124,12.919756],[77.580126,12.919967]],[[77.579636,12.917649],[77.579853,12.917823]],[[77.579238,12.917336],[77.579492,12.917545],[77.579636,12.917649]],[[77.579202,12.917302],[77.579238,12.917336]],[[77.579166,12.917267],[77.579202,12.917302]],[[77.57913,12.917267],[77.579166,12.917267]],[[77.579093,12.917197],[77.57913,12.917267]]]}},{"type":"Feature","properties":{},"geometry":{"type":"LineString","coordinates":[[77.558323,12.924369],[77.558288,12.92444],[77.55836,12.924439]]}},{"type":"Feature","properties":{},"geometry":{"type":"MultiLineString","coordinates":[[[77.55836,12.924439],[77.55836,12.924474]],[[77.558359,12.924369],[77.558359,12.924404],[77.55836,12.924439]]]}},{"type":"Feature","properties":{},"geometry":{"type":"LineString","coordinates":[[77.567572,12.955246],[77.567573,12.955282]]}},{"type":"Feature","properties":{},"geometry":{"type":"MultiLineString","coordinates":[[[77.573203,12.962018],[77.572815,12.962655],[77.572996,12.962829],[77.572997,12.962935],[77.573367,12.963987],[77.573586,12.964372],[77.573731,12.964511],[77.573732,12.964581]],[[77.574437,12.959824],[77.573614,12.960113],[77.573763,12.960605],[77.573732,12.961062],[77.573374,12.961207],[77.57309,12.961421],[77.573019,12.961527],[77.573309,12.961841],[77.573203,12.962018]]]}},{"type":"Feature","properties":{},"geometry":{"type":"MultiLineString","coordinates":[[[77.574342,12.919109],[77.574342,12.919144]],[[77.574328,12.917772],[77.574335,12.918476],[77.57434,12.918968],[77.574342,12.919109]],[[77.57422,12.917703],[77.574328,12.917737],[77.574328,12.917772]]]}},{"type":"Feature","properties":{},"geometry":{"type":"LineString","coordinates":[[77.574575,12.920901],[77.5745,12.92055],[77.574463,12.92048]]}},{"type":"Feature","properties":{},"geometry":{"type":"MultiLineString","coordinates":[[[77.574314,12.919954],[77.574313,12.919848],[77.574165,12.919392],[77.574017,12.918971],[77.573834,12.918551],[77.573686,12.918165],[77.573612,12.917885],[77.57361,12.917744],[77.573609,12.917673]],[[77.573609,12.917673],[77.573609,12.917603]],[[77.573609,12.917603],[77.573607,12.917462]]]}},{"type":"Feature","properties":{},"geometry":{"type":"MultiLineString","coordinates":[[[77.57435,12.919954],[77.574314,12.919954]],[[77.574342,12.919109],[77.574344,12.919355],[77.574385,12.919883],[77.574386,12.919953],[77.57435,12.919954],[77.57435,12.919954]]]}},{"type":"Feature","properties":{},"geometry":{"type":"MultiLineString","coordinates":[[[77.569627,12.942205],[77.569658,12.941748],[77.569623,12.941748]],[[77.569623,12.941748],[77.569658,12.941713],[77.569686,12.940903],[77.569683,12.940657],[77.569719,12.940656]],[[77.573846,12.940721],[77.573882,12.940756]],[[77.57381,12.940757],[77.573846,12.940756],[77.573846,12.940721]],[[77.573774,12.940757],[77.57381,12.940757]],[[77.573738,12.940722],[77.573774,12.940757]],[[77.573343,12.940691],[77.573738,12.940722]],[[77.572948,12.94066],[77.573127,12.940658],[77.573343,12.940691]],[[77.572374,12.94063],[77.57241,12.94063],[77.572876,12.94066],[77.572948,12.94066]],[[77.572015,12.940634],[77.572051,12.940633],[77.572374,12.94063],[77.572374,12.94063]],[[77.571262,12.940641],[77.571298,12.940641],[77.571441,12.940639]],[[77.570508,12.940648],[77.570867,12.940645],[77.571154,12.940642],[77.571262,12.940641],[77.571262,12.940641]],[[77.571477,12.940639],[77.572015,12.940634],[77.572015,12.940634]],[[77.569719,12.940656],[77.570114,12.940652],[77.570114,12.940652]],[[77.570114,12.940652],[77.570508,12.940648]]]}},{"type":"Feature","properties":{},"geometry":{"type":"LineString","coordinates":[[77.573882,12.940756],[77.574169,12.940753],[77.575604,12.940739],[77.576106,12.940734]]}},{"type":"Feature","properties":{},"geometry":{"type":"LineString","coordinates":[[77.576107,12.940769],[77.575281,12.940777],[77.574528,12.940785],[77.574205,12.940788],[77.573918,12.940756],[77.573882,12.940756]]}},{"type":"Feature","properties":{},"geometry":{"type":"LineString","coordinates":[[77.579273,12.917195],[77.579273,12.91723],[77.579273,12.91723]]}},{"type":"Feature","properties":{},"geometry":{"type":"MultiLineString","coordinates":[[[77.579202,12.917302],[77.579166,12.917302],[77.57913,12.917267]],[[77.579274,12.917301],[77.579202,12.917302]],[[77.579381,12.917265],[77.579274,12.917301]],[[77.579632,12.917262],[77.579453,12.917264],[77.579381,12.917265]],[[77.580313,12.91722],[77.579883,12.917224],[77.579632,12.917262]]]}},{"type":"Feature","properties":{},"geometry":{"type":"LineString","coordinates":[[77.560994,12.925962],[77.560994,12.925997],[77.561032,12.926137],[77.561105,12.926277]]}},{"type":"Feature","properties":{},"geometry":{"type":"MultiLineString","coordinates":[[[77.548745,12.956241],[77.548533,12.956595]],[[77.548921,12.955922],[77.548745,12.956241]]]}},{"type":"Feature","properties":{},"geometry":{"type":"MultiLineString","coordinates":[[[77.543909,12.9641],[77.543945,12.964065]],[[77.543945,12.964065],[77.543944,12.96403]],[[77.543944,12.96403],[77.544051,12.963923],[77.544193,12.963746]],[[77.544193,12.963746],[77.544299,12.963604],[77.544405,12.963462],[77.544582,12.963249],[77.544653,12.963178],[77.544689,12.963143],[77.54483,12.96293],[77.544972,12.962753],[77.545113,12.96254],[77.54522,12.962399],[77.545325,12.962222],[77.545431,12.962045],[77.545573,12.961832],[77.545608,12.961796]],[[77.545608,12.961796],[77.545679,12.96169],[77.545714,12.961619],[77.54582,12.961442],[77.545855,12.961372],[77.545926,12.961265],[77.546067,12.961053],[77.546208,12.960805],[77.546314,12.960628],[77.546384,12.960487],[77.546384,12.960487]],[[77.546384,12.960487],[77.546454,12.960345],[77.54649,12.960275],[77.546489,12.960239],[77.546524,12.960169],[77.54656,12.960098]],[[77.546595,12.960062],[77.546631,12.960027],[77.54663,12.959992],[77.546701,12.959885],[77.546736,12.959815],[77.546842,12.959673],[77.546877,12.959567],[77.546948,12.959461],[77.547018,12.959319],[77.547088,12.959178],[77.547159,12.959036]],[[77.547159,12.959036],[77.547229,12.95893],[77.5473,12.958824],[77.547335,12.958753],[77.547476,12.958505],[77.547511,12.958399],[77.547688,12.958116]],[[77.547688,12.958116],[77.547687,12.958081],[77.547722,12.95801]],[[77.548004,12.95748],[77.548146,12.957302],[77.548286,12.957019],[77.548463,12.956736]]]}},{"type":"Feature","properties":{},"geometry":{"type":"MultiLineString","coordinates":[[[77.556646,12.964011],[77.555823,12.96423],[77.555323,12.964376],[77.555324,12.964481]],[[77.55679,12.963974],[77.556754,12.963975],[77.556646,12.964011]]]}},{"type":"Feature","properties":{},"geometry":{"type":"LineString","coordinates":[[77.568118,12.966467],[77.568154,12.966466]]}},{"type":"Feature","properties":{},"geometry":{"type":"MultiLineString","coordinates":[[[77.569192,12.941787],[77.569157,12.941788],[77.568798,12.941791]],[[77.568798,12.941791],[77.56869,12.941792]]]}},{"type":"Feature","properties":{},"geometry":{"type":"LineString","coordinates":[[77.569194,12.941893],[77.569193,12.941858]]}},{"type":"Feature","properties":{},"geometry":{"type":"LineString","coordinates":[[77.569193,12.941858],[77.569194,12.941893]]}},{"type":"Feature","properties":{},"geometry":{"type":"LineString","coordinates":[[77.568834,12.941791],[77.568833,12.941721],[77.568797,12.941721]]}},{"type":"Feature","properties":{},"geometry":{"type":"MultiLineString","coordinates":[[[77.568798,12.941791],[77.568798,12.941827]],[[77.568797,12.941721],[77.568797,12.941756],[77.568798,12.941791]],[[77.568688,12.941581],[77.568688,12.941617],[77.568796,12.941615],[77.568797,12.941721]]]}},{"type":"Feature","properties":{},"geometry":{"type":"MultiLineString","coordinates":[[[77.568367,12.941796],[77.568044,12.941799]],[[77.568618,12.941793],[77.568367,12.941796]]]}},{"type":"Feature","properties":{},"geometry":{"type":"LineString","coordinates":[[77.568762,12.941827],[77.568762,12.941792],[77.568618,12.941793]]}},{"type":"Feature","properties":{},"geometry":{"type":"LineString","coordinates":[[77.568654,12.941793],[77.568618,12.941793],[77.568618,12.941793]]}},{"type":"Feature","properties":{},"geometry":{"type":"LineString","coordinates":[[77.56869,12.941792],[77.568654,12.941793],[77.568654,12.941793]]}},{"type":"Feature","properties":{},"geometry":{"type":"LineString","coordinates":[[77.569194,12.941928],[77.569158,12.941929],[77.569122,12.941929]]}},{"type":"Feature","properties":{},"geometry":{"type":"LineString","coordinates":[[77.569194,12.941893],[77.569194,12.941928],[77.569195,12.942034]]}},{"type":"Feature","properties":{},"geometry":{"type":"MultiLineString","coordinates":[[[77.569193,12.941823],[77.569157,12.941823],[77.569157,12.941823]],[[77.569157,12.941823],[77.569192,12.941787]]]}},{"type":"Feature","properties":{},"geometry":{"type":"LineString","coordinates":[[77.569193,12.941858],[77.569193,12.941823]]}},{"type":"Feature","properties":{},"geometry":{"type":"LineString","coordinates":[[77.561105,12.926277],[77.561141,12.926312]]}},{"type":"Feature","properties":{},"geometry":{"type":"LineString","coordinates":[[77.561141,12.926312],[77.561105,12.926277],[77.561105,12.926277]]}},{"type":"Feature","properties":{},"geometry":{"type":"MultiLineString","coordinates":[[[77.574463,12.92048],[77.574351,12.920024]],[[77.574351,12.920024],[77.574314,12.919954]]]}},{"type":"Feature","properties":{},"geometry":{"type":"LineString","coordinates":[[77.569158,12.941893],[77.569193,12.941858]]}},{"type":"Feature","properties":{},"geometry":{"type":"MultiLineString","coordinates":[[[77.56651,12.9706],[77.56651,12.970635]],[[77.562583,12.965571],[77.562911,12.966061],[77.563604,12.96718],[77.564623,12.968542],[77.565748,12.969798],[77.56651,12.9706]],[[77.562001,12.964768],[77.562291,12.965117],[77.562546,12.965501]],[[77.561928,12.964663],[77.562001,12.964768]],[[77.56179,12.961708],[77.560292,12.962603],[77.561237,12.96379],[77.561928,12.964663]],[[77.562004,12.961565],[77.56179,12.961708]],[[77.562037,12.961283],[77.56204,12.961565],[77.562004,12.961565]],[[77.562036,12.961248],[77.562037,12.961283]],[[77.562036,12.961213],[77.562036,12.961248]],[[77.562035,12.961072],[77.562036,12.961213]],[[77.562032,12.960826],[77.562035,12.961072]],[[77.562029,12.96058],[77.562032,12.960826]],[[77.562029,12.960509],[77.562029,12.96058]],[[77.562028,12.960439],[77.562029,12.960509]],[[77.562027,12.960333],[77.562028,12.960439]],[[77.562027,12.960298],[77.562027,12.960333]],[[77.562026,12.960228],[77.562027,12.960298]],[[77.56206,12.960087],[77.562026,12.960228]],[[77.56206,12.960051],[77.56206,12.960087]]]}},{"type":"Feature","properties":{},"geometry":{"type":"MultiLineString","coordinates":[[[77.573877,12.943747],[77.575024,12.943701]],[[77.575024,12.943701],[77.576029,12.943691]],[[77.576029,12.943691],[77.576531,12.943686],[77.576603,12.94365]]]}},{"type":"Feature","properties":{},"geometry":{"type":"MultiLineString","coordinates":[[[77.553118,12.924103],[77.553405,12.92403],[77.553548,12.923994],[77.553762,12.923921]],[[77.553762,12.923921],[77.553762,12.923886],[77.553834,12.923885]]]}},{"type":"Feature","properties":{},"geometry":{"type":"MultiLineString","coordinates":[[[77.579273,12.917266],[77.579274,12.917301]],[[77.579273,12.91723],[77.579273,12.917266]]]}},{"type":"Feature","properties":{},"geometry":{"type":"MultiLineString","coordinates":[[[77.567956,12.943665],[77.567956,12.9437]],[[77.567765,12.942576],[77.567802,12.942611],[77.567839,12.942716],[77.567912,12.942926],[77.56795,12.943102],[77.567954,12.943524],[77.567956,12.943665]],[[77.567964,12.94099],[77.567893,12.941026],[77.567355,12.941067],[77.567433,12.941699],[77.567184,12.941842],[77.567402,12.942087],[77.567547,12.942261],[77.567656,12.942401],[77.567765,12.942576]]]}},{"type":"Feature","properties":{},"geometry":{"type":"MultiLineString","coordinates":[[[77.56792,12.9437],[77.567921,12.943736]],[[77.567956,12.9437],[77.56792,12.9437]]]}},{"type":"Feature","properties":{},"geometry":{"type":"LineString","coordinates":[[77.567956,12.9437],[77.567957,12.943735],[77.567921,12.943736]]}},{"type":"Feature","properties":{},"geometry":{"type":"LineString","coordinates":[[77.535265,12.936067],[77.536442,12.935351]]}},{"type":"Feature","properties":{},"geometry":{"type":"LineString","coordinates":[[77.541418,12.944945],[77.541521,12.944487],[77.541557,12.944416],[77.541555,12.94424],[77.541589,12.944099],[77.541621,12.943677],[77.541654,12.943395]]}},{"type":"Feature","properties":{},"geometry":{"type":"LineString","coordinates":[[77.562853,12.939351],[77.562924,12.93928]]}},{"type":"Feature","properties":{},"geometry":{"type":"LineString","coordinates":[[77.562924,12.93928],[77.562924,12.939245],[77.562996,12.93928],[77.562996,12.93928]]}},{"type":"Feature","properties":{},"geometry":{"type":"MultiLineString","coordinates":[[[77.562249,12.93992],[77.56232,12.939884],[77.562784,12.939669]],[[77.562784,12.939669],[77.562712,12.939599],[77.562747,12.939564],[77.562747,12.939528],[77.562853,12.939351],[77.562853,12.939351]]]}},{"type":"Feature","properties":{},"geometry":{"type":"LineString","coordinates":[[77.562853,12.939351],[77.562924,12.93928],[77.562996,12.93928]]}},{"type":"Feature","properties":{},"geometry":{"type":"LineString","coordinates":[[77.548688,12.929461],[77.548759,12.929425],[77.548759,12.929425]]}},{"type":"Feature","properties":{},"geometry":{"type":"LineString","coordinates":[[77.548688,12.929461],[77.548653,12.929496],[77.54819,12.929853],[77.547656,12.930315],[77.547478,12.930458]]}},{"type":"Feature","properties":{},"geometry":{"type":"MultiLineString","coordinates":[[[77.548724,12.92946],[77.548688,12.929461]],[[77.548759,12.929425],[77.548724,12.92946]]]}},{"type":"Feature","properties":{},"geometry":{"type":"LineString","coordinates":[[77.553834,12.923885],[77.553869,12.923885],[77.553869,12.923885]]}},{"type":"Feature","properties":{},"geometry":{"type":"LineString","coordinates":[[77.553869,12.923885],[77.554013,12.923848]]}},{"type":"Feature","properties":{},"geometry":{"type":"LineString","coordinates":[[77.553834,12.923885],[77.553869,12.923885]]}},{"type":"Feature","properties":{},"geometry":{"type":"LineString","coordinates":[[77.535265,12.936067],[77.535265,12.936102]]}},{"type":"Feature","properties":{},"geometry":{"type":"LineString","coordinates":[[77.553153,12.923962],[77.553224,12.923926],[77.553224,12.923962]]}},{"type":"Feature","properties":{},"geometry":{"type":"MultiLineString","coordinates":[[[77.536442,12.935351],[77.538404,12.934277]],[[77.538404,12.934277],[77.539296,12.93374],[77.540757,12.93274],[77.541077,12.932491]],[[77.541077,12.932491],[77.541113,12.932491]],[[77.541113,12.932491],[77.54211,12.931742],[77.542466,12.931492]],[[77.542466,12.931492],[77.542573,12.931421],[77.543391,12.930674],[77.543923,12.930141]],[[77.543923,12.930141],[77.54435,12.929785]],[[77.54435,12.929749],[77.54467,12.929465]],[[77.54467,12.929465],[77.544705,12.929429]],[[77.544705,12.929429],[77.544741,12.929429]]]}},{"type":"Feature","properties":{},"geometry":{"type":"MultiLineString","coordinates":[[[77.569785,12.915564],[77.569713,12.915565]],[[77.569282,12.915464],[77.569246,12.915429]]]}},{"type":"Feature","properties":{},"geometry":{"type":"LineString","coordinates":[[77.566326,12.91405],[77.566182,12.914087]]}},{"type":"Feature","properties":{},"geometry":{"type":"LineString","coordinates":[[77.583185,12.952206],[77.583185,12.952242]]}},{"type":"Feature","properties":{},"geometry":{"type":"LineString","coordinates":[[77.583185,12.952206],[77.583185,12.952242]]}},{"type":"Feature","properties":{},"geometry":{"type":"LineString","coordinates":[[77.569517,12.934957],[77.569553,12.934957]]}},{"type":"Feature","properties":{},"geometry":{"type":"LineString","coordinates":[[77.562551,12.944914],[77.562551,12.94495]]}},{"type":"Feature","properties":{},"geometry":{"type":"LineString","coordinates":[[77.562551,12.944914],[77.562551,12.94495]]}},{"type":"Feature","properties":{},"geometry":{"type":"MultiLineString","coordinates":[[[77.567603,12.954789],[77.56757,12.955035],[77.567571,12.955141],[77.567572,12.955246]],[[77.567708,12.950987],[77.567709,12.951057],[77.56771,12.951163],[77.567712,12.951409],[77.567679,12.951656],[77.567683,12.952008],[77.567686,12.952324],[77.567688,12.952571],[77.567656,12.952888],[77.567659,12.95324],[77.567627,12.953592],[77.56763,12.953909],[77.567633,12.95419],[77.567599,12.954402],[77.567603,12.954718],[77.567603,12.954718]],[[77.567706,12.950811],[77.567708,12.950952],[77.567708,12.950987]],[[77.567706,12.950776],[77.567706,12.950811]],[[77.567738,12.950459],[77.567741,12.95074],[77.567706,12.950776]],[[77.567738,12.950424],[77.567738,12.950459]],[[77.567823,12.948241],[77.567797,12.949121],[77.567768,12.949825],[77.567769,12.949966],[77.567738,12.950388],[77.567738,12.950424],[77.567738,12.950424]],[[77.567823,12.948171],[77.567823,12.948241]]]}},{"type":"Feature","properties":{},"geometry":{"type":"MultiLineString","coordinates":[[[77.567603,12.954789],[77.56757,12.955035],[77.567571,12.955141],[77.567572,12.955246]],[[77.567708,12.950987],[77.567709,12.951057],[77.56771,12.951163],[77.567712,12.951409],[77.567679,12.951656],[77.567683,12.952008],[77.567686,12.952324],[77.567688,12.952571],[77.567656,12.952888],[77.567659,12.95324],[77.567627,12.953592],[77.56763,12.953909],[77.567633,12.95419],[77.567599,12.954402],[77.567603,12.954718],[77.567603,12.954718]],[[77.567706,12.950811],[77.567708,12.950952],[77.567708,12.950987]],[[77.567706,12.950776],[77.567706,12.950811]],[[77.567738,12.950459],[77.567741,12.95074],[77.567706,12.950776]],[[77.567738,12.950424],[77.567738,12.950459]],[[77.567823,12.948241],[77.567797,12.949121],[77.567768,12.949825],[77.567769,12.949966],[77.567738,12.950388],[77.567738,12.950424],[77.567738,12.950424]],[[77.567823,12.948171],[77.567823,12.948241]]]}},{"type":"Feature","properties":{},"geometry":{"type":"MultiLineString","coordinates":[[[77.573623,12.95399],[77.573624,12.954096],[77.573628,12.954448],[77.573631,12.954764],[77.573634,12.955081],[77.573602,12.955398],[77.573605,12.95575],[77.573609,12.956102],[77.573611,12.956348],[77.573614,12.956559],[77.573618,12.956981],[77.573621,12.957298]],[[77.573616,12.953322],[77.573617,12.953392],[77.573621,12.953744],[77.573623,12.95399]],[[77.573652,12.953321],[77.573616,12.953322]],[[77.573651,12.953216],[77.573652,12.953321]],[[77.573674,12.94843],[77.573678,12.948817],[77.573645,12.949169],[77.573649,12.949485],[77.573652,12.949837],[77.573653,12.949873],[77.57366,12.950611],[77.573664,12.950963],[77.573667,12.951315],[77.573635,12.951667],[77.573639,12.952019],[77.573642,12.952371],[77.573646,12.952723],[77.57365,12.953075],[77.573651,12.953216]],[[77.573673,12.948394],[77.573674,12.94843]],[[77.573672,12.948254],[77.573673,12.948394],[77.573673,12.948394]],[[77.57367,12.948078],[77.573671,12.948148],[77.573672,12.948254]],[[77.573669,12.947972],[77.573669,12.948007],[77.57367,12.948042],[77.57367,12.948078]],[[77.573669,12.947937],[77.573669,12.947972]]]}},{"type":"Feature","properties":{},"geometry":{"type":"MultiLineString","coordinates":[[[77.573623,12.95399],[77.573624,12.954096],[77.573628,12.954448],[77.573631,12.954764],[77.573634,12.955081],[77.573602,12.955398],[77.573605,12.95575],[77.573609,12.956102],[77.573611,12.956348],[77.573614,12.956559],[77.573618,12.956981],[77.573621,12.957298]],[[77.573616,12.953322],[77.573617,12.953392],[77.573621,12.953744],[77.573623,12.95399]],[[77.573652,12.953321],[77.573616,12.953322]],[[77.573651,12.953216],[77.573652,12.953321]],[[77.573674,12.94843],[77.573678,12.948817],[77.573645,12.949169],[77.573649,12.949485],[77.573652,12.949837],[77.573653,12.949873],[77.57366,12.950611],[77.573664,12.950963],[77.573667,12.951315],[77.573635,12.951667],[77.573639,12.952019],[77.573642,12.952371],[77.573646,12.952723],[77.57365,12.953075],[77.573651,12.953216]],[[77.573673,12.948394],[77.573674,12.94843]],[[77.573672,12.948254],[77.573673,12.948394],[77.573673,12.948394]],[[77.57367,12.948078],[77.573671,12.948148],[77.573672,12.948254]],[[77.573669,12.947972],[77.573669,12.948007],[77.57367,12.948042],[77.57367,12.948078]],[[77.573669,12.947937],[77.573669,12.947972]]]}},{"type":"Feature","properties":{},"geometry":{"type":"LineString","coordinates":[[77.579985,12.94805],[77.579949,12.948086],[77.579949,12.948121],[77.57995,12.948156],[77.57995,12.948191],[77.57995,12.948227],[77.579951,12.948262],[77.579951,12.948297],[77.579952,12.948332],[77.579952,12.948332]]}},{"type":"Feature","properties":{},"geometry":{"type":"LineString","coordinates":[[77.579985,12.94805],[77.579949,12.948086],[77.579949,12.948121],[77.57995,12.948156],[77.57995,12.948191],[77.57995,12.948227],[77.579951,12.948262],[77.579951,12.948297],[77.579952,12.948332],[77.579952,12.948332]]}},{"type":"Feature","properties":{},"geometry":{"type":"MultiLineString","coordinates":[[[77.567874,12.946129],[77.567878,12.946551],[77.567847,12.947044],[77.567852,12.947572],[77.567856,12.947889],[77.567823,12.948171]],[[77.567898,12.945038],[77.567899,12.945108],[77.567903,12.94553],[77.567872,12.946023],[77.567873,12.946094],[77.567874,12.946129]],[[77.567898,12.945003],[77.567898,12.945038],[77.567898,12.945038]],[[77.567921,12.943736],[77.567924,12.944017],[77.567893,12.944545],[77.567898,12.944967],[77.567898,12.945003]]]}},{"type":"Feature","properties":{},"geometry":{"type":"MultiLineString","coordinates":[[[77.567874,12.946129],[77.567878,12.946551],[77.567847,12.947044],[77.567852,12.947572],[77.567856,12.947889],[77.567823,12.948171]],[[77.567898,12.945038],[77.567899,12.945108],[77.567903,12.94553],[77.567872,12.946023],[77.567873,12.946094],[77.567874,12.946129]],[[77.567898,12.945003],[77.567898,12.945038],[77.567898,12.945038]],[[77.567921,12.943736],[77.567924,12.944017],[77.567893,12.944545],[77.567898,12.944967],[77.567898,12.945003]]]}},{"type":"Feature","properties":{},"geometry":{"type":"MultiLineString","coordinates":[[[77.57369,12.946529],[77.573691,12.94667]],[[77.573667,12.944277],[77.573672,12.944805],[77.573683,12.945825],[77.573684,12.945931]],[[77.573662,12.943784],[77.573662,12.94382],[77.573667,12.944277]],[[77.573697,12.943749],[77.573698,12.943784],[77.573662,12.943784],[77.573662,12.943784]],[[77.573697,12.943714],[77.573697,12.943749]]]}},{"type":"Feature","properties":{},"geometry":{"type":"MultiLineString","coordinates":[[[77.573657,12.946846],[77.573664,12.947444]],[[77.573684,12.945931],[77.573691,12.94667]],[[77.573667,12.944277],[77.573672,12.944805],[77.573683,12.945825],[77.573684,12.945931]],[[77.573662,12.943784],[77.573662,12.94382],[77.573667,12.944277]],[[77.573697,12.943749],[77.573698,12.943784],[77.573662,12.943784],[77.573662,12.943784]],[[77.573697,12.943714],[77.573697,12.943749]]]}},{"type":"Feature","properties":{},"geometry":{"type":"LineString","coordinates":[[77.560772,12.960381],[77.560772,12.960416]]}},{"type":"Feature","properties":{},"geometry":{"type":"MultiLineString","coordinates":[[[77.572117,12.957594],[77.572117,12.957559],[77.572151,12.957418],[77.572151,12.957418]],[[77.572151,12.957418],[77.572151,12.957383],[77.57215,12.957277],[77.572186,12.957277],[77.572186,12.957277]],[[77.572186,12.957277],[77.572185,12.957242],[77.572185,12.957242]]]}},{"type":"Feature","properties":{},"geometry":{"type":"MultiLineString","coordinates":[[[77.572117,12.957594],[77.572117,12.957559],[77.572151,12.957418],[77.572151,12.957418]],[[77.572151,12.957418],[77.572151,12.957383],[77.57215,12.957277],[77.572186,12.957277],[77.572186,12.957277]],[[77.572186,12.957277],[77.572185,12.957242],[77.572185,12.957242]]]}},{"type":"Feature","properties":{},"geometry":{"type":"MultiLineString","coordinates":[[[77.580047,12.936718],[77.580083,12.936718],[77.580083,12.936718]],[[77.580083,12.936718],[77.580119,12.936718]]]}},{"type":"Feature","properties":{},"geometry":{"type":"MultiLineString","coordinates":[[[77.580047,12.936718],[77.580083,12.936718],[77.580083,12.936718]],[[77.580083,12.936718],[77.580119,12.936718]]]}},{"type":"Feature","properties":{},"geometry":{"type":"MultiLineString","coordinates":[[[77.553153,12.923998],[77.553153,12.923962]],[[77.553224,12.923962],[77.55326,12.923961]]]}},{"type":"Feature","properties":{},"geometry":{"type":"MultiLineString","coordinates":[[[77.553153,12.923998],[77.553153,12.923962]],[[77.553224,12.923962],[77.55326,12.923961]]]}},{"type":"Feature","properties":{},"geometry":{"type":"MultiLineString","coordinates":[[[77.579987,12.930877],[77.579987,12.930842],[77.580166,12.93084]],[[77.579879,12.930843],[77.579951,12.930843],[77.579987,12.930842],[77.579987,12.930877]]]}},{"type":"Feature","properties":{},"geometry":{"type":"MultiLineString","coordinates":[[[77.579987,12.930877],[77.579987,12.930842],[77.580166,12.93084]],[[77.579879,12.930843],[77.579951,12.930843],[77.579987,12.930842],[77.579987,12.930877]]]}},{"type":"Feature","properties":{},"geometry":{"type":"MultiLineString","coordinates":[[[77.573537,12.917639],[77.573609,12.917638],[77.573609,12.917673],[77.573609,12.917673]],[[77.573459,12.917041],[77.573495,12.917041],[77.573496,12.917112],[77.573537,12.917639],[77.573537,12.917639]],[[77.57777,12.917597],[77.577913,12.917561],[77.577949,12.917525]],[[77.577949,12.917525],[77.578019,12.917419],[77.578198,12.917311],[77.578448,12.917274],[77.578879,12.91727],[77.579022,12.917268],[77.579023,12.917303],[77.579023,12.917303]],[[77.572774,12.916696],[77.572775,12.916767],[77.573063,12.916834],[77.573279,12.916938],[77.573459,12.917041]],[[77.572774,12.916626],[77.572774,12.916661],[77.572774,12.916696]]]}},{"type":"Feature","properties":{},"geometry":{"type":"MultiLineString","coordinates":[[[77.573537,12.917639],[77.573609,12.917638],[77.573609,12.917673],[77.573609,12.917673]],[[77.573459,12.917041],[77.573495,12.917041],[77.573496,12.917112],[77.573537,12.917639],[77.573537,12.917639]],[[77.57777,12.917597],[77.577913,12.917561],[77.577949,12.917525]],[[77.577949,12.917525],[77.578019,12.917419],[77.578198,12.917311],[77.578448,12.917274],[77.578879,12.91727],[77.579022,12.917268],[77.579023,12.917303],[77.579023,12.917303]],[[77.572774,12.916696],[77.572775,12.916767],[77.573063,12.916834],[77.573279,12.916938],[77.573459,12.917041]],[[77.572774,12.916626],[77.572774,12.916661],[77.572774,12.916696]]]}},{"type":"Feature","properties":{},"geometry":{"type":"LineString","coordinates":[[77.571441,12.940639],[77.571477,12.940639]]}},{"type":"Feature","properties":{},"geometry":{"type":"LineString","coordinates":[[77.571441,12.940639],[77.571477,12.940639]]}},{"type":"Feature","properties":{},"geometry":{"type":"LineString","coordinates":[[77.54435,12.929785],[77.54435,12.929749]]}},{"type":"Feature","properties":{},"geometry":{"type":"LineString","coordinates":[[77.54435,12.929785],[77.54435,12.929749]]}},{"type":"Feature","properties":{},"geometry":{"type":"MultiLineString","coordinates":[[[77.579023,12.917303],[77.579058,12.917268],[77.579094,12.917267],[77.579094,12.917267]],[[77.57913,12.917267],[77.579166,12.917267],[77.579166,12.917267]],[[77.579166,12.917267],[77.579202,12.917266],[77.579238,12.917266],[77.579273,12.917266],[77.579273,12.917266]],[[77.579094,12.917267],[77.57913,12.917267],[77.57913,12.917267]],[[77.579273,12.917266],[77.579381,12.917265]],[[77.579632,12.917262],[77.579883,12.91726],[77.580314,12.917255]],[[77.579381,12.917265],[77.579632,12.917262]]]}},{"type":"Feature","properties":{},"geometry":{"type":"MultiLineString","coordinates":[[[77.579023,12.917303],[77.579058,12.917268],[77.579094,12.917267],[77.579094,12.917267]],[[77.57913,12.917267],[77.579166,12.917267],[77.579166,12.917267]],[[77.579166,12.917267],[77.579202,12.917266],[77.579238,12.917266],[77.579273,12.917266],[77.579273,12.917266]],[[77.579094,12.917267],[77.57913,12.917267],[77.57913,12.917267]],[[77.579273,12.917266],[77.579381,12.917265]],[[77.579632,12.917262],[77.579883,12.91726],[77.580314,12.917255]],[[77.579381,12.917265],[77.579632,12.917262]]]}},{"type":"Feature","properties":{},"geometry":{"type":"LineString","coordinates":[[77.562546,12.965501],[77.562583,12.965571]]}},{"type":"Feature","properties":{},"geometry":{"type":"LineString","coordinates":[[77.562546,12.965501],[77.562583,12.965571]]}},{"type":"Feature","properties":{},"geometry":{"type":"LineString","coordinates":[[77.544741,12.929429],[77.544741,12.929394]]}},{"type":"Feature","properties":{},"geometry":{"type":"LineString","coordinates":[[77.544741,12.929429],[77.544741,12.929394]]}},{"type":"Feature","properties":{},"geometry":{"type":"MultiLineString","coordinates":[[[77.579985,12.94805],[77.579971,12.946713],[77.580002,12.94622]],[[77.580002,12.94622],[77.579992,12.94527],[77.580017,12.944249],[77.580011,12.943686],[77.58001,12.943546],[77.580002,12.942772],[77.579999,12.942455]],[[77.579999,12.942455],[77.579996,12.942209]],[[77.579996,12.942209],[77.579996,12.942173],[77.579995,12.942138]],[[77.579995,12.942138],[77.580022,12.941188],[77.580008,12.939851],[77.580028,12.938373],[77.580051,12.93707],[77.580086,12.936964]],[[77.580086,12.936964],[77.580121,12.936929],[77.580121,12.936929]]]}},{"type":"Feature","properties":{},"geometry":{"type":"MultiLineString","coordinates":[[[77.579985,12.94805],[77.579971,12.946713],[77.580002,12.94622]],[[77.580002,12.94622],[77.579992,12.94527],[77.580017,12.944249],[77.580011,12.943686],[77.58001,12.943546],[77.580002,12.942772],[77.579999,12.942455]],[[77.579999,12.942455],[77.579996,12.942209]],[[77.579996,12.942209],[77.579996,12.942173],[77.579995,12.942138]],[[77.579995,12.942138],[77.580022,12.941188],[77.580008,12.939851],[77.580028,12.938373],[77.580051,12.93707],[77.580086,12.936964]],[[77.580086,12.936964],[77.580121,12.936929],[77.580121,12.936929]]]}},{"type":"Feature","properties":{},"geometry":{"type":"MultiLineString","coordinates":[[[77.579985,12.94805],[77.579971,12.946713],[77.580002,12.94622]],[[77.580002,12.94622],[77.579992,12.94527],[77.580017,12.944249],[77.580011,12.943686],[77.58001,12.943546],[77.580002,12.942772],[77.579999,12.942455]],[[77.579999,12.942455],[77.579996,12.942209]],[[77.579996,12.942209],[77.579996,12.942173],[77.579995,12.942138]],[[77.579995,12.942138],[77.580022,12.941188],[77.580008,12.939851],[77.580028,12.938373],[77.580051,12.93707],[77.580086,12.936964]],[[77.580086,12.936964],[77.580121,12.936929],[77.580121,12.936929]]]}},{"type":"Feature","properties":{},"geometry":{"type":"LineString","coordinates":[[77.548533,12.956595],[77.548463,12.956736]]}},{"type":"Feature","properties":{},"geometry":{"type":"LineString","coordinates":[[77.548533,12.956595],[77.548463,12.956736]]}},{"type":"Feature","properties":{},"geometry":{"type":"LineString","coordinates":[[77.548533,12.956595],[77.548463,12.956736]]}},{"type":"Feature","properties":{},"geometry":{"type":"LineString","coordinates":[[77.548533,12.956595],[77.548463,12.956736]]}},{"type":"Feature","properties":{},"geometry":{"type":"LineString","coordinates":[[77.548533,12.956595],[77.548463,12.956736]]}},{"type":"Feature","properties":{},"geometry":{"type":"LineString","coordinates":[[77.548533,12.956595],[77.548463,12.956736]]}},{"type":"Feature","properties":{},"geometry":{"type":"MultiLineString","coordinates":[[[77.567603,12.954753],[77.567603,12.954789]],[[77.567603,12.954718],[77.567603,12.954753]]]}},{"type":"Feature","properties":{},"geometry":{"type":"MultiLineString","coordinates":[[[77.567603,12.954753],[77.567603,12.954789]],[[77.567603,12.954718],[77.567603,12.954753]]]}},{"type":"Feature","properties":{},"geometry":{"type":"MultiLineString","coordinates":[[[77.567603,12.954753],[77.567603,12.954789]],[[77.567603,12.954718],[77.567603,12.954753]]]}},{"type":"Feature","properties":{},"geometry":{"type":"MultiLineString","coordinates":[[[77.548745,12.956241],[77.54871,12.956276],[77.548533,12.956595]],[[77.549133,12.955603],[77.549097,12.955604],[77.548886,12.956028],[77.548745,12.956241]],[[77.549133,12.955568],[77.549133,12.955603],[77.549133,12.955603]],[[77.550194,12.95408],[77.550159,12.954115]],[[77.550265,12.954009],[77.550194,12.95408]],[[77.550407,12.953831],[77.550265,12.954009]],[[77.550442,12.953796],[77.550407,12.953831]],[[77.55115,12.952768],[77.551043,12.95291],[77.550726,12.953406],[77.550513,12.953725],[77.550442,12.953796]],[[77.552353,12.951173],[77.552178,12.951562],[77.551929,12.951775],[77.551469,12.952378]]]}},{"type":"Feature","properties":{},"geometry":{"type":"MultiLineString","coordinates":[[[77.548745,12.956241],[77.54871,12.956276],[77.548533,12.956595]],[[77.549133,12.955603],[77.549097,12.955604],[77.548886,12.956028],[77.548745,12.956241]],[[77.549133,12.955568],[77.549133,12.955603],[77.549133,12.955603]],[[77.550194,12.95408],[77.550159,12.954115]],[[77.550265,12.954009],[77.550194,12.95408]],[[77.550407,12.953831],[77.550265,12.954009]],[[77.550442,12.953796],[77.550407,12.953831]],[[77.55115,12.952768],[77.551043,12.95291],[77.550726,12.953406],[77.550513,12.953725],[77.550442,12.953796]],[[77.552353,12.951173],[77.552178,12.951562],[77.551929,12.951775],[77.551469,12.952378]]]}},{"type":"Feature","properties":{},"geometry":{"type":"MultiLineString","coordinates":[[[77.548745,12.956241],[77.54871,12.956276],[77.548533,12.956595]],[[77.549133,12.955603],[77.549097,12.955604],[77.548886,12.956028],[77.548745,12.956241]],[[77.549133,12.955568],[77.549133,12.955603],[77.549133,12.955603]],[[77.550194,12.95408],[77.550159,12.954115]],[[77.550265,12.954009],[77.550194,12.95408]],[[77.550407,12.953831],[77.550265,12.954009]],[[77.550442,12.953796],[77.550407,12.953831]],[[77.55115,12.952768],[77.551043,12.95291],[77.550726,12.953406],[77.550513,12.953725],[77.550442,12.953796]],[[77.552353,12.951173],[77.552178,12.951562],[77.551929,12.951775],[77.551469,12.952378]]]}},{"type":"Feature","properties":{},"geometry":{"type":"MultiLineString","coordinates":[[[77.568029,12.968333],[77.568124,12.96703]],[[77.568124,12.96703],[77.568121,12.966748]],[[77.568121,12.966748],[77.568154,12.966502]],[[77.56815,12.966115],[77.568214,12.965305]],[[77.568214,12.965305],[77.568212,12.965164]],[[77.568212,12.965164],[77.568282,12.964987]],[[77.568282,12.964987],[77.568281,12.964882],[77.568279,12.964635],[77.56831,12.964248],[77.568343,12.963966],[77.568342,12.963861]]]}},{"type":"Feature","properties":{},"geometry":{"type":"MultiLineString","coordinates":[[[77.568029,12.968333],[77.568124,12.96703]],[[77.568124,12.96703],[77.568121,12.966748]],[[77.568121,12.966748],[77.568154,12.966502]],[[77.56815,12.966115],[77.568214,12.965305]],[[77.568214,12.965305],[77.568212,12.965164]],[[77.568212,12.965164],[77.568282,12.964987]],[[77.568282,12.964987],[77.568281,12.964882],[77.568279,12.964635],[77.56831,12.964248],[77.568343,12.963966],[77.568342,12.963861]]]}},{"type":"Feature","properties":{},"geometry":{"type":"MultiLineString","coordinates":[[[77.568029,12.968333],[77.568124,12.96703]],[[77.568124,12.96703],[77.568121,12.966748]],[[77.568121,12.966748],[77.568154,12.966502]],[[77.56815,12.966115],[77.568214,12.965305]],[[77.568214,12.965305],[77.568212,12.965164]],[[77.568212,12.965164],[77.568282,12.964987]],[[77.568282,12.964987],[77.568281,12.964882],[77.568279,12.964635],[77.56831,12.964248],[77.568343,12.963966],[77.568342,12.963861]]]}},{"type":"Feature","properties":{},"geometry":{"type":"LineString","coordinates":[[77.579952,12.948367],[77.579952,12.948332]]}},{"type":"Feature","properties":{},"geometry":{"type":"LineString","coordinates":[[77.579952,12.948367],[77.579952,12.948332]]}},{"type":"Feature","properties":{},"geometry":{"type":"LineString","coordinates":[[77.579952,12.948367],[77.579952,12.948332]]}},{"type":"Feature","properties":{},"geometry":{"type":"LineString","coordinates":[[77.579952,12.948367],[77.579952,12.948332]]}},{"type":"Feature","properties":{},"geometry":{"type":"LineString","coordinates":[[77.579952,12.948332],[77.579985,12.948086]]}},{"type":"Feature","properties":{},"geometry":{"type":"LineString","coordinates":[[77.579952,12.948332],[77.579985,12.948086]]}},{"type":"Feature","properties":{},"geometry":{"type":"LineString","coordinates":[[77.579952,12.948332],[77.579985,12.948086]]}},{"type":"Feature","properties":{},"geometry":{"type":"LineString","coordinates":[[77.579952,12.948332],[77.579985,12.948086]]}},{"type":"Feature","properties":{},"geometry":{"type":"LineString","coordinates":[[77.579985,12.948086],[77.579985,12.94805],[77.579985,12.94805]]}},{"type":"Feature","properties":{},"geometry":{"type":"LineString","coordinates":[[77.579985,12.948086],[77.579985,12.94805],[77.579985,12.94805]]}},{"type":"Feature","properties":{},"geometry":{"type":"LineString","coordinates":[[77.579985,12.948086],[77.579985,12.94805],[77.579985,12.94805]]}},{"type":"Feature","properties":{},"geometry":{"type":"LineString","coordinates":[[77.579985,12.948086],[77.579985,12.94805],[77.579985,12.94805]]}},{"type":"Feature","properties":{},"geometry":{"type":"LineString","coordinates":[[77.573573,12.921158],[77.573574,12.921193]]}},{"type":"Feature","properties":{},"geometry":{"type":"LineString","coordinates":[[77.568688,12.941546],[77.568687,12.941511]]}},{"type":"Feature","properties":{},"geometry":{"type":"LineString","coordinates":[[77.54549,12.943111],[77.545526,12.943075]]}},{"type":"Feature","properties":{},"geometry":{"type":"LineString","coordinates":[[77.568572,12.940738],[77.568571,12.940703]]}},{"type":"Feature","properties":{},"geometry":{"type":"LineString","coordinates":[[77.568683,12.941124],[77.568684,12.941159],[77.568684,12.941194]]}},{"type":"Feature","properties":{},"geometry":{"type":"LineString","coordinates":[[77.573661,12.943714],[77.573657,12.946776]]}},{"type":"Feature","properties":{},"geometry":{"type":"LineString","coordinates":[[77.573664,12.947444],[77.573664,12.947515]]}},{"type":"Feature","properties":{},"geometry":{"type":"MultiLineString","coordinates":[[[77.573664,12.947515],[77.573668,12.947831],[77.573669,12.947937]],[[77.573691,12.94667],[77.573657,12.946846],[77.573664,12.947444]],[[77.573684,12.945931],[77.57369,12.946529]]]}},{"type":"Feature","properties":{},"geometry":{"type":"MultiLineString","coordinates":[[[77.573666,12.947655],[77.573668,12.947831],[77.573669,12.947937]],[[77.573657,12.946776],[77.573626,12.947234]]]}},{"type":"Feature","properties":{},"geometry":{"type":"LineString","coordinates":[[77.573626,12.947234],[77.573666,12.947655]]}},{"type":"Feature","properties":{},"geometry":{"type":"LineString","coordinates":[[77.555416,12.941853],[77.555344,12.941853]]}},{"type":"Feature","properties":{},"geometry":{"type":"LineString","coordinates":[[77.567899,12.945073],[77.567899,12.945108]]}},{"type":"Feature","properties":{},"geometry":{"type":"LineString","coordinates":[[77.583149,12.952207],[77.583112,12.952137]]}},{"type":"Feature","properties":{},"geometry":{"type":"LineString","coordinates":[[77.567898,12.945003],[77.569226,12.945025],[77.570302,12.945049],[77.570361,12.943747],[77.570354,12.943113]]}},{"type":"Feature","properties":{},"geometry":{"type":"LineString","coordinates":[[77.562126,12.959488],[77.560726,12.959466],[77.559291,12.959445]]}},{"type":"Feature","properties":{},"geometry":{"type":"LineString","coordinates":[[77.580051,12.951041],[77.580052,12.951146],[77.58009,12.951322],[77.580092,12.951498],[77.580095,12.951815],[77.580098,12.952131],[77.5801,12.952307]]}},{"type":"Feature","properties":{},"geometry":{"type":"MultiLineString","coordinates":[[[77.580129,12.955122],[77.579986,12.955159]],[[77.5801,12.948788],[77.5801,12.948823],[77.580104,12.949246],[77.580107,12.949527],[77.580072,12.949563],[77.580074,12.949809],[77.580082,12.950548],[77.580049,12.950795],[77.580051,12.951041]]]}},{"type":"Feature","properties":{},"geometry":{"type":"LineString","coordinates":[[77.580129,12.955122],[77.580123,12.954559],[77.58008,12.953856],[77.580109,12.953152],[77.580105,12.952765],[77.580102,12.952483],[77.5801,12.952307]]}},{"type":"Feature","properties":{},"geometry":{"type":"LineString","coordinates":[[77.57513,12.943488],[77.57513,12.943524],[77.575131,12.943594]]}},{"type":"Feature","properties":{},"geometry":{"type":"LineString","coordinates":[[77.5801,12.952307],[77.580093,12.951604],[77.580051,12.951041],[77.580048,12.950724],[77.580078,12.950126],[77.580106,12.949422],[77.5801,12.948788]]}},{"type":"Feature","properties":{},"geometry":{"type":"LineString","coordinates":[[77.553694,12.94194],[77.553766,12.941939],[77.553874,12.941938],[77.553946,12.941937],[77.55434,12.941933]]}},{"type":"Feature","properties":{},"geometry":{"type":"MultiLineString","coordinates":[[[77.560257,12.941629],[77.560293,12.941594]],[[77.560293,12.941594],[77.560292,12.941558],[77.560471,12.941451],[77.560542,12.941415],[77.560542,12.94138],[77.560577,12.94138],[77.560684,12.941238],[77.560791,12.941166]],[[77.560791,12.941166],[77.560826,12.941131],[77.560968,12.941024],[77.561147,12.940917],[77.561289,12.94081],[77.561432,12.940703],[77.561503,12.940631]],[[77.561503,12.940631],[77.561538,12.940631],[77.562143,12.940133]]]}},{"type":"Feature","properties":{},"geometry":{"type":"LineString","coordinates":[[77.55434,12.941933],[77.55477,12.941894],[77.555559,12.941851],[77.556456,12.941807],[77.557029,12.941766],[77.557961,12.941687],[77.558607,12.94168],[77.559575,12.941636],[77.560185,12.94163],[77.560436,12.941627],[77.561047,12.941692],[77.561334,12.941724]]}},{"type":"Feature","properties":{},"geometry":{"type":"LineString","coordinates":[[77.553694,12.94194],[77.553479,12.941942],[77.552941,12.941947],[77.552654,12.941985],[77.552332,12.942024],[77.551866,12.942063],[77.551579,12.942066],[77.551292,12.942069],[77.551113,12.942106]]}},{"type":"Feature","properties":{},"geometry":{"type":"LineString","coordinates":[[77.547172,12.942637],[77.546742,12.942747],[77.54642,12.94282],[77.545919,12.942966]]}},{"type":"Feature","properties":{},"geometry":{"type":"LineString","coordinates":[[77.54524,12.943184],[77.545633,12.943039]]}},{"type":"Feature","properties":{},"geometry":{"type":"LineString","coordinates":[[77.55434,12.941933],[77.553946,12.941937],[77.553874,12.941938]]}},{"type":"Feature","properties":{},"geometry":{"type":"LineString","coordinates":[[77.550181,12.942185],[77.550682,12.94211],[77.550898,12.942108],[77.551005,12.942107],[77.551113,12.942106]]}},{"type":"Feature","properties":{},"geometry":{"type":"LineString","coordinates":[[77.562874,12.965991],[77.56291,12.965955]]}},{"type":"Feature","properties":{},"geometry":{"type":"LineString","coordinates":[[77.519349,12.987355],[77.51942,12.987354],[77.519492,12.987318]]}},{"type":"Feature","properties":{},"geometry":{"type":"MultiLineString","coordinates":[[[77.564869,12.982053],[77.565729,12.981974],[77.56573,12.98201]],[[77.564385,12.980369],[77.564386,12.980439],[77.56439,12.980791]],[[77.564826,12.977831],[77.564827,12.977972],[77.564793,12.978113],[77.564793,12.978183],[77.564688,12.97843],[77.564513,12.978819],[77.564409,12.979172],[77.564409,12.979207]],[[77.564523,12.976285],[77.564561,12.976531]]]}},{"type":"Feature","properties":{},"geometry":{"type":"MultiLineString","coordinates":[[[77.56466,12.975686],[77.564517,12.975722],[77.564517,12.975722]],[[77.566706,12.972287],[77.566671,12.972358],[77.566637,12.972499],[77.566602,12.972605],[77.566534,12.972958],[77.56643,12.973311],[77.566396,12.973487],[77.566361,12.973628],[77.566257,12.973981],[77.566223,12.974087],[77.566153,12.974263],[77.566117,12.974334],[77.566047,12.974476],[77.566012,12.974582],[77.565941,12.974653],[77.565906,12.974723],[77.565799,12.974795],[77.565728,12.974866],[77.565693,12.974937],[77.565622,12.974972],[77.565515,12.975044],[77.565479,12.975079],[77.565337,12.975186],[77.565159,12.975329],[77.564909,12.975507],[77.564803,12.975614],[77.56466,12.975686],[77.56466,12.975686]],[[77.566877,12.971406],[77.566877,12.971441],[77.566879,12.971617],[77.566775,12.971935],[77.566741,12.972146],[77.566706,12.972287]]]}},{"type":"Feature","properties":{},"geometry":{"type":"MultiLineString","coordinates":[[[77.537634,12.950402],[77.537815,12.950541],[77.538032,12.950715],[77.538213,12.950819],[77.538249,12.950818],[77.538285,12.950853],[77.538357,12.950852],[77.538501,12.950886],[77.538609,12.95092]],[[77.536583,12.949356],[77.536729,12.949531],[77.536801,12.949565],[77.536874,12.94967],[77.537199,12.949949],[77.537381,12.950158],[77.537598,12.950332],[77.537598,12.950367],[77.537634,12.950402]],[[77.535788,12.948801],[77.536113,12.949009],[77.536258,12.949113],[77.536294,12.949113],[77.536402,12.949182],[77.536583,12.949356]],[[77.53485,12.948282],[77.535283,12.948524],[77.535608,12.948697],[77.535752,12.948766],[77.535788,12.948801]]]}},{"type":"Feature","properties":{},"geometry":{"type":"MultiLineString","coordinates":[[[77.54656,12.960098],[77.546595,12.960062]],[[77.547722,12.95801],[77.547828,12.957833]],[[77.547828,12.957833],[77.547934,12.957656],[77.548004,12.957515]],[[77.548004,12.957515],[77.548004,12.95748]]]}},{"type":"Feature","properties":{},"geometry":{"type":"MultiLineString","coordinates":[[[77.485245,12.924794],[77.485281,12.924758],[77.485317,12.924758]],[[77.485024,12.924127],[77.485061,12.924303],[77.485134,12.924443],[77.485209,12.924689],[77.485245,12.924723],[77.485245,12.924794],[77.485245,12.924794]],[[77.485317,12.924758],[77.485353,12.924758]],[[77.485353,12.924758],[77.485388,12.924722],[77.485603,12.92465],[77.48596,12.924541],[77.486318,12.924396],[77.48664,12.924288],[77.486997,12.924179],[77.487247,12.924071],[77.487498,12.923998],[77.487677,12.923961],[77.48807,12.923817],[77.488106,12.923781],[77.488249,12.923745]],[[77.491102,12.918403],[77.491248,12.918648],[77.491612,12.919173],[77.491649,12.919278],[77.492048,12.919696],[77.49259,12.920078],[77.492988,12.920497],[77.493244,12.920952],[77.493426,12.921232],[77.493681,12.921581],[77.49397,12.92179],[77.494547,12.922066],[77.495016,12.922343],[77.496026,12.922931],[77.496458,12.923068],[77.497034,12.923238],[77.497214,12.923307],[77.497612,12.923655]],[[77.488249,12.923745],[77.488534,12.923601],[77.488712,12.923459],[77.488889,12.923211],[77.488924,12.92314],[77.489136,12.922751],[77.489241,12.922468],[77.489485,12.921762],[77.48966,12.921338],[77.489656,12.920916],[77.489864,12.92021],[77.49011,12.919645],[77.490459,12.918726],[77.49053,12.91862]],[[77.49053,12.91862],[77.490601,12.918514],[77.490956,12.918158]],[[77.490956,12.918158],[77.491102,12.918403]]]}},{"type":"Feature","properties":{},"geometry":{"type":"LineString","coordinates":[[77.518693,12.936474],[77.518477,12.936441],[77.518298,12.936407],[77.518047,12.93641],[77.517365,12.936416],[77.517149,12.936383],[77.516718,12.936352],[77.516611,12.936353],[77.516431,12.93632],[77.516036,12.936253],[77.515497,12.936153],[77.514778,12.936054],[77.514455,12.936022],[77.514131,12.935884],[77.513807,12.935782],[77.513303,12.935611]]}},{"type":"Feature","properties":{},"geometry":{"type":"MultiLineString","coordinates":[[[77.53485,12.948282],[77.534345,12.94797],[77.534309,12.947936],[77.533912,12.947764],[77.533768,12.94773],[77.5333,12.947594],[77.53312,12.947525]],[[77.53312,12.947525],[77.532905,12.947492]],[[77.532905,12.947492],[77.532869,12.947492],[77.532364,12.947286],[77.532256,12.947252]],[[77.532256,12.947252],[77.531896,12.947114],[77.531356,12.946944],[77.530996,12.946806],[77.530528,12.946635],[77.530024,12.946499],[77.52988,12.94643],[77.52952,12.946258],[77.529339,12.946189],[77.529051,12.946016],[77.529014,12.945981]],[[77.529014,12.945981],[77.528762,12.945843],[77.528545,12.945704],[77.528401,12.945635],[77.528039,12.945287],[77.527568,12.944869],[77.527169,12.944451],[77.527097,12.944416]]]}},{"type":"Feature","properties":{},"geometry":{"type":"LineString","coordinates":[[77.527097,12.944416],[77.526843,12.944172],[77.526771,12.944103],[77.526517,12.943823],[77.526408,12.943649],[77.52619,12.943404],[77.526153,12.943334],[77.52608,12.943229],[77.525825,12.94281],[77.525534,12.94239],[77.525242,12.941935],[77.524986,12.94148],[77.524695,12.941026],[77.52444,12.940641],[77.524404,12.940606],[77.524113,12.940257],[77.524004,12.940153],[77.523641,12.939699],[77.523496,12.939559],[77.523242,12.93928],[77.522952,12.939002],[77.522699,12.938828],[77.522194,12.938516],[77.521869,12.938308],[77.521761,12.938239],[77.521435,12.93796],[77.521326,12.937856],[77.521145,12.937682],[77.520746,12.937228],[77.520384,12.936985],[77.519916,12.936814],[77.519305,12.936644],[77.519233,12.936644]]}},{"type":"Feature","properties":{},"geometry":{"type":"MultiLineString","coordinates":[[[77.531022,12.970631],[77.531021,12.970596],[77.530947,12.97035],[77.53091,12.97021],[77.530909,12.970175],[77.530909,12.970139]],[[77.530909,12.970139],[77.530834,12.969859],[77.530758,12.969402],[77.530646,12.969016],[77.530571,12.968665],[77.530532,12.968384],[77.530532,12.968348]],[[77.530532,12.968348],[77.530495,12.968208],[77.530494,12.968102],[77.530492,12.967962],[77.530526,12.967785],[77.530526,12.967785]],[[77.530526,12.967785],[77.530489,12.96761],[77.530488,12.967539],[77.530488,12.967539]],[[77.530488,12.967539],[77.530488,12.967504],[77.530486,12.967293],[77.530482,12.966906],[77.530479,12.96666],[77.530477,12.966449],[77.530477,12.966449]],[[77.530477,12.966449],[77.530476,12.966308],[77.530436,12.965956],[77.530434,12.96571],[77.530432,12.965534],[77.53043,12.965358],[77.530428,12.965182],[77.530425,12.964901],[77.530424,12.964795],[77.530424,12.96476]],[[77.530424,12.96476],[77.530424,12.964725]],[[77.530424,12.964725],[77.530458,12.964584],[77.530457,12.964443]],[[77.530457,12.964443],[77.530454,12.964196],[77.530451,12.96388],[77.53045,12.963774],[77.530413,12.963704]],[[77.530413,12.963704],[77.530375,12.963493],[77.530338,12.963353]]]}},{"type":"Feature","properties":{},"geometry":{"type":"LineString","coordinates":[[77.530338,12.963353],[77.530338,12.963318]]}},{"type":"Feature","properties":{},"geometry":{"type":"MultiLineString","coordinates":[[[77.536921,12.975641],[77.536846,12.975325],[77.53681,12.97522],[77.536735,12.974939],[77.536698,12.974869],[77.536698,12.974869]],[[77.536698,12.974869],[77.536587,12.974553],[77.536587,12.974553]],[[77.536587,12.974553],[77.536476,12.974203],[77.536476,12.974203]],[[77.536476,12.974203],[77.536439,12.974097],[77.536365,12.973852]],[[77.536365,12.973852],[77.536615,12.973744],[77.536866,12.973671],[77.537187,12.973527],[77.537473,12.973454],[77.537795,12.973345],[77.537795,12.973345]],[[77.537795,12.973345],[77.537831,12.97331],[77.538189,12.973201],[77.538224,12.9732]],[[77.538224,12.9732],[77.538439,12.973128]],[[77.538439,12.973128],[77.538475,12.973127]],[[77.538475,12.973127],[77.538546,12.973092],[77.538546,12.973092]]]}},{"type":"Feature","properties":{},"geometry":{"type":"MultiLineString","coordinates":[[[77.532834,12.975998],[77.532798,12.975963]],[[77.532798,12.975963],[77.53276,12.975787],[77.532612,12.975261],[77.5325,12.97484],[77.532499,12.974769],[77.532499,12.974769]],[[77.532499,12.974769],[77.532499,12.974734],[77.532462,12.974629]],[[77.532462,12.974629],[77.532461,12.974594],[77.532423,12.974383],[77.532387,12.974313],[77.532348,12.974067],[77.532348,12.974032],[77.532273,12.973716],[77.532236,12.973611],[77.532197,12.973329],[77.532161,12.973259],[77.532122,12.972978],[77.532084,12.972803],[77.532045,12.972486],[77.532009,12.972416],[77.531969,12.9721],[77.531969,12.9721]],[[77.53068,12.972324],[77.530605,12.972043],[77.530605,12.972008],[77.530605,12.972008]],[[77.531969,12.9721],[77.531826,12.972101],[77.531575,12.972139],[77.531074,12.972249],[77.53068,12.972324]],[[77.530605,12.972008],[77.530568,12.971902],[77.53053,12.971727]],[[77.53053,12.971727],[77.530493,12.971551],[77.530492,12.971446],[77.530455,12.971376]],[[77.530455,12.971376],[77.530416,12.971094],[77.530416,12.971094]],[[77.530416,12.971094],[77.530452,12.971094],[77.530667,12.971057]],[[77.530667,12.971057],[77.530739,12.971021],[77.53081,12.97102]],[[77.53081,12.97102],[77.530918,12.970984],[77.531097,12.970947],[77.531096,12.970912]],[[77.531096,12.970912],[77.53106,12.970842],[77.531022,12.970666]],[[77.531022,12.970666],[77.531022,12.970631]]]}},{"type":"Feature","properties":{},"geometry":{"type":"MultiLineString","coordinates":[[[77.530051,12.956212],[77.529903,12.955826]],[[77.529903,12.955826],[77.529866,12.955686]]]}},{"type":"Feature","properties":{},"geometry":{"type":"MultiLineString","coordinates":[[[77.534543,12.953388],[77.534723,12.953457],[77.535699,12.954186],[77.535877,12.954009],[77.536019,12.953866]],[[77.536019,12.953866],[77.536019,12.953831],[77.536055,12.953831],[77.536409,12.95344],[77.536657,12.953121],[77.536693,12.95305]],[[77.536693,12.95305],[77.536869,12.952802],[77.536869,12.952802]],[[77.536869,12.952802],[77.537044,12.952343],[77.537044,12.952343]],[[77.537044,12.952343],[77.537079,12.952202],[77.537182,12.951814],[77.537217,12.951708]],[[77.537217,12.951708],[77.537217,12.951673]],[[77.537217,12.951673],[77.537599,12.950473]],[[77.537599,12.950473],[77.537635,12.950437]],[[77.537635,12.950437],[77.537634,12.950402]]]}},{"type":"Feature","properties":{},"geometry":{"type":"MultiLineString","coordinates":[[[77.531005,12.954795],[77.531041,12.954795]],[[77.531041,12.954795],[77.531077,12.954794]],[[77.531077,12.954794],[77.531112,12.954759],[77.531292,12.954757],[77.531435,12.95472]],[[77.531435,12.95472],[77.531507,12.95472],[77.531686,12.954683],[77.531865,12.954646],[77.532044,12.954644],[77.532259,12.954607],[77.532366,12.954571],[77.532438,12.95457],[77.532617,12.954533],[77.53276,12.954496],[77.532975,12.954459],[77.533154,12.954422],[77.533369,12.954385],[77.533512,12.954348],[77.533512,12.954348]],[[77.533512,12.954348],[77.533548,12.954348]],[[77.533548,12.954348],[77.533727,12.954311],[77.533727,12.954311]],[[77.533727,12.954311],[77.53387,12.954274],[77.534049,12.954237],[77.534228,12.954201],[77.534443,12.954128],[77.53455,12.954092],[77.534583,12.95381],[77.534545,12.953599],[77.534543,12.953388]]]}},{"type":"Feature","properties":{},"geometry":{"type":"LineString","coordinates":[[77.530338,12.963318],[77.530301,12.963213],[77.5303,12.963177]]}},{"type":"Feature","properties":{},"geometry":{"type":"LineString","coordinates":[[77.5303,12.963177],[77.5303,12.963142]]}},{"type":"Feature","properties":{},"geometry":{"type":"MultiLineString","coordinates":[[[77.5303,12.963142],[77.530263,12.963002],[77.530225,12.962826],[77.530151,12.962616],[77.53015,12.96251],[77.530112,12.962299],[77.530074,12.962053],[77.530073,12.961948],[77.530071,12.961772],[77.529961,12.961597],[77.529887,12.961351],[77.529886,12.961246],[77.529813,12.961106],[77.529812,12.961035]],[[77.529812,12.961035],[77.529775,12.960895],[77.529738,12.96079],[77.5297,12.960614]],[[77.5297,12.960614],[77.529664,12.960544],[77.529553,12.960193],[77.529478,12.959877],[77.529441,12.959772],[77.529257,12.959352],[77.529109,12.95886],[77.528997,12.95851],[77.52885,12.958159],[77.528739,12.957808],[77.528592,12.957423],[77.528482,12.957177],[77.528481,12.957142]],[[77.528481,12.957142],[77.528517,12.957107],[77.528766,12.956893]],[[77.528766,12.956893],[77.528801,12.956857],[77.528944,12.956751],[77.529086,12.956644],[77.529122,12.956643]],[[77.529122,12.956643],[77.529122,12.956608],[77.529229,12.956537],[77.529371,12.956394]],[[77.529371,12.956394],[77.529407,12.956394],[77.52937,12.956359]],[[77.52937,12.956359],[77.529296,12.956149]],[[77.529296,12.956149],[77.529296,12.956114],[77.529111,12.955517]]]}},{"type":"Feature","properties":{},"geometry":{"type":"MultiLineString","coordinates":[[[77.548752,12.97454],[77.548752,12.974505]],[[77.548752,12.974505],[77.548751,12.974399],[77.548893,12.974292],[77.548893,12.974292]],[[77.548893,12.974292],[77.548929,12.974292],[77.549143,12.974149],[77.549179,12.974149],[77.54925,12.974148]]]}},{"type":"Feature","properties":{},"geometry":{"type":"MultiLineString","coordinates":[[[77.537217,12.951673],[77.537216,12.951602],[77.537215,12.951532]],[[77.537215,12.951532],[77.537563,12.950473],[77.537599,12.950473]]]}},{"type":"Feature","properties":{},"geometry":{"type":"LineString","coordinates":[[77.537215,12.951532],[77.537179,12.951497]]}},{"type":"Feature","properties":{},"geometry":{"type":"MultiLineString","coordinates":[[[77.547818,12.974479],[77.547603,12.974481],[77.546706,12.97449]],[[77.548213,12.974475],[77.54807,12.974476],[77.547818,12.974479]],[[77.548285,12.974474],[77.548213,12.974475]],[[77.546706,12.97449],[77.546563,12.974491]],[[77.546563,12.974491],[77.546527,12.974492]],[[77.546527,12.974492],[77.546096,12.974496],[77.545666,12.9745],[77.545235,12.974504],[77.544912,12.974507]],[[77.544912,12.974507],[77.54484,12.974508],[77.544804,12.974473]],[[77.544804,12.974473],[77.544768,12.974438]],[[77.544768,12.974438],[77.54448,12.974336],[77.54412,12.974269],[77.543618,12.974238],[77.543114,12.974138],[77.542611,12.974037],[77.542287,12.97397]],[[77.542287,12.97397],[77.542143,12.973936],[77.541424,12.973802],[77.5411,12.9737],[77.540597,12.973599],[77.540093,12.973499],[77.53959,12.973398],[77.53905,12.973263],[77.538943,12.973264],[77.53869,12.97316],[77.53869,12.97316]],[[77.53869,12.97316],[77.53869,12.973125],[77.538654,12.973126],[77.538654,12.973126]],[[77.538654,12.973126],[77.538546,12.973092]]]}},{"type":"Feature","properties":{},"geometry":{"type":"MultiLineString","coordinates":[[[77.534454,12.980029],[77.534454,12.980064],[77.534565,12.98038],[77.534676,12.980731],[77.534787,12.981046],[77.534862,12.981327],[77.534899,12.981432]],[[77.534306,12.979608],[77.534344,12.979749],[77.534454,12.980029]],[[77.534195,12.979292],[77.534269,12.979433],[77.534306,12.979608]],[[77.534084,12.978906],[77.534084,12.978942],[77.534158,12.979187],[77.534195,12.979292]],[[77.53401,12.978696],[77.534084,12.978906]],[[77.533899,12.97838],[77.533973,12.978626],[77.53401,12.978696]],[[77.533788,12.977994],[77.533862,12.978275],[77.533899,12.97838]],[[77.533602,12.977433],[77.533677,12.977679],[77.533787,12.977959],[77.533788,12.977994]],[[77.533491,12.977082],[77.533602,12.977398],[77.533602,12.977433]],[[77.533268,12.97631],[77.533379,12.976661],[77.53349,12.977012],[77.533491,12.977082]],[[77.533193,12.975994],[77.53323,12.976135],[77.533268,12.976275],[77.533268,12.97631]],[[77.532834,12.975998],[77.532835,12.976033],[77.533156,12.975924],[77.533157,12.975959],[77.533193,12.975994]]]}},{"type":"Feature","properties":{},"geometry":{"type":"MultiLineString","coordinates":[[[77.553355,12.975515],[77.553283,12.975516],[77.553067,12.975413],[77.552814,12.975274],[77.552598,12.975136],[77.552344,12.974927],[77.552236,12.974823],[77.552127,12.974753]],[[77.552127,12.974753],[77.552055,12.974719]],[[77.548503,12.974719],[77.548467,12.974754]],[[77.552055,12.974719],[77.552055,12.974684],[77.552055,12.974684]],[[77.548538,12.974718],[77.548503,12.974719],[77.548503,12.974719]],[[77.552055,12.974684],[77.551982,12.974579],[77.551982,12.974579]],[[77.548681,12.974611],[77.548645,12.974647],[77.548538,12.974718],[77.548538,12.974718]],[[77.551982,12.974579],[77.551909,12.974509],[77.551728,12.9743],[77.551655,12.974195],[77.551583,12.974125],[77.55151,12.974056],[77.551401,12.973951],[77.551147,12.973672],[77.550966,12.973498],[77.550895,12.973534],[77.550786,12.973394],[77.550676,12.973184],[77.550639,12.973114],[77.550603,12.973114],[77.550461,12.973221],[77.55039,12.973257]],[[77.548752,12.97454],[77.548681,12.974611]],[[77.548787,12.974505],[77.548752,12.97454]],[[77.54925,12.974148],[77.549179,12.974219],[77.549001,12.974362],[77.548894,12.974433],[77.548787,12.974505]],[[77.549321,12.974077],[77.54925,12.974148]],[[77.55039,12.973257],[77.550354,12.973293],[77.550212,12.973435],[77.550069,12.973542],[77.549927,12.973614],[77.549784,12.973721],[77.549571,12.973899],[77.549357,12.974077],[77.549321,12.974077]]]}},{"type":"Feature","properties":{},"geometry":{"type":"MultiLineString","coordinates":[[[77.561676,12.975152],[77.561678,12.975293],[77.561858,12.975361]],[[77.561629,12.974026],[77.561629,12.974062],[77.561634,12.974519],[77.561673,12.9748],[77.561675,12.975047],[77.561676,12.975152]],[[77.561626,12.97371],[77.561626,12.973745],[77.561629,12.973991],[77.561629,12.974026],[77.561629,12.974026]],[[77.56162,12.973182],[77.561622,12.973323],[77.561625,12.973604],[77.561625,12.973675],[77.561626,12.97371],[77.561626,12.97371]],[[77.561612,12.972337],[77.561613,12.972478],[77.561617,12.972865],[77.561619,12.973041],[77.56162,12.973182]],[[77.561536,12.971986],[77.561573,12.972092],[77.561611,12.972302],[77.561612,12.972337],[77.561612,12.972337]],[[77.561677,12.971668],[77.561641,12.971669],[77.561497,12.971705],[77.561535,12.971846],[77.561536,12.971986],[77.561536,12.971986]],[[77.561712,12.971668],[77.561677,12.971668]]]}},{"type":"Feature","properties":{},"geometry":{"type":"LineString","coordinates":[[77.548467,12.974754],[77.548432,12.97479]]}},{"type":"Feature","properties":{},"geometry":{"type":"LineString","coordinates":[[77.562182,12.975499],[77.562218,12.975534],[77.562255,12.975569]]}},{"type":"Feature","properties":{},"geometry":{"type":"MultiLineString","coordinates":[[[77.562041,12.975676],[77.562077,12.975711],[77.562077,12.975711]],[[77.562039,12.975571],[77.56204,12.975606],[77.562076,12.975676],[77.562041,12.975676]]]}},{"type":"Feature","properties":{},"geometry":{"type":"MultiLineString","coordinates":[[[77.561893,12.975291],[77.561857,12.975256]],[[77.561857,12.975256],[77.561676,12.975152],[77.561676,12.975152]],[[77.561676,12.975152],[77.561673,12.974871],[77.561635,12.97466],[77.561633,12.974449],[77.56163,12.974097],[77.561627,12.973851],[77.561626,12.973745]],[[77.561626,12.973745],[77.561626,12.97371],[77.561626,12.97371]],[[77.561626,12.97371],[77.561625,12.973639],[77.561625,12.973604],[77.561623,12.973428],[77.56162,12.973182]],[[77.56162,12.973182],[77.561619,12.973041],[77.561618,12.973006],[77.56158,12.97276],[77.561577,12.972479],[77.561576,12.972338],[77.561575,12.972303]]]}},{"type":"Feature","properties":{},"geometry":{"type":"MultiLineString","coordinates":[[[77.561574,12.975716],[77.561539,12.975717],[77.561539,12.975717]],[[77.56161,12.975716],[77.561574,12.975716]],[[77.561754,12.975714],[77.561718,12.975715],[77.56161,12.975716]],[[77.561931,12.975537],[77.561754,12.975714]]]}},{"type":"Feature","properties":{},"geometry":{"type":"MultiLineString","coordinates":[[[77.564338,12.975759],[77.564302,12.97576]],[[77.564374,12.975759],[77.564338,12.975759]]]}},{"type":"Feature","properties":{},"geometry":{"type":"LineString","coordinates":[[77.56434,12.976006],[77.564338,12.975759]]}},{"type":"Feature","properties":{},"geometry":{"type":"MultiLineString","coordinates":[[[77.564302,12.97576],[77.564231,12.975796],[77.564231,12.975796]],[[77.564231,12.975796],[77.564195,12.975796],[77.564087,12.975797],[77.563871,12.975764],[77.563405,12.975733],[77.563081,12.975701],[77.56283,12.975704]],[[77.561144,12.975756],[77.561037,12.975757],[77.560534,12.975762],[77.559996,12.975767],[77.55953,12.975807],[77.559064,12.975811],[77.559064,12.975811]],[[77.559064,12.975811],[77.559028,12.975812],[77.55874,12.975779]],[[77.55874,12.975779],[77.558704,12.97578],[77.558489,12.975782],[77.557986,12.975752],[77.55752,12.975721],[77.557053,12.97569],[77.556586,12.97566]],[[77.562077,12.975711],[77.562005,12.975712],[77.561646,12.975715],[77.561611,12.975751]],[[77.561611,12.975751],[77.56161,12.975716],[77.561574,12.975716]],[[77.561395,12.975718],[77.561144,12.975756]],[[77.561574,12.975716],[77.561539,12.975717],[77.561395,12.975718]],[[77.562758,12.975705],[77.562579,12.975706],[77.562507,12.975707],[77.562077,12.975711]],[[77.56283,12.975704],[77.562758,12.975705]],[[77.556586,12.97566],[77.55655,12.97566],[77.556191,12.975664]],[[77.556191,12.975664],[77.556155,12.975664]],[[77.556155,12.975664],[77.55612,12.975664]],[[77.55612,12.975664],[77.556048,12.975665],[77.555868,12.975632],[77.555581,12.975634],[77.555473,12.975635]],[[77.555473,12.975635],[77.555078,12.975604],[77.554648,12.975608]]]}},{"type":"Feature","properties":{},"geometry":{"type":"MultiLineString","coordinates":[[[77.544688,12.966556],[77.544835,12.966907],[77.545129,12.967573]],[[77.544395,12.965996],[77.544432,12.966066],[77.544688,12.966556]],[[77.543768,12.964313],[77.543733,12.964419],[77.543807,12.964594],[77.544028,12.965155],[77.544211,12.965576],[77.544358,12.965891],[77.544395,12.965996]],[[77.543909,12.9641],[77.543803,12.964277],[77.543768,12.964313]]]}},{"type":"Feature","properties":{},"geometry":{"type":"LineString","coordinates":[[77.540654,12.950971],[77.540653,12.95083],[77.540614,12.950549],[77.540614,12.950514],[77.540685,12.950478]]}},{"type":"Feature","properties":{},"geometry":{"type":"MultiLineString","coordinates":[[[77.542275,12.947999],[77.542238,12.947929],[77.542237,12.947858],[77.542164,12.947718],[77.542089,12.947438]],[[77.542089,12.947438],[77.542089,12.947402],[77.542052,12.947297],[77.542051,12.947227],[77.542015,12.947192],[77.542015,12.947157]],[[77.542015,12.947157],[77.541978,12.947052],[77.541941,12.946911],[77.541904,12.946806],[77.541866,12.946665],[77.541866,12.946595],[77.541828,12.946455]],[[77.541828,12.94642],[77.541792,12.946385]],[[77.541792,12.946385],[77.541791,12.946279],[77.541753,12.946104],[77.541645,12.946034],[77.541644,12.945929],[77.541606,12.945753]]]}},{"type":"Feature","properties":{},"geometry":{"type":"LineString","coordinates":[[77.540685,12.950478],[77.540756,12.950442],[77.540828,12.950441],[77.5409,12.950405],[77.540971,12.950369],[77.541186,12.950332],[77.541221,12.950297],[77.541257,12.950296],[77.541293,12.950296],[77.541436,12.950259],[77.541436,12.950224],[77.541472,12.950224],[77.541508,12.950223],[77.541543,12.950188],[77.541722,12.950151],[77.541865,12.950079],[77.542151,12.950006],[77.542223,12.94997],[77.542259,12.94997],[77.542294,12.949934],[77.54233,12.949934]]}},{"type":"Feature","properties":{},"geometry":{"type":"MultiLineString","coordinates":[[[77.534861,12.981257],[77.534899,12.981397]],[[77.534232,12.979327],[77.534269,12.979468],[77.534342,12.979643],[77.534379,12.979748],[77.53449,12.980029],[77.534565,12.980345],[77.534602,12.980415],[77.534675,12.980625],[77.53475,12.980941],[77.534825,12.981187],[77.534861,12.981257]],[[77.536921,12.975641],[77.536922,12.975676],[77.536347,12.975612],[77.535414,12.975621],[77.534948,12.97566],[77.534805,12.975697],[77.534446,12.975736],[77.534231,12.975738],[77.53398,12.975775],[77.533479,12.975886],[77.533193,12.975959],[77.533267,12.976205],[77.533268,12.97631],[77.533304,12.97631],[77.533379,12.976626],[77.533453,12.976871],[77.53349,12.977012],[77.533527,12.977082],[77.533602,12.977398],[77.533638,12.977433],[77.53375,12.977819],[77.533788,12.977994],[77.533898,12.97824],[77.533935,12.97838],[77.533973,12.978556],[77.534046,12.978696],[77.534084,12.978906],[77.534157,12.979082],[77.534231,12.979292],[77.534232,12.979327],[77.534232,12.979327]]]}},{"type":"Feature","properties":{},"geometry":{"type":"MultiLineString","coordinates":[[[77.548541,12.975],[77.548505,12.97493]],[[77.548505,12.97493],[77.548432,12.97479]],[[77.548432,12.97479],[77.548285,12.974509]],[[77.548285,12.974509],[77.548285,12.974474]],[[77.548285,12.974474],[77.548249,12.974475]],[[77.548249,12.974475],[77.548175,12.974299]],[[77.548175,12.974299],[77.548139,12.974229]],[[77.548139,12.974229],[77.548103,12.974195]],[[77.548103,12.974195],[77.547734,12.973248],[77.547514,12.972828],[77.547331,12.972443]],[[77.547331,12.972443],[77.54733,12.972372],[77.54722,12.972127],[77.547074,12.971847],[77.546926,12.971461],[77.54678,12.971181],[77.546633,12.970831],[77.546487,12.97055],[77.546412,12.970305],[77.546229,12.969955],[77.546083,12.96971],[77.546009,12.969499],[77.545973,12.969429]],[[77.545973,12.969429],[77.545972,12.969394],[77.545862,12.969149],[77.545789,12.969009],[77.545752,12.968939],[77.545642,12.968694],[77.545568,12.968483],[77.545458,12.968238],[77.545422,12.968168]],[[77.545422,12.968168],[77.545238,12.967783],[77.545166,12.967678]],[[77.545166,12.967678],[77.545165,12.967643],[77.545129,12.967573]]]}},{"type":"Feature","properties":{},"geometry":{"type":"MultiLineString","coordinates":[[[77.56439,12.980791],[77.564393,12.981178],[77.564398,12.9816],[77.564436,12.981811],[77.564545,12.981951],[77.564689,12.98202],[77.564869,12.982053]],[[77.564409,12.979207],[77.564374,12.979278],[77.564379,12.979806],[77.564385,12.980369]],[[77.564561,12.976531],[77.564561,12.976567],[77.564636,12.976847],[77.564675,12.977093],[77.56475,12.97748],[77.564826,12.977831]],[[77.564308,12.976323],[77.56438,12.976322],[77.564451,12.976286]],[[77.564451,12.976286],[77.564523,12.976285]]]}},{"type":"Feature","properties":{},"geometry":{"type":"MultiLineString","coordinates":[[[77.566841,12.971371],[77.566877,12.971406]],[[77.565606,12.969905],[77.565678,12.96994],[77.565968,12.970289],[77.566259,12.970638],[77.566549,12.970881],[77.566657,12.970986],[77.566804,12.971266],[77.566841,12.971371]],[[77.564371,12.968474],[77.564443,12.968544],[77.564734,12.968893],[77.565025,12.969242],[77.565352,12.969626],[77.565606,12.969905]],[[77.564189,12.96823],[77.564371,12.968474]]]}},{"type":"Feature","properties":{},"geometry":{"type":"MultiLineString","coordinates":[[[77.54854,12.974894],[77.548577,12.974929],[77.548577,12.974964]],[[77.548467,12.974789],[77.54854,12.974894]],[[77.548467,12.974754],[77.548467,12.974789]],[[77.548285,12.974509],[77.548321,12.974509],[77.548431,12.974719],[77.548467,12.974754]]]}},{"type":"Feature","properties":{},"geometry":{"type":"LineString","coordinates":[[77.548249,12.974475],[77.548249,12.974439],[77.548175,12.974264],[77.548175,12.974299]]}},{"type":"Feature","properties":{},"geometry":{"type":"MultiLineString","coordinates":[[[77.547855,12.974514],[77.547496,12.974517],[77.547101,12.974521],[77.546527,12.974492]],[[77.548213,12.97451],[77.547855,12.974514]],[[77.548285,12.974509],[77.548213,12.97451]],[[77.546527,12.974492],[77.546419,12.974493],[77.545988,12.974497],[77.545737,12.974499],[77.545414,12.974502],[77.545199,12.974505],[77.54502,12.974506],[77.544948,12.974507],[77.544912,12.974507]],[[77.544912,12.974507],[77.54484,12.974508],[77.54484,12.974473],[77.544804,12.974473]]]}},{"type":"Feature","properties":{},"geometry":{"type":"LineString","coordinates":[[77.561395,12.975718],[77.561395,12.975683]]}},{"type":"Feature","properties":{},"geometry":{"type":"MultiLineString","coordinates":[[[77.529332,12.956148],[77.529368,12.956113]],[[77.529368,12.956113],[77.529511,12.956041],[77.529582,12.956005]]]}},{"type":"Feature","properties":{},"geometry":{"type":"LineString","coordinates":[[77.529365,12.955867],[77.529509,12.9559],[77.529618,12.95597]]}},{"type":"Feature","properties":{},"geometry":{"type":"MultiLineString","coordinates":[[[77.529618,12.95597],[77.529688,12.955863],[77.529795,12.955757]],[[77.529795,12.955757],[77.529866,12.955686]],[[77.529866,12.955686],[77.529829,12.955616]]]}},{"type":"Feature","properties":{},"geometry":{"type":"MultiLineString","coordinates":[[[77.529365,12.955867],[77.529361,12.955444]],[[77.529361,12.955444],[77.529323,12.955269],[77.529359,12.955268]],[[77.529359,12.955268],[77.529431,12.955268]]]}},{"type":"Feature","properties":{},"geometry":{"type":"MultiLineString","coordinates":[[[77.529469,12.955479],[77.529361,12.955444]],[[77.529361,12.955444],[77.529325,12.955445],[77.529073,12.955377]]]}},{"type":"Feature","properties":{},"geometry":{"type":"MultiLineString","coordinates":[[[77.529541,12.955478],[77.529431,12.955268]],[[77.529431,12.955268],[77.529395,12.955233],[77.529358,12.955092]],[[77.529358,12.955092],[77.529322,12.955093]],[[77.529322,12.955093],[77.529501,12.955056]]]}},{"type":"Feature","properties":{},"geometry":{"type":"LineString","coordinates":[[77.54233,12.949934],[77.542366,12.949898],[77.542401,12.949898],[77.542365,12.949793],[77.542365,12.949793]]}},{"type":"Feature","properties":{},"geometry":{"type":"LineString","coordinates":[[77.540654,12.950971],[77.540653,12.9509],[77.540614,12.950549],[77.540614,12.950514],[77.540649,12.950478],[77.540685,12.950478],[77.540685,12.950478]]}},{"type":"Feature","properties":{},"geometry":{"type":"LineString","coordinates":[[77.548139,12.974229],[77.548175,12.974229],[77.548285,12.974474],[77.548285,12.974474]]}},{"type":"Feature","properties":{},"geometry":{"type":"LineString","coordinates":[[77.541828,12.946455],[77.541828,12.94642]]}},{"type":"Feature","properties":{},"geometry":{"type":"MultiLineString","coordinates":[[[77.533768,12.947695],[77.533876,12.947693],[77.534236,12.947866],[77.534489,12.948004],[77.53503,12.948316],[77.535499,12.948593],[77.535752,12.948731],[77.535788,12.948766]],[[77.533156,12.947525],[77.53366,12.94766],[77.533768,12.947695]],[[77.53294,12.947456],[77.533156,12.947525]],[[77.532256,12.947217],[77.532544,12.947319],[77.532868,12.947422],[77.53294,12.947456]],[[77.530132,12.946463],[77.530276,12.946532],[77.530672,12.946669],[77.531104,12.946805],[77.531464,12.946943],[77.53204,12.947148],[77.532256,12.947217]],[[77.52905,12.945946],[77.529122,12.946015],[77.5297,12.946326],[77.529916,12.946395],[77.530132,12.946463],[77.530132,12.946463]],[[77.527929,12.945112],[77.528074,12.945216],[77.528146,12.945286],[77.528147,12.945321],[77.528364,12.94553],[77.528436,12.945529],[77.528689,12.945738],[77.528942,12.945876],[77.52905,12.945946]],[[77.527893,12.945077],[77.527929,12.945112]],[[77.525642,12.942495],[77.525788,12.942669],[77.525934,12.942914],[77.526225,12.943369],[77.526516,12.943753],[77.526625,12.943893],[77.526734,12.943997],[77.526879,12.944172],[77.527277,12.94452],[77.527494,12.944694],[77.527893,12.945077],[77.527893,12.945077]]]}},{"type":"Feature","properties":{},"geometry":{"type":"MultiLineString","coordinates":[[[77.533727,12.954311],[77.53362,12.954347],[77.533513,12.954383],[77.533298,12.954421],[77.533119,12.954458],[77.532689,12.954532],[77.532438,12.95457],[77.532259,12.954607],[77.532008,12.954644],[77.531256,12.954757],[77.530898,12.954831],[77.529751,12.955018],[77.529537,12.955056],[77.529358,12.955092]],[[77.535591,12.954117],[77.535591,12.954152],[77.534579,12.953423],[77.534586,12.954127],[77.534264,12.9542],[77.534121,12.954237],[77.534049,12.954237],[77.533834,12.954275],[77.533727,12.954311]]]}},{"type":"Feature","properties":{},"geometry":{"type":"MultiLineString","coordinates":[[[77.537215,12.951532],[77.537216,12.951567],[77.53718,12.951603],[77.537217,12.951673]],[[77.537563,12.950438],[77.537458,12.95072],[77.537423,12.950826],[77.537284,12.95125],[77.537285,12.95132],[77.537215,12.951532]],[[77.537563,12.950403],[77.537563,12.950438]],[[77.537598,12.950367],[77.537563,12.950403]]]}},{"type":"Feature","properties":{},"geometry":{"type":"LineString","coordinates":[[77.554504,12.97561],[77.55454,12.975609],[77.554612,12.975609],[77.554648,12.975608]]}},{"type":"Feature","properties":{},"geometry":{"type":"MultiLineString","coordinates":[[[77.554504,12.97561],[77.554433,12.97561],[77.554073,12.975579],[77.553714,12.975547],[77.553571,12.975549],[77.553463,12.975514]],[[77.553463,12.975514],[77.553355,12.975515],[77.553355,12.975515]]]}},{"type":"Feature","properties":{},"geometry":{"type":"LineString","coordinates":[[77.554648,12.975608],[77.554576,12.975609],[77.554504,12.97561]]}},{"type":"Feature","properties":{},"geometry":{"type":"LineString","coordinates":[[77.565606,12.969905],[77.56557,12.969941]]}},{"type":"Feature","properties":{},"geometry":{"type":"MultiLineString","coordinates":[[[77.564517,12.975722],[77.56441,12.975759],[77.564374,12.975759]],[[77.563935,12.967916],[77.564044,12.968055],[77.564116,12.968125]]]}},{"type":"Feature","properties":{},"geometry":{"type":"LineString","coordinates":[[77.564116,12.968125],[77.564153,12.968195],[77.564189,12.96823]]}},{"type":"Feature","properties":{},"geometry":{"type":"LineString","coordinates":[[77.564189,12.96823],[77.564153,12.96823],[77.564116,12.968125]]}},{"type":"Feature","properties":{},"geometry":{"type":"LineString","coordinates":[[77.542275,12.948069],[77.542275,12.947999]]}},{"type":"Feature","properties":{},"geometry":{"type":"LineString","coordinates":[[77.564082,12.975269],[77.564081,12.975234],[77.564081,12.975164]]}},{"type":"Feature","properties":{},"geometry":{"type":"MultiLineString","coordinates":[[[77.566841,12.971441],[77.566805,12.971407]],[[77.566805,12.971407],[77.566768,12.971336]]]}},{"type":"Feature","properties":{},"geometry":{"type":"LineString","coordinates":[[77.566805,12.971407],[77.566841,12.971371]]}},{"type":"Feature","properties":{},"geometry":{"type":"LineString","coordinates":[[77.566841,12.971441],[77.566842,12.971547]]}},{"type":"Feature","properties":{},"geometry":{"type":"LineString","coordinates":[[77.527929,12.945112],[77.527929,12.945077],[77.527893,12.945077],[77.527893,12.945077]]}},{"type":"Feature","properties":{},"geometry":{"type":"LineString","coordinates":[[77.566635,12.972288],[77.56667,12.972217]]}},{"type":"Feature","properties":{},"geometry":{"type":"LineString","coordinates":[[77.537417,12.950193],[77.537308,12.950088],[77.537128,12.949949],[77.537019,12.94981],[77.536801,12.949636],[77.536692,12.949496],[77.53662,12.949426]]}},{"type":"Feature","properties":{},"geometry":{"type":"MultiLineString","coordinates":[[[77.56557,12.969941],[77.565606,12.969976],[77.566078,12.970464],[77.566586,12.971022],[77.566768,12.971336]],[[77.564371,12.968474],[77.564299,12.96851],[77.56459,12.968824],[77.565171,12.969522],[77.56557,12.969941]],[[77.564406,12.968439],[77.564371,12.968474]],[[77.543268,12.953972],[77.54334,12.954006],[77.543412,12.954041],[77.543593,12.954144],[77.543629,12.954179],[77.543774,12.954319],[77.543882,12.954388],[77.543954,12.954422],[77.544099,12.954562],[77.544244,12.954701],[77.544462,12.95491],[77.544534,12.95498],[77.544679,12.955084],[77.544823,12.955188],[77.545004,12.955362],[77.545113,12.955432],[77.545221,12.955501],[77.545222,12.955536],[77.54533,12.955605],[77.545402,12.955675],[77.545547,12.955744],[77.545655,12.955813],[77.545872,12.955952],[77.54598,12.955986],[77.546124,12.95609],[77.546341,12.956194],[77.546376,12.956194],[77.546485,12.956263],[77.546629,12.956297],[77.546665,12.956331],[77.546917,12.956435],[77.546989,12.956434],[77.547169,12.956502],[77.547349,12.956536],[77.5476,12.956569],[77.547744,12.956602],[77.548139,12.956669],[77.548247,12.956703],[77.548391,12.956737]],[[77.543268,12.953936],[77.543268,12.953972]],[[77.543303,12.953901],[77.543304,12.953936],[77.543268,12.953936],[77.543268,12.953936]],[[77.541498,12.952757],[77.541498,12.952792],[77.54157,12.952862],[77.541716,12.953037],[77.541824,12.953141],[77.541933,12.95321],[77.542114,12.953385],[77.542294,12.953488],[77.542331,12.953523],[77.542475,12.953592],[77.542691,12.953661],[77.542871,12.953729],[77.543123,12.953832],[77.543303,12.953866],[77.543303,12.953901]],[[77.541389,12.952653],[77.541425,12.952688],[77.541498,12.952757]],[[77.538609,12.95092],[77.538573,12.950921],[77.538645,12.950955],[77.53868,12.95092],[77.53886,12.950988],[77.538933,12.951058],[77.539222,12.951231],[77.539366,12.951335],[77.539655,12.951508],[77.539872,12.951647],[77.540197,12.951855],[77.540522,12.952063],[77.540774,12.952201],[77.541028,12.95241],[77.541244,12.952549],[77.541316,12.952583],[77.541389,12.952653]]]}},{"type":"Feature","properties":{},"geometry":{"type":"MultiLineString","coordinates":[[[77.561144,12.975756],[77.560929,12.975758],[77.560821,12.975759],[77.560427,12.975798],[77.560176,12.9758],[77.559817,12.975804],[77.559602,12.975806],[77.559494,12.975807],[77.559135,12.975811],[77.559064,12.975811]],[[77.559064,12.975811],[77.558956,12.975812],[77.558777,12.975814],[77.558741,12.975814]],[[77.558741,12.975814],[77.55831,12.975784],[77.558094,12.975786],[77.557735,12.975754],[77.557448,12.975722],[77.556945,12.975691],[77.556802,12.975693],[77.556622,12.975695],[77.556586,12.97566]]]}},{"type":"Feature","properties":{},"geometry":{"type":"MultiLineString","coordinates":[[[77.554504,12.97561],[77.554361,12.975611],[77.554217,12.975577],[77.553822,12.975581],[77.553642,12.975548],[77.553571,12.975549],[77.553391,12.97555],[77.553247,12.975517],[77.553067,12.975413],[77.552923,12.975379],[77.552634,12.975206],[77.55249,12.975102],[77.552308,12.974928],[77.552236,12.974858],[77.552164,12.974823],[77.552055,12.974719]],[[77.552055,12.974719],[77.552055,12.974684]],[[77.552055,12.974684],[77.551946,12.974579]],[[77.551946,12.974579],[77.55191,12.974544],[77.551728,12.974335],[77.551656,12.974265],[77.551438,12.973986],[77.55122,12.973742],[77.551075,12.973602],[77.550966,12.973498],[77.550895,12.973569],[77.550822,12.973464],[77.550677,12.973254],[77.550604,12.973149],[77.550461,12.973256],[77.55039,12.973328]],[[77.55039,12.973328],[77.550354,12.973328],[77.550212,12.973435],[77.550141,12.973506],[77.550034,12.973613],[77.549927,12.973649],[77.54982,12.973755],[77.549642,12.973863],[77.549571,12.973934],[77.549393,12.974076],[77.549357,12.974077],[77.549286,12.974148],[77.549215,12.974219]]]}},{"type":"Feature","properties":{},"geometry":{"type":"MultiLineString","coordinates":[[[77.564373,12.975689],[77.564337,12.975689],[77.564051,12.975727],[77.563871,12.975694],[77.563188,12.97563],[77.562865,12.975598],[77.562865,12.975633],[77.562758,12.975634]],[[77.564409,12.975688],[77.564373,12.975689]],[[77.566635,12.972288],[77.566635,12.972358],[77.566463,12.972993],[77.566324,12.973488],[77.56622,12.973876],[77.566151,12.974123],[77.565941,12.974582],[77.565692,12.974831],[77.565443,12.975045],[77.565016,12.975401],[77.564731,12.975579],[77.564409,12.975688]],[[77.562722,12.975634],[77.562578,12.975636],[77.562291,12.975639],[77.561966,12.97536]],[[77.562758,12.975634],[77.562722,12.975634]]]}},{"type":"Feature","properties":{},"geometry":{"type":"MultiLineString","coordinates":[[[77.566739,12.97197],[77.566704,12.972076],[77.56667,12.972217]],[[77.566842,12.971547],[77.566844,12.971688],[77.566739,12.97197]]]}},{"type":"Feature","properties":{},"geometry":{"type":"MultiLineString","coordinates":[[[77.539799,12.951577],[77.540016,12.951716],[77.540088,12.95175],[77.540124,12.951785],[77.54023,12.951643],[77.54023,12.951608]],[[77.54023,12.951608],[77.540266,12.951573],[77.540372,12.951431],[77.540513,12.951218],[77.540548,12.951148],[77.540655,12.951041],[77.540655,12.951006]],[[77.539185,12.951196],[77.539438,12.951334],[77.539691,12.951508],[77.539799,12.951577]],[[77.538609,12.95092],[77.538716,12.950919],[77.53886,12.950988],[77.539185,12.951196]],[[77.540655,12.951006],[77.540654,12.950971],[77.540654,12.950971]]]}},{"type":"Feature","properties":{},"geometry":{"type":"MultiLineString","coordinates":[[[77.548539,12.974753],[77.548467,12.974789]],[[77.549215,12.974219],[77.549144,12.974255],[77.548823,12.974504],[77.548681,12.974611],[77.548574,12.974718],[77.548538,12.974718],[77.548539,12.974753]]]}},{"type":"Feature","properties":{},"geometry":{"type":"MultiLineString","coordinates":[[[77.529829,12.955616],[77.529794,12.955687],[77.529577,12.955477],[77.529577,12.955513]],[[77.529577,12.955513],[77.529362,12.95555]]]}},{"type":"Feature","properties":{},"geometry":{"type":"MultiLineString","coordinates":[[[77.542365,12.949793],[77.542363,12.949687]],[[77.542363,12.949687],[77.542363,12.949652],[77.542289,12.949406],[77.542288,12.949336]],[[77.542288,12.949336],[77.542287,12.949266],[77.542251,12.949196],[77.542213,12.948985]],[[77.542213,12.948985],[77.542176,12.94888],[77.542138,12.948704]],[[77.542138,12.948704],[77.542138,12.948669],[77.542099,12.948352],[77.542098,12.948317],[77.542098,12.948317]],[[77.542098,12.948317],[77.542061,12.948212],[77.542061,12.948142]],[[77.542061,12.948142],[77.54206,12.948106],[77.542096,12.948106],[77.542204,12.948105],[77.542276,12.948104]],[[77.542312,12.948139],[77.542312,12.948104],[77.542312,12.948104]],[[77.542276,12.948104],[77.542312,12.948139]],[[77.542312,12.948104],[77.542275,12.948069]]]}},{"type":"Feature","properties":{},"geometry":{"type":"LineString","coordinates":[[77.537562,12.950332],[77.537526,12.950297],[77.537417,12.950193]]}},{"type":"Feature","properties":{},"geometry":{"type":"MultiLineString","coordinates":[[[77.53662,12.949426],[77.536584,12.949392],[77.536583,12.949356]],[[77.536583,12.949356],[77.536402,12.949182],[77.536041,12.948939],[77.535788,12.948766]]]}},{"type":"Feature","properties":{},"geometry":{"type":"MultiLineString","coordinates":[[[77.53662,12.949426],[77.536548,12.949392],[77.536512,12.949357],[77.536439,12.949287],[77.536367,12.949218],[77.536222,12.949114],[77.536078,12.949009],[77.536005,12.948975],[77.535752,12.948801],[77.535788,12.948801]],[[77.535788,12.948801],[77.535788,12.948766]]]}},{"type":"Feature","properties":{},"geometry":{"type":"LineString","coordinates":[[77.529541,12.955513],[77.529469,12.955479]]}},{"type":"Feature","properties":{},"geometry":{"type":"MultiLineString","coordinates":[[[77.484165,12.924382],[77.484201,12.924381],[77.484237,12.924381]],[[77.483723,12.923189],[77.483833,12.923435],[77.483907,12.923645],[77.484092,12.924207],[77.484128,12.924241],[77.484165,12.924382],[77.484165,12.924382]],[[77.484237,12.924381],[77.484415,12.924309],[77.484701,12.924201],[77.484773,12.924165],[77.484845,12.924164],[77.484916,12.924128]],[[77.483722,12.923154],[77.483723,12.923189]],[[77.483686,12.923084],[77.483686,12.923119],[77.483722,12.923154],[77.483722,12.923154]],[[77.483095,12.921436],[77.483169,12.921646],[77.48328,12.921927],[77.48339,12.922207],[77.483465,12.922488],[77.483611,12.922803],[77.483686,12.923084]],[[77.482948,12.92105],[77.483058,12.921295],[77.483095,12.921436]],[[77.482912,12.92098],[77.482948,12.921015],[77.482948,12.92105]]]}},{"type":"Feature","properties":{},"geometry":{"type":"LineString","coordinates":[[77.484952,12.924128],[77.484916,12.924128]]}},{"type":"Feature","properties":{},"geometry":{"type":"LineString","coordinates":[[77.500689,12.926441],[77.500725,12.926441]]}},{"type":"Feature","properties":{},"geometry":{"type":"LineString","coordinates":[[77.505639,12.929878],[77.50593,12.930297],[77.50604,12.930507],[77.506223,12.930928],[77.506333,12.931138],[77.506478,12.931313],[77.506732,12.931521],[77.507599,12.932111],[77.508069,12.932459],[77.508538,12.932736],[77.508791,12.932944],[77.509298,12.933397],[77.510166,12.934092],[77.510998,12.934788],[77.511468,12.9351],[77.511972,12.935272],[77.512943,12.935544],[77.513267,12.935611]]}},{"type":"Feature","properties":{},"geometry":{"type":"LineString","coordinates":[[77.529501,12.955056],[77.529608,12.95502]]}},{"type":"Feature","properties":{},"geometry":{"type":"LineString","coordinates":[[77.529608,12.95502],[77.529716,12.955019]]}},{"type":"Feature","properties":{},"geometry":{"type":"MultiLineString","coordinates":[[[77.529716,12.955019],[77.529931,12.954981]],[[77.529931,12.954981],[77.530145,12.954944],[77.530217,12.954943]],[[77.530217,12.954943],[77.53036,12.954907],[77.530539,12.95487],[77.530575,12.954869]],[[77.530575,12.954869],[77.530611,12.954869]],[[77.530611,12.954869],[77.530718,12.954833],[77.530897,12.954796],[77.530933,12.954796]]]}},{"type":"Feature","properties":{},"geometry":{"type":"LineString","coordinates":[[77.530933,12.954796],[77.531005,12.954795]]}},{"type":"Feature","properties":{},"geometry":{"type":"LineString","coordinates":[[77.529654,12.956005],[77.52969,12.956039]]}},{"type":"Feature","properties":{},"geometry":{"type":"LineString","coordinates":[[77.48749,12.930474],[77.487453,12.930368]]}},{"type":"Feature","properties":{},"geometry":{"type":"MultiLineString","coordinates":[[[77.482507,12.923659],[77.482507,12.923623]],[[77.482507,12.923623],[77.482471,12.923588]]]}},{"type":"Feature","properties":{},"geometry":{"type":"MultiLineString","coordinates":[[[77.482579,12.923623],[77.482972,12.923478]],[[77.482972,12.923478],[77.483365,12.923334]],[[77.483365,12.923334],[77.48358,12.923261],[77.483544,12.923262]],[[77.483544,12.923262],[77.483543,12.923191]]]}},{"type":"Feature","properties":{},"geometry":{"type":"LineString","coordinates":[[77.519233,12.936644],[77.518693,12.936474],[77.518693,12.936474]]}},{"type":"Feature","properties":{},"geometry":{"type":"LineString","coordinates":[[77.504448,12.914827],[77.504556,12.914826]]}},{"type":"Feature","properties":{},"geometry":{"type":"LineString","coordinates":[[77.537598,12.950367],[77.537562,12.950332]]}},{"type":"Feature","properties":{},"geometry":{"type":"LineString","coordinates":[[77.5101,12.938281],[77.510136,12.938281]]}},{"type":"Feature","properties":{},"geometry":{"type":"LineString","coordinates":[[77.482507,12.923623],[77.482579,12.923623]]}},{"type":"Feature","properties":{},"geometry":{"type":"LineString","coordinates":[[77.541605,12.945683],[77.541568,12.945577]]}},{"type":"Feature","properties":{},"geometry":{"type":"LineString","coordinates":[[77.541605,12.945683],[77.541606,12.945753]]}},{"type":"Feature","properties":{},"geometry":{"type":"LineString","coordinates":[[77.513303,12.935611],[77.513267,12.935611]]}},{"type":"Feature","properties":{},"geometry":{"type":"LineString","coordinates":[[77.485024,12.924127],[77.484987,12.924092],[77.484952,12.924128]]}},{"type":"Feature","properties":{},"geometry":{"type":"LineString","coordinates":[[77.512915,12.936318],[77.512879,12.936354]]}},{"type":"Feature","properties":{},"geometry":{"type":"LineString","coordinates":[[77.490956,12.918158],[77.49092,12.918123],[77.490956,12.918123],[77.49092,12.918123]]}},{"type":"Feature","properties":{},"geometry":{"type":"LineString","coordinates":[[77.49092,12.918123],[77.490847,12.918019]]}},{"type":"Feature","properties":{},"geometry":{"type":"LineString","coordinates":[[77.490847,12.918019],[77.490775,12.917949]]}},{"type":"Feature","properties":{},"geometry":{"type":"LineString","coordinates":[[77.498916,12.92491],[77.498808,12.924911],[77.497613,12.923761],[77.497612,12.923655]]}},{"type":"Feature","properties":{},"geometry":{"type":"MultiLineString","coordinates":[[[77.504846,12.929498],[77.505386,12.929704],[77.50553,12.929773],[77.505639,12.929878]],[[77.500689,12.926441],[77.500834,12.926545],[77.501268,12.926858],[77.502171,12.927483],[77.502387,12.927621],[77.502569,12.927796],[77.502895,12.92818],[77.503404,12.928843],[77.503658,12.929087],[77.504018,12.92926],[77.504378,12.929362],[77.504774,12.929464],[77.504846,12.929498]],[[77.498916,12.92491],[77.499604,12.925572],[77.500075,12.92599],[77.500364,12.926198],[77.500689,12.926441]]]}},{"type":"Feature","properties":{},"geometry":{"type":"LineString","coordinates":[[77.497612,12.923655],[77.498192,12.924213],[77.498916,12.92491],[77.498916,12.92491]]}},{"type":"Feature","properties":{},"geometry":{"type":"LineString","coordinates":[[77.518657,12.936439],[77.518764,12.936403],[77.520528,12.936984],[77.520565,12.937054]]}},{"type":"Feature","properties":{},"geometry":{"type":"MultiLineString","coordinates":[[[77.518656,12.936404],[77.518657,12.936439]],[[77.516898,12.936315],[77.517077,12.936349],[77.517328,12.936346],[77.517544,12.936344],[77.517903,12.936376],[77.51819,12.936373],[77.518369,12.936371],[77.518513,12.936405],[77.518656,12.936404]]]}},{"type":"Feature","properties":{},"geometry":{"type":"LineString","coordinates":[[77.518657,12.936439],[77.5188,12.936437],[77.51934,12.936608],[77.519772,12.936745],[77.520096,12.936847],[77.52042,12.936985],[77.520565,12.937054]]}},{"type":"Feature","properties":{},"geometry":{"type":"LineString","coordinates":[[77.524475,12.940606],[77.524548,12.940675],[77.525641,12.942389],[77.525642,12.942495]]}},{"type":"Feature","properties":{},"geometry":{"type":"LineString","coordinates":[[77.520565,12.937054],[77.520601,12.937089],[77.520745,12.937193],[77.521035,12.937472],[77.521398,12.937855],[77.52176,12.938168],[77.522049,12.938377],[77.522338,12.93855],[77.522735,12.938792],[77.522988,12.938966],[77.523568,12.939559],[77.52404,12.940117],[77.524475,12.940606]]}},{"type":"Feature","properties":{},"geometry":{"type":"LineString","coordinates":[[77.524475,12.940606],[77.524548,12.940746],[77.525059,12.94155],[77.52535,12.942005],[77.52557,12.94239],[77.525642,12.942495]]}},{"type":"Feature","properties":{},"geometry":{"type":"LineString","coordinates":[[77.56651,12.970635],[77.566728,12.970844],[77.567057,12.971474],[77.56699,12.971933],[77.566919,12.972004],[77.566573,12.973309]]}},{"type":"Feature","properties":{},"geometry":{"type":"LineString","coordinates":[[77.541828,12.946455],[77.541828,12.94642]]}},{"type":"Feature","properties":{},"geometry":{"type":"LineString","coordinates":[[77.541828,12.946455],[77.541828,12.94642]]}},{"type":"Feature","properties":{},"geometry":{"type":"MultiLineString","coordinates":[[[77.549309,12.955285],[77.549133,12.955533],[77.549133,12.955568]],[[77.549451,12.955072],[77.549415,12.955108],[77.549309,12.955285]],[[77.549699,12.954753],[77.549628,12.954824],[77.549451,12.955072]],[[77.549946,12.954399],[77.549876,12.954505],[77.549699,12.954753]],[[77.550159,12.954115],[77.549946,12.954399]],[[77.551469,12.952378],[77.55115,12.952768]]]}},{"type":"Feature","properties":{},"geometry":{"type":"MultiLineString","coordinates":[[[77.549309,12.955285],[77.549133,12.955533],[77.549133,12.955568]],[[77.549451,12.955072],[77.549415,12.955108],[77.549309,12.955285]],[[77.549699,12.954753],[77.549628,12.954824],[77.549451,12.955072]],[[77.549946,12.954399],[77.549876,12.954505],[77.549699,12.954753]],[[77.550159,12.954115],[77.549946,12.954399]],[[77.551469,12.952378],[77.55115,12.952768]]]}},{"type":"Feature","properties":{},"geometry":{"type":"MultiLineString","coordinates":[[[77.549309,12.955285],[77.549133,12.955533],[77.549133,12.955568]],[[77.549451,12.955072],[77.549415,12.955108],[77.549309,12.955285]],[[77.549699,12.954753],[77.549628,12.954824],[77.549451,12.955072]],[[77.549946,12.954399],[77.549876,12.954505],[77.549699,12.954753]],[[77.550159,12.954115],[77.549946,12.954399]],[[77.551469,12.952378],[77.55115,12.952768]]]}},{"type":"Feature","properties":{},"geometry":{"type":"LineString","coordinates":[[77.558848,12.975813],[77.558884,12.975813]]}},{"type":"Feature","properties":{},"geometry":{"type":"LineString","coordinates":[[77.529365,12.955867],[77.529473,12.955901]]}},{"type":"Feature","properties":{},"geometry":{"type":"LineString","coordinates":[[77.534825,12.981257],[77.534862,12.981292]]}},{"type":"Feature","properties":{},"geometry":{"type":"LineString","coordinates":[[77.534825,12.981257],[77.534825,12.981222]]}},{"type":"Feature","properties":{},"geometry":{"type":"LineString","coordinates":[[77.54458,12.966522],[77.54458,12.966557]]}},{"type":"Feature","properties":{},"geometry":{"type":"LineString","coordinates":[[77.483282,12.925833],[77.483283,12.925868]]}},{"type":"Feature","properties":{},"geometry":{"type":"LineString","coordinates":[[77.489485,12.921762],[77.489485,12.921727]]}},{"type":"Feature","properties":{},"geometry":{"type":"LineString","coordinates":[[77.53503,12.948316],[77.535066,12.948315]]}},{"type":"Feature","properties":{},"geometry":{"type":"LineString","coordinates":[[77.513424,12.91548],[77.513352,12.91548]]}},{"type":"Feature","properties":{},"geometry":{"type":"LineString","coordinates":[[77.479207,12.91278],[77.479171,12.912745],[77.479207,12.912745]]}},{"type":"Feature","properties":{},"geometry":{"type":"LineString","coordinates":[[77.565158,12.975259],[77.565194,12.975258]]}},{"type":"Feature","properties":{},"geometry":{"type":"LineString","coordinates":[[77.488392,12.923673],[77.488427,12.923673]]}},{"type":"Feature","properties":{},"geometry":{"type":"MultiLineString","coordinates":[[[77.578184,13.106918],[77.578148,13.106918]],[[77.578148,13.106918],[77.578148,13.106883],[77.578075,13.106778],[77.577966,13.106603],[77.577965,13.106533],[77.577893,13.106498]],[[77.577893,13.106498],[77.577892,13.106463],[77.577856,13.106393],[77.577747,13.106289],[77.57771,13.106183],[77.577637,13.106043],[77.5776,13.105938],[77.57749,13.105763],[77.577416,13.105588],[77.577306,13.105308],[77.577195,13.104992],[77.57712,13.104711],[77.577045,13.104395],[77.577006,13.104079],[77.576929,13.103622],[77.576928,13.103517]],[[77.576928,13.103517],[77.576928,13.103482],[77.576927,13.103446],[77.57696,13.103165],[77.576959,13.102989],[77.57692,13.102743],[77.576917,13.102426],[77.576914,13.102145],[77.576875,13.101828],[77.576872,13.101547],[77.576833,13.101266],[77.57683,13.100984],[77.576827,13.100738],[77.576824,13.100421],[77.576786,13.100175],[77.576748,13.099964],[77.576708,13.099648],[77.57667,13.099437],[77.576814,13.099471],[77.577211,13.099608],[77.577319,13.099642],[77.577571,13.099745],[77.577859,13.099848],[77.578219,13.09995],[77.578615,13.100051],[77.579012,13.100188],[77.579372,13.10029],[77.579696,13.100392],[77.580092,13.100494],[77.580452,13.100596],[77.580812,13.100698],[77.580884,13.100697]],[[77.580884,13.100697],[77.58092,13.100732],[77.581244,13.100799],[77.581568,13.100901],[77.5829,13.101275],[77.583368,13.101376],[77.584124,13.10158],[77.584844,13.101748],[77.585204,13.10185],[77.5856,13.101952],[77.5856,13.101952]],[[77.5856,13.101952],[77.585705,13.101669]],[[77.585705,13.101669],[77.585704,13.101564],[77.585739,13.101493]]]}},{"type":"Feature","properties":{},"geometry":{"type":"LineString","coordinates":[[77.5856,13.101952],[77.58614,13.102087],[77.586356,13.102191]]}},{"type":"Feature","properties":{},"geometry":{"type":"MultiLineString","coordinates":[[[77.594289,13.095143],[77.594289,13.095179],[77.593401,13.096102],[77.593117,13.096422],[77.592086,13.097347],[77.591802,13.097632],[77.590805,13.098486],[77.590485,13.098736],[77.590414,13.098807],[77.590201,13.09902],[77.589845,13.09934],[77.589453,13.099626],[77.58899,13.100018],[77.588741,13.100231]],[[77.594288,13.095108],[77.594289,13.095143]],[[77.593808,13.086949],[77.593811,13.08723],[77.59389,13.087898],[77.593932,13.088531],[77.593975,13.089199],[77.594018,13.089868],[77.59406,13.090465],[77.594103,13.091098],[77.594145,13.091767],[77.594188,13.092364],[77.594194,13.092963],[77.594236,13.093525],[77.594315,13.094228],[77.594316,13.094369],[77.594355,13.09465],[77.594356,13.094756],[77.594321,13.094862],[77.594324,13.095073],[77.594288,13.095108]],[[77.59349,13.083996],[77.593529,13.084348],[77.59357,13.08477],[77.59361,13.085191],[77.593691,13.08607],[77.593768,13.086597],[77.593808,13.086949]],[[77.593323,13.081816],[77.593363,13.082168],[77.593403,13.082589],[77.593408,13.083012],[77.593448,13.083469],[77.593489,13.083926],[77.59349,13.083996]],[[77.593362,13.061441],[77.593302,13.062567],[77.593269,13.062849],[77.593238,13.063377],[77.593205,13.063659],[77.593184,13.065067],[77.59319,13.065595],[77.593158,13.065947],[77.593125,13.066229],[77.593093,13.066616],[77.593059,13.066863],[77.592996,13.067638],[77.592967,13.068307],[77.592936,13.068765],[77.592904,13.069187],[77.592873,13.06961],[77.592841,13.070032],[77.592846,13.070455],[77.592815,13.070912],[77.592783,13.071335],[77.592787,13.071757],[77.592756,13.07218],[77.592724,13.072602],[77.592733,13.073376],[77.592737,13.073799],[77.592741,13.074221],[77.592746,13.074643],[77.592749,13.074925],[77.592789,13.075347],[77.592829,13.075768],[77.59287,13.07619],[77.592951,13.077069],[77.592991,13.077491],[77.592995,13.077913],[77.593036,13.07837],[77.593076,13.078792],[77.593117,13.079214],[77.593157,13.079636],[77.593197,13.080058],[77.593238,13.08048],[77.593278,13.080902],[77.593282,13.081324],[77.593322,13.081711],[77.593323,13.081816]],[[77.593392,13.057429],[77.593393,13.057605],[77.593399,13.058097],[77.593366,13.058414],[77.593369,13.058696],[77.593372,13.058977],[77.593376,13.059364],[77.59338,13.059716],[77.593382,13.059927],[77.593385,13.060244],[77.593388,13.060561],[77.593392,13.060913],[77.593359,13.061159],[77.593362,13.061441]]]}},{"type":"Feature","properties":{},"geometry":{"type":"LineString","coordinates":[[77.58128,13.100834],[77.58164,13.100936],[77.58254,13.101173],[77.583081,13.101344],[77.583908,13.101547],[77.58434,13.101648],[77.585132,13.101851],[77.58578,13.102021],[77.586248,13.102157],[77.58632,13.102191],[77.586285,13.102227]]}},{"type":"Feature","properties":{},"geometry":{"type":"LineString","coordinates":[[77.552885,13.066278],[77.552885,13.066243],[77.552885,13.066243]]}},{"type":"Feature","properties":{},"geometry":{"type":"LineString","coordinates":[[77.551399,13.057882],[77.551399,13.057847]]}},{"type":"Feature","properties":{},"geometry":{"type":"MultiLineString","coordinates":[[[77.559123,13.089829],[77.559763,13.089189]],[[77.559763,13.089189],[77.560437,13.088444],[77.561043,13.088051]]]}},{"type":"Feature","properties":{},"geometry":{"type":"MultiLineString","coordinates":[[[77.556685,13.072751],[77.556979,13.073381],[77.557089,13.073591],[77.557273,13.074012],[77.557419,13.074327],[77.557933,13.075378],[77.558153,13.075833],[77.558374,13.076394],[77.558375,13.076464]],[[77.553499,13.066588],[77.55357,13.066588],[77.553642,13.066552],[77.553752,13.066797],[77.553899,13.067112],[77.553973,13.067323],[77.554047,13.067498],[77.554156,13.067708],[77.554341,13.068164],[77.554597,13.068654],[77.554816,13.069039],[77.55489,13.069214],[77.555073,13.069564],[77.55511,13.069705],[77.555219,13.069844],[77.555328,13.069949],[77.555438,13.070194],[77.555658,13.070649],[77.555842,13.071035],[77.556062,13.071525],[77.556209,13.071805],[77.556649,13.072681],[77.556685,13.072751]]]}},{"type":"Feature","properties":{},"geometry":{"type":"MultiLineString","coordinates":[[[77.587334,13.061677],[77.587367,13.061395]],[[77.587367,13.061395],[77.587436,13.061113],[77.58764,13.060055],[77.587708,13.059738]],[[77.587708,13.059738],[77.587811,13.059209]]]}},{"type":"Feature","properties":{},"geometry":{"type":"LineString","coordinates":[[77.587199,13.059074],[77.587126,13.05897],[77.586984,13.059077]]}},{"type":"Feature","properties":{},"geometry":{"type":"LineString","coordinates":[[77.57844,13.107302],[77.578331,13.107198],[77.578221,13.106988]]}},{"type":"Feature","properties":{},"geometry":{"type":"MultiLineString","coordinates":[[[77.57822,13.106953],[77.578221,13.106988]],[[77.578184,13.106918],[77.57822,13.106953]]]}},{"type":"Feature","properties":{},"geometry":{"type":"MultiLineString","coordinates":[[[77.587495,13.101229],[77.588029,13.100802],[77.588705,13.100161],[77.589701,13.099342],[77.591906,13.097349],[77.593436,13.095997],[77.594182,13.095215]],[[77.594182,13.095215],[77.594253,13.095144]],[[77.594253,13.095144],[77.594288,13.095108],[77.594288,13.095108]],[[77.594288,13.095108],[77.594081,13.092471],[77.593981,13.089798]]]}},{"type":"Feature","properties":{},"geometry":{"type":"MultiLineString","coordinates":[[[77.593382,13.056514],[77.593385,13.05676],[77.593389,13.057147],[77.593392,13.057429]],[[77.593377,13.056057],[77.59338,13.056303],[77.593382,13.056514]],[[77.593375,13.055881],[77.593377,13.056057]]]}},{"type":"Feature","properties":{},"geometry":{"type":"MultiLineString","coordinates":[[[77.57667,13.099437],[77.576562,13.099403]],[[77.576562,13.099403],[77.576418,13.099334]],[[77.576418,13.099334],[77.576238,13.099301],[77.575338,13.099099],[77.574547,13.098966]],[[77.574547,13.098966],[77.574151,13.098864]]]}},{"type":"Feature","properties":{},"geometry":{"type":"MultiLineString","coordinates":[[[77.574079,13.098865],[77.572749,13.098632],[77.572677,13.098633]],[[77.572677,13.098633],[77.571023,13.098403]]]}},{"type":"Feature","properties":{},"geometry":{"type":"LineString","coordinates":[[77.598917,13.101748],[77.599282,13.102342],[77.599465,13.102622],[77.599684,13.103007],[77.599795,13.103252],[77.600123,13.103776]]}},{"type":"Feature","properties":{},"geometry":{"type":"LineString","coordinates":[[77.600123,13.103776],[77.600817,13.104896],[77.601329,13.10577]]}},{"type":"Feature","properties":{},"geometry":{"type":"MultiLineString","coordinates":[[[77.582311,13.1067],[77.582063,13.107055]],[[77.582556,13.10617],[77.582416,13.106488],[77.582311,13.1067],[77.582311,13.1067]],[[77.586356,13.102191],[77.586249,13.102262],[77.586178,13.102298],[77.585537,13.102797],[77.585501,13.102833],[77.585146,13.103153],[77.584861,13.103367],[77.584648,13.10358],[77.584541,13.103687],[77.584256,13.103901],[77.584043,13.104114],[77.583652,13.10454],[77.583368,13.10479],[77.583297,13.104861],[77.583156,13.105108],[77.582767,13.105746],[77.582696,13.105817],[77.582556,13.10617]],[[77.586463,13.102084],[77.586356,13.102191]],[[77.586534,13.102013],[77.586463,13.102084]],[[77.58657,13.102013],[77.586534,13.102013]],[[77.586605,13.101977],[77.58657,13.102013]],[[77.586677,13.101941],[77.586605,13.101977]],[[77.586712,13.101906],[77.586677,13.101906],[77.586677,13.101941]],[[77.587389,13.101371],[77.587353,13.101371],[77.587211,13.101514],[77.586783,13.101835],[77.586712,13.101906]],[[77.588742,13.100266],[77.588457,13.100516],[77.588172,13.100765],[77.587852,13.100979],[77.58746,13.1013],[77.587389,13.101371],[77.587389,13.101371]]]}},{"type":"Feature","properties":{},"geometry":{"type":"LineString","coordinates":[[77.588741,13.100231],[77.588742,13.100266]]}},{"type":"Feature","properties":{},"geometry":{"type":"MultiLineString","coordinates":[[[77.559697,13.089788],[77.559696,13.089648]],[[77.559696,13.089648],[77.559763,13.089189]]]}},{"type":"Feature","properties":{},"geometry":{"type":"MultiLineString","coordinates":[[[77.593981,13.089798],[77.59398,13.089657],[77.5937,13.08695]],[[77.5937,13.08695],[77.593583,13.086001],[77.593454,13.084032]]]}},{"type":"Feature","properties":{},"geometry":{"type":"MultiLineString","coordinates":[[[77.593664,13.08695],[77.593701,13.08702]],[[77.593454,13.084032],[77.593455,13.084067],[77.593497,13.0847],[77.59354,13.085403],[77.593543,13.085685],[77.593583,13.086071],[77.593624,13.086564],[77.593664,13.08695]],[[77.59349,13.083996],[77.593454,13.084032]]]}},{"type":"Feature","properties":{},"geometry":{"type":"LineString","coordinates":[[77.559446,13.089791],[77.559697,13.089823],[77.559697,13.089788]]}},{"type":"Feature","properties":{},"geometry":{"type":"LineString","coordinates":[[77.605969,13.051918],[77.605968,13.051848]]}},{"type":"Feature","properties":{},"geometry":{"type":"LineString","coordinates":[[77.574151,13.098864],[77.574079,13.098865]]}},{"type":"Feature","properties":{},"geometry":{"type":"LineString","coordinates":[[77.587235,13.059074],[77.587199,13.059074]]}},{"type":"Feature","properties":{},"geometry":{"type":"LineString","coordinates":[[77.586285,13.102227],[77.586214,13.102263]]}},{"type":"Feature","properties":{},"geometry":{"type":"LineString","coordinates":[[77.593701,13.087056],[77.593702,13.087126],[77.593741,13.087407],[77.593822,13.088286],[77.593902,13.089095],[77.593903,13.0892],[77.593944,13.089657],[77.593981,13.089798],[77.593981,13.089798]]}},{"type":"Feature","properties":{},"geometry":{"type":"LineString","coordinates":[[77.593701,13.08702],[77.593701,13.087056]]}},{"type":"Feature","properties":{},"geometry":{"type":"MultiLineString","coordinates":[[[77.587064,13.101198],[77.587209,13.101302]],[[77.586524,13.101063],[77.586703,13.100991],[77.587064,13.101198]],[[77.58631,13.101171],[77.586417,13.101134]],[[77.586417,13.101134],[77.586524,13.101063]]]}},{"type":"Feature","properties":{},"geometry":{"type":"LineString","coordinates":[[77.587424,13.101265],[77.587495,13.101229]]}},{"type":"Feature","properties":{},"geometry":{"type":"MultiLineString","coordinates":[[[77.587281,13.101337],[77.587317,13.101337],[77.587353,13.101336]],[[77.587353,13.101336],[77.587424,13.101265]]]}},{"type":"Feature","properties":{},"geometry":{"type":"LineString","coordinates":[[77.587209,13.101302],[77.587281,13.101337]]}},{"type":"Feature","properties":{},"geometry":{"type":"LineString","coordinates":[[77.593114,13.065173],[77.593113,13.065138]]}},{"type":"Feature","properties":{},"geometry":{"type":"LineString","coordinates":[[77.587811,13.059209],[77.58781,13.059103]]}},{"type":"Feature","properties":{},"geometry":{"type":"LineString","coordinates":[[77.587811,13.059209],[77.58781,13.059174],[77.587846,13.059138],[77.58781,13.059103]]}},{"type":"Feature","properties":{},"geometry":{"type":"LineString","coordinates":[[77.587811,13.059209],[77.58781,13.059174],[77.587846,13.059138],[77.58781,13.059103]]}},{"type":"Feature","properties":{},"geometry":{"type":"LineString","coordinates":[[77.593267,13.062709],[77.593303,13.062708],[77.593302,13.062567]]}},{"type":"Feature","properties":{},"geometry":{"type":"LineString","coordinates":[[77.562974,13.097744],[77.561803,13.095609],[77.561285,13.094066],[77.561139,13.093891],[77.561068,13.093962]]}},{"type":"Feature","properties":{},"geometry":{"type":"LineString","coordinates":[[77.576814,13.099471],[77.576707,13.099472],[77.576707,13.099543]]}},{"type":"Feature","properties":{},"geometry":{"type":"LineString","coordinates":[[77.561139,13.093891],[77.561175,13.093856]]}},{"type":"Feature","properties":{},"geometry":{"type":"LineString","coordinates":[[77.561175,13.093856],[77.561211,13.093855]]}},{"type":"Feature","properties":{},"geometry":{"type":"LineString","coordinates":[[77.622825,13.142219],[77.622933,13.142183]]}},{"type":"Feature","properties":{},"geometry":{"type":"LineString","coordinates":[[77.561575,12.98279],[77.561611,12.982754]]}},{"type":"Feature","properties":{},"geometry":{"type":"LineString","coordinates":[[77.540118,13.028784],[77.54019,13.028783],[77.540546,13.028569],[77.540725,13.028462],[77.541153,13.028211]]}},{"type":"Feature","properties":{},"geometry":{"type":"LineString","coordinates":[[77.550815,13.007846],[77.550994,13.007844]]}},{"type":"Feature","properties":{},"geometry":{"type":"MultiLineString","coordinates":[[[77.550072,12.987829],[77.550215,12.987793],[77.550251,12.987793]],[[77.550251,12.987793],[77.550287,12.987792]],[[77.550287,12.987792],[77.550502,12.987755],[77.550681,12.987753],[77.550896,12.987751],[77.550932,12.987751]],[[77.550932,12.987751],[77.55104,12.98775]],[[77.55104,12.98775],[77.551112,12.987749],[77.55147,12.987745],[77.551793,12.987742]],[[77.551793,12.987742],[77.551793,12.987707],[77.552152,12.987703]],[[77.552152,12.987703],[77.552151,12.987598]],[[77.552151,12.987598],[77.552148,12.987352],[77.552145,12.987035],[77.552106,12.986754],[77.552103,12.986472],[77.552101,12.986226],[77.552099,12.986085],[77.552098,12.985944],[77.552241,12.985943],[77.552241,12.985943]],[[77.552241,12.985943],[77.552241,12.985908]],[[77.552241,12.985908],[77.552202,12.985627],[77.5522,12.98538],[77.55216,12.984958],[77.552156,12.984607],[77.552156,12.984571]],[[77.552156,12.984571],[77.552119,12.984501],[77.551975,12.984468]]]}},{"type":"Feature","properties":{},"geometry":{"type":"LineString","coordinates":[[77.537119,12.988027],[77.537119,12.988062]]}},{"type":"Feature","properties":{},"geometry":{"type":"MultiLineString","coordinates":[[[77.545772,12.998992],[77.545772,12.999027],[77.546059,12.999024],[77.54606,12.99913]],[[77.546346,12.999022],[77.546274,12.999022]],[[77.546274,12.999022],[77.546167,12.999023],[77.546095,12.999024]],[[77.546095,12.999024],[77.545915,12.998991]],[[77.545915,12.998991],[77.545843,12.998991],[77.545807,12.998992],[77.545772,12.998992]]]}},{"type":"Feature","properties":{},"geometry":{"type":"MultiLineString","coordinates":[[[77.535542,12.988253],[77.535543,12.988288],[77.535865,12.98825],[77.53608,12.988213],[77.536367,12.988175],[77.536689,12.988136],[77.536904,12.988099],[77.536904,12.988099]],[[77.535542,12.988218],[77.535542,12.988253]],[[77.536904,12.988099],[77.537119,12.988062],[77.537119,12.988062]],[[77.537119,12.988062],[77.537442,12.988023],[77.537514,12.988023]]]}},{"type":"Feature","properties":{},"geometry":{"type":"MultiLineString","coordinates":[[[77.544027,13.003901],[77.544099,13.003935],[77.544424,13.004108],[77.545073,13.004383],[77.545469,13.004555],[77.54583,13.004728],[77.546227,13.0049],[77.546587,13.005072],[77.54702,13.005279],[77.547417,13.005451],[77.547849,13.005658],[77.548246,13.005865],[77.548787,13.006106]],[[77.540962,13.002488],[77.541575,13.002763],[77.542008,13.00297],[77.542441,13.003177],[77.542874,13.003384],[77.543306,13.003591],[77.543703,13.003763],[77.544027,13.003901]],[[77.540746,13.002384],[77.540782,13.002384],[77.540962,13.002488]],[[77.53729,13.001327],[77.537614,13.001395],[77.538009,13.001461],[77.538441,13.001562],[77.538873,13.001699],[77.539269,13.001801],[77.539664,13.001902],[77.540025,13.00204],[77.540457,13.002247],[77.54071,13.00235],[77.540746,13.002384]],[[77.528189,12.999199],[77.528693,12.999335],[77.529052,12.999402],[77.529448,12.999504],[77.529808,12.999606],[77.530203,12.999672],[77.530563,12.999774],[77.530995,12.999876],[77.531426,12.999942],[77.531786,13.000009],[77.532217,13.00011],[77.532649,13.000211],[77.533081,13.000313],[77.533477,13.000414],[77.533908,13.000516],[77.53434,13.000617],[77.534772,13.000754],[77.534952,13.000787],[77.535203,13.00082],[77.535959,13.000988],[77.536354,13.00109],[77.536786,13.001192],[77.537182,13.001293],[77.53729,13.001327]]]}},{"type":"Feature","properties":{},"geometry":{"type":"MultiLineString","coordinates":[[[77.534914,12.986465],[77.53495,12.986499],[77.534951,12.98657],[77.534951,12.986605],[77.534987,12.986605],[77.535025,12.986745],[77.535061,12.986815],[77.535135,12.987025],[77.535209,12.987201],[77.535282,12.987376],[77.535283,12.987482],[77.535393,12.987727],[77.535468,12.988008],[77.535542,12.988218]],[[77.534328,12.981719],[77.534406,12.982387],[77.534446,12.982739],[77.534485,12.983055],[77.534488,12.983372],[77.534527,12.983723],[77.534566,12.98404],[77.534568,12.98418],[77.534606,12.984391],[77.534681,12.984742],[77.53472,12.985059],[77.534758,12.98527],[77.53476,12.98541],[77.534799,12.985727],[77.534838,12.986043],[77.534912,12.986289],[77.534913,12.986394],[77.534914,12.986465]]]}},{"type":"Feature","properties":{},"geometry":{"type":"MultiLineString","coordinates":[[[77.536976,13.030434],[77.537048,13.030398],[77.537154,13.030326]],[[77.537154,13.030326],[77.540046,13.02882]],[[77.540046,13.02882],[77.540118,13.028784]]]}},{"type":"Feature","properties":{},"geometry":{"type":"MultiLineString","coordinates":[[[77.549087,13.003886],[77.548749,13.005931]],[[77.549425,13.001842],[77.54939,13.001948],[77.549323,13.002406],[77.549221,13.0029],[77.549154,13.003358],[77.549086,13.003781],[77.549087,13.003886]],[[77.549796,12.999516],[77.549762,12.999692],[77.549695,13.00015],[77.549592,13.000609],[77.549525,13.001032],[77.549458,13.00149],[77.549425,13.001842]],[[77.550173,12.997752],[77.550139,12.997893],[77.550036,12.998352],[77.549969,12.99881],[77.549865,12.999233],[77.549796,12.999516]],[[77.550173,12.997717],[77.550173,12.997752]],[[77.550208,12.997682],[77.550173,12.997717]]]}},{"type":"Feature","properties":{},"geometry":{"type":"MultiLineString","coordinates":[[[77.541182,12.999424],[77.541075,12.99946]],[[77.541218,12.999424],[77.541182,12.999424],[77.541182,12.999424]],[[77.54161,12.999174],[77.541539,12.99921],[77.541218,12.999424]],[[77.542788,12.998493],[77.542716,12.998529],[77.542324,12.998744],[77.541896,12.998995],[77.541646,12.999138],[77.54161,12.999174]],[[77.545593,12.999064],[77.545413,12.999066],[77.545342,12.999067],[77.544911,12.999071],[77.544945,12.998895]],[[77.544945,12.998895],[77.544945,12.998859],[77.545012,12.998436],[77.545112,12.997696],[77.545112,12.997626]],[[77.545147,12.997591],[77.545004,12.997627],[77.544682,12.997701],[77.544396,12.997844],[77.543896,12.998025],[77.543502,12.99817],[77.543002,12.998386],[77.542788,12.998493]],[[77.545112,12.997626],[77.545147,12.997591]]]}},{"type":"Feature","properties":{},"geometry":{"type":"MultiLineString","coordinates":[[[77.541574,12.999139],[77.541396,12.999281],[77.541253,12.999353],[77.541182,12.999389]],[[77.545254,12.997519],[77.545111,12.997556],[77.544896,12.997593],[77.544681,12.997665],[77.54436,12.997809],[77.543967,12.997989],[77.543538,12.998134],[77.543395,12.998206],[77.543002,12.998351],[77.542752,12.998459],[77.542645,12.99853],[77.542145,12.998816],[77.541788,12.999031],[77.541574,12.999139]],[[77.546092,12.998707],[77.546415,12.998704],[77.546412,12.998458],[77.546374,12.998282],[77.546372,12.998036],[77.546369,12.997719],[77.546367,12.997579],[77.546367,12.997579]],[[77.546367,12.997579],[77.546367,12.997543],[77.546366,12.997473]],[[77.546366,12.997473],[77.546366,12.997438],[77.545971,12.997442],[77.545792,12.997479],[77.545541,12.997481],[77.545505,12.997517]],[[77.545505,12.997517],[77.545469,12.997482],[77.545326,12.997518],[77.545254,12.997519]]]}},{"type":"Feature","properties":{},"geometry":{"type":"MultiLineString","coordinates":[[[77.541182,12.999354],[77.541182,12.999389],[77.541146,12.999389],[77.541109,12.999284],[77.541035,12.999003],[77.540924,12.998688],[77.540813,12.998372],[77.540702,12.998056],[77.540664,12.997846],[77.540627,12.997705]],[[77.541539,12.999174],[77.541289,12.999318],[77.541182,12.999389],[77.541182,12.999354]],[[77.541824,12.998996],[77.541539,12.999174],[77.541539,12.999174]],[[77.545254,12.997519],[77.544896,12.997593],[77.544681,12.997665],[77.544538,12.997702],[77.54436,12.997774],[77.544002,12.997918],[77.543609,12.998063],[77.543395,12.998171],[77.54318,12.998243],[77.542859,12.998387],[77.542752,12.998459],[77.54268,12.998495],[77.542323,12.998709],[77.541931,12.998959],[77.541824,12.998996]],[[77.545376,12.99889],[77.54534,12.998891],[77.54534,12.998891]],[[77.54534,12.998891],[77.545439,12.99801],[77.545506,12.997587]],[[77.540627,12.997705],[77.54059,12.9976],[77.540479,12.997284],[77.540368,12.996969],[77.540368,12.996934]],[[77.545506,12.997587],[77.545505,12.997517]],[[77.545505,12.997517],[77.545505,12.997481],[77.54529,12.997519],[77.545254,12.997519]],[[77.540368,12.996934],[77.540294,12.996758],[77.540146,12.996373],[77.540036,12.996057],[77.539887,12.995601],[77.539814,12.995391],[77.539778,12.995391]]]}},{"type":"Feature","properties":{},"geometry":{"type":"MultiLineString","coordinates":[[[77.546275,12.999093],[77.546096,12.99913]],[[77.546346,12.999057],[77.546311,12.999057],[77.546275,12.999093]],[[77.546418,12.999021],[77.546346,12.999022],[77.546346,12.999057]]]}},{"type":"Feature","properties":{},"geometry":{"type":"MultiLineString","coordinates":[[[77.546347,12.999162],[77.546347,12.999092]],[[77.546347,12.999092],[77.546346,12.999057]],[[77.546346,12.999057],[77.546346,12.999022]],[[77.546346,12.999022],[77.546345,12.998951],[77.546343,12.99874],[77.546092,12.998743]]]}},{"type":"Feature","properties":{},"geometry":{"type":"MultiLineString","coordinates":[[[77.546096,12.99913],[77.546095,12.999059],[77.546095,12.999024]],[[77.546095,12.999024],[77.546094,12.998954],[77.546092,12.998743]]]}},{"type":"Feature","properties":{},"geometry":{"type":"MultiLineString","coordinates":[[[77.561075,12.983006],[77.561182,12.982934],[77.561217,12.982899]],[[77.561217,12.982899],[77.561361,12.982862],[77.561468,12.982826],[77.561468,12.982826]]]}},{"type":"Feature","properties":{},"geometry":{"type":"MultiLineString","coordinates":[[[77.550446,13.006935],[77.550447,13.00697],[77.550302,13.006901],[77.549942,13.006728],[77.549797,13.006659]],[[77.549797,13.006659],[77.549725,13.006625],[77.549725,13.006625]],[[77.549725,13.006625],[77.549725,13.00659],[77.549725,13.00659]],[[77.549725,13.00659],[77.549616,13.00645]],[[77.54958,13.006486],[77.54958,13.00645],[77.549544,13.006416],[77.549324,13.005995],[77.549176,13.005575],[77.549138,13.005293],[77.549099,13.005047],[77.549133,13.004801],[77.549237,13.004518],[77.549307,13.004271],[77.549376,13.004024],[77.549375,13.003954],[77.549375,13.003919]],[[77.549616,13.00645],[77.54958,13.006486]],[[77.549375,13.003919],[77.549408,13.003637],[77.549476,13.003319],[77.54951,13.003073],[77.549543,13.002861],[77.549576,13.002579],[77.54961,13.002333],[77.549643,13.002086],[77.549676,13.001804],[77.54971,13.001628],[77.549743,13.001346],[77.549777,13.001099],[77.54981,13.000853],[77.549843,13.000606],[77.549913,13.000359],[77.549946,13.000112],[77.549979,12.999866],[77.550048,12.999584],[77.549904,12.99955]]]}},{"type":"Feature","properties":{},"geometry":{"type":"MultiLineString","coordinates":[[[77.544186,13.026492],[77.544757,13.026205],[77.545007,13.026026],[77.545578,13.025704],[77.546042,13.025453],[77.546398,13.025239]],[[77.546398,13.025239],[77.546505,13.025167],[77.546898,13.024952]],[[77.546898,13.024952],[77.546934,13.024917]],[[77.546934,13.024917],[77.546969,13.024916]],[[77.546969,13.024916],[77.547005,13.024881],[77.547504,13.024594],[77.547968,13.024343],[77.548432,13.024057],[77.548896,13.023771],[77.549716,13.02327],[77.550251,13.022948],[77.550537,13.02277],[77.550679,13.022698]],[[77.550679,13.022698],[77.550822,13.022626],[77.551072,13.022448],[77.551143,13.022377],[77.551428,13.022163],[77.551712,13.021878],[77.551995,13.021453],[77.552277,13.020958],[77.552559,13.020462],[77.552876,13.019896],[77.553051,13.019507],[77.553156,13.01926],[77.55326,13.018872],[77.553399,13.018413],[77.553502,13.017919],[77.553741,13.016756],[77.553837,13.015629],[77.554041,13.0145],[77.554,13.014043],[77.553998,13.013797],[77.553594,13.012921],[77.553736,13.012814],[77.554128,13.012529],[77.554306,13.012351],[77.554306,13.012351]],[[77.554306,13.012351],[77.554306,13.012316],[77.554375,13.012104]]]}},{"type":"Feature","properties":{},"geometry":{"type":"MultiLineString","coordinates":[[[77.544028,13.003936],[77.544424,13.004108],[77.545326,13.004521],[77.545866,13.004763],[77.546263,13.004935],[77.546696,13.005141],[77.547128,13.005348],[77.547561,13.005555],[77.547994,13.005762],[77.548823,13.006141]],[[77.540962,13.002488],[77.540999,13.002523],[77.541142,13.002557],[77.541503,13.002764],[77.541972,13.002971],[77.542369,13.003143],[77.542765,13.003315],[77.543162,13.003522],[77.543487,13.003695],[77.543919,13.003867],[77.544028,13.003936]],[[77.54071,13.002385],[77.540782,13.002419],[77.540962,13.002488]],[[77.53729,13.001327],[77.537362,13.001327],[77.537758,13.001428],[77.538153,13.00153],[77.538477,13.001597],[77.538873,13.001699],[77.539593,13.001903],[77.539845,13.002006],[77.540025,13.00204],[77.540349,13.002212],[77.540422,13.002247],[77.54071,13.002385],[77.54071,13.002385]],[[77.528189,12.999234],[77.528297,12.999233],[77.528549,12.999301],[77.528729,12.99937],[77.529088,12.999437],[77.529412,12.999504],[77.5297,12.999607],[77.529844,12.99964],[77.530204,12.999707],[77.530563,12.999774],[77.530923,12.999876],[77.531175,12.999909],[77.531354,12.999942],[77.531606,12.999975],[77.531786,13.000009],[77.532146,13.000111],[77.532541,13.000177],[77.532937,13.000279],[77.533333,13.000381],[77.533693,13.000483],[77.534088,13.000584],[77.53452,13.000686],[77.53488,13.000788],[77.535204,13.000855],[77.535707,13.000956],[77.536139,13.001057],[77.536535,13.001159],[77.53693,13.001261],[77.53729,13.001327]]]}},{"type":"Feature","properties":{},"geometry":{"type":"LineString","coordinates":[[77.553157,12.998251],[77.553086,12.998392],[77.55305,12.998358]]}},{"type":"Feature","properties":{},"geometry":{"type":"MultiLineString","coordinates":[[[77.544028,13.003936],[77.54428,13.004074],[77.544424,13.004143],[77.545254,13.004522],[77.54565,13.004694],[77.546047,13.004866],[77.546372,13.005039],[77.546768,13.005211],[77.547165,13.005418],[77.547598,13.005625],[77.548031,13.005832],[77.548824,13.006176]],[[77.540746,13.00242],[77.540818,13.002454],[77.541179,13.002627],[77.54154,13.002799],[77.5419,13.002936],[77.542333,13.003143],[77.54273,13.00335],[77.543126,13.003522],[77.543559,13.003729],[77.543883,13.003867],[77.544028,13.003936]],[[77.53729,13.001363],[77.537506,13.001431],[77.538333,13.001599],[77.538765,13.0017],[77.539161,13.001802],[77.539557,13.001939],[77.539737,13.001972],[77.539989,13.002075],[77.540422,13.002282],[77.540746,13.00242]],[[77.528153,12.999235],[77.528585,12.999336],[77.528765,12.999405],[77.529017,12.999437],[77.529341,12.99954],[77.529628,12.999607],[77.529736,12.999642],[77.529952,12.999675],[77.530168,12.999708],[77.53042,12.999776],[77.530564,12.999809],[77.530815,12.999842],[77.530995,12.999911],[77.531355,12.999978],[77.531606,13.00001],[77.53175,13.000044],[77.53211,13.000111],[77.532433,13.000178],[77.532793,13.00028],[77.533117,13.000348],[77.533477,13.00045],[77.533837,13.000552],[77.534196,13.000619],[77.534485,13.000721],[77.534844,13.000788],[77.535204,13.00089],[77.535851,13.001025],[77.536283,13.001126],[77.536715,13.001227],[77.537111,13.001329],[77.53729,13.001363]]]}},{"type":"Feature","properties":{},"geometry":{"type":"MultiLineString","coordinates":[[[77.540962,13.002488],[77.540963,13.002523]],[[77.540962,13.002453],[77.540962,13.002488],[77.540962,13.002488]],[[77.540998,13.002452],[77.540962,13.002453]]]}},{"type":"Feature","properties":{},"geometry":{"type":"MultiLineString","coordinates":[[[77.559172,13.01086],[77.55928,13.010895]],[[77.558162,13.010378],[77.558198,13.010377],[77.558486,13.010515],[77.558955,13.010757],[77.559172,13.01086]],[[77.554556,13.008689],[77.555096,13.00893],[77.555565,13.009136],[77.555997,13.009308],[77.556466,13.00955],[77.556863,13.009757],[77.55726,13.009929],[77.557621,13.010102],[77.558161,13.010343],[77.558162,13.010378]],[[77.554483,13.008654],[77.554556,13.008689],[77.554556,13.008689]]]}},{"type":"Feature","properties":{},"geometry":{"type":"MultiLineString","coordinates":[[[77.559172,13.010896],[77.55928,13.01093]],[[77.558126,13.010413],[77.558667,13.010654],[77.5591,13.010861],[77.559172,13.010896]],[[77.554484,13.00876],[77.554953,13.008967],[77.555422,13.009173],[77.55589,13.00938],[77.556359,13.009586],[77.556828,13.009793],[77.557333,13.010069],[77.558054,13.010379],[77.558126,13.010413]]]}},{"type":"Feature","properties":{},"geometry":{"type":"MultiLineString","coordinates":[[[77.559171,13.010825],[77.55928,13.010895]],[[77.558197,13.010307],[77.558233,13.010307],[77.55881,13.010618],[77.559135,13.010826],[77.559171,13.010825]],[[77.554556,13.008689],[77.554555,13.008654],[77.555096,13.008895],[77.555601,13.009101],[77.556069,13.009307],[77.556538,13.009514],[77.556971,13.009721],[77.557439,13.009927],[77.557872,13.010134],[77.558124,13.010237],[77.558196,13.010272],[77.558197,13.010307]],[[77.554483,13.008619],[77.554555,13.008654],[77.554556,13.008689]]]}},{"type":"Feature","properties":{},"geometry":{"type":"MultiLineString","coordinates":[[[77.546454,12.999056],[77.54642,12.999232],[77.546384,12.999232]],[[77.546384,12.999232],[77.546348,12.999233],[77.546096,12.99913]],[[77.546453,12.998915],[77.546454,12.999056]],[[77.546439,12.997543],[77.546443,12.99793],[77.546447,12.998387],[77.546452,12.998845],[77.546453,12.998915]],[[77.549957,12.997684],[77.54967,12.997652],[77.549311,12.997655],[77.549095,12.997622],[77.548952,12.997624],[77.548664,12.997626],[77.548485,12.997628],[77.548162,12.997596],[77.547911,12.997599],[77.547587,12.997567],[77.547336,12.997569],[77.547013,12.997537],[77.546689,12.997505],[77.546582,12.997506],[77.546474,12.997507]],[[77.546474,12.997507],[77.546438,12.997507],[77.546439,12.997543]]]}},{"type":"Feature","properties":{},"geometry":{"type":"MultiLineString","coordinates":[[[77.550316,12.997681],[77.550208,12.997682]],[[77.550208,12.997682],[77.550136,12.997682]],[[77.550136,12.997682],[77.549993,12.997684]]]}},{"type":"Feature","properties":{},"geometry":{"type":"LineString","coordinates":[[77.549993,12.997684],[77.549957,12.997684]]}},{"type":"Feature","properties":{},"geometry":{"type":"MultiLineString","coordinates":[[[77.548284,12.98848],[77.548177,12.988517]],[[77.548391,12.988444],[77.548355,12.988445],[77.548284,12.98848]]]}},{"type":"Feature","properties":{},"geometry":{"type":"MultiLineString","coordinates":[[[77.548641,12.988336],[77.548499,12.988408],[77.548463,12.988408]],[[77.548927,12.988228],[77.54882,12.988299],[77.548641,12.988336]],[[77.549285,12.988119],[77.549213,12.988119],[77.548963,12.988227],[77.548927,12.988228]],[[77.549679,12.988009],[77.549643,12.98801],[77.549357,12.988083],[77.549285,12.988119]],[[77.549822,12.987973],[77.549786,12.987973],[77.549679,12.988009]],[[77.549857,12.987937],[77.549822,12.987973],[77.549822,12.987973]],[[77.549965,12.987901],[77.549857,12.987937]]]}},{"type":"Feature","properties":{},"geometry":{"type":"MultiLineString","coordinates":[[[77.549904,12.99955],[77.549832,12.999515],[77.549796,12.999516]],[[77.549796,12.999516],[77.54976,12.999481],[77.54976,12.999516]],[[77.54976,12.999516],[77.54976,12.999481],[77.549508,12.999413],[77.549112,12.999311],[77.54886,12.999243],[77.548861,12.999278]],[[77.548861,12.999278],[77.548825,12.999244],[77.548573,12.999176],[77.548536,12.999141],[77.548537,12.999176]],[[77.548537,12.999176],[77.548501,12.999141],[77.548033,12.999005],[77.547673,12.998903],[77.547027,12.998945],[77.546776,12.998982],[77.546454,12.999021],[77.546454,12.999056]],[[77.546454,12.999056],[77.546418,12.999021],[77.546347,12.999092]]]}},{"type":"Feature","properties":{},"geometry":{"type":"MultiLineString","coordinates":[[[77.56047,12.983469],[77.560576,12.983362],[77.560647,12.983291]],[[77.560647,12.983291],[77.560683,12.983256],[77.560825,12.983149],[77.560861,12.983113]],[[77.560861,12.983113],[77.560968,12.983042],[77.561075,12.983006]]]}},{"type":"Feature","properties":{},"geometry":{"type":"LineString","coordinates":[[77.550931,13.008725],[77.550932,13.008795],[77.550968,13.008865]]}},{"type":"Feature","properties":{},"geometry":{"type":"MultiLineString","coordinates":[[[77.551422,13.007629],[77.551422,13.007594],[77.551422,13.007558]],[[77.551422,13.007558],[77.551421,13.007523],[77.551278,13.007525],[77.551277,13.007454],[77.551277,13.007419]],[[77.551277,13.007419],[77.551276,13.007349]],[[77.551276,13.007349],[77.551276,13.007314]],[[77.551276,13.007314],[77.551239,13.007279]],[[77.551239,13.007279],[77.551238,13.007138],[77.551164,13.006928],[77.551127,13.006822]]]}},{"type":"Feature","properties":{},"geometry":{"type":"MultiLineString","coordinates":[[[77.554123,13.008552],[77.553835,13.00845],[77.553583,13.008311],[77.553583,13.008347]],[[77.552611,13.008004],[77.552144,13.007974],[77.55136,13.008509]],[[77.553583,13.008347],[77.552719,13.008038],[77.552611,13.008004]]]}},{"type":"Feature","properties":{},"geometry":{"type":"LineString","coordinates":[[77.550496,12.997714],[77.55046,12.997714],[77.550316,12.997681]]}},{"type":"Feature","properties":{},"geometry":{"type":"LineString","coordinates":[[77.550426,13.008448],[77.550718,13.008903],[77.55079,13.008972]]}},{"type":"Feature","properties":{},"geometry":{"type":"MultiLineString","coordinates":[[[77.554375,13.012104],[77.554367,13.011295],[77.554391,13.010169],[77.554387,13.009711],[77.55442,13.009429],[77.554417,13.009183],[77.554415,13.009007],[77.554413,13.008831]],[[77.554413,13.008831],[77.554413,13.008761],[77.554124,13.008623],[77.554088,13.008623]],[[77.554088,13.008623],[77.554088,13.008588],[77.554016,13.008589],[77.553583,13.008347],[77.553583,13.008347]],[[77.553583,13.008347],[77.553547,13.008347],[77.553439,13.008278],[77.552754,13.008003],[77.552611,13.008004]],[[77.552611,13.008004],[77.551676,13.007873],[77.551533,13.007874]]]}},{"type":"Feature","properties":{},"geometry":{"type":"MultiLineString","coordinates":[[[77.551113,13.008969],[77.55136,13.008509]],[[77.55136,13.008509],[77.551109,13.008547],[77.551037,13.008548]]]}},{"type":"Feature","properties":{},"geometry":{"type":"MultiLineString","coordinates":[[[77.54507,13.000583],[77.545071,13.000653],[77.54525,13.000651],[77.545682,13.000753],[77.546185,13.000818],[77.546219,13.000642],[77.546252,13.000395]],[[77.541161,13.000867],[77.541161,13.000832]],[[77.541125,13.000832],[77.541161,13.000832],[77.541161,13.000867]],[[77.541591,13.000828],[77.541627,13.000827],[77.541843,13.000825],[77.542273,13.000786],[77.542667,13.000747],[77.542847,13.000745],[77.542883,13.000745]],[[77.541161,13.000832],[77.541197,13.000832],[77.541376,13.00083],[77.541591,13.000828],[77.541591,13.000828]],[[77.541089,13.000833],[77.541125,13.000832]],[[77.542883,13.000745],[77.542882,13.00071],[77.542954,13.000744],[77.543097,13.000707],[77.543277,13.000706],[77.543277,13.000706]],[[77.543277,13.000706],[77.543313,13.000705],[77.543528,13.000703],[77.543958,13.000664],[77.544137,13.000627],[77.544281,13.00059],[77.544317,13.000625]],[[77.544352,13.00059],[77.544388,13.000589],[77.544568,13.000587],[77.544711,13.000586],[77.544999,13.000618],[77.545035,13.000618],[77.54507,13.000583]],[[77.544317,13.000625],[77.544352,13.00059]],[[77.546252,13.000395],[77.546252,13.00036],[77.546285,13.000113],[77.546284,12.999972]],[[77.546284,12.999972],[77.546353,12.99969],[77.546384,12.999232]],[[77.546384,12.999232],[77.546383,12.999162],[77.546347,12.999162]],[[77.546347,12.999162],[77.546096,12.99913]]]}},{"type":"Feature","properties":{},"geometry":{"type":"LineString","coordinates":[[77.54161,12.999174],[77.541574,12.999139]]}},{"type":"Feature","properties":{},"geometry":{"type":"MultiLineString","coordinates":[[[77.553157,12.998251],[77.553192,12.998215]],[[77.553192,12.998215],[77.553368,12.997827],[77.553544,12.997543],[77.55358,12.997508],[77.55365,12.997401],[77.553793,12.997259],[77.553934,12.997082],[77.553969,12.997011],[77.554041,12.99694],[77.554218,12.996727],[77.554431,12.996479],[77.554536,12.996302],[77.554607,12.996196],[77.554642,12.996125],[77.554748,12.995913],[77.554889,12.995665],[77.554994,12.995418],[77.5551,12.995241],[77.555275,12.994852],[77.555452,12.994568],[77.555558,12.994427]],[[77.555558,12.994427],[77.555663,12.994214],[77.555911,12.99386],[77.556194,12.99347],[77.556441,12.993081],[77.556938,12.992478],[77.556938,12.992478]],[[77.556938,12.992478],[77.557256,12.992052],[77.557611,12.991626],[77.55761,12.991591],[77.557822,12.991272],[77.557964,12.991095]],[[77.557964,12.991095],[77.55814,12.990777],[77.558317,12.990493],[77.558564,12.990069],[77.558775,12.989715],[77.559022,12.989255],[77.559198,12.988971]]]}},{"type":"Feature","properties":{},"geometry":{"type":"MultiLineString","coordinates":[[[77.552611,13.008004],[77.55261,13.007969],[77.55261,13.007934],[77.552646,13.007933]],[[77.552646,13.007933],[77.552645,13.007898]],[[77.552645,13.007898],[77.552681,13.007898],[77.552681,13.007898]],[[77.552681,13.007898],[77.552645,13.007863]],[[77.552645,13.007863],[77.552645,13.007828],[77.552536,13.007723],[77.552463,13.007619],[77.55239,13.007514],[77.552318,13.007479],[77.552282,13.00748],[77.552174,13.007445],[77.551887,13.007448],[77.551851,13.007413],[77.551778,13.007344],[77.551742,13.007344],[77.551455,13.007312],[77.551383,13.007277],[77.551347,13.007242],[77.55131,13.007208],[77.551237,13.007068],[77.5512,13.006927],[77.55109,13.006717]],[[77.55109,13.006717],[77.551053,13.006647],[77.551053,13.006612]]]}},{"type":"Feature","properties":{},"geometry":{"type":"MultiLineString","coordinates":[[[77.55178,13.00752],[77.5516,13.007451],[77.551276,13.007314],[77.551276,13.007314]],[[77.551276,13.007314],[77.55124,13.007314],[77.55124,13.007314]],[[77.55124,13.007314],[77.551131,13.007245],[77.550843,13.007107]],[[77.550843,13.007107],[77.550663,13.007038],[77.55059,13.006968],[77.550194,13.006831],[77.549942,13.006728],[77.549797,13.006624]],[[77.549797,13.006624],[77.549725,13.00659]],[[77.549725,13.00659],[77.549653,13.006555]],[[77.549653,13.006555],[77.549581,13.006521]],[[77.549581,13.006521],[77.549509,13.006486],[77.54922,13.006348],[77.548824,13.006176]]]}},{"type":"Feature","properties":{},"geometry":{"type":"MultiLineString","coordinates":[[[77.552681,13.007898],[77.553114,13.00807],[77.55351,13.008242],[77.554195,13.008552],[77.554483,13.008619]],[[77.552285,13.007726],[77.552321,13.007726],[77.552609,13.007863],[77.552681,13.007898]],[[77.551239,13.007279],[77.551275,13.007278],[77.551672,13.00745],[77.55214,13.007657],[77.552285,13.007726],[77.552285,13.007726]],[[77.549797,13.006624],[77.549977,13.006693],[77.55023,13.006831],[77.55059,13.006968],[77.550734,13.007037],[77.551167,13.007244],[77.551203,13.007244],[77.551239,13.007279]],[[77.549725,13.00659],[77.549797,13.006624],[77.549797,13.006624]],[[77.549653,13.006555],[77.549725,13.00659],[77.549725,13.00659]],[[77.549581,13.006521],[77.549653,13.006555]],[[77.548823,13.006141],[77.548967,13.00621],[77.549436,13.006417],[77.549581,13.006521]]]}},{"type":"Feature","properties":{},"geometry":{"type":"MultiLineString","coordinates":[[[77.550815,13.007916],[77.550959,13.00795],[77.550995,13.00795]],[[77.550743,13.007917],[77.550815,13.007916]],[[77.550708,13.007917],[77.550743,13.007917]]]}},{"type":"Feature","properties":{},"geometry":{"type":"LineString","coordinates":[[77.545915,12.998991],[77.545915,12.998955]]}},{"type":"Feature","properties":{},"geometry":{"type":"LineString","coordinates":[[77.546275,12.999093],[77.546275,12.999058],[77.546274,12.999022]]}},{"type":"Feature","properties":{},"geometry":{"type":"MultiLineString","coordinates":[[[77.550678,13.008551],[77.550606,13.008552],[77.550426,13.008448]],[[77.550426,13.008448],[77.550424,13.008307],[77.550456,13.00792],[77.550456,13.007849]],[[77.550456,13.007849],[77.550491,13.007779]],[[77.550491,13.007779],[77.550487,13.007427],[77.550519,13.007004],[77.550518,13.006969]]]}},{"type":"Feature","properties":{},"geometry":{"type":"LineString","coordinates":[[77.551495,13.007663],[77.551494,13.007628],[77.551494,13.007593]]}},{"type":"Feature","properties":{},"geometry":{"type":"LineString","coordinates":[[77.551038,13.008618],[77.551109,13.008617],[77.551253,13.008616]]}},{"type":"Feature","properties":{},"geometry":{"type":"MultiLineString","coordinates":[[[77.540745,13.002279],[77.541033,13.002382],[77.540998,13.002452],[77.540998,13.002452]],[[77.541089,13.000833],[77.541055,13.001009],[77.541021,13.001185],[77.540986,13.001326],[77.540881,13.001574],[77.540847,13.00175],[77.540813,13.001926],[77.540778,13.002032],[77.540744,13.002173],[77.540745,13.002244],[77.540745,13.002279]],[[77.541191,13.000233],[77.541192,13.000339],[77.541159,13.000621],[77.541089,13.000833]],[[77.541183,12.999495],[77.541185,12.999706],[77.541188,13.000022],[77.54119,13.000163],[77.541191,13.000233]],[[77.541182,12.999424],[77.541183,12.999495],[77.541183,12.999495]],[[77.541182,12.999389],[77.541182,12.999424]],[[77.541182,12.999354],[77.541182,12.999389],[77.541182,12.999389]],[[77.540403,12.996933],[77.54044,12.997003],[77.540514,12.997249],[77.540589,12.997565],[77.5407,12.997845],[77.540775,12.998196],[77.540886,12.998512],[77.540997,12.998828],[77.541108,12.999143],[77.541181,12.999319],[77.541182,12.999354],[77.541182,12.999354]],[[77.539849,12.995355],[77.539885,12.99539],[77.53996,12.995671],[77.540071,12.995986],[77.540182,12.996302],[77.540329,12.996652],[77.540366,12.996793],[77.540403,12.996933]],[[77.539849,12.99532],[77.539849,12.995355],[77.539849,12.995355]],[[77.539111,12.993321],[77.539185,12.993532],[77.539295,12.993777],[77.539369,12.993987],[77.539479,12.994232],[77.539553,12.994443],[77.539627,12.994689],[77.539664,12.994759],[77.539775,12.995145],[77.539849,12.99532]],[[77.538483,12.991603],[77.53852,12.991673],[77.538594,12.991883],[77.538667,12.992094],[77.538778,12.992374],[77.538852,12.992585],[77.538963,12.9929],[77.539,12.993005],[77.539073,12.993181],[77.539111,12.993321]],[[77.537961,12.989708],[77.537962,12.989778],[77.537999,12.989918],[77.538037,12.990094],[77.538075,12.99027],[77.538112,12.99041],[77.53815,12.990586],[77.538187,12.990726],[77.538224,12.990866],[77.538298,12.991077],[77.538372,12.991287],[77.538483,12.991603],[77.538483,12.991603]],[[77.537961,12.989672],[77.537961,12.989708]],[[77.53755,12.988022],[77.537585,12.988022],[77.537661,12.988408],[77.537736,12.988689],[77.537774,12.988935],[77.537849,12.989216],[77.537887,12.989462],[77.537961,12.989672]]]}},{"type":"Feature","properties":{},"geometry":{"type":"MultiLineString","coordinates":[[[77.549965,12.987901],[77.550072,12.987865],[77.550071,12.987794],[77.550071,12.987794]],[[77.550071,12.987794],[77.550107,12.987794],[77.55025,12.987757],[77.550251,12.987793]]]}},{"type":"Feature","properties":{},"geometry":{"type":"MultiLineString","coordinates":[[[77.550781,13.008093],[77.550815,13.007916]],[[77.550815,13.007916],[77.550815,13.007846]],[[77.550815,13.007846],[77.550813,13.00767],[77.550777,13.00767],[77.550776,13.007565]],[[77.550776,13.007565],[77.550843,13.007142],[77.550843,13.007142]],[[77.550843,13.007142],[77.550843,13.007107]]]}},{"type":"Feature","properties":{},"geometry":{"type":"MultiLineString","coordinates":[[[77.550708,13.007917],[77.550707,13.007882]],[[77.550456,13.007849],[77.550492,13.007849],[77.550528,13.007884],[77.550708,13.007917]],[[77.550707,13.007882],[77.550706,13.007812]],[[77.550163,13.007289],[77.550455,13.007814],[77.550456,13.007849]],[[77.550706,13.007812],[77.550741,13.007671],[77.550739,13.00753],[77.550776,13.007565]],[[77.549617,13.006556],[77.549944,13.006975],[77.55009,13.007149],[77.550163,13.007289]],[[77.549653,13.006555],[77.549617,13.006556]],[[77.549616,13.00645],[77.549653,13.00652],[77.549653,13.006555]],[[77.54958,13.00645],[77.549616,13.00645]],[[77.549307,13.004342],[77.549238,13.004589],[77.549133,13.004871],[77.549099,13.005047],[77.549213,13.005609],[77.54925,13.00575],[77.54936,13.005995],[77.54958,13.006415],[77.54958,13.00645],[77.54958,13.00645]]]}},{"type":"Feature","properties":{},"geometry":{"type":"MultiLineString","coordinates":[[[77.539311,12.995395],[77.539491,12.995394],[77.539742,12.995391],[77.539741,12.995356]],[[77.538378,12.995369],[77.538485,12.995368],[77.538629,12.995402],[77.538809,12.9954],[77.539024,12.995398],[77.539275,12.995396],[77.539311,12.995395]],[[77.539741,12.995356],[77.539778,12.995391],[77.539778,12.995391]],[[77.537875,12.995339],[77.537875,12.995374],[77.538019,12.995338],[77.538234,12.995371],[77.538378,12.995369]],[[77.537875,12.995304],[77.537875,12.995339]]]}},{"type":"Feature","properties":{},"geometry":{"type":"MultiLineString","coordinates":[[[77.552978,12.998358],[77.552978,12.998323],[77.553014,12.998358],[77.55305,12.998358]],[[77.552439,12.998223],[77.552762,12.99829],[77.552978,12.998323],[77.552978,12.998358]],[[77.552438,12.998188],[77.552439,12.998223],[77.552439,12.998223]],[[77.552151,12.998155],[77.552151,12.99812],[77.552151,12.998155],[77.552331,12.998189],[77.552402,12.998188],[77.552438,12.998188],[77.552438,12.998188]],[[77.551072,12.997919],[77.551216,12.997953],[77.551899,12.998087],[77.552151,12.998155],[77.552151,12.998155]],[[77.551036,12.99792],[77.551072,12.997919]],[[77.550462,12.99789],[77.550497,12.997855],[77.550497,12.99782],[77.550568,12.997819],[77.550676,12.997818],[77.551036,12.99792]]]}},{"type":"Feature","properties":{},"geometry":{"type":"MultiLineString","coordinates":[[[77.554088,13.008623],[77.554124,13.008588],[77.554196,13.008657],[77.554484,13.00876]],[[77.553583,13.008347],[77.553583,13.008311],[77.554088,13.008588],[77.554088,13.008623]],[[77.552646,13.007933],[77.552898,13.008037],[77.553475,13.008277],[77.553583,13.008311],[77.553583,13.008347]],[[77.552285,13.007796],[77.552321,13.007761],[77.552646,13.007933]],[[77.551276,13.007349],[77.551276,13.007314],[77.551672,13.007486],[77.552285,13.007761],[77.552285,13.007796]],[[77.55124,13.007314],[77.55124,13.007349],[77.551276,13.007349]],[[77.550843,13.007142],[77.550843,13.007107],[77.551095,13.007245],[77.55124,13.007314],[77.55124,13.007314]],[[77.550518,13.006969],[77.550591,13.007004],[77.550807,13.007107],[77.550843,13.007142]],[[77.550446,13.006935],[77.550518,13.006969]],[[77.549797,13.006659],[77.549942,13.006728],[77.550446,13.006935]],[[77.549725,13.006625],[77.549797,13.006659]],[[77.549617,13.006556],[77.549725,13.006625]],[[77.549581,13.006521],[77.549617,13.006556]],[[77.548824,13.006176],[77.54904,13.00628],[77.549509,13.006486],[77.549581,13.006521]]]}},{"type":"Feature","properties":{},"geometry":{"type":"MultiLineString","coordinates":[[[77.55599,12.987525],[77.55599,12.98756],[77.55556,12.9876],[77.555022,12.987605],[77.554663,12.987608],[77.554412,12.987611],[77.554376,12.987646],[77.554376,12.987646]],[[77.555986,12.987173],[77.555986,12.987138],[77.55599,12.987525],[77.55599,12.987525]],[[77.556057,12.987137],[77.556022,12.987138],[77.555986,12.987173]],[[77.558102,12.987082],[77.557421,12.987089],[77.55699,12.987128],[77.556524,12.987133],[77.556093,12.987137],[77.556057,12.987137]]]}},{"type":"Feature","properties":{},"geometry":{"type":"LineString","coordinates":[[77.551422,13.007629],[77.551458,13.007593],[77.551458,13.007558]]}},{"type":"Feature","properties":{},"geometry":{"type":"LineString","coordinates":[[77.550635,13.007848],[77.55067,13.007777],[77.550706,13.007812]]}},{"type":"Feature","properties":{},"geometry":{"type":"LineString","coordinates":[[77.537514,12.988023],[77.53755,12.988022]]}},{"type":"Feature","properties":{},"geometry":{"type":"MultiLineString","coordinates":[[[77.5384,13.00107],[77.538361,13.000824]],[[77.538361,13.000824],[77.538361,13.000789]],[[77.538361,13.000789],[77.538324,13.000649],[77.538323,13.000613],[77.538286,13.000473]],[[77.538286,13.000473],[77.538248,13.000262],[77.538247,13.000192]],[[77.538247,13.000192],[77.538498,13.000119],[77.538677,13.000117],[77.539035,13.000043],[77.539322,13.000041],[77.539358,13.00004]],[[77.539358,13.00004],[77.539466,13.000004],[77.539717,12.999966]],[[77.539717,12.999966],[77.539752,12.999966],[77.53986,12.999965],[77.540003,12.999928],[77.540075,12.999928]],[[77.540075,12.999928],[77.540218,12.999856],[77.540254,12.999856],[77.540397,12.999784],[77.540575,12.999712],[77.540825,12.999604],[77.541075,12.99946]]]}},{"type":"Feature","properties":{},"geometry":{"type":"MultiLineString","coordinates":[[[77.5211,12.986634],[77.52085,12.986742],[77.520349,12.986958]],[[77.523383,12.985345],[77.523313,12.985451],[77.52317,12.985558],[77.522993,12.985736],[77.522671,12.985915],[77.522529,12.986022],[77.52235,12.986094],[77.522243,12.98613],[77.521957,12.986239],[77.521636,12.986418],[77.52135,12.986526],[77.521243,12.986562]],[[77.526512,12.985948],[77.52644,12.985984],[77.526369,12.98602],[77.526297,12.986021]],[[77.52601,12.986023],[77.525938,12.986024],[77.52583,12.985955],[77.525721,12.98585],[77.525467,12.985606],[77.525359,12.985537],[77.525143,12.985469]],[[77.526974,12.985592],[77.526939,12.985627],[77.526761,12.98577],[77.526547,12.985913],[77.526547,12.985913]],[[77.527046,12.985521],[77.526974,12.985592]],[[77.527259,12.985343],[77.527117,12.985485],[77.527046,12.985521]],[[77.52868,12.983921],[77.528538,12.984028],[77.528289,12.984312],[77.528076,12.984525]],[[77.528823,12.983885],[77.528787,12.983885]]]}},{"type":"Feature","properties":{},"geometry":{"type":"MultiLineString","coordinates":[[[77.550713,13.00848],[77.550677,13.008446],[77.550743,13.007917]],[[77.550743,13.007917],[77.550743,13.007847]]]}},{"type":"Feature","properties":{},"geometry":{"type":"MultiLineString","coordinates":[[[77.544028,13.003936],[77.544208,13.00404],[77.544424,13.004143],[77.545326,13.004521],[77.545686,13.004694],[77.546119,13.004901],[77.546299,13.004969],[77.546552,13.005108],[77.546984,13.005315],[77.547417,13.005521],[77.547778,13.005694],[77.548247,13.0059],[77.548824,13.006176]],[[77.540963,13.002523],[77.541071,13.002557],[77.541468,13.002765],[77.541828,13.002902],[77.542224,13.003074],[77.542549,13.003247],[77.542657,13.003281],[77.543018,13.003453],[77.543414,13.003625],[77.543739,13.003798],[77.544028,13.003936]],[[77.54071,13.002385],[77.540963,13.002523]],[[77.53729,13.001327],[77.53747,13.001396],[77.537866,13.001498],[77.538261,13.001564],[77.538657,13.001666],[77.539089,13.001767],[77.539485,13.001869],[77.539629,13.001938],[77.539917,13.002041],[77.540277,13.002178],[77.540674,13.002385],[77.54071,13.002385],[77.54071,13.002385]],[[77.528189,12.999234],[77.528297,12.999268],[77.528513,12.999302],[77.528693,12.99937],[77.529017,12.999437],[77.529412,12.999539],[77.52952,12.999573],[77.529808,12.999641],[77.529916,12.999675],[77.53024,12.999707],[77.530527,12.999775],[77.530671,12.999808],[77.530995,12.999876],[77.531103,12.99991],[77.531247,12.999944],[77.531462,12.999977],[77.53175,13.000009],[77.53193,13.000042],[77.532146,13.000111],[77.532577,13.000212],[77.532937,13.000314],[77.533297,13.000381],[77.533657,13.000483],[77.534088,13.000584],[77.534556,13.000721],[77.534916,13.000788],[77.535204,13.000855],[77.535851,13.001025],[77.536283,13.001126],[77.536571,13.001194],[77.536679,13.001228],[77.537074,13.001294],[77.53729,13.001327]]]}},{"type":"Feature","properties":{},"geometry":{"type":"MultiLineString","coordinates":[[[77.549174,12.977175],[77.549174,12.977246],[77.549179,12.977668]],[[77.548541,12.975],[77.548651,12.975175],[77.548798,12.975525],[77.548908,12.97577],[77.548982,12.976016],[77.549093,12.976296],[77.549094,12.976402],[77.549095,12.976472],[77.549134,12.976824],[77.549173,12.977105],[77.549174,12.977175]]]}},{"type":"Feature","properties":{},"geometry":{"type":"MultiLineString","coordinates":[[[77.550815,13.007916],[77.550815,13.007881],[77.550887,13.00788],[77.550958,13.00788]],[[77.550743,13.007847],[77.550779,13.007846],[77.550815,13.007916]],[[77.550707,13.007882],[77.550743,13.007847],[77.550743,13.007847]],[[77.550635,13.007848],[77.550707,13.007847],[77.550707,13.007882]],[[77.550491,13.007779],[77.55049,13.007744],[77.550527,13.007814],[77.550635,13.007848]],[[77.549797,13.006659],[77.549762,13.006695],[77.549981,13.00701],[77.550235,13.007359],[77.550454,13.007709],[77.550491,13.007779]],[[77.549797,13.006624],[77.549797,13.006659]],[[77.549616,13.00645],[77.549653,13.00652],[77.549833,13.006624],[77.549797,13.006624]],[[77.549411,13.003954],[77.549307,13.004342],[77.549133,13.004836],[77.549099,13.005047],[77.549176,13.005575],[77.549323,13.005925],[77.549434,13.00617],[77.549544,13.006416],[77.54958,13.00645],[77.54958,13.00645]],[[77.54958,13.00645],[77.549616,13.00645],[77.549616,13.00645]],[[77.550462,12.99789],[77.550426,12.997926],[77.550322,12.998244],[77.550323,12.998349],[77.550254,12.998631],[77.550185,12.998949],[77.550116,12.999231],[77.550048,12.999584],[77.550049,12.999619],[77.550013,12.999689],[77.549981,13.000042],[77.549878,13.0005],[77.549809,13.000747],[77.549776,13.001029],[77.549744,13.001381],[77.549675,13.001734],[77.549643,13.002086],[77.54961,13.002403],[77.549543,13.002791],[77.549545,13.003037],[77.54951,13.003143],[77.549444,13.003636],[77.54941,13.003848],[77.549411,13.003954]],[[77.550496,12.997714],[77.550462,12.99789]],[[77.550495,12.997608],[77.550496,12.997714]],[[77.551195,12.992393],[77.551198,12.99271],[77.551202,12.993062],[77.551205,12.993379],[77.551208,12.993695],[77.551282,12.99387],[77.551248,12.994047],[77.551215,12.994399],[77.551147,12.994752],[77.551079,12.995069],[77.551045,12.99528],[77.55101,12.995386],[77.550906,12.995739],[77.550838,12.996127],[77.550735,12.99655],[77.550701,12.996727],[77.550666,12.996833],[77.550598,12.997185],[77.550529,12.997467],[77.550495,12.997608],[77.550495,12.997608]],[[77.550072,12.987829],[77.550109,12.987935],[77.550184,12.988251],[77.550221,12.988391],[77.550331,12.988636],[77.550406,12.988952],[77.550517,12.989303],[77.550629,12.989654],[77.550739,12.98997],[77.550814,12.990286],[77.550926,12.990636],[77.551037,12.990952],[77.551112,12.991303],[77.551151,12.991655],[77.551155,12.992007],[77.551195,12.992358],[77.551195,12.992393]],[[77.550071,12.987794],[77.550072,12.987829]],[[77.549221,12.98182],[77.549223,12.982066],[77.549263,12.982453],[77.549265,12.982664],[77.549268,12.982875],[77.549269,12.983016],[77.549273,12.983403],[77.549277,12.983755],[77.54928,12.984072],[77.549283,12.984424],[77.549287,12.98474],[77.549325,12.984951],[77.549362,12.985092],[77.549473,12.985442],[77.549549,12.985793],[77.549624,12.986109],[77.549661,12.98625],[77.549847,12.986881],[77.549922,12.987233],[77.550033,12.987583],[77.550071,12.987794]],[[77.549179,12.977703],[77.549217,12.977949],[77.549221,12.978301],[77.549224,12.978653],[77.549228,12.97897],[77.549232,12.979357],[77.549235,12.979708],[77.549239,12.98006],[77.549242,12.980377],[77.549245,12.980694],[77.549213,12.981081],[77.549216,12.981363],[77.54922,12.981715],[77.549221,12.98182]]]}},{"type":"Feature","properties":{},"geometry":{"type":"MultiLineString","coordinates":[[[77.54887,12.975524],[77.548943,12.9757],[77.54898,12.97577],[77.549053,12.97591],[77.549127,12.976155],[77.5492,12.976295],[77.549273,12.9764],[77.549274,12.976471],[77.549311,12.976541],[77.549347,12.976611],[77.549313,12.976822],[77.549317,12.977139],[77.549317,12.977209],[77.549355,12.97742],[77.549357,12.977525],[77.549357,12.977561],[77.549179,12.977703]],[[77.548577,12.974964],[77.548613,12.974999],[77.54865,12.975069],[77.548723,12.975174],[77.548759,12.975279],[77.54876,12.975349],[77.54887,12.975524]]]}},{"type":"Feature","properties":{},"geometry":{"type":"MultiLineString","coordinates":[[[77.552438,12.998188],[77.552654,12.998221]],[[77.552151,12.99812],[77.552402,12.998188],[77.552438,12.998188]],[[77.551072,12.997884],[77.551323,12.997952],[77.551791,12.998053],[77.552151,12.99812]],[[77.551036,12.997885],[77.551072,12.997884]],[[77.550496,12.997784],[77.551,12.997885],[77.551036,12.997885]]]}},{"type":"Feature","properties":{},"geometry":{"type":"MultiLineString","coordinates":[[[77.55294,12.998112],[77.552472,12.998011]],[[77.552472,12.998011],[77.552401,12.998012]]]}},{"type":"Feature","properties":{},"geometry":{"type":"MultiLineString","coordinates":[[[77.540118,13.028784],[77.540117,13.028749],[77.540367,13.028606],[77.54051,13.028534],[77.54076,13.028391],[77.541331,13.028068],[77.541616,13.027925],[77.541616,13.027925]],[[77.541616,13.027925],[77.541652,13.027925]]]}},{"type":"Feature","properties":{},"geometry":{"type":"LineString","coordinates":[[77.551495,13.007663],[77.551459,13.007664],[77.551459,13.007699]]}},{"type":"Feature","properties":{},"geometry":{"type":"MultiLineString","coordinates":[[[77.552403,12.987701],[77.552152,12.987703]],[[77.552439,12.987701],[77.552403,12.987701]],[[77.552726,12.987663],[77.552618,12.987699],[77.552582,12.987699],[77.552439,12.987701]],[[77.552761,12.987662],[77.552726,12.987663]],[[77.552833,12.987662],[77.552761,12.987662]],[[77.55434,12.987647],[77.554304,12.987647],[77.554304,12.987647]],[[77.554304,12.987647],[77.554268,12.987647],[77.554233,12.987648],[77.554017,12.98765],[77.553874,12.987651]],[[77.553156,12.987658],[77.552833,12.987662],[77.552833,12.987662]],[[77.553874,12.987651],[77.553623,12.987654],[77.553515,12.987655]],[[77.553515,12.987655],[77.553156,12.987658],[77.553156,12.987658]],[[77.554376,12.987646],[77.55434,12.987647]]]}},{"type":"Feature","properties":{},"geometry":{"type":"MultiLineString","coordinates":[[[77.559234,12.988936],[77.559233,12.988901]],[[77.559233,12.988901],[77.55941,12.988653],[77.559623,12.988369],[77.559728,12.988157],[77.559833,12.987909],[77.559973,12.987486],[77.560007,12.987309],[77.560076,12.987062],[77.560144,12.98671],[77.56014,12.986288],[77.560174,12.986146],[77.560172,12.985935]],[[77.560172,12.985935],[77.560205,12.985654],[77.560204,12.985513],[77.560235,12.98509],[77.560268,12.984773],[77.560298,12.98421],[77.56033,12.983893],[77.560365,12.983716],[77.560365,12.983716]],[[77.560365,12.983716],[77.560399,12.983575],[77.56047,12.983469]]]}},{"type":"Feature","properties":{},"geometry":{"type":"LineString","coordinates":[[77.559234,12.988936],[77.559198,12.988971]]}},{"type":"Feature","properties":{},"geometry":{"type":"MultiLineString","coordinates":[[[77.554483,13.008654],[77.554195,13.008552],[77.553655,13.008346],[77.553475,13.008277],[77.553006,13.008071],[77.552645,13.007898]],[[77.552645,13.007898],[77.552501,13.007829],[77.552321,13.007761],[77.552285,13.007761]],[[77.552285,13.007761],[77.551997,13.007623],[77.551816,13.007519]]]}},{"type":"Feature","properties":{},"geometry":{"type":"LineString","coordinates":[[77.55178,13.00752],[77.551816,13.007519]]}},{"type":"Feature","properties":{},"geometry":{"type":"MultiLineString","coordinates":[[[77.510914,12.983636],[77.510878,12.983636],[77.510843,12.983742],[77.510844,12.983848],[77.510811,12.984165],[77.510814,12.984411],[77.510851,12.984516],[77.510926,12.984832],[77.511036,12.985078],[77.511072,12.985148],[77.511255,12.985427],[77.511328,12.985532],[77.51151,12.985812],[77.511692,12.986127],[77.511875,12.986477],[77.511913,12.986618],[77.512207,12.987354],[77.512244,12.987424],[77.512316,12.987458],[77.51246,12.987492],[77.51282,12.987594],[77.513071,12.987627],[77.513503,12.987728],[77.514364,12.98772],[77.514579,12.987718],[77.514759,12.987751],[77.515083,12.987854],[77.515371,12.987957],[77.515767,12.988094],[77.515983,12.988162],[77.516236,12.988265],[77.516415,12.988263],[77.516881,12.988224],[77.516953,12.988223],[77.517132,12.988186],[77.517525,12.988041],[77.517811,12.987898],[77.518061,12.98779],[77.518383,12.987681],[77.518633,12.987573],[77.518848,12.987501],[77.519098,12.987428],[77.519349,12.987355]],[[77.511119,12.982613],[77.51112,12.982719],[77.511051,12.982966],[77.511016,12.983072],[77.510982,12.983283],[77.510948,12.983424],[77.510913,12.983601],[77.510878,12.983636],[77.510914,12.983636]],[[77.511068,12.981136],[77.511069,12.981241],[77.511073,12.981664],[77.511112,12.981945],[77.511117,12.982402],[77.511118,12.982543],[77.511119,12.982613]],[[77.511067,12.981065],[77.511068,12.981136]],[[77.510876,12.979836],[77.510914,12.980046],[77.510989,12.980433],[77.511063,12.980678],[77.511067,12.980995],[77.511067,12.981065]],[[77.510839,12.979801],[77.510876,12.979836]],[[77.510839,12.97973],[77.510839,12.979801]],[[77.509205,12.974291],[77.509279,12.974467],[77.509316,12.974572],[77.509389,12.974782],[77.509536,12.975097],[77.50961,12.975343],[77.509646,12.975343],[77.509683,12.975448],[77.509757,12.975694],[77.509831,12.975904],[77.509868,12.976009],[77.509905,12.976114],[77.509942,12.976185],[77.510054,12.976606],[77.510129,12.976922],[77.510204,12.977238],[77.510315,12.977624],[77.510466,12.978361],[77.51054,12.978607],[77.510578,12.978783],[77.510727,12.979309],[77.510838,12.979695],[77.510839,12.97973]],[[77.509169,12.974292],[77.509205,12.974291],[77.509205,12.974291]],[[77.509169,12.974256],[77.509169,12.974292]]]}},{"type":"Feature","properties":{},"geometry":{"type":"MultiLineString","coordinates":[[[77.510768,12.979837],[77.510661,12.979873],[77.510517,12.979909],[77.510267,12.979947],[77.510267,12.980017]],[[77.510267,12.980017],[77.510231,12.979982],[77.510231,12.979982]],[[77.510839,12.979801],[77.510768,12.979837],[77.510768,12.979837]]]}},{"type":"Feature","properties":{},"geometry":{"type":"MultiLineString","coordinates":[[[77.509741,12.974075],[77.509669,12.974076],[77.509598,12.974112],[77.509312,12.974255],[77.509205,12.974291]],[[77.509991,12.973932],[77.509955,12.973967],[77.509741,12.974075]],[[77.510027,12.973931],[77.509991,12.973932]],[[77.511773,12.972718],[77.511666,12.972789],[77.511417,12.973003],[77.511061,12.973253],[77.510705,12.973538],[77.510597,12.973574],[77.510277,12.973788],[77.510027,12.973931],[77.510027,12.973931]],[[77.511951,12.972576],[77.511773,12.972718]],[[77.511731,12.97212],[77.511878,12.972435],[77.511951,12.97254],[77.511951,12.972576]],[[77.511548,12.971735],[77.511584,12.97177],[77.511731,12.97212]],[[77.511547,12.9717],[77.511548,12.971735]],[[77.5114,12.971314],[77.511436,12.971314],[77.511511,12.97163],[77.511547,12.9717]],[[77.511791,12.970958],[77.511827,12.970993],[77.5114,12.971314],[77.5114,12.971314]],[[77.51179,12.970888],[77.511791,12.970958]]]}},{"type":"Feature","properties":{},"geometry":{"type":"MultiLineString","coordinates":[[[77.510768,12.979872],[77.510339,12.979981],[77.510339,12.979981]],[[77.510876,12.979836],[77.510768,12.979872]],[[77.511054,12.979763],[77.511018,12.979764],[77.510876,12.979836]]]}},{"type":"Feature","properties":{},"geometry":{"type":"LineString","coordinates":[[77.561468,12.982826],[77.561503,12.98279],[77.561575,12.98279]]}},{"type":"Feature","properties":{},"geometry":{"type":"LineString","coordinates":[[77.561468,12.982826],[77.561503,12.98279],[77.561575,12.98279]]}},{"type":"Feature","properties":{},"geometry":{"type":"LineString","coordinates":[[77.541652,13.027925],[77.541795,13.027853],[77.542331,13.027566],[77.54283,13.02728],[77.54333,13.026993],[77.543865,13.026671],[77.544044,13.026599],[77.544186,13.026492]]}},{"type":"Feature","properties":{},"geometry":{"type":"LineString","coordinates":[[77.541652,13.027925],[77.541795,13.027853],[77.542331,13.027566],[77.54283,13.02728],[77.54333,13.026993],[77.543865,13.026671],[77.544044,13.026599],[77.544186,13.026492]]}},{"type":"Feature","properties":{},"geometry":{"type":"LineString","coordinates":[[77.541153,13.028211],[77.54126,13.028175],[77.541652,13.027925],[77.541652,13.027925]]}},{"type":"Feature","properties":{},"geometry":{"type":"LineString","coordinates":[[77.541153,13.028211],[77.54126,13.028175],[77.541652,13.027925],[77.541652,13.027925]]}},{"type":"Feature","properties":{},"geometry":{"type":"LineString","coordinates":[[77.549179,12.977668],[77.549179,12.977703]]}},{"type":"Feature","properties":{},"geometry":{"type":"LineString","coordinates":[[77.549179,12.977668],[77.549179,12.977703]]}},{"type":"Feature","properties":{},"geometry":{"type":"LineString","coordinates":[[77.507354,12.95791],[77.507283,12.95791]]}},{"type":"Feature","properties":{},"geometry":{"type":"LineString","coordinates":[[77.550922,13.007845],[77.550958,13.007845]]}},{"type":"Feature","properties":{},"geometry":{"type":"LineString","coordinates":[[77.546059,12.999024],[77.54606,12.999095]]}},{"type":"Feature","properties":{},"geometry":{"type":"LineString","coordinates":[[77.554642,12.996125],[77.554786,12.996123],[77.554785,12.996088]]}},{"type":"Feature","properties":{},"geometry":{"type":"LineString","coordinates":[[77.549797,13.006659],[77.549834,13.006694]]}},{"type":"Feature","properties":{},"geometry":{"type":"LineString","coordinates":[[77.538483,12.991603],[77.53852,12.991673]]}},{"type":"Feature","properties":{},"geometry":{"type":"LineString","coordinates":[[77.560399,12.983611],[77.560364,12.983681]]}},{"type":"Feature","properties":{},"geometry":{"type":"LineString","coordinates":[[77.530299,13.009067],[77.530299,13.009138],[77.530514,13.0091],[77.530517,13.009382]]}},{"type":"Feature","properties":{},"geometry":{"type":"LineString","coordinates":[[77.541183,12.999495],[77.541185,12.999635]]}},{"type":"Feature","properties":{},"geometry":{"type":"LineString","coordinates":[[77.541183,12.999495],[77.541181,12.999319],[77.541181,12.999283]]}},{"type":"Feature","properties":{},"geometry":{"type":"LineString","coordinates":[[77.539198,13.03365],[77.539234,13.033649],[77.539234,13.033649]]}},{"type":"Feature","properties":{},"geometry":{"type":"MultiLineString","coordinates":[[[77.516785,13.04981],[77.517498,13.049311],[77.517926,13.04899],[77.51814,13.048847],[77.518282,13.048705]],[[77.518282,13.048705],[77.518389,13.048633],[77.518531,13.048562],[77.518781,13.048348],[77.518923,13.048276],[77.519173,13.048098],[77.519315,13.047991],[77.519529,13.047813],[77.519885,13.047563],[77.520313,13.047277],[77.520634,13.047028],[77.520776,13.046921]],[[77.520776,13.046921],[77.521062,13.046742],[77.521382,13.046528],[77.521739,13.046278],[77.521881,13.046171],[77.522024,13.046064],[77.522167,13.045992],[77.522167,13.045992]],[[77.522167,13.045992],[77.522202,13.045957]],[[77.522202,13.045957],[77.522238,13.045921]],[[77.522238,13.045921],[77.522416,13.045814],[77.522772,13.045529],[77.522772,13.045529]],[[77.522772,13.045529],[77.522808,13.045529],[77.523129,13.045314],[77.523307,13.045172]],[[77.523307,13.045172],[77.523485,13.045029],[77.52377,13.044815],[77.523948,13.044708],[77.524091,13.044601],[77.524162,13.04453],[77.524376,13.044387],[77.52459,13.044244],[77.524982,13.043994],[77.525267,13.04378],[77.525374,13.043744]],[[77.525374,13.043744],[77.525659,13.04353],[77.525909,13.043352],[77.526159,13.043209]],[[77.526159,13.043209],[77.526194,13.043173],[77.526444,13.04303],[77.526515,13.042994],[77.526694,13.042887],[77.52673,13.042886],[77.526872,13.042779]],[[77.526872,13.042779],[77.526908,13.042744],[77.527086,13.042636],[77.527336,13.042458],[77.527656,13.042209],[77.527941,13.041995],[77.528155,13.041852],[77.528226,13.041781],[77.52844,13.041638]],[[77.52844,13.041638],[77.528511,13.041567],[77.528832,13.041352],[77.529081,13.041174],[77.529331,13.040996],[77.529687,13.040746],[77.529794,13.040674],[77.530115,13.040425],[77.530613,13.040068],[77.531077,13.039747],[77.531148,13.039711]],[[77.531148,13.039711],[77.531184,13.039675]],[[77.531184,13.039675],[77.531397,13.039497],[77.531754,13.039248],[77.531861,13.039176],[77.531932,13.03914],[77.532038,13.038998],[77.532323,13.038749],[77.53243,13.038643],[77.532786,13.038393],[77.533178,13.038108],[77.533427,13.037929],[77.533641,13.037786],[77.533998,13.037572],[77.534461,13.037215],[77.534782,13.037001],[77.53496,13.036894],[77.535316,13.036609],[77.535565,13.036395],[77.535601,13.036359],[77.535672,13.036288],[77.53585,13.036181],[77.536028,13.036038],[77.536206,13.035896],[77.536384,13.035753],[77.536669,13.03554],[77.536812,13.035433],[77.537026,13.03529],[77.537168,13.035183],[77.537382,13.03504],[77.53756,13.034862],[77.53788,13.034648],[77.538094,13.03447],[77.538237,13.034398],[77.538593,13.034113],[77.53902,13.033792],[77.539163,13.033685],[77.539198,13.03365],[77.53934,13.033507],[77.539447,13.033401],[77.539697,13.033258],[77.539839,13.033151],[77.540089,13.032972],[77.540481,13.032687],[77.540623,13.03258],[77.540766,13.032508],[77.540766,13.032508]],[[77.540766,13.032508],[77.540837,13.032472],[77.541087,13.032294],[77.541123,13.032293],[77.541408,13.032115],[77.541622,13.031937],[77.5418,13.031794],[77.541906,13.031723],[77.542156,13.031544],[77.542227,13.031508],[77.542477,13.031365],[77.542584,13.031294],[77.542726,13.031187],[77.542869,13.03108],[77.542976,13.031008],[77.543154,13.030831],[77.543261,13.030794],[77.543296,13.030724],[77.543546,13.03058],[77.543724,13.030438],[77.543759,13.030402],[77.544116,13.030153],[77.544365,13.029974],[77.544686,13.02976],[77.545541,13.029153],[77.54604,13.028796],[77.546574,13.028404],[77.547073,13.028047],[77.547643,13.027619],[77.547893,13.027441],[77.548142,13.027298],[77.548285,13.027191],[77.548211,13.02698],[77.548135,13.026559],[77.548059,13.026137],[77.548058,13.026102],[77.547984,13.025856],[77.547873,13.025576],[77.547799,13.025295],[77.547761,13.025155],[77.547651,13.024874],[77.547614,13.024734],[77.548684,13.02409],[77.549148,13.023839]],[[77.549148,13.023839],[77.549611,13.023553],[77.550254,13.023195],[77.550896,13.022837],[77.551181,13.022658],[77.551181,13.022658]]]}},{"type":"Feature","properties":{},"geometry":{"type":"MultiLineString","coordinates":[[[77.520776,13.046921],[77.520669,13.046992],[77.520349,13.047242]],[[77.522166,13.045957],[77.522131,13.045993],[77.521917,13.046136],[77.521845,13.046171],[77.521739,13.046243],[77.521418,13.046492],[77.520955,13.046814],[77.520776,13.046921]],[[77.522202,13.045957],[77.522166,13.045957]],[[77.522202,13.045922],[77.522202,13.045957]],[[77.522238,13.045921],[77.522202,13.045922]],[[77.522772,13.045529],[77.522773,13.045564],[77.52263,13.045636],[77.52238,13.045814],[77.522238,13.045921]],[[77.523307,13.045172],[77.523236,13.045208],[77.523022,13.045351],[77.522844,13.045493],[77.522772,13.045529]],[[77.525338,13.043709],[77.525196,13.043816],[77.524839,13.044066],[77.524447,13.044316],[77.524198,13.044495],[77.524019,13.044637],[77.523841,13.044744],[77.523592,13.044958],[77.523307,13.045172]],[[77.526123,13.043209],[77.526051,13.043245],[77.525552,13.043602],[77.525338,13.043709]],[[77.526158,13.043173],[77.526123,13.043209],[77.526123,13.043209]],[[77.526836,13.04278],[77.526694,13.042887],[77.526444,13.042995],[77.526194,13.043138],[77.526158,13.043173],[77.526158,13.043173]],[[77.528404,13.041638],[77.528333,13.041709],[77.527941,13.041995],[77.527727,13.042137],[77.527335,13.042423],[77.526979,13.042673],[77.526836,13.04278]],[[77.531112,13.039676],[77.531112,13.039711],[77.531005,13.039783],[77.530613,13.040068],[77.530114,13.04039],[77.529758,13.040675],[77.52958,13.040817],[77.529437,13.040889],[77.529117,13.041139],[77.52876,13.041388],[77.528546,13.041531],[77.528404,13.041638]],[[77.531148,13.039676],[77.531112,13.039676]],[[77.53496,13.036858],[77.534924,13.036894],[77.534853,13.03693],[77.534532,13.037179],[77.534069,13.037501],[77.533713,13.03775],[77.533427,13.037929],[77.532928,13.038286],[77.532536,13.038571],[77.53218,13.038821],[77.531896,13.039105],[77.531789,13.039212],[77.531397,13.039497],[77.531148,13.039676]],[[77.534995,13.036823],[77.53496,13.036858]],[[77.540766,13.032473],[77.540766,13.032508],[77.540587,13.03258],[77.540409,13.032723],[77.540017,13.033008],[77.539696,13.033222],[77.539447,13.033401],[77.539162,13.03365],[77.538878,13.033899],[77.538557,13.034113],[77.538308,13.034327],[77.538023,13.034506],[77.537845,13.034683],[77.537524,13.034898],[77.537275,13.035111],[77.537061,13.035254],[77.53674,13.035468],[77.53642,13.035718],[77.536242,13.035896],[77.535993,13.036074],[77.535707,13.036253],[77.535636,13.036324],[77.535565,13.036395],[77.534995,13.036823]],[[77.544686,13.02976],[77.544187,13.030117],[77.543937,13.03026],[77.543474,13.030616],[77.543154,13.030866],[77.542798,13.031151],[77.542477,13.031365],[77.542227,13.031508],[77.542156,13.031544],[77.541942,13.031722],[77.541693,13.031901],[77.541622,13.031972],[77.541301,13.032151],[77.541087,13.032294],[77.540909,13.032436],[77.540766,13.032508],[77.540766,13.032473]]]}},{"type":"Feature","properties":{},"geometry":{"type":"MultiLineString","coordinates":[[[77.51732,13.049453],[77.516893,13.049774],[77.516394,13.050131],[77.515682,13.050701],[77.515539,13.050773],[77.514897,13.051236],[77.514149,13.051772]],[[77.539198,13.03365],[77.539091,13.033721],[77.538842,13.033899],[77.538557,13.034149],[77.538201,13.034398],[77.537916,13.034648],[77.537595,13.034862],[77.537311,13.035111],[77.537026,13.03529],[77.536812,13.035468],[77.53642,13.035753],[77.536029,13.036074],[77.535886,13.036181],[77.535566,13.03643],[77.535423,13.036537],[77.535103,13.036787],[77.535067,13.036822],[77.534996,13.036858],[77.534746,13.037036],[77.534497,13.037215],[77.534034,13.037571],[77.533642,13.037821],[77.533249,13.038072],[77.532786,13.038428],[77.532394,13.038713],[77.532039,13.039034],[77.531932,13.03914],[77.531825,13.039212],[77.531576,13.03939],[77.531112,13.039711],[77.530649,13.040068],[77.530186,13.040389],[77.529794,13.040674],[77.529367,13.040995],[77.52901,13.041245],[77.528618,13.041495],[77.52844,13.041673],[77.528297,13.041745],[77.527977,13.041994],[77.527763,13.042137],[77.527549,13.04228],[77.527229,13.042529],[77.526979,13.042708],[77.526872,13.042779],[77.526694,13.042922],[77.526551,13.042994],[77.526408,13.043065],[77.526195,13.043208],[77.525909,13.043387],[77.525588,13.043601],[77.525125,13.043922],[77.524555,13.044315],[77.524305,13.044458],[77.524091,13.044601],[77.52402,13.044672],[77.523735,13.044886],[77.523378,13.045136],[77.523307,13.045172],[77.523271,13.045207],[77.522986,13.045421],[77.522808,13.045564],[77.52263,13.045671],[77.522345,13.045885],[77.522274,13.045921],[77.522238,13.045957],[77.522167,13.045992],[77.522131,13.046028],[77.52206,13.046064],[77.52181,13.046242],[77.521454,13.046492],[77.520991,13.046813],[77.52067,13.047028],[77.520207,13.047384],[77.520135,13.04742],[77.520099,13.04742],[77.519921,13.047563],[77.519743,13.047705],[77.519565,13.047813],[77.519244,13.048062],[77.519066,13.048169],[77.518745,13.048384],[77.518603,13.048526],[77.518282,13.04874]],[[77.539412,13.033507],[77.539234,13.033649],[77.539198,13.03365]]]}},{"type":"Feature","properties":{},"geometry":{"type":"LineString","coordinates":[[77.52729,13.045027],[77.527326,13.045027]]}},{"type":"Feature","properties":{},"geometry":{"type":"MultiLineString","coordinates":[[[77.513686,13.052128],[77.513614,13.052164]],[[77.514078,13.051843],[77.513686,13.052128]]]}},{"type":"Feature","properties":{},"geometry":{"type":"LineString","coordinates":[[77.514149,13.051772],[77.514078,13.051843]]}},{"type":"Feature","properties":{},"geometry":{"type":"LineString","coordinates":[[77.520099,13.04742],[77.520207,13.047384]]}},{"type":"Feature","properties":{},"geometry":{"type":"LineString","coordinates":[[77.522274,13.045921],[77.522345,13.045885]]}},{"type":"Feature","properties":{},"geometry":{"type":"MultiLineString","coordinates":[[[77.522166,13.045957],[77.522131,13.045993]],[[77.522202,13.045957],[77.522166,13.045957],[77.522166,13.045957]]]}},{"type":"Feature","properties":{},"geometry":{"type":"LineString","coordinates":[[77.504094,13.06204],[77.503413,13.062187],[77.503414,13.062257]]}},{"type":"Feature","properties":{},"geometry":{"type":"LineString","coordinates":[[77.503414,13.062293],[77.503788,13.063767]]}},{"type":"Feature","properties":{},"geometry":{"type":"LineString","coordinates":[[77.503414,13.062257],[77.503414,13.062293]]}},{"type":"Feature","properties":{},"geometry":{"type":"LineString","coordinates":[[77.522238,13.045921],[77.522202,13.045922]]}},{"type":"Feature","properties":{},"geometry":{"type":"MultiLineString","coordinates":[[[77.518282,13.048705],[77.517961,13.048954],[77.517569,13.04924],[77.516749,13.049811]],[[77.520313,13.047277],[77.520206,13.047314],[77.519814,13.047599],[77.519422,13.047884],[77.519137,13.048098],[77.51903,13.04817],[77.518674,13.048419],[77.518389,13.048633],[77.518318,13.048704],[77.518282,13.048705]]]}},{"type":"Feature","properties":{},"geometry":{"type":"MultiLineString","coordinates":[[[77.520313,13.047242],[77.520313,13.047277]],[[77.520349,13.047242],[77.520313,13.047242]]]}},{"type":"Feature","properties":{},"geometry":{"type":"LineString","coordinates":[[77.522309,13.04585],[77.522238,13.045921]]}},{"type":"Feature","properties":{},"geometry":{"type":"LineString","coordinates":[[77.501664,13.066709],[77.5017,13.066708]]}},{"type":"Feature","properties":{},"geometry":{"type":"LineString","coordinates":[[77.51724,13.041501],[77.517168,13.041537]]}},{"type":"Feature","properties":{},"geometry":{"type":"MultiLineString","coordinates":[[[77.55096,13.053558],[77.550959,13.053487]],[[77.550959,13.053487],[77.550921,13.053277]],[[77.550921,13.053277],[77.55092,13.053171]],[[77.55092,13.053171],[77.550919,13.053101]],[[77.550919,13.053101],[77.550566,13.050113],[77.550158,13.048885]]]}},{"type":"Feature","properties":{},"geometry":{"type":"LineString","coordinates":[[77.517168,13.041537],[77.517133,13.041572]]}},{"type":"Feature","properties":{},"geometry":{"type":"LineString","coordinates":[[77.534335,13.031902],[77.53512,13.031437],[77.535477,13.031223],[77.536012,13.030936],[77.536583,13.030649],[77.536976,13.030434]]}},{"type":"Feature","properties":{},"geometry":{"type":"LineString","coordinates":[[77.519693,13.028561],[77.519658,13.028632]]}},{"type":"Feature","properties":{},"geometry":{"type":"LineString","coordinates":[[77.511158,12.997253],[77.51123,12.997217]]}},{"type":"Feature","properties":{},"geometry":{"type":"LineString","coordinates":[[77.511265,12.997111],[77.51123,12.997217]]}},{"type":"Feature","properties":{},"geometry":{"type":"MultiLineString","coordinates":[[[77.516761,13.022572],[77.516761,13.022607],[77.516798,13.022642],[77.516799,13.022748],[77.516764,13.022818]],[[77.516824,13.021727],[77.516825,13.021762],[77.516792,13.022079],[77.516759,13.022326],[77.516759,13.022396],[77.516724,13.022467],[77.51676,13.022502],[77.516761,13.022537],[77.516761,13.022572]],[[77.515649,13.019099],[77.515795,13.019344],[77.515832,13.019449],[77.515941,13.019589],[77.516234,13.020184],[77.516454,13.020604],[77.516419,13.02064],[77.516528,13.02085],[77.516602,13.02099],[77.516712,13.021235],[77.516786,13.021446],[77.516823,13.021621],[77.516824,13.021727]],[[77.51474,13.017946],[77.514776,13.017946],[77.514992,13.018014],[77.515029,13.018049],[77.515065,13.018084],[77.515357,13.018609],[77.515649,13.019099],[77.515649,13.019099]],[[77.511158,12.997218],[77.511014,12.997149],[77.51076,12.99687],[77.509041,12.997273],[77.507897,12.997672],[77.507003,12.997997],[77.507113,12.998277],[77.506935,12.998349],[77.506076,12.998604],[77.505789,12.998642],[77.504285,12.998938],[77.504476,13.000168],[77.504628,13.000941],[77.504743,13.001644],[77.504744,13.001749],[77.504569,13.002279],[77.50443,13.002737],[77.504472,13.003265],[77.504654,13.00358],[77.505021,13.004351],[77.505131,13.004596],[77.505284,13.00558],[77.505323,13.005826],[77.505587,13.00709],[77.505626,13.007442],[77.505666,13.007828],[77.505929,13.009022],[77.506115,13.009689],[77.506189,13.009865],[77.50637,13.010004],[77.506262,13.01004],[77.506299,13.010075],[77.506846,13.010949],[77.506955,13.011089],[77.507099,13.011123],[77.507495,13.011295],[77.508108,13.011535],[77.50836,13.011638],[77.508541,13.011777],[77.508831,13.012091],[77.50934,13.012755],[77.509668,13.013245],[77.510251,13.014048],[77.510433,13.014328],[77.511091,13.015553],[77.511202,13.015869],[77.511459,13.01643],[77.511713,13.016744],[77.512183,13.017021],[77.512471,13.017159],[77.512651,13.017228],[77.512974,13.017224],[77.513083,13.017294],[77.513192,13.017398],[77.513264,13.017503],[77.513372,13.017537],[77.513481,13.017607],[77.513733,13.017675],[77.514057,13.017777],[77.514488,13.017878],[77.51474,13.017946]]]}},{"type":"Feature","properties":{},"geometry":{"type":"LineString","coordinates":[[77.51123,12.997217],[77.511194,12.997217]]}},{"type":"Feature","properties":{},"geometry":{"type":"LineString","coordinates":[[77.511194,12.997217],[77.511085,12.997148]]}},{"type":"Feature","properties":{},"geometry":{"type":"LineString","coordinates":[[77.51123,12.997217],[77.511194,12.997217]]}},{"type":"Feature","properties":{},"geometry":{"type":"LineString","coordinates":[[77.531571,13.02834],[77.531058,13.027289],[77.530984,13.027079],[77.530874,13.026834],[77.530837,13.026764],[77.529919,13.024731],[77.528928,13.022524],[77.52834,13.021192]]}},{"type":"Feature","properties":{},"geometry":{"type":"LineString","coordinates":[[77.533229,13.032582],[77.535049,13.031544]]}},{"type":"Feature","properties":{},"geometry":{"type":"LineString","coordinates":[[77.533229,13.032582],[77.535049,13.031544]]}},{"type":"Feature","properties":{},"geometry":{"type":"LineString","coordinates":[[77.519492,12.987318],[77.519813,12.987175],[77.520028,12.987102],[77.520349,12.986958]]}},{"type":"Feature","properties":{},"geometry":{"type":"LineString","coordinates":[[77.519492,12.987318],[77.519813,12.987175],[77.520028,12.987102],[77.520349,12.986958]]}},{"type":"Feature","properties":{},"geometry":{"type":"LineString","coordinates":[[77.514968,13.051165],[77.515004,13.051165]]}},{"type":"Feature","properties":{},"geometry":{"type":"LineString","coordinates":[[77.518282,13.04874],[77.51814,13.048847],[77.517926,13.04899],[77.517712,13.049133],[77.517534,13.049275],[77.517391,13.049417]]}},{"type":"Feature","properties":{},"geometry":{"type":"LineString","coordinates":[[77.517391,13.049417],[77.51732,13.049453]]}},{"type":"Feature","properties":{},"geometry":{"type":"LineString","coordinates":[[77.517391,13.049417],[77.51732,13.049453]]}},{"type":"Feature","properties":{},"geometry":{"type":"MultiLineString","coordinates":[[[77.533514,13.032333],[77.532745,13.030862]],[[77.532745,13.030862],[77.532489,13.030372],[77.531608,13.028445]]]}},{"type":"Feature","properties":{},"geometry":{"type":"LineString","coordinates":[[77.531608,13.028445],[77.531571,13.02834]]}},{"type":"Feature","properties":{},"geometry":{"type":"LineString","coordinates":[[77.531571,13.02834],[77.531608,13.028445]]}},{"type":"Feature","properties":{},"geometry":{"type":"LineString","coordinates":[[77.523475,12.997943],[77.523691,12.998011],[77.523906,12.998044]]}},{"type":"Feature","properties":{},"geometry":{"type":"LineString","coordinates":[[77.523007,12.997842],[77.523151,12.997876],[77.52369,12.997976],[77.524086,12.998078]]}},{"type":"Feature","properties":{},"geometry":{"type":"LineString","coordinates":[[77.524086,12.998078],[77.523007,12.997807]]}},{"type":"Feature","properties":{},"geometry":{"type":"LineString","coordinates":[[77.524086,12.998078],[77.523007,12.997807]]}},{"type":"Feature","properties":{},"geometry":{"type":"LineString","coordinates":[[77.523906,12.998044],[77.524374,12.998145]]}},{"type":"Feature","properties":{},"geometry":{"type":"LineString","coordinates":[[77.524086,12.998078],[77.524446,12.99818],[77.524878,12.998281],[77.525777,12.998448],[77.526209,12.998585],[77.526389,12.998618]]}},{"type":"Feature","properties":{},"geometry":{"type":"LineString","coordinates":[[77.524086,12.998078],[77.524985,12.99828],[77.525417,12.998381],[77.526424,12.998583]]}},{"type":"Feature","properties":{},"geometry":{"type":"LineString","coordinates":[[77.524086,12.998078],[77.524985,12.998245],[77.526424,12.998548]]}},{"type":"Feature","properties":{},"geometry":{"type":"LineString","coordinates":[[77.516785,13.04981],[77.51675,13.049846]]}},{"type":"Feature","properties":{},"geometry":{"type":"LineString","coordinates":[[77.52834,13.021192],[77.528412,13.021192]]}},{"type":"Feature","properties":{},"geometry":{"type":"LineString","coordinates":[[77.540046,13.02882],[77.540047,13.02889]]}},{"type":"Feature","properties":{},"geometry":{"type":"LineString","coordinates":[[77.524374,12.998145],[77.524662,12.998248]]}},{"type":"Feature","properties":{},"geometry":{"type":"LineString","coordinates":[[77.526389,12.998618],[77.52682,12.99872]]}},{"type":"Feature","properties":{},"geometry":{"type":"LineString","coordinates":[[77.526424,12.998583],[77.52682,12.998685]]}},{"type":"Feature","properties":{},"geometry":{"type":"LineString","coordinates":[[77.526424,12.998548],[77.52682,12.998685]]}},{"type":"Feature","properties":{},"geometry":{"type":"LineString","coordinates":[[77.523007,12.997842],[77.522611,12.99774]]}},{"type":"Feature","properties":{},"geometry":{"type":"LineString","coordinates":[[77.523007,12.997807],[77.522611,12.99774]]}},{"type":"Feature","properties":{},"geometry":{"type":"LineString","coordinates":[[77.523007,12.997807],[77.522611,12.997705]]}},{"type":"Feature","properties":{},"geometry":{"type":"LineString","coordinates":[[77.523475,12.997943],[77.523151,12.997876]]}},{"type":"Feature","properties":{},"geometry":{"type":"LineString","coordinates":[[77.511876,13.043488],[77.511911,13.043488],[77.512055,13.043451],[77.512054,13.043416],[77.512054,13.043416]]}},{"type":"Feature","properties":{},"geometry":{"type":"LineString","coordinates":[[77.548249,13.027226],[77.548213,13.027227],[77.548214,13.027262]]}},{"type":"Feature","properties":{},"geometry":{"type":"LineString","coordinates":[[77.519589,12.99696],[77.519625,12.99696],[77.519733,12.997029],[77.519769,12.997029]]}},{"type":"Feature","properties":{},"geometry":{"type":"LineString","coordinates":[[77.588307,12.99646],[77.588346,12.996741]]}},{"type":"Feature","properties":{},"geometry":{"type":"LineString","coordinates":[[77.587808,12.996747],[77.588134,12.997095],[77.588134,12.997095]]}},{"type":"Feature","properties":{},"geometry":{"type":"MultiLineString","coordinates":[[[77.596684,12.994546],[77.596756,12.994581],[77.597008,12.994614],[77.597116,12.994648],[77.597368,12.994716],[77.59762,12.994783],[77.597944,12.994886],[77.598448,12.995022],[77.599167,12.99519],[77.599815,12.995395],[77.600571,12.995634],[77.601646,12.995412],[77.601825,12.995375],[77.601861,12.99541]],[[77.601861,12.995445],[77.601862,12.99548]],[[77.601861,12.99541],[77.601861,12.995445]],[[77.596649,12.994582],[77.596684,12.994546]]]}},{"type":"Feature","properties":{},"geometry":{"type":"MultiLineString","coordinates":[[[77.565184,12.991763],[77.565185,12.991833],[77.565186,12.991939],[77.565188,12.992115],[77.565188,12.992185]],[[77.565212,12.991024],[77.565213,12.991094],[77.565215,12.99127],[77.565216,12.991375],[77.565217,12.991446],[77.565217,12.991516],[77.565183,12.991622],[77.565184,12.991763]],[[77.565173,12.990672],[77.565173,12.990742],[77.565174,12.990778],[77.56521,12.990777],[77.56521,12.990848],[77.565212,12.990953],[77.565212,12.991024]],[[77.565165,12.989933],[77.565166,12.990039],[77.565168,12.990179],[77.56517,12.990391],[77.565171,12.990531],[77.565173,12.990672]],[[77.565165,12.989898],[77.565165,12.989933],[77.565165,12.989933]],[[77.565163,12.989722],[77.565163,12.989757],[77.565164,12.989863],[77.565165,12.989898]],[[77.56516,12.989476],[77.565161,12.989511],[77.565163,12.989687],[77.565163,12.989722]],[[77.565158,12.989265],[77.565159,12.989335],[77.56516,12.989476],[77.56516,12.989476]]]}},{"type":"Feature","properties":{},"geometry":{"type":"MultiLineString","coordinates":[[[77.596756,12.994581],[77.596792,12.994581],[77.59708,12.994648],[77.597116,12.994648],[77.59726,12.994717],[77.59744,12.99475],[77.597836,12.994887],[77.5987,12.995125],[77.59924,12.99526],[77.599816,12.995465],[77.600212,12.995567],[77.6005,12.99567],[77.600644,12.995703],[77.601861,12.99541]],[[77.601861,12.99541],[77.602076,12.995372],[77.602147,12.995336]],[[77.602219,12.995371],[77.60222,12.995406]],[[77.602147,12.995336],[77.602219,12.995336],[77.602219,12.995371]],[[77.596684,12.994546],[77.596756,12.994581]],[[77.596613,12.994547],[77.596648,12.994547],[77.596684,12.994546]],[[77.59654,12.994442],[77.596576,12.994477],[77.596613,12.994547]]]}},{"type":"Feature","properties":{},"geometry":{"type":"LineString","coordinates":[[77.602219,12.995371],[77.60222,12.995406]]}},{"type":"Feature","properties":{},"geometry":{"type":"MultiLineString","coordinates":[[[77.596829,12.994651],[77.597045,12.994684],[77.597297,12.994752],[77.597693,12.994888],[77.598197,12.995059],[77.598665,12.99523],[77.599313,12.995365],[77.600176,12.995602],[77.600537,12.995775],[77.600716,12.995773],[77.60179,12.995516],[77.602112,12.995442]],[[77.596613,12.994547],[77.596649,12.994617],[77.596721,12.994617],[77.596829,12.994651]]]}},{"type":"Feature","properties":{},"geometry":{"type":"MultiLineString","coordinates":[[[77.583957,13.023424],[77.583956,13.023354],[77.583916,13.022896],[77.583912,13.022509],[77.583872,13.022158],[77.583871,13.022052],[77.58387,13.021912]],[[77.58387,13.021912],[77.583642,13.020682],[77.583417,13.016356],[77.583364,13.014703],[77.583364,13.014667]]]}},{"type":"Feature","properties":{},"geometry":{"type":"LineString","coordinates":[[77.561826,12.982787],[77.562364,12.982711],[77.562758,12.982672],[77.563367,12.982596],[77.56412,12.982483],[77.564836,12.98237],[77.565409,12.982259],[77.565732,12.982185],[77.56573,12.98201]]}},{"type":"Feature","properties":{},"geometry":{"type":"MultiLineString","coordinates":[[[77.566494,12.993509],[77.567391,12.993501]],[[77.566458,12.99351],[77.566494,12.993509],[77.566494,12.993509]]]}},{"type":"Feature","properties":{},"geometry":{"type":"LineString","coordinates":[[77.56836,12.993491],[77.568503,12.99349]]}},{"type":"Feature","properties":{},"geometry":{"type":"MultiLineString","coordinates":[[[77.567391,12.993501],[77.567821,12.993496]],[[77.56818,12.993493],[77.568216,12.993492],[77.568324,12.993491]],[[77.567821,12.993496],[77.56818,12.993493],[77.56818,12.993493]]]}},{"type":"Feature","properties":{},"geometry":{"type":"MultiLineString","coordinates":[[[77.566494,12.993509],[77.566493,12.993474]],[[77.566493,12.993474],[77.566493,12.993404],[77.566492,12.993298]],[[77.566492,12.993298],[77.566491,12.993228]],[[77.566491,12.993228],[77.56649,12.993158],[77.566488,12.992946],[77.566487,12.992841]],[[77.566487,12.992841],[77.566518,12.992418],[77.566517,12.992242],[77.566516,12.992172],[77.566516,12.992172]],[[77.566516,12.992172],[77.56655,12.99196],[77.566547,12.991749]],[[77.566547,12.991749],[77.566546,12.991644],[77.566545,12.991503],[77.566543,12.991327]],[[77.566543,12.991327],[77.566579,12.991292],[77.566578,12.991186],[77.566575,12.990975]],[[77.566575,12.990975],[77.566575,12.990904],[77.566608,12.990693],[77.566608,12.990693]],[[77.566608,12.990693],[77.566608,12.990658],[77.566572,12.990658],[77.566572,12.990658]],[[77.566572,12.990658],[77.566464,12.990659]]]}},{"type":"Feature","properties":{},"geometry":{"type":"LineString","coordinates":[[77.561611,12.982754],[77.56179,12.982752],[77.561826,12.982787]]}},{"type":"Feature","properties":{},"geometry":{"type":"MultiLineString","coordinates":[[[77.565127,12.993171],[77.565127,12.993241],[77.565128,12.993347],[77.565131,12.993593]],[[77.56516,12.992889],[77.565125,12.99303],[77.565127,12.993171]],[[77.565156,12.992537],[77.565156,12.992572],[77.56516,12.992889]],[[77.565188,12.992185],[77.565153,12.992256],[77.565155,12.992467],[77.565156,12.992537]]]}},{"type":"Feature","properties":{},"geometry":{"type":"LineString","coordinates":[[77.566492,12.993298],[77.566491,12.993228],[77.566491,12.993228]]}},{"type":"Feature","properties":{},"geometry":{"type":"LineString","coordinates":[[77.572923,12.983628],[77.572888,12.983663]]}},{"type":"Feature","properties":{},"geometry":{"type":"LineString","coordinates":[[77.584786,12.996038],[77.584752,12.996214]]}},{"type":"Feature","properties":{},"geometry":{"type":"MultiLineString","coordinates":[[[77.583924,12.995976],[77.584032,12.995975],[77.584032,12.995975]],[[77.583059,12.995668],[77.583059,12.995633],[77.583384,12.995805],[77.583492,12.995839],[77.58378,12.995942]]]}},{"type":"Feature","properties":{},"geometry":{"type":"LineString","coordinates":[[77.584373,12.997801],[77.584409,12.997801]]}},{"type":"Feature","properties":{},"geometry":{"type":"LineString","coordinates":[[77.579051,12.989725],[77.579086,12.98969]]}},{"type":"Feature","properties":{},"geometry":{"type":"LineString","coordinates":[[77.563279,13.00899],[77.563244,13.00899],[77.5631,13.009027],[77.562921,13.009029],[77.562347,13.00907],[77.562275,13.00907],[77.56224,13.009071],[77.562238,13.008965],[77.562236,13.008719],[77.562269,13.008402],[77.562233,13.008402],[77.562269,13.008402],[77.562268,13.008331],[77.562266,13.008155],[77.562262,13.007733],[77.562297,13.007662],[77.562261,13.007663],[77.562297,13.007662],[77.562296,13.007592],[77.562293,13.007311],[77.562327,13.007064],[77.562324,13.006782],[77.562288,13.006783],[77.562323,13.006747],[77.562356,13.006465],[77.562353,13.006113],[77.562351,13.005938],[77.562383,13.00555],[77.562381,13.005339],[77.56238,13.005304],[77.562414,13.005057],[77.562409,13.004564],[77.562441,13.004212],[77.562439,13.004072],[77.562438,13.003896],[77.562437,13.00379],[77.562436,13.00372],[77.562472,13.003719],[77.562471,13.003684],[77.562471,13.003614],[77.562505,13.003508],[77.562576,13.003437],[77.562611,13.003331],[77.562717,13.003154],[77.562752,13.003048],[77.562858,13.002941],[77.562999,13.002658],[77.563104,13.002411],[77.563175,13.002305],[77.563175,13.00227],[77.563245,13.002128],[77.563421,13.00181],[77.563421,13.001774],[77.563561,13.001492],[77.563737,13.001138],[77.563913,13.000784],[77.563948,13.000749],[77.564089,13.000466],[77.564265,13.000147],[77.564441,12.999829],[77.564653,12.999475],[77.56483,12.999192],[77.565077,12.998837],[77.565289,12.998518],[77.565501,12.9982],[77.565677,12.997881],[77.565889,12.997527],[77.566065,12.997209],[77.566313,12.996854],[77.566419,12.996713]]}},{"type":"Feature","properties":{},"geometry":{"type":"MultiLineString","coordinates":[[[77.56183,13.02857],[77.561758,13.028536]],[[77.561758,13.028536],[77.561722,13.028536]]]}},{"type":"Feature","properties":{},"geometry":{"type":"MultiLineString","coordinates":[[[77.56725,13.011168],[77.567391,13.010955],[77.567532,13.010707],[77.567568,13.010707]],[[77.567568,13.010707],[77.567568,13.010672]],[[77.567568,13.010672],[77.567567,13.010637]],[[77.567567,13.010637],[77.567603,13.010601],[77.567638,13.010566]],[[77.567638,13.010566],[77.567638,13.01053],[77.567815,13.010282],[77.567956,13.01007],[77.568062,13.009858],[77.568097,13.009822]],[[77.568097,13.009822],[77.568097,13.009787]],[[77.568097,13.009787],[77.568132,13.009751]],[[77.568132,13.009751],[77.568203,13.00961],[77.568379,13.009362],[77.568556,13.009079],[77.568697,13.008866],[77.568768,13.00876],[77.56884,13.008759],[77.569162,13.008721],[77.569521,13.008682],[77.569844,13.008679],[77.570166,13.00864],[77.570454,13.008637],[77.570884,13.008598],[77.571027,13.008597],[77.571243,13.008594]],[[77.571243,13.008594],[77.571278,13.008559]],[[77.571278,13.008559],[77.571529,13.008556],[77.571708,13.008519],[77.57185,13.008342],[77.572027,13.008129],[77.572134,13.008058],[77.572206,13.008022],[77.572277,13.007951],[77.57242,13.007879],[77.572669,13.007736],[77.572919,13.007628],[77.573134,13.007555],[77.57342,13.007412],[77.573491,13.00734],[77.573633,13.007269],[77.57392,13.007231],[77.574207,13.007193],[77.574458,13.00719],[77.574853,13.007221],[77.575033,13.00722],[77.575176,13.007218],[77.575428,13.007251],[77.575715,13.007248],[77.575822,13.007247],[77.576038,13.007245],[77.57636,13.007206],[77.576503,13.00717],[77.576719,13.007168],[77.576754,13.007132],[77.576969,13.007095],[77.577256,13.007057],[77.577507,13.007019],[77.577578,13.006983],[77.578078,13.006732],[77.578364,13.006588],[77.578542,13.006481],[77.578542,13.006481]],[[77.578542,13.006481],[77.578578,13.006481],[77.578756,13.006373],[77.578756,13.006373]],[[77.578756,13.006373],[77.578792,13.006373],[77.578828,13.006372]]]}},{"type":"Feature","properties":{},"geometry":{"type":"LineString","coordinates":[[77.583832,13.01139],[77.583976,13.011389],[77.583986,13.012374],[77.583993,13.013042],[77.584,13.013711],[77.584041,13.014168],[77.584042,13.014309]]}},{"type":"Feature","properties":{},"geometry":{"type":"MultiLineString","coordinates":[[[77.578771,12.990467],[77.578807,12.990502],[77.578843,12.990501]],[[77.578447,12.990329],[77.578735,12.990467],[77.578771,12.990467]]]}},{"type":"Feature","properties":{},"geometry":{"type":"MultiLineString","coordinates":[[[77.58179,13.011692],[77.581826,13.011692]],[[77.581826,13.011692],[77.581862,13.011691]]]}},{"type":"Feature","properties":{},"geometry":{"type":"MultiLineString","coordinates":[[[77.567246,13.010781],[77.567139,13.010922],[77.567069,13.011064]],[[77.567387,13.010603],[77.567281,13.01071],[77.567246,13.010781]],[[77.567387,13.010568],[77.567387,13.010603]],[[77.567458,13.010462],[77.567458,13.010497],[77.567387,13.010568]],[[77.567988,13.009718],[77.567847,13.009895],[77.567635,13.010214],[77.567493,13.010426],[77.567458,13.010462]],[[77.568024,13.009682],[77.567988,13.009718]],[[77.56813,13.009505],[77.568095,13.009576],[77.568024,13.009682]],[[77.568201,13.009469],[77.568165,13.009469],[77.568166,13.009505],[77.56813,13.009505]],[[77.568695,13.008655],[77.56866,13.008726],[77.568554,13.008903],[77.568448,13.009044],[77.568342,13.009221],[77.568201,13.009469],[77.568201,13.009469]],[[77.569013,13.008194],[77.568978,13.008265],[77.568837,13.008442],[77.568766,13.008584],[77.568731,13.008619],[77.568695,13.008655]],[[77.56919,13.007946],[77.569191,13.007981],[77.569049,13.008123],[77.569013,13.008194]],[[77.569579,13.007344],[77.569579,13.007379],[77.569367,13.007698],[77.569297,13.007804],[77.56919,13.007946],[77.56919,13.007946]],[[77.569614,13.007238],[77.569614,13.007273],[77.569579,13.007344]],[[77.569932,13.006777],[77.569861,13.006884],[77.569791,13.00706],[77.569721,13.007167],[77.569614,13.007273],[77.569614,13.007238]],[[77.569967,13.006707],[77.569932,13.006777],[77.569932,13.006777]],[[77.570108,13.006459],[77.570038,13.0066],[77.569967,13.006707]],[[77.570745,13.005573],[77.570674,13.005644],[77.570497,13.005892],[77.57032,13.00614],[77.570108,13.006459]],[[77.570745,13.005538],[77.570745,13.005573]],[[77.570816,13.005467],[77.570745,13.005538],[77.570745,13.005538]],[[77.57131,13.004723],[77.571312,13.004864],[77.570816,13.005467],[77.570816,13.005467]],[[77.571346,13.004722],[77.57131,13.004723]],[[77.572087,13.003483],[77.571875,13.003802],[77.571735,13.00412],[77.571488,13.00451],[77.571346,13.004722],[77.571346,13.004687],[77.571346,13.004722]],[[77.572158,13.003412],[77.572123,13.003483],[77.572087,13.003483]],[[77.572229,13.003306],[77.572193,13.003342],[77.572158,13.003412]],[[77.57226,13.002848],[77.572225,13.002954],[77.572229,13.003306]],[[77.572286,13.001898],[77.572288,13.002039],[77.572257,13.002532],[77.57226,13.002848]],[[77.57235,13.001088],[77.572313,13.001053],[77.572283,13.001581],[77.572286,13.001898],[77.572286,13.001898]],[[77.573139,13.00108],[77.573103,13.00108],[77.572816,13.001083],[77.572816,13.001083]],[[77.573318,13.001043],[77.573282,13.001079],[77.573175,13.00108],[77.573175,13.00108]],[[77.573175,13.00108],[77.573139,13.00108],[77.573139,13.00108]],[[77.572816,13.001083],[77.572349,13.001053],[77.57235,13.001088]],[[77.574163,12.999451],[77.574127,12.999487],[77.573917,12.999946],[77.573635,13.000442],[77.573388,13.000902],[77.573318,13.001043],[77.573318,13.001043]],[[77.574374,12.999027],[77.574163,12.999451]]]}},{"type":"Feature","properties":{},"geometry":{"type":"LineString","coordinates":[[77.572202,13.014673],[77.57188,13.014676],[77.571736,13.014642],[77.571628,13.014643],[77.571449,13.014645],[77.571305,13.014647],[77.571125,13.014613],[77.570946,13.014615],[77.570622,13.014583],[77.570443,13.014585],[77.570191,13.014552],[77.570084,13.014553],[77.569796,13.014521],[77.569653,13.014522],[77.569437,13.014489],[77.569258,13.014491],[77.569078,13.014458]]}},{"type":"Feature","properties":{},"geometry":{"type":"MultiLineString","coordinates":[[[77.567246,13.010781],[77.567175,13.010852],[77.567069,13.011064]],[[77.567351,13.010604],[77.567316,13.010639],[77.567246,13.010781]],[[77.567387,13.010568],[77.567351,13.010604]],[[77.567458,13.010462],[77.567387,13.010568]],[[77.567988,13.009682],[77.567882,13.009824],[77.567741,13.010072],[77.567493,13.010391],[77.567458,13.010462]],[[77.56813,13.009505],[77.568024,13.009647],[77.567988,13.009682]],[[77.568126,13.009188],[77.568129,13.009399],[77.56813,13.009505],[77.56813,13.009505]],[[77.568126,13.009118],[77.568126,13.009188],[77.568126,13.009188]],[[77.568158,13.008731],[77.568122,13.008766],[77.568124,13.008942],[77.568126,13.009118]],[[77.56818,13.007463],[77.568181,13.007499],[77.568184,13.00778],[77.568151,13.008062],[77.568154,13.008343],[77.568157,13.00866],[77.568158,13.008731],[77.568158,13.008731]],[[77.568174,13.006865],[77.568178,13.007182],[77.56818,13.007463]],[[77.568198,13.005633],[77.568198,13.005704],[77.568199,13.005809],[77.568204,13.006267],[77.568171,13.006549],[77.568174,13.006795],[77.568174,13.00683],[77.568174,13.006865]],[[77.568197,13.005598],[77.568198,13.005633],[77.568198,13.005633]],[[77.568303,13.001972],[77.568304,13.002008],[77.568306,13.002254],[77.568274,13.002571],[77.568277,13.002853],[77.568277,13.002923],[77.56828,13.003204],[77.568281,13.00324],[77.568248,13.003521],[77.568248,13.003592],[77.56825,13.003733],[77.568254,13.004155],[77.568221,13.004437],[77.568224,13.004683],[77.56819,13.004894],[77.568194,13.005246],[77.568197,13.005563],[77.568197,13.005598]],[[77.568333,13.001409],[77.5683,13.001621],[77.568303,13.001902],[77.568303,13.001937],[77.568303,13.001972]],[[77.568357,13.000212],[77.568357,13.000248],[77.568358,13.000318],[77.56836,13.000529],[77.568326,13.000635],[77.568326,13.000705],[77.568327,13.000776],[77.568328,13.000846],[77.568329,13.000952],[77.56833,13.001092],[77.568331,13.001163],[77.568333,13.001374],[77.568333,13.001409]],[[77.568419,12.999262],[77.56842,12.999332],[77.568421,12.999438],[77.568387,12.999649],[77.568388,12.999719],[77.568388,12.999755],[77.568389,12.99986],[77.568356,13.000072],[77.568356,13.000142],[77.568357,13.000212]],[[77.568446,12.998346],[77.568448,12.998558],[77.568451,12.998839],[77.568418,12.999191],[77.568419,12.999262]],[[77.568573,12.996797],[77.568539,12.996973],[77.568539,12.997008],[77.568507,12.997325],[77.56851,12.997642],[77.568478,12.997994],[77.568446,12.998346],[77.568446,12.998346]],[[77.568884,12.995668],[77.568815,12.995844],[77.568744,12.995986],[77.568674,12.996162],[77.568605,12.996409],[77.568605,12.996445],[77.568572,12.996691],[77.568572,12.996726],[77.568573,12.996797]],[[77.568884,12.995632],[77.568884,12.995668]],[[77.569268,12.994608],[77.569199,12.99482],[77.569094,12.995102],[77.569024,12.995314],[77.568884,12.995632]],[[77.569443,12.994114],[77.569373,12.99429],[77.569303,12.994502],[77.569268,12.994608]]]}},{"type":"Feature","properties":{},"geometry":{"type":"MultiLineString","coordinates":[[[77.581372,12.999063],[77.581479,12.998991],[77.58155,12.99892],[77.581657,12.998884],[77.581728,12.998813],[77.581835,12.998706]],[[77.581835,12.998706],[77.581906,12.99867]],[[77.581906,12.99867],[77.581906,12.998635],[77.581976,12.998459],[77.58194,12.998459]],[[77.58194,12.998459],[77.581975,12.998423],[77.582111,12.997683],[77.582147,12.997683]],[[77.582147,12.997683],[77.582147,12.997647],[77.582182,12.997542],[77.582286,12.997259],[77.582321,12.997153],[77.582321,12.997153]],[[77.582321,12.997153],[77.582321,12.997118],[77.582426,12.996906],[77.582532,12.996729],[77.582567,12.996623],[77.582707,12.996305],[77.582743,12.996269]],[[77.582743,12.996269],[77.582883,12.995916],[77.582954,12.995845],[77.582953,12.99581]],[[77.58378,12.995942],[77.583816,12.995942],[77.583924,12.995976]],[[77.582953,12.99581],[77.583059,12.995668]]]}},{"type":"Feature","properties":{},"geometry":{"type":"MultiLineString","coordinates":[[[77.574374,12.999027],[77.574409,12.998956]],[[77.574409,12.998956],[77.57455,12.998708],[77.57462,12.998567]],[[77.57462,12.998567],[77.574726,12.998355]],[[77.574726,12.998355],[77.574761,12.998284],[77.574867,12.998107]],[[77.574867,12.998107],[77.574972,12.997895],[77.575148,12.997576],[77.575289,12.997293],[77.575465,12.996975],[77.5755,12.996869]],[[77.5755,12.996869],[77.575641,12.996621],[77.575676,12.99655]],[[77.575676,12.99655],[77.575817,12.996303],[77.575817,12.996268]],[[77.575817,12.996268],[77.575992,12.995914],[77.576063,12.995808]],[[77.576063,12.995808],[77.576134,12.995701],[77.576134,12.995701]],[[77.576134,12.995701],[77.576169,12.995595],[77.576204,12.995525]],[[77.576204,12.995525],[77.576274,12.995383],[77.57631,12.995383]],[[77.57631,12.995383],[77.57638,12.995241],[77.57645,12.99503],[77.576556,12.994853]],[[77.576556,12.994853],[77.576591,12.994782],[77.576696,12.99457],[77.576802,12.994393]],[[77.576802,12.994393],[77.576837,12.994322],[77.577013,12.994003],[77.577119,12.993791],[77.577154,12.993756],[77.577154,12.993756]],[[77.577154,12.993756],[77.577154,12.993685]],[[77.577154,12.993685],[77.577189,12.99365],[77.577295,12.993473],[77.5774,12.993225],[77.577541,12.992978],[77.577682,12.992695],[77.577823,12.992482],[77.577858,12.992376],[77.578,12.992199],[77.578035,12.992128]],[[77.578035,12.992128],[77.57807,12.992058],[77.578105,12.991987],[77.578211,12.991775],[77.578352,12.991527]],[[77.578352,12.991527],[77.578351,12.991492],[77.578493,12.991279],[77.578598,12.991032],[77.578633,12.990961]],[[77.578633,12.990961],[77.578668,12.99089],[77.578773,12.990678],[77.578843,12.990501]],[[77.578843,12.990501],[77.578914,12.99036]],[[77.578914,12.99036],[77.578984,12.990254],[77.579091,12.990147],[77.579018,12.990042]],[[77.579018,12.990042],[77.578873,12.989868],[77.578872,12.989797]],[[77.578872,12.989797],[77.578836,12.989798]],[[77.578836,12.989798],[77.578799,12.989692],[77.578835,12.989657]],[[77.578835,12.989657],[77.578977,12.989585]]]}},{"type":"Feature","properties":{},"geometry":{"type":"MultiLineString","coordinates":[[[77.584621,13.004415],[77.585161,13.004515],[77.585305,13.004619],[77.585342,13.004654],[77.585521,13.004652],[77.585664,13.004615],[77.585771,13.004579],[77.585986,13.004471],[77.586165,13.004434],[77.58638,13.004397],[77.586559,13.00443],[77.586847,13.004463],[77.587027,13.004496],[77.587279,13.004634],[77.587712,13.004876],[77.588001,13.005049],[77.588109,13.005084],[77.589512,13.005386],[77.590518,13.005447],[77.591093,13.005582],[77.591487,13.005543],[77.591953,13.005468],[77.592275,13.005394],[77.592491,13.005392],[77.592955,13.005211]],[[77.592955,13.005211],[77.592955,13.005176],[77.592991,13.005176],[77.593385,13.005066]],[[77.593385,13.005066],[77.59342,13.005031],[77.59342,13.005031]],[[77.59342,13.005031],[77.593456,13.00503],[77.593524,13.004713],[77.593629,13.00443],[77.593698,13.004183],[77.593767,13.003901],[77.594009,13.003019],[77.594184,13.002524],[77.594357,13.00196],[77.594461,13.001642],[77.594461,13.001642]],[[77.594461,13.001607],[77.594461,13.001572],[77.594496,13.001536]],[[77.594496,13.001536],[77.594531,13.001395],[77.594705,13.000865],[77.594878,13.000301],[77.594948,13.000124],[77.594947,13.000054]],[[77.594947,13.000054],[77.594947,13.000018],[77.59509,12.999982],[77.59509,12.999982]],[[77.59509,12.999982],[77.595628,12.999906],[77.595914,12.999833],[77.59595,12.999868]],[[77.59595,12.999868],[77.59595,12.999832],[77.596022,12.999832],[77.597024,12.99961],[77.597275,12.999538]],[[77.598566,12.999454],[77.598674,12.999488],[77.599249,12.999623],[77.599681,12.999725]],[[77.597275,12.999538],[77.59731,12.999537],[77.597597,12.999499],[77.597633,12.999534]],[[77.597633,12.999534],[77.597633,12.999464],[77.597776,12.999462],[77.597955,12.999425],[77.598206,12.999423],[77.598422,12.999421],[77.598422,12.999456]],[[77.598422,12.999456],[77.598566,12.999454]]]}},{"type":"Feature","properties":{},"geometry":{"type":"LineString","coordinates":[[77.566094,13.01051],[77.566235,13.010228],[77.566305,13.010051],[77.566409,13.009698],[77.566443,13.009522],[77.566658,13.009484],[77.566694,13.009484],[77.566691,13.009203],[77.566688,13.008921],[77.566687,13.008815],[77.56672,13.008569],[77.566718,13.008322],[77.566715,13.008006],[77.566712,13.007724],[77.566746,13.007548],[77.566745,13.007442],[77.566744,13.007372],[77.566776,13.00702],[77.566774,13.006774],[77.566771,13.006492],[77.566768,13.006211],[77.566766,13.005999],[77.566763,13.005718],[77.566798,13.005682],[77.566763,13.005683],[77.566762,13.005648],[77.566834,13.005647],[77.56687,13.005646],[77.567479,13.005605],[77.567874,13.005601],[77.568197,13.005598],[77.568269,13.005597],[77.568341,13.005597],[77.569202,13.005553],[77.569237,13.005553],[77.569668,13.005513],[77.570027,13.005545],[77.570565,13.00554],[77.570673,13.005538],[77.570709,13.005538],[77.570745,13.005538],[77.57078,13.005537],[77.570816,13.005537],[77.571319,13.005532],[77.571355,13.005532],[77.57139,13.005531],[77.572108,13.005524],[77.572288,13.005522],[77.572503,13.005485],[77.572754,13.005483],[77.572825,13.005482],[77.573184,13.005478],[77.57322,13.005478],[77.573292,13.005477],[77.573651,13.005474],[77.573687,13.005473],[77.573723,13.005473],[77.574261,13.005468],[77.574763,13.005463],[77.574871,13.005462],[77.575086,13.00546],[77.575337,13.005457],[77.575445,13.005456],[77.57566,13.005454],[77.575696,13.005453],[77.576019,13.00545],[77.576307,13.005483],[77.576844,13.005442],[77.576845,13.005477],[77.576844,13.005442],[77.57688,13.005442],[77.576952,13.005441],[77.577454,13.005436],[77.577885,13.005432],[77.577885,13.005467],[77.577885,13.005432],[77.578495,13.005461],[77.578496,13.005496],[77.578531,13.00546],[77.578639,13.005459],[77.578642,13.005776],[77.578643,13.005811],[77.578643,13.005846],[77.578679,13.005846]]}},{"type":"Feature","properties":{},"geometry":{"type":"LineString","coordinates":[[77.562741,13.002027],[77.563175,13.00227]]}},{"type":"Feature","properties":{},"geometry":{"type":"MultiLineString","coordinates":[[[77.559847,13.031159],[77.559811,13.031194],[77.559811,13.03123]],[[77.559953,13.031017],[77.559847,13.031159]],[[77.561616,13.028678],[77.561616,13.028713],[77.561439,13.028961],[77.56112,13.029387],[77.560837,13.029777],[77.56059,13.030131],[77.560377,13.030415],[77.56013,13.030769],[77.559988,13.030946],[77.559953,13.031017]],[[77.561652,13.028678],[77.561616,13.028678]],[[77.561722,13.028536],[77.561652,13.028678]],[[77.561934,13.028217],[77.561934,13.028253],[77.561899,13.028323],[77.561722,13.028536]],[[77.561915,13.026352],[77.561845,13.026529],[77.561777,13.026952],[77.56178,13.027198],[77.56182,13.027585],[77.561931,13.027971],[77.561969,13.028147],[77.561934,13.028217]],[[77.562615,13.024621],[77.562545,13.024833],[77.562441,13.025151],[77.562266,13.025575],[77.562125,13.025858],[77.56202,13.02607],[77.56195,13.026247],[77.561915,13.026352]],[[77.562893,13.023739],[77.562858,13.023845],[77.562789,13.024127],[77.562685,13.024445],[77.562615,13.024621]],[[77.563167,13.022469],[77.563132,13.022575],[77.563063,13.022857],[77.562926,13.023457],[77.562893,13.023739]],[[77.562717,13.020573],[77.562717,13.020608],[77.562827,13.020854],[77.563047,13.021274],[77.56323,13.021624],[77.563231,13.021694],[77.563232,13.021835],[77.563235,13.022081],[77.563201,13.022293],[77.563167,13.022469]],[[77.56257,13.020293],[77.562607,13.020398],[77.562717,13.020573]],[[77.561734,13.019211],[77.561951,13.019455],[77.562097,13.019629],[77.562279,13.019874],[77.562388,13.020013],[77.562497,13.020188],[77.56257,13.020293]],[[77.560601,13.017251],[77.560637,13.017251],[77.560747,13.017531],[77.560894,13.017846],[77.561004,13.018056],[77.561151,13.018372],[77.561224,13.018512],[77.56137,13.018721],[77.561479,13.018861],[77.561734,13.019211]],[[77.564383,13.015102],[77.564133,13.01521],[77.563812,13.015425],[77.56342,13.01564],[77.562992,13.01589],[77.56267,13.016069],[77.562278,13.016284],[77.561885,13.016499],[77.561457,13.01675],[77.561279,13.016857],[77.561029,13.017],[77.560637,13.017251],[77.560601,13.017251]]]}},{"type":"Feature","properties":{},"geometry":{"type":"LineString","coordinates":[[77.551181,13.022658],[77.55136,13.02255],[77.551573,13.022372],[77.551609,13.022337],[77.551644,13.022301],[77.551644,13.022231],[77.551715,13.022195],[77.55175,13.022124],[77.551821,13.022018],[77.551963,13.021841],[77.552068,13.021664],[77.552103,13.021558],[77.552209,13.021346]]}},{"type":"Feature","properties":{},"geometry":{"type":"LineString","coordinates":[[77.562669,13.001993],[77.562741,13.002027]]}},{"type":"Feature","properties":{},"geometry":{"type":"MultiLineString","coordinates":[[[77.567391,13.010955],[77.567497,13.010813],[77.567568,13.010707]],[[77.567568,13.010707],[77.567568,13.010672]],[[77.567568,13.010672],[77.567603,13.010672]],[[77.567603,13.010672],[77.567639,13.010601],[77.567639,13.010601]],[[77.567639,13.010601],[77.567744,13.010389],[77.567885,13.010176],[77.568026,13.009928],[77.568097,13.009822]],[[77.568097,13.009822],[77.568133,13.009787]],[[77.568133,13.009787],[77.568203,13.00968],[77.568344,13.009397],[77.568556,13.009079],[77.568662,13.008902],[77.568768,13.00876],[77.568912,13.008758],[77.569198,13.00872],[77.569378,13.008718],[77.569593,13.008681],[77.569951,13.008678],[77.570131,13.008676],[77.570346,13.008638],[77.570597,13.008636],[77.570884,13.008633],[77.571099,13.008596],[77.571243,13.008594]],[[77.571243,13.008594],[77.571278,13.008594]],[[77.571278,13.008594],[77.571314,13.008594],[77.571601,13.008556],[77.571709,13.008555],[77.571779,13.008448],[77.572027,13.008129],[77.572135,13.008093],[77.572241,13.007986],[77.57242,13.007879],[77.572526,13.007807],[77.572634,13.007771],[77.572741,13.007735],[77.572919,13.007628],[77.573098,13.007555],[77.573241,13.007484],[77.573348,13.007447],[77.57342,13.007412],[77.573491,13.007376],[77.573634,13.007304],[77.573777,13.007267],[77.573956,13.00723],[77.574135,13.007228],[77.574243,13.007192],[77.574387,13.007226],[77.57453,13.007225],[77.574674,13.007223],[77.574853,13.007221],[77.574997,13.00722],[77.575104,13.007219],[77.575176,13.007218],[77.57532,13.007252],[77.575499,13.00725],[77.575679,13.007248],[77.575822,13.007247],[77.57593,13.007246],[77.576038,13.007245],[77.576109,13.007244],[77.576288,13.007207],[77.576575,13.007169],[77.576719,13.007168],[77.576826,13.007167],[77.576898,13.007131],[77.577005,13.00713],[77.577184,13.007093],[77.577328,13.007091],[77.577507,13.007054],[77.577971,13.006803],[77.578149,13.006696],[77.578328,13.006624],[77.57847,13.006517],[77.578542,13.006516],[77.578542,13.006481]],[[77.578542,13.006481],[77.578578,13.006481],[77.578756,13.006408]],[[77.578756,13.006408],[77.578828,13.006408]]]}},{"type":"Feature","properties":{},"geometry":{"type":"MultiLineString","coordinates":[[[77.567105,13.011064],[77.567423,13.010603]],[[77.567423,13.010603],[77.567423,13.010568]],[[77.567423,13.010568],[77.567494,13.010497],[77.567706,13.010178],[77.567954,13.009823],[77.567989,13.009753]],[[77.567989,13.009753],[77.568024,13.009717]],[[77.568024,13.009717],[77.568201,13.009504],[77.568378,13.009256],[77.568484,13.009044],[77.568696,13.008725],[77.568696,13.008725]],[[77.568696,13.008725],[77.568768,13.008724],[77.568839,13.008724],[77.569162,13.008721],[77.569485,13.008682],[77.569843,13.008643],[77.570202,13.00864],[77.570525,13.008602],[77.570848,13.008598],[77.571099,13.008596],[77.571242,13.008559]],[[77.571242,13.008559],[77.571278,13.008559]],[[77.571278,13.008559],[77.571565,13.008556],[77.571708,13.008519],[77.571744,13.008449],[77.571991,13.00813],[77.572134,13.008058],[77.572419,13.007844],[77.572848,13.007664],[77.573384,13.007412],[77.573491,13.00734],[77.573633,13.007269],[77.573884,13.007196],[77.574027,13.007194],[77.574063,13.007194]],[[77.574063,13.007194],[77.574206,13.007157],[77.574637,13.007188],[77.575032,13.007184],[77.575319,13.007182],[77.575355,13.007181],[77.575607,13.007214],[77.57575,13.007212],[77.575966,13.00721],[77.576109,13.007209],[77.576396,13.007171],[77.576754,13.007132],[77.577149,13.007093],[77.577292,13.007056],[77.577507,13.007019],[77.578542,13.006446],[77.578542,13.006446]],[[77.578542,13.006446],[77.578577,13.006445],[77.578649,13.006409],[77.578647,13.006198],[77.578607,13.005812],[77.578643,13.005811]],[[77.578643,13.005811],[77.578678,13.005776]]]}},{"type":"Feature","properties":{},"geometry":{"type":"MultiLineString","coordinates":[[[77.583362,13.014527],[77.583364,13.014667]],[[77.583362,13.014492],[77.583362,13.014527]],[[77.583274,13.012909],[77.583276,13.013085],[77.583278,13.013296],[77.58328,13.013542],[77.583281,13.013613],[77.583283,13.013789],[77.58332,13.013929],[77.583323,13.01421],[77.583324,13.014246],[77.583325,13.014351],[77.583362,13.014492],[77.583362,13.014492]],[[77.582844,13.012948],[77.582843,13.012913],[77.582987,13.012912],[77.583274,13.012909],[77.583274,13.012909]],[[77.582771,13.012914],[77.582843,13.012913],[77.582844,13.012948]],[[77.581828,13.011903],[77.581864,13.011902],[77.582771,13.012914]]]}},{"type":"Feature","properties":{},"geometry":{"type":"LineString","coordinates":[[77.583833,13.011425],[77.583904,13.011425],[77.583957,13.013078],[77.584002,13.013887],[77.583973,13.014556]]}},{"type":"Feature","properties":{},"geometry":{"type":"MultiLineString","coordinates":[[[77.593282,13.005525],[77.593317,13.005454]],[[77.593317,13.005454],[77.59342,13.005031]],[[77.59342,13.005031],[77.593731,13.003901],[77.593905,13.003337]],[[77.593905,13.003337],[77.594045,13.002983],[77.594183,13.002454],[77.594356,13.001889],[77.594425,13.001607]],[[77.594425,13.001607],[77.59446,13.001536]],[[77.59446,13.001536],[77.59453,13.00136],[77.594704,13.00083],[77.594878,13.000265],[77.594912,13.000089],[77.594947,13.000054]],[[77.594947,13.000054],[77.595052,12.999736],[77.59519,12.999277],[77.595294,12.998889],[77.595432,12.998395],[77.595606,12.997865],[77.595711,12.997583],[77.595812,12.996948],[77.595915,12.996525],[77.596018,12.995996],[77.596084,12.995467],[77.596152,12.99515],[77.596187,12.995044],[77.596222,12.994973],[77.596293,12.994867],[77.596328,12.994832],[77.596506,12.994654],[77.596433,12.994549]]]}},{"type":"Feature","properties":{},"geometry":{"type":"MultiLineString","coordinates":[[[77.597968,13.007554],[77.598004,13.007554]],[[77.598004,13.007554],[77.598075,13.007482],[77.598146,13.007447],[77.598218,13.007411],[77.598218,13.007411]],[[77.598218,13.007411],[77.598325,13.007339],[77.598468,13.007267],[77.598789,13.007159],[77.599004,13.007086],[77.599004,13.007051]],[[77.599004,13.007051],[77.599111,13.007015],[77.599432,13.0068],[77.599574,13.006693],[77.599574,13.006693]],[[77.599574,13.006693],[77.59961,13.006658]],[[77.59961,13.006658],[77.599609,13.006623],[77.599645,13.006622],[77.599752,13.006516],[77.599787,13.00648],[77.599823,13.00648]],[[77.594424,13.004915],[77.594423,13.00488],[77.594851,13.004594],[77.5951,13.004416],[77.595563,13.004059],[77.595813,13.003881],[77.596346,13.003453]],[[77.596346,13.003453],[77.596489,13.003381],[77.596811,13.003237]]]}},{"type":"Feature","properties":{},"geometry":{"type":"MultiLineString","coordinates":[[[77.593905,13.003301],[77.593905,13.003337]],[[77.589334,13.00208],[77.58955,13.002078],[77.589944,13.002074],[77.590339,13.00207],[77.590734,13.002066],[77.59113,13.002203],[77.591526,13.00234],[77.591959,13.002547],[77.592355,13.002719],[77.593112,13.002993],[77.59358,13.003164],[77.593905,13.003301]],[[77.584273,13.00199],[77.584561,13.002022],[77.584991,13.002018],[77.585386,13.002014],[77.585817,13.00201],[77.586212,13.002041],[77.586642,13.002037],[77.587037,13.002068],[77.587468,13.002064],[77.587899,13.002059],[77.588293,13.002055],[77.588688,13.002087],[77.589119,13.002082],[77.589334,13.00208]]]}},{"type":"Feature","properties":{},"geometry":{"type":"MultiLineString","coordinates":[[[77.599861,12.999828],[77.599827,12.999934],[77.599722,13.000217],[77.599722,13.000252],[77.599687,13.000358],[77.599653,13.000464],[77.599618,13.000605],[77.599619,13.000711],[77.599515,13.000993],[77.599481,13.001169]],[[77.599753,12.999759],[77.599753,12.999794],[77.599789,12.999794],[77.599861,12.999828]]]}},{"type":"Feature","properties":{},"geometry":{"type":"MultiLineString","coordinates":[[[77.593246,13.005525],[77.593282,13.005525]],[[77.593282,13.005525],[77.593353,13.005524]],[[77.593353,13.005524],[77.593605,13.005521],[77.593925,13.005272]],[[77.593925,13.005272],[77.593961,13.005272],[77.594067,13.005165],[77.594245,13.005022],[77.594424,13.004915]]]}},{"type":"Feature","properties":{},"geometry":{"type":"MultiLineString","coordinates":[[[77.581791,13.011833],[77.581752,13.011552]],[[77.581752,13.011552],[77.581752,13.011481],[77.581788,13.011481],[77.581788,13.011481]],[[77.581824,13.01148],[77.582039,13.011478],[77.583725,13.011426]],[[77.581788,13.011481],[77.581824,13.01148],[77.581824,13.01148]],[[77.583725,13.011426],[77.583761,13.011426],[77.583761,13.011426]],[[77.583761,13.011426],[77.583797,13.011426]],[[77.583797,13.011426],[77.583833,13.011425]]]}},{"type":"Feature","properties":{},"geometry":{"type":"MultiLineString","coordinates":[[[77.581828,13.011868],[77.581863,13.011867],[77.581863,13.011867]],[[77.581863,13.011867],[77.581862,13.011691]],[[77.581862,13.011691],[77.58186,13.011551],[77.58186,13.011515]]]}},{"type":"Feature","properties":{},"geometry":{"type":"MultiLineString","coordinates":[[[77.582698,13.019671],[77.582708,13.020692],[77.582714,13.021184]],[[77.580207,13.01484],[77.580674,13.014835],[77.581032,13.014796],[77.581391,13.014793],[77.581857,13.014753],[77.582037,13.014751],[77.582252,13.014714],[77.582431,13.014712],[77.582432,13.014818],[77.582472,13.015169],[77.582512,13.015591],[77.582515,13.015908],[77.582519,13.016259],[77.582521,13.016435],[77.582569,13.017667],[77.582694,13.019319],[77.582698,13.019671]],[[77.5801,13.014841],[77.580207,13.01484]]]}},{"type":"Feature","properties":{},"geometry":{"type":"MultiLineString","coordinates":[[[77.567246,13.010781],[77.567175,13.010922],[77.567069,13.011064]],[[77.567387,13.010603],[77.567316,13.010674],[77.567246,13.010781]],[[77.567387,13.010568],[77.567387,13.010603]],[[77.567423,13.010568],[77.567387,13.010568]],[[77.567458,13.010462],[77.567458,13.010497],[77.567423,13.010568]],[[77.568024,13.009717],[77.567917,13.009789],[77.567776,13.010036],[77.567599,13.010284],[77.567458,13.010462]],[[77.568024,13.009682],[77.568024,13.009717]],[[77.568166,13.009505],[77.568095,13.009611],[77.568024,13.009682]],[[77.568201,13.009469],[77.568166,13.009505],[77.568166,13.009505]],[[77.568731,13.008654],[77.56866,13.008761],[77.568519,13.009008],[77.568413,13.00915],[77.568343,13.009292],[77.568272,13.009398],[77.568201,13.009469],[77.568201,13.009469]],[[77.569013,13.008194],[77.568978,13.008265],[77.568837,13.008477],[77.568731,13.008619],[77.568731,13.008654]],[[77.56919,13.007946],[77.569191,13.007981],[77.569049,13.008194],[77.569013,13.008194]],[[77.569579,13.007344],[77.569579,13.007379],[77.569438,13.007557],[77.569297,13.007804],[77.569226,13.007946],[77.56919,13.007946],[77.56919,13.007946]],[[77.569614,13.007273],[77.569614,13.007308],[77.569579,13.007344]],[[77.569932,13.006813],[77.569826,13.00699],[77.569756,13.007131],[77.569685,13.007237],[77.56965,13.007273],[77.569614,13.007273]],[[77.569967,13.006742],[77.569932,13.006777],[77.569932,13.006813]],[[77.570144,13.006459],[77.570073,13.006565],[77.569967,13.006742]],[[77.570781,13.005573],[77.57071,13.005644],[77.570533,13.005892],[77.570356,13.006105],[77.570144,13.006459]],[[77.57078,13.005537],[77.570781,13.005573],[77.570781,13.005573]],[[77.570816,13.005502],[77.57078,13.005537],[77.57078,13.005537]],[[77.571312,13.004899],[77.571064,13.005218],[77.570816,13.005502]],[[77.571348,13.004898],[77.571312,13.004899]],[[77.572017,13.003625],[77.571911,13.003837],[77.571735,13.00412],[77.571594,13.004368],[77.571453,13.004616],[77.571346,13.004722],[77.571348,13.004863],[77.571348,13.004898],[77.571348,13.004898]]]}},{"type":"Feature","properties":{},"geometry":{"type":"MultiLineString","coordinates":[[[77.593969,13.023289],[77.593969,13.023324],[77.59397,13.023359]],[[77.593895,13.023078],[77.593969,13.023289]],[[77.593597,13.022026],[77.593597,13.022061],[77.593635,13.022201],[77.593708,13.022376],[77.593746,13.022587],[77.593783,13.022692],[77.593859,13.023043],[77.593895,13.023078]],[[77.592086,13.018275],[77.592124,13.018416],[77.592199,13.018732],[77.59231,13.019047],[77.592348,13.019258],[77.592349,13.019328],[77.59235,13.019469],[77.592352,13.019645],[77.592391,13.019961],[77.59243,13.020278],[77.592469,13.020594],[77.592509,13.02091],[77.592512,13.021227],[77.592551,13.021579],[77.592555,13.021966],[77.592559,13.022353],[77.592631,13.022352]],[[77.592631,13.022352],[77.592774,13.022315],[77.593168,13.022171],[77.593204,13.02217],[77.593203,13.022135]],[[77.593203,13.022135],[77.593239,13.022135],[77.593346,13.022098],[77.593597,13.022026],[77.593597,13.022026]],[[77.591178,13.017194],[77.591178,13.017229],[77.591252,13.017404],[77.591289,13.017509],[77.591363,13.017755],[77.591438,13.018071],[77.591514,13.018422],[77.59155,13.018422]],[[77.59155,13.018422],[77.591693,13.018385],[77.591872,13.018348],[77.592086,13.018275]],[[77.58407,13.017053],[77.584503,13.01726],[77.584862,13.017221],[77.585292,13.017182],[77.585722,13.017142],[77.586188,13.017103],[77.586655,13.017063],[77.587085,13.017023],[77.587515,13.016984],[77.587766,13.016946],[77.587837,13.01691],[77.587981,13.016909],[77.588088,13.016873],[77.588268,13.016871],[77.588483,13.016833],[77.588626,13.016832],[77.588734,13.016831],[77.588877,13.016829]],[[77.591141,13.017053],[77.591141,13.017088],[77.591178,13.017194]],[[77.588877,13.016829],[77.588985,13.016864],[77.58938,13.016895],[77.589632,13.016927],[77.589812,13.016996],[77.589992,13.017065],[77.590207,13.017027],[77.590422,13.016955],[77.590565,13.016918],[77.590993,13.016668]],[[77.591067,13.016878],[77.591141,13.017053]],[[77.584035,13.017054],[77.58407,13.017053]],[[77.583973,13.014556],[77.583976,13.014873],[77.58398,13.01526],[77.583984,13.015682],[77.583988,13.016069],[77.583992,13.016421],[77.583996,13.016808],[77.583998,13.017019],[77.584035,13.017054]],[[77.59103,13.016738],[77.591067,13.016878]],[[77.590993,13.016668],[77.59103,13.016738]]]}},{"type":"Feature","properties":{},"geometry":{"type":"MultiLineString","coordinates":[[[77.581393,13.011485],[77.581393,13.01152]],[[77.581572,13.011413],[77.581393,13.01145],[77.581393,13.011485]],[[77.582074,13.011372],[77.582074,13.011408],[77.581966,13.011409],[77.581607,13.011412],[77.581572,13.011413]],[[77.582068,13.010845],[77.582072,13.011196],[77.582074,13.011372],[77.582074,13.011372]],[[77.582098,13.010246],[77.5821,13.010492],[77.582068,13.010845],[77.582068,13.010845]],[[77.582128,13.009648],[77.582129,13.009788],[77.582097,13.010141],[77.582098,13.010246]],[[77.582158,13.009155],[77.582159,13.00919],[77.582126,13.009472],[77.582128,13.009648]],[[77.582194,13.009119],[77.582158,13.009119],[77.582158,13.009155],[77.582158,13.009155]],[[77.582983,13.009041],[77.583019,13.009076],[77.582768,13.009078],[77.582373,13.009117],[77.582194,13.009119]],[[77.583083,13.008301],[77.583048,13.008477],[77.583016,13.008759],[77.583018,13.00904],[77.582983,13.009041],[77.582983,13.009041]],[[77.58321,13.006786],[77.583176,13.006892],[77.583177,13.007033],[77.583144,13.007315],[77.583112,13.007632],[77.583114,13.007913],[77.583081,13.008195],[77.583083,13.008301]],[[77.583298,13.00485],[77.583298,13.004885],[77.583264,13.005026],[77.583267,13.005308],[77.583269,13.005554],[77.583237,13.005871],[77.58324,13.006153],[77.583243,13.006469],[77.58321,13.006786]],[[77.581147,13.005083],[77.58129,13.004976],[77.581361,13.00494],[77.581754,13.004725],[77.582039,13.004546],[77.582467,13.004295],[77.582467,13.00426]],[[77.581147,13.005047],[77.581147,13.005083]],[[77.581146,13.005012],[77.581147,13.005047]],[[77.581146,13.004977],[77.581146,13.005012],[77.581146,13.005012]],[[77.581069,13.00445],[77.581071,13.004626],[77.581109,13.004837],[77.581146,13.004977]],[[77.583326,13.00404],[77.58333,13.004427],[77.583297,13.004744],[77.583298,13.00485],[77.583298,13.00485]],[[77.581068,13.00438],[77.581069,13.004415],[77.581069,13.00445]],[[77.581032,13.00431],[77.581068,13.00438]],[[77.580986,13.003395],[77.581029,13.004028],[77.581032,13.00431]],[[77.582467,13.00426],[77.58293,13.004009],[77.583323,13.003759]],[[77.583324,13.0039],[77.583325,13.004005],[77.583326,13.00404]],[[77.583323,13.003794],[77.583324,13.0039]],[[77.583323,13.003759],[77.583323,13.003794],[77.583323,13.003794]],[[77.580946,13.002973],[77.580947,13.003044],[77.580986,13.003395]],[[77.580943,13.002656],[77.580943,13.002692],[77.580946,13.002973]],[[77.5809,13.001988],[77.580939,13.002305],[77.580943,13.002656],[77.580943,13.002656]],[[77.580897,13.001707],[77.5809,13.001953],[77.5809,13.001988]],[[77.580858,13.001426],[77.580896,13.001636],[77.580897,13.001707],[77.580897,13.001707]],[[77.580856,13.001179],[77.580857,13.001285],[77.580858,13.001426]],[[77.580852,13.000827],[77.580853,13.000968],[77.580856,13.001179]],[[77.580813,13.000546],[77.580849,13.000581],[77.580852,13.000827],[77.580852,13.000827]],[[77.580811,13.000335],[77.580813,13.000546]],[[77.580811,13.0003],[77.580811,13.000335]],[[77.580771,12.999984],[77.58081,13.000265],[77.580811,13.0003]],[[77.580768,12.999667],[77.580771,12.999913],[77.580771,12.999949],[77.580771,12.999984]],[[77.580765,12.999386],[77.580766,12.999491],[77.580768,12.999667]],[[77.580763,12.999174],[77.580765,12.999315],[77.580765,12.999386]]]}},{"type":"Feature","properties":{},"geometry":{"type":"MultiLineString","coordinates":[[[77.590601,13.010056],[77.59053,13.010127],[77.590389,13.010375],[77.590212,13.010587],[77.590071,13.010835],[77.589824,13.01119],[77.589647,13.011473],[77.589435,13.011792],[77.589223,13.012075],[77.589011,13.012394],[77.588798,13.012678],[77.588514,13.012997],[77.588408,13.013104],[77.588196,13.013388],[77.588089,13.013529],[77.587983,13.013636],[77.587912,13.013707],[77.58777,13.013849],[77.587555,13.013957],[77.587234,13.014101],[77.587055,13.014173],[77.586841,13.014281],[77.586554,13.014319],[77.586303,13.014357],[77.585838,13.014432],[77.585443,13.014471],[77.585121,13.014509],[77.584798,13.014512],[77.584546,13.01448],[77.584223,13.014483],[77.584042,13.014344]],[[77.584042,13.014344],[77.584042,13.014309]],[[77.590601,13.010021],[77.590601,13.010056]],[[77.590672,13.009949],[77.590601,13.010021]],[[77.592226,13.007506],[77.592085,13.007754],[77.591873,13.008108],[77.591838,13.008178],[77.591661,13.008426],[77.591449,13.008745],[77.591201,13.0091],[77.59099,13.009454],[77.590742,13.009808],[77.590672,13.009949]],[[77.592261,13.00747],[77.592226,13.007506]],[[77.593246,13.005525],[77.593212,13.005736],[77.593107,13.006019],[77.593072,13.00609],[77.592896,13.006373],[77.59272,13.006727],[77.592508,13.007046],[77.592296,13.0074],[77.592261,13.00747]]]}},{"type":"Feature","properties":{},"geometry":{"type":"MultiLineString","coordinates":[[[77.581147,13.005083],[77.58104,13.005154],[77.580612,13.005405],[77.58022,13.005655],[77.57997,13.005763],[77.579685,13.005942],[77.579257,13.006192],[77.579042,13.0063],[77.578971,13.006301]],[[77.578971,13.006301],[77.578899,13.006301]],[[77.578899,13.006301],[77.578791,13.006232],[77.578752,13.006021],[77.578716,13.005951],[77.578715,13.005916],[77.578715,13.005846]],[[77.578715,13.005846],[77.578679,13.005811],[77.578678,13.005776]],[[77.578678,13.005776],[77.578821,13.005704],[77.579142,13.00549],[77.57932,13.005382],[77.579427,13.005346]],[[77.579427,13.005346],[77.579677,13.005203],[77.579998,13.004988]],[[77.579998,13.004988],[77.580034,13.004988],[77.580319,13.004809],[77.580354,13.004774],[77.580533,13.004666],[77.58064,13.00463],[77.580712,13.004594]]]}},{"type":"Feature","properties":{},"geometry":{"type":"LineString","coordinates":[[77.581727,13.012537],[77.581547,13.012539],[77.581476,13.01254]]}},{"type":"Feature","properties":{},"geometry":{"type":"MultiLineString","coordinates":[[[77.579044,13.006406],[77.579329,13.006262],[77.579614,13.006083],[77.579971,13.005904],[77.580328,13.005689],[77.580614,13.005545],[77.581042,13.005295],[77.581291,13.005116],[77.581541,13.004973],[77.581933,13.004758],[77.582076,13.004686],[77.582468,13.004436],[77.582861,13.004221],[77.583182,13.004007],[77.583324,13.0039]],[[77.578828,13.006408],[77.579007,13.006336],[77.579044,13.006406]],[[77.583324,13.0039],[77.583395,13.003864],[77.583538,13.003792],[77.58361,13.003756]]]}},{"type":"Feature","properties":{},"geometry":{"type":"MultiLineString","coordinates":[[[77.57249,13.014705],[77.572813,13.014737],[77.573172,13.014734],[77.573531,13.01473],[77.573818,13.014727],[77.573854,13.014762],[77.574249,13.014793],[77.574321,13.014793],[77.57443,13.014862],[77.574717,13.014859],[77.575004,13.014891],[77.575327,13.014888],[77.575758,13.014884],[77.576152,13.01488],[77.576511,13.014876],[77.57687,13.014873],[77.577193,13.01487],[77.577588,13.014866],[77.577983,13.014862],[77.578377,13.014858],[77.578736,13.014854],[77.579023,13.014851]],[[77.579023,13.014851],[77.579382,13.014848],[77.579777,13.014844],[77.580064,13.014806],[77.580099,13.014806],[77.580135,13.014805]],[[77.580135,13.014805],[77.5801,13.014841],[77.5801,13.014841]]]}},{"type":"Feature","properties":{},"geometry":{"type":"MultiLineString","coordinates":[[[77.579023,13.014851],[77.579022,13.014711],[77.579452,13.014706],[77.579775,13.014703],[77.579811,13.014703]],[[77.579811,13.014703],[77.579775,13.014668],[77.579772,13.014422],[77.579771,13.014246],[77.579768,13.013999]],[[77.579768,13.013999],[77.579765,13.013683],[77.579763,13.013507]],[[77.579763,13.013507],[77.579726,13.013402],[77.579724,13.013191]],[[77.579724,13.013191],[77.579723,13.013155]],[[77.579723,13.013155],[77.579723,13.013085]],[[77.579723,13.013085],[77.579721,13.012909],[77.579718,13.012592],[77.579679,13.012311],[77.579677,13.01217],[77.579676,13.01203]],[[77.579676,13.01203],[77.579675,13.011924],[77.579672,13.011643],[77.579672,13.011607]],[[77.581501,13.011554],[77.581502,13.011589],[77.581505,13.011906]],[[77.579672,13.011607],[77.579671,13.011572],[77.579671,13.011572]],[[77.579671,13.011572],[77.579851,13.011571],[77.580245,13.011567],[77.580711,13.011527],[77.580999,13.011524],[77.581322,13.011521]],[[77.581393,13.01152],[77.581429,13.01152],[77.581501,13.011519],[77.581501,13.011554]],[[77.581322,13.011521],[77.581393,13.01152]]]}},{"type":"Feature","properties":{},"geometry":{"type":"MultiLineString","coordinates":[[[77.581799,13.012572],[77.581799,13.012607],[77.581803,13.012959],[77.58209,13.012956],[77.582413,13.012917],[77.582592,13.012916],[77.582771,13.012914]],[[77.582771,13.012914],[77.582807,13.012913],[77.582843,13.012913]],[[77.582843,13.012913],[77.582879,13.012913],[77.583202,13.01291],[77.583345,13.012873],[77.583345,13.012873]],[[77.583345,13.012873],[77.583489,13.012872],[77.583668,13.01287],[77.583704,13.012834],[77.583739,13.012763]]]}},{"type":"Feature","properties":{},"geometry":{"type":"MultiLineString","coordinates":[[[77.5716,12.990996],[77.571634,12.99089],[77.571668,12.990678],[77.571737,12.990431],[77.571772,12.990325],[77.571805,12.990079],[77.571874,12.989726],[77.571944,12.989549],[77.571976,12.989197],[77.57201,12.989056]],[[77.57201,12.989056],[77.572045,12.988915],[77.572078,12.988633],[77.572112,12.988527]],[[77.572112,12.988527],[77.572148,12.988456]],[[77.572148,12.988456],[77.572147,12.988421],[77.572182,12.98828],[77.572215,12.987998],[77.572213,12.987858],[77.57221,12.987541],[77.572203,12.986907],[77.572203,12.986872]],[[77.572203,12.986872],[77.5722,12.986556],[77.57223,12.986027],[77.572191,12.985746],[77.572224,12.985429],[77.572259,12.985359]],[[77.572259,12.985359],[77.572259,12.985323],[77.572295,12.985323]],[[77.572295,12.985323],[77.572294,12.985288]],[[77.572294,12.985288],[77.57247,12.984934],[77.572505,12.984793],[77.572644,12.984369],[77.572785,12.984157]],[[77.572854,12.983875],[77.57282,12.984086],[77.572785,12.984157]],[[77.572888,12.983663],[77.572854,12.983875]]]}},{"type":"Feature","properties":{},"geometry":{"type":"LineString","coordinates":[[77.564798,13.010066],[77.564293,13.009789],[77.564219,13.009649],[77.564148,13.00965],[77.563287,13.009694],[77.562928,13.009697],[77.562892,13.009698],[77.562856,13.009698],[77.56282,13.009698],[77.562926,13.009556],[77.563067,13.009309],[77.563244,13.009025],[77.563279,13.00899],[77.563244,13.00899],[77.563279,13.00899],[77.563279,13.008955],[77.5631,13.008992],[77.562993,13.009028],[77.562921,13.009029],[77.56249,13.009033],[77.562347,13.009034],[77.562275,13.009035],[77.562273,13.008859],[77.562269,13.008402],[77.562267,13.008261],[77.562266,13.008155],[77.562265,13.00805],[77.562298,13.007733],[77.562297,13.007662],[77.562333,13.007662],[77.562332,13.007592]]}},{"type":"Feature","properties":{},"geometry":{"type":"MultiLineString","coordinates":[[[77.584338,12.997802],[77.584339,12.997907]],[[77.584373,12.997766],[77.584338,12.997802]],[[77.58475,12.996038],[77.584613,12.996708],[77.584545,12.997061],[77.584441,12.997378],[77.584373,12.997766],[77.584373,12.997766]]]}},{"type":"Feature","properties":{},"geometry":{"type":"MultiLineString","coordinates":[[[77.584339,12.997907],[77.584305,12.998083],[77.584272,12.998401],[77.58424,12.998753],[77.584206,12.998999],[77.584174,12.999352],[77.584176,12.999528]],[[77.584373,12.997801],[77.584339,12.997907]],[[77.584373,12.997766],[77.584373,12.997801]],[[77.584752,12.996214],[77.584614,12.996743],[77.584545,12.997061],[77.584441,12.997413],[77.584373,12.997766],[77.584373,12.997766]]]}},{"type":"Feature","properties":{},"geometry":{"type":"MultiLineString","coordinates":[[[77.584273,13.00199],[77.584274,13.002025],[77.584277,13.002307],[77.584279,13.002553],[77.584245,13.002764],[77.584248,13.002975],[77.584251,13.003327],[77.584254,13.003609]],[[77.584483,12.997941],[77.584415,12.998364],[77.584355,12.999455],[77.584255,13.000266],[77.584224,13.000724],[77.584233,13.001568],[77.584273,13.00199]]]}},{"type":"Feature","properties":{},"geometry":{"type":"LineString","coordinates":[[77.581828,13.011868],[77.581863,13.011867]]}},{"type":"Feature","properties":{},"geometry":{"type":"MultiLineString","coordinates":[[[77.579427,13.005311],[77.579427,13.005346],[77.579427,13.005346]],[[77.579425,13.0051],[77.579427,13.005311],[77.579427,13.005311]]]}},{"type":"Feature","properties":{},"geometry":{"type":"LineString","coordinates":[[77.566868,13.012438],[77.566264,13.013007],[77.566048,13.013009]]}},{"type":"Feature","properties":{},"geometry":{"type":"LineString","coordinates":[[77.566687,13.012299],[77.566225,13.012726],[77.565937,13.012623]]}},{"type":"Feature","properties":{},"geometry":{"type":"LineString","coordinates":[[77.56426,13.010106],[77.56433,13.00993]]}},{"type":"Feature","properties":{},"geometry":{"type":"LineString","coordinates":[[77.566579,13.01223],[77.566755,13.011947],[77.566538,13.011808]]}},{"type":"Feature","properties":{},"geometry":{"type":"MultiLineString","coordinates":[[[77.575847,13.033956],[77.576135,13.033989],[77.576135,13.034059]],[[77.576269,13.033072],[77.576198,13.033214],[77.576058,13.033497],[77.575987,13.033603],[77.575882,13.033815],[77.575811,13.033957],[77.575847,13.033956]],[[77.576798,13.032152],[77.576762,13.032223],[77.576691,13.032294],[77.576551,13.032612],[77.57641,13.03286],[77.576305,13.033072],[77.576269,13.033072]],[[77.576832,13.032046],[77.576797,13.032117],[77.576798,13.032152]],[[77.57853,13.029566],[77.578423,13.029673],[77.578388,13.029743],[77.578246,13.029921],[77.578139,13.030027],[77.578033,13.030134],[77.577962,13.03024],[77.577856,13.030347],[77.577749,13.030489],[77.577679,13.030595],[77.577608,13.030666],[77.577573,13.030772],[77.577503,13.030913],[77.577432,13.031055],[77.577362,13.031196],[77.577256,13.031338],[77.577185,13.03148],[77.577115,13.031586],[77.577009,13.031728],[77.576938,13.031869],[77.576868,13.032011],[77.576832,13.032046]],[[77.578776,13.029141],[77.578706,13.029247],[77.5786,13.02946],[77.57853,13.029566]],[[77.579023,13.028681],[77.578988,13.028822],[77.578883,13.029035],[77.578776,13.029141]],[[77.579059,13.028681],[77.579023,13.028681]],[[77.579409,13.027868],[77.579304,13.028115],[77.579094,13.02861],[77.579059,13.028681]],[[77.571412,13.028475],[77.571448,13.02851],[77.571985,13.028399]],[[77.57206,13.025231],[77.572097,13.025337],[77.572034,13.026147],[77.572038,13.026569],[77.571971,13.027062],[77.571865,13.027204],[77.571552,13.028122],[77.571412,13.028475],[77.571412,13.028475]],[[77.571985,13.028399],[77.572128,13.028363],[77.572523,13.028288],[77.57263,13.028252],[77.572845,13.028215],[77.57331,13.028105],[77.573525,13.028067]],[[77.573525,13.028067],[77.573883,13.027993],[77.57417,13.027955],[77.574528,13.027881],[77.574635,13.027845]],[[77.579619,13.027338],[77.579655,13.027338],[77.579409,13.027868]],[[77.574635,13.027845],[77.574671,13.027845]],[[77.574671,13.027845],[77.57485,13.027808],[77.57528,13.027733]],[[77.57528,13.027733],[77.575889,13.027622]],[[77.575889,13.027622],[77.575925,13.027621],[77.576534,13.02751],[77.576964,13.027435]],[[77.576964,13.027435],[77.577251,13.027397],[77.577681,13.027322],[77.578542,13.027278],[77.579403,13.027235],[77.579619,13.027303],[77.579619,13.027338]],[[77.572275,13.014743],[77.572383,13.014777],[77.572706,13.014809],[77.572613,13.016217],[77.572294,13.020021],[77.572016,13.024387],[77.571949,13.024916],[77.571987,13.025056],[77.57206,13.025231]],[[77.566241,13.014274],[77.566277,13.014309],[77.566852,13.014374],[77.567498,13.014403],[77.568217,13.014466],[77.569258,13.014561],[77.570803,13.014652],[77.572275,13.014743]],[[77.566204,13.014169],[77.566241,13.014274]],[[77.566167,13.014064],[77.566204,13.014169]],[[77.566345,13.013922],[77.566167,13.014029],[77.566167,13.014064]],[[77.566488,13.01385],[77.566381,13.013921]],[[77.567343,13.013313],[77.566488,13.01385]],[[77.567556,13.01303],[77.567629,13.013135],[77.567343,13.013313]],[[77.566868,13.012438],[77.567483,13.012925],[77.56752,13.012995],[77.567556,13.01303]],[[77.566687,13.012299],[77.566868,13.012438]],[[77.566579,13.01223],[77.566687,13.012299]],[[77.566542,13.01216],[77.566579,13.01223]]]}},{"type":"Feature","properties":{},"geometry":{"type":"MultiLineString","coordinates":[[[77.580806,13.017191],[77.580809,13.017508]],[[77.580802,13.01684],[77.580806,13.017191]]]}},{"type":"Feature","properties":{},"geometry":{"type":"LineString","coordinates":[[77.580806,13.017191],[77.577003,13.017335]]}},{"type":"Feature","properties":{},"geometry":{"type":"MultiLineString","coordinates":[[[77.578715,13.005846],[77.578679,13.005846],[77.578679,13.005846]],[[77.579999,13.005059],[77.579535,13.00531],[77.579356,13.005417],[77.579107,13.005596],[77.578893,13.005738],[77.578822,13.005774],[77.578714,13.005811],[77.578715,13.005846],[77.578715,13.005846]],[[77.581069,13.00445],[77.581033,13.004415],[77.58089,13.004522],[77.580605,13.004701],[77.580284,13.00488],[77.58007,13.005023],[77.579999,13.005059],[77.579999,13.005059]],[[77.582424,13.003592],[77.582281,13.003664],[77.582032,13.003842],[77.581746,13.004021],[77.581282,13.004272],[77.58114,13.004379],[77.581069,13.004415],[77.581069,13.00445]],[[77.583961,13.003049],[77.583782,13.003051],[77.583423,13.003019],[77.583351,13.003055],[77.583208,13.003127],[77.582994,13.003234],[77.58278,13.003377],[77.582531,13.00352],[77.582424,13.003592]],[[77.584176,12.999528],[77.584144,12.99995],[77.584112,13.000267],[77.584115,13.000584],[77.584082,13.000866],[77.584085,13.001182],[77.584089,13.001499],[77.584092,13.001816],[77.584096,13.002168],[77.584098,13.002379],[77.584138,13.002801],[77.584141,13.003082],[77.584141,13.003047]],[[77.584141,13.003047],[77.584105,13.003082],[77.583961,13.003049]]]}},{"type":"Feature","properties":{},"geometry":{"type":"MultiLineString","coordinates":[[[77.600388,12.998732],[77.600564,12.998379],[77.600741,12.99813]],[[77.600741,12.99813],[77.60074,12.998095],[77.600811,12.997989],[77.600811,12.997989]],[[77.600811,12.997989],[77.600811,12.997954]],[[77.600811,12.997954],[77.600739,12.997919],[77.600486,12.997816],[77.60045,12.997781]],[[77.60045,12.997781],[77.600378,12.997747],[77.600234,12.997678],[77.600053,12.997574],[77.600088,12.997504]],[[77.600088,12.997504],[77.600124,12.997468],[77.600159,12.997397],[77.600123,12.997398]],[[77.600123,12.997398],[77.600123,12.997362],[77.600087,12.997363]]]}},{"type":"Feature","properties":{},"geometry":{"type":"MultiLineString","coordinates":[[[77.578828,13.006372],[77.579042,13.0063],[77.579292,13.006157],[77.579614,13.006013],[77.579934,13.005798],[77.580291,13.005619],[77.580612,13.005405],[77.581005,13.00519],[77.58129,13.005011],[77.581718,13.00476],[77.582503,13.004295],[77.582966,13.004009],[77.583145,13.003901],[77.583323,13.003794],[77.583323,13.003794]],[[77.583323,13.003794],[77.583537,13.003651],[77.583679,13.003544],[77.584034,13.003154],[77.584142,13.003152]]]}},{"type":"Feature","properties":{},"geometry":{"type":"MultiLineString","coordinates":[[[77.581826,13.011692],[77.581825,13.011621],[77.581824,13.011516],[77.581824,13.011516]],[[77.581824,13.011516],[77.581824,13.01148]]]}},{"type":"Feature","properties":{},"geometry":{"type":"LineString","coordinates":[[77.584118,13.004349],[77.584154,13.004349],[77.584298,13.004347]]}},{"type":"Feature","properties":{},"geometry":{"type":"MultiLineString","coordinates":[[[77.581476,13.01254],[77.581547,13.012539],[77.581727,13.012537]],[[77.581469,13.011906],[77.581475,13.012504],[77.581476,13.01254]],[[77.581501,13.011554],[77.581465,13.011519],[77.581469,13.011906]],[[77.581537,13.011519],[77.581501,13.011519],[77.581501,13.011554]],[[77.581788,13.011516],[77.581752,13.011552]],[[77.581752,13.011552],[77.581752,13.011516],[77.581573,13.011518]],[[77.581573,13.011518],[77.581537,13.011519]],[[77.581824,13.011516],[77.581788,13.011516]],[[77.58186,13.011515],[77.581824,13.011516]],[[77.58369,13.011462],[77.583223,13.011467],[77.582936,13.011469],[77.582254,13.011511],[77.582147,13.011512],[77.58186,13.011515]],[[77.583761,13.011461],[77.583725,13.011462],[77.583725,13.011462]],[[77.583725,13.011462],[77.58369,13.011462]],[[77.583797,13.011426],[77.583797,13.011461],[77.583761,13.011461]],[[77.583796,13.01139],[77.583797,13.011426]],[[77.584119,13.004384],[77.584122,13.004666],[77.584089,13.005018],[77.584057,13.00537],[77.584061,13.005722],[77.584028,13.006074],[77.583996,13.006427],[77.584,13.006779],[77.583968,13.007131],[77.583935,13.007483],[77.583939,13.007835],[77.583907,13.008187],[77.583875,13.008539],[77.583878,13.008891],[77.583846,13.009243],[77.583814,13.009596],[77.583817,13.009947],[77.583785,13.0103],[77.583789,13.010652],[77.583792,13.011003],[77.583796,13.01132],[77.583796,13.01139],[77.583796,13.01139]],[[77.584118,13.004349],[77.584119,13.004384],[77.584119,13.004384]],[[77.584111,13.00361],[77.584113,13.003821],[77.584115,13.003997],[77.584118,13.004349]],[[77.584142,13.003152],[77.58411,13.003505],[77.584111,13.00361]],[[77.584141,13.003082],[77.584142,13.003152]],[[77.584141,13.003047],[77.584141,13.003082]],[[77.58414,12.999528],[77.584109,12.999951],[77.584112,13.000267],[77.584079,13.000584],[77.584083,13.000936],[77.584086,13.001253],[77.58409,13.001605],[77.584093,13.001921],[77.584097,13.002273],[77.584064,13.00259],[77.584139,13.002906],[77.584141,13.003047],[77.584141,13.003047]]]}},{"type":"Feature","properties":{},"geometry":{"type":"MultiLineString","coordinates":[[[77.583725,13.011462],[77.583728,13.011708],[77.583766,13.011883],[77.58373,13.011884],[77.583734,13.012306],[77.583738,13.012658],[77.583739,13.012763]],[[77.583725,13.011426],[77.583725,13.011462]],[[77.583796,13.01139],[77.583761,13.011426],[77.583725,13.011426],[77.583725,13.011426]],[[77.583832,13.01139],[77.583796,13.01139],[77.583796,13.01139]]]}},{"type":"Feature","properties":{},"geometry":{"type":"MultiLineString","coordinates":[[[77.589921,13.041311],[77.589958,13.041346]],[[77.588191,13.033692],[77.588266,13.033973],[77.58834,13.034219],[77.588415,13.034535],[77.588526,13.03485],[77.588601,13.035166],[77.588712,13.035482],[77.588859,13.035832],[77.589006,13.036148],[77.589081,13.036464],[77.589155,13.036674],[77.589159,13.037061],[77.589163,13.037378],[77.589202,13.037694],[77.589241,13.038045],[77.589244,13.038327],[77.589319,13.038643],[77.589358,13.038924],[77.589397,13.03917],[77.589472,13.039521],[77.589547,13.039837],[77.589586,13.040083],[77.589734,13.040574],[77.589846,13.040995],[77.589921,13.041311]],[[77.586977,13.030819],[77.587087,13.031064],[77.587123,13.031064],[77.587308,13.03159],[77.587455,13.031975],[77.587785,13.032606],[77.588078,13.033201],[77.588153,13.033517],[77.588191,13.033692]],[[77.585431,13.027104],[77.585468,13.027245],[77.585652,13.0277],[77.585763,13.027945],[77.586977,13.030819]],[[77.585129,13.0257],[77.585167,13.025875],[77.585317,13.026542],[77.585431,13.027104]],[[77.585129,13.025664],[77.585129,13.0257]],[[77.584865,13.024435],[77.585017,13.025278],[77.585129,13.025664]]]}},{"type":"Feature","properties":{},"geometry":{"type":"LineString","coordinates":[[77.584865,13.024435],[77.584528,13.023102]]}},{"type":"Feature","properties":{},"geometry":{"type":"LineString","coordinates":[[77.584338,12.997802],[77.584373,12.997801],[77.584373,12.997801]]}},{"type":"Feature","properties":{},"geometry":{"type":"MultiLineString","coordinates":[[[77.57441,12.999026],[77.574445,12.998991]],[[77.574445,12.998991],[77.574445,12.998956]],[[77.574445,12.998956],[77.57448,12.99892],[77.574656,12.998566]],[[77.574656,12.998566],[77.574692,12.998531],[77.574762,12.998354]],[[77.574762,12.998354],[77.574832,12.998178],[77.574903,12.998107]],[[77.574903,12.998107],[77.574937,12.998001],[77.575149,12.997647],[77.575184,12.997541]],[[77.575184,12.997541],[77.575325,12.997293],[77.575501,12.996939],[77.575536,12.996904]],[[77.575536,12.996904],[77.575536,12.996869],[77.575712,12.99655]],[[77.575712,12.99655],[77.575853,12.996302],[77.575817,12.996268]],[[77.575817,12.996268],[77.575853,12.996267],[77.575923,12.996126],[77.576064,12.995843],[77.576099,12.995807]],[[77.576099,12.995807],[77.576134,12.995701],[77.576134,12.995701]],[[77.576134,12.995701],[77.576204,12.99556],[77.57631,12.995383],[77.57631,12.995383]],[[77.57631,12.995383],[77.576345,12.995277],[77.576486,12.995029],[77.576556,12.994853]],[[77.576556,12.994853],[77.576627,12.994781],[77.576803,12.994463],[77.576803,12.994428]],[[77.576803,12.994428],[77.576838,12.994392],[77.576908,12.994216],[77.577049,12.994003],[77.577119,12.993826],[77.577154,12.993756],[77.577154,12.993756]],[[77.577154,12.993756],[77.57719,12.993685]],[[77.57719,12.993685],[77.577224,12.993579],[77.57733,12.993402],[77.577506,12.993084],[77.577541,12.992978],[77.577647,12.992801],[77.577788,12.992553],[77.577858,12.992412],[77.578,12.992199],[77.578035,12.992128]],[[77.578035,12.992128],[77.578034,12.992093],[77.57807,12.992058],[77.578175,12.991845],[77.578352,12.991527]],[[77.578352,12.991527],[77.578351,12.991492],[77.578387,12.991456]],[[77.578387,12.991456],[77.578633,12.990996]],[[77.578633,12.990996],[77.578668,12.99089],[77.578843,12.990501],[77.578914,12.99036]],[[77.578914,12.99036],[77.578949,12.990324],[77.578984,12.990254],[77.579127,12.990147],[77.579018,12.990042]],[[77.579018,12.990042],[77.578981,12.989902],[77.578908,12.989832],[77.578908,12.989797]],[[77.578908,12.989797],[77.579051,12.989725]]]}},{"type":"Feature","properties":{},"geometry":{"type":"MultiLineString","coordinates":[[[77.566435,12.994812],[77.566401,12.994918],[77.566403,12.995129],[77.566406,12.995411],[77.566373,12.995728],[77.566376,12.996044],[77.566343,12.996256],[77.566308,12.996362],[77.566309,12.996467]],[[77.566433,12.994531],[77.566435,12.994812]],[[77.566429,12.994214],[77.56643,12.994319],[77.566433,12.994531]],[[77.566429,12.994179],[77.566429,12.994214]],[[77.566462,12.993897],[77.566462,12.993932],[77.566428,12.994108],[77.566429,12.994179]],[[77.566458,12.993545],[77.56646,12.993756],[77.566462,12.993897]],[[77.566458,12.99351],[77.566458,12.993545]]]}},{"type":"Feature","properties":{},"geometry":{"type":"MultiLineString","coordinates":[[[77.566566,12.993544],[77.566817,12.993541],[77.566925,12.99354],[77.567284,12.993537],[77.567606,12.993498],[77.567714,12.993497],[77.567821,12.993496],[77.567821,12.993496]],[[77.567821,12.993496],[77.56818,12.993493]],[[77.56818,12.993493],[77.568503,12.99349],[77.568503,12.99349]]]}},{"type":"Feature","properties":{},"geometry":{"type":"MultiLineString","coordinates":[[[77.56429,12.999056],[77.564219,12.999127],[77.564078,12.999375],[77.564008,12.999516],[77.563902,12.999764],[77.563832,12.99987],[77.563691,13.000118],[77.563691,13.000153],[77.563621,13.000294],[77.563515,13.000471],[77.563445,13.000683],[77.563375,13.00079],[77.563233,13.001002],[77.563199,13.001108],[77.563022,13.001391],[77.562705,13.001957],[77.562705,13.001957]],[[77.564608,12.998596],[77.564572,12.998596],[77.564537,12.998667],[77.56436,12.998915],[77.56429,12.999056]],[[77.566309,12.996467],[77.566239,12.996609],[77.565883,12.996964],[77.565706,12.997212],[77.565494,12.997496],[77.565387,12.997602],[77.565246,12.997815],[77.565033,12.998028],[77.564856,12.998241],[77.56475,12.998383],[77.564643,12.998525],[77.564608,12.998596]],[[77.566436,12.994847],[77.566436,12.994882],[77.566403,12.995129],[77.566407,12.995551],[77.566409,12.995727],[77.566376,12.996044],[77.566378,12.996255],[77.566309,12.996467],[77.566309,12.996467]],[[77.566433,12.994531],[77.566436,12.994847]],[[77.566429,12.994214],[77.566432,12.994495],[77.566433,12.994531]],[[77.566465,12.994214],[77.566429,12.994214]],[[77.566465,12.994178],[77.566465,12.994214]],[[77.566462,12.993897],[77.566465,12.994178],[77.566465,12.994178]],[[77.566462,12.993862],[77.566462,12.993897]],[[77.566494,12.993545],[77.566495,12.99365],[77.566462,12.993862],[77.566462,12.993862]],[[77.566494,12.993509],[77.566494,12.993545]]]}},{"type":"Feature","properties":{},"geometry":{"type":"LineString","coordinates":[[77.566458,12.993545],[77.566458,12.99351]]}},{"type":"Feature","properties":{},"geometry":{"type":"MultiLineString","coordinates":[[[77.584282,13.002799],[77.584277,13.002377],[77.584273,13.00199]],[[77.584273,13.00199],[77.584272,13.001849],[77.584268,13.001462],[77.584266,13.001286],[77.584299,13.000969],[77.584295,13.000652],[77.584293,13.000441],[77.584391,12.999525],[77.584455,12.998715],[77.584487,12.998328],[77.58459,12.99794]]]}},{"type":"Feature","properties":{},"geometry":{"type":"MultiLineString","coordinates":[[[77.570735,13.02901],[77.5707,13.029046],[77.570594,13.029258],[77.570525,13.02947],[77.570419,13.029682],[77.570384,13.029752],[77.570312,13.029718]],[[77.571198,13.028583],[77.571091,13.02869],[77.570807,13.028974],[77.570771,13.02901],[77.570735,13.02901],[77.570735,13.02901]],[[77.57134,13.028511],[77.571305,13.028547],[77.571233,13.028548],[77.571198,13.028583]],[[77.571412,13.028475],[77.571376,13.028476],[77.57134,13.028511]]]}},{"type":"Feature","properties":{},"geometry":{"type":"MultiLineString","coordinates":[[[77.565937,13.037046],[77.565724,13.037259]],[[77.566078,13.036833],[77.565937,13.037046]],[[77.566185,13.036762],[77.566114,13.036833],[77.566078,13.036833]],[[77.566931,13.036015],[77.566434,13.036513],[77.566292,13.036655],[77.566221,13.036762],[77.566185,13.036762]],[[77.566967,13.035945],[77.566931,13.036015]],[[77.568563,13.034169],[77.568457,13.034311],[77.568139,13.034737],[77.567606,13.035305],[77.567251,13.035696],[77.566967,13.035945]],[[77.57007,13.030635],[77.570432,13.030878],[77.570327,13.031161],[77.570292,13.031231],[77.570188,13.031584],[77.570119,13.031867],[77.569978,13.032114],[77.569836,13.032327],[77.569554,13.032752],[77.569271,13.033177],[77.569094,13.03339],[77.568882,13.033709],[77.568811,13.03385],[77.568563,13.034169]],[[77.570034,13.030601],[77.57007,13.030635]],[[77.570242,13.029859],[77.570314,13.029894],[77.570034,13.030601]]]}},{"type":"Feature","properties":{},"geometry":{"type":"LineString","coordinates":[[77.552244,13.021275],[77.552279,13.021204]]}},{"type":"Feature","properties":{},"geometry":{"type":"LineString","coordinates":[[77.556578,13.016974],[77.556615,13.017044],[77.556615,13.017044]]}},{"type":"Feature","properties":{},"geometry":{"type":"LineString","coordinates":[[77.564076,13.013135],[77.564181,13.012852],[77.564813,13.011509],[77.564921,13.011578],[77.564992,13.011472]]}},{"type":"Feature","properties":{},"geometry":{"type":"LineString","coordinates":[[77.580207,13.01484],[77.580244,13.014874],[77.582324,13.014748],[77.58237,13.015698],[77.582418,13.016859],[77.582423,13.017422],[77.582426,13.017633],[77.582427,13.017738],[77.582469,13.018407],[77.582474,13.018864],[77.582516,13.019427]]}},{"type":"Feature","properties":{},"geometry":{"type":"LineString","coordinates":[[77.560289,12.997336],[77.560432,12.997264]]}},{"type":"Feature","properties":{},"geometry":{"type":"MultiLineString","coordinates":[[[77.571087,12.993464],[77.571051,12.993464],[77.570835,12.993431],[77.570368,12.993401],[77.569937,12.99337],[77.569722,12.993372],[77.56965,12.993373],[77.569615,12.993408],[77.569615,12.993443],[77.569546,12.99369],[77.569477,12.993973],[77.569442,12.994043]],[[77.571446,12.99346],[77.571446,12.993496],[77.57123,12.993463],[77.571087,12.993464],[77.571087,12.993464]]]}},{"type":"Feature","properties":{},"geometry":{"type":"LineString","coordinates":[[77.569442,12.994043],[77.569443,12.994114]]}},{"type":"Feature","properties":{},"geometry":{"type":"LineString","coordinates":[[77.569443,12.994114],[77.569442,12.994043]]}},{"type":"Feature","properties":{},"geometry":{"type":"MultiLineString","coordinates":[[[77.568,13.014292],[77.568072,13.014397]],[[77.567343,13.013313],[77.567453,13.013523],[77.567239,13.013631],[77.56728,13.014123],[77.567532,13.014226],[77.568,13.014292],[77.568,13.014292]]]}},{"type":"Feature","properties":{},"geometry":{"type":"MultiLineString","coordinates":[[[77.564148,13.00965],[77.564184,13.00972]],[[77.56328,13.009025],[77.56328,13.00906],[77.562963,13.009591],[77.562928,13.009662],[77.563214,13.009624],[77.564147,13.00958],[77.564147,13.009615]],[[77.564147,13.009615],[77.564148,13.00965]],[[77.562275,13.00907],[77.56285,13.009065],[77.563136,13.009027],[77.563244,13.009025]],[[77.562275,13.009035],[77.562275,13.00907]],[[77.563244,13.009025],[77.56328,13.009025]],[[77.562304,13.008401],[77.562273,13.008824],[77.562274,13.008965],[77.562275,13.009035]],[[77.562333,13.007732],[77.562298,13.007733],[77.562299,13.007838],[77.562304,13.008401]],[[77.562333,13.007662],[77.562333,13.007732],[77.562333,13.007732]],[[77.562359,13.006747],[77.56236,13.006782],[77.56236,13.006817],[77.562327,13.007134],[77.562328,13.007169],[77.562331,13.007486],[77.562333,13.007662],[77.562333,13.007662]],[[77.562421,13.005726],[77.562388,13.006008],[77.562355,13.00636],[77.562356,13.00643],[77.562359,13.006747],[77.562359,13.006747]],[[77.562445,13.004599],[77.562449,13.004986],[77.562416,13.005303],[77.56242,13.00569],[77.562421,13.005726]],[[77.562472,13.00379],[77.562474,13.003895],[77.562475,13.004001],[77.562477,13.004247],[77.562445,13.004599],[77.562445,13.004599]],[[77.562472,13.003719],[77.562472,13.00379]],[[77.562436,13.00372],[77.562472,13.003719]],[[77.562389,13.0027],[77.562002,13.003372],[77.562291,13.003615],[77.562436,13.00372]]]}},{"type":"Feature","properties":{},"geometry":{"type":"MultiLineString","coordinates":[[[77.564347,13.015067],[77.564383,13.015102]],[[77.565239,13.014566],[77.564989,13.014709],[77.564347,13.015067],[77.564347,13.015067]],[[77.565881,13.014137],[77.565845,13.014173],[77.565774,13.014244],[77.565239,13.014566]]]}},{"type":"Feature","properties":{},"geometry":{"type":"MultiLineString","coordinates":[[[77.583752,13.003684],[77.583788,13.003649],[77.58386,13.003648],[77.584111,13.00361],[77.584111,13.00361]],[[77.584111,13.00361],[77.584146,13.00361],[77.584182,13.00361]]]}},{"type":"Feature","properties":{},"geometry":{"type":"LineString","coordinates":[[77.58361,13.003756],[77.583752,13.003684]]}},{"type":"Feature","properties":{},"geometry":{"type":"LineString","coordinates":[[77.58361,13.003756],[77.583717,13.003685],[77.583752,13.003684]]}},{"type":"Feature","properties":{},"geometry":{"type":"MultiLineString","coordinates":[[[77.584298,13.004347],[77.584298,13.004383],[77.584478,13.004416]],[[77.584255,13.003679],[77.584298,13.004347]]]}},{"type":"Feature","properties":{},"geometry":{"type":"LineString","coordinates":[[77.584478,13.004416],[77.584621,13.004415]]}},{"type":"Feature","properties":{},"geometry":{"type":"MultiLineString","coordinates":[[[77.584254,13.003609],[77.584255,13.003679]],[[77.584182,13.00361],[77.584254,13.003609],[77.584254,13.003609]]]}},{"type":"Feature","properties":{},"geometry":{"type":"LineString","coordinates":[[77.566538,13.011808],[77.566503,13.011809]]}},{"type":"Feature","properties":{},"geometry":{"type":"MultiLineString","coordinates":[[[77.562858,13.002941],[77.562929,13.0028],[77.562964,13.002764],[77.562999,13.002658],[77.562999,13.002658]],[[77.562999,13.002658],[77.563069,13.002517],[77.56314,13.002411],[77.563175,13.00234],[77.563175,13.002305],[77.563175,13.002305]],[[77.563175,13.002305],[77.563246,13.002198],[77.563281,13.002128],[77.56328,13.002093],[77.563316,13.002022],[77.563351,13.001951],[77.563421,13.001845],[77.563421,13.00181],[77.563457,13.001809]],[[77.563457,13.001809],[77.563457,13.001774],[77.563456,13.001739],[77.563527,13.001633],[77.563562,13.001527],[77.563632,13.00142],[77.563668,13.00135],[77.563738,13.001208],[77.563773,13.001102],[77.563809,13.001102],[77.563914,13.00089],[77.563913,13.000819],[77.563949,13.000784],[77.563984,13.000748]],[[77.563984,13.000748],[77.564019,13.000642],[77.564089,13.000501],[77.564161,13.00043],[77.564266,13.000218],[77.564301,13.000147],[77.564301,13.000112]],[[77.564301,13.000112],[77.564371,13.000005],[77.564407,12.999935],[77.564477,12.999828],[77.564512,12.999758],[77.564618,12.999581],[77.564689,12.999474],[77.564795,12.999297],[77.564866,12.999191],[77.564901,12.999156],[77.564901,12.99912],[77.565007,12.998979],[77.565148,12.998766],[77.565219,12.998695],[77.56536,12.998447],[77.565466,12.998306],[77.565466,12.99827],[77.565607,12.998058],[77.565713,12.997881],[77.565749,12.997845],[77.565819,12.997669],[77.565925,12.997492],[77.565995,12.997385],[77.566101,12.997208],[77.566207,12.997031],[77.566278,12.99696],[77.566313,12.99689],[77.566384,12.996783],[77.566455,12.996677],[77.56649,12.996641],[77.566526,12.996606],[77.566561,12.996535],[77.566596,12.9965]],[[77.566596,12.9965],[77.566596,12.996464],[77.566632,12.996464],[77.566667,12.996393],[77.566738,12.996322],[77.566773,12.996252],[77.566844,12.99618],[77.566879,12.99611],[77.56695,12.996039],[77.566986,12.995968],[77.567057,12.995897],[77.567092,12.995826],[77.567163,12.995755],[77.567234,12.995649],[77.567269,12.995613],[77.567304,12.995542],[77.567339,12.995472],[77.567375,12.995436],[77.56741,12.995401],[77.567446,12.995365],[77.567446,12.99533],[77.567481,12.995294],[77.567516,12.995224],[77.567552,12.995188],[77.567587,12.995153],[77.567622,12.995082],[77.567658,12.995046],[77.567658,12.995011],[77.567729,12.99494],[77.567764,12.994869],[77.567835,12.994798],[77.56787,12.994727],[77.567906,12.994727],[77.567941,12.994656],[77.567977,12.994621],[77.568012,12.99455],[77.568047,12.994515],[77.568047,12.994479],[77.568118,12.994408],[77.568153,12.994373],[77.568189,12.994302],[77.568224,12.994231],[77.568295,12.99416],[77.56833,12.994125],[77.568401,12.994018],[77.568436,12.993983],[77.568472,12.993912],[77.568543,12.993841],[77.568613,12.993735],[77.568613,12.993735]]]}},{"type":"Feature","properties":{},"geometry":{"type":"MultiLineString","coordinates":[[[77.564301,13.000112],[77.564441,12.999829],[77.564653,12.999475],[77.564866,12.999191],[77.565078,12.998872],[77.565289,12.998518],[77.565501,12.9982],[77.565713,12.997881],[77.565889,12.997527],[77.566101,12.997208],[77.566313,12.996854],[77.566596,12.9965]],[[77.566596,12.9965],[77.566773,12.996252],[77.566986,12.995968],[77.567198,12.995649],[77.567446,12.99533],[77.567587,12.995117],[77.567835,12.994798],[77.567941,12.994621],[77.568224,12.994231],[77.568401,12.994018],[77.568613,12.993735]]]}},{"type":"Feature","properties":{},"geometry":{"type":"MultiLineString","coordinates":[[[77.564301,13.000112],[77.564265,13.000147],[77.564089,13.000466],[77.563948,13.000749]],[[77.568613,12.993735],[77.568684,12.993629],[77.568683,12.993523],[77.568503,12.99349],[77.568503,12.99349]]]}},{"type":"Feature","properties":{},"geometry":{"type":"MultiLineString","coordinates":[[[77.562858,13.002941],[77.562999,13.002658],[77.562999,13.002658]],[[77.562999,13.002658],[77.563104,13.002411],[77.563175,13.002305]]]}},{"type":"Feature","properties":{},"geometry":{"type":"MultiLineString","coordinates":[[[77.60602,13.025983],[77.60613,13.026193],[77.606204,13.026368],[77.606386,13.026613],[77.606459,13.026788],[77.606606,13.027068],[77.606753,13.027418],[77.60679,13.027524],[77.6069,13.027769],[77.606973,13.027874]],[[77.58538,13.025627],[77.585451,13.025591],[77.58564,13.026504],[77.585753,13.026995],[77.58629,13.026884],[77.586755,13.026774],[77.587149,13.026665],[77.587579,13.026555],[77.587937,13.026481],[77.58833,13.026371],[77.588581,13.026299],[77.588832,13.026296],[77.589011,13.026259],[77.589299,13.026327],[77.589371,13.026326],[77.589586,13.026359],[77.589874,13.026426],[77.590018,13.02646],[77.590486,13.026631],[77.590703,13.0267],[77.590882,13.026733],[77.591026,13.026767],[77.59117,13.026765],[77.591385,13.026763],[77.5916,13.026726],[77.591815,13.026689]],[[77.591815,13.026689],[77.592066,13.026651],[77.592317,13.026613],[77.592639,13.02654]],[[77.592639,13.02654],[77.593033,13.026465],[77.593248,13.026428]],[[77.593248,13.026428],[77.59332,13.026427]],[[77.59332,13.026427],[77.593355,13.026392],[77.593316,13.02611],[77.593279,13.025935],[77.593601,13.025861],[77.593673,13.025861]],[[77.605763,13.025387],[77.6058,13.025493],[77.60591,13.025738],[77.60602,13.025983]],[[77.593673,13.025861],[77.593924,13.025823],[77.594532,13.025711]],[[77.594532,13.025711],[77.594891,13.025637],[77.594926,13.025602]],[[77.594926,13.025602],[77.594962,13.025601]],[[77.594962,13.025601],[77.594847,13.024899],[77.59481,13.024793],[77.59481,13.024758],[77.595025,13.024721]],[[77.585129,13.025664],[77.58538,13.025627]],[[77.604377,13.02329],[77.604595,13.023534],[77.604704,13.023674],[77.604851,13.023989],[77.604923,13.024059],[77.605069,13.024268],[77.605179,13.024478],[77.605361,13.024723],[77.605544,13.025038],[77.605726,13.025317],[77.605763,13.025387]],[[77.595025,13.024721],[77.595311,13.024648]],[[77.595311,13.024648],[77.595561,13.024575]],[[77.595561,13.024575],[77.595633,13.024574],[77.595848,13.024537]],[[77.595848,13.024537],[77.596063,13.024499]],[[77.596063,13.024499],[77.596278,13.024427]],[[77.596278,13.024427],[77.596529,13.024389],[77.596779,13.024316],[77.596886,13.02428],[77.597102,13.024278]],[[77.597102,13.024278],[77.597425,13.024275],[77.597783,13.024271],[77.597998,13.024234]],[[77.597998,13.024234],[77.598285,13.024231],[77.598429,13.024194],[77.598572,13.024158],[77.598715,13.024156]],[[77.598715,13.024156],[77.598787,13.02412],[77.598858,13.024084],[77.598965,13.024048]],[[77.601942,13.023807],[77.601942,13.023842],[77.602052,13.024087],[77.602553,13.023906],[77.602768,13.023834],[77.603053,13.023725]],[[77.598965,13.024048],[77.599251,13.023904]],[[77.599251,13.023904],[77.599609,13.023795],[77.599608,13.02376]],[[77.601941,13.023772],[77.601942,13.023807]],[[77.60093,13.023113],[77.601037,13.023042],[77.601286,13.022899],[77.601536,13.022755],[77.60161,13.022931],[77.60172,13.023211],[77.601757,13.023281],[77.601904,13.023667],[77.601941,13.023772],[77.601941,13.023772]],[[77.603053,13.023725],[77.603126,13.02376],[77.603305,13.023723],[77.603626,13.023579],[77.603984,13.023435],[77.604341,13.02329],[77.604341,13.02329]],[[77.599608,13.02376],[77.599823,13.023688],[77.599859,13.023652]],[[77.599859,13.023652],[77.59993,13.023651],[77.600109,13.023544],[77.60018,13.023508]],[[77.60018,13.023508],[77.600323,13.023436],[77.60043,13.0234]],[[77.60043,13.0234],[77.600573,13.023328],[77.600644,13.023292],[77.600715,13.023221],[77.60093,13.023113]],[[77.604341,13.02329],[77.604377,13.02329]]]}},{"type":"Feature","properties":{},"geometry":{"type":"MultiLineString","coordinates":[[[77.607121,13.028259],[77.607156,13.028259],[77.607943,13.028005],[77.60823,13.027931],[77.608192,13.027756]],[[77.608192,13.027756],[77.608156,13.027721]]]}},{"type":"Feature","properties":{},"geometry":{"type":"MultiLineString","coordinates":[[[77.606973,13.027874],[77.607938,13.027512]],[[77.607938,13.027512],[77.607974,13.027512],[77.608081,13.027475],[77.608119,13.027616],[77.608156,13.027721]]]}},{"type":"Feature","properties":{},"geometry":{"type":"LineString","coordinates":[[77.607938,13.027512],[77.608047,13.027652],[77.60812,13.027757],[77.608192,13.027756]]}},{"type":"Feature","properties":{},"geometry":{"type":"LineString","coordinates":[[77.572052,13.003589],[77.572087,13.003519],[77.572087,13.003519]]}},{"type":"Feature","properties":{},"geometry":{"type":"LineString","coordinates":[[77.572052,13.003589],[77.572053,13.003624],[77.572017,13.003625]]}},{"type":"Feature","properties":{},"geometry":{"type":"MultiLineString","coordinates":[[[77.572123,13.003483],[77.572123,13.003518],[77.572087,13.003519]],[[77.572159,13.003447],[77.572123,13.003483]],[[77.572229,13.003306],[77.572229,13.003341],[77.572159,13.003447]],[[77.57226,13.002848],[77.572261,13.002919],[77.572229,13.003306]],[[77.572286,13.001933],[77.572287,13.002003],[77.572292,13.002496],[77.57226,13.002848]],[[77.57235,13.001123],[77.572314,13.001088],[77.572319,13.001616],[77.572286,13.001933]],[[77.573175,13.001115],[77.573139,13.001115],[77.573139,13.001115]],[[77.573139,13.001115],[77.573103,13.001116],[77.572816,13.001083],[77.572816,13.001118]],[[77.573318,13.001043],[77.573319,13.001113],[77.573175,13.001115],[77.573175,13.001115]],[[77.572816,13.001118],[77.572816,13.001083],[77.57235,13.001088],[77.57235,13.001123]],[[77.574093,12.999628],[77.573952,12.999911],[77.573741,13.000265],[77.5736,13.000548],[77.573354,13.001007],[77.573318,13.001043],[77.573318,13.001043]],[[77.574163,12.999486],[77.574128,12.999557],[77.574093,12.999628]],[[77.57441,12.999026],[77.57441,12.999062],[77.574163,12.999486]]]}},{"type":"Feature","properties":{},"geometry":{"type":"LineString","coordinates":[[77.572087,13.003519],[77.572088,13.003554],[77.572017,13.003625]]}},{"type":"Feature","properties":{},"geometry":{"type":"LineString","coordinates":[[77.582516,13.019427],[77.582517,13.019567],[77.582626,13.019637],[77.582662,13.019636]]}},{"type":"Feature","properties":{},"geometry":{"type":"MultiLineString","coordinates":[[[77.584491,13.022996],[77.584528,13.023102]],[[77.584491,13.022961],[77.584491,13.022996]],[[77.58387,13.021912],[77.584158,13.02205],[77.584233,13.022365],[77.584491,13.022961]],[[77.582717,13.021466],[77.583653,13.021808],[77.58387,13.021912]]]}},{"type":"Feature","properties":{},"geometry":{"type":"MultiLineString","coordinates":[[[77.582714,13.021255],[77.582714,13.021219]],[[77.582714,13.021219],[77.582714,13.021184],[77.582714,13.021184]]]}},{"type":"Feature","properties":{},"geometry":{"type":"LineString","coordinates":[[77.582714,13.021255],[77.582717,13.021466]]}},{"type":"Feature","properties":{},"geometry":{"type":"LineString","coordinates":[[77.582714,13.021184],[77.582714,13.021255]]}},{"type":"Feature","properties":{},"geometry":{"type":"MultiLineString","coordinates":[[[77.574762,12.998389],[77.574621,12.998672],[77.574481,12.998955]],[[77.574903,12.998107],[77.574832,12.998248],[77.574762,12.998389]],[[77.57522,12.99754],[77.575149,12.997647],[77.575114,12.997717],[77.574903,12.998107]],[[77.575536,12.996904],[77.57536,12.997257],[77.575255,12.99747],[77.57522,12.99754]],[[77.575712,12.996585],[77.575571,12.996833],[77.575536,12.996904]],[[77.576135,12.995807],[77.576064,12.995878],[77.575818,12.996373],[77.575712,12.996585]],[[77.576346,12.995418],[77.576135,12.995807]],[[77.576487,12.995135],[77.576345,12.995347],[77.576346,12.995418]],[[77.576663,12.994816],[77.576628,12.994887],[77.576593,12.994958],[77.576487,12.995135]],[[77.576663,12.994781],[77.576663,12.994816]],[[77.577191,12.993791],[77.576909,12.994286],[77.576663,12.994781]]]}},{"type":"Feature","properties":{},"geometry":{"type":"LineString","coordinates":[[77.559288,12.997733],[77.559395,12.997697],[77.559395,12.997697]]}},{"type":"Feature","properties":{},"geometry":{"type":"LineString","coordinates":[[77.564761,13.009961],[77.564472,13.009788],[77.5644,13.009753]]}},{"type":"Feature","properties":{},"geometry":{"type":"LineString","coordinates":[[77.5644,13.009753],[77.564364,13.009718]]}},{"type":"Feature","properties":{},"geometry":{"type":"LineString","coordinates":[[77.564364,13.009718],[77.564364,13.009753],[77.5644,13.009753]]}},{"type":"Feature","properties":{},"geometry":{"type":"LineString","coordinates":[[77.589958,13.041381],[77.590069,13.041697]]}},{"type":"Feature","properties":{},"geometry":{"type":"LineString","coordinates":[[77.589958,13.041381],[77.589958,13.041346]]}},{"type":"Feature","properties":{},"geometry":{"type":"LineString","coordinates":[[77.565643,13.012028],[77.565678,13.011922],[77.564992,13.011472]]}},{"type":"Feature","properties":{},"geometry":{"type":"LineString","coordinates":[[77.564992,13.011472],[77.564956,13.011437]]}},{"type":"Feature","properties":{},"geometry":{"type":"LineString","coordinates":[[77.565808,13.014068],[77.56404,13.01317]]}},{"type":"Feature","properties":{},"geometry":{"type":"LineString","coordinates":[[77.56404,13.01317],[77.564076,13.013135]]}},{"type":"Feature","properties":{},"geometry":{"type":"MultiLineString","coordinates":[[[77.564364,13.009718],[77.564255,13.009649],[77.564148,13.00965]],[[77.564076,13.009651],[77.56404,13.009651],[77.563861,13.009653],[77.563717,13.009654],[77.563394,13.009657],[77.563036,13.009696],[77.562928,13.009697],[77.562928,13.009697]],[[77.564148,13.00965],[77.564076,13.009651]]]}},{"type":"Feature","properties":{},"geometry":{"type":"LineString","coordinates":[[77.562856,13.009698],[77.562856,13.009663]]}},{"type":"Feature","properties":{},"geometry":{"type":"LineString","coordinates":[[77.582662,13.019636],[77.582698,13.019671]]}},{"type":"Feature","properties":{},"geometry":{"type":"MultiLineString","coordinates":[[[77.574445,12.998991],[77.574446,12.999026],[77.57441,12.999026]],[[77.574481,12.998955],[77.574445,12.998991]]]}},{"type":"Feature","properties":{},"geometry":{"type":"MultiLineString","coordinates":[[[77.599753,12.999759],[77.599789,12.999759],[77.599861,12.999793],[77.599931,12.999652],[77.600036,12.999369],[77.600107,12.999298],[77.600107,12.999298]],[[77.599681,12.999725],[77.599753,12.999759]],[[77.600107,12.999298],[77.600142,12.999192],[77.600248,12.999015],[77.600388,12.998732],[77.600388,12.998732]]]}},{"type":"Feature","properties":{},"geometry":{"type":"MultiLineString","coordinates":[[[77.562332,13.007592],[77.562332,13.007556],[77.562329,13.00731],[77.562327,13.007099],[77.562324,13.006853],[77.56236,13.006782],[77.562359,13.006747]],[[77.562359,13.006747],[77.562358,13.006606],[77.562355,13.00636],[77.562389,13.006113],[77.562388,13.006008],[77.562386,13.005867],[77.562385,13.005726]],[[77.562385,13.005726],[77.562384,13.00562],[77.562417,13.005409],[77.562416,13.005268],[77.562413,13.004987],[77.562446,13.004705],[77.562445,13.004599]],[[77.562445,13.004599],[77.562442,13.004353],[77.562441,13.004212],[77.562475,13.004071],[77.562472,13.003754]],[[77.562472,13.003754],[77.562472,13.003719]],[[77.562472,13.003719],[77.562507,13.003613],[77.562577,13.003472],[77.562717,13.003154],[77.562823,13.003012]],[[77.562823,13.003012],[77.562858,13.002941]],[[77.563421,13.00181],[77.563281,13.002128],[77.563175,13.002305]],[[77.563948,13.000749],[77.563913,13.000819],[77.563773,13.001138],[77.563597,13.001491],[77.563421,13.001774],[77.563457,13.001809]]]}},{"type":"Feature","properties":{},"geometry":{"type":"LineString","coordinates":[[77.567286,13.011167],[77.567179,13.011309],[77.567143,13.011274]]}},{"type":"Feature","properties":{},"geometry":{"type":"LineString","coordinates":[[77.56725,13.011168],[77.567179,13.011274],[77.567143,13.011239]]}},{"type":"Feature","properties":{},"geometry":{"type":"LineString","coordinates":[[77.567069,13.011064],[77.567034,13.011135],[77.567034,13.011135]]}},{"type":"Feature","properties":{},"geometry":{"type":"MultiLineString","coordinates":[[[77.59326,13.051729],[77.593336,13.052116],[77.593412,13.052537],[77.593486,13.052748],[77.593489,13.052994],[77.593527,13.053205],[77.59353,13.053451],[77.593498,13.053874],[77.593467,13.054331],[77.593435,13.054754],[77.593403,13.055036],[77.593371,13.055458],[77.593374,13.055705],[77.593375,13.055881]],[[77.590069,13.041697],[77.59007,13.041767],[77.590254,13.042223],[77.590367,13.042714],[77.590443,13.043101],[77.590519,13.043522],[77.590559,13.043909],[77.590599,13.044366],[77.59064,13.044788],[77.590716,13.045209],[77.590753,13.045385],[77.590828,13.045631],[77.590975,13.045981],[77.591086,13.046261],[77.591231,13.046471],[77.591415,13.046856],[77.591599,13.047277],[77.591781,13.047557],[77.591964,13.047907],[77.592147,13.048222],[77.592184,13.048362],[77.592294,13.048572],[77.592367,13.048677],[77.592404,13.048782],[77.592515,13.049062],[77.592664,13.049589],[77.592775,13.049975],[77.592924,13.050431],[77.593036,13.050852],[77.593112,13.051238],[77.593224,13.051659],[77.59326,13.051729]]]}},{"type":"Feature","properties":{},"geometry":{"type":"MultiLineString","coordinates":[[[77.568072,13.014397],[77.567821,13.014364],[77.567677,13.014366],[77.567462,13.014333],[77.567282,13.014335],[77.567103,13.014336],[77.566995,13.014337],[77.566672,13.014305],[77.566384,13.014273],[77.566241,13.014274]],[[77.566241,13.014274],[77.566097,13.014241],[77.565953,13.014207],[77.565917,13.014207]],[[77.565917,13.014207],[77.565881,13.014137]],[[77.565881,13.014137],[77.565845,13.014138]],[[77.565845,13.014138],[77.565808,13.014068]]]}},{"type":"Feature","properties":{},"geometry":{"type":"LineString","coordinates":[[77.565845,13.014208],[77.56581,13.014244],[77.56556,13.014387],[77.565275,13.014566],[77.564918,13.01478],[77.56449,13.014996],[77.564383,13.015102]]}},{"type":"Feature","properties":{},"geometry":{"type":"LineString","coordinates":[[77.564184,13.00972],[77.56422,13.00972]]}},{"type":"Feature","properties":{},"geometry":{"type":"LineString","coordinates":[[77.568324,12.993491],[77.56836,12.993491]]}},{"type":"Feature","properties":{},"geometry":{"type":"MultiLineString","coordinates":[[[77.565131,12.993593],[77.565597,12.993589],[77.565848,12.993551],[77.566171,12.993548],[77.566458,12.993545]],[[77.566458,12.993545],[77.566494,12.993545]]]}},{"type":"Feature","properties":{},"geometry":{"type":"LineString","coordinates":[[77.566494,12.993545],[77.566566,12.993544]]}},{"type":"Feature","properties":{},"geometry":{"type":"LineString","coordinates":[[77.562669,13.001993],[77.562705,13.001957]]}},{"type":"Feature","properties":{},"geometry":{"type":"MultiLineString","coordinates":[[[77.580818,13.004523],[77.580854,13.004487],[77.581032,13.00438],[77.581068,13.00438]],[[77.581068,13.00438],[77.581068,13.004344],[77.581175,13.004308],[77.581282,13.004237],[77.58171,13.004021],[77.582138,13.003771],[77.582388,13.003592]],[[77.582388,13.003592],[77.582423,13.003557]],[[77.582423,13.003557],[77.582531,13.00352],[77.582709,13.003413],[77.58303,13.003234],[77.583173,13.003127],[77.583351,13.00302],[77.583423,13.003019],[77.583746,13.003051],[77.583961,13.003049]],[[77.583961,13.003049],[77.584141,13.003047]]]}},{"type":"Feature","properties":{},"geometry":{"type":"LineString","coordinates":[[77.56183,13.02857],[77.56183,13.028606]]}},{"type":"Feature","properties":{},"geometry":{"type":"MultiLineString","coordinates":[[[77.552279,13.021204],[77.552455,13.020886],[77.552526,13.020779],[77.552632,13.020602],[77.552667,13.020496],[77.552772,13.020284],[77.552842,13.020143],[77.553019,13.019824],[77.553124,13.019612],[77.553159,13.019506],[77.553264,13.019259],[77.553335,13.019188],[77.553476,13.018905],[77.553511,13.018799],[77.553615,13.018516],[77.553686,13.01841],[77.553791,13.018163],[77.553791,13.018092],[77.553825,13.017987],[77.553895,13.017775],[77.553928,13.017528],[77.553963,13.017457],[77.553996,13.017175],[77.554031,13.017034],[77.554101,13.016823],[77.554099,13.016717],[77.554134,13.016541],[77.554168,13.0164],[77.554202,13.016258],[77.554201,13.016118],[77.5542,13.016012],[77.554163,13.015872],[77.554162,13.015801],[77.554269,13.01573],[77.554376,13.015658],[77.55459,13.015586],[77.554734,13.015585],[77.555129,13.015616],[77.555273,13.01565],[77.555489,13.015753],[77.555562,13.015823],[77.555814,13.015961],[77.555995,13.0161],[77.556104,13.016205],[77.556286,13.016414],[77.556323,13.016519],[77.556505,13.016834],[77.556578,13.016974],[77.556615,13.017044],[77.556651,13.017079],[77.556871,13.017464],[77.557017,13.017709],[77.5572,13.018059],[77.557419,13.018409],[77.557455,13.018479],[77.557601,13.018688],[77.557747,13.018898],[77.558211,13.018647],[77.558425,13.018504],[77.55871,13.018325],[77.558889,13.018253],[77.559209,13.018039],[77.559388,13.017967],[77.559637,13.017788],[77.559816,13.017716],[77.560101,13.017538],[77.56028,13.01743],[77.560494,13.017287],[77.560636,13.017216],[77.560993,13.017001],[77.561136,13.016929],[77.561421,13.01675],[77.561635,13.016643],[77.561849,13.0165],[77.562028,13.016392],[77.562313,13.016214],[77.562492,13.016141],[77.562741,13.015998],[77.562991,13.015855],[77.563669,13.015461],[77.564097,13.015211],[77.564489,13.01496],[77.564917,13.01471],[77.565239,13.014531]],[[77.565239,13.014531],[77.565346,13.014494],[77.565631,13.014316],[77.565774,13.014244],[77.565809,13.014173]]]}},{"type":"Feature","properties":{},"geometry":{"type":"LineString","coordinates":[[77.552244,13.021275],[77.552209,13.021346]]}},{"type":"Feature","properties":{},"geometry":{"type":"MultiLineString","coordinates":[[[77.562856,13.009698],[77.562892,13.009698]],[[77.562892,13.009698],[77.562928,13.009697]]]}},{"type":"Feature","properties":{},"geometry":{"type":"LineString","coordinates":[[77.566758,13.012228],[77.567591,13.012959],[77.568625,13.012315]]}},{"type":"Feature","properties":{},"geometry":{"type":"LineString","coordinates":[[77.568697,13.012279],[77.56891,13.012137]]}},{"type":"Feature","properties":{},"geometry":{"type":"MultiLineString","coordinates":[[[77.568625,13.012315],[77.568661,13.01228]],[[77.568661,13.01228],[77.568697,13.012279]]]}},{"type":"Feature","properties":{},"geometry":{"type":"MultiLineString","coordinates":[[[77.571446,12.99346],[77.57148,12.993319]],[[77.57148,12.993319],[77.571478,12.993108],[77.571475,12.992827],[77.571508,12.99251],[77.57154,12.992157],[77.571537,12.991841],[77.571569,12.991489],[77.5716,12.991031]]]}},{"type":"Feature","properties":{},"geometry":{"type":"LineString","coordinates":[[77.5716,12.991031],[77.5716,12.990996]]}},{"type":"Feature","properties":{},"geometry":{"type":"LineString","coordinates":[[77.5716,12.990996],[77.5716,12.991031]]}},{"type":"Feature","properties":{},"geometry":{"type":"MultiLineString","coordinates":[[[77.567286,13.011167],[77.567285,13.011132]],[[77.567285,13.011132],[77.567391,13.01099]]]}},{"type":"Feature","properties":{},"geometry":{"type":"LineString","coordinates":[[77.567391,13.01099],[77.567391,13.010955]]}},{"type":"Feature","properties":{},"geometry":{"type":"MultiLineString","coordinates":[[[77.56764,13.010742],[77.567748,13.010811],[77.568313,13.009925],[77.568205,13.009821]],[[77.567568,13.010707],[77.56764,13.010742]],[[77.567459,13.010638],[77.567568,13.010707]],[[77.567423,13.010603],[77.567459,13.010638]],[[77.567387,13.010603],[77.567423,13.010603]],[[77.567351,13.010604],[77.567387,13.010603]],[[77.568205,13.009821],[77.568133,13.009787]],[[77.568133,13.009787],[77.568132,13.009751]],[[77.568132,13.009751],[77.56806,13.009717]],[[77.56806,13.009717],[77.568024,13.009717]],[[77.568024,13.009717],[77.568024,13.009682]],[[77.568024,13.009682],[77.567988,13.009682]]]}},{"type":"Feature","properties":{},"geometry":{"type":"LineString","coordinates":[[77.568126,13.009118],[77.568162,13.009153],[77.568162,13.009188],[77.568126,13.009188]]}},{"type":"Feature","properties":{},"geometry":{"type":"MultiLineString","coordinates":[[[77.565157,12.989124],[77.565158,12.989265]],[[77.565156,12.989018],[77.565157,12.989124]],[[77.565154,12.988842],[77.565156,12.989018]],[[77.565117,12.988737],[77.565154,12.988842]],[[77.565116,12.988631],[77.565117,12.988737]]]}},{"type":"Feature","properties":{},"geometry":{"type":"MultiLineString","coordinates":[[[77.565194,12.989264],[77.565158,12.989265]],[[77.565266,12.989263],[77.56523,12.989264],[77.565194,12.989264]]]}},{"type":"Feature","properties":{},"geometry":{"type":"MultiLineString","coordinates":[[[77.567286,13.011167],[77.567285,13.011132]],[[77.567285,13.011132],[77.567285,13.011097]]]}},{"type":"Feature","properties":{},"geometry":{"type":"LineString","coordinates":[[77.572202,13.014673],[77.57231,13.014672],[77.572454,13.014706]]}},{"type":"Feature","properties":{},"geometry":{"type":"LineString","coordinates":[[77.572454,13.014706],[77.57249,13.014705]]}},{"type":"Feature","properties":{},"geometry":{"type":"LineString","coordinates":[[77.578387,12.991456],[77.578387,12.991491]]}},{"type":"Feature","properties":{},"geometry":{"type":"LineString","coordinates":[[77.602112,12.995442],[77.601897,12.99548]]}},{"type":"Feature","properties":{},"geometry":{"type":"LineString","coordinates":[[77.602112,12.995442],[77.601897,12.99548]]}},{"type":"Feature","properties":{},"geometry":{"type":"MultiLineString","coordinates":[[[77.601862,12.99548],[77.60179,12.995481],[77.601146,12.995663],[77.600752,12.995737],[77.600572,12.995739],[77.600501,12.99574],[77.60014,12.995568],[77.599636,12.995432],[77.599384,12.995364],[77.598988,12.995262],[77.598629,12.995196],[77.598305,12.995093],[77.597548,12.994819],[77.597116,12.994648],[77.596973,12.994649],[77.596829,12.994615]],[[77.596829,12.994615],[77.596721,12.994617],[77.596649,12.994582]]]}},{"type":"Feature","properties":{},"geometry":{"type":"MultiLineString","coordinates":[[[77.601862,12.99548],[77.60179,12.995481],[77.601146,12.995663],[77.600752,12.995737],[77.600572,12.995739],[77.600501,12.99574],[77.60014,12.995568],[77.599636,12.995432],[77.599384,12.995364],[77.598988,12.995262],[77.598629,12.995196],[77.598305,12.995093],[77.597548,12.994819],[77.597116,12.994648],[77.596973,12.994649],[77.596829,12.994615]],[[77.596829,12.994615],[77.596721,12.994617],[77.596649,12.994582]]]}},{"type":"Feature","properties":{},"geometry":{"type":"LineString","coordinates":[[77.572785,12.984157],[77.572786,12.984192]]}},{"type":"Feature","properties":{},"geometry":{"type":"LineString","coordinates":[[77.563421,13.00181],[77.563421,13.001774]]}},{"type":"Feature","properties":{},"geometry":{"type":"MultiLineString","coordinates":[[[77.596649,12.994582],[77.596613,12.994547]],[[77.596613,12.994547],[77.596576,12.994512],[77.59654,12.994442]]]}},{"type":"Feature","properties":{},"geometry":{"type":"MultiLineString","coordinates":[[[77.596649,12.994582],[77.596613,12.994547]],[[77.596613,12.994547],[77.596576,12.994512],[77.59654,12.994442]]]}},{"type":"Feature","properties":{},"geometry":{"type":"LineString","coordinates":[[77.563421,13.001774],[77.563457,13.001809]]}},{"type":"Feature","properties":{},"geometry":{"type":"LineString","coordinates":[[77.594461,13.001642],[77.594461,13.001607]]}},{"type":"Feature","properties":{},"geometry":{"type":"LineString","coordinates":[[77.566381,13.013921],[77.566345,13.013922]]}},{"type":"Feature","properties":{},"geometry":{"type":"LineString","coordinates":[[77.566381,13.013921],[77.566345,13.013922]]}},{"type":"Feature","properties":{},"geometry":{"type":"LineString","coordinates":[[77.57719,12.993755],[77.577191,12.993791]]}},{"type":"Feature","properties":{},"geometry":{"type":"LineString","coordinates":[[77.57719,12.993755],[77.577191,12.993791]]}},{"type":"Feature","properties":{},"geometry":{"type":"LineString","coordinates":[[77.601897,12.99548],[77.601862,12.99548]]}},{"type":"Feature","properties":{},"geometry":{"type":"LineString","coordinates":[[77.601897,12.99548],[77.601862,12.99548]]}},{"type":"Feature","properties":{},"geometry":{"type":"LineString","coordinates":[[77.601897,12.99548],[77.601862,12.99548]]}},{"type":"Feature","properties":{},"geometry":{"type":"LineString","coordinates":[[77.572883,13.007628],[77.572848,13.007628]]}},{"type":"Feature","properties":{},"geometry":{"type":"LineString","coordinates":[[77.568324,12.993491],[77.56836,12.993491]]}},{"type":"Feature","properties":{},"geometry":{"type":"LineString","coordinates":[[77.570263,13.014551],[77.57026,13.01427]]}},{"type":"Feature","properties":{},"geometry":{"type":"MultiLineString","coordinates":[[[77.566419,12.996713],[77.56656,12.9965]],[[77.56656,12.9965],[77.566737,12.996252],[77.566986,12.995968],[77.567198,12.995649],[77.567446,12.99533],[77.567587,12.995117],[77.567763,12.994834],[77.568011,12.994515],[77.568259,12.994196],[77.568365,12.994019],[77.568613,12.9937]]]}},{"type":"Feature","properties":{},"geometry":{"type":"LineString","coordinates":[[77.564956,13.011437],[77.564666,13.011228],[77.56487,13.0101],[77.564834,13.010065]]}},{"type":"Feature","properties":{},"geometry":{"type":"LineString","coordinates":[[77.564834,13.010065],[77.564798,13.010066]]}},{"type":"Feature","properties":{},"geometry":{"type":"LineString","coordinates":[[77.564834,13.010065],[77.564798,13.010066]]}},{"type":"Feature","properties":{},"geometry":{"type":"LineString","coordinates":[[77.562856,13.009663],[77.562892,13.009662],[77.562962,13.009486],[77.563174,13.009202],[77.563244,13.009025],[77.56328,13.009025],[77.563279,13.00899]]}},{"type":"Feature","properties":{},"geometry":{"type":"LineString","coordinates":[[77.584339,12.997907],[77.584272,12.998401],[77.584206,12.998964],[77.584173,12.999211],[77.58414,12.999528]]}},{"type":"Feature","properties":{},"geometry":{"type":"LineString","coordinates":[[77.571064,13.005183],[77.571028,13.005183],[77.571099,13.005077],[77.57117,13.005076]]}},{"type":"Feature","properties":{},"geometry":{"type":"LineString","coordinates":[[77.565031,13.011788],[77.56475,13.012424],[77.565544,13.012839]]}},{"type":"Feature","properties":{},"geometry":{"type":"LineString","coordinates":[[77.571915,13.014676],[77.572814,13.014772]]}},{"type":"Feature","properties":{},"geometry":{"type":"LineString","coordinates":[[77.593407,13.024456],[77.593335,13.024456]]}},{"type":"Feature","properties":{},"geometry":{"type":"LineString","coordinates":[[77.567143,13.011274],[77.567107,13.011275]]}},{"type":"Feature","properties":{},"geometry":{"type":"LineString","coordinates":[[77.56897,13.014459],[77.568934,13.014459],[77.568827,13.01446],[77.568719,13.014461],[77.568611,13.014462],[77.568468,13.014428],[77.568216,13.014396],[77.568072,13.014397],[77.568072,13.014397]]}},{"type":"Feature","properties":{},"geometry":{"type":"LineString","coordinates":[[77.569078,13.014458],[77.56897,13.014459]]}},{"type":"Feature","properties":{},"geometry":{"type":"LineString","coordinates":[[77.56897,13.014459],[77.569078,13.014458]]}},{"type":"Feature","properties":{},"geometry":{"type":"LineString","coordinates":[[77.569437,13.014489],[77.56933,13.01449]]}},{"type":"Feature","properties":{},"geometry":{"type":"LineString","coordinates":[[77.572813,13.014737],[77.572849,13.014737]]}},{"type":"Feature","properties":{},"geometry":{"type":"LineString","coordinates":[[77.566467,13.011844],[77.566431,13.011809]]}},{"type":"Feature","properties":{},"geometry":{"type":"LineString","coordinates":[[77.566503,13.011809],[77.566467,13.011844]]}},{"type":"Feature","properties":{},"geometry":{"type":"LineString","coordinates":[[77.561722,13.028536],[77.561758,13.028536]]}},{"type":"Feature","properties":{},"geometry":{"type":"LineString","coordinates":[[77.567034,13.011135],[77.56707,13.011134]]}},{"type":"Feature","properties":{},"geometry":{"type":"LineString","coordinates":[[77.60067,12.998202],[77.600705,12.998166]]}},{"type":"Feature","properties":{},"geometry":{"type":"LineString","coordinates":[[77.5654,13.012734],[77.565292,13.0127]]}},{"type":"Feature","properties":{},"geometry":{"type":"LineString","coordinates":[[77.564992,13.011472],[77.565027,13.011401]]}},{"type":"Feature","properties":{},"geometry":{"type":"LineString","coordinates":[[77.565101,13.011646],[77.565137,13.011611]]}},{"type":"Feature","properties":{},"geometry":{"type":"LineString","coordinates":[[77.567286,13.011167],[77.56725,13.011168]]}},{"type":"Feature","properties":{},"geometry":{"type":"LineString","coordinates":[[77.566831,13.012298],[77.566831,13.012333]]}},{"type":"Feature","properties":{},"geometry":{"type":"LineString","coordinates":[[77.564472,13.009788],[77.564508,13.009822]]}},{"type":"Feature","properties":{},"geometry":{"type":"LineString","coordinates":[[77.566095,13.010546],[77.566094,13.01051]]}},{"type":"Feature","properties":{},"geometry":{"type":"LineString","coordinates":[[77.566095,13.010581],[77.566095,13.010546]]}},{"type":"Feature","properties":{},"geometry":{"type":"LineString","coordinates":[[77.566095,13.010546],[77.566094,13.01051]]}},{"type":"Feature","properties":{},"geometry":{"type":"LineString","coordinates":[[77.565066,13.011752],[77.565031,13.011788]]}},{"type":"Feature","properties":{},"geometry":{"type":"LineString","coordinates":[[77.565101,13.011646],[77.565066,13.011752]]}},{"type":"Feature","properties":{},"geometry":{"type":"LineString","coordinates":[[77.565066,13.011752],[77.565031,13.011788]]}},{"type":"Feature","properties":{},"geometry":{"type":"LineString","coordinates":[[77.564255,13.009649],[77.564291,13.009649]]}},{"type":"Feature","properties":{},"geometry":{"type":"LineString","coordinates":[[77.564255,13.009649],[77.564292,13.009684]]}},{"type":"Feature","properties":{},"geometry":{"type":"LineString","coordinates":[[77.564869,13.01003],[77.564833,13.009995]]}},{"type":"Feature","properties":{},"geometry":{"type":"LineString","coordinates":[[77.564833,13.009995],[77.564761,13.009961]]}},{"type":"Feature","properties":{},"geometry":{"type":"LineString","coordinates":[[77.564833,13.009995],[77.564761,13.009961]]}},{"type":"Feature","properties":{},"geometry":{"type":"LineString","coordinates":[[77.566684,13.012018],[77.566685,13.012053]]}},{"type":"Feature","properties":{},"geometry":{"type":"LineString","coordinates":[[77.564291,13.009649],[77.564363,13.009648]]}},{"type":"Feature","properties":{},"geometry":{"type":"LineString","coordinates":[[77.564292,13.009684],[77.564364,13.009718]]}},{"type":"Feature","properties":{},"geometry":{"type":"LineString","coordinates":[[77.566235,13.010228],[77.5662,13.010333]]}},{"type":"Feature","properties":{},"geometry":{"type":"LineString","coordinates":[[77.585714,13.026714],[77.585714,13.026749]]}},{"type":"Feature","properties":{},"geometry":{"type":"LineString","coordinates":[[77.583362,13.014527],[77.583326,13.014527]]}},{"type":"Feature","properties":{},"geometry":{"type":"LineString","coordinates":[[77.568613,12.9937],[77.568684,12.993629],[77.568683,12.993558],[77.568503,12.99349],[77.568503,12.99349]]}},{"type":"Feature","properties":{},"geometry":{"type":"LineString","coordinates":[[77.582075,13.011478],[77.582111,13.011478]]}}]}